ts,o,h,l,c,v
1791239100,6.430202750893215e-05,6.683127810177125e-05,6.391078803736747e-05,6.683127810177125e-05,225.656763262479
1791239160,6.683127810177125e-05,6.69448081988e-05,6.583806895719938e-05,6.684095598141402e-05,29.168141550127775
1791239220,6.684095598141402e-05,6.816594870755667e-05,6.684095598141402e-05,6.764768853546471e-05,70.89750417419403
1791239280,6.764768853546471e-05,6.812049329618823e-05,6.695018872354863e-05,6.765382839976966e-05,123.65255948144902
1791239340,6.765382839976966e-05,7.735060939660751e-05,6.714644625943337e-05,7.735060939660751e-05,1076.958208718152
1791239400,7.735060939660751e-05,7.905991953511698e-05,7.687415298728271e-05,7.905991953511698e-05,180.4847608571998
1791239460,7.905991953511698e-05,7.95126001512496e-05,7.710465456872753e-05,7.737187106777779e-05,458.69337799742004
1791239520,7.737187106777779e-05,7.841112920319314e-05,7.737187106777779e-05,7.841112920319314e-05,128.91093676878745
1791239580,7.841112920319314e-05,7.890277122970271e-05,7.764765875588517e-05,7.766702525511949e-05,44.44333448317355
1791239640,7.766702525511949e-05,7.903036834962567e-05,7.67600825972749e-05,7.67600825972749e-05,169.90823262946202
1791239700,7.67600825972749e-05,7.787740877441232e-05,7.67600825972749e-05,7.787740877441232e-05,3.649711782530074
1791239760,7.787740877441232e-05,7.799684775439414e-05,7.651039094391236e-05,7.674573064943108e-05,170.5436466642519
1791239820,7.674573064943108e-05,7.698947803651368e-05,7.618822226459247e-05,7.698947803651368e-05,56.49902830434267
1791239880,7.698947803651368e-05,7.712491316772254e-05,7.600418929777658e-05,7.712491316772254e-05,15.12087046249311
1791239940,7.712491316772254e-05,7.712491316772254e-05,7.356959123507345e-05,7.460338512781913e-05,337.0368946806879
1791240000,7.460338512781913e-05,7.460338512781913e-05,7.28064318641173e-05,7.377992670053682e-05,82.53828740880539
1791240060,7.377992670053682e-05,7.384759127030253e-05,7.281405888995537e-05,7.383952176763457e-05,36.971837384605884
1791240120,7.383952176763457e-05,7.383952176763457e-05,7.21486033636149e-05,7.346243251024162e-05,136.882594392721
1791240180,7.346243251024162e-05,7.371857409058414e-05,7.346243251024162e-05,7.371857409058414e-05,49.467394644173254
1791240240,7.371857409058414e-05,7.38699467581723e-05,7.28080817352661e-05,7.28080817352661e-05,27.61859264001412
1791240300,7.28080817352661e-05,7.381161848057672e-05,7.27669309517967e-05,7.281350460842234e-05,12.169439648543484
1791240360,7.281350460842234e-05,7.397911458708788e-05,7.271146749160064e-05,7.322456437662089e-05,75.4916265463269
1791240420,7.322456437662089e-05,7.322456437662089e-05,6.755083360482077e-05,6.900978828257023e-05,761.3136123972545
1791240480,6.900978828257023e-05,7.295766138858152e-05,6.900978828257023e-05,7.295766138858152e-05,346.4874560111067
1791240540,7.295766138858152e-05,7.332881544555087e-05,7.265009592715483e-05,7.265009592715483e-05,74.58368199912601
1791240600,7.265009592715483e-05,7.403979258749215e-05,7.265009592715483e-05,7.306120054330134e-05,135.9309511914127
1791240660,7.306120054330134e-05,7.392286470978029e-05,7.269859559769666e-05,7.269859559769666e-05,72.60467988584698
1791240720,7.269859559769666e-05,7.269859559769666e-05,7.148232057002879e-05,7.15130499849391e-05,194.48766228159943
1791240780,7.15130499849391e-05,7.15130499849391e-05,6.998337981644359e-05,6.998337981644359e-05,78.83084056429894
1791240840,6.998337981644359e-05,7.106069175447106e-05,6.983356830591598e-05,7.006768961326664e-05,141.3674528307485
1791240900,7.006768961326664e-05,7.146421599991154e-05,7.006768961326664e-05,7.089050545384864e-05,104.68877603915925
1791240960,7.089050545384864e-05,7.354563410774445e-05,7.079983275871878e-05,7.239981926549072e-05,170.50925210515823
1791241020,7.239981926549072e-05,7.404000942340284e-05,7.239981926549072e-05,7.348100723196875e-05,94.45239574667339
1791241080,7.348100723196875e-05,7.451321459619938e-05,7.348100723196875e-05,7.451321459619938e-05,1.198035555909592
1791241140,7.451321459619938e-05,7.451321459619938e-05,7.332493275912355e-05,7.332493275912355e-05,14.954603923669561
1791241260,7.332493275912355e-05,7.332493275912355e-05,7.328325111358133e-05,7.328325111358133e-05,9.874053614141475
1791241320,7.328325111358133e-05,7.484426594181468e-05,7.328325111358133e-05,7.477300265372099e-05,173.9786334381096
1791241380,7.477300265372099e-05,7.477300265372099e-05,7.313188129406774e-05,7.456220569108448e-05,236.7923575511287
1791241440,7.456220569108448e-05,7.456220569108448e-05,6.138546798468292e-05,6.344907712585655e-05,2015.230078586973
1791241500,6.344907712585655e-05,6.344907712585655e-05,6.212430208058897e-05,6.212430208058897e-05,186.71336401884696
1791241560,6.212430208058897e-05,6.232766070834795e-05,6.11048823988198e-05,6.193712763293394e-05,59.11321969897578
1791241620,6.193712763293394e-05,6.193712763293394e-05,5.766204396542608e-05,5.838809403293167e-05,401.6521932682875
1791241680,5.838809403293167e-05,5.915009943694155e-05,5.7371638140862096e-05,5.915009943694155e-05,157.07566598295557
1791241740,5.915009943694155e-05,6.004116729396094e-05,5.915009943694155e-05,5.919559592855701e-05,62.99573268501993
1791241800,5.919559592855701e-05,6.062209977850952e-05,5.7895164982448974e-05,5.7895164982448974e-05,287.6676353391497
1791241860,5.7895164982448974e-05,5.7895164982448974e-05,5.223500548631175e-05,5.432413830229592e-05,818.4303894089247
1791241920,5.432413830229592e-05,5.474311244785548e-05,5.297382479157034e-05,5.333457672729015e-05,309.366997367566
1791241980,5.333457672729015e-05,5.3548105640955595e-05,5.164538299588912e-05,5.309559249030781e-05,434.59651608838044
1791242040,5.309559249030781e-05,5.374538887863172e-05,5.235106792611319e-05,5.341150649360069e-05,213.4886220511704
1791242100,5.341150649360069e-05,5.376890076159849e-05,5.254100519546324e-05,5.376890076159849e-05,163.2239859482362
1791242160,5.376890076159849e-05,5.656096511147623e-05,5.376890076159849e-05,5.656096511147623e-05,251.43993790790313
1791242220,5.656096511147623e-05,5.656096511147623e-05,5.4865635692609064e-05,5.545218835047968e-05,301.41468132579064
1791242280,5.545218835047968e-05,5.639707890057541e-05,5.456595354384514e-05,5.639707890057541e-05,340.96826102747235
1791242340,5.639707890057541e-05,5.7256377366453206e-05,5.627176189315764e-05,5.7024862537046386e-05,58.80884473504158
1791242400,5.7024862537046386e-05,5.706521861984771e-05,5.521010964657422e-05,5.521010964657422e-05,125.88707032817382
1791242460,5.521010964657422e-05,5.521010964657422e-05,5.5189816940199e-05,5.5189816940199e-05,1.3244713493750497
1791242520,5.5189816940199e-05,5.5189816940199e-05,5.2132650228125874e-05,5.2132650228125874e-05,359.5615176609625
1791242580,5.2132650228125874e-05,5.275571306533314e-05,4.930802320772883e-05,4.99839591559509e-05,356.4734185420417
1791242640,4.99839591559509e-05,5.174440649579731e-05,4.930927242432945e-05,5.110422960579523e-05,275.1137273706479
1791242700,5.110422960579523e-05,5.36685035967248e-05,5.110422960579523e-05,5.36685035967248e-05,278.54877405428897
1791242760,5.36685035967248e-05,5.5059020036321475e-05,5.3347757022979774e-05,5.3347757022979774e-05,319.553772353556
1791242820,5.3347757022979774e-05,5.361783154334916e-05,5.2803354890350033e-05,5.282369956811473e-05,214.800789141528
1791242880,5.282369956811473e-05,5.324082371785261e-05,5.2778959323546845e-05,5.324082371785261e-05,1.3867713029177682
1791242940,5.324082371785261e-05,5.694548381449992e-05,5.324082371785261e-05,5.694548381449992e-05,296.8049549496363
1791243000,5.694548381449992e-05,6.0077503043310425e-05,5.694548381449992e-05,6.0077503043310425e-05,351.11628661737313
1791243060,6.0077503043310425e-05,6.0959010429119154e-05,5.899207984697736e-05,5.9900399942669774e-05,299.78274892081106
1791243120,5.9900399942669774e-05,6.177327007591798e-05,5.9397457669181064e-05,6.177327007591798e-05,226.85366423506252
1791243180,6.177327007591798e-05,6.69910017793418e-05,6.177327007591798e-05,6.561947685058777e-05,836.4053424389799
1791243240,6.561947685058777e-05,6.561947685058777e-05,6.544215287087652e-05,6.544215287087652e-05,16.121975542157788
1791243300,6.544215287087652e-05,6.663502176609477e-05,6.544215287087652e-05,6.663502176609477e-05,60.966507149408166
1791243360,6.663502176609477e-05,6.696706927965151e-05,6.602781611609351e-05,6.696706927965151e-05,4.537927912538262
1791243420,6.696706927965151e-05,6.707691654055018e-05,6.165542981424624e-05,6.165542981424624e-05,479.0183574547482
1791243480,6.165542981424624e-05,6.165542981424624e-05,6.164659730760519e-05,6.164659730760519e-05,1.3460144991445924
1791243540,6.164659730760519e-05,6.378671432891376e-05,6.164659730760519e-05,6.230226577296464e-05,309.6191241150698
1791243600,6.230226577296464e-05,6.317961004403807e-05,6.22348541697496e-05,6.224247622192968e-05,1.8436338442151392
1791243660,6.224247622192968e-05,6.225429606536395e-05,6.224247622192968e-05,6.225429606536395e-05,5.934083137846468
1791243720,6.225429606536395e-05,6.368837808246131e-05,6.222179835154412e-05,6.299862032719534e-05,103.28912569684144
1791243780,6.299862032719534e-05,6.299862032719534e-05,6.292150093665417e-05,6.292150093665417e-05,2.9559590792111474
1791243840,6.292150093665417e-05,6.467520321968393e-05,6.292150093665417e-05,6.467520321968393e-05,116.13206810160838
1791243900,6.467520321968393e-05,6.500361400406785e-05,6.389933403058541e-05,6.389933403058541e-05,77.85958905699631
1791243960,6.389933403058541e-05,6.475444511213165e-05,6.3852734608324e-05,6.475444511213165e-05,6.621639737806735
1791244020,6.475444511213165e-05,6.48181719659538e-05,6.397556509070955e-05,6.397556509070955e-05,30.521649561478455
1791244080,6.397556509070955e-05,6.397556509070955e-05,5.91879763003678e-05,5.91879763003678e-05,505.6098661409317
1791244140,5.91879763003678e-05,6.0043045090715864e-05,5.894870819238991e-05,5.9525885930276294e-05,70.56662383244988
1791244200,5.9525885930276294e-05,5.965395662279346e-05,5.8669479826602926e-05,5.965395662279346e-05,19.168756056018008
1791244260,5.965395662279346e-05,5.965395662279346e-05,5.8794976054937916e-05,5.8794976054937916e-05,1.3017701473470908
1791244320,5.8794976054937916e-05,5.966380939431469e-05,5.865171279456906e-05,5.9093803876476885e-05,96.07516574267756
1791244380,5.9093803876476885e-05,5.9935104860613e-05,5.857822040897276e-05,5.857822040897276e-05,60.245071087426986
1791244440,5.857822040897276e-05,5.857822040897276e-05,5.852165383387667e-05,5.852165383387667e-05,1.2961358695124243
1791244500,5.852165383387667e-05,5.852165383387667e-05,5.848117134312048e-05,5.848117134312048e-05,15.29047743044742
1791244560,5.848117134312048e-05,5.890389806447875e-05,5.789441755560544e-05,5.789441755560544e-05,78.59246093325876
1791244620,5.789441755560544e-05,5.8563093237407854e-05,5.768472783582668e-05,5.8563093237407854e-05,27.812542284590876
1791244680,5.8563093237407854e-05,5.8563093237407854e-05,5.789678622670829e-05,5.789678622670829e-05,1.286666595042343
1791244740,5.789678622670829e-05,5.872318135812007e-05,5.788692111998141e-05,5.7933929353857315e-05,15.339038713423035
1791244800,5.7933929353857315e-05,6.268903792231353e-05,5.7933929353857315e-05,6.22582964184281e-05,474.0452941372696
1791244860,6.22582964184281e-05,6.507395198521161e-05,6.22582964184281e-05,6.507395198521161e-05,217.13953596279475
1791244920,6.507395198521161e-05,6.50972729781086e-05,6.296181863287534e-05,6.50972729781086e-05,441.87303076172145
1791244980,6.50972729781086e-05,6.639457321893887e-05,6.496125503344459e-05,6.639457321893887e-05,206.588509108342
1791245040,6.639457321893887e-05,6.69867445602687e-05,6.609361319652637e-05,6.609361319652637e-05,3.120195713790417
1791245100,6.609361319652637e-05,6.609361319652637e-05,6.373928760051297e-05,6.471095385542644e-05,242.98486672610218
1791245160,6.471095385542644e-05,6.473394357540689e-05,6.382664232329948e-05,6.382664232329948e-05,2.5308222629664163
1791245220,6.382664232329948e-05,6.392965936545158e-05,6.31436790694725e-05,6.392965936545158e-05,88.63824562272772
1791245280,6.392965936545158e-05,6.530699946099183e-05,6.392965936545158e-05,6.528372230897262e-05,138.1591159180192
1791245340,6.528372230897262e-05,6.532572440841309e-05,6.435938148540692e-05,6.532572440841309e-05,3.7198267979242683
1791245400,6.532572440841309e-05,6.533801317656683e-05,6.277999644955219e-05,6.277999644955219e-05,25.158681320278106
1791245460,6.277999644955219e-05,6.277999644955219e-05,6.193907507013509e-05,6.193916124834511e-05,9.958963806147338
1791245520,6.193916124834511e-05,6.193916124834511e-05,6.0603300045145694e-05,6.125162187871068e-05,117.82646091748668
1791245580,6.125162187871068e-05,7.636790331690193e-05,5.59055149322537e-05,6.873832888728056e-05,4712.525653688057
1791245640,6.873832888728056e-05,7.957958137188437e-05,6.873832888728056e-05,7.864133846957506e-05,2070.585805647015
1791245700,7.864133846957506e-05,8.491151946280625e-05,7.864133846957506e-05,8.092538477620396e-05,975.7677098013312
1791245760,8.092538477620396e-05,8.092538477620396e-05,7.42067783163394e-05,7.440618750136337e-05,1121.6335884470532
1791245820,7.440618750136337e-05,7.440618750136337e-05,7.197749083369407e-05,7.197749083369407e-05,239.41753347067325
1791245880,7.197749083369407e-05,7.210815211846357e-05,7.098493111911959e-05,7.210815211846357e-05,213.42084119156763
1791245940,7.210815211846357e-05,7.721047167198031e-05,7.051342424764588e-05,7.610551760897806e-05,253.49369163915003
1791246000,7.610551760897806e-05,7.97319042209144e-05,7.610551760897806e-05,7.851031620100778e-05,309.7377537909137
1791246060,7.851031620100778e-05,7.851031620100778e-05,7.594335183829835e-05,7.689859866460068e-05,248.7078341047379
1791246120,7.689859866460068e-05,7.694953577305844e-05,7.408628607900246e-05,7.408628607900246e-05,271.8897024990992
1791246180,7.408628607900246e-05,7.412209907141639e-05,7.267255949585503e-05,7.267255949585503e-05,131.4286620711402
1791246240,7.267255949585503e-05,7.395584940088903e-05,7.267255949585503e-05,7.2849944719177e-05,23.00598017568281
1791246300,7.2849944719177e-05,7.394827075722811e-05,7.2849944719177e-05,7.300162657242673e-05,22.32655748625552
1791246360,7.300162657242673e-05,7.300162657242673e-05,7.299209362996035e-05,7.299209362996035e-05,2.7649810794311342
1791246420,7.299209362996035e-05,7.299209362996035e-05,7.274131101385557e-05,7.274131101385557e-05,33.64010770589637
1791246480,7.274131101385557e-05,7.274131101385557e-05,7.217421828357862e-05,7.217421828357862e-05,70.70442076221738
1791246540,7.217421828357862e-05,7.289122707818845e-05,7.165082133239955e-05,7.289122707818845e-05,91.28869712977017
1791246600,7.289122707818845e-05,7.370691406711193e-05,7.289122707818845e-05,7.370691406711193e-05,97.55931932475067
1791246660,7.370691406711193e-05,7.439608522736455e-05,7.305149069539364e-05,7.439608522736455e-05,74.24099452899371
1791246720,7.439608522736455e-05,7.464888683010206e-05,7.362686301808888e-05,7.362686301808888e-05,23.063215085288242
1791246780,7.362686301808888e-05,7.482149323114972e-05,7.362686301808888e-05,7.37811958381954e-05,94.41629215495409
1791246840,7.37811958381954e-05,7.452269010133441e-05,7.30201136643761e-05,7.30201136643761e-05,54.03222529114962
1791246960,7.30201136643761e-05,7.410216045551617e-05,7.299877122619297e-05,7.299877122619297e-05,11.878288769920646
1791247020,7.299877122619297e-05,7.400820913609103e-05,7.29359188450752e-05,7.393010825571423e-05,18.221084272939038
1791247080,7.393010825571423e-05,7.401783031645717e-05,7.290905313183964e-05,7.401783031645717e-05,26.869606682706717
1791247140,7.401783031645717e-05,7.606629166010092e-05,7.310291722855651e-05,7.606629166010092e-05,193.26785960891567
1791247200,7.606629166010092e-05,7.658503181764794e-05,7.606629166010092e-05,7.658503181764794e-05,3.1335356588013714
1791247260,7.658503181764794e-05,7.687291067835631e-05,7.658503181764794e-05,7.687291067835631e-05,48.55257711237515
1791247320,7.687291067835631e-05,7.715815012122217e-05,7.525167000814218e-05,7.5507439977748e-05,157.21322280191904
1791247380,7.5507439977748e-05,7.553481229496354e-05,7.5507439977748e-05,7.553481229496354e-05,1.5494791432235466
1791247440,7.553481229496354e-05,7.553481229496354e-05,7.472753037616153e-05,7.472753037616153e-05,1.650810092730877
1791247500,7.472753037616153e-05,7.472753037616153e-05,7.059148594791372e-05,7.16272974879322e-05,406.9447328357387
1791247560,7.16272974879322e-05,7.16272974879322e-05,7.022633231986603e-05,7.082539103332424e-05,81.35533767573322
1791247620,7.082539103332424e-05,7.097226448517516e-05,6.853184105569995e-05,6.950636890333427e-05,164.3954551217958
1791247680,6.950636890333427e-05,7.043024457716715e-05,6.584633302614532e-05,6.838187640424058e-05,726.4237651810441
1791247740,6.838187640424058e-05,6.975763769440259e-05,6.17631175471763e-05,6.516036139189631e-05,932.8047911171803
1791247800,6.516036139189631e-05,6.516036139189631e-05,5.9281171797926265e-05,6.103581623854447e-05,393.79615129204865
1791247860,6.103581623854447e-05,6.152880910626118e-05,6.103581623854447e-05,6.106657329544233e-05,111.7146143020725
1791247980,6.106657329544233e-05,6.210751900630829e-05,6.096807702784633e-05,6.170116611723147e-05,69.74789178083374
1791248040,6.170116611723147e-05,6.170116611723147e-05,6.148276073848195e-05,6.148276073848195e-05,31.72315243087886
1791248100,6.148276073848195e-05,6.148276073848195e-05,6.0415402766399785e-05,6.0415402766399785e-05,0.1716104612222963
1791248160,6.0415402766399785e-05,6.173113447588223e-05,6.0415402766399785e-05,6.173113447588223e-05,51.15946981173261
1791248220,6.173113447588223e-05,6.173113447588223e-05,6.083346781327478e-05,6.083346781327478e-05,1.0708147035106577
1791248280,6.083346781327478e-05,6.198207511551947e-05,6.083346781327478e-05,6.198207511551947e-05,42.24103732609738
1791248400,6.198207511551947e-05,6.314193898209715e-05,6.198207511551947e-05,6.314193898209715e-05,16.428899627516877
1791248460,6.314193898209715e-05,6.338059902258557e-05,6.263946793411887e-05,6.263946793411887e-05,32.94467236546153
1791248520,6.263946793411887e-05,6.299382370805632e-05,6.24588021864861e-05,6.299382370805632e-05,16.512665820319008
1791248580,6.299382370805632e-05,6.299382370805632e-05,6.206703140692678e-05,6.206703140692678e-05,15.08283391358828
1791248640,6.206703140692678e-05,6.271463333332319e-05,6.155670077493205e-05,6.271463333332319e-05,104.4963903769927
1791248700,6.271463333332319e-05,6.271463333332319e-05,6.1081546398777e-05,6.1081546398777e-05,218.1586852250952
1791248760,6.1081546398777e-05,6.1081546398777e-05,6.005478212101607e-05,6.005478212101607e-05,29.15288707442056
1791248820,6.005478212101607e-05,6.0859563626071224e-05,5.859576646921448e-05,5.859576646921448e-05,196.33542023502358
1791248880,5.859576646921448e-05,5.859576646921448e-05,5.6758124867732034e-05,5.7332674433160834e-05,211.3594230423776
1791248940,5.7332674433160834e-05,5.7332674433160834e-05,5.626562993978374e-05,5.7079009034665316e-05,36.065748748727856
1791249000,5.7079009034665316e-05,5.710197905819236e-05,5.629467786788039e-05,5.630401053157624e-05,17.57829173595749
1791249060,5.630401053157624e-05,5.740607338207168e-05,5.619439917547609e-05,5.740607338207168e-05,107.24122625923724
1791249120,5.740607338207168e-05,5.7473128720031084e-05,5.679681365885827e-05,5.7473128720031084e-05,86.24209542108449
1791249240,5.7473128720031084e-05,5.7473128720031084e-05,5.418041655129313e-05,5.442234406613304e-05,428.6027114603696
1791249300,5.442234406613304e-05,5.449394528691878e-05,5.375458805832875e-05,5.375458805832875e-05,10.0410953916083
1791249360,5.375458805832875e-05,5.4380824020727796e-05,5.363538387123157e-05,5.4380824020727796e-05,24.72441239674785
1791249480,5.4380824020727796e-05,5.446586733357175e-05,4.6212553176259354e-05,4.726285254928449e-05,1449.045375120188
1791249540,4.726285254928449e-05,5.030750487862068e-05,4.726285254928449e-05,4.899264308517845e-05,498.7103791511901
1791249600,4.899264308517845e-05,4.964134379421347e-05,4.899264308517845e-05,4.964134379421347e-05,80.89788708142181
1791249660,4.964134379421347e-05,4.983268855327865e-05,4.964134379421347e-05,4.983268855327865e-05,4.838425029476464
1791249720,4.983268855327865e-05,5.089858925538916e-05,4.896582138230529e-05,5.089858925538916e-05,307.8158312541573
1791249780,5.089858925538916e-05,5.197767674216558e-05,5.089858925538916e-05,5.1321991975933936e-05,4.480867687829225
1791249840,5.1321991975933936e-05,5.2255612157617105e-05,5.1319725994286424e-05,5.2255612157617105e-05,40.49775727486016
1791249900,5.2255612157617105e-05,5.242450341593006e-05,5.2255612157617105e-05,5.242450341593006e-05,19.401888862062783
1791249960,5.242450341593006e-05,5.2479449993332585e-05,5.173046739851177e-05,5.173046739851177e-05,27.92999502858988
1791250080,5.173046739851177e-05,5.229023555743535e-05,5.173046739851177e-05,5.229023555743535e-05,2.872710292800525
1791250140,5.229023555743535e-05,5.3515377701106006e-05,5.226916446802316e-05,5.3515377701106006e-05,111.83507143330189
1791250200,5.3515377701106006e-05,5.3515377701106006e-05,5.253610790531067e-05,5.317281278941168e-05,23.32315622764589
1791250260,5.317281278941168e-05,5.4666629259189977e-05,5.317281278941168e-05,5.452359994274423e-05,421.3567611830038
1791250320,5.452359994274423e-05,5.494420986037109e-05,5.417682777177661e-05,5.494420986037109e-05,0.42222012989667773
1791250380,5.494420986037109e-05,5.5258581023728166e-05,5.4797295954415343e-05,5.4797295954415343e-05,81.204799190046
1791250500,5.4797295954415343e-05,5.4797295954415343e-05,5.464395222033857e-05,5.464395222033857e-05,5.701104866870121
1791250680,5.464395222033857e-05,5.464395222033857e-05,5.4442067895674487e-05,5.4442067895674487e-05,33.67825649018093
1791250740,5.4442067895674487e-05,5.4442067895674487e-05,5.421971218406122e-05,5.421971218406122e-05,20.97344905083709
1791250800,5.421971218406122e-05,5.421971218406122e-05,5.403426327385697e-05,5.403426327385697e-05,19.330636677573725
1791250860,5.403426327385697e-05,5.484000244258731e-05,5.393254905468803e-05,5.393254905468803e-05,94.79985746377149
1791250920,5.393254905468803e-05,5.469860211219316e-05,5.3748283703189665e-05,5.4635370677617996e-05,22.72845130519767
1791250980,5.4635370677617996e-05,5.4635370677617996e-05,5.138893717283619e-05,5.138893717283619e-05,333.256806980894
1791251040,5.138893717283619e-05,5.254028868408556e-05,5.138893717283619e-05,5.16110179228412e-05,131.51353184503097
1791251100,5.16110179228412e-05,5.215610619773397e-05,5.143448209297518e-05,5.215610619773397e-05,25.30983184210842
1791251160,5.215610619773397e-05,5.215610619773397e-05,5.135002003668804e-05,5.135002003668804e-05,42.33360692478841
1791251220,5.135002003668804e-05,5.184284982861598e-05,5.092784643242603e-05,5.184284982861598e-05,131.5362280887231
1791251280,5.184284982861598e-05,5.18859518317788e-05,5.184284982861598e-05,5.18859518317788e-05,4.020027205623887
1791251340,5.18859518317788e-05,5.189840993966637e-05,4.598845905752325e-05,4.598845905752325e-05,668.855237366892
1791251400,4.598845905752325e-05,4.699766443013207e-05,4.4818230875914595e-05,4.669690355910865e-05,349.5931197473834
1791251460,4.669690355910865e-05,4.710280131205403e-05,4.610371274434384e-05,4.656481726746203e-05,99.8414405850484
1791251520,4.656481726746203e-05,4.826113200852009e-05,4.656481726746203e-05,4.826113200852009e-05,146.50305672486553
1791251640,4.826113200852009e-05,5.7499258091884534e-05,4.826113200852009e-05,5.669130843773882e-05,1059.4316442160516
1791251700,5.669130843773882e-05,5.749525637937687e-05,5.654438345971843e-05,5.660146470511966e-05,160.15937546132253
1791251760,5.660146470511966e-05,5.7419993718376716e-05,5.660146470511966e-05,5.667496874016432e-05,14.813478110969406
1791251820,5.667496874016432e-05,5.667496874016432e-05,5.604592676295645e-05,5.604592676295645e-05,73.61301799203841
1791251940,5.604592676295645e-05,5.604592676295645e-05,5.4134785158519907e-05,5.493812561179881e-05,379.05359112163
1791252000,5.493812561179881e-05,5.493812561179881e-05,5.429645347333959e-05,5.429645347333959e-05,70.10164975299921
1791252120,5.429645347333959e-05,5.470830153004632e-05,5.429645347333959e-05,5.470830153004632e-05,1.9617781751877645
1791252180,5.470830153004632e-05,5.537389927973005e-05,5.470830153004632e-05,5.537389927973005e-05,137.4339350421911
1791252240,5.537389927973005e-05,5.6125305716691134e-05,5.537389927973005e-05,5.6125305716691134e-05,29.671207966846016
1791252300,5.6125305716691134e-05,5.6330563430439705e-05,5.543262438848607e-05,5.5540860167806984e-05,28.84326287707957
1791252480,5.5540860167806984e-05,5.636051226819575e-05,5.487576144595661e-05,5.557003129431467e-05,88.77775383699067
1791252540,5.557003129431467e-05,5.557003129431467e-05,5.459982509359051e-05,5.534913023886963e-05,106.86152613270534
1791252600,5.534913023886963e-05,5.534913023886963e-05,5.46998161068117e-05,5.46998161068117e-05,22.68392669122368
1791252660,5.46998161068117e-05,5.5960822609546825e-05,5.46998161068117e-05,5.5960822609546825e-05,110.31729298510231
1791252720,5.5960822609546825e-05,5.5960822609546825e-05,5.554505881098597e-05,5.554505881098597e-05,0.37475920059013146
1791252780,5.554505881098597e-05,5.6366325541223395e-05,5.463837386187306e-05,5.553389303351685e-05,253.6037956714451
1791252840,5.553389303351685e-05,5.583711363442476e-05,5.442154877240521e-05,5.4857795709649985e-05,393.6950940395296
1791252900,5.4857795709649985e-05,5.593197111415857e-05,5.4023233078795665e-05,5.593197111415857e-05,313.4069424901394
1791252960,5.593197111415857e-05,5.60869138252557e-05,5.527407442730893e-05,5.60869138252557e-05,10.92508600724323
1791253080,5.60869138252557e-05,5.6214922320134e-05,5.532782368635879e-05,5.6214922320134e-05,40.465487752127714
1791253200,5.6214922320134e-05,5.651574122357664e-05,5.6214922320134e-05,5.651574122357664e-05,21.01379928645953
1791253260,5.651574122357664e-05,5.651574122357664e-05,5.575020128854113e-05,5.575020128854113e-05,4.173082642886727
1791253380,5.575020128854113e-05,5.578600875875577e-05,5.523292570758063e-05,5.523292570758063e-05,129.17910411570165
1791253440,5.523292570758063e-05,5.5519804292689525e-05,5.523292570758063e-05,5.5519804292689525e-05,21.64143263503479
1791253500,5.5519804292689525e-05,5.562946421858037e-05,5.5519804292689525e-05,5.562946421858037e-05,0.24520949850482995
1791253620,5.562946421858037e-05,5.562946421858037e-05,5.484379634388366e-05,5.484379634388366e-05,6.937321756355629
1791253740,5.484379634388366e-05,5.624485258272097e-05,5.484379634388366e-05,5.624485258272097e-05,98.13803618048264
1791253920,5.624485258272097e-05,5.624485258272097e-05,5.249178833914336e-05,5.249178833914336e-05,679.3329474553992
1791253980,4.9093911315523884e-05,5.027044753272846e-05,4.853662245771115e-05,5.0138702459402644e-05,269.55031204988654
1791254040,5.0138702459402644e-05,5.023356724537395e-05,5.0138702459402644e-05,5.023356724537395e-05,0.18763760578513325
1791254100,5.023356724537395e-05,5.023356724537395e-05,4.949158597147012e-05,5.002152929878079e-05,30.47580044683571
1791254220,5.002152929878079e-05,5.002152929878079e-05,4.898053892337148e-05,4.898053892337148e-05,71.24687614570648
1791254280,4.898053892337148e-05,4.943722375202817e-05,4.8701467824485056e-05,4.8701467824485056e-05,26.61935498087704
1791254340,4.8701467824485056e-05,5.288547413808853e-05,4.8701467824485056e-05,5.288547413808853e-05,511.55685992809254
1791254400,5.288547413808853e-05,5.375607748577009e-05,5.2538335851757054e-05,5.375607748577009e-05,140.0517094293397
1791254460,5.375607748577009e-05,5.375607748577009e-05,5.304877956965369e-05,5.304877956965369e-05,4.4068440212863
1791254580,5.304877956965369e-05,5.304877956965369e-05,5.2863581320793774e-05,5.2863581320793774e-05,35.736087251178
1791254640,5.2863581320793774e-05,5.2863581320793774e-05,5.2692083899309805e-05,5.2692083899309805e-05,0.6520761719810867
1791254700,5.2692083899309805e-05,5.306152814929631e-05,5.240427112914435e-05,5.306152814929631e-05,63.915824146129395
1791254760,5.306152814929631e-05,5.3970332506405425e-05,5.306152814929631e-05,5.3071126452215866e-05,199.45254746713067
1791254820,5.3071126452215866e-05,5.3729977130416686e-05,5.28929553770012e-05,5.3729977130416686e-05,27.731510722729432
1791254940,5.3729977130416686e-05,5.468252193696135e-05,5.3729977130416686e-05,5.468252193696135e-05,192.52339500460016
1791255000,5.468252193696135e-05,5.468252193696135e-05,5.461310818097117e-05,5.461310818097117e-05,35.84661046210921
1791255060,5.461310818097117e-05,5.531640095108933e-05,5.446625811924787e-05,5.531640095108933e-05,19.123213820556256
1791255120,5.531640095108933e-05,5.531640095108933e-05,5.337172475223994e-05,5.337172475223994e-05,134.36594918939986
1791255180,5.337172475223994e-05,5.4180451686892295e-05,5.314500471381836e-05,5.393141499177681e-05,39.479492501559434
1791255240,5.393141499177681e-05,5.393141499177681e-05,5.2962577263104395e-05,5.3639171641549165e-05,71.01968045578576
1791255300,5.3639171641549165e-05,5.368099288488955e-05,5.27561903732583e-05,5.27561903732583e-05,48.18824108619547
1791255420,5.27561903732583e-05,5.415663668674027e-05,5.27561903732583e-05,5.415663668674027e-05,98.69473148378745
1791255540,5.415663668674027e-05,5.4620147533790423e-05,5.356684857125206e-05,5.356684857125206e-05,178.0554045989621
1791255660,5.356684857125206e-05,5.356684857125206e-05,5.263628503822369e-05,5.3301820854031974e-05,111.96685689547542
1791255720,5.3301820854031974e-05,5.3301820854031974e-05,5.254400778614569e-05,5.254400778614569e-05,13.336807435072862
1791255780,5.254400778614569e-05,5.274656017762994e-05,5.216591058591554e-05,5.274656017762994e-05,119.90740174929748
1791255960,5.274656017762994e-05,5.274656017762994e-05,5.1960830351022076e-05,5.1960830351022076e-05,53.62109239951134
1791256020,5.1960830351022076e-05,5.2506567205204e-05,5.1960830351022076e-05,5.246024886082563e-05,11.487501513559303
1791256080,5.246024886082563e-05,5.288136938951354e-05,5.230629556105599e-05,5.230629556105599e-05,102.83140068573483
1791256200,5.230629556105599e-05,5.230629556105599e-05,5.197821446961944e-05,5.197821446961944e-05,28.078631599722257
1791256260,5.197821446961944e-05,5.197821446961944e-05,5.194173686271247e-05,5.194173686271247e-05,4.702491446849076
1791256320,5.194173686271247e-05,5.549759469096509e-05,5.194173686271247e-05,5.549759469096509e-05,319.99410150185014
1791256380,5.549759469096509e-05,5.579636787570526e-05,5.549759469096509e-05,5.579636787570526e-05,37.680884160989685
1791256500,5.579636787570526e-05,5.592762992873615e-05,5.579636787570526e-05,5.592762992873615e-05,14.410824606810426
1791256560,5.592762992873615e-05,5.592762992873615e-05,5.4533934130480394e-05,5.4533934130480394e-05,94.73715225467693
1791256680,5.4533934130480394e-05,5.5196747390623455e-05,5.43276585786972e-05,5.43276585786972e-05,22.846539466169975
1791256860,5.43276585786972e-05,5.43276585786972e-05,5.4252675586436195e-05,5.4252675586436195e-05,0.20986940887812258
1791256920,5.4252675586436195e-05,5.587917492833856e-05,5.4241961301058034e-05,5.587917492833856e-05,201.3203609294186
1791256980,5.587917492833856e-05,5.679493757676294e-05,5.587917492833856e-05,5.679493757676294e-05,7.661006912522491
1791257040,5.679493757676294e-05,5.679493757676294e-05,5.6017093081031383e-05,5.677265293510456e-05,11.601817510867933
1791257100,5.677265293510456e-05,5.6970058995378886e-05,5.677265293510456e-05,5.6970058995378886e-05,24.60262554179072
1791257160,5.6970058995378886e-05,6.187342050118132e-05,5.6136090382021826e-05,6.0665370947742896e-05,616.009342080294
1791257220,6.0665370947742896e-05,6.148313138631346e-05,6.0665370947742896e-05,6.121050312989595e-05,29.906096700899027
1791257280,6.121050312989595e-05,6.357870296419793e-05,6.049965201938084e-05,6.325300314184944e-05,430.74726125807535
1791257340,6.325300314184944e-05,6.325300314184944e-05,6.082243026768244e-05,6.299014926307749e-05,82.21489762352924
1791257460,6.299014926307749e-05,6.436830526765321e-05,6.299014926307749e-05,6.436830526765321e-05,231.77463679888126
1791257580,6.436830526765321e-05,6.524386596615257e-05,6.428180727215021e-05,6.432613922736932e-05,26.621964132207474
1791257700,6.432613922736932e-05,6.528833494229942e-05,6.432613922736932e-05,6.528833494229942e-05,4.849675964129809
1791257760,6.528833494229942e-05,6.528833494229942e-05,6.400485101591187e-05,6.400485101591187e-05,76.54018939428676
1791257820,6.400485101591187e-05,6.400485101591187e-05,6.359682215675418e-05,6.363399930114442e-05,2.131275240415736
1791257880,6.363399930114442e-05,6.363399930114442e-05,5.979602840389491e-05,5.979602840389491e-05,495.8354779857933
1791257940,5.979602840389491e-05,5.979602840389491e-05,5.917226400883322e-05,5.924430450477996e-05,64.58157222365843
1791258000,5.924430450477996e-05,6.452553291945307e-05,5.924430450477996e-05,6.452553291945307e-05,619.3155307246753
1791258120,6.452553291945307e-05,6.533129911392206e-05,6.452553291945307e-05,6.533129911392206e-05,5.929840890256255
1791258180,6.533129911392206e-05,6.533129911392206e-05,6.437625593590804e-05,6.437625593590804e-05,14.79917427938966
1791258240,6.437625593590804e-05,6.437625593590804e-05,6.40834616950893e-05,6.40834616950893e-05,44.89915270821071
1791258300,6.40834616950893e-05,6.48311953176037e-05,6.369825434082584e-05,6.48311953176037e-05,75.05751411235674
1791258360,6.48311953176037e-05,6.549893392088219e-05,6.403349102644909e-05,6.48416075166747e-05,171.1805008218064
1791258420,6.48416075166747e-05,6.60446906836589e-05,6.48416075166747e-05,6.528268848689514e-05,139.11984025311406
1791258480,6.528268848689514e-05,6.528268848689514e-05,6.502519967333643e-05,6.502519967333643e-05,25.45573787801571
1791258540,6.502519967333643e-05,6.61875108483634e-05,6.502519967333643e-05,6.61875108483634e-05,35.78775504349345
1791258660,6.61875108483634e-05,6.61875108483634e-05,6.48505690643192e-05,6.48505690643192e-05,52.44039371730483
1791258720,6.48505690643192e-05,6.48505690643192e-05,6.471808236667759e-05,6.471808236667759e-05,8.925730693123892
1791258780,6.471808236667759e-05,6.471808236667759e-05,6.412273507033492e-05,6.412273507033492e-05,114.17450312723103
1791258900,6.412273507033492e-05,6.44365556275129e-05,6.412273507033492e-05,6.44365556275129e-05,2.1944617855493433
1791259020,6.44365556275129e-05,6.44801578219642e-05,6.27886058221776e-05,6.289468827048505e-05,197.79875111853076
1791259260,6.289468827048505e-05,6.289468827048505e-05,6.211199116203563e-05,6.211199116203563e-05,2.2582108831288745
1791259320,6.211199116203563e-05,6.212334907440418e-05,6.211199116203563e-05,6.212334907440418e-05,1.3979622577366388
1791259500,6.212334907440418e-05,6.355730525871124e-05,6.212334907440418e-05,6.266806443039707e-05,58.787322883098824
1791259560,6.266806443039707e-05,6.383486443432353e-05,6.266806443039707e-05,6.383486443432353e-05,59.139593388384974
1791259620,6.383486443432353e-05,6.383486443432353e-05,6.248937884648987e-05,6.248937884648987e-05,153.59795639496164
1791259680,6.248937884648987e-05,6.248937884648987e-05,6.1521444885151e-05,6.1521444885151e-05,56.84104641140935
1791259800,6.1521444885151e-05,6.207434633464326e-05,6.0893845188514134e-05,6.207434633464326e-05,130.23875472646145
1791259860,6.207434633464326e-05,6.207434633464326e-05,5.860847460743005e-05,5.860847460743005e-05,548.8105926981497
1791259920,5.860847460743005e-05,5.860847460743005e-05,5.610338683810713e-05,5.6909230166877406e-05,7.311045259936859
1791260040,5.6909230166877406e-05,5.725680681065156e-05,5.5931973561849604e-05,5.725680681065156e-05,138.47623231504474
1791260100,5.725680681065156e-05,6.761320933748316e-05,5.725680681065156e-05,6.623329736787128e-05,1193.610867231511
1791260160,6.623329736787128e-05,6.788215327670593e-05,6.623329736787128e-05,6.788215327670593e-05,4.99814711523842
1791260220,6.788215327670593e-05,6.89636158883763e-05,6.788215327670593e-05,6.89636158883763e-05,110.5544309622743
1791260280,6.89636158883763e-05,6.89636158883763e-05,6.673261246857307e-05,6.761851680068451e-05,191.78213624058648
1791260400,6.761851680068451e-05,6.979652069621234e-05,6.761851680068451e-05,6.946610577286699e-05,349.9028902015724
1791260460,6.946610577286699e-05,6.946610577286699e-05,6.843437388720679e-05,6.843437388720679e-05,14.983962977236894
1791260580,6.843437388720679e-05,7.033824146056339e-05,6.843437388720679e-05,7.033824146056339e-05,101.86628814297774
1791260640,7.033824146056339e-05,7.039221194456375e-05,6.938754512877174e-05,6.938754512877174e-05,2.709026290344475
1791260760,6.938754512877174e-05,7.068708659444475e-05,6.938754512877174e-05,7.068708659444475e-05,53.570887825204046
1791260820,7.068708659444475e-05,7.100833937869971e-05,6.969872351754711e-05,6.969872351754711e-05,72.05889112454632
1791260880,6.969872351754711e-05,6.969872351754711e-05,6.934434166077455e-05,6.934434166077455e-05,32.08792509279776
1791260940,6.934434166077455e-05,7.01245161460592e-05,6.891035627043727e-05,6.891035627043727e-05,50.222640731310605
1791261120,6.891035627043727e-05,7.061545203286652e-05,6.858299879387716e-05,7.061545203286652e-05,125.9108639787461
1791261180,7.061545203286652e-05,7.52266799846394e-05,7.061545203286652e-05,7.410274852519661e-05,462.60244505297925
1791261240,7.410274852519661e-05,7.410274852519661e-05,7.112876955464086e-05,7.112876955464086e-05,272.65985841879217
1791261300,7.112876955464086e-05,7.219338748308722e-05,7.112876955464086e-05,7.219338748308722e-05,17.649400224614833
1791261360,7.219338748308722e-05,7.22234803989843e-05,7.12451396347323e-05,7.22234803989843e-05,24.245739346764193
1791261420,7.22234803989843e-05,7.22671985910756e-05,7.064715023822764e-05,7.064715023822764e-05,80.23592143797256
1791261480,7.064715023822764e-05,7.215080161389415e-05,6.983457458733513e-05,7.215080161389415e-05,323.9284543836283
1791261540,7.215080161389415e-05,7.268493641566893e-05,7.113585182259e-05,7.268493641566893e-05,104.99572673524821
1791261600,7.268493641566893e-05,7.398075130540655e-05,7.268493641566893e-05,7.398075130540655e-05,95.81162429705344
1791261660,7.398075130540655e-05,7.398075130540655e-05,7.306549234318167e-05,7.306549234318167e-05,11.690478774909066
1791261720,7.306549234318167e-05,7.470079492707917e-05,7.306549234318167e-05,7.470079492707917e-05,59.17391721399558
1791261780,7.470079492707917e-05,7.470079492707917e-05,7.118099681973088e-05,7.118099681973088e-05,382.1212612407952
1791261840,7.118099681973088e-05,7.118099681973088e-05,6.859894447904174e-05,6.919320582901015e-05,145.97485517934567
1791261900,6.919320582901015e-05,6.963518143794866e-05,6.865692598169097e-05,6.963518143794866e-05,63.91659709048089
1791261960,6.963518143794866e-05,6.974505052860581e-05,6.848606532875407e-05,6.974505052860581e-05,84.53261604840662
1791262020,6.974505052860581e-05,7.024206760938362e-05,6.974505052860581e-05,7.024206760938362e-05,28.144402904294783
1791262080,7.024206760938362e-05,7.024206760938362e-05,6.913933116374361e-05,6.913933116374361e-05,40.21599262723033
1791262140,6.913933116374361e-05,6.913933116374361e-05,6.835302665434524e-05,6.835302665434524e-05,116.72145726703779
1791262200,6.835302665434524e-05,6.894587924745376e-05,6.768840471492498e-05,6.768840471492498e-05,141.5056822120668
1791262260,6.768840471492498e-05,6.873966515091051e-05,6.68548955423525e-05,6.68548955423525e-05,181.75234908735246
1791262320,6.68548955423525e-05,6.847483159577459e-05,6.649446667362728e-05,6.649446667362728e-05,285.2813071599126
1791262380,6.649446667362728e-05,6.649446667362728e-05,6.531209910823548e-05,6.531209910823548e-05,37.05385663977972
1791262440,6.531209910823548e-05,6.531209910823548e-05,6.503391448193554e-05,6.503391448193554e-05,2.9856674048777583
1791262500,6.503391448193554e-05,6.618852260366391e-05,6.503391448193554e-05,6.618852260366391e-05,48.50969761895685
1791262560,6.618852260366391e-05,6.693945246826154e-05,6.618852260366391e-05,6.693945246826154e-05,98.01286372934995
1791262620,6.693945246826154e-05,6.693945246826154e-05,6.646363591123192e-05,6.646363591123192e-05,2.0597531211561164
1791262860,6.646363591123192e-05,6.646363591123192e-05,6.619769388080694e-05,6.619769388080694e-05,27.616891846542778
1791262920,6.619769388080694e-05,6.701178241811172e-05,6.615071795582555e-05,6.701178241811172e-05,11.073676088095501
1791262980,6.701178241811172e-05,6.729214168834188e-05,6.627916465653326e-05,6.627916465653326e-05,111.53860100417955
1791263280,6.627916465653326e-05,6.704588464174127e-05,6.448383232833725e-05,6.448383232833725e-05,321.26247396261965
1791263340,6.448383232833725e-05,6.448383232833725e-05,6.295355853340933e-05,6.295355853340933e-05,6.67522049315379
1791263400,6.295355853340933e-05,6.296137710137295e-05,6.295355853340933e-05,6.296137710137295e-05,2.8634727126552177
1791263520,6.296137710137295e-05,6.296137710137295e-05,6.22636699074004e-05,6.256790661129233e-05,137.11170258598028
1791263580,6.256790661129233e-05,6.256790661129233e-05,6.173001544322938e-05,6.173001544322938e-05,0.9793590652934828
1791263640,6.173001544322938e-05,6.173001544322938e-05,6.120127548934187e-05,6.120127548934187e-05,106.18175663890631
1791263700,6.120127548934187e-05,6.120127548934187e-05,5.946279405545665e-05,5.946279405545665e-05,175.7885266016347
1791263760,5.946279405545665e-05,6.0313282867093305e-05,5.9424346547320095e-05,5.9516231618425805e-05,24.7486432135198
1791263820,5.9516231618425805e-05,5.9516231618425805e-05,5.9084573914396644e-05,5.9084573914396644e-05,83.6649049246256
1791263880,5.9084573914396644e-05,5.916363191249092e-05,5.829477183940791e-05,5.829477183940791e-05,46.86153709060364
1791264120,5.829477183940791e-05,5.914803040649018e-05,5.820791914850422e-05,5.914803040649018e-05,27.271679106023008
1791264180,5.914803040649018e-05,6.021407722547408e-05,5.914803040649018e-05,6.021407722547408e-05,123.29548165639638
1791264300,6.021407722547408e-05,6.315546336827679e-05,6.021407722547408e-05,6.301418296791146e-05,301.0627694561007
1791264360,6.301418296791146e-05,6.301418296791146e-05,6.205367331058025e-05,6.205367331058025e-05,64.01121434060981
1791264420,6.205367331058025e-05,6.584215882534053e-05,6.205367331058025e-05,6.530459322570636e-05,473.29841467090625
1791264480,6.530459322570636e-05,6.530459322570636e-05,6.220983495006563e-05,6.220983495006563e-05,335.99788604063554
1791264540,6.220983495006563e-05,6.292546305801553e-05,6.14944385616265e-05,6.14944385616265e-05,136.38882067814274
1791264600,6.14944385616265e-05,6.175333219607531e-05,5.738295573082636e-05,5.7819855740122775e-05,434.7228064637699
1791264660,5.7819855740122775e-05,5.8467990933654686e-05,5.6342175995110016e-05,5.707478345689944e-05,373.12817741024185
1791264720,5.707478345689944e-05,5.7129341710694816e-05,5.634822167281581e-05,5.634822167281581e-05,8.421964721784462
1791264960,5.634822167281581e-05,5.634822167281581e-05,5.598087834459261e-05,5.598087834459261e-05,43.063280064044505
1791265020,5.598087834459261e-05,5.680607493262406e-05,5.598087834459261e-05,5.680607493262406e-05,1.8804656212801676
1791265080,5.680607493262406e-05,5.688471885861925e-05,5.680607493262406e-05,5.688471885861925e-05,15.134332865302788
1791265140,5.688471885861925e-05,5.688471885861925e-05,5.603771270242322e-05,5.603771270242322e-05,11.188568846992812
1791265200,5.603771270242322e-05,5.603771270242322e-05,5.600348349001243e-05,5.600348349001243e-05,3.7249694547461183
1791265260,5.600348349001243e-05,5.600348349001243e-05,5.5919159158165066e-05,5.5919159158165066e-05,6.786930966997403
1791265320,5.5919159158165066e-05,5.693152234277161e-05,5.5919159158165066e-05,5.693152234277161e-05,58.34784395169819
1791265380,5.693152234277161e-05,5.779316686558361e-05,5.693152234277161e-05,5.735721502045099e-05,146.38701660191586
1791265440,5.735721502045099e-05,5.8057714197714854e-05,5.735721502045099e-05,5.8057714197714854e-05,4.7253599777330235
1791265500,5.8057714197714854e-05,5.8057714197714854e-05,5.714905712848202e-05,5.714905712848202e-05,11.68813244014485
1791265560,5.714905712848202e-05,5.71738664600707e-05,5.714905712848202e-05,5.71738664600707e-05,1.20791875341468
1791265620,5.71738664600707e-05,5.71738664600707e-05,5.7125204366768875e-05,5.7125204366768875e-05,8.233651987241851
1791265740,5.7125204366768875e-05,5.7125204366768875e-05,5.696693265773532e-05,5.70244196423139e-05,12.460339470770874
1791265800,5.70244196423139e-05,5.70244196423139e-05,5.6972417831787855e-05,5.6972417831787855e-05,0.017307584497224478
1791265980,5.6972417831787855e-05,5.6972417831787855e-05,5.685914862675354e-05,5.685914862675354e-05,7.51295194069466
1791266040,5.685914862675354e-05,5.763812404291006e-05,5.685914862675354e-05,5.763812404291006e-05,2.3502607055809497
1791266100,5.763812404291006e-05,5.763812404291006e-05,5.649611313222711e-05,5.649611313222711e-05,47.30794558978439
1791266160,5.649611313222711e-05,5.730758068991191e-05,5.649611313222711e-05,5.730758068991191e-05,19.798000710695447
1791266220,5.730758068991191e-05,5.8390202758127916e-05,5.730758068991191e-05,5.7964365969092544e-05,113.33397810132924
1791266280,5.7964365969092544e-05,5.7964365969092544e-05,5.7303069253115805e-05,5.7369610802406564e-05,34.53739947945446
1791266400,5.7369610802406564e-05,5.804564272633373e-05,5.723503895024737e-05,5.723503895024737e-05,0.8406824394490965
1791266520,5.723503895024737e-05,5.723503895024737e-05,5.616661773139727e-05,5.616661773139727e-05,108.63862623144998
1791266700,5.616661773139727e-05,5.695000603840278e-05,5.616661773139727e-05,5.695000603840278e-05,8.689632676375282
1791266760,5.695000603840278e-05,5.712925759727516e-05,5.695000603840278e-05,5.712925759727516e-05,35.58123981144073
1791266880,5.712925759727516e-05,5.74787558348848e-05,5.6430981852161214e-05,5.74787558348848e-05,63.44897002978101
1791266940,5.74787558348848e-05,5.8020745740256436e-05,5.74787558348848e-05,5.8020745740256436e-05,49.626720731827476
1791267000,5.8020745740256436e-05,5.860220048980691e-05,5.8020745740256436e-05,5.860220048980691e-05,56.813991508091426
1791267060,5.860220048980691e-05,5.873646074006498e-05,5.792076727986279e-05,5.792076727986279e-05,13.434142808169216
1791267120,5.792076727986279e-05,5.930041880745436e-05,5.792076727986279e-05,5.8184326992618404e-05,143.95842920539
1791267180,5.8184326992618404e-05,5.8184326992618404e-05,5.772670625593373e-05,5.772670625593373e-05,16.818810754176514
1791267240,5.772670625593373e-05,5.8408787187083943e-05,5.761610324563402e-05,5.8408787187083943e-05,20.52162104685193
1791267420,5.8408787187083943e-05,5.8408787187083943e-05,5.671450561027005e-05,5.671450561027005e-05,110.04523874675078
1791267480,5.671450561027005e-05,5.671450561027005e-05,5.169474998420329e-05,5.261635836253878e-05,918.5044542174252
1791267540,5.261635836253878e-05,5.593397097515392e-05,5.261635836253878e-05,5.593397097515392e-05,313.50786978477623
1791267600,5.593397097515392e-05,5.634410311475882e-05,5.454752308662817e-05,5.454752308662817e-05,222.86337017433527
1791267660,5.454752308662817e-05,5.454752308662817e-05,5.403020511658656e-05,5.403020511658656e-05,0.3864194074112896
1791267720,5.403020511658656e-05,5.403020511658656e-05,5.297815972740419e-05,5.297815972740419e-05,218.2711413721801
1791267780,5.297815972740419e-05,5.297815972740419e-05,5.281059732144207e-05,5.281059732144207e-05,11.86516974407904
1791267840,5.281059732144207e-05,5.281059732144207e-05,5.212877977873863e-05,5.212877977873863e-05,0.9412034449340435
1791267900,5.212877977873863e-05,5.29787203759187e-05,5.212877977873863e-05,5.2932340919671346e-05,10.44796589612459
1791268020,5.2932340919671346e-05,5.2932340919671346e-05,5.22004874689656e-05,5.22004874689656e-05,8.56358036314534
1791268080,5.22004874689656e-05,5.2938024983313683e-05,5.22004874689656e-05,5.2938024983313683e-05,6.554252604314671
1791268140,5.2938024983313683e-05,5.2938024983313683e-05,5.089241450870833e-05,5.089241450870833e-05,146.94331159710228
1791268200,5.089241450870833e-05,5.162881942609362e-05,5.089241450870833e-05,5.162881942609362e-05,18.66314160295012
1791268320,5.162881942609362e-05,5.180066119890862e-05,5.1119877720903624e-05,5.1119877720903624e-05,15.082594862999615
1791268380,5.1119877720903624e-05,5.1119877720903624e-05,4.9234682443200695e-05,4.9234682443200695e-05,256.81142901601453
1791268440,4.9234682443200695e-05,4.9234682443200695e-05,4.684535328533387e-05,4.84830317739766e-05,517.1055575814936
1791268740,4.84830317739766e-05,4.969949646318909e-05,4.84830317739766e-05,4.969949646318909e-05,177.3812185845311
1791268800,4.969949646318909e-05,5.218422766715053e-05,4.969949646318909e-05,5.218422766715053e-05,273.1782573303402
1791268980,5.218422766715053e-05,5.295251063862141e-05,5.218422766715053e-05,5.295251063862141e-05,10.661474309000868
1791269100,5.295251063862141e-05,5.3486212305120217e-05,5.295251063862141e-05,5.314018204495165e-05,100.18056338175684
1791269160,5.314018204495165e-05,5.388103357383356e-05,5.314018204495165e-05,5.388103357383356e-05,0.16319360510515712
1791269220,5.388103357383356e-05,5.396744235966285e-05,5.388103357383356e-05,5.396744235966285e-05,20.432930154170464
1791269340,5.396744235966285e-05,5.4844559957778115e-05,5.396744235966285e-05,5.4844559957778115e-05,113.4178475931096
1791269760,5.4844559957778115e-05,5.4844559957778115e-05,5.4012468067182084e-05,5.4012468067182084e-05,60.22859142012033
1791269820,5.4012468067182084e-05,5.4795551021857835e-05,5.4012468067182084e-05,5.4795551021857835e-05,19.501924353415372
1791269880,5.4795551021857835e-05,5.4795551021857835e-05,5.4123974508879927e-05,5.4123974508879927e-05,0.4101883898093119
1791269940,5.4123974508879927e-05,5.961706115637094e-05,5.4123974508879927e-05,5.754844018816e-05,751.092233855307
1791270060,5.754844018816e-05,5.784140902202258e-05,5.699077045347241e-05,5.784140902202258e-05,21.796188985318665
1791270120,5.784140902202258e-05,5.784140902202258e-05,5.693361399639747e-05,5.693361399639747e-05,14.313917485682778
1791270180,5.693361399639747e-05,5.693361399639747e-05,5.6891999861477347e-05,5.6891999861477347e-05,4.263394785544303
1791270360,5.6891999861477347e-05,5.849614535279833e-05,5.6891999861477347e-05,5.84407055762029e-05,164.34474986163772
1791270420,5.84407055762029e-05,5.95208499776545e-05,5.84407055762029e-05,5.874035007017008e-05,34.57277062333386
1791270480,5.874035007017008e-05,5.874035007017008e-05,5.858487482672547e-05,5.858487482672547e-05,17.37476402396408
1791270780,5.858487482672547e-05,5.858487482672547e-05,5.7866916437976306e-05,5.7866916437976306e-05,124.43302655243424
1791270840,5.7866916437976306e-05,5.7866916437976306e-05,5.6372321520664024e-05,5.6372321520664024e-05,203.2800001800403
1791270960,5.6372321520664024e-05,5.6372321520664024e-05,5.520009045172427e-05,5.520009045172427e-05,55.146888767734644
1791271080,5.520009045172427e-05,5.631118806916677e-05,5.520009045172427e-05,5.631118806916677e-05,106.78532241149296
1791271140,5.631118806916677e-05,5.631118806916677e-05,5.5123872757996435e-05,5.5123872757996435e-05,130.58904833657962
1791271260,5.5123872757996435e-05,5.548573985872156e-05,5.480287113104846e-05,5.548573985872156e-05,17.200144227274034
1791271320,5.548573985872156e-05,5.548573985872156e-05,5.473849157519159e-05,5.473849157519159e-05,7.2606940781594735
1791271380,5.473849157519159e-05,5.54747659440941e-05,5.4555046246059664e-05,5.4555046246059664e-05,16.258450138902603
1791271440,5.4555046246059664e-05,5.4555046246059664e-05,5.4216370245888904e-05,5.4216370245888904e-05,81.32455536883336
1791271500,5.4216370245888904e-05,5.5112968007943493e-05,5.4216370245888904e-05,5.5112968007943493e-05,110.72589458445326
1791271560,5.5112968007943493e-05,5.582323948536012e-05,5.5112968007943493e-05,5.582323948536012e-05,39.96954460905649
1791271620,5.582323948536012e-05,5.582323948536012e-05,5.51686728264387e-05,5.518223237410431e-05,6.671504284629009
1791271680,5.518223237410431e-05,5.518223237410431e-05,5.472225860602282e-05,5.472225860602282e-05,92.58702624389527
1791271800,5.472225860602282e-05,5.514899280897308e-05,5.428349131799389e-05,5.514899280897308e-05,29.004507789805658
1791271860,5.514899280897308e-05,5.514899280897308e-05,5.432261917678684e-05,5.432261917678684e-05,23.76930095039433
1791271920,5.432261917678684e-05,5.5121961226346894e-05,5.432261917678684e-05,5.5121961226346894e-05,5.903041031036435
1791272040,5.5121961226346894e-05,5.5121961226346894e-05,5.388024040906281e-05,5.388024040906281e-05,126.28009901152815
1791272100,5.388024040906281e-05,5.388024040906281e-05,5.32768608438037e-05,5.32768608438037e-05,9.383094331154917
1791272160,5.32768608438037e-05,5.32768608438037e-05,5.300354638677991e-05,5.300354638677991e-05,45.55134739026801
1791272220,5.300354638677991e-05,5.300354638677991e-05,5.2557662798691194e-05,5.2557662798691194e-05,51.37438681799672
1791272280,5.2557662798691194e-05,5.3123625974435304e-05,5.2557662798691194e-05,5.3123625974435304e-05,4.186658805864543
1791272340,5.3123625974435304e-05,5.3123625974435304e-05,5.2316038828568804e-05,5.2316038828568804e-05,21.33452933523859
1791272400,5.2316038828568804e-05,5.369395806729974e-05,5.2316038828568804e-05,5.369395806729974e-05,155.11759185777382
1791272460,5.369395806729974e-05,5.369395806729974e-05,5.3195859020788395e-05,5.3195859020788395e-05,71.09408003761612
1791272520,5.3195859020788395e-05,5.374533866359428e-05,5.3195859020788395e-05,5.374533866359428e-05,9.505833769391634
1791272580,5.374533866359428e-05,6.037320130208266e-05,5.293468049305578e-05,6.003870471952522e-05,784.7922866369557
1791272760,6.003870471952522e-05,6.113429394476603e-05,6.003870471952522e-05,6.084623876488663e-05,129.468535815846
1791272940,6.084623876488663e-05,6.452371142249723e-05,6.057842638940812e-05,6.452371142249723e-05,384.1741839826183
1791273000,6.452371142249723e-05,6.452371142249723e-05,6.360047087322412e-05,6.360047087322412e-05,9.454790788953536
1791273120,6.360047087322412e-05,6.446885859144036e-05,6.360047087322412e-05,6.446885859144036e-05,6.924315462141349
1791273180,6.446885859144036e-05,6.484652372860906e-05,6.446885859144036e-05,6.484652372860906e-05,47.50554743897785
1791273300,6.484652372860906e-05,6.499045490020645e-05,6.33846350351565e-05,6.417902648881864e-05,113.63345271537817
1791273480,6.417902648881864e-05,6.428664056671344e-05,6.417902648881864e-05,6.428664056671344e-05,3.551950065113023
1791273540,6.428664056671344e-05,6.428664056671344e-05,6.426282673729862e-05,6.426282673729862e-05,1.8792864825553297
1791273600,6.426282673729862e-05,6.426282673729862e-05,6.341571370816809e-05,6.341571370816809e-05,2.3288795808049976
1791273660,6.341571370816809e-05,6.444171727506217e-05,6.341571370816809e-05,6.444171727506217e-05,27.104941572460802
1791273720,6.444171727506217e-05,6.517997769376112e-05,6.327598949963444e-05,6.517997769376112e-05,349.232011895534
1791273780,6.517997769376112e-05,6.685875339580214e-05,6.489105513586194e-05,6.679448644661838e-05,417.25128915574993
1791273840,6.679448644661838e-05,6.738583266039654e-05,6.679448644661838e-05,6.738583266039654e-05,52.94482202070654
1791273900,6.738583266039654e-05,6.738583266039654e-05,6.654197512116136e-05,6.654197512116136e-05,0.05964334517894008
1791273960,6.654197512116136e-05,6.663553230749729e-05,6.654197512116136e-05,6.663553230749729e-05,0.18045318760881807
1791274020,6.663553230749729e-05,6.663553230749729e-05,6.596314896328376e-05,6.596314896328376e-05,80.95237333533049
1791274200,6.596314896328376e-05,6.735976478252651e-05,6.596314896328376e-05,6.735976478252651e-05,119.16359251692556
1791274260,6.735976478252651e-05,6.735976478252651e-05,6.64731522734055e-05,6.6848606455176e-05,128.32364936924313
1791274320,6.6848606455176e-05,6.707533102486322e-05,6.584356684965172e-05,6.707533102486322e-05,134.77039030443447
1791274380,6.707533102486322e-05,6.707533102486322e-05,6.611448556439648e-05,6.611448556439648e-05,99.17172834659472
1791274500,6.611448556439648e-05,6.611448556439648e-05,6.548530608168916e-05,6.548530608168916e-05,8.114368414657283
1791274560,6.548530608168916e-05,6.548530608168916e-05,6.536941754255286e-05,6.536941754255286e-05,13.073883508510573
1791274620,6.536941754255286e-05,6.536941754255286e-05,6.520688837867092e-05,6.520688837867092e-05,33.36734690747874
1791274680,6.520688837867092e-05,6.520688837867092e-05,6.466610922172703e-05,6.466610922172703e-05,76.52741310570447
1791274740,6.466610922172703e-05,6.54721644843313e-05,6.466610922172703e-05,6.54721644843313e-05,59.58613496682915
1791274800,6.54721644843313e-05,6.688028426940596e-05,6.54721644843313e-05,6.688028426940596e-05,142.59056955063122
1791274860,6.688028426940596e-05,6.744204055186416e-05,6.688028426940596e-05,6.744204055186416e-05,53.35960370743812
1791274980,6.744204055186416e-05,6.789943157246857e-05,6.744204055186416e-05,6.789943157246857e-05,29.812987046020357
1791275160,6.789943157246857e-05,6.876506478399895e-05,6.789943157246857e-05,6.832328021296683e-05,169.64652871902788
1791275220,6.832328021296683e-05,6.998134128447383e-05,6.832328021296683e-05,6.998134128447383e-05,190.714972765729
1791275280,6.998134128447383e-05,7.634655378002527e-05,6.940816222887681e-05,7.634655378002527e-05,902.7108978859662
1791275340,7.634655378002527e-05,8.374441678774623e-05,7.508742553662285e-05,7.666093005823377e-05,1937.4480523135999
1791275400,7.666093005823377e-05,7.800677905373172e-05,7.666093005823377e-05,7.800677905373172e-05,40.21142282762736
1791275460,7.800677905373172e-05,7.807227384669174e-05,7.653273648732663e-05,7.792093754230563e-05,196.1398123004378
1791275520,7.792093754230563e-05,7.792093754230563e-05,7.645181307959453e-05,7.645181307959453e-05,125.6461981487628
1791275640,7.645181307959453e-05,7.69414631866989e-05,7.388866854012073e-05,7.513996878777917e-05,247.99400771554676
1791275700,7.513996878777917e-05,7.553890484818715e-05,7.513996878777917e-05,7.553890484818715e-05,29.816685362860188
1791275820,7.553890484818715e-05,7.592633950395193e-05,7.265751975057664e-05,7.292502929807861e-05,378.07371654670845
1791275880,7.292502929807861e-05,7.434199018935855e-05,7.292502929807861e-05,7.392113275709216e-05,109.53630152805015
1791275940,7.392113275709216e-05,7.392113275709216e-05,7.234604173484618e-05,7.234604173484618e-05,115.32503773665611
1791276060,7.234604173484618e-05,7.234604173484618e-05,6.552861004431129e-05,6.552861004431129e-05,666.6612456474672
1791276120,6.552861004431129e-05,6.809290125761481e-05,6.552861004431129e-05,6.662330825524487e-05,269.96623820879915
1791276180,6.662330825524487e-05,6.705203262132083e-05,6.562682411417142e-05,6.689345233569583e-05,109.42698414211722
1791276240,6.689345233569583e-05,6.783528198439263e-05,6.689345233569583e-05,6.783528198439263e-05,127.63062054533034
1791276300,6.783528198439263e-05,6.976323973326101e-05,6.783528198439263e-05,6.976323973326101e-05,196.24162954216385
1791276360,6.976323973326101e-05,7.053073492683544e-05,6.976323973326101e-05,7.053073492683544e-05,12.013612683368663
1791276420,7.053073492683544e-05,7.165860030393078e-05,6.95486523994308e-05,7.165860030393078e-05,230.13248954847012
1791276540,7.165860030393078e-05,7.261902767263959e-05,7.165860030393078e-05,7.261902767263959e-05,0.7081067723636648
1791276660,7.261902767263959e-05,7.633470872659005e-05,7.261902767263959e-05,7.633470872659005e-05,359.8431944759653
1791276720,7.633470872659005e-05,7.692280890669065e-05,7.633470872659005e-05,7.692280890669065e-05,98.91934305971168
1791276780,7.692280890669065e-05,7.887335156904027e-05,7.646622536771543e-05,7.80118564804626e-05,437.48385143128405
1791276840,7.80118564804626e-05,7.80118564804626e-05,7.753862824072716e-05,7.753862824072716e-05,36.04446446673212
1791276900,7.753862824072716e-05,7.838910105959685e-05,7.612682185014319e-05,7.687593371389116e-05,141.18159732822122
1791276960,7.687593371389116e-05,7.687593371389116e-05,7.557287709140241e-05,7.557287709140241e-05,27.457340469622018
1791277020,7.557287709140241e-05,7.707832545905221e-05,7.557287709140241e-05,7.707832545905221e-05,67.80153263559106
1791277080,7.707832545905221e-05,7.739178760270376e-05,7.707832545905221e-05,7.739178760270376e-05,36.14213291695671
1791277140,7.739178760270376e-05,7.753395873602527e-05,6.329781278443016e-05,6.662846656652549e-05,2234.6056924913714
1791277200,6.662846656652549e-05,7.107833134767307e-05,6.662846656652549e-05,6.995834208011488e-05,597.1065667812195
1791277260,6.995834208011488e-05,7.027975943204864e-05,6.995834208011488e-05,7.027975943204864e-05,1.6490689860677021
1791277320,7.027975943204864e-05,7.027975943204864e-05,6.686953663255007e-05,6.686953663255007e-05,286.19481005787986
1791277440,6.686953663255007e-05,6.686953663255007e-05,6.655070288920228e-05,6.655070288920228e-05,0.5712925268310554
1791277500,6.655070288920228e-05,6.758480071323467e-05,6.641664687777324e-05,6.758480071323467e-05,39.45497596914576
1791277560,6.758480071323467e-05,6.765742228866071e-05,6.758480071323467e-05,6.765742228866071e-05,3.7164152849618324
1791277620,6.765742228866071e-05,6.950090840766315e-05,6.765742228866071e-05,6.950090840766315e-05,207.39572475613184
1791277680,6.950090840766315e-05,7.035021785028347e-05,6.950090840766315e-05,7.035021785028347e-05,50.534521781319285
1791277740,7.035021785028347e-05,7.040906067450346e-05,6.938309711127598e-05,6.938309711127598e-05,32.467433504532195
1791277800,6.938309711127598e-05,7.022192448095256e-05,6.938309711127598e-05,7.022192448095256e-05,7.157598864877229
1791277920,7.022192448095256e-05,7.022192448095256e-05,6.896034676639335e-05,6.896034676639335e-05,58.49277837127895
1791278100,6.896034676639335e-05,6.972910092051383e-05,6.525437782133628e-05,6.651850221289055e-05,450.0206395051479
1791278160,6.651850221289055e-05,6.651850221289055e-05,6.423366131612821e-05,6.567577654246966e-05,158.807109332406
1791278220,6.567577654246966e-05,6.636155581544622e-05,6.567577654246966e-05,6.636155581544622e-05,5.635985875449705
1791278280,6.636155581544622e-05,6.636155581544622e-05,6.528254474355887e-05,6.612972318365229e-05,42.82394174846138
1791278340,6.612972318365229e-05,6.621225471273099e-05,6.612972318365229e-05,6.621225471273099e-05,9.845535826569645
1791278400,6.621225471273099e-05,6.621225471273099e-05,6.53168013729806e-05,6.53168013729806e-05,0.582437308569577
1791278460,6.53168013729806e-05,6.53168013729806e-05,6.467530504211079e-05,6.467530504211079e-05,129.49919182317697
1791278640,6.467530504211079e-05,6.494463067375384e-05,6.467530504211079e-05,6.494463067375384e-05,1.880172150727072
1791278700,6.494463067375384e-05,6.494463067375384e-05,6.405830862199015e-05,6.405830862199015e-05,1.9081442548332739
1791278760,6.405830862199015e-05,6.450726709649002e-05,6.405830862199015e-05,6.450726709649002e-05,13.133896503431886
1791278820,6.450726709649002e-05,6.478658356268904e-05,6.376188227136488e-05,6.376188227136488e-05,29.988384382479826
1791278880,6.376188227136488e-05,6.469916455321646e-05,6.376188227136488e-05,6.469916455321646e-05,3.426894415449363
1791278940,6.469916455321646e-05,6.475392471737714e-05,6.37705137655112e-05,6.475392471737714e-05,4.119992450827547
1791279000,6.475392471737714e-05,6.491273194494967e-05,6.475392471737714e-05,6.491273194494967e-05,27.32722572646632
1791279060,6.491273194494967e-05,6.513386138826969e-05,6.491273194494967e-05,6.513386138826969e-05,1.8809953785496918
1791279120,6.513386138826969e-05,6.524703487390909e-05,6.513386138826969e-05,6.524703487390909e-05,2.25964407912779
1791279240,6.524703487390909e-05,6.538620412530649e-05,6.439589948613375e-05,6.439589948613375e-05,74.13490402127405
1791279300,6.439589948613375e-05,6.473445406392598e-05,6.400926303276284e-05,6.47080513354386e-05,54.13918240415617
1791279360,6.47080513354386e-05,6.478135343323997e-05,6.47080513354386e-05,6.478135343323997e-05,1.1684594025446144
1791279720,6.478135343323997e-05,6.478135343323997e-05,6.350697522610577e-05,6.350697522610577e-05,115.8756334534916
1791279960,6.350697522610577e-05,6.434352944288977e-05,6.350697522610577e-05,6.434352944288977e-05,1.8031296635556444
1791280140,6.434352944288977e-05,6.434352944288977e-05,6.321322583132751e-05,6.321322583132751e-05,54.38548567666767
1791280200,6.321322583132751e-05,6.389694856005858e-05,6.321322583132751e-05,6.389694856005858e-05,6.108957173356146
1791280320,6.389694856005858e-05,6.794726357612783e-05,6.389694856005858e-05,6.685544062366492e-05,446.50278947720915
1791280440,6.685544062366492e-05,6.685544062366492e-05,6.591274837931714e-05,6.591274837931714e-05,148.19072685465753
1791280500,6.591274837931714e-05,6.629245016711727e-05,6.591274837931714e-05,6.629245016711727e-05,10.707297764376555
1791280560,6.629245016711727e-05,6.668193921076661e-05,6.629245016711727e-05,6.668193921076661e-05,46.107988604166025
1791280620,6.668193921076661e-05,6.676453920200089e-05,6.668193921076661e-05,6.676453920200089e-05,8.837500476343559
1791280740,6.676453920200089e-05,6.709195896513272e-05,6.676453920200089e-05,6.709195896513272e-05,71.8306772453649
1791280860,6.709195896513272e-05,6.747808985422987e-05,6.709195896513272e-05,6.747808985422987e-05,5.477164815553144
1791280920,6.747808985422987e-05,6.756333570919469e-05,6.747808985422987e-05,6.756333570919469e-05,2.378832636865799
1791280980,6.756333570919469e-05,6.756333570919469e-05,6.658689117432965e-05,6.658689117432965e-05,3.915748229937313
1791281160,6.658689117432965e-05,6.752557602071267e-05,6.658689117432965e-05,6.752557602071267e-05,4.950055771765242
1791281220,6.752557602071267e-05,6.753421920566071e-05,6.752557602071267e-05,6.753421920566071e-05,5.912488376350942
1791281280,6.753421920566071e-05,6.753421920566071e-05,6.659981601852417e-05,6.659981601852417e-05,5.8306832107955975
1791281340,6.659981601852417e-05,6.754987763454364e-05,6.659981601852417e-05,6.754987763454364e-05,10.37259013141725
1791281400,6.754987763454364e-05,6.776322151459431e-05,6.685828978379328e-05,6.776322151459431e-05,10.762582692918361
1791281520,6.776322151459431e-05,6.776322151459431e-05,6.519315517122146e-05,6.586794605530656e-05,223.63047843631128
1791281580,6.586794605530656e-05,6.586794605530656e-05,6.465812677878055e-05,6.465812677878055e-05,78.92988395128003
1791281700,6.465812677878055e-05,6.465812677878055e-05,6.417956197628808e-05,6.417956197628808e-05,7.636112010891949
1791281760,6.417956197628808e-05,6.417956197628808e-05,6.347075388384793e-05,6.347075388384793e-05,72.99287945738236
1791281880,6.347075388384793e-05,6.347075388384793e-05,6.31862900541234e-05,6.31862900541234e-05,50.66201224740066
1791281940,6.31862900541234e-05,6.403851097901408e-05,6.315796619511448e-05,6.403851097901408e-05,32.355846311747655
1791282000,6.403851097901408e-05,6.43610892043274e-05,6.403851097901408e-05,6.43610892043274e-05,71.16135299016342
1791282120,6.43610892043274e-05,6.43610892043274e-05,6.38711747090419e-05,6.38711747090419e-05,5.012683261449187
1791282180,6.38711747090419e-05,6.48496384944079e-05,6.38711747090419e-05,6.406267881147706e-05,39.294187649236754
1791282360,6.406267881147706e-05,6.406267881147706e-05,6.177001172391208e-05,6.238821504698024e-05,313.2009186089879
1791282420,6.238821504698024e-05,6.238821504698024e-05,6.099345388291658e-05,6.099345388291658e-05,1.7902292133108442
1791282480,6.099345388291658e-05,6.106344684149613e-05,6.060441576074344e-05,6.106344684149613e-05,89.26464513540307
1791282540,6.106344684149613e-05,6.106344684149613e-05,5.830357265063337e-05,5.839427593378505e-05,298.1525593068747
1791282660,5.839427593378505e-05,5.842517614401201e-05,5.741859321274189e-05,5.8348670590594214e-05,71.92706791084285
1791282720,5.8348670590594214e-05,5.853894571945171e-05,5.8348670590594214e-05,5.853894571945171e-05,9.810255139433059
1791282780,5.853894571945171e-05,5.86268830663208e-05,5.775474021121469e-05,5.8571586398258414e-05,11.901151365205719
1791282840,5.8571586398258414e-05,5.8571586398258414e-05,5.7642086043315534e-05,5.7642086043315534e-05,29.942007542788687
1791282900,5.7642086043315534e-05,5.816353364496427e-05,5.7382851853906215e-05,5.816353364496427e-05,22.02971829776649
1791282960,5.816353364496427e-05,6.0698395125266606e-05,5.816353364496427e-05,6.0698395125266606e-05,363.87180275989556
1791283080,6.0698395125266606e-05,6.274072406502655e-05,6.0698395125266606e-05,6.274072406502655e-05,118.6321596858859
1791283140,6.274072406502655e-05,6.300100142982623e-05,6.274072406502655e-05,6.300100142982623e-05,35.2199943947491
1791283200,6.300100142982623e-05,6.300100142982623e-05,6.181542232754569e-05,6.181542232754569e-05,60.431066640835766
1791283260,6.181542232754569e-05,6.181542232754569e-05,6.163400679402034e-05,6.163400679402034e-05,12.213472145856894
1791283500,6.163400679402034e-05,6.267538714608421e-05,6.163400679402034e-05,6.267538714608421e-05,0.4907253135821674
1791283560,6.267538714608421e-05,6.267538714608421e-05,6.158356247820369e-05,6.158356247820369e-05,26.436009664501718
1791283680,6.158356247820369e-05,6.242379776727671e-05,6.158356247820369e-05,6.242379776727671e-05,9.694486305744284
1791283740,6.242379776727671e-05,6.275629178990775e-05,6.208389361214666e-05,6.208389361214666e-05,53.715021906318725
1791283800,6.208389361214666e-05,6.277600158194806e-05,6.193025362087057e-05,6.277600158194806e-05,29.291095482972498
1791283980,6.277600158194806e-05,6.335174634570267e-05,6.277600158194806e-05,6.335174634570267e-05,59.30818857315692
1791284040,6.335174634570267e-05,6.483848965245922e-05,6.335174634570267e-05,6.411349439386019e-05,169.1585146272135
1791284100,6.411349439386019e-05,6.569527727617141e-05,6.411349439386019e-05,6.569527727617141e-05,78.88574109902349
1791284160,6.569527727617141e-05,6.569527727617141e-05,6.479220700700468e-05,6.479220700700468e-05,0.29552029575575567
1791284280,6.479220700700468e-05,6.479220700700468e-05,6.36382412452887e-05,6.36382412452887e-05,129.36036770650088
1791284340,6.36382412452887e-05,6.439902505642962e-05,6.36382412452887e-05,6.439902505642962e-05,1.1748930437138285
1791284400,6.439902505642962e-05,6.517287877587546e-05,6.439902505642962e-05,6.517287877587546e-05,77.71274198873671
1791284460,6.517287877587546e-05,6.525632239414689e-05,6.438830896110177e-05,6.438830896110177e-05,12.346590466425464
1791284520,6.438830896110177e-05,6.439914744191675e-05,6.438830896110177e-05,6.439914744191675e-05,0.23598666907914753
1791284580,6.439914744191675e-05,6.547157731703224e-05,6.439914744191675e-05,6.547157731703224e-05,20.19429897483179
1791284640,6.547157731703224e-05,6.556939877982488e-05,6.547157731703224e-05,6.556939877982488e-05,1.973709686487822
1791284760,6.556939877982488e-05,6.556939877982488e-05,6.46069636632182e-05,6.46069636632182e-05,0.2135905240556564
1791284880,6.46069636632182e-05,6.558616078266224e-05,6.46069636632182e-05,6.558616078266224e-05,23.46643365446629
1791284940,6.558616078266224e-05,6.616353543820114e-05,6.524876213129332e-05,6.616353543820114e-05,54.49730308277192
1791285000,6.616353543820114e-05,6.946930519077504e-05,6.616353543820114e-05,6.946930519077504e-05,297.56516270280224
1791285060,6.946930519077504e-05,7.028987542409453e-05,6.942821495015289e-05,6.942821495015289e-05,109.75818499639236
1791285120,6.942821495015289e-05,6.942821495015289e-05,6.693427355147714e-05,6.693427355147714e-05,244.2168791402093
1791285180,6.693427355147714e-05,6.852132408788571e-05,6.693427355147714e-05,6.852132408788571e-05,110.10315683095709
1791285240,6.852132408788571e-05,6.910759831848907e-05,6.852132408788571e-05,6.910759831848907e-05,11.901894017196277
1791285420,6.910759831848907e-05,7.079281317750154e-05,6.910759831848907e-05,7.079281317750154e-05,230.16340225445737
1791285540,7.079281317750154e-05,7.798623826651028e-05,7.079281317750154e-05,7.50607131618296e-05,728.3809649251534
1791285600,7.50607131618296e-05,7.954584849244977e-05,7.50607131618296e-05,7.93331948381386e-05,95.75337973155334
1791285660,7.93331948381386e-05,7.93331948381386e-05,7.692995102409901e-05,7.692995102409901e-05,121.4060550199271
1791285720,7.692995102409901e-05,7.794502740006397e-05,7.61510305762627e-05,7.61510305762627e-05,151.79638453989912
1791285780,7.61510305762627e-05,7.61510305762627e-05,7.520022898285079e-05,7.614582432101893e-05,57.25904304311365
1791285840,7.614582432101893e-05,7.614582432101893e-05,7.501541642282655e-05,7.613859093270252e-05,25.57544929366224
1791285960,7.613859093270252e-05,7.613859093270252e-05,7.499126217175467e-05,7.499126217175467e-05,7.172704996982356
1791286020,7.499126217175467e-05,7.499126217175467e-05,7.308116840725261e-05,7.308116840725261e-05,305.3854403856106
1791286080,7.308116840725261e-05,7.51733184603735e-05,7.308116840725261e-05,7.51733184603735e-05,204.23096609056154
1791286140,7.51733184603735e-05,7.51947329420243e-05,7.383369643806491e-05,7.487555139693221e-05,125.55122961335587
1791286200,7.487555139693221e-05,7.54350856632351e-05,7.463502760927327e-05,7.463502760927327e-05,68.87592246645617
1791286320,7.463502760927327e-05,8.478080173403471e-05,7.463502760927327e-05,8.158144622242865e-05,1863.0598669039493
1791286380,8.158144622242865e-05,8.178180553055691e-05,8.052841556721429e-05,8.052841556721429e-05,141.82320178554704
1791286440,8.052841556721429e-05,8.206552133286576e-05,7.976278338595051e-05,7.976278338595051e-05,362.76640133351594
1791286500,7.976278338595051e-05,8.059239103215565e-05,7.976278338595051e-05,8.059239103215565e-05,27.24536497926063
1791286560,8.059239103215565e-05,8.10826719771078e-05,7.837928899028362e-05,7.837928899028362e-05,199.92553550818096
1791286620,7.837928899028362e-05,8.024180668497418e-05,7.837928899028362e-05,8.024180668497418e-05,111.99555345234452
1791286680,8.024180668497418e-05,8.098360039846903e-05,8.024180668497418e-05,8.098360039846903e-05,69.72172587861577
1791286740,8.098360039846903e-05,8.143393587012825e-05,7.92864572344405e-05,7.92864572344405e-05,134.99702488863065
1791286800,7.92864572344405e-05,8.015500898247878e-05,7.92864572344405e-05,8.015500898247878e-05,2.213795125192591
1791286860,8.015500898247878e-05,8.015500898247878e-05,7.796566871573418e-05,7.796566871573418e-05,202.51472634025873
1791286920,7.796566871573418e-05,7.796566871573418e-05,7.792440218107315e-05,7.792440218107315e-05,11.89194415245019
1791286980,7.792440218107315e-05,7.869440462832991e-05,7.792440218107315e-05,7.869440462832991e-05,59.92812842037725
1791287040,7.869440462832991e-05,7.88398013868883e-05,7.869440462832991e-05,7.88398013868883e-05,17.909491904497056
1791287100,7.88398013868883e-05,7.8981385329215e-05,7.88398013868883e-05,7.8981385329215e-05,11.870363185744731
1791287160,7.8981385329215e-05,7.8981385329215e-05,7.799342473249283e-05,7.799342473249283e-05,2.776015035837299
1791287220,7.799342473249283e-05,8.104866182409871e-05,7.799342473249283e-05,8.104866182409871e-05,310.8832883077696
1791287280,8.104866182409871e-05,8.429864958731536e-05,8.104866182409871e-05,8.429864958731536e-05,465.17751007087907
1791287340,8.429864958731536e-05,8.528963141069085e-05,8.356488343570071e-05,8.528963141069085e-05,255.8017809515937
1791287400,8.528963141069085e-05,8.783554724556328e-05,8.528963141069085e-05,8.783554724556328e-05,280.99211841158655
1791287460,8.783554724556328e-05,8.808440971381773e-05,8.783554724556328e-05,8.808440971381773e-05,24.902670665710716
1791287520,8.808440971381773e-05,9.225720532784748e-05,8.808440971381773e-05,9.225720532784748e-05,383.48966505437187
1791287580,9.225720532784748e-05,9.492149444007572e-05,9.172829011748962e-05,9.360515751688972e-05,463.5727206324435
1791287640,9.360515751688972e-05,9.360515751688972e-05,9.163027868092213e-05,9.247710650004032e-05,206.51914827316105
1791287700,9.247710650004032e-05,0.00011269473925077392,9.247710650004032e-05,0.00010834787459987998,2224.624622751067
1791287760,0.00010834787459987998,0.00010951241488252173,0.00010756223940406287,0.00010930122657698198,84.01197733832099
1791287820,0.00010930122657698198,0.00010930122657698198,9.949545077037537e-05,0.00010257307542730524,930.7174494194692
1791287880,0.00010257307542730524,0.0001031730371956183,0.00010012173502304129,0.00010105918569186817,237.09741462038747
1791287940,0.00010105918569186817,0.00010105918569186817,9.795661343517085e-05,9.934432452578236e-05,151.55429831572113
1791288000,9.934432452578236e-05,9.934432452578236e-05,9.790593603963925e-05,9.790593603963925e-05,12.441407174517117
1791288060,9.790593603963925e-05,9.790593603963925e-05,9.749776145469416e-05,9.749776145469416e-05,25.652088580038164
1791288120,9.749776145469416e-05,9.92060111983117e-05,9.749293247581416e-05,9.92060111983117e-05,56.46687112731
1791288180,9.92060111983117e-05,9.953421423679077e-05,8.676501127184968e-05,8.995302642890961e-05,1378.061819538827
1791288240,8.995302642890961e-05,9.057305732726915e-05,8.797363455490364e-05,8.797363455490364e-05,287.676650651148
1791288300,8.797363455490364e-05,8.797363455490364e-05,8.597450620345527e-05,8.744758336511387e-05,108.59772456389099
1791288360,8.744758336511387e-05,8.751158836436318e-05,8.580630405889466e-05,8.580630405889466e-05,57.39136097215816
1791288420,8.580630405889466e-05,9.47435810676383e-05,8.580630405889466e-05,9.135772808461706e-05,965.0672458585249
1791288480,9.135772808461706e-05,9.460863042441554e-05,9.135772808461706e-05,9.460863042441554e-05,241.78515944313207
1791288540,9.460863042441554e-05,9.688531946816133e-05,9.460863042441554e-05,9.558639839891801e-05,343.82336996549543
1791288600,9.558639839891801e-05,0.00010191386915349387,9.558639839891801e-05,0.00010191386915349387,508.4587353936289
1791288660,0.00010191386915349387,0.00010201238350917725,9.842949020473896e-05,9.849813596895862e-05,318.9441468382342
1791288720,9.849813596895862e-05,9.849813596895862e-05,8.379938941423438e-05,8.558755605242962e-05,1695.3587326013617
1791288780,8.558755605242962e-05,8.847308843209935e-05,8.444280775803613e-05,8.614462478024007e-05,539.3556291742885
1791288840,8.614462478024007e-05,8.614462478024007e-05,8.033293309159557e-05,8.292055151209443e-05,972.9211122510917
1791288900,8.292055151209443e-05,8.324394202972539e-05,8.292055151209443e-05,8.321430378669237e-05,5.38403719675501
1791288960,8.321430378669237e-05,8.463519733265258e-05,8.321430378669237e-05,8.463519733265258e-05,30.707335602197514
1791289020,8.463519733265258e-05,8.504587515575701e-05,8.362025265294398e-05,8.405398613434782e-05,66.1439126022388
1791289080,8.405398613434782e-05,8.539448194880717e-05,8.329491101516308e-05,8.330581024548379e-05,118.67766109574058
1791289140,8.330581024548379e-05,8.466717997566985e-05,8.330581024548379e-05,8.466717997566985e-05,23.740591089672087
1791289200,8.466717997566985e-05,8.473871833794134e-05,8.466717997566985e-05,8.473871833794134e-05,1.1576775270861297
1791289320,8.473871833794134e-05,8.473871833794134e-05,6.263660826972735e-05,7.01925061752101e-05,3899.155198595141
1791289380,7.01925061752101e-05,7.183111912279633e-05,6.973346940932214e-05,7.047862198422484e-05,488.47240936963163
1791289440,7.047862198422484e-05,7.047862198422484e-05,6.931014664322789e-05,7.024170892579232e-05,123.07869842020563
1791289500,7.024170892579232e-05,7.024170892579232e-05,6.783676089527325e-05,6.783676089527325e-05,212.02627100758508
1791289560,6.783676089527325e-05,6.783676089527325e-05,6.705018561829743e-05,6.705018561829743e-05,3.9501122567054034
1791289620,6.705018561829743e-05,6.835762982532152e-05,6.705018561829743e-05,6.835762982532152e-05,61.65170260243782
1791289680,6.835762982532152e-05,6.852347898269275e-05,6.743916184156308e-05,6.764406381415287e-05,26.665979314586814
1791289740,6.764406381415287e-05,6.766508632487544e-05,6.76321683483167e-05,6.76321683483167e-05,3.951234703633742
1791289800,6.76321683483167e-05,6.76321683483167e-05,6.401509369577862e-05,6.401509369577862e-05,511.8805958170608
1791289860,6.401509369577862e-05,6.499805468503359e-05,6.401509369577862e-05,6.499805468503359e-05,3.0489098672500883
1791289920,6.499805468503359e-05,6.550865455767817e-05,6.208667670387837e-05,6.333500649022617e-05,552.5887595215123
1791289980,6.333500649022617e-05,6.47144774399604e-05,6.217334349080609e-05,6.47144774399604e-05,559.0759055383951
1791290040,6.47144774399604e-05,6.520852791929422e-05,6.40886711932214e-05,6.520852791929422e-05,35.681773919070274
1791290100,6.520852791929422e-05,6.537080266403869e-05,6.437335920310193e-05,6.440245275579614e-05,23.990183936401323
1791290160,6.440245275579614e-05,6.440245275579614e-05,6.409918273265626e-05,6.409918273265626e-05,31.62660646701697
1791290220,6.409918273265626e-05,6.517944516975922e-05,6.350340986161633e-05,6.350340986161633e-05,111.08945997610958
1791290280,6.350340986161633e-05,6.350340986161633e-05,6.347231922075036e-05,6.347231922075036e-05,1.97446114620487
1791290340,6.347231922075036e-05,6.443719871013383e-05,6.347231922075036e-05,6.357628086978671e-05,18.097705541356504
1791290400,6.357628086978671e-05,6.459386131427825e-05,6.355120992250882e-05,6.376967108761658e-05,24.104280715680275
1791290460,6.376967108761658e-05,6.376967108761658e-05,6.049877655535477e-05,6.049877655535477e-05,344.52650264185996
1791290520,6.049877655535477e-05,6.1337911339306e-05,6.033852647120064e-05,6.063351301245891e-05,78.10636652407142
1791290580,6.063351301245891e-05,6.262042324961714e-05,6.063351301245891e-05,6.262042324961714e-05,226.50561240106313
1791290640,6.262042324961714e-05,6.355151467722888e-05,6.211569446987277e-05,6.25511987673548e-05,121.572473147071
1791290700,6.25511987673548e-05,6.25511987673548e-05,6.18190103796992e-05,6.18190103796992e-05,76.83860674972277
1791290760,6.18190103796992e-05,6.198473898198538e-05,6.108768443762874e-05,6.108768443762874e-05,78.44912843989616
1791290820,6.108768443762874e-05,6.14280410504541e-05,6.0339511865959794e-05,6.14280410504541e-05,115.02207464600838
1791290880,6.14280410504541e-05,6.196259586273936e-05,6.044144138030449e-05,6.044144138030449e-05,313.11545469728696
1791290940,6.044144138030449e-05,6.0960052658984967e-05,5.209345678414504e-05,5.209345678414504e-05,1281.3540389316677
1791291000,5.209345678414504e-05,5.372240499008597e-05,5.209345678414504e-05,5.320310798472234e-05,127.64818020742658
1791291060,5.320310798472234e-05,5.527081127498058e-05,5.245865153102534e-05,5.527081127498058e-05,320.14602322484205
1791291120,5.527081127498058e-05,5.535392374180234e-05,5.460484697974916e-05,5.461603747670787e-05,16.562715347110235
1791291180,5.461603747670787e-05,5.827438247193554e-05,5.461603747670787e-05,5.751767004006476e-05,418.01709888569485
1791291240,5.751767004006476e-05,5.751767004006476e-05,5.657567390764757e-05,5.708417116028471e-05,142.86694863650797
1791291300,5.708417116028471e-05,6.0699543874047174e-05,5.620987493597593e-05,6.0699543874047174e-05,500.05183427757584
1791291360,6.0699543874047174e-05,6.160425593699511e-05,6.067181946068883e-05,6.081519832347946e-05,21.258685805144903
1791291420,6.081519832347946e-05,6.243741973291303e-05,6.081519832347946e-05,6.201772876023617e-05,134.0089978861727
1791291480,6.201772876023617e-05,6.201772876023617e-05,6.050375500714881e-05,6.112176687990763e-05,214.74335826745255
1791291540,6.112176687990763e-05,6.48758355522157e-05,6.112176687990763e-05,6.431450351030601e-05,341.3968149226208
1791291600,6.431450351030601e-05,6.54918350441384e-05,6.431450351030601e-05,6.480451854033319e-05,63.74009444464288
1791291660,6.480451854033319e-05,6.480451854033319e-05,6.319674623942153e-05,6.319674623942153e-05,322.88967970349825
1791291720,6.319674623942153e-05,6.319674623942153e-05,6.165554146430974e-05,6.248768483825295e-05,6.625668123719967
1791291780,6.248768483825295e-05,6.399801246751803e-05,6.162587900394735e-05,6.299619129430332e-05,211.0605457748048
1791291840,6.299619129430332e-05,8.141396843377125e-05,6.299619129430332e-05,8.090985941341802e-05,1712.7668992200367
1791291900,8.090985941341802e-05,8.341566411130053e-05,8.054640231797021e-05,8.227967181720766e-05,310.57364408288277
1791291960,8.227967181720766e-05,8.227967181720766e-05,7.205878826071838e-05,7.39474941830743e-05,1279.2460157063254
1791292020,7.39474941830743e-05,7.39474941830743e-05,7.224441153516834e-05,7.224441153516834e-05,174.82528367659214
1791292080,7.224441153516834e-05,7.26600048175463e-05,7.146085885748375e-05,7.26600048175463e-05,43.879616760111354
1791292140,7.26600048175463e-05,7.49584260664885e-05,7.26600048175463e-05,7.49584260664885e-05,223.7753715954788
1791292260,7.49584260664885e-05,7.587889551075277e-05,7.449569406581419e-05,7.449569406581419e-05,184.0761609829296
1791292380,7.449569406581419e-05,7.449569406581419e-05,7.40552701708384e-05,7.40552701708384e-05,55.57420542192901
1791292500,7.40552701708384e-05,7.473041202606608e-05,6.686723472420383e-05,6.85108701830454e-05,703.3378545277241
1791292560,6.85108701830454e-05,6.957405443308947e-05,6.640762862006352e-05,6.957405443308947e-05,341.49447346388587
1791292620,6.957405443308947e-05,7.046892842665267e-05,6.897333388025739e-05,6.909178028090382e-05,180.77179318028098
1791292740,6.909178028090382e-05,6.975028259995799e-05,6.909178028090382e-05,6.975028259995799e-05,1.9771205981184303
1791292800,6.975028259995799e-05,6.975028259995799e-05,6.860777512827334e-05,6.860777512827334e-05,33.4176960670494
1791292860,6.860777512827334e-05,6.860777512827334e-05,6.690451684598472e-05,6.797754147262435e-05,219.395134064206
1791292920,6.797754147262435e-05,6.797754147262435e-05,6.651366732422838e-05,6.651366732422838e-05,152.61453387876028
1791292980,6.651366732422838e-05,6.659214303256806e-05,6.569581744101736e-05,6.659214303256806e-05,19.470246100489405
1791293100,6.659214303256806e-05,6.6779402975554e-05,6.659214303256806e-05,6.6779402975554e-05,47.618679398896376
1791293160,6.6779402975554e-05,6.6779402975554e-05,6.316478417615171e-05,6.316478417615171e-05,329.04971535192533
1791293220,6.316478417615171e-05,6.316478417615171e-05,6.270404339980543e-05,6.270404339980543e-05,34.73301195979644
1791293280,6.270404339980543e-05,6.366787960707672e-05,6.255905637461259e-05,6.255905637461259e-05,41.93229957804427
1791293340,6.255905637461259e-05,6.255905637461259e-05,6.252729610151721e-05,6.252729610151721e-05,80.50762813488373
1791293700,6.252729610151721e-05,6.252729610151721e-05,6.115105800870617e-05,6.115105800870617e-05,131.14078907189023
1791293820,6.115105800870617e-05,6.238107186210425e-05,6.115105800870617e-05,6.179708678475646e-05,69.37096151790364
1791293880,6.179708678475646e-05,6.307598412073891e-05,6.179708678475646e-05,6.307598412073891e-05,98.86800716498843
1791294000,6.307598412073891e-05,6.366602024975025e-05,6.307598412073891e-05,6.366602024975025e-05,9.473123840347464
1791294120,6.366602024975025e-05,6.366602024975025e-05,6.278961044279131e-05,6.278961044279131e-05,6.221322598997312
1791294180,6.278961044279131e-05,6.278961044279131e-05,6.239647605892761e-05,6.239647605892761e-05,74.66206309594725
1791294240,6.239647605892761e-05,6.239647605892761e-05,6.198593602332292e-05,6.198593602332292e-05,11.985974986320894
1791294360,6.198593602332292e-05,6.201575736045412e-05,6.198593602332292e-05,6.201575736045412e-05,7.686077927861282
1791294420,6.201575736045412e-05,6.201575736045412e-05,6.198465292574064e-05,6.198465292574064e-05,5.560475235186856
1791294480,6.198465292574064e-05,6.277660553626646e-05,6.198465292574064e-05,6.277660553626646e-05,17.94421576548642
1791294540,6.277660553626646e-05,6.277660553626646e-05,6.196784644810234e-05,6.196784644810234e-05,4.136137906362861
1791294660,6.196784644810234e-05,6.294246753478192e-05,6.178219035987515e-05,6.178219035987515e-05,71.36736492991773
1791294780,6.178219035987515e-05,6.271907460515957e-05,6.178219035987515e-05,6.271907460515957e-05,68.79497229860982
1791294900,6.271907460515957e-05,6.271907460515957e-05,6.21137458423208e-05,6.21137458423208e-05,0.054914882702952784
1791294960,6.21137458423208e-05,6.21137458423208e-05,6.169815358626181e-05,6.169815358626181e-05,89.97771914536496
1791295020,6.169815358626181e-05,6.243140767103313e-05,6.169815358626181e-05,6.243140767103313e-05,74.35917763573279
1791295200,6.243140767103313e-05,6.243140767103313e-05,6.118219739522524e-05,6.118219739522524e-05,149.895401950067
1791295320,6.118219739522524e-05,6.118219739522524e-05,5.979538635943608e-05,6.0607411426616386e-05,79.31404972861542
1791295440,6.0607411426616386e-05,6.0643681393191e-05,5.902801985849075e-05,5.902801985849075e-05,159.37449245132666
1791295560,5.902801985849075e-05,5.912391054841216e-05,5.814829100788309e-05,5.814829100788309e-05,57.30420934951402
1791295620,5.814829100788309e-05,5.882404509985671e-05,5.7466108350305096e-05,5.826810677726975e-05,299.4335005148809
1791295680,5.826810677726975e-05,5.826810677726975e-05,5.764424916348438e-05,5.764424916348438e-05,43.67296327439909
1791295800,5.764424916348438e-05,5.764424916348438e-05,5.757343323028798e-05,5.757343323028798e-05,10.347438397136033
1791295860,5.757343323028798e-05,5.757343323028798e-05,5.234140355377168e-05,5.543299384447198e-05,847.1535455273875
1791295920,5.543299384447198e-05,5.635247012934195e-05,5.463032195460534e-05,5.635247012934195e-05,204.35239968552784
1791295980,5.635247012934195e-05,5.6908192764428705e-05,5.635247012934195e-05,5.6908192764428705e-05,19.135484355340566
1791296040,5.6908192764428705e-05,5.7160333542072354e-05,5.619572035784377e-05,5.7160333542072354e-05,53.37542774713514
1791296100,5.7160333542072354e-05,5.7160333542072354e-05,5.562323369967682e-05,5.562323369967682e-05,208.1724100043612
1791296160,5.562323369967682e-05,5.6944735996838984e-05,5.4906307779507696e-05,5.6944735996838984e-05,165.35962841167287
1791296220,5.6944735996838984e-05,5.6944735996838984e-05,5.602376016983677e-05,5.679565474782258e-05,26.491243686684818
1791296280,5.679565474782258e-05,5.7085325790169805e-05,5.604457859094826e-05,5.7085325790169805e-05,80.76462427471444
1791296400,5.7085325790169805e-05,5.7085325790169805e-05,5.619131393978641e-05,5.619131393978641e-05,56.94062457207257
1791296460,5.619131393978641e-05,5.800597936972777e-05,5.619131393978641e-05,5.745542462079582e-05,184.2560566813499
1791296520,5.745542462079582e-05,5.879968436178908e-05,5.745542462079582e-05,5.879968436178908e-05,63.624257484468934
1791296700,5.879968436178908e-05,5.936984850769556e-05,5.879968436178908e-05,5.8803899724684315e-05,68.29200710691181
1791296820,5.8803899724684315e-05,5.9517817894436456e-05,5.8324239440120427e-05,5.9517817894436456e-05,324.461177975464
1791296940,5.9517817894436456e-05,6.030259067200289e-05,5.9155621194310236e-05,5.9155621194310236e-05,75.26322066681328
1791297000,5.9155621194310236e-05,5.9748573355862094e-05,5.837049556087026e-05,5.837049556087026e-05,139.61751859397722
1791297180,5.837049556087026e-05,5.8697968452980005e-05,5.837049556087026e-05,5.8697968452980005e-05,8.64266350058939
1791297240,5.8697968452980005e-05,5.8697968452980005e-05,5.692584508854104e-05,5.692584508854104e-05,210.40447369646267
1791297300,5.692584508854104e-05,5.692584508854104e-05,5.588671263446621e-05,5.664416813490795e-05,25.263249705040174
1791297420,5.664416813490795e-05,5.7141149075548564e-05,5.664416813490795e-05,5.7141149075548564e-05,50.05919251458552
1791297480,5.7141149075548564e-05,5.7141149075548564e-05,5.587184709816838e-05,5.587184709816838e-05,85.09555594049694
1791297540,5.587184709816838e-05,5.7186594263793886e-05,5.587184709816838e-05,5.7186594263793886e-05,73.71739558637258
1791297600,5.7186594263793886e-05,5.7186594263793886e-05,5.636190801133568e-05,5.636190801133568e-05,42.15569110523936
1791297660,5.636190801133568e-05,5.751898407534847e-05,5.636190801133568e-05,5.751898407534847e-05,60.08543079508765
1791297720,5.751898407534847e-05,5.751898407534847e-05,5.703330270021642e-05,5.703330270021642e-05,2.2242988053084405
1791297780,5.703330270021642e-05,5.703330270021642e-05,5.696245376762317e-05,5.696245376762317e-05,0.5696302339216084
1791297840,5.696245376762317e-05,5.696470945143013e-05,5.696245376762317e-05,5.696470945143013e-05,0.07093195321053634
1791297900,5.696470945143013e-05,5.783817221324993e-05,5.696470945143013e-05,5.783817221324993e-05,14.496890866526924
1791297960,5.783817221324993e-05,5.884142228440872e-05,5.783817221324993e-05,5.884142228440872e-05,149.21829894543717
1791298020,5.884142228440872e-05,5.92955465597909e-05,5.884142228440872e-05,5.92955465597909e-05,5.427915027323542
1791298080,5.92955465597909e-05,5.9319659617918065e-05,5.92955465597909e-05,5.9319659617918065e-05,7.205382069372342
1791298140,5.9319659617918065e-05,5.9319659617918065e-05,5.846625907598334e-05,5.846625907598334e-05,0.31004124303122244
1791298200,5.846625907598334e-05,5.946505563192511e-05,5.846625907598334e-05,5.946505563192511e-05,36.83973284554922
1791298260,5.946505563192511e-05,5.990248252966875e-05,5.946505563192511e-05,5.990248252966875e-05,24.149707597943127
1791298440,5.990248252966875e-05,5.990248252966875e-05,5.9018466892296095e-05,5.9018466892296095e-05,28.59986760619393
1791298560,5.9018466892296095e-05,5.977926739104405e-05,5.888080054167755e-05,5.977926739104405e-05,32.76420136345222
1791298620,5.977926739104405e-05,5.994873924492536e-05,5.977926739104405e-05,5.994873924492536e-05,10.662685203239777
1791298680,5.994873924492536e-05,5.994873924492536e-05,5.9143537101834504e-05,5.9186810396672456e-05,3.26089204620079
1791298740,5.9186810396672456e-05,6.021593266175358e-05,5.9186810396672456e-05,6.021593266175358e-05,33.2413664215776
1791298800,6.021593266175358e-05,6.065221312055613e-05,6.021593266175358e-05,6.065221312055613e-05,58.8376833030499
1791298860,6.065221312055613e-05,6.065221312055613e-05,6.0034283142344316e-05,6.0034283142344316e-05,0.06398431210355458
1791298920,6.0034283142344316e-05,6.102118679275652e-05,6.0034283142344316e-05,6.102118679275652e-05,12.108301878867127
1791298980,6.102118679275652e-05,6.116660611416818e-05,6.102118679275652e-05,6.116660611416818e-05,24.0615488426406
1791299040,6.116660611416818e-05,6.132606567912848e-05,6.04633223600928e-05,6.132054592454207e-05,28.580127572596115
1791299100,6.132054592454207e-05,6.142280346965776e-05,6.0572764851396216e-05,6.0572764851396216e-05,4.380316664042772
1791299160,6.0572764851396216e-05,6.0572764851396216e-05,6.045510736529769e-05,6.045510736529769e-05,16.423548942838814
1791299220,6.045510736529769e-05,6.045510736529769e-05,5.979426595054796e-05,6.0248860190229636e-05,168.1888416846061
1791299340,6.0248860190229636e-05,6.0248860190229636e-05,5.8965365274539005e-05,5.8965365274539005e-05,103.54942666186271
1791299400,5.8965365274539005e-05,5.937198768932648e-05,5.8965365274539005e-05,5.937198768932648e-05,1.9804624604217116
1791299460,5.937198768932648e-05,6.004602820987269e-05,5.937198768932648e-05,6.004602820987269e-05,97.16203932385437
1791299520,6.004602820987269e-05,6.041137011554835e-05,5.9457567596312816e-05,5.9687455352078905e-05,26.040403313866218
1791299580,5.9687455352078905e-05,5.9687455352078905e-05,5.926521284275552e-05,5.926521284275552e-05,89.9703189729645
1791299640,5.926521284275552e-05,6.749699202437177e-05,5.926521284275552e-05,6.510595804257159e-05,312.12420435982125
1791299700,6.510595804257159e-05,6.550391055520713e-05,6.419355401851455e-05,6.550391055520713e-05,60.93498243016793
1791299760,6.550391055520713e-05,6.550391055520713e-05,6.239556699536354e-05,6.34441242801382e-05,252.29691694369683
1791299820,6.34441242801382e-05,6.34441242801382e-05,6.180034659266159e-05,6.248610696314656e-05,140.68066119049556
1791299880,6.248610696314656e-05,6.248610696314656e-05,6.056366649370777e-05,6.056366649370777e-05,216.23587829354767
1791299940,6.056366649370777e-05,6.059135295550033e-05,5.968917608157225e-05,6.059135295550033e-05,28.261639603716205
1791300060,6.059135295550033e-05,6.0854336908926684e-05,6.059135295550033e-05,6.0854336908926684e-05,56.04359409584851
1791300120,6.0854336908926684e-05,6.0854336908926684e-05,5.8873845319199604e-05,5.8873845319199604e-05,148.7088214581817
1791300180,5.8873845319199604e-05,5.8873845319199604e-05,5.8830018100549926e-05,5.8830018100549926e-05,1.28733729586006
1791300240,5.8830018100549926e-05,5.969350971658514e-05,5.856770224408424e-05,5.856770224408424e-05,110.36944622696583
1791300300,5.856770224408424e-05,5.856770224408424e-05,5.720697253646117e-05,5.720697253646117e-05,208.33257170141604
1791300360,5.720697253646117e-05,5.720697253646117e-05,5.614363720394884e-05,5.7046671746979834e-05,47.73739924272797
1791300420,5.7046671746979834e-05,5.713541405704961e-05,5.7046671746979834e-05,5.713541405704961e-05,1.9788409086468883
1791300540,5.713541405704961e-05,5.713541405704961e-05,5.616826649407528e-05,5.616826649407528e-05,33.91553844610859
1791300660,5.616826649407528e-05,5.616826649407528e-05,5.247187656636263e-05,5.510881893531566e-05,772.720812054861
1791300720,5.510881893531566e-05,5.514211410364812e-05,5.4314629047162696e-05,5.4314629047162696e-05,19.918240755519854
1791300780,5.4314629047162696e-05,5.4314629047162696e-05,5.404533747977827e-05,5.404533747977827e-05,58.49126965537856
1791300840,5.404533747977827e-05,5.503857457954361e-05,5.404533747977827e-05,5.503857457954361e-05,98.99205267487424
1791300900,5.503857457954361e-05,5.585656084905275e-05,5.503857457954361e-05,5.521440963197204e-05,86.57348639467116
1791300960,5.521440963197204e-05,6.132235965346002e-05,5.521440963197204e-05,6.051371239513061e-05,602.5468762479362
1791301020,6.051371239513061e-05,6.051371239513061e-05,6.0457160915764906e-05,6.0457160915764906e-05,2.5144017657376105
1791301140,6.0457160915764906e-05,6.127911054134967e-05,6.0376865930280665e-05,6.127911054134967e-05,33.44725052266612
1791301200,6.127911054134967e-05,6.30192451040959e-05,6.127911054134967e-05,6.30192451040959e-05,339.0545265617612
1791301260,6.30192451040959e-05,6.30192451040959e-05,6.211326526169016e-05,6.211326526169016e-05,82.9046260126031
1791301380,6.211326526169016e-05,6.288462868302354e-05,6.211326526169016e-05,6.288462868302354e-05,4.628284570473705
1791301440,6.288462868302354e-05,6.3056975570702e-05,6.220294397619344e-05,6.220294397619344e-05,57.11765326304765
1791301560,6.220294397619344e-05,6.306946506618714e-05,6.220294397619344e-05,6.306946506618714e-05,16.980368342589433
1791301620,6.306946506618714e-05,6.306946506618714e-05,6.22122514757018e-05,6.22122514757018e-05,12.58225665483542
1791301740,6.22122514757018e-05,6.304334975186609e-05,6.208011660297053e-05,6.304334975186609e-05,29.609816649642745
1791301800,6.304334975186609e-05,6.383481807652461e-05,6.304334975186609e-05,6.336907142972545e-05,183.67101008796158
1791301860,6.336907142972545e-05,6.336907142972545e-05,6.24705444075219e-05,6.24705444075219e-05,71.12353022991634
1791301920,6.24705444075219e-05,6.24705444075219e-05,6.231554530017801e-05,6.231554530017801e-05,14.373482217051
1791301980,6.231554530017801e-05,6.31600109947801e-05,6.231554530017801e-05,6.31600109947801e-05,2.3661376870538753
1791302100,6.31600109947801e-05,6.31600109947801e-05,6.224372293115108e-05,6.31360603891006e-05,7.510434816858998
1791302160,6.31360603891006e-05,6.31360603891006e-05,6.157312075530272e-05,6.157312075530272e-05,137.31365854362917
1791302220,6.157312075530272e-05,6.185746604604118e-05,6.0918896284718395e-05,6.0918896284718395e-05,51.253757046661555
1791302340,6.0918896284718395e-05,6.143736431970943e-05,6.0548434580918984e-05,6.143736431970943e-05,13.986225810020343
1791302400,6.143736431970943e-05,6.145672035973778e-05,6.0115837243504096e-05,6.0115837243504096e-05,110.48675030050477
1791302640,6.0115837243504096e-05,6.104762489105535e-05,6.0115837243504096e-05,6.104762489105535e-05,52.99182482199209
1791302700,6.104762489105535e-05,6.104762489105535e-05,6.0188342028564244e-05,6.0188342028564244e-05,9.175332156197848
1791302760,6.0188342028564244e-05,6.0188342028564244e-05,6.0035485857839967e-05,6.0035485857839967e-05,20.132749348431467
1791302820,6.0035485857839967e-05,6.0035485857839967e-05,5.961047336330009e-05,5.961047336330009e-05,49.352545148529146
1791302880,5.961047336330009e-05,6.140286865979446e-05,5.961047336330009e-05,6.140286865979446e-05,106.14861370805576
1791302940,6.140286865979446e-05,6.140286865979446e-05,6.13942924649222e-05,6.13942924649222e-05,5.930579861793602
1791303120,6.13942924649222e-05,6.13942924649222e-05,5.931860932091356e-05,5.931860932091356e-05,145.35272706145312
1791303180,5.931860932091356e-05,5.931860932091356e-05,5.90834450017203e-05,5.90834450017203e-05,30.91919188573855
1791303240,5.90834450017203e-05,5.982316446400532e-05,5.895173809145898e-05,5.982316446400532e-05,37.64289095970083
1791303300,5.982316446400532e-05,5.995672977694756e-05,5.982316446400532e-05,5.995672977694756e-05,7.373918923573244
1791303360,5.995672977694756e-05,5.995672977694756e-05,5.901810172778986e-05,5.901810172778986e-05,12.331013406694481
1791303480,5.901810172778986e-05,5.901810172778986e-05,5.8706907741444494e-05,5.8706907741444494e-05,59.95428217901875
1791303660,5.8706907741444494e-05,5.9463632330881425e-05,5.8706907741444494e-05,5.9463632330881425e-05,52.64867653627899
1791303720,5.9463632330881425e-05,5.9463632330881425e-05,5.878746748563035e-05,5.878746748563035e-05,16.194521627599663
1791303840,5.878746748563035e-05,5.878746748563035e-05,5.864410989807653e-05,5.864410989807653e-05,0.09902297640631787
1791303960,5.864410989807653e-05,5.9499915270054016e-05,5.864410989807653e-05,5.869456796214685e-05,10.287816656803793
1791304020,5.869456796214685e-05,5.869456796214685e-05,5.8349851490297996e-05,5.8349851490297996e-05,60.21428174982382
1791304080,5.8349851490297996e-05,5.8349851490297996e-05,5.8067719390152386e-05,5.8067719390152386e-05,0.4712542375585419
1791304140,5.8067719390152386e-05,5.8067719390152386e-05,5.787649310923079e-05,5.787649310923079e-05,21.012985699505126
1791304200,5.787649310923079e-05,5.853055298987265e-05,5.775673025935667e-05,5.775673025935667e-05,5.294821811768881
1791304260,5.775673025935667e-05,5.8617277289127604e-05,5.775673025935667e-05,5.8617277289127604e-05,4.85055028228759
1791304320,5.8617277289127604e-05,5.8617277289127604e-05,5.7500523119491425e-05,5.7500523119491425e-05,52.25223175479902
1791304500,5.7500523119491425e-05,5.803822579798213e-05,5.7500523119491425e-05,5.803822579798213e-05,0.9892700578443911
1791304560,5.803822579798213e-05,5.9368202261872925e-05,5.803822579798213e-05,5.863489005823385e-05,202.70917611709422
1791304620,5.863489005823385e-05,5.99754094901003e-05,5.863489005823385e-05,5.99754094901003e-05,111.37503841207132
1791304680,5.99754094901003e-05,5.99754094901003e-05,5.955056879888714e-05,5.955056879888714e-05,4.830398985696167
1791304740,5.955056879888714e-05,6.103556023258889e-05,5.955056879888714e-05,6.018167877450092e-05,75.6537977149935
1791304860,6.018167877450092e-05,6.018167877450092e-05,6.015463411205913e-05,6.015463411205913e-05,2.44535961474709
1791304980,6.015463411205913e-05,6.126034634332703e-05,6.015463411205913e-05,6.126034634332703e-05,61.143942944219674
1791305100,6.126034634332703e-05,6.126034634332703e-05,6.0488859218987e-05,6.0488859218987e-05,63.18781916793138
1791305220,6.0488859218987e-05,6.459930551104784e-05,6.0488859218987e-05,6.459930551104784e-05,759.956209137786
1791305280,6.459930551104784e-05,6.859499467121566e-05,6.459930551104784e-05,6.859499467121566e-05,49.06173542614959
1791305340,6.859499467121566e-05,6.859499467121566e-05,6.75925535161324e-05,6.75925535161324e-05,62.249131706574616
1791305400,6.75925535161324e-05,6.75925535161324e-05,6.722532790837594e-05,6.722532790837594e-05,2.3916256991454437
1791305460,6.722532790837594e-05,6.829563256634804e-05,6.722532790837594e-05,6.829563256634804e-05,19.628172269140926
1791305520,6.829563256634804e-05,6.829563256634804e-05,6.73332376236571e-05,6.826844609041339e-05,36.5372566236997
1791305580,6.826844609041339e-05,6.846259250130298e-05,6.733981828905861e-05,6.733981828905861e-05,61.40867551769909
1791305640,6.733981828905861e-05,6.733981828905861e-05,6.673916898641386e-05,6.673916898641386e-05,53.74424029409781
1791305700,6.673916898641386e-05,6.778589595821311e-05,6.673916898641386e-05,6.778589595821311e-05,20.19047452631096
1791305760,6.778589595821311e-05,6.778589595821311e-05,6.696162729226986e-05,6.696162729226986e-05,0.4807572700835497
1791305820,6.696162729226986e-05,6.783842050131691e-05,6.696162729226986e-05,6.783842050131691e-05,2.9662975058983014
1791305880,6.783842050131691e-05,6.799508280884012e-05,6.701047637280322e-05,6.701047637280322e-05,14.19569128917486
1791305940,6.701047637280322e-05,6.701047637280322e-05,6.674748976392446e-05,6.674748976392446e-05,54.57124976571853
1791306060,6.674748976392446e-05,6.765618451034235e-05,6.650506625005986e-05,6.765618451034235e-05,44.69386752789398
1791306180,6.765618451034235e-05,6.765618451034235e-05,6.17341000928767e-05,6.17341000928767e-05,544.9200718162627
1791306240,6.17341000928767e-05,6.2447456075491e-05,6.157703469782524e-05,6.157703469782524e-05,14.444586442719645
1791306300,6.157703469782524e-05,6.25706353993893e-05,6.157703469782524e-05,6.25706353993893e-05,31.592257053570027
1791306360,6.25706353993893e-05,6.273132378026397e-05,6.25706353993893e-05,6.273132378026397e-05,1.8794985734380245
1791306480,6.273132378026397e-05,6.273132378026397e-05,6.185209519434015e-05,6.271038494811044e-05,4.283360513311865
1791306540,6.271038494811044e-05,6.271038494811044e-05,6.182850273627361e-05,6.18716313446363e-05,3.7698541896876647
1791306600,6.18716313446363e-05,6.18716313446363e-05,6.158469827998562e-05,6.158469827998562e-05,24.678660591715598
1791306720,6.158469827998562e-05,6.259911651289647e-05,6.059409236071736e-05,6.059409236071736e-05,328.4559831237067
1791306840,6.059409236071736e-05,6.059409236071736e-05,5.768237720963458e-05,5.768237720963458e-05,192.16961864369344
1791306900,5.768237720963458e-05,5.866016240275814e-05,5.768237720963458e-05,5.8061909436256064e-05,63.994607699250274
1791307020,5.8061909436256064e-05,5.8965221376199655e-05,5.8061909436256064e-05,5.8965221376199655e-05,9.70389860377381
1791307080,5.8965221376199655e-05,5.8965221376199655e-05,5.8084358104444686e-05,5.8084358104444686e-05,7.4492062484098165
1791307140,5.8084358104444686e-05,5.887754105033808e-05,5.803918259762932e-05,5.886290726188064e-05,8.806158964737469
1791307200,5.886290726188064e-05,5.9056789075598805e-05,5.8372652630407435e-05,5.8372652630407435e-05,30.962983637393794
1791307260,5.8372652630407435e-05,6.014732261659182e-05,5.8372652630407435e-05,6.014732261659182e-05,134.076878450355
1791307380,6.014732261659182e-05,6.014732261659182e-05,5.957464562166995e-05,5.957464562166995e-05,2.2587110292256964
1791307440,5.957464562166995e-05,5.957464562166995e-05,5.955122139821063e-05,5.955122139821063e-05,2.8347038346285554
1791307560,5.955122139821063e-05,5.955122139821063e-05,5.935680706471978e-05,5.935680706471978e-05,58.11405710716995
1791307620,5.935680706471978e-05,5.935680706471978e-05,5.894670346969668e-05,5.903121499171535e-05,18.130811993733936
1791307800,5.903121499171535e-05,5.958512782126305e-05,5.87163501613891e-05,5.958512782126305e-05,34.6789923696457
1791307860,5.958512782126305e-05,5.958512782126305e-05,5.881075246906277e-05,5.881075246906277e-05,4.508472169730676
1791307920,5.881075246906277e-05,5.881075246906277e-05,5.872639321503607e-05,5.872639321503607e-05,21.228821510662137
1791307980,5.872639321503607e-05,5.9446657874439136e-05,5.872639321503607e-05,5.9446657874439136e-05,3.783237200197598
1791308040,5.9446657874439136e-05,5.9702826094958226e-05,5.9446657874439136e-05,5.9702826094958226e-05,44.16508355516639
1791308100,5.9702826094958226e-05,6.024622833026892e-05,5.9702826094958226e-05,6.024622833026892e-05,61.24152477684581
1791308220,6.024622833026892e-05,6.080007172201873e-05,6.024622833026892e-05,6.080007172201873e-05,41.52207852370643
1791308280,6.080007172201873e-05,6.100886984118908e-05,6.080007172201873e-05,6.100886984118908e-05,14.296910157606472
1791308400,6.100886984118908e-05,6.139950022250013e-05,6.100886984118908e-05,6.139950022250013e-05,58.51613377609973
1791308640,6.139950022250013e-05,6.17163151542017e-05,6.139950022250013e-05,6.17163151542017e-05,41.46214600381723
1791308700,6.17163151542017e-05,6.195220567386537e-05,6.107888951301308e-05,6.107888951301308e-05,5.36634408754835
1791308940,6.107888951301308e-05,6.188529956577278e-05,6.09769899467151e-05,6.09769899467151e-05,10.249214507434713
1791309120,6.09769899467151e-05,6.113375225109118e-05,6.09769899467151e-05,6.113375225109118e-05,1.3741379910941585
1791309180,6.113375225109118e-05,6.113375225109118e-05,6.052168272800617e-05,6.052168272800617e-05,132.72521063746277
1791309240,6.052168272800617e-05,6.052168272800617e-05,5.9834720971769295e-05,5.9834720971769295e-05,12.456179934049455
1791309300,5.9834720971769295e-05,6.0702475950079535e-05,5.9834720971769295e-05,6.0702475950079535e-05,5.824983329674151
1791309480,6.0702475950079535e-05,6.0702475950079535e-05,5.9785623019893696e-05,5.9785623019893696e-05,4.920414349713078
1791309600,5.9785623019893696e-05,6.070989774978047e-05,5.9785623019893696e-05,6.070989774978047e-05,1.980612853831271
1791309660,6.070989774978047e-05,6.070989774978047e-05,5.991154712531392e-05,5.991154712531392e-05,5.697852105129212
1791309840,5.991154712531392e-05,5.991154712531392e-05,5.937578031052087e-05,5.937578031052087e-05,67.25010396222112
1791309900,5.937578031052087e-05,6.059648747260712e-05,5.9254728589086346e-05,6.059648747260712e-05,24.311663055906003
1791309960,6.059648747260712e-05,6.065896200455078e-05,5.97884063961206e-05,5.97884063961206e-05,13.158539256236777
1791310020,5.97884063961206e-05,6.068637923100187e-05,5.97884063961206e-05,6.068637923100187e-05,5.992274318767147
1791310080,6.068637923100187e-05,6.068637923100187e-05,5.9642712135852684e-05,5.9642712135852684e-05,37.48064643505002
1791310380,5.9642712135852684e-05,5.9642712135852684e-05,5.9510289638138585e-05,5.9510289638138585e-05,2.8873881333680926
1791310500,5.9510289638138585e-05,6.0575659900765124e-05,5.9510289638138585e-05,6.0575659900765124e-05,63.76936561591785
1791310560,6.0575659900765124e-05,6.09244388093552e-05,6.0575659900765124e-05,6.09244388093552e-05,11.960023665707476
1791310620,6.09244388093552e-05,6.122175758634786e-05,6.0325899250075604e-05,6.122175758634786e-05,39.6115919132099
1791310680,6.122175758634786e-05,6.132041310274367e-05,6.122175758634786e-05,6.132041310274367e-05,2.573791548302916
1791310800,6.132041310274367e-05,6.145857395542647e-05,6.132041310274367e-05,6.145857395542647e-05,20.248614657465094
1791310860,6.145857395542647e-05,6.145857395542647e-05,6.053066473870802e-05,6.053066473870802e-05,8.236972116838519
1791310980,6.053066473870802e-05,6.139359649121477e-05,6.053066473870802e-05,6.139359649121477e-05,0.7919009921862515
1791311040,6.139359649121477e-05,6.139359649121477e-05,6.053270372912706e-05,6.053270372912706e-05,0.9358285503768242
1791311160,6.053270372912706e-05,6.053270372912706e-05,6.023505378116721e-05,6.023505378116721e-05,67.25610127551288
1791311220,6.023505378116721e-05,6.023505378116721e-05,5.984658773676202e-05,5.984658773676202e-05,13.123669113225402
1791311460,5.984658773676202e-05,5.984658773676202e-05,5.6414201096707055e-05,5.6414201096707055e-05,425.5345042200123
1791311520,5.6414201096707055e-05,5.6414201096707055e-05,5.4296646621026034e-05,5.4296646621026034e-05,266.1118543296208
1791311580,5.4296646621026034e-05,5.4296646621026034e-05,5.427943138845074e-05,5.427943138845074e-05,1.978547124706905
1791311640,5.427943138845074e-05,5.4347978935985286e-05,5.3067396063271425e-05,5.3979621931072166e-05,259.63912051289765
1791311700,5.3979621931072166e-05,5.465649481571245e-05,5.3979621931072166e-05,5.465649481571245e-05,6.295328060361246
1791311820,5.465649481571245e-05,5.470812427209429e-05,5.465649481571245e-05,5.470812427209429e-05,4.850304318799724
1791311880,5.470812427209429e-05,5.470812427209429e-05,5.39116659610131e-05,5.462966920792079e-05,17.22624439625837
1791312120,5.462966920792079e-05,5.462966920792079e-05,5.3445278449014274e-05,5.3445278449014274e-05,58.29405314464906
1791312240,5.3445278449014274e-05,5.424006025421823e-05,4.167518136743812e-05,4.3528082544662776e-05,2346.014213033481
1791312300,4.3528082544662776e-05,4.417026023957647e-05,4.316512470758578e-05,4.316512470758578e-05,155.34732290181958
1791312360,4.316512470758578e-05,4.506414934499046e-05,4.2620575079631805e-05,4.506414934499046e-05,302.5039332655939
1791312420,4.506414934499046e-05,4.545580973994229e-05,4.506414934499046e-05,4.545580973994229e-05,68.84661987092498
1791312480,4.545580973994229e-05,5.095897887210999e-05,4.545580973994229e-05,4.84321287567699e-05,1021.2579661358064
1791312540,4.84321287567699e-05,4.84321287567699e-05,4.817015084321794e-05,4.817015084321794e-05,35.15837082894742
1791312600,4.817015084321794e-05,4.8680848138705746e-05,4.791319622334869e-05,4.791319622334869e-05,46.03005616502385
1791312660,4.791319622334869e-05,4.793275324350257e-05,4.791319622334869e-05,4.793275324350257e-05,1.2784841362803117
1791312780,4.793275324350257e-05,4.793275324350257e-05,4.667672598035301e-05,4.667672598035301e-05,161.01690246687386
1791313020,4.667672598035301e-05,4.719718049963968e-05,4.6607284656673995e-05,4.6607284656673995e-05,25.450676638544522
1791313080,4.6607284656673995e-05,4.7599572408045384e-05,4.6607284656673995e-05,4.7394307687360644e-05,100.74700707861375
1791313140,4.7394307687360644e-05,4.7394307687360644e-05,4.738226616912373e-05,4.738226616912373e-05,0.006652327881199666
1791313200,4.738226616912373e-05,4.801944030078087e-05,4.738226616912373e-05,4.741714816920247e-05,5.80940440723075
1791313260,4.741714816920247e-05,4.8005263503992184e-05,4.72561401652075e-05,4.72561401652075e-05,43.339201350638426
1791313320,4.72561401652075e-05,4.72561401652075e-05,4.664494238601737e-05,4.664494238601737e-05,113.13656682345885
1791313380,4.664494238601737e-05,4.664494238601737e-05,3.93846204965618e-05,4.008331403139252e-05,1090.6779680007287
1791313440,4.008331403139252e-05,4.141111295388729e-05,3.30662752741207e-05,3.5678103311231294e-05,1546.5487749224842
1791313500,3.5678103311231294e-05,3.610940730060328e-05,3.1129874690402214e-05,3.1129874690402214e-05,885.3624271040935
1791313560,3.1129874690402214e-05,3.336586679609485e-05,3.0342792125538636e-05,3.336586679609485e-05,575.0588534422743
1791313620,3.336586679609485e-05,3.465084149955904e-05,3.336586679609485e-05,3.3599087368707424e-05,475.41291021030133
1791313680,3.3599087368707424e-05,3.378494787653395e-05,3.162141032380359e-05,3.162141032380359e-05,427.3293514752483
1791313740,3.162141032380359e-05,3.162141032380359e-05,2.9710505568668956e-05,2.9710505568668956e-05,191.41955392728215
1791313800,2.9710505568668956e-05,3.064660068769521e-05,2.9710505568668956e-05,3.034082530353975e-05,141.33907306865035
1791313860,3.034082530353975e-05,3.034082530353975e-05,2.9536707640930136e-05,2.9536707640930136e-05,110.1725042494226
1791313920,2.9536707640930136e-05,2.998720395137575e-05,2.474454284386696e-05,2.5622475698642935e-05,1127.4170526139876
1791313980,2.5622475698642935e-05,2.5622475698642935e-05,2.4634360311706196e-05,2.4634360311706196e-05,85.93097432294653
1791314040,2.4634360311706196e-05,2.4634360311706196e-05,2.374365563496115e-05,2.4579368679965764e-05,290.9211020086099
1791314100,2.4579368679965764e-05,2.4718932620747424e-05,2.4579368679965764e-05,2.4718932620747424e-05,15.481863614217035
1791314160,2.4718932620747424e-05,2.4718932620747424e-05,2.3974417461019025e-05,2.3974417461019025e-05,89.08463224640205
1791314220,2.3974417461019025e-05,2.4399857020985264e-05,2.2727994045889694e-05,2.3185740467587947e-05,528.7146315493065
1791314280,2.3185740467587947e-05,2.3568289263501385e-05,2.3185740467587947e-05,2.3568289263501385e-05,8.360232808817875
1791314340,2.3568289263501385e-05,2.3746672192081103e-05,2.327066165403531e-05,2.3631061114189197e-05,63.72241888778354
1791314400,2.3631061114189197e-05,2.393793198031871e-05,2.3631061114189197e-05,2.393793198031871e-05,4.59099586279137
1791314460,2.393793198031871e-05,2.3974460624202217e-05,2.3666984627813595e-05,2.3666984627813595e-05,15.743382295171886
1791314520,2.3666984627813595e-05,2.4571465605111638e-05,2.3666984627813595e-05,2.4571465605111638e-05,144.75695707862988
1791314580,2.4571465605111638e-05,2.517620587327234e-05,2.4571465605111638e-05,2.517620587327234e-05,86.37090063856927
1791314640,2.517620587327234e-05,2.5557226475188144e-05,2.517620587327234e-05,2.527687931759669e-05,72.35591924400651
1791314760,2.527687931759669e-05,3.263593066983611e-05,2.500057533715444e-05,3.1520433244327474e-05,1647.6616585416257
1791314820,3.1520433244327474e-05,3.182278854799946e-05,3.121457194146388e-05,3.182278854799946e-05,95.68242969663488
1791314880,3.182278854799946e-05,3.1934737052725015e-05,3.182278854799946e-05,3.1934737052725015e-05,7.415996768015759
1791314940,3.1934737052725015e-05,3.1934737052725015e-05,3.0144981682535003e-05,3.0144981682535003e-05,260.8562642852343
1791315000,3.0144981682535003e-05,3.0430163655848674e-05,2.977147521969109e-05,3.0430163655848674e-05,105.3013425747851
1791315120,3.0430163655848674e-05,3.1020184559354966e-05,3.0430163655848674e-05,3.1020184559354966e-05,75.58800795573023
1791315180,3.1020184559354966e-05,3.1020184559354966e-05,2.9148631980302688e-05,2.9533834836183422e-05,265.5827986563199
1791315240,2.9533834836183422e-05,2.9533834836183422e-05,2.9114232680416858e-05,2.9492755655856632e-05,13.107103505006057
1791315300,2.9492755655856632e-05,2.9492755655856632e-05,2.899878867753014e-05,2.899878867753014e-05,30.52767993985652
1791315360,2.899878867753014e-05,2.945488006981496e-05,2.8519152890825786e-05,2.8519152890825786e-05,171.95867765777595
1791315420,2.8519152890825786e-05,2.8519152890825786e-05,2.819122468992001e-05,2.819122468992001e-05,82.34487284473451
1791315540,2.819122468992001e-05,2.819122468992001e-05,2.770059390351163e-05,2.770059390351163e-05,67.49904109534506
1791315660,2.770059390351163e-05,2.807056141114625e-05,2.770059390351163e-05,2.807056141114625e-05,34.92204681220574
1791315720,2.807056141114625e-05,2.8090136009444982e-05,2.807056141114625e-05,2.8090136009444982e-05,1.8759594039330718
1791315840,2.8090136009444982e-05,2.8090136009444982e-05,2.6248116682257755e-05,2.6248116682257755e-05,242.0878233447355
1791315900,2.6248116682257755e-05,2.6248116682257755e-05,2.5657874925406805e-05,2.5657874925406805e-05,101.52596421918297
1791315960,2.5657874925406805e-05,2.5657874925406805e-05,2.556562880080786e-05,2.5572581667286038e-05,10.965634234016866
1791316020,2.5572581667286038e-05,2.5572581667286038e-05,2.5550200529688487e-05,2.5550200529688487e-05,0.5097023026366689
1791316080,2.5550200529688487e-05,2.5550200529688487e-05,2.515884909709696e-05,2.515884909709696e-05,80.54500758935524
1791316140,2.515884909709696e-05,2.515884909709696e-05,2.5068364879637746e-05,2.5068364879637746e-05,8.39160456040454
1791316200,2.5068364879637746e-05,2.5571709132622123e-05,2.5068364879637746e-05,2.5571709132622123e-05,71.44171386738078
1791316320,2.5571709132622123e-05,2.585760363609757e-05,2.5553811510734764e-05,2.5553811510734764e-05,19.653438608546313
1791316380,2.5553811510734764e-05,2.58779452892949e-05,2.5553811510734764e-05,2.58779452892949e-05,4.950380222796537
1791316440,2.58779452892949e-05,2.6203930516794856e-05,2.58779452892949e-05,2.6143026491869516e-05,103.0176973968546
1791316500,2.6143026491869516e-05,2.6143026491869516e-05,2.6076600519155008e-05,2.6076600519155008e-05,24.991635627250176
1791316620,2.6076600519155008e-05,2.6400459269003722e-05,2.6065784070412768e-05,2.6400459269003722e-05,17.18063746493626
1791316740,2.6400459269003722e-05,2.6400459269003722e-05,2.609129867638121e-05,2.609129867638121e-05,1.236386551501063
1791316860,2.609129867638121e-05,2.609129867638121e-05,2.5448325785949204e-05,2.5448325785949204e-05,135.3349941014526
1791316920,2.5448325785949204e-05,2.6193864693773508e-05,2.5448325785949204e-05,2.6193864693773508e-05,90.16436765626831
1791317040,2.6193864693773508e-05,2.7234611958956854e-05,2.6193864693773508e-05,2.6970022238565902e-05,326.6606245884719
1791317100,2.6970022238565902e-05,2.7534058153293583e-05,2.6970022238565902e-05,2.7429393792106855e-05,115.9893391274123
1791317220,2.7429393792106855e-05,2.7637454731578736e-05,2.7429393792106855e-05,2.7637454731578736e-05,10.116738218278343
1791317400,2.7637454731578736e-05,2.7781329314931482e-05,2.7637454731578736e-05,2.7781329314931482e-05,28.377867757549478
1791317460,2.7781329314931482e-05,2.9143559181086026e-05,2.7781329314931482e-05,2.9143559181086026e-05,202.52041166824196
1791317580,2.9143559181086026e-05,2.9143559181086026e-05,2.877821852045115e-05,2.877821852045115e-05,1.6067142036896866
1791317640,2.877821852045115e-05,2.8783591737399307e-05,2.877821852045115e-05,2.8783591737399307e-05,0.5734875228659406
1791317700,2.8783591737399307e-05,2.8783591737399307e-05,2.8753040728623566e-05,2.8753040728623566e-05,4.576654627750395
1791317760,2.8753040728623566e-05,2.9145083493523608e-05,2.8753040728623566e-05,2.9145083493523608e-05,4.6860361619344255
1791317820,2.9145083493523608e-05,2.9145083493523608e-05,2.7297591916018024e-05,2.7297591916018024e-05,318.18650440846375
1791318000,2.7297591916018024e-05,2.7297591916018024e-05,2.675026012404675e-05,2.7092792904294977e-05,3.0555463879395424
1791318060,2.7092792904294977e-05,2.712877110272177e-05,2.7092792904294977e-05,2.712877110272177e-05,4.702118241324408
1791318120,2.712877110272177e-05,2.7131734349418807e-05,2.676685492754645e-05,2.676685492754645e-05,7.087577109688222
1791318180,2.676685492754645e-05,2.723718963759544e-05,2.676685492754645e-05,2.6959408905633458e-05,78.40860850986259
1791318240,2.6959408905633458e-05,2.7408808052311545e-05,2.6959408905633458e-05,2.7408808052311545e-05,56.89077249022194
1791318300,2.7408808052311545e-05,2.9467441946158622e-05,2.7408808052311545e-05,2.9310085062181734e-05,305.75279384469786
1791318360,2.9310085062181734e-05,2.9310085062181734e-05,2.908442781563997e-05,2.908442781563997e-05,22.55280311001919
1791318420,2.908442781563997e-05,2.908442781563997e-05,2.888157512459995e-05,2.888157512459995e-05,43.54904983565052
1791318480,2.888157512459995e-05,2.903361821019168e-05,2.8674903019998408e-05,2.903361821019168e-05,23.854434338408527
1791318540,2.903361821019168e-05,2.903361821019168e-05,2.8608918202021894e-05,2.8908960946695922e-05,41.42129299976505
1791318600,2.8908960946695922e-05,2.8938031717121974e-05,2.8908960946695922e-05,2.8938031717121974e-05,0.9880668836494856
1791318720,2.8938031717121974e-05,2.8938031717121974e-05,2.8008317853768347e-05,2.8383340764316232e-05,113.10396147945745
1791318780,2.8383340764316232e-05,2.8383340764316232e-05,2.7837750498387877e-05,2.7837750498387877e-05,2.293438627721136
1791318840,2.7837750498387877e-05,2.7837750498387877e-05,2.726450336796156e-05,2.7611967327130476e-05,86.26340060992382
1791318900,2.7611967327130476e-05,2.7611967327130476e-05,2.7222500054065004e-05,2.7222500054065004e-05,14.039453585975743
1791318960,2.7222500054065004e-05,2.7531255937839804e-05,2.7222500054065004e-05,2.7531255937839804e-05,1.1922401471463355
1791319080,2.7531255937839804e-05,2.7561090540468676e-05,2.7531255937839804e-05,2.7561090540468676e-05,10.705645724071664
1791319260,2.7561090540468676e-05,2.763021402253485e-05,2.7561090540468676e-05,2.763021402253485e-05,7.372649727293529
1791319560,2.763021402253485e-05,2.781599882684691e-05,2.763021402253485e-05,2.781599882684691e-05,48.44836300966784
1791319740,2.781599882684691e-05,2.8456848338894338e-05,2.781599882684691e-05,2.8456848338894338e-05,88.50856237119156
1791319800,2.8456848338894338e-05,2.8540069939642857e-05,2.8456848338894338e-05,2.8540069939642857e-05,8.126407680888383
1791319920,2.8540069939642857e-05,2.85945836037436e-05,2.8540069939642857e-05,2.85945836037436e-05,1.7471835882026392
1791320160,2.85945836037436e-05,2.8623257476754314e-05,2.8265660189027437e-05,2.8265660189027437e-05,2.1325068440586663
1791320220,2.8265660189027437e-05,2.8672200326639316e-05,2.8265660189027437e-05,2.8672200326639316e-05,15.218358485355548
1791320340,2.8672200326639316e-05,2.8709802987977447e-05,2.8672200326639316e-05,2.8709802987977447e-05,3.9181734225314755
1791320520,2.8709802987977447e-05,2.8709802987977447e-05,2.7982272685381424e-05,2.7982272685381424e-05,66.09923768982792
1791320580,2.7982272685381424e-05,2.7982272685381424e-05,2.7867581883008807e-05,2.7867581883008807e-05,8.643247775047033
1791320640,2.7867581883008807e-05,2.8247734423909934e-05,2.7854373995918197e-05,2.8247734423909934e-05,11.98749057499386
1791320700,2.8247734423909934e-05,2.8294314699271366e-05,2.8247734423909934e-05,2.8294314699271366e-05,1.1818117378225435
1791320940,2.8294314699271366e-05,2.8531426253490243e-05,2.8149153521049217e-05,2.8149153521049217e-05,4.352688624364013
1791321060,2.8149153521049217e-05,2.8149153521049217e-05,2.7690240837690405e-05,2.7690240837690405e-05,139.86357764806186
1791321120,2.7690240837690405e-05,2.7870561229326195e-05,2.7133158222535957e-05,2.7870561229326195e-05,142.40942399165138
1791321180,2.7870561229326195e-05,2.8237473185037737e-05,2.7870561229326195e-05,2.8237473185037737e-05,0.9873410892773788
1791321300,2.8237473185037737e-05,2.8256315691925535e-05,2.780453313935857e-05,2.780453313935857e-05,44.32391403633459
1791321420,2.780453313935857e-05,2.808386587545462e-05,2.780453313935857e-05,2.808386587545462e-05,15.970528294836054
1791321480,2.808386587545462e-05,2.808386587545462e-05,2.7594914753635405e-05,2.7594914753635405e-05,46.60098300230882
1791321720,2.7594914753635405e-05,2.789922539853127e-05,2.7543221016536473e-05,2.7543221016536473e-05,4.696507948152678
1791321780,2.7543221016536473e-05,2.789959165338905e-05,2.7543221016536473e-05,2.789959165338905e-05,2.9991934393936672
1791321900,2.789959165338905e-05,2.805104676785641e-05,2.7571685305424432e-05,2.805104676785641e-05,26.266872717707418
1791321960,2.805104676785641e-05,2.8104202006673352e-05,2.589449983568114e-05,2.596637281652045e-05,383.1839880655958
1791322020,2.596637281652045e-05,2.6258295290965625e-05,2.596637281652045e-05,2.6258295290965625e-05,43.974738510873344
1791322320,2.6258295290965625e-05,2.6258295290965625e-05,2.6014530992566735e-05,2.6014530992566735e-05,2.4725419843494043
1791322380,2.6014530992566735e-05,2.602580113287916e-05,2.6014530992566735e-05,2.602580113287916e-05,1.4248822143058237
1791322440,2.602580113287916e-05,2.61322030937191e-05,2.575771016580417e-05,2.61322030937191e-05,108.22980400633075
1791322500,2.61322030937191e-05,2.7686975588311564e-05,2.61322030937191e-05,2.7686975588311564e-05,225.39298118077417
1791322560,2.7686975588311564e-05,2.7686975588311564e-05,2.734383068809412e-05,2.734383068809412e-05,2.434098024008014
1791322620,2.734383068809412e-05,2.734383068809412e-05,2.727254682691325e-05,2.727254682691325e-05,13.479043573659702
1791322740,2.727254682691325e-05,2.727254682691325e-05,2.672361948848837e-05,2.6872239266201635e-05,111.51535954663555
1791322800,2.6872239266201635e-05,2.6956231907597012e-05,2.660087899035561e-05,2.660087899035561e-05,39.33967439248521
1791322860,2.660087899035561e-05,2.706083366653281e-05,2.660087899035561e-05,2.6700187029456255e-05,35.492843438591116
1791323220,2.6700187029456255e-05,2.7178200031387514e-05,2.6700187029456255e-05,2.6733842543261606e-05,106.88738379969696
1791323400,2.6733842543261606e-05,2.6900184137282394e-05,2.6733842543261606e-05,2.6900184137282394e-05,1.8755874351420074
1791323460,2.6900184137282394e-05,2.6900184137282394e-05,2.651305368943247e-05,2.651305368943247e-05,16.14112846070627
1791323520,2.651305368943247e-05,2.651305368943247e-05,2.6443654329500072e-05,2.6443654329500072e-05,0.738301846154744
1791323580,2.6443654329500072e-05,2.6808891781481093e-05,2.638704422612223e-05,2.638704422612223e-05,30.309437417424643
1791323640,2.638704422612223e-05,2.6796428851298517e-05,2.638704422612223e-05,2.6796428851298517e-05,48.366544149818736
1791323760,2.6796428851298517e-05,2.7060788152556513e-05,2.6796428851298517e-05,2.7060788152556513e-05,39.14835816571979
1791323940,2.7060788152556513e-05,2.7225395081675e-05,2.6861880562862212e-05,2.7225395081675e-05,15.521684115107046
1791324180,2.7225395081675e-05,2.7225395081675e-05,2.6929758745823294e-05,2.6929758745823294e-05,0.14429222297610717
1791324360,2.6929758745823294e-05,2.6929758745823294e-05,2.6926569419807258e-05,2.6926569419807258e-05,13.507522333402425
1791324480,2.6926569419807258e-05,2.724568675215098e-05,2.689809299071463e-05,2.724568675215098e-05,5.401212554649382
1791324660,2.724568675215098e-05,2.7585782518958144e-05,2.724568675215098e-05,2.7585782518958144e-05,109.51650265997179
1791324720,2.7585782518958144e-05,2.7968452476503155e-05,2.7585782518958144e-05,2.7968452476503155e-05,9.5037298824169
1791324780,2.7968452476503155e-05,2.8015435713066693e-05,2.7968452476503155e-05,2.8015435713066693e-05,4.837450019039216
1791324960,2.8015435713066693e-05,2.8015435713066693e-05,2.764614985798188e-05,2.8005208694127362e-05,5.534720477588927
1791325020,2.8005208694127362e-05,2.8049105838644732e-05,2.8005208694127362e-05,2.8049105838644732e-05,2.3824039190616286
1791325260,2.8049105838644732e-05,2.8078757030742968e-05,2.8049105838644732e-05,2.8078757030742968e-05,7.732563431624643
1791325500,2.8078757030742968e-05,2.8078757030742968e-05,2.7702296963077098e-05,2.7702296963077098e-05,8.866679931812284
1791325680,2.7702296963077098e-05,2.7702296963077098e-05,2.6292883211423436e-05,2.6292883211423436e-05,235.64830195750775
1791325920,2.6292883211423436e-05,2.6292883211423436e-05,2.6159041894571933e-05,2.6159041894571933e-05,6.458451327549159
1791326040,2.6159041894571933e-05,2.648985410443454e-05,2.6159041894571933e-05,2.648985410443454e-05,4.838115392135888
1791326100,2.648985410443454e-05,2.648985410443454e-05,2.5956646914190646e-05,2.5956646914190646e-05,69.83338415801342
1791326160,2.5956646914190646e-05,2.5956646914190646e-05,2.5666913872519012e-05,2.5666913872519012e-05,26.917471999605272
1791326340,2.5666913872519012e-05,2.5666913872519012e-05,2.5564272516931243e-05,2.5564272516931243e-05,5.241331900396954
1791326580,2.5564272516931243e-05,2.5564272516931243e-05,2.4908058740619857e-05,2.4908058740619857e-05,201.62252924582134
1791326640,2.4908058740619857e-05,2.4908058740619857e-05,2.1761548820219838e-05,2.1761548820219838e-05,66.66654340019352
1791326760,2.1761548820219838e-05,2.1761548820219838e-05,2.1377117468489748e-05,2.1377117468489748e-05,72.03091918647401
1791326820,2.1377117468489748e-05,2.1377117468489748e-05,1.9186414444020202e-05,1.921193637713047e-05,372.3109300862112
1791326880,1.921193637713047e-05,1.921193637713047e-05,1.912684564222693e-05,1.912684564222693e-05,13.84833095586645
1791326940,1.912684564222693e-05,1.9813864567108238e-05,1.912684564222693e-05,1.9813864567108238e-05,125.47813185799403
1791327000,1.9813864567108238e-05,2.089021448661696e-05,1.9813864567108238e-05,2.089021448661696e-05,167.5214653462845
1791327060,2.089021448661696e-05,2.0933126147909377e-05,2.089021448661696e-05,2.0933126147909377e-05,5.978132218266695
1791327180,2.0933126147909377e-05,2.0933126147909377e-05,2.0931802846016634e-05,2.0931802846016634e-05,4.837239654509129
1791327300,2.0931802846016634e-05,2.096197372397258e-05,2.0931802846016634e-05,2.096197372397258e-05,4.840505731135284
1791327360,2.096197372397258e-05,2.0993814010779775e-05,2.096197372397258e-05,2.0993814010779775e-05,5.981530277092149
1791327420,2.0993814010779775e-05,2.102313193572286e-05,2.0993814010779775e-05,2.102313193572286e-05,9.284345822832098
1791327480,2.102313193572286e-05,2.118616857785572e-05,2.102313193572286e-05,2.118616857785572e-05,51.306939952858485
1791327540,2.118616857785572e-05,2.118616857785572e-05,2.104929875082496e-05,2.104929875082496e-05,0.511300230826005
1791327960,2.104929875082496e-05,2.104929875082496e-05,2.0723806411901337e-05,2.083930303752454e-05,68.71401385395802
1791328080,2.083930303752454e-05,2.083930303752454e-05,2.0659632876646925e-05,2.0659632876646925e-05,0.34829865365267465
1791328200,2.0659632876646925e-05,2.095094106992336e-05,2.0659632876646925e-05,2.095094106992336e-05,4.849062836360839
1791329100,2.095094106992336e-05,2.095094106992336e-05,2.0676688035597737e-05,2.0676688035597737e-05,0.024157509859265375
1791329280,2.0676688035597737e-05,2.0937722132007413e-05,2.0676688035597737e-05,2.0937722132007413e-05,1.382979121876401
1791329340,2.0937722132007413e-05,2.1021818238406922e-05,2.0937722132007413e-05,2.1021818238406922e-05,23.7126636855737
1791329400,2.1021818238406922e-05,2.2660004725685405e-05,2.079665379768543e-05,2.2660004725685405e-05,282.8826612284474
1791329460,2.2660004725685405e-05,2.2694536738276305e-05,2.2660004725685405e-05,2.2694536738276305e-05,11.790885546316565
1791329520,2.2694536738276305e-05,2.2694536738276305e-05,2.2414695935245768e-05,2.2414695935245768e-05,1.192826987528865
1791329640,2.2414695935245768e-05,2.5209525267533278e-05,2.2414695935245768e-05,2.5209525267533278e-05,509.9914542011549
1791330000,2.5209525267533278e-05,2.5209525267533278e-05,2.4290765334005995e-05,2.4290765334005995e-05,151.45816913319857
1791330060,2.4290765334005995e-05,2.4298427982986853e-05,2.4290765334005995e-05,2.4298427982986853e-05,0.5390102380028999
1791330120,2.4298427982986853e-05,2.4298427982986853e-05,2.4261349814749715e-05,2.4261349814749715e-05,13.970684310376436
1791330300,2.4261349814749715e-05,2.4261349814749715e-05,2.4221076768886323e-05,2.4221076768886323e-05,0.22476297087454705
1791330360,2.4221076768886323e-05,2.4221076768886323e-05,2.415566521079051e-05,2.415566521079051e-05,24.15566521079051
1791330420,2.415566521079051e-05,2.415566521079051e-05,2.4003270683121757e-05,2.4003270683121757e-05,27.075749519266648
1791330480,2.4003270683121757e-05,2.4003270683121757e-05,2.391033764962565e-05,2.391033764962565e-05,6.795156763467099
1791330600,2.391033764962565e-05,2.391033764962565e-05,2.3872810744861075e-05,2.3872810744861075e-05,4.4988278232669705
1791330780,2.3872810744861075e-05,2.4265729179154393e-05,2.3872810744861075e-05,2.4265729179154393e-05,23.885791161537107
1791330840,2.4265729179154393e-05,2.4317072381591753e-05,2.4265729179154393e-05,2.4317072381591753e-05,0.23865808964999607
1791331080,2.4317072381591753e-05,2.4317072381591753e-05,2.3982967788886585e-05,2.3982967788886585e-05,2.3220770573293565
1791331380,2.3982967788886585e-05,2.4272339450155126e-05,2.3982967788886585e-05,2.4272339450155126e-05,5.903819786069666
1791331500,2.4272339450155126e-05,2.4272339450155126e-05,2.392759298528469e-05,2.392759298528469e-05,9.35478400246499
1791331560,2.392759298528469e-05,2.420959688474039e-05,2.3810279343997777e-05,2.3810279343997777e-05,27.034505283190363
1791331620,2.3810279343997777e-05,2.3810279343997777e-05,2.3726019085550865e-05,2.3726019085550865e-05,3.7154886750632823
1791331740,2.3726019085550865e-05,2.405845982909243e-05,2.3726019085550865e-05,2.405845982909243e-05,5.538468803291544
1791331800,2.405845982909243e-05,2.414101530079613e-05,2.405845982909243e-05,2.414101530079613e-05,25.236524865412637
1791332520,2.414101530079613e-05,2.4265398314265816e-05,2.414101530079613e-05,2.4265398314265816e-05,23.99066313432389
1791333480,2.4265398314265816e-05,2.4403139505891502e-05,2.4265398314265816e-05,2.4403139505891502e-05,11.550401270931578
1791333600,2.4403139505891502e-05,2.4403139505891502e-05,2.412653797740549e-05,2.412653797740549e-05,1.999916162012619
1791333960,2.412653797740549e-05,2.4466691748559092e-05,2.412653797740549e-05,2.4466691748559092e-05,6.333969612193313
1791334020,2.4466691748559092e-05,2.46911616912227e-05,2.4466691748559092e-05,2.46911616912227e-05,58.66720579294169
1791334140,2.46911616912227e-05,2.46911616912227e-05,2.4513983768037584e-05,2.4513983768037584e-05,1.7124951063694807
1791334440,2.4513983768037584e-05,2.4513983768037584e-05,2.44532880623656e-05,2.44532880623656e-05,24.453288062365598
1791334500,2.44532880623656e-05,2.469010195719252e-05,2.44532880623656e-05,2.469010195719252e-05,1.87703343764205
1791335040,2.469010195719252e-05,2.4693248265315517e-05,2.469010195719252e-05,2.4693248265315517e-05,9.170400183342037
1791335220,2.4693248265315517e-05,2.4693248265315517e-05,2.4332411006052177e-05,2.4332411006052177e-05,12.405640391778558
1791335520,2.4332411006052177e-05,2.4332411006052177e-05,2.4096052234373034e-05,2.4096052234373034e-05,66.64504093888584
1791335700,2.4096052234373034e-05,2.4096052234373034e-05,2.3902858370591683e-05,2.3902858370591683e-05,3.5665958806379443
1791336360,2.3902858370591683e-05,2.3902858370591683e-05,2.3832951165328247e-05,2.3832951165328247e-05,0.5646683300861695
1791336540,2.3832951165328247e-05,2.3832951165328247e-05,2.3689460883938293e-05,2.3689460883938293e-05,39.74273192677924
1791336600,2.3689460883938293e-05,2.3689460883938293e-05,2.3566402003992657e-05,2.3566402003992657e-05,0.7751011012457261
1791336780,2.3566402003992657e-05,2.388864532682765e-05,2.3566402003992657e-05,2.388864532682765e-05,7.295317645879399
1791337020,2.388864532682765e-05,2.388864532682765e-05,2.3503499522671906e-05,2.3503499522671906e-05,27.141435791255443
1791337080,2.3503499522671906e-05,2.3503499522671906e-05,2.342497687806504e-05,2.342497687806504e-05,5.852943439967163
1791337380,2.342497687806504e-05,2.342497687806504e-05,2.3251370713111428e-05,2.3251370713111428e-05,58.50712305714448
1791337800,2.3251370713111428e-05,2.3394272629620936e-05,2.3251370713111428e-05,2.3394272629620936e-05,5.924906519704778
1791337920,2.3394272629620936e-05,2.3394272629620936e-05,2.3067454596033175e-05,2.3067454596033175e-05,2.602712412545727
1791338040,2.3067454596033175e-05,2.3329405457374713e-05,2.3067454596033175e-05,2.3329405457374713e-05,1.8754634357585538
1791338400,2.3329405457374713e-05,2.4475054570360484e-05,2.3329405457374713e-05,2.4475054570360484e-05,244.4042638285829
1791338640,2.4475054570360484e-05,2.4475054570360484e-05,2.40274121711396e-05,2.40274121711396e-05,0.07569197147436016
1791338700,2.40274121711396e-05,2.40274121711396e-05,2.3968829850667047e-05,2.3968829850667047e-05,13.988549364042585
1791339060,2.3968829850667047e-05,2.438213545081017e-05,2.3968829850667047e-05,2.438213545081017e-05,4.880815784085457
1791339120,2.438213545081017e-05,2.438213545081017e-05,2.3634504114613115e-05,2.3634504114613115e-05,78.12697855476212
1791339180,2.3634504114613115e-05,2.3634504114613115e-05,2.3553229594805712e-05,2.3553229594805712e-05,0.03708833169344276
1791340080,2.3553229594805712e-05,2.3893820652646522e-05,2.3553229594805712e-05,2.3893820652646522e-05,2.4002649991449334
1791340140,2.3893820652646522e-05,2.3910065115463087e-05,2.3893820652646522e-05,2.3910065115463087e-05,4.9904824832764705
1791341040,2.3910065115463087e-05,2.4244593318038618e-05,2.3910065115463087e-05,2.4244593318038618e-05,80.85012243495567
1791341880,2.4244593318038618e-05,2.4244593318038618e-05,2.4201686001469755e-05,2.4201686001469755e-05,2.112711783333184
1791342180,2.4201686001469755e-05,2.4201686001469755e-05,2.4198855191550846e-05,2.4198855191550846e-05,12.4366726618865
1791342540,2.4198855191550846e-05,2.4198855191550846e-05,2.413532060557806e-05,2.413532060557806e-05,5.106384493241369
1791342600,2.413532060557806e-05,2.5058182160521957e-05,2.413532060557806e-05,2.4334495481420668e-05,181.59723798644723
1791342660,2.4334495481420668e-05,2.5088938396659766e-05,2.4334495481420668e-05,2.4763110810810533e-05,578.9896059498951
1791342720,2.4763110810810533e-05,2.4996294561280755e-05,2.449596303410919e-05,2.4996294561280755e-05,96.19848656956994
1791342780,2.4996294561280755e-05,2.4996294561280755e-05,2.464164587258667e-05,2.464164587258667e-05,2.9589219878062822
1791342900,2.464164587258667e-05,2.464164587258667e-05,2.4598802600642807e-05,2.4598802600642807e-05,11.482614301818453
1791342960,2.4598802600642807e-05,2.4764627495443544e-05,2.4248079901216325e-05,2.4378590834711582e-05,220.1400280059071
1791343020,2.4378590834711582e-05,2.481980485658877e-05,2.4251037083417448e-05,2.4251037083417448e-05,287.7269367330504
1791343080,2.4251037083417448e-05,2.5047227983306234e-05,2.4251037083417448e-05,2.4340496594657903e-05,489.87012093595285
1791343140,2.4340496594657903e-05,2.469769223928262e-05,2.4238865191191196e-05,2.4365691533789757e-05,216.67058089459525
1791343200,2.4365691533789757e-05,2.5291544699283378e-05,2.4225752082278514e-05,2.4908396763331214e-05,227.21294168911027
1791343260,2.4908396763331214e-05,2.520623985939069e-05,2.4537181287008075e-05,2.4612398567358578e-05,234.93990093747013
1791343320,2.4612398567358578e-05,2.4920433450904752e-05,2.4373317457712033e-05,2.44674949335566e-05,192.04589122725193
1791343380,2.44674949335566e-05,2.5023709783875115e-05,2.44674949335566e-05,2.5023709783875115e-05,40.269456371
1791343440,2.5023709783875115e-05,2.534463590879641e-05,2.4676418074018725e-05,2.4787869652952826e-05,266.39743853588476
1791343500,2.4787869652952826e-05,2.5171071934740764e-05,2.4534707059842705e-05,2.5171071934740764e-05,248.36729090357105
1791343560,2.5171071934740764e-05,2.5171071934740764e-05,2.4613556560017213e-05,2.500310936570344e-05,74.15086839616478
1791343620,2.500310936570344e-05,2.500310936570344e-05,2.4746920946682785e-05,2.4746920946682785e-05,9.74567975571702
1791343740,2.4746920946682785e-05,2.509960611149101e-05,2.4746920946682785e-05,2.509960611149101e-05,22.570181120524826
1791344040,2.509960611149101e-05,2.509960611149101e-05,2.450342797820339e-05,2.450342797820339e-05,116.20036240410398
1791344880,2.450342797820339e-05,2.450342797820339e-05,2.385222804257328e-05,2.385222804257328e-05,94.39956969874139
1791345060,2.385222804257328e-05,2.385222804257328e-05,2.3547939795262722e-05,2.3547939795262722e-05,15.658569312741221
1791345480,2.3547939795262722e-05,2.3547939795262722e-05,2.3476510263768555e-05,2.3476510263768555e-05,4.1303844048664
1791345960,2.3476510263768555e-05,2.376487623519788e-05,2.3476510263768555e-05,2.376487623519788e-05,3.4798202152324493
1791346380,2.376487623519788e-05,2.3784938619856573e-05,2.376487623519788e-05,2.3784938619856573e-05,0.8685077510578115
1791346440,2.3784938619856573e-05,2.3831324307871894e-05,2.3784938619856573e-05,2.3831324307871894e-05,11.654081000403343
1791346680,2.3831324307871894e-05,2.3836781978076984e-05,2.3831324307871894e-05,2.3836781978076984e-05,2.863128793370639
1791346740,2.3836781978076984e-05,2.3836781978076984e-05,2.353660106357969e-05,2.353660106357969e-05,0.21489539264719523
1791346800,2.353660106357969e-05,2.353660106357969e-05,2.3531687090282523e-05,2.3531687090282523e-05,2.176692579271238
1791348240,2.3531687090282523e-05,2.3985261532150637e-05,2.3531687090282523e-05,2.3985261532150637e-05,49.27050897704222
1791348300,2.3985261532150637e-05,2.3985261532150637e-05,2.383343708475319e-05,2.383343708475319e-05,2.3533533353059353
1791348540,2.383343708475319e-05,2.383343708475319e-05,2.373050224195296e-05,2.373050224195296e-05,29.85872603003092
1791349140,2.373050224195296e-05,2.3934927127645833e-05,2.373050224195296e-05,2.3934927127645833e-05,4.03064987150827
1791349380,2.3934927127645833e-05,2.3934927127645833e-05,2.3693759749853062e-05,2.3693759749853062e-05,0.06187560129753536
1791349560,2.3693759749853062e-05,2.3693759749853062e-05,2.3549442289056573e-05,2.3549442289056573e-05,49.250888414160606
1791349860,2.3549442289056573e-05,2.3814806216476052e-05,2.3549442289056573e-05,2.3814806216476052e-05,27.491669605625656
1791349980,2.3814806216476052e-05,2.3889124203349985e-05,2.3814806216476052e-05,2.3889124203349985e-05,4.870546442801681
1791350100,2.3889124203349985e-05,2.3889124203349985e-05,2.3618199315273467e-05,2.3618199315273467e-05,0.556791372281485
1791350160,2.3618199315273467e-05,2.3618199315273467e-05,2.360931401963351e-05,2.360931401963351e-05,1.1797927601475764
1791350460,2.360931401963351e-05,2.39437193494143e-05,2.360931401963351e-05,2.39437193494143e-05,4.838311706125414
1791350520,2.39437193494143e-05,2.3985911300395292e-05,2.39437193494143e-05,2.3985911300395292e-05,10.489205496721874
1791350880,2.3985911300395292e-05,2.479595124564048e-05,2.3985911300395292e-05,2.432102015415691e-05,157.4153334949006
1791351000,2.432102015415691e-05,2.50265744615e-05,2.432102015415691e-05,2.50265744615e-05,10.501954763699644
1791351360,2.50265744615e-05,2.50265744615e-05,2.4711773054497106e-05,2.4711773054497106e-05,8.820597331266704
1791351420,2.4711773054497106e-05,2.4711773054497106e-05,2.4390807654664334e-05,2.4390807654664334e-05,96.44638817471068
1791351660,2.4390807654664334e-05,2.4390807654664334e-05,2.4097744825590876e-05,2.4097744825590876e-05,6.024436206397719
1791352020,2.4097744825590876e-05,2.4097744825590876e-05,2.4078257628858116e-05,2.4078257628858116e-05,1.5572834456513154
1791352080,2.4078257628858116e-05,2.4078257628858116e-05,2.390382630539291e-05,2.390382630539291e-05,58.246597025124444
1791352380,2.390382630539291e-05,2.405995960944704e-05,2.390382630539291e-05,2.405995960944704e-05,2.685226035058807
1791352920,2.405995960944704e-05,2.4164127055836532e-05,2.405995960944704e-05,2.4164127055836532e-05,48.41666711728609
1791352980,2.4164127055836532e-05,2.4164127055836532e-05,2.3904225608488194e-05,2.3955805415227537e-05,17.24272195871688
1791353040,2.3955805415227537e-05,2.422671877492899e-05,2.3955805415227537e-05,2.422671877492899e-05,5.856135524216738
1791353160,2.422671877492899e-05,2.422671877492899e-05,2.3907615121594557e-05,2.3907615121594557e-05,0.046937905425091735
1791353880,2.3907615121594557e-05,2.4231203213485318e-05,2.3907615121594557e-05,2.4231203213485318e-05,2.284942896797522
1791354000,2.4231203213485318e-05,2.4268855236185323e-05,2.4231203213485318e-05,2.4268855236185323e-05,14.51467628459277
1791354060,2.4268855236185323e-05,2.5328074222566077e-05,2.4268855236185323e-05,2.5328074222566077e-05,168.96200030820464
