ts,o,h,l,c,v
1790040480,0.054542184201007746,0.05469376278298458,0.05445712786868719,0.05469376278298458,1244.1270376611608
1790040540,0.05469376278298458,0.05469376278298458,0.0545159977309149,0.0545159977309149,110.89638981274129
1790040600,0.0545159977309149,0.0550443267022966,0.0545159977309149,0.054612459038548784,6534.124096313195
1790040660,0.054612459038548784,0.054985729072736626,0.054612459038548784,0.054985729072736626,1.382543246457212
1790040720,0.054985729072736626,0.054985729072736626,0.05465990991705013,0.05468429187387938,363.9165615548174
1790040780,0.05468429187387938,0.05468429187387938,0.05453298009902479,0.05453298009902479,2138.9048319211124
1790040840,0.05453298009902479,0.054839640569810416,0.05453298009902479,0.054596910599655255,31.084430642084655
1790040900,0.054596910599655255,0.05479153555972926,0.05453533992272147,0.05457093388166554,736.4068621437477
1790040960,0.05457093388166554,0.05457093388166554,0.0545085253913331,0.0545085253913331,1079.1359479679759
1790041020,0.0545085253913331,0.05450952675322776,0.05444514406006509,0.05444514406006509,432.79712196274863
1790041080,0.05444514406006509,0.05444514406006509,0.054319599226952446,0.054319599226952446,362.4999916217847
1790041140,0.054319599226952446,0.054319599226952446,0.05427389807354539,0.05427389807354539,61.73228802852289
1790041200,0.05427389807354539,0.05461953811207746,0.05427389807354539,0.05461953811207746,0.36599831511000025
1790041260,0.05461953811207746,0.05462543051111766,0.05456730390078637,0.05456730390078637,24.55733199687864
1790041320,0.05456730390078637,0.054596076668764495,0.05454321974418098,0.054596076668764495,765.7336943521166
1790041380,0.054596076668764495,0.054596076668764495,0.054574714426818306,0.05458325898199951,483.4124985135789
1790041440,0.05458325898199951,0.05471525498213133,0.05458325898199951,0.05464780163977676,136.54034809634723
1790041500,0.05464780163977676,0.054656830609270325,0.05463933199919847,0.05463933199919847,165.59874119150078
1790041560,0.05463933199919847,0.05463933199919847,0.05400195303088691,0.05400195303088691,5910.819656597449
1790041620,0.05400195303088691,0.05428345717935668,0.05398093255106853,0.05398093255106853,64.01642531025036
1790041740,0.05398093255106853,0.05420519501624762,0.05393465125011022,0.054149239585088556,4.412447798486037
1790041800,0.054149239585088556,0.054149239585088556,0.05391624680489482,0.05391624680489482,169.11109449518747
1790041860,0.05391624680489482,0.05412179862299407,0.05386577995237168,0.05394826680173482,319.4289095839777
1790041980,0.05394826680173482,0.053955982055232735,0.05391894314737253,0.053955982055232735,218.8929689239325
1790042100,0.053955982055232735,0.05424776311618748,0.053955982055232735,0.05424776311618748,187.58059349529577
1790042160,0.05424776311618748,0.05424776311618748,0.05396900533719859,0.05396900533719859,697.5982303061751
1790042220,0.05396900533719859,0.054243707398581587,0.05396900533719859,0.054221526953687905,45.605433325885535
1790042280,0.054221526953687905,0.05424631404757886,0.05392825884396272,0.053976349120339155,497.8757842077922
1790042340,0.053976349120339155,0.054197783848598635,0.053976349120339155,0.054197783848598635,83.06496454904578
1790042400,0.054197783848598635,0.054197783848598635,0.053977545667955894,0.053977545667955894,80.99286660208499
1790042520,0.053977545667955894,0.0543162007739421,0.05372721441951453,0.05403349758320682,19745.3768200495
1790042580,0.05403349758320682,0.05403349758320682,0.05373630427149757,0.05373630427149757,125.07902887381913
1790042640,0.05373630427149757,0.05374383370418026,0.053707052657989994,0.05374383370418026,103.88811130390145
1790042700,0.05374383370418026,0.053957753068883695,0.053687881362513394,0.053687881362513394,95.66764945948238
1790042760,0.053687881362513394,0.05408967384733164,0.053687881362513394,0.05408967384733164,80.64005878728551
1790042820,0.05408967384733164,0.0541016875723504,0.053769165094388886,0.053769165094388886,394.26971814069816
1790042880,0.053769165094388886,0.05410388551512338,0.053769165094388886,0.05407288314327068,203.96478980607134
1790042940,0.05407288314327068,0.05407288314327068,0.053677108818943026,0.053677108818943026,329.6122320458512
1790043000,0.053677108818943026,0.05391893462407488,0.05338397077977626,0.05351844795566406,12193.224586105693
1790043060,0.05351844795566406,0.0535385476745851,0.05351844795566406,0.0535385476745851,199.81923736094566
1790043120,0.0535385476745851,0.0535385476745851,0.05323741680836811,0.05323834458797012,80.9439773339237
1790043180,0.05323834458797012,0.05354887253349716,0.05323834458797012,0.05354887253349716,81.96291289278493
1790043300,0.05354887253349716,0.05354887253349716,0.05329087520794216,0.05329087520794216,237.0796747192923
1790043360,0.05329087520794216,0.053531904969071564,0.05325262670339804,0.053531904969071564,1906.9441449231015
1790043420,0.053531904969071564,0.05360229101569224,0.053531904969071564,0.05360229101569224,294.2476548261026
1790043480,0.05360229101569224,0.05360229101569224,0.053187722162582364,0.053215217569231886,159.23830205022676
1790043540,0.053215217569231886,0.05352551911094198,0.053215217569231886,0.05352551911094198,27.6984420454274
1790043660,0.05352551911094198,0.05352551911094198,0.05346012420221416,0.05346012420221416,199.6201913387511
1790043720,0.05346012420221416,0.05346012420221416,0.053219482394958856,0.053219482394958856,66.46773762935148
1790043780,0.053219482394958856,0.05356548173983166,0.053219482394958856,0.05356524661027715,0.034834709276062706
1790043840,0.05356524661027715,0.05356524661027715,0.053253510856967085,0.053253510856967085,112.10644843693107
1790043900,0.053253510856967085,0.053527718989451266,0.053253510856967085,0.05329471082045924,0.25766091302726446
1790043960,0.05329471082045924,0.05363256264993659,0.05329471082045924,0.05363256264993659,421.29691755506377
1790044020,0.05363256264993659,0.053698380245345574,0.05349619949501892,0.053540990077127454,2545.0747783425873
1790044080,0.053540990077127454,0.0535786378062999,0.05353132228289692,0.0535786378062999,346.4792335666694
1790044140,0.0535786378062999,0.0535786378062999,0.0534665071101384,0.053493882078515874,182.84751704948388
1790044320,0.053493882078515874,0.053493882078515874,0.053401638701791806,0.053401638701791806,1.14044646414824
1790044380,0.053401638701791806,0.05372225648118116,0.053401638701791806,0.05372225648118116,29.985942598189638
1790044440,0.05372225648118116,0.053760911372347855,0.05372225648118116,0.053760911372347855,0.587198886455993
1790044500,0.053760911372347855,0.053760911372347855,0.05349678288342209,0.053521912319913816,63.186763415307134
1790044560,0.053521912319913816,0.05357020492000101,0.053521912319913816,0.05357020492000101,389.074235917009
1790044620,0.05357020492000101,0.053819870987369574,0.05357020492000101,0.05381928757506642,654.5468424380663
1790044680,0.05381928757506642,0.05392276935803064,0.05360251564781626,0.053883218197908096,882.4454301731412
1790044740,0.053883218197908096,0.053883218197908096,0.05387884071289083,0.05387884071289083,88.42595337799642
1790044860,0.05387884071289083,0.05387884071289083,0.05362258406111038,0.05362258406111038,498.89713807918184
1790044980,0.05362258406111038,0.053975401590248086,0.05362258406111038,0.05394666851614963,969.9328776540452
1790045040,0.05394666851614963,0.05394666851614963,0.05368243762612996,0.05368243762612996,5.018423714613012
1790045160,0.05368243762612996,0.05368243762612996,0.05360694184358353,0.05360694184358353,49.55673416338426
1790045340,0.05360694184358353,0.055296800606136856,0.05360694184358353,0.055186433793419795,29932.87928527663
1790045400,0.055186433793419795,0.055186433793419795,0.0546405368741239,0.0546405368741239,4493.616820488057
1790045460,0.0546405368741239,0.05465687280911022,0.05460252046138329,0.05460252046138329,189.0441498941158
1790045520,0.05460252046138329,0.05460252046138329,0.054486410240818774,0.054518969651604916,589.2016462270617
1790045580,0.054518969651604916,0.05467442976607735,0.054409043469951054,0.05467442976607735,164.89008732054913
1790045640,0.05467442976607735,0.05467818849057085,0.054319114051021626,0.05467818849057085,5139.384728355991
1790045700,0.05467818849057085,0.05479812546871664,0.05467818849057085,0.05479812546871664,152.25506572305312
1790045760,0.05479812546871664,0.05479812546871664,0.054489633730515005,0.054489633730515005,1254.2482813160423
1790045820,0.054489633730515005,0.0545044241457724,0.054489633730515005,0.0545044241457724,0.24309065826535536
1790045880,0.0545044241457724,0.054879498727722284,0.0545044241457724,0.054879498727722284,109.6969123882929
1790045940,0.054879498727722284,0.054879498727722284,0.05462070910053518,0.05462070910053518,17.470419385938975
1790046120,0.05462070910053518,0.05467894599787827,0.05438482851452406,0.05439763342792658,1543.0112854692204
1790046180,0.05439763342792658,0.05475806964870772,0.05439763342792658,0.05475806964870772,494.31770461632937
1790046240,0.05475806964870772,0.05475806964870772,0.0543840652183601,0.0543840652183601,1771.5829251640357
1790046300,0.0543840652183601,0.05463199727466717,0.0543840652183601,0.05463199727466717,2.2178689700009713
1790046360,0.05463199727466717,0.05463199727466717,0.05434210967676158,0.054358453374409026,663.4218091198888
1790046420,0.054358453374409026,0.054358453374409026,0.05430279180928989,0.05430279180928989,0.11272303850472737
1790046480,0.05430279180928989,0.05430279180928989,0.05429994795270769,0.05429994795270769,0.07663644874284582
1790046540,0.05429994795270769,0.054609243130199936,0.054264843723848565,0.05431602557173961,1802.764805007738
1790046600,0.05431602557173961,0.054334310936690645,0.05428387242376632,0.05428387242376632,139.51103510597133
1790046660,0.05428387242376632,0.05431417790036789,0.05424500820433393,0.05424500820433393,1189.4179946247393
1790046720,0.05424500820433393,0.05424500820433393,0.05420472608713677,0.05420472608713677,1.3201594103405074
1790046780,0.05420472608713677,0.05424033236104698,0.05420472608713677,0.05422954255287189,452.01594617962667
1790046840,0.05422954255287189,0.05423964231630415,0.054198159650010416,0.054202936849410126,1613.7335734422836
1790046960,0.054202936849410126,0.054202936849410126,0.05408110053074035,0.05408110053074035,518.2334995972021
1790047140,0.05408110053074035,0.05410845413111727,0.05408110053074035,0.05410845413111727,5.851826825291442
1790047320,0.05410845413111727,0.05410845413111727,0.05403345269983078,0.05403345269983078,61.28697553345069
1790047380,0.05403345269983078,0.054262176865953755,0.053989713476293,0.054023413949460516,153.88081530201015
1790047440,0.054023413949460516,0.054040144558997555,0.054023413949460516,0.054040144558997555,24.70593872952255
1790047500,0.054040144558997555,0.054040144558997555,0.05401779670234891,0.054018170529050925,8.640712792950856
1790047620,0.054018170529050925,0.05416585364227267,0.054018170529050925,0.054139494227476576,919.8186389543574
1790047920,0.054139494227476576,0.054139494227476576,0.05408502048605467,0.05408502048605467,0.3139820950835741
1790048040,0.05408502048605467,0.05413169199512505,0.05408502048605467,0.05413169199512505,8.328005201845098
1790048160,0.05413169199512505,0.05434111363748665,0.054108694858325965,0.054108694858325965,121.69237083327911
1790048220,0.054108694858325965,0.05436494127173365,0.054101871317535175,0.05435964975481865,335.01501738321315
1790048280,0.05435964975481865,0.05435964975481865,0.0543323448905577,0.0543323448905577,366.75183118623687
1790048400,0.0543323448905577,0.0543323448905577,0.054068395520343523,0.05407585495557643,180.03326646690954
1790048520,0.05407585495557643,0.054127193225464845,0.05407585495557643,0.05408440436794185,7.990495131750474
1790048580,0.05408440436794185,0.05408440436794185,0.054054362180908075,0.05406062221166667,544.1511642542116
1790048640,0.05406062221166667,0.0543183375449982,0.054044409385022696,0.054044409385022696,501.4124129679607
1790048700,0.054044409385022696,0.054044409385022696,0.05404049514941929,0.05404049514941929,101.5364925470283
1790048820,0.05404049514941929,0.05411722376086231,0.05404049514941929,0.05410946448527685,15.344228555849044
1790048880,0.05410946448527685,0.054131515725376216,0.0541047771491233,0.0541047771491233,269.56094697345446
1790048940,0.0541047771491233,0.0541047771491233,0.05408005985043381,0.05408005985043381,64.52746263438556
1790049000,0.05408005985043381,0.05423182617834531,0.05401763926434324,0.054230693250951485,2014.2941924719448
1790049060,0.054230693250951485,0.054230693250951485,0.05389874199815321,0.05389874199815321,2019.0995329272503
1790049120,0.05389874199815321,0.054071441839831216,0.05375908565514857,0.05375908565514857,771.4606105408674
1790049180,0.05375908565514857,0.05378547553535361,0.05375908565514857,0.05378547553535361,20.301327740819218
1790049240,0.05378547553535361,0.05378547553535361,0.05374655436345447,0.05377915930399663,0.7851704250715678
1790049300,0.05377915930399663,0.05377915930399663,0.053754794338166954,0.053754794338166954,26.88566868806226
1790049360,0.053754794338166954,0.053773204185706275,0.053754794338166954,0.053773204185706275,2025.9746200370669
1790049420,0.053773204185706275,0.053773204185706275,0.05370826923422055,0.053729849488432034,225.59478366802787
1790049480,0.053729849488432034,0.05375796594946135,0.053729849488432034,0.05375372941917038,72.6774417035817
1790049540,0.05375372941917038,0.05407177107739919,0.053684991592309494,0.053684991592309494,3215.1410114175364
1790049600,0.053684991592309494,0.053684991592309494,0.05331416638634916,0.05357817185759256,4496.491660806295
1790049660,0.05357817185759256,0.05363866023312059,0.05335846012286989,0.053620269469289474,201.2225771708948
1790049720,0.053620269469289474,0.053620269469289474,0.0532745428357589,0.0532745428357589,1288.3712745051641
1790049780,0.0532745428357589,0.053502820087390046,0.053226407240739695,0.053502820087390046,819.1410101110235
1790049840,0.053502820087390046,0.05360963258215715,0.0533341891154531,0.05334891864818142,1677.8038623866382
1790049900,0.05334891864818142,0.053608834008728894,0.05334891864818142,0.053608834008728894,161.1574872133926
1790049960,0.053608834008728894,0.05366683860379221,0.05342950996473757,0.05366683860379221,42.98063384053797
1790050020,0.05366683860379221,0.05366683860379221,0.05338284475905799,0.053646959733099575,25.78394598973935
1790050080,0.053646959733099575,0.05367149638100092,0.05336870275893913,0.05360767618179329,431.08323916008106
1790050140,0.05360767618179329,0.05360767618179329,0.05354469325414884,0.05356521301834685,19.926404208883433
1790050260,0.05356521301834685,0.053594738339387875,0.05356521301834685,0.053594738339387875,35.929502261408906
1790050320,0.053594738339387875,0.053594738339387875,0.05328028265342525,0.05328028265342525,753.7805172710699
1790050380,0.05328028265342525,0.05333077856295176,0.05324306690406623,0.05324306690406623,1780.7311647582196
1790050440,0.05324306690406623,0.053514822700447856,0.05324306690406623,0.053514822700447856,201.67182445425232
1790050500,0.053514822700447856,0.05353432592662908,0.05348871608679681,0.05352068906889167,584.6897759069326
1790050680,0.05352068906889167,0.05352068906889167,0.053431559175658276,0.05346925695541807,213.30164014641082
1790050740,0.05346925695541807,0.05346925695541807,0.053183640507156044,0.053183640507156044,59.73777043333468
1790050800,0.053183640507156044,0.05343701799274033,0.05317303888499778,0.05343701799274033,135.65802885814503
1790050860,0.05343701799274033,0.053552412912400864,0.05343701799274033,0.053552412912400864,373.67182792192096
1790050920,0.053552412912400864,0.05357542959451101,0.053259646921535245,0.05352937081727333,724.2064520711276
1790051220,0.05352937081727333,0.05352937081727333,0.05321277500011926,0.05321277500011926,32.2466847181505
1790051400,0.05321277500011926,0.053452292360101114,0.05321277500011926,0.053452292360101114,57.68375542302905
1790051460,0.053452292360101114,0.053452292360101114,0.05317375556128758,0.05317375556128758,369.197906388975
1790051520,0.05317375556128758,0.05317375556128758,0.05313513445529462,0.05313513445529462,1.691794094354244
1790051640,0.05313513445529462,0.05343825009023935,0.053089163736945534,0.05311027578030413,1168.9215479760428
1790051700,0.05311027578030413,0.0531107617421255,0.053089156585745347,0.053089156585745347,347.1022958466006
1790051760,0.053089156585745347,0.05338619018098948,0.053089156585745347,0.05310233096615972,430.9086899970925
1790051820,0.05310233096615972,0.0533669900760346,0.05310233096615972,0.05312415412303759,361.6933912680389
1790051880,0.05312415412303759,0.05322128864492225,0.05312415412303759,0.05316543373045908,36.934175161712204
1790051940,0.05316543373045908,0.05324901622931497,0.05316543373045908,0.05318143660528901,5.19099421545974
1790052000,0.05318143660528901,0.053432307435226194,0.05318143660528901,0.053432307435226194,11.642598752515697
1790052120,0.053432307435226194,0.053432307435226194,0.053161974595562975,0.053161974595562975,21.394160938776807
1790052180,0.053161974595562975,0.053161974595562975,0.05313218772871995,0.05313218772871995,574.6241950675725
1790052240,0.05313218772871995,0.05313218772871995,0.05312318775664861,0.05312318775664861,11.867134142951155
1790052300,0.05312318775664861,0.05335298686031869,0.05304553388256715,0.05304553388256715,1257.7236030855208
1790052420,0.05304553388256715,0.05341803372240287,0.05304553388256715,0.05341803372240287,2535.3909905382015
1790052480,0.05341803372240287,0.05341803372240287,0.05311604001230095,0.05311604001230095,63.62422254886347
1790052540,0.05311604001230095,0.05311604001230095,0.05309653236499716,0.05309653236499716,6.339030930772004
1790052600,0.05309653236499716,0.05309653236499716,0.05306765403457076,0.05306798473959894,11.272978597077275
1790052660,0.05306798473959894,0.053088251561201553,0.05299029639689443,0.05299029639689443,3359.506245519329
1790052720,0.05299029639689443,0.05299029639689443,0.052940461886308306,0.052940461886308306,372.1165837483449
1790052780,0.052940461886308306,0.052940461886308306,0.0529088747734839,0.0529088747734839,325.77663081507467
1790052840,0.0529088747734839,0.0531936690850627,0.0529088747734839,0.0531936690850627,96.22318608733957
1790052900,0.0531936690850627,0.053215625268475945,0.05293118634577888,0.053215625268475945,120.26124279224469
1790052960,0.053215625268475945,0.05322462715683381,0.05313762292727259,0.0532203534204808,1608.8104502495999
1790053020,0.0532203534204808,0.05323223685691514,0.0532203534204808,0.05323223685691514,498.2724237316164
1790053140,0.05323223685691514,0.05323223685691514,0.0529531590767261,0.0529531590767261,0.01455073381689818
1790053200,0.0529531590767261,0.05321735955387943,0.0529531590767261,0.05321735955387943,50.446135130035564
1790053320,0.05321735955387943,0.05322365434323969,0.052980983766478924,0.05322365434323969,962.0607033642183
1790053380,0.05322365434323969,0.05322365434323969,0.052938612155241316,0.052938612155241316,111.5599081620406
1790053440,0.052938612155241316,0.05321314935391903,0.052938612155241316,0.05321314935391903,356.6261791455593
1790053500,0.05321314935391903,0.05321314935391903,0.05293008336519649,0.052971110712081146,133.4843722914871
1790053560,0.052971110712081146,0.05298886082679828,0.052971110712081146,0.05298886082679828,0.017286291123222268
1790053620,0.05298886082679828,0.053315976417423167,0.05298886082679828,0.053048536108966926,11.370240255396931
1790053680,0.053048536108966926,0.053274767217388115,0.053048536108966926,0.053274767217388115,218.05322644560965
1790053740,0.053274767217388115,0.053326970346238185,0.05299076136920111,0.05299076136920111,481.5588613719499
1790053800,0.05299076136920111,0.05329609130629407,0.05299076136920111,0.05328504365117364,729.6710155139624
1790053860,0.05328504365117364,0.053317158095788984,0.053042014533781504,0.053317158095788984,5.567905739931191
1790053980,0.053317158095788984,0.053317158095788984,0.052966983776540334,0.05297078810299508,44.82135100145918
1790054040,0.05297078810299508,0.053223416310236325,0.05297078810299508,0.053223416310236325,14.841473276105487
1790054100,0.053223416310236325,0.053257342819664114,0.053223416310236325,0.053257342819664114,49.23971528551961
1790054160,0.053257342819664114,0.053257342819664114,0.05296143964945451,0.05296143964945451,366.8461888273914
1790054220,0.05296143964945451,0.053205554986538776,0.05291453280690716,0.05291453280690716,32.180319347093224
1790054280,0.05291453280690716,0.053198372138517205,0.052777385828696996,0.052777385828696996,864.5891427779588
1790054340,0.052777385828696996,0.05306629158802266,0.052777385828696996,0.052819210985504926,292.885964752754
1790054400,0.052819210985504926,0.052819210985504926,0.05277703126706503,0.052813923424541116,20.04886169587356
1790054460,0.052813923424541116,0.05285394539976606,0.052813923424541116,0.052850534681401114,418.32754342238366
1790054520,0.052850534681401114,0.053108146932761696,0.052850534681401114,0.053108146932761696,237.10818613094727
1790054580,0.053108146932761696,0.053183265334605545,0.05291394230861625,0.053183265334605545,20.391490502969358
1790054640,0.053183265334605545,0.053183265334605545,0.05295992859390256,0.053148744506069344,41.55091882860452
1790054820,0.053148744506069344,0.053148744506069344,0.052770866385908145,0.052770866385908145,83.47083712467438
1790054940,0.052770866385908145,0.0527906199895008,0.052770866385908145,0.0527906199895008,434.9289146023999
1790055000,0.0527906199895008,0.05279497514908147,0.05274546499728684,0.05279497514908147,3.2582866992218547
1790055120,0.05279497514908147,0.0529658467199352,0.05265381668223882,0.05265381668223882,133.94909280967363
1790055180,0.05265381668223882,0.052656127598561274,0.052591219163122885,0.052591219163122885,1047.3373278542474
1790055240,0.052591219163122885,0.05291049698705595,0.052591219163122885,0.05291049698705595,105.46417690527755
1790055300,0.05291049698705595,0.05291049698705595,0.05271921046652431,0.05271921046652431,90.40206893359367
1790055360,0.05271921046652431,0.05299124865936395,0.05271921046652431,0.05299124865936395,6.941124308812627
1790055660,0.05299124865936395,0.05299124865936395,0.052989125975042316,0.052989125975042316,0.03221071196295287
1790055780,0.052989125975042316,0.05300616372805049,0.052989125975042316,0.05300616372805049,44.09710462986174
1790055840,0.05300616372805049,0.05304223986557516,0.05300616372805049,0.05304223986557516,2.267155974891471
1790055900,0.05304223986557516,0.053079734421947924,0.05304223986557516,0.05307169700452767,2209.166541730805
1790056080,0.05307169700452767,0.053398169365900264,0.05307169700452767,0.05337086152484691,299.6751700309278
1790056380,0.05337086152484691,0.05337086152484691,0.0531810423792606,0.05320112476299619,22.015208173004332
1790056620,0.05320112476299619,0.05320112476299619,0.05313938876401885,0.05313938876401885,112.12522388111071
1790056740,0.05313938876401885,0.05313938876401885,0.05305480405726201,0.05305480405726201,243.35872572851397
1790056800,0.05305480405726201,0.05337179832516441,0.05305480405726201,0.05311416481453091,540.6979734106935
1790056860,0.05311416481453091,0.05311416481453091,0.05288716803459379,0.05288716803459379,3078.9030236446806
1790057160,0.05288716803459379,0.05288716803459379,0.05284232079397163,0.05284232079397163,4.492825111653557
1790057220,0.05284232079397163,0.05284232079397163,0.05275642783796843,0.05275642783796843,56.27652942254858
1790057340,0.05275642783796843,0.05281756273508371,0.05275642783796843,0.05281756273508371,3.3979695231662363
1790057580,0.05281756273508371,0.05281756273508371,0.052708658830499695,0.052708658830499695,0.28716146437919826
1790057820,0.052708658830499695,0.053090462826773245,0.052698672926978114,0.053090462826773245,229.07724012666233
1790057880,0.053090462826773245,0.053090462826773245,0.05280086561328153,0.05306176848408086,964.8329658585371
1790057940,0.05306176848408086,0.05310842079082558,0.052741927440637375,0.05300481265232284,907.3480690416097
1790058000,0.05300481265232284,0.05308397256252235,0.05277321519339191,0.053026650363368295,932.5986021369222
1790058060,0.053026650363368295,0.053036526454558724,0.05273644666554455,0.053005294920342255,275.495718424379
1790058120,0.053005294920342255,0.05306860191166236,0.052741365933813684,0.053060476682615196,329.72882047148056
1790058180,0.053060476682615196,0.053060476682615196,0.05274557134045471,0.05274557134045471,16.895544011339172
1790058240,0.05274557134045471,0.053055018863938416,0.05274557134045471,0.05305345437632364,86.34501911375197
1790058300,0.05305345437632364,0.05305345437632364,0.052740420501011596,0.052740420501011596,106.04269794044745
1790058360,0.052740420501011596,0.05304880943031491,0.05273880745526079,0.05304880943031491,490.8661128193746
1790058420,0.05304880943031491,0.05305141419563097,0.05279101755089227,0.05279101755089227,294.22848677945115
1790058480,0.05279101755089227,0.053067524448601716,0.05276933541251457,0.053067524448601716,99.87396037691772
1790058600,0.053067524448601716,0.053067524448601716,0.05283055694287714,0.05283055694287714,0.208101465698043
1790058660,0.05283055694287714,0.05312366931974561,0.0527800215848369,0.05312366931974561,118.51857539692271
1790058720,0.05312366931974561,0.05312366931974561,0.05283668748799648,0.05283703315923548,21.645452272737437
1790058780,0.05283703315923548,0.053212763555874204,0.05283703315923548,0.053212763555874204,255.16047718949787
1790058840,0.053212763555874204,0.05327220953301832,0.053212763555874204,0.05327220953301832,1611.7916812155004
1790058960,0.05327220953301832,0.05327220953301832,0.053019297387341215,0.053019297387341215,49.97718184461671
1790059020,0.053019297387341215,0.05322923339076957,0.052963807855487266,0.05322923339076957,107.15314191038968
1790059080,0.05322923339076957,0.05322923339076957,0.05299907187502067,0.053002036841197156,333.30046556293775
1790059140,0.053002036841197156,0.053181823961322684,0.05288775119086867,0.053181823961322684,1456.518425773065
1790059200,0.053181823961322684,0.05318812742536635,0.053181823961322684,0.05318812742536635,23.515596329590146
1790059260,0.05318812742536635,0.05318812742536635,0.053152222990462884,0.053152222990462884,90.95038038704946
1790059320,0.053152222990462884,0.053152222990462884,0.052897354572923355,0.052897678079235746,23.126154055404474
1790059380,0.052897678079235746,0.053140527153687556,0.052897678079235746,0.05312510953748356,588.513445791504
1790059440,0.05312510953748356,0.05315888652728014,0.052903058029976364,0.052903058029976364,124.81292869570649
1790059500,0.052903058029976364,0.05317480036954708,0.052903058029976364,0.05317480036954708,108.88636732924007
1790059560,0.05317480036954708,0.05322125923653291,0.05292434561919696,0.05322125923653291,1131.7916178391201
1790059620,0.05322125923653291,0.05323583582027614,0.05322125923653291,0.05323583582027614,298.4609238791881
1790059680,0.05323583582027614,0.05323583582027614,0.052956844918970326,0.052956844918970326,415.74041416556855
1790059740,0.052956844918970326,0.053201657461679416,0.052956844918970326,0.053201657461679416,57.6320759751737
1790059800,0.053201657461679416,0.053206948544048144,0.053201657461679416,0.053206948544048144,0.011526806539531134
1790060040,0.053206948544048144,0.05325604469021153,0.053206948544048144,0.05325604243537344,0.023074885066973853
1790060100,0.05325604243537344,0.05325604243537344,0.05320953974346048,0.05322368163018421,416.5887847153163
1790060160,0.05322368163018421,0.05322368163018421,0.053203491031193775,0.053206518402190484,130.99694489258067
1790060220,0.053206518402190484,0.05324682990438628,0.0529385784210155,0.0529385784210155,492.7406968813791
1790060340,0.0529385784210155,0.053247258057625285,0.0529385784210155,0.05320652698343699,331.4587592028073
1790060400,0.05320652698343699,0.05321389604616827,0.05298326203332411,0.05321389604616827,263.043316943289
1790060460,0.05321389604616827,0.05328442764600058,0.05321389604616827,0.05328442764600058,655.1326111414497
1790060520,0.05328442764600058,0.05328442764600058,0.05286764173351654,0.05313595741375504,2733.597213525725
1790060580,0.05313595741375504,0.05314892592611089,0.05312246064987891,0.05314892592611089,160.3540154947852
1790060640,0.05314892592611089,0.05320060866096462,0.052895505026852085,0.052910169934729655,794.9989259913772
1790060700,0.052910169934729655,0.05320811330966043,0.052910169934729655,0.052942919512222714,9.208065485012497
1790060820,0.052942919512222714,0.05296959939568511,0.052899335304038855,0.05296959939568511,11.986636925777187
1790060880,0.05296959939568511,0.053173775502536345,0.05296959939568511,0.053173775502536345,162.6285918802078
1790060940,0.053173775502536345,0.05325792777228437,0.05287626871122291,0.053225901661420834,1308.502930490699
1790061000,0.053225901661420834,0.0532792409212665,0.052981329457131535,0.053259837022874665,1016.9108570794148
1790061060,0.053259837022874665,0.05330566007902846,0.05300300277781758,0.05330528353782756,453.9372191105066
1790061120,0.05330528353782756,0.05335979465117712,0.05300567734334086,0.05332637533898567,1977.340165061485
1790061180,0.05332637533898567,0.05345630458556731,0.053079606905820115,0.05344595314933213,2588.21512970593
1790061240,0.05344595314933213,0.053459394830145175,0.05314647881205577,0.053459394830145175,445.90615906029336
1790061300,0.053459394830145175,0.053459394830145175,0.05310439659807197,0.05336067714339094,1581.5718775080886
1790061360,0.05336067714339094,0.05344242984732967,0.05309373992769365,0.05309753331504857,1613.89579527181
1790061420,0.05309753331504857,0.05342343324114509,0.05309753331504857,0.05340764716877006,271.64388211227873
1790061480,0.05340764716877006,0.05342306093103913,0.05312596429650491,0.0533936757562441,945.4269669825222
1790061540,0.0533936757562441,0.053408435785501154,0.053371492911912934,0.053371492911912934,330.88244539850103
1790061600,0.053371492911912934,0.05337860722627464,0.05313316761523937,0.05313316761523937,379.5505713593693
1790061660,0.05313316761523937,0.0533223440976678,0.05304317735080495,0.05304317735080495,211.28176230793824
1790061720,0.05304317735080495,0.05326007255082615,0.05299023751797436,0.05326007255082615,96.91569562897756
1790061780,0.05326007255082615,0.05326007255082615,0.052954546863811174,0.0529906803656469,596.8200415884055
1790061840,0.0529906803656469,0.0529906803656469,0.052885924455224824,0.052885924455224824,1872.1060064629514
1790061900,0.052885924455224824,0.05324639145322827,0.052885924455224824,0.05321743648862226,1440.2258890046132
1790061960,0.05321743648862226,0.05321743648862226,0.05292945089418807,0.05292963817148135,510.84222802617853
1790062020,0.05292963817148135,0.05325686455592819,0.052910167692510716,0.05320098734705215,932.419264073671
1790062080,0.05320098734705215,0.053313180866078516,0.052980587276972996,0.053313180866078516,1916.9419773827788
1790062140,0.053313180866078516,0.053319079561673456,0.05300939982240582,0.053319079561673456,383.6481922509858
1790062200,0.053319079561673456,0.0534213593367393,0.05309873869842786,0.0531681216258527,4505.212683797293
1790062260,0.0531681216258527,0.053400969981262196,0.05312852210884164,0.05317063169151549,331.8510858853594
1790062320,0.05317063169151549,0.05354373567682698,0.05316824969247707,0.05335463347863425,4058.5399213300257
1790062380,0.05335463347863425,0.05359868023327039,0.05326498997869204,0.053279030891644194,387.5909461126996
1790062440,0.053279030891644194,0.053279030891644194,0.053148744262000204,0.053148744262000204,294.0956398838018
1790062500,0.053148744262000204,0.053490476062291244,0.053148744262000204,0.05348450046553918,522.7400835873672
1790062560,0.05348450046553918,0.05348450046553918,0.05321867458010052,0.05321867458010052,0.49960616678571845
1790062620,0.05321867458010052,0.05325689341081435,0.05321867458010052,0.05322330473663709,16.11939244783808
1790062740,0.05322330473663709,0.05350212801761347,0.05322330473663709,0.05350212801761347,21.32371649355473
1790062800,0.05350212801761347,0.05350212801761347,0.05330384689417517,0.05331104291622673,3.080530691596959
1790062980,0.05331104291622673,0.05357672457134583,0.05331104291622673,0.05357672457134583,349.04838292535834
1790063040,0.05357672457134583,0.05358358997626842,0.053266236362550984,0.05358358997626842,364.41491606901354
1790063100,0.05358358997626842,0.053634096851442416,0.05358358997626842,0.053634096851442416,212.8844770642333
1790063220,0.053634096851442416,0.05363788226016116,0.05335772232942109,0.05363788226016116,89.9779118662048
1790063340,0.05363788226016116,0.05367475043418791,0.05363788226016116,0.05367475043418791,152.1015801054146
1790063460,0.05367475043418791,0.05367475043418791,0.0536282989413433,0.0536282989413433,79.6831294037821
1790063520,0.0536282989413433,0.05366306481371434,0.053391960905155335,0.05366306481371434,99.91395657936438
1790063580,0.05366306481371434,0.05366306481371434,0.053362225063624556,0.053362225063624556,3.6945974735012226
1790063640,0.053362225063624556,0.05364662728133111,0.053362225063624556,0.05364662728133111,770.1762217988731
1790063760,0.05364662728133111,0.05368678076239939,0.053388909887208784,0.05368678076239939,162.18757000644868
1790063820,0.05368678076239939,0.05368678076239939,0.05338188965523381,0.05338467578102239,34.09452928807959
1790063880,0.05338467578102239,0.053700072512505685,0.0533824541882941,0.053700072512505685,622.8974216108967
1790063940,0.053700072512505685,0.053700072512505685,0.05339669805694869,0.05341290614134876,737.8682614113168
1790064000,0.05341290614134876,0.0534566619201547,0.05341290614134876,0.0534566619201547,14.587368481397633
1790064120,0.0534566619201547,0.05375521769889876,0.0534566619201547,0.05375521769889876,182.10778479877155
1790064300,0.05375521769889876,0.05375521769889876,0.05340520247600276,0.05340520247600276,2.2839649678144207
1790064360,0.05340520247600276,0.05371867861473734,0.05340520247600276,0.05371867861473734,10.013859391984889
1790064420,0.05371867861473734,0.05371867861473734,0.053416762611937375,0.05370176780735239,278.83092580520025
1790064480,0.05370176780735239,0.0537600924910909,0.05370176780735239,0.0537600924910909,23.02269257047434
1790064540,0.0537600924910909,0.0537600924910909,0.053727583327945236,0.0537293102213293,58.101273526928324
1790064600,0.0537293102213293,0.05380011413299042,0.05352575183353924,0.05353868594264088,144.06758652442477
1790064660,0.05353868594264088,0.05383541167222938,0.05353868594264088,0.053566480796254194,587.0301732844914
1790064780,0.053566480796254194,0.05375992538084679,0.05349820829138555,0.05375992538084679,1624.1551552538465
1790064840,0.05375992538084679,0.053768004467273964,0.05344312315603813,0.05344312315603813,708.8768792396453
1790064900,0.05344312315603813,0.05370467514449902,0.05343587479899754,0.05343587479899754,258.6441695758824
1790064960,0.05343587479899754,0.053703210284900535,0.05343587479899754,0.053703210284900535,57.579259948136354
1790065020,0.053703210284900535,0.053703210284900535,0.0533534407355718,0.0533534407355718,14.421725762702579
1790065080,0.0533534407355718,0.0533534407355718,0.05333825270112018,0.05333825270112018,172.9133787251496
1790065140,0.05333825270112018,0.053582654938465216,0.053311909581157176,0.053311909581157176,939.2051097656648
1790065200,0.053311909581157176,0.053567532452446665,0.05310751937674186,0.0534018981602504,3198.401130764798
1790065260,0.0534018981602504,0.0534018981602504,0.05302192018058471,0.05335968989337952,6118.05667680464
1790065320,0.05335968989337952,0.05340469047445956,0.05333432969704527,0.053349410620600064,858.0204959681842
1790065380,0.053349410620600064,0.05338534136722512,0.05333523191246725,0.05338534136722512,130.79064821985938
1790065440,0.05338534136722512,0.053396973517151516,0.05309143845730323,0.053396973517151516,407.79640914540556
1790065500,0.053396973517151516,0.053467337223678274,0.053092429401625486,0.05335321776896472,905.2873581105395
1790065560,0.05335321776896472,0.053397734593737624,0.05335321776896472,0.05337037756609862,307.9427865707718
1790065620,0.05337037756609862,0.05337424929056226,0.05334415835768939,0.05337424929056226,50.8814615690691
1790065680,0.05337424929056226,0.05338235990651119,0.053082098116937676,0.053092883982989,632.332797668411
1790065740,0.053092883982989,0.053339051053223605,0.053092883982989,0.053339051053223605,21.784148359454573
1790065800,0.053339051053223605,0.053339051053223605,0.053062892839319316,0.053062892839319316,18.167608701642397
1790065860,0.053062892839319316,0.05307299463577011,0.053062892839319316,0.053071364871843586,53.89117931619108
1790065920,0.053071364871843586,0.053099409866457295,0.05302194801921791,0.05302194801921791,699.8756610574313
1790065980,0.05302194801921791,0.05307891478418095,0.05302194801921791,0.05307891478418095,113.54343975161972
1790066040,0.05307891478418095,0.05340301845926446,0.05307891478418095,0.053401297988633994,76.28542404268423
1790066100,0.053401297988633994,0.05350198026589867,0.053231839073488454,0.05350198026589867,168.1139060818722
1790066160,0.05350198026589867,0.05350198026589867,0.05329863161021821,0.05332383127062999,59.30789702473123
1790066280,0.05332383127062999,0.05346294725319361,0.053273906806016236,0.053414976959905124,3981.1937038708897
1790066340,0.053414976959905124,0.053468028786866614,0.05319244883974955,0.05319877923426315,135.4300330028852
1790066400,0.05319877923426315,0.05345968574548621,0.05316016838953453,0.05316016838953453,0.5773735424047346
1790066460,0.05316016838953453,0.05349999767238761,0.052938458604570214,0.052938458604570214,5585.680115968407
1790066520,0.052938458604570214,0.053201395692028225,0.052891150337746405,0.053201395692028225,1070.1712580735461
1790066580,0.053201395692028225,0.05329658025103473,0.053201395692028225,0.053243179093995625,346.8427363590619
1790066640,0.053243179093995625,0.05330152670106051,0.05321591873133163,0.05330152670106051,155.42988078562524
1790066700,0.05330152670106051,0.05336024819652712,0.05330152670106051,0.05332242942626822,60.519942375942776
1790066760,0.05332242942626822,0.053378858791793736,0.05307343843731928,0.053378858791793736,99.23436020179541
1790066820,0.053378858791793736,0.053378858791793736,0.0527953544181506,0.05313663379395161,5612.33739876752
1790066880,0.05313663379395161,0.05313663379395161,0.05253247571881736,0.05253247571881736,14865.468578723421
1790066940,0.05253247571881736,0.0527354402119619,0.05253247571881736,0.052716313523728735,1228.5408883018565
1790067000,0.052716313523728735,0.05273336638876441,0.052716313523728735,0.05273336638876441,105.46673277752882
1790067060,0.05273336638876441,0.052810339413887665,0.05250356734111211,0.05250470072856599,284.68507073037756
1790067180,0.05250470072856599,0.052655989569802816,0.05250470072856599,0.052655989569802816,2.489479984831135
1790067240,0.052655989569802816,0.052945392516560566,0.052655989569802816,0.052945392516560566,1811.1427817556855
1790067300,0.052945392516560566,0.052945392516560566,0.0526834259460804,0.0526834259460804,39.62229644446718
1790067420,0.0526834259460804,0.052879049973380186,0.0526834259460804,0.052879049973380186,46.10774157235283
1790067480,0.052879049973380186,0.052904856948764345,0.052879049973380186,0.052904856948764345,794.1165840045658
1790067600,0.052904856948764345,0.052904856948764345,0.052411512076485534,0.052411512076485534,6787.954923224476
1790067660,0.052411512076485534,0.052591541864350534,0.05230680876397651,0.05258376706069936,2794.3581185447906
1790067720,0.05258376706069936,0.05258376706069936,0.05241841723791961,0.05241841723791961,1840.04555135426
1790067780,0.05241841723791961,0.052479698182194716,0.05233166692499071,0.052479698182194716,38.12216560774587
1790067840,0.052479698182194716,0.052479698182194716,0.051935966700540424,0.05218883136911964,6802.054521588932
1790067900,0.05218883136911964,0.052321181485052534,0.05218883136911964,0.052321181485052534,1084.2118459334238
1790067960,0.052321181485052534,0.052321181485052534,0.05196311145031467,0.05226264571867057,1093.5518236932535
1790068020,0.05226264571867057,0.05226264571867057,0.05195737136831231,0.05220170974171815,997.8741214165867
1790068080,0.05220170974171815,0.05226343315676164,0.05195198728326871,0.05219759410036104,1433.8000268466735
1790068200,0.05219759410036104,0.05219759410036104,0.051942441390393924,0.051942441390393924,1.0422633680775588
1790068260,0.051942441390393924,0.052210305621473156,0.051942441390393924,0.052210305621473156,267.7249251113751
1790068320,0.052210305621473156,0.052287726020100664,0.052210305621473156,0.052287726020100664,1749.395172081922
1790068380,0.052287726020100664,0.052416877447684355,0.05202846754183448,0.05202846754183448,2004.953314971015
1790068440,0.05202846754183448,0.052281930391883155,0.05202846754183448,0.052281930391883155,58.37329193257368
1790068500,0.052281930391883155,0.052281930391883155,0.052058269857536796,0.052064763467204,92.17103650732648
1790068560,0.052064763467204,0.052064763467204,0.05200208424300958,0.05200208424300958,1024.4149694655969
1790068740,0.05200208424300958,0.05201399812797393,0.05200208424300958,0.05201399812797393,560.7246730742493
1790068800,0.05201399812797393,0.052250855075767426,0.0519812741719757,0.052250855075767426,38.78617988124435
1790068860,0.052250855075767426,0.052250855075767426,0.05196190559429631,0.052218843519249526,237.27726364725274
1790068920,0.052218843519249526,0.05221932809388938,0.05219817684074972,0.05219817684074972,99.6357184727239
1790068980,0.05219817684074972,0.05219817684074972,0.05216208739525279,0.05219738468244693,242.89460613712924
1790069040,0.05219738468244693,0.05220771044344037,0.05194769517734907,0.05196424083051072,447.01146417892903
1790069220,0.05196424083051072,0.052199313008491496,0.0519324940469216,0.052199313008491496,365.67696161320583
1790069280,0.052199313008491496,0.05221114482429039,0.052199313008491496,0.05220294756193837,34.684746566123195
1790069340,0.05220294756193837,0.05226621824181729,0.05202040313554231,0.05203224051291919,121.30002451914088
1790069460,0.05203224051291919,0.05236535770187238,0.05203224051291919,0.05236535770187238,53.94624314466905
1790069580,0.05236535770187238,0.05236535770187238,0.05229885196827683,0.05232379097932925,129.90490560256904
1790069700,0.05232379097932925,0.05232379097932925,0.05202755727699039,0.05226260700793799,281.3047404322213
1790069940,0.05226260700793799,0.05226260700793799,0.05203199827993132,0.05203199827993132,0.29346281173873523
1790070060,0.05203199827993132,0.05234874176732436,0.05203199827993132,0.05234874176732436,32.930256388547384
1790070180,0.05234874176732436,0.052432830186073844,0.05212369655358576,0.052432830186073844,1095.9402946364783
1790070240,0.052432830186073844,0.052432830186073844,0.05212536358579988,0.05212536358579988,937.7668675155436
1790070300,0.05212536358579988,0.05231055010165076,0.052060469143352946,0.05231055010165076,777.256329674325
1790070360,0.05231055010165076,0.05236032065308818,0.05231055010165076,0.05236032065308818,510.30378783293
1790070480,0.05236032065308818,0.052427525851279806,0.052129704377686215,0.05239128985818887,683.5153658423911
1790070540,0.05239128985818887,0.052394205908591326,0.052389615956083185,0.052394205908591326,156.9993234121493
1790070600,0.052394205908591326,0.05242835792229524,0.05216266398885371,0.05242835792229524,137.5663228960948
1790070660,0.05242835792229524,0.052580036853756194,0.052295825090564074,0.05231205233788495,4142.573823921005
1790070900,0.05231205233788495,0.0525205778509982,0.05231205233788495,0.0525205778509982,35.12077138371384
1790071020,0.0525205778509982,0.0525205778509982,0.052514795495177714,0.052517235279214675,56.80628157106814
1790071080,0.052517235279214675,0.05254188538731819,0.052517235279214675,0.05254188538731819,32.089759941111346
1790071140,0.05254188538731819,0.052623053411870034,0.052342706449819115,0.052342706449819115,289.098466390804
1790071200,0.052342706449819115,0.052342706449819115,0.05229984987149899,0.05229984987149899,0.7201817984936095
1790071260,0.05229984987149899,0.052575283425797543,0.05228577298002146,0.052575283425797543,54.42099046874803
1790071320,0.052575283425797543,0.05259355654261182,0.05228962844266936,0.05228962844266936,307.4638943097338
1790071380,0.05228962844266936,0.052573300592061625,0.05228962844266936,0.052573300592061625,5.858389038749072
1790071440,0.052573300592061625,0.052573300592061625,0.05223166866451612,0.05223166866451612,1563.766870746889
1790071500,0.05223166866451612,0.05246558572836084,0.05216461353777641,0.052451104784527997,621.7491340468666
1790071560,0.052451104784527997,0.052545157590980655,0.052451104784527997,0.052503684343017554,801.0844389202025
1790071620,0.052503684343017554,0.05253962924931282,0.05247903862880717,0.05253962924931282,876.0161969658242
1790071680,0.05253962924931282,0.05259479020926865,0.05230396380309935,0.05230396380309935,2482.5724552031993
1790071740,0.05230396380309935,0.05230396380309935,0.05221303908945078,0.05221303908945078,6.032019212947561
1790071800,0.05221303908945078,0.052460549310159005,0.05221303908945078,0.052460549310159005,55.79329613688085
1790071860,0.052460549310159005,0.052460549310159005,0.05220735296313331,0.05220735296313331,1.3075217737587277
1790071920,0.05220735296313331,0.05246620338029335,0.05220735296313331,0.05221446225167071,320.0260919906595
1790072100,0.05221446225167071,0.05246166971991299,0.05221446225167071,0.05221962281567111,206.4202276336423
1790072160,0.05221962281567111,0.05249261227137781,0.05218072620748454,0.05218072620748454,1166.6282896803702
1790072220,0.05218072620748454,0.0522063739157688,0.05214542314816245,0.05214542314816245,80.87495192504713
1790072280,0.05214542314816245,0.05214542314816245,0.05213812539458287,0.05213812539458287,77.06448899792257
1790072340,0.05213812539458287,0.052348692662175025,0.05208048019132582,0.05208048019132582,109.35917251550985
1790072400,0.05208048019132582,0.05238646551862946,0.05204036124868767,0.05226916001085615,2057.43625081175
1790072460,0.05226916001085615,0.0523164939524803,0.05226916001085615,0.0523164939524803,109.72048743968202
1790072520,0.0523164939524803,0.0523164939524803,0.052304884507339576,0.05230492906128389,11.80419752220806
1790072580,0.05230492906128389,0.05230492906128389,0.05197810767743106,0.052223805160442616,87.38591514146589
1790072640,0.052223805160442616,0.052223805160442616,0.05192765674347387,0.05192765674347387,215.08825742571554
1790072820,0.05192765674347387,0.05216513154408084,0.05192765674347387,0.05214806605968412,260.0426632434354
1790072880,0.05214806605968412,0.05214806605968412,0.051812016633048685,0.05210352595819936,738.3517113901441
1790072940,0.05210352595819936,0.05214004598705766,0.05210352595819936,0.05214004598705766,116.33554253509568
1790073000,0.05214004598705766,0.05214004598705766,0.05189402475689896,0.05189402475689896,89.88978246248078
1790073060,0.05189402475689896,0.05210077481337261,0.05189402475689896,0.05210077481337261,29.091637539945026
1790073120,0.05210077481337261,0.052110567041143946,0.05183400157473615,0.052110567041143946,363.0720807927786
1790073180,0.052110567041143946,0.05211313282833031,0.051759028769335545,0.052006424299248476,364.8344983931356
1790073240,0.052006424299248476,0.052006424299248476,0.05164457793108453,0.05182072239237536,7644.049588882
1790073300,0.05182072239237536,0.051915418508818624,0.051663881153573246,0.051663881153573246,123.36991785232169
1790073360,0.051663881153573246,0.0519687809418625,0.051663881153573246,0.0519687809418625,784.2336540341188
1790073420,0.0519687809418625,0.052026529704619545,0.0519687809418625,0.052026529704619545,0.12190710766103278
1790073540,0.052026529704619545,0.05205417754508036,0.051828241656707345,0.052046444957133446,111.4146570850105
1790073780,0.052046444957133446,0.052046444957133446,0.05175650850867888,0.05179426254486624,442.04270730635204
1790073840,0.05179426254486624,0.05208014297470586,0.051780568765855725,0.051780568765855725,482.802654457637
1790073900,0.051780568765855725,0.05201529322569227,0.051780568765855725,0.05200198707005559,382.0510969057372
1790073960,0.05200198707005559,0.052082200639668744,0.05180141611971193,0.05206509554924753,1024.9733381715039
1790074020,0.05206509554924753,0.05215976664315689,0.05178281552730927,0.05215751705429162,999.1694000439314
1790074080,0.05215751705429162,0.05216361858558279,0.05187933006985531,0.05187933006985531,459.5701226707698
1790074140,0.05187933006985531,0.05214668606470319,0.05185139441291258,0.05214668606470319,292.6172506716506
1790074200,0.05214668606470319,0.0522460623574457,0.05186110214205871,0.0522460623574457,1584.2509491416274
1790074260,0.0522460623574457,0.052291027318268055,0.05198118121203418,0.052291027318268055,1010.9850233151504
1790074320,0.052291027318268055,0.05233132201658009,0.05201437580973213,0.05227705567668642,1611.3705818102255
1790074380,0.05227705567668642,0.0523894241752352,0.05202539708120693,0.05238438939664572,2465.129907907353
1790074440,0.05238438939664572,0.05255825637359863,0.052208524637228935,0.05224327771318211,4433.418298660109
1790074500,0.05224327771318211,0.05253901090388579,0.05218446494634274,0.0524719968350613,4671.450210528913
1790074560,0.0524719968350613,0.052521118183262716,0.05222452478396443,0.05249065340100779,1254.6085779677703
1790074620,0.05249065340100779,0.052516099907770585,0.052223956365399005,0.0522579461495051,1144.6927248834556
1790074680,0.0522579461495051,0.05257289340985687,0.0522579461495051,0.05257223875007691,2665.6274722594358
1790074740,0.05257223875007691,0.052662142904756216,0.052291511127079936,0.052662142904756216,1725.7347613180013
1790074800,0.052662142904756216,0.052662142904756216,0.052382856356219254,0.052382856356219254,360.055466839564
1790074860,0.052382856356219254,0.052382856356219254,0.05232287154297575,0.05232287154297575,85.48987593778286
1790074920,0.05232287154297575,0.05265689145122954,0.05230829800423741,0.05263903844424468,2049.6972608793376
1790074980,0.05263903844424468,0.05267543971919607,0.05237325951593173,0.05239773672130756,302.8525766593942
1790075040,0.05239773672130756,0.05270541204527941,0.05236526088013116,0.05244105096759783,1640.281562145816
1790075100,0.05244105096759783,0.05274609325368622,0.05243490501089388,0.052443856600797735,341.8898849510856
1790075160,0.052443856600797735,0.05270774280099189,0.05240392772860836,0.05270774280099189,270.57234787001465
1790075220,0.05270774280099189,0.05271399646780612,0.05243616832580928,0.0524430086057034,1245.5722851079965
1790075280,0.0524430086057034,0.05270651872207093,0.05229584985026147,0.05259277473763464,4279.5815619829755
1790075340,0.05259277473763464,0.05266660813688387,0.052305195261093035,0.052529057739980164,661.0207415588178
1790075400,0.052529057739980164,0.05265284251188131,0.05227254053718953,0.05265284251188131,403.0054093161467
1790075460,0.05265284251188131,0.05274573284916403,0.052421933083121514,0.05248882789094136,1773.0079608925114
1790075520,0.05248882789094136,0.052791596576401326,0.05243580821827336,0.05243580821827336,1630.8956906577077
1790075580,0.05243580821827336,0.05273899924738358,0.05240491854883927,0.05273899924738358,672.0176216187797
1790075640,0.05273899924738358,0.05288962440802698,0.0524811175612465,0.052888842322353,1685.526521244983
1790075700,0.052888842322353,0.052888842322353,0.05257059614465632,0.05284600344222287,328.0012261780675
1790075760,0.05284600344222287,0.052886214634257994,0.052616956308385206,0.05263878660817168,613.1214726612847
1790075820,0.05263878660817168,0.05289423914115714,0.05258635326360239,0.05262635415594948,1073.6543998724142
1790075880,0.05262635415594948,0.05262635415594948,0.052590185672223996,0.052590185672223996,85.79541233176859
1790075940,0.052590185672223996,0.052872736844688455,0.052590185672223996,0.052605366537207925,159.29222781853446
1790076000,0.052605366537207925,0.052903127431087306,0.052605366537207925,0.052903127431087306,174.14175495236742
1790076060,0.052903127431087306,0.05300670778983402,0.052642177381765305,0.05300670778983402,698.2431141271419
1790076120,0.05300670778983402,0.05302540734423427,0.05274836841391122,0.05274836841391122,349.99188143387505
1790076180,0.05274836841391122,0.052993104116880074,0.05270973355543749,0.052729190100491416,69.3998276016089
1790076240,0.052729190100491416,0.052981203250750904,0.052667957241141226,0.05290284943498143,2218.6866164314365
1790076300,0.05290284943498143,0.05292761209535109,0.05266314587178543,0.05266314587178543,802.3445549045783
1790076360,0.05266314587178543,0.05293566384595049,0.05265040504412731,0.05287168677768517,510.7210545901314
1790076420,0.05287168677768517,0.05291453659068656,0.052588534048582346,0.05285195837107396,2034.766427602763
1790076480,0.05285195837107396,0.05285195837107396,0.05252948536901317,0.05276333909022016,1916.166608294319
1790076540,0.05276333909022016,0.05280406942079194,0.052533444632765464,0.05279435602697105,13.972230599721405
1790076600,0.05279435602697105,0.05282527727658998,0.05258725688331964,0.05281862589518279,77.94538704549117
1790076660,0.05281862589518279,0.0528476603054772,0.05255442277704142,0.05261065757957703,99.86405047963453
1790076720,0.05261065757957703,0.052889644719519104,0.05261065757957703,0.052889644719519104,278.6922724328507
1790076780,0.052889644719519104,0.05292214006977779,0.052653536754200855,0.05266139375102418,557.1857021316765
1790076840,0.05266139375102418,0.05296588766398299,0.05266139375102418,0.052687186133165906,1091.0497705834048
1790076900,0.052687186133165906,0.05297968240597507,0.052687186133165906,0.05275716073697347,384.1411469699635
1790076960,0.05275716073697347,0.05308704386811163,0.05275716073697347,0.05308704386811163,2389.65409685791
1790077020,0.05308704386811163,0.05320780723161091,0.052911960835831294,0.05294664261423075,394.2561860376939
1790077080,0.05294664261423075,0.053206515277183654,0.05291801669087735,0.05291801669087735,549.6644580691471
1790077140,0.05291801669087735,0.05319068672030039,0.05288126946904706,0.05319068672030039,506.661993011705
1790077200,0.05319068672030039,0.0532737677993248,0.05306995845786796,0.05306995845786796,2492.9155014342236
1790077260,0.05306995845786796,0.05334048943379871,0.05303607400812169,0.05334048943379871,312.78592946128697
1790077320,0.05334048943379871,0.05334048943379871,0.05305599929784215,0.05309408352632227,283.1995792768008
1790077380,0.05309408352632227,0.05309408352632227,0.05308466801093743,0.05308466801093743,284.1798796825244
1790077440,0.05308466801093743,0.05333211497454885,0.05305211887309917,0.05305211887309917,102.85109468440366
1790077500,0.05305211887309917,0.053350184385481614,0.053043703133390775,0.053350184385481614,646.8680289593568
1790077560,0.053350184385481614,0.053350184385481614,0.0533025691848593,0.0533025691848593,23.67669596810078
1790077620,0.0533025691848593,0.05345994987472812,0.052970261596008685,0.05337385828038302,8222.131195065682
1790077680,0.05337385828038302,0.053879723233495026,0.05334705025158383,0.05382633395240249,10375.66971918183
1790077740,0.05382633395240249,0.05382633395240249,0.0534315640262442,0.0534315640262442,2997.785783762054
1790077800,0.0534315640262442,0.053740512617197755,0.0534315640262442,0.05346313106182299,371.4403537073583
1790077860,0.05346313106182299,0.053679154875415296,0.05337669346010902,0.05343023705073028,386.7006003233119
1790077920,0.05343023705073028,0.053658735805196964,0.05338156803265298,0.05365355083911437,158.78101985430055
1790077980,0.05365355083911437,0.05368266496137594,0.053405566900289934,0.05368266496137594,520.6149909585733
1790078040,0.05368266496137594,0.05373902754909425,0.05338438252878937,0.05373902754909425,2388.8081116909334
1790078100,0.05373902754909425,0.05387389629287184,0.05346209931560261,0.05387389629287184,1775.625934233533
1790078160,0.05387389629287184,0.05395522864726971,0.05357210851202116,0.05392323450914064,526.0403379866459
1790078220,0.05392323450914064,0.05396191814322424,0.05362972689138387,0.05362972689138387,333.98998319857066
1790078280,0.05362972689138387,0.053932853241994844,0.05362972689138387,0.053932853241994844,249.22823452712538
1790078340,0.053932853241994844,0.05393471999361328,0.05361462276495652,0.053929712263767464,257.07360095295104
1790078400,0.053929712263767464,0.05394993084283026,0.05364830660206106,0.05364830660206106,1024.4026484063627
1790078460,0.05364830660206106,0.0539037438281757,0.05362438807469942,0.0539037438281757,746.7865938133773
1790078520,0.0539037438281757,0.0539037438281757,0.053611805524723145,0.053611805524723145,440.9333024100608
1790078580,0.053611805524723145,0.053930338839465346,0.053611805524723145,0.053930338839465346,403.1471469800924
1790078640,0.053930338839465346,0.053930338839465346,0.053631460314517605,0.05366204995210929,55.35296208950158
1790078700,0.05366204995210929,0.05366204995210929,0.05365984053746458,0.05365984053746458,21.235380204941492
1790078760,0.05365984053746458,0.05365984053746458,0.05363457382316074,0.05365631462820938,58.138178972480546
1790078820,0.05365631462820938,0.053897605322413104,0.05360355178739618,0.05360355178739618,42.828915286678004
1790078880,0.05360355178739618,0.05390780220663008,0.05360355178739618,0.05360650223576394,270.74077654323236
1790078940,0.05360650223576394,0.054644742871109854,0.05360650223576394,0.05452907985521817,18475.225366047256
1790079000,0.05452907985521817,0.05470997223002722,0.05447774754804741,0.05470997223002722,1418.4762776734142
1790079060,0.05470997223002722,0.054767880237885945,0.054436238663832716,0.054710403035372224,206.81588353039638
1790079120,0.054710403035372224,0.054710403035372224,0.05447256707097413,0.05447861805703498,124.22412271254652
1790079180,0.05447861805703498,0.05475559717572887,0.05447861805703498,0.05474201156117785,668.9587045461444
1790079240,0.05474201156117785,0.05475936845803182,0.05474201156117785,0.05475936845803182,58.54863439723746
1790079300,0.05475936845803182,0.05593847794141294,0.05438922893147048,0.055380357843720335,30347.402805704944
1790079360,0.055380357843720335,0.055380357843720335,0.05503975345372016,0.055305984646272524,7137.120105974843
1790079420,0.055305984646272524,0.05534240555060707,0.055046266668584434,0.05534240555060707,303.3634398750447
1790079480,0.05534240555060707,0.055358362507278575,0.05503831129681796,0.05503831129681796,1376.3392108201847
1790079540,0.05503831129681796,0.05542544941448652,0.05503831129681796,0.05542544941448652,626.8862111437419
1790079600,0.05542544941448652,0.05546689855829226,0.05517678532789451,0.05517678532789451,3322.8805569752394
1790079720,0.05517678532789451,0.05518014430002121,0.05511315424849875,0.05511315424849875,116.5891866327508
1790079780,0.05511315424849875,0.05542748601378363,0.055059350075901584,0.055059350075901584,3041.0214303310995
1790079840,0.055059350075901584,0.0552318105702539,0.05493938917988196,0.05522344608822586,1087.1930292335537
1790079900,0.05522344608822586,0.05522344608822586,0.055006135198018745,0.05504405283465265,4.674822518278429
1790079960,0.05504405283465265,0.05504405283465265,0.054996295920359,0.054996295920359,0.33234613600966834
1790080020,0.054996295920359,0.05503958377340188,0.054996295920359,0.05503958377340188,17.41866889664166
1790080080,0.05503958377340188,0.05504812614981204,0.05501117753252904,0.05502126146997014,245.7629711992323
1790080140,0.05502126146997014,0.05504079675084446,0.05500805426588232,0.055039948847892387,90.61603203348297
1790080200,0.055039948847892387,0.055522374706743344,0.055039948847892387,0.05524101743958269,5367.8325644844945
1790080260,0.05524101743958269,0.05566631334825418,0.05524101743958269,0.05541311328924927,6623.628075585551
1790080320,0.05541311328924927,0.05578233244189153,0.05541311328924927,0.05549651935568819,4205.765252994804
1790080380,0.05549651935568819,0.05549651935568819,0.055409438597500735,0.055409438597500735,246.54946996861148
1790080440,0.055409438597500735,0.05565328141442636,0.055409438597500735,0.05565328141442636,116.05498060593713
1790080500,0.05565328141442636,0.05565328141442636,0.05538982407786406,0.05562725226848741,10.234680321760314
1790080620,0.05562725226848741,0.05562725226848741,0.055385152034376786,0.05559596215383406,931.2713343191065
1790080680,0.05559596215383406,0.05573274337577057,0.055434736017795576,0.055434736017795576,1402.8311334239254
1790080740,0.055434736017795576,0.05573517897334665,0.05540471529491803,0.05540471529491803,63.17378738210841
1790080800,0.05540471529491803,0.055823488363106424,0.05538341508297771,0.05581970569486889,1828.878736804466
1790080860,0.05581970569486889,0.05581970569486889,0.05552755532881719,0.05552755532881719,323.95028890366166
1790080920,0.05552755532881719,0.05552755532881719,0.05546216242409668,0.055487642705494444,144.3885893195877
1790080980,0.055487642705494444,0.05577671506821801,0.05548587155332225,0.05577671506821801,384.94587483011566
1790081040,0.05577671506821801,0.05578897593077889,0.05546954969598754,0.05547167272125108,763.8979490404646
1790081100,0.05547167272125108,0.05579036499227747,0.05547167272125108,0.05553976207039295,583.1194575983612
1790081160,0.05553976207039295,0.055837144140106515,0.055508532367685305,0.05554291348255635,831.5720601984749
1790081220,0.05554291348255635,0.055822602646165564,0.05554291348255635,0.05578963909459218,127.0481977641163
1790081280,0.05578963909459218,0.0558440372967034,0.05578963909459218,0.0558105451199977,175.9338886267335
1790081340,0.0558105451199977,0.055873540691614244,0.05553577247651893,0.055578280068323764,1085.279336308694
1790081400,0.055578280068323764,0.05559353612714427,0.055578280068323764,0.05559353612714427,0.5626674049352232
1790081460,0.05559353612714427,0.0556146905095319,0.05557637113416124,0.05557637113416124,147.54973443040492
1790081520,0.05557637113416124,0.05557637113416124,0.05554691213063523,0.05554691213063523,27.083546252659275
1790081580,0.05554691213063523,0.05583488015624036,0.0555355018602009,0.05583488015624036,481.0908776659947
1790081640,0.05583488015624036,0.05583488015624036,0.05551821076442715,0.0558042184011947,152.9079303311792
1790081700,0.0558042184011947,0.05580661635442465,0.0558042184011947,0.05580661635442465,72.80930220389143
1790081760,0.05580661635442465,0.05580661635442465,0.05557022923695453,0.05557022923695453,3.2277586996214764
1790081820,0.05557022923695453,0.05590890866512334,0.05557022923695453,0.05564072456012951,664.5283725575983
1790081880,0.05564072456012951,0.05593811245110836,0.0555759892147819,0.0555759892147819,1570.8120805686015
1790081940,0.0555759892147819,0.05588027521639852,0.05551644379927525,0.05588027521639852,915.710533176369
1790082000,0.05588027521639852,0.05594423280950344,0.05560635894451641,0.05594423280950344,652.0532775815138
1790082060,0.05594423280950344,0.05594423280950344,0.05565911958786856,0.055693578601626964,771.2647068570773
1790082120,0.055693578601626964,0.0560113471616074,0.05568246292401568,0.0557287925276794,304.87278452646075
1790082180,0.0557287925276794,0.056036800058092945,0.0557287925276794,0.056036800058092945,969.5791600203811
1790082240,0.056036800058092945,0.056036800058092945,0.0559403498025911,0.0559403498025911,254.24537036678592
1790082300,0.0559403498025911,0.05604498378236617,0.055791216936603924,0.05603337996656143,1603.9140642801722
1790082360,0.05603337996656143,0.05631986082007897,0.05603337996656143,0.05615066478306384,5327.990681818826
1790082420,0.05615066478306384,0.05639774247060424,0.05602620650085217,0.05602623514493447,6237.040994419813
1790082480,0.05602623514493447,0.05611384898274943,0.05602623514493447,0.05605840627364654,332.7608526187106
1790082540,0.05605840627364654,0.0563358502075786,0.055985009200855765,0.05603092352375183,2755.387039981699
1790082600,0.05603092352375183,0.05634714295355015,0.05603092352375183,0.05634714295355015,370.5857157766751
1790082660,0.05634714295355015,0.05634714295355015,0.056324596512225766,0.056324596512225766,5.812568531866738
1790082720,0.056324596512225766,0.056324596512225766,0.056022749544601146,0.0560534500439202,126.16157212426339
1790082780,0.0560534500439202,0.05608659703818761,0.05604342945562343,0.0560713891126771,348.3044684948434
1790082840,0.0560713891126771,0.0560713891126771,0.05601948650378047,0.05601948650378047,22.561451989389816
1790082900,0.05601948650378047,0.05601948650378047,0.055946554830125096,0.055946554830125096,33.083142881873975
1790082960,0.055946554830125096,0.055961876128517,0.05592977724634097,0.05592977724634097,0.619317399123016
1790083020,0.05592977724634097,0.056248435213614896,0.05592721403083185,0.05592721403083185,1641.2926198969433
1790083080,0.05592721403083185,0.05624329063039932,0.05592721403083185,0.05624329063039932,212.4978498620636
1790083140,0.05624329063039932,0.056319797230538655,0.05593738175419952,0.056319797230538655,1908.0028875878118
1790083200,0.056319797230538655,0.05649468958706832,0.05599062727676126,0.0563757923243722,7396.817568081121
1790083260,0.0563757923243722,0.056749483954185075,0.05637207518497498,0.056452768858951154,4104.413256777557
1790083320,0.056452768858951154,0.056452768858951154,0.05630458544464884,0.05630458544464884,965.0389244818414
1790083380,0.05630458544464884,0.05630458544464884,0.056275732396356345,0.05627978359065954,305.1766632170615
1790083440,0.05627978359065954,0.05659301931954217,0.05621067092974985,0.05623421962939483,1900.0623147057718
1790083500,0.05623421962939483,0.05623421962939483,0.05617771837857843,0.05622135348885538,6.588667547113109
1790083560,0.05622135348885538,0.05647765521102038,0.05617902686357467,0.05647765521102038,224.91296782734406
1790083620,0.05647765521102038,0.05647765521102038,0.056087635825937635,0.056087635825937635,2278.0135707636205
1790083680,0.056087635825937635,0.056087635825937635,0.05599866487104732,0.056011263900330635,583.047868894944
1790083740,0.056011263900330635,0.056295844559770915,0.05596534992612498,0.056025685886244105,2025.7424860046244
1790083800,0.056025685886244105,0.05635036852824805,0.056025685886244105,0.05622555867399135,759.8552569620521
1790083920,0.05622555867399135,0.05643009983679835,0.05622555867399135,0.05643009983679835,72.12904531030789
1790083980,0.05643009983679835,0.05643009983679835,0.056211232398290865,0.05621462838455029,325.9338198168892
1790084040,0.05621462838455029,0.05666632931017125,0.05617226322872072,0.05666632931017125,2163.051315450275
1790084100,0.05666632931017125,0.05669369452670483,0.05630516268101287,0.05630666282478129,2663.519846910253
1790084160,0.05630666282478129,0.05630666282478129,0.05615235244356855,0.05615235244356855,162.6875351095877
1790084220,0.05615235244356855,0.05632284820625263,0.05600061608344057,0.056257208957108236,903.3800401660191
1790084280,0.056257208957108236,0.056257208957108236,0.05572184576403263,0.05620529655762427,8424.743878660347
1790084340,0.05620529655762427,0.05620529655762427,0.05613873534140509,0.05617954821350141,1455.2255522614594
1790084400,0.05617954821350141,0.05623677432746498,0.05595843807362255,0.05595843807362255,1659.0372681372785
1790084460,0.05595843807362255,0.05618531692984613,0.05490871231040228,0.055661451336164,33091.32572947441
1790084520,0.055661451336164,0.05574962548663604,0.055420486885448116,0.0555371323511253,969.6761665286866
1790084580,0.0555371323511253,0.05583316833351153,0.05552289132509525,0.05554643018707724,1363.6995649387136
1790084640,0.05554643018707724,0.05554643018707724,0.055442385640630275,0.055442385640630275,3216.07139901354
1790084760,0.055442385640630275,0.05557054768397517,0.055442385640630275,0.05557054768397517,11.715172472642115
1790084880,0.05557054768397517,0.05561389985474748,0.05531337469226267,0.055358960622517,1211.468213716085
1790084940,0.055358960622517,0.055394441182203796,0.055358960622517,0.055394441182203796,1.880421196021002
1790085120,0.055394441182203796,0.05539778286171473,0.05535881221090664,0.05539778286171473,270.8703771587502
1790085180,0.05539778286171473,0.05542291239585879,0.05539778286171473,0.05542225831971648,14.923674377930684
1790085240,0.05542225831971648,0.05542225831971648,0.05533242501651331,0.05533242501651331,133.14275092472718
1790085300,0.05533242501651331,0.055395468714444104,0.05533242501651331,0.055395468714444104,40.57014523588476
1790085360,0.055395468714444104,0.055415600936033996,0.05534317098734652,0.0553618597053874,707.6962022446507
1790085420,0.05536565188175919,0.05563745059051692,0.055328174989499455,0.05556093861147019,2471.8852190217062
1790085480,0.05556093861147019,0.055600130322315276,0.055290448041513604,0.055350620744396124,280.79721242510345
1790085540,0.055350620744396124,0.05560779131565373,0.05532922320455663,0.05532922320455663,1035.395579850973
1790085600,0.05532922320455663,0.05557246108913685,0.055211460520461664,0.055211460520461664,824.811238385763
1790085660,0.055211460520461664,0.05548323133560178,0.055211460520461664,0.05548323133560178,431.72448288479234
1790085720,0.05548323133560178,0.05548323133560178,0.05516665573755798,0.05516665573755798,125.8102389121769
1790085780,0.05516665573755798,0.05548438758053167,0.05516665573755798,0.05544206419128909,42.51367777854018
1790085840,0.05544206419128909,0.05544206419128909,0.05511282787325923,0.05511282787325923,2.3238657305368386
1790085900,0.05511282787325923,0.05512055258653846,0.055073164884611926,0.055073164884611926,400.3777048146057
1790085960,0.055073164884611926,0.05537644376749619,0.05502211921261035,0.0550649268996186,34.109753127721525
1790086020,0.0550649268996186,0.0550649268996186,0.05505734911927686,0.05505734911927686,269.47181279616126
1790086080,0.05505734911927686,0.05543523562741345,0.05505734911927686,0.05515368808161059,1352.5515833964723
1790086140,0.05515368808161059,0.05515368808161059,0.0550923996040029,0.0550923996040029,199.34195645573874
1790086200,0.0550923996040029,0.05535120922484532,0.05505792552433842,0.05507936566181407,1649.6693320701288
1790086320,0.05507936566181407,0.0554904622954212,0.05507936566181407,0.0554904622954212,224.05246666815398
1790086380,0.0554904622954212,0.055510973514184075,0.05530631612619922,0.05530631612619922,2290.733666558364
1790086500,0.05530631612619922,0.0557421859736157,0.05530631612619922,0.0557421859736157,3229.244096196196
1790086560,0.0557421859736157,0.0557421859736157,0.05544951943361842,0.055733713111136146,415.380472727002
1790086620,0.055733713111136146,0.055733713111136146,0.05541608011036173,0.05541608011036173,176.4343510344799
1790086680,0.05541608011036173,0.05541608011036173,0.055291831757595326,0.05532862393721097,205.2696067623509
1790086740,0.05532862393721097,0.055702477733619894,0.05532862393721097,0.055702477733619894,2778.601687877666
1790086800,0.055702477733619894,0.055881708913058895,0.0555783147286061,0.055860326180548564,4787.5565888918045
1790086860,0.055860326180548564,0.055860326180548564,0.055505001965622684,0.05554459536479569,1036.6168406229738
1790086920,0.05554459536479569,0.05560970886377652,0.05554459536479569,0.055558669507899484,182.19574144934967
1790086980,0.055558669507899484,0.05588432674887315,0.055558669507899484,0.05560875355636928,130.3634441040802
1790087040,0.05560875355636928,0.05560875355636928,0.055558518385797846,0.05555858356478122,1.3174601811556252
1790087100,0.05555858356478122,0.05555858356478122,0.055508687381558064,0.055508687381558064,4.786408800181742
1790087160,0.055508687381558064,0.055802407019425355,0.055508687381558064,0.055802407019425355,580.9816112366274
1790087220,0.055802407019425355,0.055802407019425355,0.05549264792837657,0.05554348137624004,23.051814163525275
1790087280,0.05554348137624004,0.05597024124229078,0.05554348137624004,0.05597024124229078,4735.616071652446
1790087340,0.05597024124229078,0.05606583769577705,0.055736315834683525,0.0557374218634125,1159.02634034535
1790087460,0.0557374218634125,0.05575178024943347,0.0557374218634125,0.05575178024943347,14.891103167854817
1790087520,0.05575178024943347,0.05575178024943347,0.05449016582011742,0.05497128989229306,24250.952658802933
1790087580,0.05497128989229306,0.05498274040768628,0.054651075101321604,0.0547147576454496,148.60128028794404
1790087640,0.0547147576454496,0.055044328360516606,0.05397562390497669,0.054167827471975946,17995.12634999754
1790087700,0.054167827471975946,0.054289352355687145,0.05410892151502024,0.054289352355687145,6109.590971229884
1790087880,0.054289352355687145,0.054289352355687145,0.05414872960216355,0.05416115702843204,549.2274425299844
1790087940,0.05416115702843204,0.05423653571728059,0.05416115702843204,0.05423653571728059,6.141778388911641
1790088000,0.05423653571728059,0.05450840475119192,0.05423653571728059,0.05450840475119192,4.985502877859124
1790088060,0.05450840475119192,0.05455521748691026,0.0542601505318435,0.05455521748691026,2.0343216467497345
1790088180,0.05455521748691026,0.05455521748691026,0.0541203393606775,0.054131167965651344,17.93206279484664
1790088240,0.054131167965651344,0.05449936253897431,0.054131167965651344,0.05449936253897431,26.746858269841546
1790088300,0.05449936253897431,0.05449936253897431,0.05427244579816941,0.05427244579816941,0.44467417495690154
1790088360,0.05427244579816941,0.054527461285363746,0.05427244579816941,0.054527461285363746,29.067350801834472
1790088420,0.054527461285363746,0.05459452924810029,0.054527461285363746,0.05459452924810029,1048.5235687141408
1790088480,0.05459452924810029,0.05459452924810029,0.054240741996999256,0.054523610819268174,1477.9628386445959
1790088540,0.054523610819268174,0.054661745329015,0.05451132089050778,0.054661745329015,3663.0039625847944
1790088660,0.054661745329015,0.054661745329015,0.05448292064468415,0.054510356270040104,429.35760278866235
1790088720,0.054510356270040104,0.054510356270040104,0.054474860202976566,0.054474860202976566,1.3532995044974543
1790088840,0.054474860202976566,0.05448201046809301,0.054474860202976566,0.05448201046809301,284.31935743996735
1790088900,0.05448201046809301,0.05479070688206851,0.05448188745843139,0.0547733252253237,202.1068129439632
1790088960,0.0547733252253237,0.054831729957879445,0.05452048340502213,0.05452048340502213,682.160122030645
1790089020,0.05452048340502213,0.054559663950323356,0.05452048340502213,0.05455733178897502,84.4893887471848
1790089080,0.05455733178897502,0.054804757736488935,0.05455733178897502,0.054804757736488935,57.71739758035342
1790089140,0.054804757736488935,0.05482255682585951,0.054804757736488935,0.05482255682585951,11.546790896586346
1790089200,0.05482255682585951,0.0548935216453135,0.05482255682585951,0.05485184582758576,305.05633007900667
1790089260,0.05485184582758576,0.054863018207551004,0.05458498253448982,0.05458866160512884,392.3059649478761
1790089320,0.05458866160512884,0.05458866160512884,0.054569581778563254,0.054569581778563254,125.37363967481335
1790089380,0.054569581778563254,0.05459653286186876,0.054569581778563254,0.05459653286186876,5.969607506081335
1790089440,0.05459653286186876,0.054628404690813426,0.05459653286186876,0.054628404690813426,30.65435776446965
1790089560,0.054628404690813426,0.054915603852934876,0.054628404690813426,0.054915603852934876,550.8464645210996
1790089620,0.054915603852934876,0.054915603852934876,0.054643352963663266,0.054643352963663266,42.13002513498438
1790089680,0.054643352963663266,0.05469579862481175,0.054643352963663266,0.05469579862481175,9.342016315221901
1790089740,0.05469579862481175,0.054899895965644686,0.054635533683758154,0.054899895965644686,365.58627661232026
1790089800,0.054899895965644686,0.05497481762803074,0.05465172235178298,0.05493154433047556,1628.1006756913705
1790089860,0.05493154433047556,0.05503011516993605,0.054681337810243584,0.05503011516993605,1252.1772367794385
1790089920,0.05503011516993605,0.05508664425502721,0.05471547152905343,0.05471547152905343,3692.9844560316014
1790089980,0.05471547152905343,0.055002948144949736,0.05470430694935692,0.055002948144949736,1661.152143668555
1790090040,0.055002948144949736,0.05514096497373933,0.054892026374549915,0.05492040552159532,2238.0503680265047
1790090100,0.05492040552159532,0.05518211097433017,0.05484957764157333,0.05484957764157333,864.1259858484099
1790090160,0.05484957764157333,0.05513162944040023,0.05484957764157333,0.05511769521173856,38.03272460174719
1790090220,0.05511769521173856,0.055151449073924774,0.05482345741678576,0.05482345741678576,340.3284219870939
1790090280,0.05482345741678576,0.055114821734126546,0.05482345741678576,0.05507177863742578,60.319417832692125
1790090340,0.05507177863742578,0.05507631744439538,0.055067775962236686,0.055067775962236686,370.9333154551358
1790090400,0.055067775962236686,0.05517925452569456,0.05488605938193451,0.05517925452569456,223.95827640953846
1790090460,0.05517925452569456,0.05527295923760149,0.05494101864715662,0.05523441659798455,199.7250150475468
1790090520,0.05523441659798455,0.05529927970842998,0.05523441659798455,0.05529927970842998,5.990262732629125
1790090580,0.05529927970842998,0.05533753071237552,0.05507842819383779,0.05507842819383779,113.77169311974386
1790090640,0.05507842819383779,0.05536627168146488,0.05507842819383779,0.05536568525476029,7.265518613282252
1790090700,0.05536568525476029,0.055377423656958726,0.05506902783110236,0.055377423656958726,309.0575897840474
1790090760,0.055377423656958726,0.055377423656958726,0.05506329943196818,0.05507265980484307,74.4353394454371
1790090880,0.05507265980484307,0.0558188840695186,0.05507265980484307,0.0558188840695186,8477.911946203421
1790090940,0.0558188840695186,0.0558188840695186,0.055484591604049574,0.055759355215510065,1091.111183540946
1790091000,0.055759355215510065,0.055759355215510065,0.05545702350293603,0.05574034099471944,121.2507223354443
1790091060,0.05574034099471944,0.055779998151368755,0.05549296114880336,0.05549296114880336,483.93427344471934
1790091120,0.05549296114880336,0.0557945712964163,0.05549296114880336,0.055774014753209804,327.451393972739
1790091180,0.055774014753209804,0.055850653666962936,0.055774014753209804,0.05581585565541711,1160.3231901350846
1790091240,0.05581585565541711,0.0559248234391717,0.055772185770862404,0.055772185770862404,4221.552444653967
1790091300,0.055772185770862404,0.05605396504949143,0.055759639571089155,0.05602171880128733,633.0374619509931
1790091360,0.05602171880128733,0.056323111471253566,0.05602171880128733,0.056323111471253566,8640.746573031893
1790091420,0.056323111471253566,0.05660371501999179,0.05627924319855096,0.056281396869421706,243.49518717364248
1790091480,0.056281396869421706,0.056523642246436814,0.056281396869421706,0.056523642246436814,6.274922510965129
1790091540,0.056523642246436814,0.056523642246436814,0.056163174253166595,0.05622650188253961,1095.1692769494614
1790091600,0.05622650188253961,0.05626263777728587,0.05622650188253961,0.05626263777728587,184.15510070630742
1790091720,0.05626263777728587,0.05687929576326871,0.05626263777728587,0.056679112054748466,11341.347201043607
1790091780,0.056679112054748466,0.056679112054748466,0.05625659094086346,0.056549207865982026,8177.264722678273
1790091900,0.056549207865982026,0.05671668668625626,0.05640231273116078,0.056697315008280465,1150.3621069256565
1790091960,0.056697315008280465,0.056697315008280465,0.05645125760184279,0.056557503480101,180.5558157594787
1790092020,0.056557503480101,0.05670651760558694,0.05634429600929305,0.05634429600929305,861.3806090034623
1790092080,0.05634429600929305,0.056744746700552975,0.05634429600929305,0.056744746700552975,4.783346126912215
1790092140,0.056744746700552975,0.05676909509529068,0.056744746700552975,0.05676909509529068,640.2061340643652
1790092200,0.05676909509529068,0.05676909509529068,0.056384556986083884,0.05663681873347957,108.92310653313838
1790092260,0.05663681873347957,0.056661255364842844,0.05624319951501099,0.05624319951501099,3472.557023828715
1790092320,0.05624319951501099,0.05629277518424022,0.05608493253960764,0.05629277518424022,2464.271201529615
1790092440,0.05629277518424022,0.05629429288572986,0.0562552209774181,0.05629429288572986,97.66154616573232
1790092500,0.05629429288572986,0.05629429288572986,0.05596138186408273,0.05596138186408273,464.27063309509316
1790092560,0.05596138186408273,0.05598675834082783,0.05589908222679053,0.05589908222679053,3508.158933380657
1790092620,0.05589908222679053,0.05605846414384382,0.05589908222679053,0.05605846414384382,1.172659374602246
1790092680,0.05605846414384382,0.05605846414384382,0.0557238589141389,0.05573176666446296,357.95285646672147
1790092740,0.05573176666446296,0.056029797377638586,0.05573176666446296,0.05573761981955691,201.19579815353111
1790092800,0.05573761981955691,0.05605702226706702,0.05572521866496229,0.05605702226706702,2044.0927547544566
1790092920,0.05605702226706702,0.05605702226706702,0.055895028002007324,0.055895028002007324,1.1564458423480928
1790092980,0.055895028002007324,0.055895028002007324,0.055796423337111996,0.055796423337111996,29.523159801914467
1790093100,0.055796423337111996,0.056061718349694485,0.05576291249483026,0.05576291249483026,1082.2826847709082
1790093160,0.05576291249483026,0.05595321426260806,0.05566202715368576,0.05569128625069296,808.4122121147361
1790093220,0.05569128625069296,0.05604837643149295,0.05569128625069296,0.05604837643149295,105.4248575418355
1790093280,0.05604837643149295,0.05604837643149295,0.05566950393424988,0.05566950393424988,0.08167278489144193
1790093400,0.05566950393424988,0.055928161798231985,0.05566950393424988,0.055928161798231985,29.23405766452272
1790093460,0.055928161798231985,0.055928161798231985,0.05527540730405507,0.055390257029799106,10242.191197231012
1790093520,0.055390257029799106,0.055390257029799106,0.05508094994840142,0.05535949582481992,224.4614708749802
1790093580,0.05535949582481992,0.05536963305092938,0.05509381241215504,0.05536804073298949,280.46768789184347
1790093640,0.05536804073298949,0.05536804073298949,0.054998536070402254,0.05501648672669557,1841.2307783234853
1790093700,0.05501648672669557,0.055037395093266606,0.05501181267623632,0.05501181267623632,489.1953130966729
1790093760,0.05501181267623632,0.055066960963194606,0.054699042656337404,0.05477660334996412,12095.674381120922
1790093820,0.05477660334996412,0.05478744077908158,0.05451371288957555,0.05451371288957555,239.77471759944675
1790093880,0.05451371288957555,0.0547023855249335,0.05451309379440756,0.05469935043142897,164.91064888164172
1790093940,0.05469935043142897,0.05469935043142897,0.05440380434797057,0.05440380434797057,397.4295989123353
1790094000,0.05440380434797057,0.05468011316945514,0.0543153236361437,0.05440606042546029,2025.36376320237
1790094060,0.05440606042546029,0.05443989436159961,0.05440606042546029,0.05443989436159961,0.057448624003282135
1790094120,0.05443989436159961,0.05469148275132233,0.05443989436159961,0.054451262002127784,130.09811455532244
1790094180,0.054451262002127784,0.05473386638178645,0.054450466169873306,0.054450466169873306,350.3767815622345
1790094240,0.054450466169873306,0.0547660329249375,0.054422819985993805,0.054524467792203136,2343.8626566055395
1790094300,0.054524467792203136,0.054875075451618155,0.0545065822024835,0.054829788743287144,275.205373734746
1790094360,0.054829788743287144,0.054829788743287144,0.054786907151633764,0.05480019696898325,70.0760236778794
1790094420,0.05480019696898325,0.05480019696898325,0.05473253952134761,0.05473253952134761,34.648425003655
1790094480,0.05473253952134761,0.05504828247234995,0.0544851245988498,0.05471759935417524,7531.3411854711685
1790094540,0.05471759935417524,0.05500731705726382,0.05465058326139357,0.05465058326139357,4721.752942799915
1790094600,0.05465058326139357,0.05505224492183628,0.05465058326139357,0.05478895322496374,2225.657865282962
1790094660,0.05478895322496374,0.05505242891734469,0.0547175163952043,0.0547175163952043,445.57698821555454
1790094720,0.0547175163952043,0.0550755453689814,0.0547175163952043,0.05506642170734033,143.8560006172454
1790094780,0.05506642170734033,0.055070166708801396,0.05501692700233124,0.055070166708801396,769.4079672205091
1790094840,0.055070166708801396,0.055070166708801396,0.05489597347458105,0.05489597347458105,89.46525045125705
1790094900,0.05489597347458105,0.05489597347458105,0.05464528446567922,0.054869899687609226,5168.060765291176
1790094960,0.054869899687609226,0.054869899687609226,0.05446008757803564,0.054750888361307405,2989.965381543271
1790095020,0.054750888361307405,0.054750888361307405,0.05441333223968795,0.05460334379740678,3593.9129300204636
1790095080,0.05460334379740678,0.05462867249959523,0.05431743426206348,0.05431743426206348,201.27922157782217
1790095140,0.05431743426206348,0.05470272071614385,0.05431743426206348,0.05442025101626185,1064.4919330784423
1790095200,0.05442025101626185,0.054433583771853256,0.05442025101626185,0.054433583771853256,188.65931183645222
1790095260,0.054433583771853256,0.054713249331962956,0.054433583771853256,0.05443712169578858,286.3759772190758
1790095320,0.05443712169578858,0.054677835237239535,0.054343308801249504,0.054343308801249504,185.73491258894566
1790095380,0.054343308801249504,0.05443107595317055,0.054343308801249504,0.05440360247636578,139.3167962133802
1790095440,0.05440360247636578,0.05468249106246174,0.05440360247636578,0.05468249106246174,970.4088797415898
1790095500,0.05468249106246174,0.05468249106246174,0.054237637854618555,0.054237637854618555,5109.46802957889
1790095560,0.054237637854618555,0.05445344916241262,0.054237637854618555,0.0544526120756806,446.9188338521625
1790095620,0.0544526120756806,0.0545104489614895,0.054393405200863804,0.0545104489614895,1495.7897550339815
1790095680,0.0545104489614895,0.05458299846168266,0.05418064374795429,0.05458299846168266,903.4441369839295
1790095740,0.05458299846168266,0.05463890523375812,0.05458299846168266,0.05463890523375812,32.14828000758546
1790095800,0.05463890523375812,0.0547366825803048,0.05463778245572728,0.0547366825803048,305.8682536746056
1790095860,0.0547366825803048,0.054918855189150684,0.0547366825803048,0.054918855189150684,2218.969597753933
1790095920,0.054918855189150684,0.054918855189150684,0.05469214918763956,0.054717205751757224,839.5297565816549
1790095980,0.054717205751757224,0.05516109637916267,0.054717205751757224,0.05503562703693818,4253.8811245018815
1790096040,0.05503562703693818,0.05521768623238043,0.05489999302796959,0.05494645218834479,2560.4683805671175
1790096100,0.05494645218834479,0.054946483057027075,0.0548824819669626,0.0548824819669626,238.29139963740008
1790096160,0.0548824819669626,0.05517731658915508,0.0548824819669626,0.05517731658915508,99.80860220430073
1790096280,0.05517731658915508,0.05517731658915508,0.05486917267168404,0.05486917267168404,8.449852591439344
1790096340,0.05486917267168404,0.05486917267168404,0.05484124020179165,0.05484124020179165,45.87908258920649
1790096400,0.05484124020179165,0.05508544367097692,0.05477203852847977,0.05477203852847977,1466.680776063079
1790096520,0.05477203852847977,0.05480540625721552,0.05477203852847977,0.05477471965428127,149.84420390332826
1790096580,0.05477471965428127,0.055142079754943854,0.05477471965428127,0.05506484518132767,821.1660820060407
1790096760,0.05506484518132767,0.055231936364037025,0.05491354856263541,0.05491354856263541,905.7502740989836
1790096820,0.05491354856263541,0.05523589809460051,0.05491354856263541,0.05523589809460051,497.31298843157623
1790096880,0.05523589809460051,0.05523589809460051,0.05494084682342201,0.05494105540174895,5.1370018515427525
1790096940,0.05494105540174895,0.05518362925673841,0.05494105540174895,0.05518362925673841,2.348958503340764
1790097000,0.05518362925673841,0.055285949267546784,0.05518362925673841,0.055285949267546784,2488.801866631414
1790097060,0.055285949267546784,0.055386808332378835,0.055285949267546784,0.055386808332378835,26.919872001019414
1790097180,0.055386808332378835,0.055763986245917566,0.05500575269037941,0.055763986245917566,6989.083424940252
1790097240,0.055763986245917566,0.05595829949225012,0.055763986245917566,0.05595829949225012,4641.1625735669195
1790097300,0.05595829949225012,0.05612533156071414,0.055759397795497004,0.05609753975467774,2029.112641319794
1790097360,0.05609753975467774,0.05609753975467774,0.05580690617672022,0.056083952151126215,518.0909518043526
1790097420,0.056083952151126215,0.056083952151126215,0.05575744422500325,0.05575744422500325,477.65924951538557
1790097480,0.05575744422500325,0.05575744422500325,0.0556816259675808,0.0556816259675808,209.11869918062888
1790097540,0.0556816259675808,0.05572464130736213,0.0556816259675808,0.05572464130736213,370.32467441759377
1790097600,0.05572464130736213,0.056186468451860316,0.05572464130736213,0.05592861252305903,2645.881019271439
1790097660,0.05592861252305903,0.05634294192444641,0.05592861252305903,0.05628895094634846,5210.997135395021
1790097720,0.05628895094634846,0.05630513183029972,0.05598251146793422,0.05598251146793422,368.45055164335275
1790097780,0.05598251146793422,0.05599212819577493,0.05595700785911289,0.05595730089397183,19.735888848301464
1790097840,0.05595730089397183,0.05596222960320395,0.0559261844548793,0.0559261844548793,645.8108075342783
1790097900,0.0559261844548793,0.056275724095107796,0.0559261844548793,0.05625293733805354,741.6746149269419
1790097960,0.05625293733805354,0.05627674779580283,0.05595075319675657,0.05597830434638125,509.75995623426684
1790098020,0.05597830434638125,0.05619765031496453,0.05591916094446427,0.05619765031496453,80.43684736055123
1790098080,0.05619765031496453,0.05619765031496453,0.055905812951767005,0.055945535236341305,148.14091320948162
1790098140,0.055945535236341305,0.056259955312680215,0.055910430422121224,0.05598357590425801,1386.2467225135122
1790098200,0.05598357590425801,0.056318636776939976,0.05598357590425801,0.05605425471454086,1127.4010623428585
1790098260,0.05605425471454086,0.056315920580764865,0.05602454424436673,0.05602454424436673,436.65797787900345
1790098320,0.05602454424436673,0.05603670522035927,0.05600243361034948,0.05603670522035927,97.99442911269878
1790098380,0.05603670522035927,0.05608866848762611,0.05603670522035927,0.05606755840831504,465.4364879985311
1790098440,0.05606755840831504,0.05606755840831504,0.05586024143767852,0.05587267223459005,1850.3331368269378
1790098500,0.05587267223459005,0.05587267223459005,0.055842443587625044,0.055842443587625044,10.079819171340583
1790098560,0.055842443587625044,0.05587133702278615,0.05582067965064885,0.05582067965064885,67.57212300446592
1790098620,0.05582067965064885,0.05642976542343317,0.05582067965064885,0.056201991450490714,9473.433719361365
1790098680,0.056201991450490714,0.056202529883783624,0.05608863005705963,0.05608863005705963,1433.416261529663
1790098740,0.05608863005705963,0.05608863005705963,0.055948127402638395,0.055948127402638395,3294.953980476763
1790098800,0.055948127402638395,0.055948127402638395,0.05586141176449719,0.05586141176449719,25.160742590445764
1790098860,0.05586141176449719,0.05619508541948385,0.05586141176449719,0.05618225772674645,248.106125607656
1790098920,0.05618225772674645,0.05618225772674645,0.05588635446070254,0.056096039158787976,1808.6006683971038
1790099040,0.056096039158787976,0.05827140950400521,0.056096039158787976,0.05799104647721067,49356.359207955
1790099100,0.05799104647721067,0.05799104647721067,0.05725234887664275,0.05725234887664275,9985.258990631075
1790099160,0.05725234887664275,0.05759134522530569,0.05725234887664275,0.05756116518603937,918.9285888071659
1790099220,0.05756116518603937,0.057618896921076176,0.05756116518603937,0.057618896921076176,331.3815511587409
1790099280,0.057618896921076176,0.057618896921076176,0.057215518578526955,0.057215518578526955,3925.536103002802
1790099340,0.057215518578526955,0.057394909283496186,0.057058708953820966,0.057058708953820966,10314.928472633803
1790099400,0.057058708953820966,0.05749904701954495,0.057058708953820966,0.05719639570847324,2732.9572360609286
1790099460,0.05719639570847324,0.05719639570847324,0.0571328200076872,0.0571328200076872,352.67776846146455
1790099520,0.0571328200076872,0.0574559576329141,0.0571328200076872,0.057206802771406766,160.95091880185242
1790099580,0.057206802771406766,0.057206802771406766,0.05713192734064013,0.05713192734064013,2123.516130366469
1790099640,0.05713192734064013,0.057380135346942876,0.05713192734064013,0.057380135346942876,191.78613412848975
1790099700,0.057380135346942876,0.057380135346942876,0.05703091858951943,0.05733032563561859,269.15248902924515
1790099760,0.05733032563561859,0.05741047685824407,0.05705777352466698,0.057387722193260694,1665.9656048732074
1790099820,0.057387722193260694,0.0573886990411384,0.05737875203597495,0.05738029274040728,1248.9713390031711
1790099880,0.05738029274040728,0.057511437137488304,0.05738029274040728,0.057511437137488304,11.678419941974633
1790099940,0.057511437137488304,0.0575196200713164,0.0571793668102711,0.0575196200713164,1103.5490821743829
1790100000,0.0575196200713164,0.05755233993767349,0.05720473082328666,0.05755233993767349,1261.2279881204724
1790100060,0.05755233993767349,0.05755233993767349,0.057228757843252445,0.057503450520020316,193.84250369258365
1790100120,0.057503450520020316,0.0575140917506743,0.057503450520020316,0.0575140917506743,607.6270036862072
1790100180,0.0575140917506743,0.057616174221189614,0.0575140917506743,0.057616174221189614,185.38325081467286
1790100240,0.057616174221189614,0.0576452009860609,0.05734774243821287,0.0576452009860609,311.91080814022393
1790100300,0.0576452009860609,0.05766480909305842,0.057295190187904056,0.057295190187904056,1644.0014424454773
1790100360,0.057295190187904056,0.05754313982851166,0.057220500618093605,0.057542982788439494,16.454726750143628
1790100420,0.057542982788439494,0.057542982788439494,0.05719482667565994,0.05719482667565994,134.8613183911726
1790100480,0.05719482667565994,0.05751734945770949,0.05719482667565994,0.057230475193019936,12.043338437470478
1790100540,0.057230475193019936,0.057535207629719545,0.057230475193019936,0.057535207629719545,29.423466115432593
1790100600,0.057535207629719545,0.057536592202001434,0.057164653627362665,0.057164653627362665,830.6157864396123
1790100660,0.057164653627362665,0.057750286617145395,0.057164653627362665,0.057750286617145395,3018.280451139766
1790100780,0.057750286617145395,0.057750286617145395,0.057379275348037655,0.05746166616237397,1176.7688021628803
1790100840,0.05746166616237397,0.05746166616237397,0.056863691351099976,0.056863691351099976,10455.046394425599
1790100900,0.056863691351099976,0.05717023639568871,0.05681416328265755,0.05715212220999483,653.281008710346
1790100960,0.05715212220999483,0.05715212220999483,0.05681839308256445,0.05681839308256445,2478.6729073371944
1790101080,0.05681839308256445,0.05715124469562565,0.05681839308256445,0.056876837614688924,314.39978574741104
1790101140,0.056876837614688924,0.05715659229142044,0.05680729001414408,0.057024376448861304,2471.4070622273025
1790101200,0.057024376448861304,0.057024376448861304,0.05669304665058225,0.05698899661891283,518.0108086498357
1790101260,0.05698899661891283,0.05705654180348766,0.056759741619448835,0.056969196932391386,322.38720675491464
1790101320,0.056969196932391386,0.057039812620241076,0.056969196932391386,0.057039812620241076,360.0676147210086
1790101380,0.057039812620241076,0.057039812620241076,0.05674159982814374,0.05674159982814374,428.34684342390426
1790101440,0.05674159982814374,0.056750658936382314,0.05670791931626458,0.05670791931626458,456.2964329440766
1790101500,0.05670791931626458,0.056831438729228835,0.05648736344067043,0.0567710713876779,3186.1852978994716
1790101560,0.0567710713876779,0.056886352269451504,0.056480335937788874,0.05678135356697539,3097.324376104399
1790101620,0.05678135356697539,0.056832538039316115,0.056512995036216984,0.05681596819880623,1601.3658810104162
1790101680,0.05681596819880623,0.056827374569649695,0.0565245954785582,0.05679401088214379,1183.9312576136408
1790101740,0.05679401088214379,0.05691859747560649,0.056543531761150415,0.0569078264407366,3019.7355489625925
1790101800,0.0569078264407366,0.05693064329853369,0.056583947029474065,0.05693064329853369,1355.095021557803
1790101860,0.05693064329853369,0.05698985068668934,0.056639724084784966,0.05698985068668934,1360.7484418614888
1790101980,0.05698985068668934,0.05698985068668934,0.056664046393505994,0.056664046393505994,89.6726038896207
1790102040,0.056664046393505994,0.05694945516122106,0.05666151821721693,0.05670776546333853,397.150945298784
1790102100,0.05670776546333853,0.05670776546333853,0.056644622963717,0.05666773445511818,103.01756386989894
1790102160,0.05666773445511818,0.05699336575502845,0.05666773445511818,0.05676639115158263,12.091097505386273
1790102220,0.05676639115158263,0.057034314054688055,0.05663706700122867,0.057034314054688055,2606.532637792083
1790102280,0.057034314054688055,0.05708407298223895,0.05679875850307169,0.05679875850307169,1.0940173898201393
1790102340,0.05679875850307169,0.05705468336875244,0.05679875850307169,0.05705468336875244,112.55332427364701
1790102400,0.05705468336875244,0.05705468336875244,0.05682808297244747,0.05682808297244747,0.6572823591841053
1790102460,0.05682808297244747,0.05685211409187516,0.05682808297244747,0.05685211409187516,88.31398301008421
1790102520,0.05685211409187516,0.05685211409187516,0.0568050999533211,0.05682921945306422,32.24185197268549
1790102580,0.05682921945306422,0.05686219247484609,0.05682921945306422,0.05686219247484609,59.797622644495476
1790102640,0.05686219247484609,0.05716494494328207,0.05686219247484609,0.05716494494328207,117.79645966745547
1790102700,0.05716494494328207,0.05724754889490883,0.05716494494328207,0.05724754889490883,684.0515925587059
1790102760,0.05724754889490883,0.05724754889490883,0.05695169210059221,0.056952204248931576,16.742793947939727
1790102880,0.056952204248931576,0.056971949923444024,0.056859381893933976,0.056859381893933976,2948.5516648357802
1790102940,0.056859381893933976,0.057111595449180784,0.05683256079896356,0.05683256079896356,746.5706977374236
1790103000,0.05683256079896356,0.05713162035449434,0.05677604016791259,0.05677604016791259,485.4747253873723
1790103060,0.05677604016791259,0.05710503544066874,0.05675395467593037,0.056780265215495895,695.1677727878788
1790103120,0.056780265215495895,0.056780265215495895,0.056730970307604725,0.056757199388538446,37.268314289347195
1790103180,0.056757199388538446,0.057079595404672764,0.05674584783322493,0.057079595404672764,438.19589200505845
1790103240,0.057079595404672764,0.057079595404672764,0.05680101283402636,0.05680101283402636,303.83906432108444
1790103300,0.05680101283402636,0.05680101283402636,0.0567420425509651,0.056773727894933276,474.0288259919669
1790103360,0.056773727894933276,0.056773727894933276,0.05664708561354245,0.05664708561354245,2294.4902026065956
1790103420,0.05664708561354245,0.05664708561354245,0.05651758731362383,0.05655481462799618,352.1791053368496
1790103540,0.05655481462799618,0.05682914695617278,0.05654761892611839,0.05654761892611839,1268.4228891969303
1790103600,0.05654761892611839,0.05655490854931944,0.056245206246989476,0.0562834159957429,5108.229438789814
1790103660,0.0562834159957429,0.056599715699903824,0.05627398163430832,0.056316445139224375,268.52557555793004
1790103720,0.056316445139224375,0.05633123086660142,0.056316445139224375,0.05633123086660142,105.40368754085317
1790103780,0.05633123086660142,0.05633123086660142,0.05626448942265819,0.05626448942265819,1.1195993105219348
1790103840,0.05626448942265819,0.05660649128664093,0.056264165027669163,0.05660649128664093,226.83107981516287
1790103900,0.05660649128664093,0.05661577225596529,0.05631166398849695,0.056602618394786974,1227.8873241071462
1790103960,0.056602618394786974,0.056602618394786974,0.05641535273385998,0.05641535273385998,8.687069799181488
1790104020,0.05641535273385998,0.056748979267137,0.05636867027199228,0.056748979267137,2104.9172471265806
1790104080,0.056748979267137,0.05682740754502808,0.056502854237931326,0.05650340781826684,811.1718993262508
1790104140,0.05650340781826684,0.05675332592890659,0.05650340781826684,0.05675332592890659,64.57533583337583
1790104200,0.05675332592890659,0.05675332592890659,0.05642192280743718,0.05670590051922819,732.0899896900396
1790104260,0.05670590051922819,0.05672236160785875,0.05639784168200249,0.05670520848183121,25.90853540383251
1790104320,0.05670520848183121,0.05670520848183121,0.05641606339251331,0.05641606339251331,23.493107393943532
1790104380,0.05641606339251331,0.05641606339251331,0.05638936672458712,0.05638936672458712,1187.9957879165202
1790104440,0.05638936672458712,0.05668069704876813,0.05632927124083367,0.05668069704876813,601.2099835614339
1790104500,0.05668069704876813,0.05668069704876813,0.05634837402082527,0.056665820369490146,202.3652974169463
1790104680,0.056665820369490146,0.056811440113540966,0.056490681038055233,0.056811440113540966,1133.5101656997706
1790104740,0.056811440113540966,0.056811440113540966,0.05650652522306239,0.05650652522306239,130.0345208965695
1790104800,0.05650652522306239,0.05679744032022005,0.05649919768386182,0.05650249332690348,578.2478350803866
1790104860,0.05650249332690348,0.05651519507226272,0.056482035346670914,0.056482035346670914,271.6115893052992
1790104920,0.056482035346670914,0.05649459706919141,0.05645920936954735,0.05645920936954735,32.49299714895116
1790104980,0.05645920936954735,0.05677871978554907,0.05645920936954735,0.05646542260165924,1112.2541021464583
1790105160,0.05646542260165924,0.05648543755239399,0.05646542260165924,0.05648543755239399,32.3821006527758
1790105220,0.05648543755239399,0.056565271443867936,0.05648543755239399,0.056565271443867936,2.9165607164813028
1790105280,0.056565271443867936,0.056813295845352746,0.056565271443867936,0.056813295845352746,52.68502962838273
1790105340,0.056813295845352746,0.056867971163869956,0.056813295845352746,0.056867971163869956,9.47699274433864
1790105400,0.056867971163869956,0.05687284813784624,0.05661719701263958,0.05685503505107655,136.6344463692949
1790105460,0.05685503505107655,0.056873536257881205,0.056560476122181506,0.056864241094696795,162.8417774852329
1790105520,0.056864241094696795,0.056864241094696795,0.056858288331483126,0.05686139077144971,107.6970784105221
1790105580,0.05686139077144971,0.05686139077144971,0.056801285338216885,0.056801285338216885,124.74224500078996
1790105640,0.056801285338216885,0.05685997688140301,0.05676551085975899,0.05685997688140301,64.47181603063683
1790105700,0.05685997688140301,0.05692142095138187,0.056592158462657166,0.056592158462657166,1574.3378708563414
1790105760,0.056592158462657166,0.056592158462657166,0.056474226848969994,0.056492022727158156,37.73950935680547
1790105940,0.056492022727158156,0.056492022727158156,0.0563965506001715,0.0564562564854833,12.933312915637575
1790106000,0.0564562564854833,0.05675202116046051,0.0564562564854833,0.05675202116046051,94.5250731739274
1790106060,0.05675202116046051,0.05675202116046051,0.05669472389988395,0.05671841213295388,1186.042123298086
1790106120,0.05671841213295388,0.056998027698272,0.05671841213295388,0.05687721014447412,5417.282889494926
1790106180,0.05687721014447412,0.05707655965593182,0.05681484995227132,0.05707655965593182,10.053675777879807
1790106240,0.05707655965593182,0.057115201936785494,0.05682861040995698,0.05682861040995698,311.9775826326468
1790106300,0.05682861040995698,0.056832766430571266,0.05682861040995698,0.056832766430571266,1417.977522442753
1790106360,0.056832766430571266,0.056832766430571266,0.05659117702455319,0.05659117702455319,5195.326391357411
1790106420,0.05659117702455319,0.05672072141558011,0.05659117702455319,0.05661336713709812,563.9148767679367
1790106480,0.05661336713709812,0.056649481202226404,0.05661336713709812,0.056645012535018885,153.74041350541142
1790106540,0.056645012535018885,0.056645012535018885,0.05638415707388632,0.05638415707388632,96.98075016708447
1790106600,0.05638415707388632,0.0567814882931181,0.05636585211947537,0.056779540783488354,2940.4673656045
1790106660,0.056779540783488354,0.05696729406176789,0.05652260451887146,0.0569559206952539,4630.848710587707
1790106720,0.0569559206952539,0.0569559206952539,0.05647561631345986,0.05650870921836682,4239.643642322106
1790106780,0.05650870921836682,0.05680212392952688,0.05650870921836682,0.056754016735481715,509.75133542348897
1790106840,0.056754016735481715,0.05677800310223453,0.056754016735481715,0.05677800310223453,95.88429515309873
1790106900,0.05677800310223453,0.05677800310223453,0.056723596462107236,0.05672971837262744,250.34800348859886
1790106960,0.05672971837262744,0.05672971837262744,0.056453567241502425,0.05646044565126439,699.0706863898714
1790107020,0.05646044565126439,0.05679131139939134,0.05646044565126439,0.05679131139939134,56.274416515730294
1790107080,0.05679131139939134,0.05680160342764223,0.05649833393135402,0.05680160342764223,240.49183977853176
1790107140,0.05680160342764223,0.05706720584332806,0.05649925512924418,0.05701968193459423,8916.903793614088
1790107200,0.05701968193459423,0.057049116491820116,0.05663667718590007,0.05695541977654098,3531.420452811139
1790107260,0.05695541977654098,0.05695541977654098,0.05663780116470937,0.05663780116470937,163.25729585444478
1790107320,0.05663780116470937,0.056909876582951505,0.05661820582436543,0.05662302195989104,1116.3632514050348
1790107380,0.05662302195989104,0.056915596262364615,0.056615932980758954,0.056615932980758954,333.8207679787494
1790107440,0.056615932980758954,0.05662975002148243,0.05660679939908526,0.05662677657691926,481.2389852356791
1790107500,0.05662677657691926,0.05662677657691926,0.056621557499916556,0.056621557499916556,338.12927567002896
1790107560,0.056621557499916556,0.05682597033801222,0.05654307435895958,0.05676046445170586,1440.9902499106609
1790107620,0.05676046445170586,0.05683171325516622,0.05676046445170586,0.056824758520959195,1067.2390522356118
1790107680,0.056824758520959195,0.056824758520959195,0.056560240212837384,0.056560240212837384,2.2624096085134955
1790107740,0.056560240212837384,0.05684771522644471,0.056560240212837384,0.05656723596670167,114.21464818225687
1790107800,0.05656723596670167,0.056897016690992605,0.05656723596670167,0.056894584812191715,733.4815188168667
1790107860,0.056894584812191715,0.05695402878390108,0.0566420688776757,0.05688293789392382,1523.639139182013
1790107920,0.05688293789392382,0.05688990969253229,0.05660971423202712,0.05688990969253229,954.6029989046394
1790107980,0.05688990969253229,0.05690741203446866,0.05652639756860115,0.05652639756860115,233.4110744449776
1790108040,0.05652639756860115,0.05678161438293217,0.05652639756860115,0.05678161438293217,194.81963573063572
1790108100,0.05678161438293217,0.05690120524411041,0.05678161438293217,0.05687857709158315,170.1359102018584
1790108160,0.05687857709158315,0.05696522740814497,0.056576191089682246,0.05666857451719802,3545.678982516346
1790108220,0.05666857451719802,0.05666857451719802,0.05666836999847708,0.05666836999847708,833.7066810396708
1790108280,0.05666836999847708,0.05666836999847708,0.05659609609086086,0.056632644773276244,283.4094807987656
1790108400,0.056632644773276244,0.05693465315940071,0.05644450532689628,0.05693465315940071,2172.151919776109
1790108460,0.05693465315940071,0.05697653147897232,0.05666773341988689,0.05696441582657721,548.7066287401786
1790108520,0.05696441582657721,0.05698425343710093,0.05667427032335415,0.056973640125273846,640.1609712095351
1790108580,0.056973640125273846,0.05697826761406267,0.056973640125273846,0.05697826761406267,0.3458454922202177
1790108640,0.05697826761406267,0.057015958686898835,0.05697826761406267,0.057015958686898835,51.49500140569633
1790108700,0.057015958686898835,0.057015958686898835,0.05668809869841539,0.05669182686690869,197.71016023928402
1790108760,0.05669182686690869,0.0570043995048744,0.05669182686690869,0.05675904155481764,926.2700614357059
1790108820,0.05675904155481764,0.05675904155481764,0.05667855307362786,0.05667855307362786,62.156535228193995
1790108880,0.05667855307362786,0.05670560783392869,0.05667855307362786,0.056694503401726354,377.713736470296
1790108940,0.056694503401726354,0.057002992305038455,0.05667855571754082,0.057002992305038455,96.18692430888996
1790109000,0.057002992305038455,0.057301393980409496,0.057002992305038455,0.057301393980409496,7623.981336191319
1790109060,0.057301393980409496,0.05917010124744369,0.057301393980409496,0.058583656832598155,69329.49480544658
1790109120,0.058583656832598155,0.05896126918200846,0.058303760954380474,0.05860588623357842,14945.995716266822
1790109180,0.05860588623357842,0.058644628907709266,0.05843605081826312,0.05843605081826312,515.7522262940142
1790109240,0.05843605081826312,0.0587269713281953,0.058394999788186984,0.058716162111595194,1217.1713937387992
1790109300,0.058716162111595194,0.058862688882622666,0.05836658569334374,0.058862688882622666,3752.009813532676
1790109360,0.058862688882622666,0.058862688882622666,0.058565724521694375,0.058565724521694375,729.6734136322556
1790109420,0.058565724521694375,0.058866156960377336,0.05848710027943974,0.05848710027943974,1604.4720233322012
1790109480,0.05848710027943974,0.058785161391244026,0.05845682453150039,0.05848072323098402,1070.475592236164
1790109540,0.05848072323098402,0.05878341176133342,0.05843203611649954,0.05878341176133342,765.9885293731193
1790109600,0.05878341176133342,0.05878341176133342,0.05834101123190712,0.05834101123190712,3299.537090223229
1790109660,0.05834101123190712,0.05861549920597104,0.05832244285273182,0.05835354653072105,190.12898456537658
1790109720,0.05835354653072105,0.05864194540294219,0.058344940433746176,0.058344940433746176,51.47579456081601
1790109780,0.058344940433746176,0.05865094237795927,0.058344940433746176,0.05865094237795927,1562.3088160214702
1790109840,0.05865094237795927,0.058677283639585937,0.058392141897762845,0.058677283639585937,49.42711066422859
1790109900,0.058677283639585937,0.058677283639585937,0.0583934168309764,0.0583934168309764,240.8985816149435
1790109960,0.0583934168309764,0.05860311552277838,0.0583934168309764,0.05860311552277838,155.22781226034854
1790110020,0.05860311552277838,0.05866080796011809,0.05860311552277838,0.05866080796011809,167.48733890875067
1790110140,0.05866080796011809,0.05866080796011809,0.058363651536371935,0.058363651536371935,1037.7889559520293
1790110200,0.058363651536371935,0.05867653295521021,0.05829050663362194,0.05829050663362194,3559.516938376773
1790110260,0.05829050663362194,0.05849466468409018,0.0582472241134069,0.05849140871931584,182.76361064115216
1790110320,0.05849140871931584,0.058509329482279694,0.05849140871931584,0.058509329482279694,5.841750845114997
1790110380,0.058509329482279694,0.058509329482279694,0.05807758198213194,0.05833327940834886,3070.5741856923605
1790110440,0.05833327940834886,0.05835582150182922,0.05805798063955092,0.05805798063955092,1073.3072959953586
1790110500,0.05805798063955092,0.058417841255821515,0.05805798063955092,0.058417841255821515,51.4273832498946
1790110560,0.058417841255821515,0.058417841255821515,0.058094080649786314,0.058094080649786314,3.43302013762038
1790110620,0.058094080649786314,0.0584280733754529,0.058094080649786314,0.0584280733754529,145.10394382487547
1790110680,0.0584280733754529,0.0584280733754529,0.05841538582182468,0.05841538582182468,117.78529113996284
1790110740,0.05841538582182468,0.05841538582182468,0.058116252676119355,0.05836148513431375,260.6591181927483
1790110800,0.05836148513431375,0.058452942972076025,0.05814468399728333,0.05814468399728333,331.1364996974431
1790110860,0.05814468399728333,0.0585091093091023,0.05814468399728333,0.0582522141358599,1221.7285815000591
1790110920,0.0582522141358599,0.0586077580998616,0.0582522141358599,0.05832344993848575,1400.3884401505518
1790111040,0.05832344993848575,0.05865927538508314,0.05832344993848575,0.058654369850787216,159.19423885893528
1790111100,0.058654369850787216,0.05876467795873983,0.05835425455112884,0.05844185097323074,2918.7440599469173
1790111160,0.05844185097323074,0.058736612016511,0.05843770542611494,0.05844459902121194,71.26393865219873
1790111220,0.05844459902121194,0.058654528338046415,0.05835805291831409,0.05835805291831409,963.0958797639715
1790111280,0.05835805291831409,0.05857484187224292,0.05823431656985761,0.058265248844528536,3229.9950566225034
1790111340,0.058265248844528536,0.05826676074099427,0.05807934219691142,0.05807934219691142,2687.690062362416
1790111400,0.05807934219691142,0.05833068250790505,0.05790031460140493,0.05790031460140493,1832.6416357651872
1790111460,0.05790031460140493,0.05822960095070109,0.05790031460140493,0.057902067234524,675.2894222098207
1790111520,0.057902067234524,0.058192511924417184,0.05789895388670975,0.058192511924417184,173.1640925634631
1790111580,0.058192511924417184,0.058192511924417184,0.0581844771479025,0.0581844771479025,90.05698730081821
1790111700,0.0581844771479025,0.05820187331451785,0.0581844771479025,0.05819819488123196,298.04077007477787
1790111760,0.05819819488123196,0.05819819488123196,0.05789011754396643,0.058167788229170715,873.7959816130278
1790111820,0.058167788229170715,0.058167788229170715,0.057870964125472206,0.05812164059911125,547.6578117599655
1790111880,0.05812164059911125,0.05819775081271869,0.057906623976652465,0.057906623976652465,1014.879747450075
1790111940,0.057906623976652465,0.05818579383757744,0.05788234478136456,0.05818579383757744,531.3709736261925
1790112000,0.05818579383757744,0.05826963022406784,0.05818579383757744,0.05826772718128917,267.61809776715927
1790112060,0.05826772718128917,0.05827073011850815,0.057944096801342077,0.05821744749636724,78.15671047587087
1790112120,0.05821744749636724,0.05827120658707071,0.05821744749636724,0.05827120658707071,129.3619447122924
1790112180,0.05827120658707071,0.05827120658707071,0.05795735140486931,0.05795735140486931,45.48202863954862
1790112240,0.05795735140486931,0.057965935531279655,0.05791896532177905,0.05791896532177905,28.81797110389067
1790112300,0.05791896532177905,0.05825536050982414,0.05791896532177905,0.05792102810619908,124.01028288444498
1790112360,0.05792102810619908,0.05821771631910844,0.05792102810619908,0.057966651661711735,268.2157383421016
1790112420,0.057966651661711735,0.05829564646305039,0.057966651661711735,0.058288389896486235,565.7234093923596
1790112540,0.058288389896486235,0.05833663824997796,0.05797211552580269,0.05797211552580269,273.31480140408866
1790112600,0.05797211552580269,0.05827482754571516,0.05797211552580269,0.05827414275499764,60.97844140567148
1790112660,0.05827414275499764,0.05836875278602946,0.05807218359844783,0.05836875278602946,49.214911087126545
1790112720,0.05836875278602946,0.05836875278602946,0.058037463377858985,0.058349907584852305,600.1957300001395
1790112780,0.058349907584852305,0.05837997560700125,0.058349907584852305,0.05836120008434693,92.25303985662899
1790112840,0.05836120008434693,0.05840900568786462,0.05836120008434693,0.05840900568786462,5.836821926328284
1790112900,0.05840900568786462,0.05842283675628903,0.058132152115976235,0.05842283675628903,298.74219651936716
1790113020,0.05842283675628903,0.05842283675628903,0.058141037724631556,0.058179087743282565,431.22479771382837
1790113080,0.058179087743282565,0.058426220254807856,0.05812952046671554,0.058426220254807856,390.31761404028157
1790113140,0.058426220254807856,0.058475464413223904,0.058426220254807856,0.058475464413223904,116.74718083610249
1790113260,0.058475464413223904,0.058475464413223904,0.05808327521900563,0.05808327521900563,23.95812862170002
1790113380,0.05808327521900563,0.05813467345538842,0.05808327521900563,0.05813467345538842,68.69803608825248
1790113440,0.05813467345538842,0.05813467345538842,0.058120707630367065,0.058120707630367065,36.84368654337933
1790113500,0.058120707630367065,0.05836602458218568,0.058120707630367065,0.05836602458218568,11.782623235793162
1790113560,0.05836602458218568,0.05845579350525618,0.05836602458218568,0.05845579350525618,413.8734919050174
1790113620,0.05845579350525618,0.05847291993007977,0.05845579350525618,0.05847291993007977,2.075849293935799
1790113680,0.05847291993007977,0.05849623586183039,0.05817075198357279,0.05847953976783018,864.0678637003505
1790113740,0.05847953976783018,0.058653870030403676,0.05824140434011978,0.058653870030403676,1860.5055894392524
1790113800,0.058653870030403676,0.05873022981992735,0.058653870030403676,0.05873022981992735,1045.018067749912
1790113860,0.05873022981992735,0.05873022981992735,0.05872732094276007,0.05872732094276007,75.779677550303
1790113920,0.05872732094276007,0.05872732094276007,0.05869281197922997,0.05869281197922997,5.281645947131972
1790113980,0.05869281197922997,0.05869281197922997,0.05840300150033046,0.05840300150033046,292.0150075016523
1790114040,0.05840300150033046,0.059929369866889945,0.05840300150033046,0.05959425360351201,23007.115282382525
1790114100,0.05959425360351201,0.05982681752411862,0.05947499274077851,0.05947499274077851,1568.3433486324836
1790114160,0.05947499274077851,0.05948140704515259,0.0590935009700149,0.0590935009700149,6981.622701178462
1790114220,0.0590935009700149,0.0593582282105884,0.059025199090071964,0.059185355668199977,2306.08724691511
1790114280,0.059185355668199977,0.059185355668199977,0.05887107938281641,0.05887107938281641,250.17068900135496
1790114340,0.05887107938281641,0.05917020962538808,0.05885136368946044,0.05917020962538808,649.892886930394
1790114400,0.05917020962538808,0.059228858005068115,0.05889693002281195,0.059228858005068115,918.9905279916264
1790114460,0.059228858005068115,0.059314096180607324,0.05901964369256059,0.05901964369256059,630.2657927565257
1790114520,0.05901964369256059,0.059306637302182566,0.059016337248548066,0.05920843259717864,771.9886665126622
1790114580,0.05920843259717864,0.05920843259717864,0.05885383043332576,0.05920676542815315,922.5297576229896
1790114640,0.05920676542815315,0.05949511314054778,0.05920676542815315,0.05928631944290722,9003.105051991111
1790114700,0.05928631944290722,0.05971202201691272,0.05928631944290722,0.05971202201691272,1192.1216383303552
1790114760,0.05971202201691272,0.05971202201691272,0.05937698269129371,0.05937698269129371,1457.7452337297304
1790114820,0.05937698269129371,0.05937698269129371,0.059238384200425445,0.059238384200425445,296.19192100212723
1790114880,0.059238384200425445,0.059246618145450874,0.05913615577097239,0.05913615577097239,1991.4044772238133
1790114940,0.05913615577097239,0.05946543481285353,0.059099565346426575,0.05935472584364984,98.7006145675651
1790115000,0.05935472584364984,0.05939353011455371,0.05905514865963315,0.05905514865963315,55.40757119054486
1790115060,0.05905514865963315,0.05936944845101444,0.05905514865963315,0.05936736058607578,101.20733622291542
1790115120,0.05936736058607578,0.059464903127814474,0.05911068897069283,0.05915769538999242,2110.6678596973143
1790115180,0.05915769538999242,0.059468735276365196,0.05915769538999242,0.059180054355354755,599.2973753857902
1790115240,0.059180054355354755,0.059547764127164886,0.059153302879105134,0.05932224816344051,2008.246124564178
1790115300,0.05932224816344051,0.059823356866201334,0.05932224816344051,0.059823356866201334,4030.5006654708664
1790115360,0.059823356866201334,0.060007010303587294,0.05967994596809701,0.05972124807946965,4978.773531815522
1790115420,0.05972124807946965,0.06005270285352188,0.05971564575215081,0.05973708222688512,1221.1936173034223
1790115480,0.05973708222688512,0.0600088984769558,0.059583205250676105,0.059583205250676105,4373.786075893216
1790115540,0.059583205250676105,0.05975812532557138,0.059583205250676105,0.059720035585844704,58.928496584012
1790115600,0.059720035585844704,0.05986099479669843,0.059720035585844704,0.05986099479669843,584.6139365677685
1790115660,0.05986099479669843,0.0598630021030019,0.05952250036917576,0.0598630021030019,93.29424352517212
1790115720,0.0598630021030019,0.059869650895272436,0.05983216350204032,0.059869650895272436,18.684661007721914
1790115780,0.059869650895272436,0.059869650895272436,0.0595819788625363,0.05983982870413473,26.310041027954263
1790115840,0.05983982870413473,0.05986395286328703,0.05952976757322846,0.05986395286328703,822.7199278176062
1790116020,0.05986395286328703,0.05989702501166468,0.05959411496485071,0.05959411496485071,503.7812810060163
1790116080,0.05959411496485071,0.05992335398515828,0.0595747969920484,0.05980381451024299,1978.4759849695015
1790116260,0.05980381451024299,0.05980381451024299,0.05978688763076024,0.059789151656789156,70.05230513154872
1790116320,0.059789151656789156,0.059831842071167124,0.05948350283794464,0.059831842071167124,110.30784440356229
1790116380,0.059831842071167124,0.059840311261441154,0.05952595464636892,0.05982509189550301,506.91108206500496
1790116440,0.05982509189550301,0.059953609458060754,0.05982509189550301,0.059953609458060754,1127.4487851571143
1790116500,0.059953609458060754,0.06007153338370962,0.0598642963642413,0.0598642963642413,3094.445754253799
1790116560,0.0598642963642413,0.0598642963642413,0.059767653866110056,0.059767653866110056,1240.8518704475343
1790116680,0.059767653866110056,0.06005696034658348,0.05968889076959399,0.05968889076959399,978.3616179684651
1790116740,0.05968889076959399,0.06009367845581744,0.05968889076959399,0.06009367845581744,257.61331373321946
1790116800,0.06009367845581744,0.06009367845581744,0.059772060646795765,0.05980847843171337,123.50169713816057
1790116860,0.05980847843171337,0.0601835385506086,0.05980847843171337,0.06017531500264901,213.47054292526678
1790116920,0.06017531500264901,0.06030494883675285,0.059963972538909595,0.06027749205169525,1223.0342033238337
1790116980,0.06027749205169525,0.06027749205169525,0.060231524260546246,0.06023346937655606,93.99207389727762
1790117040,0.06023346937655606,0.06023346937655606,0.05992535244776399,0.059943594215307185,102.92360567651211
1790117100,0.059943594215307185,0.05997367512402099,0.05992141320272145,0.05995506028607959,514.4963507373608
1790117160,0.05995506028607959,0.05995506028607959,0.05989371153599583,0.05990382267889967,705.5801412062699
1790117280,0.05990382267889967,0.06025778164903198,0.059878753697367997,0.0602284841447708,1599.430940307922
1790117340,0.0602284841447708,0.0602284841447708,0.0598182445126103,0.05987359673632208,2021.6392035360318
1790117400,0.05987359673632208,0.060277694822911745,0.05987317552594221,0.0599809660073736,2621.830216714682
1790117460,0.0599809660073736,0.0599809660073736,0.059928236697589746,0.059928236697589746,20.33542950141386
1790117520,0.059928236697589746,0.05997554190241372,0.05985428724432118,0.05985428724432118,325.85398064223693
1790117580,0.05985428724432118,0.059944234663825625,0.05985428724432118,0.059944234663825625,0.1449720743784944
1790117640,0.059944234663825625,0.05996020378912096,0.05994098803489773,0.05994098803489773,282.3917049958556
1790117700,0.05994098803489773,0.05994098803489773,0.05992316874354347,0.05992316874354347,176.6182836457388
1790117760,0.05992316874354347,0.06028291905124684,0.05992316874354347,0.06028291905124684,1933.6673948778011
1790117820,0.06028291905124684,0.06035655268306599,0.060015446715880286,0.06035655268306599,978.5932605486547
1790117880,0.06035655268306599,0.06051408109085629,0.06001604405680808,0.060139114699512955,5267.677474962334
1790117940,0.060139114699512955,0.060479983812794444,0.060139114699512955,0.060479983812794444,1119.2734340641136
1790118000,0.060479983812794444,0.0605181778842699,0.060453516103661314,0.0605181778842699,997.3029367982933
1790118060,0.0605181778842699,0.0605181778842699,0.06018429979090484,0.06018429979090484,604.2012885891628
1790118120,0.06018429979090484,0.060194550215193085,0.060171239570253145,0.060171239570253145,296.07182469091293
1790118180,0.060171239570253145,0.06061153342257101,0.060171239570253145,0.060299023563108414,2329.0919623610384
1790118240,0.060299023563108414,0.06067413221046449,0.060279585790774116,0.06067413221046449,2123.348944338576
1790118300,0.06067413221046449,0.060805708235868505,0.06035532907887296,0.060805708235868505,674.0882376717072
1790118360,0.060805708235868505,0.060857418037441,0.0605441198174154,0.06057370235481803,1085.3626096636808
1790118420,0.06057370235481803,0.06094627038099665,0.06057370235481803,0.06065604344366475,131.19266080202013
1790118480,0.06065604344366475,0.06096636330658252,0.06065604344366475,0.06096129285659482,443.6227778811133
1790118540,0.06096129285659482,0.061014041900270106,0.06059714584086323,0.06059714584086323,2377.0544908026645
1790118600,0.06059714584086323,0.060890139774225624,0.060531023301526064,0.060531023301526064,1314.3410491734785
1790118660,0.060531023301526064,0.0609319324554722,0.06051315115639049,0.06088696602726913,2587.519402120192
1790118720,0.06088696602726913,0.06116861898252823,0.060673460670358205,0.060673460670358205,4364.201372996827
1790118780,0.060673460670358205,0.06100754733605169,0.060673460670358205,0.06100754733605169,582.6268793744425
1790118840,0.06100754733605169,0.06102128621223399,0.06065647276587932,0.06065647276587932,2469.3973493221624
1790118900,0.06065647276587932,0.06065647276587932,0.06057628126467347,0.06057628126467347,221.67254053623466
1790118960,0.06057628126467347,0.060917595266536846,0.06055130823647696,0.060917595266536846,813.3603659687652
1790119020,0.060917595266536846,0.06095270444191152,0.06053933567050135,0.06053933567050135,2618.2903185519353
1790119080,0.06053933567050135,0.06088976529303771,0.06053933567050135,0.06088976529303771,143.09672642513624
1790119140,0.06088976529303771,0.06088976529303771,0.06057516233280274,0.06057516233280274,81.99532437593562
1790119200,0.06057516233280274,0.060878341965481426,0.06052420384396,0.06082666454682644,651.7013017229692
1790119260,0.06082666454682644,0.06083002707988576,0.06051347725883445,0.060817143785074315,137.7456031827645
1790119320,0.060817143785074315,0.06091186748510007,0.060817143785074315,0.06091186748510007,469.9414802126398
1790119380,0.06091186748510007,0.06091186748510007,0.060570770053194035,0.060570770053194035,19.480712607404506
1790119440,0.060570770053194035,0.060919142367953844,0.060570770053194035,0.06058805863133055,361.39859158429016
1790119500,0.06058805863133055,0.060810833569328177,0.06047984179129367,0.06047984179129367,413.7684341103714
1790119560,0.06047984179129367,0.060801469941599795,0.06044860768692366,0.06044860768692366,329.08371288703523
1790119620,0.06044860768692366,0.06079350154131078,0.06044860768692366,0.06074460758198217,152.74414797226075
1790119680,0.06074460758198217,0.06074460758198217,0.06013621951305008,0.06013621951305008,6300.754172001758
1790119740,0.06013621951305008,0.06023772515502925,0.05990250654677224,0.05990250654677224,2735.2504090443936
1790119800,0.05990250654677224,0.06010727320472422,0.059644026160895404,0.05966246233561924,5456.394555372455
1790119860,0.05966246233561924,0.05984037853355769,0.05966246233561924,0.05984037853355769,494.98619938506965
1790119920,0.05984037853355769,0.05984037853355769,0.059487861097157646,0.05981543993890156,191.26418385941915
1790119980,0.05981543993890156,0.05981543993890156,0.05945719007028871,0.05945719007028871,16.500065567622798
1790120100,0.05945719007028871,0.059885657304624654,0.05945719007028871,0.059593717983906724,246.82368853755762
1790120160,0.059593717983906724,0.05994125547918996,0.05958770130118644,0.05994125547918996,823.0421706861412
1790120280,0.05994125547918996,0.05994125547918996,0.05960276324869016,0.0596337355753085,967.8495098377482
1790120340,0.0596337355753085,0.0596337355753085,0.05962224686443854,0.05962328300074532,33.404736158382356
1790120460,0.05962328300074532,0.059889011372749865,0.05950536404839828,0.05985345209914682,594.4131771065734
1790120520,0.05985345209914682,0.05985345209914682,0.05948981440578959,0.05977811566858092,297.8139749883704
1790120700,0.05977811566858092,0.05977811566858092,0.05957199389853701,0.05957199389853701,692.9849657388999
1790120760,0.05957199389853701,0.05990381172682223,0.059549566952506267,0.05990381172682223,235.35840948043247
1790120820,0.05990381172682223,0.059959786697591916,0.05959577051106083,0.059957055163151626,1562.8536665447195
1790120880,0.059957055163151626,0.060037092021025786,0.05966192791791099,0.05972203967039672,2521.3431175890655
1790120940,0.05972203967039672,0.06002128387219247,0.0595926388362408,0.05966813278906728,742.1606351998671
1790121000,0.05966813278906728,0.06001668762264909,0.059665415769478744,0.06001668762264909,390.485469149188
1790121060,0.06001668762264909,0.060043316109705314,0.05958997180704417,0.0597611184857773,348.4776578713028
1790121120,0.0597611184857773,0.05978484418599957,0.0595128776259371,0.05952029145393773,3831.003808149541
1790121180,0.05952029145393773,0.05952029145393773,0.059487168755628435,0.059488933253155456,123.77824689636377
1790121240,0.059488933253155456,0.059784278117392724,0.05948684852241372,0.05948684852241372,209.93318805048324
1790121300,0.05948684852241372,0.05984372702369987,0.05948684852241372,0.059815042611616,833.9039232483451
1790121360,0.059815042611616,0.05985233395682835,0.059815042611616,0.059824444718187965,7.462584376081448
1790121420,0.059824444718187965,0.059824444718187965,0.05949898251789611,0.05949898251789611,882.1982754535054
1790121480,0.05949898251789611,0.059844908690221375,0.05949898251789611,0.059844908690221375,258.94697629643537
1790121540,0.059844908690221375,0.059850156965447675,0.059517012970130526,0.05952982776479456,835.6899933747962
1790121600,0.05952982776479456,0.05952982776479456,0.059435259568262525,0.059435259568262525,250.46713299982204
1790121660,0.059435259568262525,0.059526853113674304,0.059294074123733824,0.05948334776467159,3511.573322487895
1790121720,0.05948334776467159,0.05952057057939876,0.05948334776467159,0.05952057057939876,5.890679406719392
1790121780,0.05952057057939876,0.05955794852860452,0.05924931467274281,0.05926365119086947,814.1590279139544
1790121840,0.05926365119086947,0.059531447358284084,0.05926365119086947,0.059505469710944475,384.54134443001016
1790121900,0.059505469710944475,0.059505469710944475,0.05916388498634759,0.05949491126987616,427.0027410361281
1790121960,0.05949491126987616,0.05949491126987616,0.05912357104883032,0.059132195388778855,2438.8503306377406
1790122020,0.059132195388778855,0.059132195388778855,0.05883654760501254,0.05909008986051332,3924.071136842816
1790122080,0.05909008986051332,0.05909008986051332,0.0587850308372653,0.05907926831522113,41.57921377105455
1790122140,0.05907926831522113,0.05916094989463719,0.05881337315543747,0.05916094989463719,165.92219126751863
1790122200,0.05916094989463719,0.05916094989463719,0.05886153032866461,0.05886153032866461,2.5380729879308657
1790122260,0.05886153032866461,0.05909366201204402,0.058833615117191984,0.05909366201204402,1621.9064797021344
1790122320,0.05909366201204402,0.05914281479921485,0.05877291423809896,0.05908996331875489,1619.2697705523904
1790122380,0.05908996331875489,0.059094351418350614,0.05908996331875489,0.059094351418350614,248.37534708821283
1790122440,0.059094351418350614,0.05917599394163404,0.05884611040478027,0.05885671038632786,822.3629682015084
1790122500,0.05885671038632786,0.05918886048364997,0.058844594905658354,0.058844594905658354,70.52624011268757
1790122560,0.058844594905658354,0.05917830146176849,0.05884082080000402,0.05917830146176849,104.00708781979877
1790122620,0.05917830146176849,0.05923116977799633,0.05887549548002225,0.05923116977799633,893.4892820928486
1790122680,0.05923116977799633,0.05929238162814612,0.05895193240840263,0.05928455622019253,98.58168099991568
1790122740,0.05928455622019253,0.05930751705254733,0.05928455622019253,0.05929326727983198,344.159441009004
1790122800,0.05929326727983198,0.05933585350140597,0.05903628217598277,0.05930572834761165,128.60726546529017
1790122860,0.05930572834761165,0.05930572834761165,0.0589476145841666,0.05897727597723161,1327.6968105899764
1790122920,0.05897727597723161,0.0593195911171311,0.05896853838581509,0.0593195911171311,23.713984734885337
1790122980,0.0593195911171311,0.0593195911171311,0.05891513179197448,0.05891513179197448,1201.035320422033
1790123040,0.05891513179197448,0.058968987811782,0.05891513179197448,0.058968987811782,159.99150179207732
1790123100,0.058968987811782,0.059253582536681525,0.0589144196774701,0.059253582536681525,666.8064889176109
1790123160,0.059253582536681525,0.059253582536681525,0.05919703623466678,0.05919703623466678,5.876972775634011
1790123220,0.05919703623466678,0.05928076075104031,0.05894927666648017,0.05894927666648017,210.93972983538163
1790123280,0.05894927666648017,0.059267985543287334,0.05894927666648017,0.059264916194770825,448.26420908035374
1790123340,0.059264916194770825,0.05929069995898227,0.058925472832070516,0.059231628804658105,1526.727618731713
1790123400,0.059231628804658105,0.059338006733337396,0.059231628804658105,0.059338006733337396,118.90901200178035
1790123460,0.059338006733337396,0.059338006733337396,0.059016936640935755,0.059016936640935755,9.193565202182016
1790123520,0.059016936640935755,0.059182758816176184,0.058922619092901765,0.058922619092901765,73.73941667246169
1790123640,0.058922619092901765,0.05924913710540363,0.058922619092901765,0.05899095265012034,1036.786190195284
1790123700,0.05899095265012034,0.05923488427357381,0.058916359038816576,0.058916359038816576,532.6867348807584
1790123760,0.058916359038816576,0.05946122525329362,0.058894860509493774,0.05903116043923855,13779.502763033624
1790123820,0.05903116043923855,0.05920240592714274,0.05877920027907395,0.05877920027907395,3181.818510310479
1790123880,0.05877920027907395,0.05907417233326488,0.05865044050754452,0.058980270163272605,2988.831574946768
1790123940,0.058980270163272605,0.058993191163715986,0.058665062876037025,0.058665062876037025,63.60620655845354
1790124000,0.058665062876037025,0.059086466112330184,0.058665062876037025,0.058777247601365094,2490.081712455975
1790124060,0.058777247601365094,0.05933951347466631,0.058777247601365094,0.05904182460771685,4985.292446868273
1790124120,0.05904182460771685,0.059262376544977555,0.05894263883415473,0.05926133342938378,1533.9521982568667
1790124180,0.05926133342938378,0.05926133342938378,0.05894579508877883,0.05920302116467151,193.6585311705493
1790124240,0.05920302116467151,0.059333388359616726,0.05896203473012163,0.05899384972519022,2078.1449045681616
1790124300,0.05899384972519022,0.05929025021097044,0.058895475014823166,0.058895475014823166,1211.1840872776272
1790124360,0.058895475014823166,0.05925003955547398,0.058895475014823166,0.05893883933292575,455.1208508795222
1790124420,0.05893883933292575,0.05925946412033239,0.05892712392424486,0.05893507237944739,531.2106985168679
1790124480,0.05893507237944739,0.05911814037713334,0.0586249142783715,0.058626950847575875,4515.117425846997
1790124540,0.058626950847575875,0.058983757341067505,0.05862452437677085,0.058983757341067505,820.5558662336812
1790124600,0.058983757341067505,0.05901157017052425,0.058983757341067505,0.05901157017052425,499.7617103493134
1790124660,0.05901157017052425,0.05905094804402434,0.058717989147917336,0.058724688336682686,1403.6787398462238
1790124720,0.058724688336682686,0.05872766239425305,0.058724688336682686,0.05872766239425305,648.9344306994647
1790124780,0.05872766239425305,0.05901826555789986,0.05872766239425305,0.058774208344680064,1104.7495599875124
1790124840,0.058774208344680064,0.059057641169361866,0.05874170491580476,0.058761685402294435,364.8317775904629
1790124900,0.058761685402294435,0.058761685402294435,0.058623081687125475,0.058623081687125475,2468.056982068334
1790124960,0.058623081687125475,0.058623081687125475,0.05857316891049147,0.058586071664458866,11.802292645579236
1790125020,0.058586071664458866,0.05882824883885393,0.05852397107947181,0.05853645134141882,638.6217872569556
1790125080,0.05853645134141882,0.05888877402046489,0.05848102578039672,0.05888877402046489,1775.1078894440566
1790125140,0.05888877402046489,0.05888877402046489,0.05860702701928975,0.05860702701928975,228.7928677028005
1790125200,0.05860702701928975,0.05904138285444414,0.05860702701928975,0.05865594673267612,7042.171540784586
1790125260,0.05865594673267612,0.058940340481672064,0.05857585901854633,0.05857585901854633,846.4972606369504
1790125320,0.05857585901854633,0.0589583207204475,0.05857585901854633,0.05866139184855695,1020.6943689851859
1790125380,0.05866139184855695,0.05866139184855695,0.05855365760703275,0.05855365760703275,2727.8100866903633
1790125440,0.05855365760703275,0.0587608033745127,0.05848092647049254,0.0587608033745127,383.02641373112795
1790125500,0.0587608033745127,0.0587608033745127,0.05840549619868461,0.05840549619868461,1005.6962752353949
1790125560,0.05840549619868461,0.05870513419037939,0.05840549619868461,0.05868881232311093,27.492166972374815
1790125620,0.05868881232311093,0.05868881232311093,0.058415566019995147,0.058415566019995147,1525.0128462787738
1790125680,0.058415566019995147,0.05866372334947409,0.05833009884828145,0.05866372334947409,299.45415540513966
1790125740,0.05866372334947409,0.05866803523476468,0.05833731480929227,0.05856951774022692,2462.001851681836
1790125800,0.05856951774022692,0.05856951774022692,0.05854437115442502,0.05854437115442502,388.2311881790881
1790125860,0.05854437115442502,0.05858722938075302,0.05824555174649429,0.05858151056713204,3846.382795602998
1790125920,0.05858151056713204,0.05863165297937391,0.05834446950839755,0.05835193357455394,2042.3290662578688
1790125980,0.05835193357455394,0.05867739522348253,0.05835193357455394,0.05867739522348253,594.7070178645541
1790126040,0.05867739522348253,0.05867739522348253,0.05803650690988104,0.058262246904116605,5068.148920421429
1790126100,0.058262246904116605,0.058262246904116605,0.05795925208806439,0.05795925208806439,424.64196590276754
1790126280,0.05795925208806439,0.05827190007753879,0.057921789415334234,0.058189661840733556,1010.1275945088025
1790126340,0.058189661840733556,0.058189661840733556,0.0579681795466209,0.0579681795466209,123.28558390972529
1790126400,0.0579681795466209,0.058265145937849636,0.057926130567634904,0.05792695780085801,179.62628838155425
1790126460,0.05792695780085801,0.05814730249896679,0.05780794573541376,0.05814730249896679,1912.7057886943921
1790126520,0.05814730249896679,0.05814896250418208,0.057808707910582666,0.05805867898737262,1794.621074817272
1790126580,0.05805867898737262,0.05805867898737262,0.057768656728393035,0.057768656728393035,43.610009655092185
1790126640,0.057768656728393035,0.058092976944093426,0.057768656728393035,0.05801722220683299,455.3947120965746
1790126700,0.05801722220683299,0.058062858473486294,0.057725676368285586,0.05798700608224886,74.16691926447102
1790126760,0.05798700608224886,0.058034541992597014,0.057651813710061915,0.057902507530383174,1686.974500005943
1790126820,0.057902507530383174,0.057943236729168505,0.05761160786591289,0.05789042085540336,175.64842721949452
1790126880,0.05789042085540336,0.05792159557804412,0.05760569815750063,0.05792159557804412,247.23064023884524
1790126940,0.05792159557804412,0.05792516934709792,0.05792159557804412,0.05792516934709792,20.197713506634482
1790127000,0.05792516934709792,0.05797119497347942,0.057913242359690455,0.057942789220777224,789.1851362310724
1790127060,0.057942789220777224,0.057971453855548444,0.057942789220777224,0.057971453855548444,65.23287643991246
1790127120,0.057971453855548444,0.057971453855548444,0.05790731985125487,0.057908921137759584,59.311150679855366
1790127180,0.057908921137759584,0.057908921137759584,0.05787289853521782,0.05787289853521782,17.835145154487083
1790127360,0.05787289853521782,0.05787289853521782,0.057508745015449,0.057508745015449,1.8894965367980305
1790127420,0.057508745015449,0.05750904314263809,0.057508745015449,0.05750904314263809,2.146418125987765
1790127480,0.05750904314263809,0.05780006337929807,0.05750904314263809,0.05780006337929807,312.5820067024544
1790127540,0.05780006337929807,0.05780006337929807,0.057763160890297795,0.057763160890297795,102.09355719838442
1790127600,0.057763160890297795,0.057968619446069326,0.05760379372588026,0.05760379372588026,4086.883167139202
1790127660,0.05760379372588026,0.05762094181441422,0.05737179372898069,0.05737179372898069,2754.672050671276
1790127720,0.05737179372898069,0.057674244109378624,0.057292460860111825,0.05766501972826548,692.3251429311335
1790127780,0.05766501972826548,0.05772478347613135,0.057484640227873744,0.057484640227873744,1987.1102366213217
1790127840,0.057484640227873744,0.057489430312196756,0.057484640227873744,0.057489430312196756,128.11742960497128
1790127900,0.057489430312196756,0.05759915893396262,0.05730864711923656,0.05730864711923656,1461.9859596423066
1790127960,0.05730864711923656,0.057620137760683615,0.05730864711923656,0.057620137760683615,16.861028559616493
1790128020,0.057620137760683615,0.057620137760683615,0.05723152050973884,0.05723152050973884,554.6079257731125
1790128080,0.05723152050973884,0.05723152050973884,0.05717976620740655,0.05719649912933044,435.7603274596602
1790128140,0.05719649912933044,0.05754547267890557,0.05719649912933044,0.05748317478932666,673.7364278511086
1790128200,0.05748317478932666,0.05753945366591019,0.05715552747908225,0.05753945366591019,237.52527259608945
1790128260,0.05753945366591019,0.05753945366591019,0.05751414562338695,0.05753839024836803,748.4662244925181
1790128320,0.05753839024836803,0.05753839024836803,0.057483267792718895,0.057483267792718895,43.444454716571094
1790128380,0.057483267792718895,0.057512266331219405,0.05727781841154888,0.05727781841154888,616.1304715411519
1790128560,0.05727781841154888,0.05727781841154888,0.057273838129183435,0.057273838129183435,6.321736882529427
1790128620,0.057273838129183435,0.057627080495235496,0.057273838129183435,0.057627080495235496,123.87828835930891
1790128740,0.057627080495235496,0.057690774141858706,0.057627080495235496,0.05768664839546132,163.18017287483875
1790128860,0.05768664839546132,0.05768664839546132,0.0572406265959688,0.0572406265959688,3428.649963904344
1790128920,0.0572406265959688,0.05744367975526077,0.057168315519428074,0.057168315519428074,1182.680404787034
1790128980,0.057168315519428074,0.057456528996763914,0.05711161421467976,0.05711161421467976,591.7887882917641
1790129040,0.05711161421467976,0.057453334591518815,0.05711161421467976,0.057453334591518815,471.4423580498406
1790129100,0.057453334591518815,0.057467400210437086,0.05713453748094393,0.05745442974066997,244.46513037039406
1790129160,0.05745442974066997,0.05750754792744602,0.05744864953547016,0.05744864953547016,492.29771810261366
1790129220,0.05744864953547016,0.05748482961939882,0.057050221021355214,0.057276830270249296,2625.2510993932533
1790129280,0.057276830270249296,0.057344061020846444,0.057276830270249296,0.05732787323154785,346.08371114273336
1790129340,0.05732787323154785,0.05740594272530742,0.05677539974192603,0.05694668242290573,7972.523468204589
1790129400,0.05694668242290573,0.05695069711598506,0.056623720345385924,0.05695069711598506,1297.4527849619185
1790129460,0.05695069711598506,0.05705103394094721,0.056825954493532636,0.056829227211749184,3331.531651915033
1790129520,0.056829227211749184,0.056829227211749184,0.05674013432337611,0.05674013432337611,704.3774329781517
1790129580,0.05674013432337611,0.05676589152518995,0.056683404628195315,0.056683404628195315,304.3921175003251
1790129640,0.056683404628195315,0.05692562908417068,0.05661905373749118,0.056870764354889594,2241.139626068659
1790129700,0.056870764354889594,0.056870764354889594,0.05657749707830425,0.05657749707830425,96.98514549162914
1790129760,0.05657749707830425,0.056857425797639194,0.05657749707830425,0.056857425797639194,58.93535547521597
1790129820,0.056857425797639194,0.05696348707655071,0.056857425797639194,0.05696348707655071,781.086933575711
1790129880,0.05696348707655071,0.05701991538083538,0.05696348707655071,0.05701991538083538,965.3025700485275
1790129940,0.05701991538083538,0.05702469949909791,0.056718408934541775,0.056738667242999564,210.96466725896042
1790130000,0.056738667242999564,0.05692041417683368,0.05668644267942711,0.05691318073503955,2970.792744664991
1790130060,0.05691318073503955,0.05701588032720247,0.05691318073503955,0.05701588032720247,609.8079513520502
1790130120,0.05701588032720247,0.057028375089629164,0.056984567085794725,0.056984567085794725,332.4617393984106
1790130180,0.056984567085794725,0.0570237185013287,0.056715221481894416,0.056715221481894416,1091.427949732779
1790130240,0.056715221481894416,0.056753725505030925,0.056715221481894416,0.056753725505030925,270.6585169334925
1790130300,0.056753725505030925,0.056753725505030925,0.05670402641250243,0.05670402641250243,841.7827231757626
1790130360,0.05670402641250243,0.05690656971519383,0.05653166277009968,0.05678726962894488,2914.5788989888674
1790130420,0.05678726962894488,0.05679311090952464,0.05675274522127623,0.05676105106956016,86.68016563544796
1790130480,0.05676105106956016,0.05676267978195086,0.05676105106956016,0.05676267978195086,0.29506983564927364
1790130540,0.05676267978195086,0.05679923437565073,0.05676267978195086,0.05679923437565073,21.00838439222675
1790130600,0.05679923437565073,0.05679923437565073,0.05675293711468315,0.05675308004034208,144.58838376097245
1790130660,0.05675308004034208,0.056797537462367015,0.05675308004034208,0.056797537462367015,0.9984356186104802
1790130720,0.056797537462367015,0.056816709249944274,0.05653976802337797,0.056816709249944274,353.93634602221414
1790130780,0.056816709249944274,0.056816709249944274,0.056487780674493455,0.056487780674493455,737.4259449458789
1790130900,0.056487780674493455,0.056487780674493455,0.05642009563320575,0.05642009563320575,594.7551707119302
1790130960,0.05642009563320575,0.0566510012258951,0.05642009563320575,0.0566510012258951,221.009171174485
1790131020,0.0566510012258951,0.056667440266021586,0.05640935841364734,0.056667440266021586,13.913915567107326
1790131080,0.056667440266021586,0.05677235760559876,0.05650066672016731,0.05650066672016731,1491.1455694538324
1790131140,0.05650066672016731,0.05678508563910085,0.05649311268130101,0.05649311268130101,883.9425522436978
1790131200,0.05649311268130101,0.056772462697675864,0.05645889762871201,0.05645889762871201,526.234937538121
1790131260,0.05645889762871201,0.05678211809573117,0.05645889762871201,0.05678211809573117,20.645133739646525
1790131320,0.05678211809573117,0.0567942247714177,0.0567563811493133,0.0567942247714177,24.769013320926017
1790131380,0.0567942247714177,0.0567942247714177,0.05640479538397557,0.05640479538397557,1278.101602701007
1790131440,0.05640479538397557,0.05640479538397557,0.05639111875874205,0.05639111875874205,149.50110021098772
1790131500,0.05639111875874205,0.05639263807089468,0.05639111875874205,0.05639263807089468,24.762175765347134
1790131560,0.05639263807089468,0.05669349391561866,0.05639263807089468,0.05669349391561866,0.680321926987424
1790131680,0.05669349391561866,0.056758563683967894,0.05637155210884658,0.056758563683967894,3569.5062823395024
1790131740,0.056758563683967894,0.056758563683967894,0.05657524658656924,0.05657524658656924,47.22578002923948
1790131800,0.05657524658656924,0.05657524658656924,0.05649706051669299,0.05651567817417104,790.3162460336553
1790131860,0.05651567817417104,0.05651567817417104,0.056408081566831164,0.056408081566831164,1004.5094757339727
1790131920,0.056408081566831164,0.05641987863236579,0.05640249345093778,0.05640249345093778,224.66965430077644
1790131980,0.05640249345093778,0.056716405973165115,0.05640249345093778,0.056716405973165115,485.6989081791872
1790132100,0.056716405973165115,0.056716405973165115,0.056705100727611556,0.056705100727611556,14.964684359851661
1790132160,0.056705100727611556,0.056705100727611556,0.05640592455174836,0.05644117801911115,28.955849440539904
1790132220,0.05644117801911115,0.05644720614035708,0.05642779569788724,0.05644720614035708,803.0728865724909
1790132280,0.05644720614035708,0.05644720614035708,0.056419503161949304,0.056419503161949304,47.506423812783765
1790132340,0.056419503161949304,0.056466969382762855,0.056419503161949304,0.056466969382762855,8.27999102761076
1790132400,0.056466969382762855,0.05647879879974748,0.05643979685908812,0.05643979685908812,553.0298550497805
1790132460,0.05643979685908812,0.05644705281807223,0.056400204273333324,0.056400204273333324,120.15789559767913
1790132520,0.056400204273333324,0.056400204273333324,0.0563672738948066,0.0563672738948066,88.34337385637036
1790132640,0.0563672738948066,0.0563672738948066,0.05634085203307463,0.05634085203307463,9.237827573227314
1790132700,0.05634085203307463,0.056661412401247974,0.05634085203307463,0.056661412401247974,35.4576336706844
1790132820,0.056661412401247974,0.056661412401247974,0.05633232418834458,0.056656065669983637,237.1468441556455
1790132880,0.056656065669983637,0.05666942443616839,0.056389251199390124,0.056389251199390124,19.370603732478365
1790133060,0.056389251199390124,0.0564377060829328,0.056389251199390124,0.0564377060829328,37.11620308573399
1790133120,0.0564377060829328,0.05646635804796488,0.0564377060829328,0.05646635804796488,89.20541065714987
1790133180,0.05646635804796488,0.05648636327276093,0.05646635804796488,0.05648636327276093,1.5192181380207932
1790133240,0.05648636327276093,0.05648636327276093,0.05638282377568504,0.05638282377568504,1259.3456867358839
1790133300,0.05638282377568504,0.05657445063899429,0.05631209352121833,0.05631209352121833,1762.4639412287263
1790133360,0.05631209352121833,0.056607317826687945,0.056291969191599685,0.05632322469134938,911.2435404102422
1790133420,0.05632322469134938,0.0563489481965161,0.05632322469134938,0.0563489481965161,332.83262680552826
1790133480,0.0563489481965161,0.05668308369894409,0.0563489481965161,0.05667396399018329,398.2014348354984
1790133600,0.05667396399018329,0.0567910261508961,0.05667396399018329,0.0567910261508961,414.72537443563976
1790133660,0.0567910261508961,0.0567910261508961,0.056600482865655256,0.056600482865655256,237.3741220175232
1790133720,0.056600482865655256,0.056836597914070454,0.056600482865655256,0.056836597914070454,0.04879939143963967
1790133780,0.056836597914070454,0.0569530905441149,0.05661880882659633,0.0569530905441149,326.708064483868
1790133840,0.0569530905441149,0.05701077239007513,0.056622632291761024,0.05691189059245819,628.9760146969758
1790133900,0.05691189059245819,0.05691189059245819,0.0565866163154349,0.0565866163154349,45.263808847254474
1790133960,0.0565866163154349,0.056608587720050965,0.0565866163154349,0.056608587720050965,590.3027043941768
1790134080,0.056608587720050965,0.05688190466184112,0.05651226081193776,0.05665940833453934,3709.4682698276206
1790134140,0.05665940833453934,0.056978747300851444,0.05664597470729963,0.056978747300851444,176.8642646605124
1790134200,0.056978747300851444,0.05703592203085074,0.05674854613928462,0.05674854613928462,2251.313857641138
1790134260,0.05674854613928462,0.05678540322877382,0.05674854613928462,0.05678540322877382,0.29085778817874736
1790134320,0.05678540322877382,0.05708178292053522,0.05678540322877382,0.05680866362285932,1331.7928595516426
1790134380,0.05680866362285932,0.05709068631064335,0.05680866362285932,0.05709068631064335,54.400990847146886
1790134440,0.05709068631064335,0.05709068631064335,0.056747288455083485,0.056747288455083485,847.9871050555042
1790134560,0.056747288455083485,0.057030285668315354,0.056747288455083485,0.05680351587266867,1359.284798528444
1790134620,0.05680351587266867,0.05689848440477639,0.05680351587266867,0.05689848440477639,51.444816622894834
1790134680,0.05689848440477639,0.05689848440477639,0.05674834364797495,0.05675352790751905,2161.9026116334535
1790134740,0.05675352790751905,0.05675352790751905,0.05665080380578769,0.05665080380578769,2060.7260300732733
1790134800,0.05665080380578769,0.05712583758097887,0.05665080380578769,0.05712583758097887,1057.520462502513
1790134860,0.05712583758097887,0.05712583758097887,0.05667768581052873,0.056689160369371966,824.2329149898403
1790134980,0.056689160369371966,0.056786479233325374,0.056689160369371966,0.05669518287440789,1872.2482492049105
1790135040,0.05669518287440789,0.05692813885034238,0.05669518287440789,0.05669553874543137,434.32772347464294
1790135100,0.05669553874543137,0.05703457532881214,0.05669553874543137,0.05703457532881214,2844.876169428585
1790135160,0.05703457532881214,0.057068684141295935,0.056738768326690274,0.056738768326690274,62.620066288689365
1790135220,0.056738768326690274,0.056914865918859005,0.05667677261571518,0.056914865918859005,1982.6667797238988
1790135280,0.056914865918859005,0.05694276471046173,0.056914865918859005,0.056935786781235447,148.07717089800892
1790135340,0.056935786781235447,0.056935786781235447,0.05689539344284452,0.05690056134344078,361.07797333372145
1790135400,0.05690056134344078,0.056934240987353404,0.05690056134344078,0.056934240987353404,8.935123252245356
1790135460,0.056934240987353404,0.056934240987353404,0.056650701180933065,0.056650701180933065,258.15902785473554
1790135520,0.056650701180933065,0.05693240965663561,0.056650701180933065,0.05693240965663561,29.73444137673035
1790135580,0.05693240965663561,0.05693240965663561,0.05662754557848663,0.05662754557848663,226.5237035330894
1790135640,0.05662754557848663,0.05662754557848663,0.05658652697149241,0.05658652697149241,0.11022240608058333
1790135700,0.05658652697149241,0.056627502657487686,0.05658652697149241,0.056627502657487686,81.16836677689767
1790135760,0.056627502657487686,0.05691546700326787,0.056627502657487686,0.05691546700326787,30.381634966666397
1790135820,0.05691546700326787,0.05691546700326787,0.056600154051803395,0.056638540263839195,203.1954198054843
1790135940,0.056638540263839195,0.05685551997199762,0.056638540263839195,0.05685551997199762,49.72550408246239
1790136060,0.05685551997199762,0.05685716147288649,0.05685551997199762,0.05685716147288649,5.350404221503344
1790136120,0.05685716147288649,0.05685716147288649,0.056818930025266036,0.05682935247191967,527.83983319541
1790136240,0.05682935247191967,0.05682935247191967,0.056548628749707716,0.056548628749707716,321.04058760591585
1790136420,0.056548628749707716,0.056548628749707716,0.05647422536601348,0.05647422536601348,2.3917536417128007
1790136540,0.05647422536601348,0.056842736385871256,0.05647422536601348,0.056558181410457285,444.08120214068623
1790136660,0.056558181410457285,0.05690648071667032,0.056558181410457285,0.05690648071667032,817.6499961313081
1790136780,0.05690648071667032,0.05690648071667032,0.05656860891872978,0.05656860891872978,118.69506994665663
1790136840,0.05656860891872978,0.05706696590674637,0.056566622366526084,0.05706686785687114,4182.379556238475
1790136900,0.05706686785687114,0.05721311759273996,0.05706686785687114,0.05721311759273996,1973.466138809537
1790136960,0.05721311759273996,0.05721311759273996,0.056982699190272795,0.056982699190272795,147.2529565801742
1790137020,0.056982699190272795,0.05712259113775023,0.05683776113779844,0.05683776113779844,22.500557034742226
1790137080,0.05683776113779844,0.05715331146075219,0.05683776113779844,0.05685181310912674,1652.4749504383647
1790137140,0.05685181310912674,0.05711978521720078,0.056820768075488436,0.056820768075488436,584.3874023684574
1790137260,0.056820768075488436,0.057166457145231414,0.056820768075488436,0.057166457145231414,7.688027549667867
1790137320,0.057166457145231414,0.057166457145231414,0.056930781987654104,0.056930781987654104,80.24393721159846
1790137380,0.056930781987654104,0.05729823469295675,0.056930781987654104,0.05702526322348497,543.1469414552884
1790137440,0.05702526322348497,0.05702526322348497,0.05698224091982167,0.05698224091982167,276.3056984074677
1790137560,0.05698224091982167,0.05727809559571534,0.05698224091982167,0.05727809559571534,1183.416428953968
1790137620,0.05727809559571534,0.05727809559571534,0.056908455879027965,0.056908455879027965,9.631096816155669
1790137680,0.056908455879027965,0.05724831629258344,0.056908455879027965,0.0572298604554547,278.8036248131061
1790137740,0.0572298604554547,0.05723270088652997,0.05690309086106915,0.057195067670712044,161.94672467361403
1790137800,0.057195067670712044,0.057195067670712044,0.05688653891073964,0.05688653891073964,191.08386033626223
1790137920,0.05688653891073964,0.05740883480807528,0.05688653891073964,0.05740883480807528,4845.23811422065
1790138040,0.05740883480807528,0.05740883480807528,0.05719591928451137,0.057224719010518524,895.492723597507
1790138100,0.057224719010518524,0.057224719010518524,0.05719843549537145,0.05719843549537145,0.03076680965921832
1790138220,0.05719843549537145,0.05719843549537145,0.057138736035908334,0.057138736035908334,26.626936686413462
1790138280,0.057138736035908334,0.057171259545196945,0.05711347207994135,0.05711347207994135,961.5207835392412
1790138340,0.05711347207994135,0.05711347207994135,0.05705892186610854,0.05705892186610854,897.8199467829751
1790138400,0.05705892186610854,0.05705892186610854,0.05702879217704665,0.05702879217704665,32.16320479882335
1790138460,0.05702879217704665,0.0572682715822316,0.05702879217704665,0.0572682715822316,176.20266735119938
1790138520,0.0572682715822316,0.05732839507569221,0.05698605967331643,0.05698605967331643,438.6678669002481
1790138580,0.05698605967331643,0.05701590811879263,0.05698605967331643,0.05701590811879263,1.5638078680576613
1790138640,0.05701590811879263,0.0570318546628655,0.05701590811879263,0.0570318546628655,15.174610773250594
1790138760,0.0570318546628655,0.05708113989034477,0.0570318546628655,0.05705822701714638,7.577563966533997
1790138820,0.05705822701714638,0.05709313621780904,0.05705822701714638,0.05709313621780904,0.1763315231842048
1790138880,0.05709313621780904,0.05733115078623149,0.05704202303651246,0.05733115078623149,294.99662583743543
1790138940,0.05733115078623149,0.0573904840468079,0.057103416422016474,0.057103416422016474,17.754760252643603
1790139060,0.057103416422016474,0.057559864947432954,0.057103416422016474,0.057559864947432954,4435.637579849857
1790139120,0.057559864947432954,0.0575657731378591,0.057279869127615075,0.0575657731378591,12.943703222281489
1790139180,0.0575657731378591,0.05760161356613726,0.05729989122420996,0.05729989122420996,360.437214942766
1790139240,0.05729989122420996,0.057540248667625256,0.05729092918677452,0.05729092918677452,277.4018642412711
1790139300,0.05729092918677452,0.057613338605416634,0.05729092918677452,0.057613338605416634,292.3212228926929
1790139420,0.057613338605416634,0.057613338605416634,0.05723429861137327,0.05723429861137327,1240.7097490655633
1790139480,0.05723429861137327,0.057496895590250965,0.05723429861137327,0.057483972198816714,148.20339137268235
1790139540,0.057483972198816714,0.057519344905105005,0.05747701554814179,0.05748543554285984,25.93439764522831
1790139600,0.05748543554285984,0.05748543554285984,0.05714854057308987,0.05714854057308987,65.82606208101379
1790139660,0.05714854057308987,0.05714854057308987,0.0570654000247913,0.0570654000247913,111.92333895216201
1790139780,0.0570654000247913,0.0570654000247913,0.05701110248408337,0.05701110248408337,61.67985893834277
1790139840,0.05701110248408337,0.05730955353069537,0.05701110248408337,0.05730955353069537,374.99950739672374
1790139900,0.05730955353069537,0.05730955353069537,0.057058859810514784,0.05708899884493926,204.31122469452544
1790139960,0.05708899884493926,0.05708899884493926,0.05707126838158184,0.05707126838158184,99.52592632820344
1790140020,0.05707126838158184,0.05707126838158184,0.05705429528083464,0.05705429528083464,5.2303931834034225
1790140140,0.05705429528083464,0.05705429528083464,0.05700065511191581,0.05700065511191581,5.5454370410373865
1790140260,0.05700065511191581,0.05725666682050894,0.05700065511191581,0.05725666682050894,61.803479176101625
1790140320,0.05725666682050894,0.05725698602613182,0.05697133498455219,0.05697133498455219,48.89208705519594
1790140380,0.05697133498455219,0.05732154049325158,0.05697133498455219,0.057031398030884854,128.79069679220345
1790140440,0.057031398030884854,0.05731372503439247,0.05698141392892447,0.05698141392892447,1.1332993906925617
1790140500,0.05698141392892447,0.05701618115399549,0.05698141392892447,0.05701618115399549,13.491208524936678
1790140560,0.05701618115399549,0.057314526656611485,0.05701618115399549,0.0570471679849509,37.36062946226064
1790140620,0.0570471679849509,0.057056970234824256,0.0570471679849509,0.057055426290624635,104.91848536631827
1790140680,0.057055426290624635,0.057055426290624635,0.05703663793048935,0.05703663793048935,242.41579334292015
1790141100,0.05703663793048935,0.05718656267159174,0.05703663793048935,0.05718656267159174,0.3645825471015566
1790141400,0.05718656267159174,0.05718656267159174,0.056918900398864325,0.056918900398864325,42.23678774926329
1790141460,0.056918900398864325,0.056918900398864325,0.0568883751201146,0.0568883751201146,145.21412875937133
1790141640,0.0568883751201146,0.0568883751201146,0.05688395586496768,0.05688395586496768,22.79995267875155
1790141700,0.05688395586496768,0.05688395586496768,0.05682129425718458,0.05682129425718458,142.03109733750512
1790141820,0.05682129425718458,0.05716650911430428,0.05682129425718458,0.05716650911430428,6.6932073512072945
1790141880,0.05716650911430428,0.05716650911430428,0.05683333943694951,0.05683333943694951,19.705987292491063
1790141940,0.05683333943694951,0.05684581277775843,0.05683333943694951,0.05684581277775843,49.025070963702255
1790142000,0.05684581277775843,0.05684581277775843,0.056836091896023885,0.056836091896023885,580.6295316691484
1790142060,0.056836091896023885,0.05684232821165806,0.056836091896023885,0.05684232821165806,21.493941051478945
1790142180,0.05684232821165806,0.05684232821165806,0.056185738914011144,0.05663772817590168,19872.300020714967
1790142240,0.05663772817590168,0.05663772817590168,0.056113617175191796,0.05616528618814059,9752.772438905562
1790142300,0.05616528618814059,0.05617893483755105,0.05584226191760883,0.05617893483755105,2449.0140236409156
1790142360,0.05617893483755105,0.056202068201549514,0.05615892809461246,0.056193855058088264,13.492595485195666
1790142420,0.056193855058088264,0.056193855058088264,0.05573759280284354,0.0559037022419532,10375.088586168233
1790142480,0.0559037022419532,0.0559037022419532,0.05553745794329236,0.05586265286677436,15018.903551520416
1790142540,0.05586265286677436,0.05586265286677436,0.055256064749843785,0.055516095991383414,16063.40207698797
1790142600,0.055516095991383414,0.055559546226068596,0.055507032194664206,0.055507032194664206,1497.1583666476572
1790142660,0.055507032194664206,0.05556553788558412,0.05547332584762345,0.05556553788558412,1296.9197248638889
1790142720,0.05556553788558412,0.05582611540373871,0.05556553788558412,0.05582611540373871,4580.48706136821
1790142780,0.05582611540373871,0.05582611540373871,0.05549773349772582,0.05549773349772582,0.23586752171563866
1790142840,0.05549773349772582,0.05564142324697917,0.055440246963110236,0.05564142324697917,2801.7858059295168
1790142900,0.05564142324697917,0.05582462044090398,0.05564142324697917,0.05578770373934826,3077.4196798286785
1790142960,0.05578770373934826,0.05578770373934826,0.05577816748754482,0.05577816748754482,239.80207050223422
1790143020,0.05577816748754482,0.055851843199211756,0.05577816748754482,0.055851843199211756,39.611743605075006
1790143080,0.055851843199211756,0.055851843199211756,0.05577517021468893,0.05577517021468893,44.893473604197446
1790143200,0.05577517021468893,0.05580119168184333,0.05577517021468893,0.055801182065374454,0.4002093405855591
1790143260,0.055801182065374454,0.055801182065374454,0.05554500631326041,0.05554500631326041,0.027493667224937637
1790143440,0.05554500631326041,0.05561232235612731,0.05554500631326041,0.05561232235612731,11.083477786311633
1790143560,0.05561232235612731,0.055841676554336465,0.05560584006471264,0.05560584006471264,2449.45283527123
1790143680,0.05560584006471264,0.05560584006471264,0.0555124229768136,0.0555124229768136,42.77668617930447
1790143800,0.0555124229768136,0.05582792426209336,0.0555124229768136,0.05582792426209336,1.095609626028308
1790143860,0.05582792426209336,0.05582792426209336,0.05550315739853826,0.05550315739853826,1.6680296845931986
1790144040,0.05550315739853826,0.055588138503996895,0.05550315739853826,0.055588138503996895,187.63264557709059
1790144100,0.055588138503996895,0.05587597646776038,0.055588138503996895,0.05587597646776038,219.6390496778787
1790144220,0.05587597646776038,0.05591754633761173,0.05587597646776038,0.05591754633761173,174.01367467293946
1790144280,0.05591754633761173,0.055933529467355164,0.0556629797367029,0.0556629797367029,522.9565971510253
1790144340,0.0556629797367029,0.0556629797367029,0.05562585072170515,0.05562585072170515,1.4837854137291417
1790144400,0.05562585072170515,0.055977570119386366,0.05562585072170515,0.055977570119386366,240.76570553213136
1790144580,0.055977570119386366,0.05601933320327298,0.055680752005475766,0.055680752005475766,882.1613579968799
1790144700,0.055680752005475766,0.055965410014015005,0.055680752005475766,0.055965410014015005,494.9902576000681
1790144820,0.055965410014015005,0.05598517990283703,0.055965410014015005,0.05598517990283703,236.08606476058824
1790144880,0.05598517990283703,0.05598517990283703,0.0557193677394237,0.05597696292546647,997.3455707090059
1790145000,0.05597696292546647,0.05597696292546647,0.05564477687598969,0.05564477687598969,560.2446218587215
1790145060,0.05564477687598969,0.05567356042248146,0.05564477687598969,0.05567356042248146,1.3039922006334468
1790145120,0.05567356042248146,0.05568317092130664,0.05567356042248146,0.05568317092130664,12.907126653686625
1790145240,0.05568317092130664,0.05598092612581107,0.05568317092130664,0.055833075955601885,1853.4898655166996
1790145300,0.055833075955601885,0.0561193723418182,0.055833075955601885,0.0561193723418182,1104.5525741044173
1790145360,0.0561193723418182,0.0561193723418182,0.055933161022080104,0.055933161022080104,5.08466133420224
1790145480,0.055933161022080104,0.05624826021369837,0.055933161022080104,0.05624826021369837,11.906608604000724
1790145540,0.05624826021369837,0.05630650700611026,0.055991541661799774,0.05630650700611026,267.60911280774707
1790145600,0.05630650700611026,0.05630650700611026,0.05600199320726795,0.05602799948696228,289.50046773833816
1790145660,0.05602799948696228,0.056037370900965104,0.05602799948696228,0.056037370900965104,185.0029675348768
1790145840,0.056037370900965104,0.056037370900965104,0.05600427581329399,0.05600427581329399,9.519531701009846
1790145900,0.05600427581329399,0.05610141541369975,0.05600427581329399,0.05610141541369975,5.0000804443004725
1790145960,0.05610141541369975,0.056425730735518514,0.05610141541369975,0.056425730735518514,2523.0376050814857
1790146080,0.056425730735518514,0.056425730735518514,0.056136728940010365,0.056136728940010365,0.023706765178282137
1790146200,0.056136728940010365,0.056136728940010365,0.05604266907569212,0.05604266907569212,1396.323651428046
1790146260,0.05604266907569212,0.056364539204533874,0.05604266907569212,0.056364539204533874,613.1754556024213
1790146320,0.056364539204533874,0.056364539204533874,0.056320932975450745,0.056337209872453595,419.35073838266294
1790146380,0.056337209872453595,0.05638379896656986,0.056337209872453595,0.05635426530456531,310.89451519103756
1790146500,0.05635426530456531,0.05635426530456531,0.056095765507519796,0.056095765507519796,7.056831706223179
1790146680,0.056095765507519796,0.056346155077833734,0.056095765507519796,0.056346155077833734,36.36199383469806
1790146920,0.056346155077833734,0.056346155077833734,0.05631107166173268,0.05631107166173268,2.069393929906376
1790147040,0.05631107166173268,0.05631107166173268,0.05599043990926562,0.05599325887726291,129.23307885552208
1790147100,0.05599325887726291,0.05602122880806177,0.055845567320060595,0.05602122880806177,4519.299407761714
1790147160,0.05602122880806177,0.05602122880806177,0.05559425590365607,0.055837415851584034,6694.100379109987
1790147220,0.055837415851584034,0.05593638678346842,0.055837415851584034,0.05592713536930152,908.814927681693
1790147280,0.05592713536930152,0.05596187712158013,0.05592713536930152,0.05596187712158013,296.3160283088761
1790147340,0.05596187712158013,0.05599299462876542,0.05568582028308775,0.055961005110999426,347.81892233251654
1790147400,0.055961005110999426,0.056018923206709696,0.05573910952585473,0.05573910952585473,259.870391587183
1790147460,0.05573910952585473,0.05573910952585473,0.05571572809503946,0.05571572809503946,1.227179360911841
1790147520,0.05571572809503946,0.0560507575630014,0.05571572809503946,0.0560507575630014,3.6772116630249423
1790147760,0.0560507575630014,0.0560507575630014,0.05582822554408713,0.055829050185425416,584.2326383110781
1790147820,0.055829050185425416,0.05586391999840485,0.055829050185425416,0.05586009829338654,118.76954912462274
1790147940,0.05586009829338654,0.05617347296792418,0.05583448078191025,0.056106650526413,167.8355810023301
1790148180,0.056106650526413,0.056106650526413,0.056078558920723436,0.056090282819170466,390.20467327426485
1790148240,0.056090282819170466,0.05620035720408253,0.05591779810277709,0.05616270757557899,1146.637712240075
1790148300,0.05616270757557899,0.05616270757557899,0.056141315348935995,0.056141315348935995,10.688724081959476
1790148360,0.056141315348935995,0.056141315348935995,0.0561367045625605,0.0561367045625605,9.48449647546977
1790148480,0.0561367045625605,0.056172226294626995,0.0561367045625605,0.056172226294626995,69.7949906889185
1790148540,0.056172226294626995,0.05618331715612584,0.056172226294626995,0.05618331715612584,194.63174755288995
1790148780,0.05618331715612584,0.05618331715612584,0.055666804065945936,0.055666804065945936,3725.3381338419
1790148840,0.055666804065945936,0.055666804065945936,0.05549985490360611,0.05549985490360611,10.141197455407017
1790148900,0.05549985490360611,0.055761162117044724,0.05549985490360611,0.055761162117044724,1597.84313896144
1790148960,0.055761162117044724,0.05580094950479818,0.055761162117044724,0.05580094950479818,867.9158505844317
1790149020,0.05580094950479818,0.05580094950479818,0.055533539817622594,0.05553709572215133,491.01318755935625
1790149080,0.05553709572215133,0.055566625712802506,0.05553184909474764,0.05553184909474764,105.0100097003728
1790149200,0.05553184909474764,0.05575013416762101,0.05553184909474764,0.05575013416762101,16.089146191951095
1790149320,0.05575013416762101,0.055807310498866995,0.05575013416762101,0.055807310498866995,1175.9226664006555
1790149380,0.055807310498866995,0.055833208700488954,0.055796361294532554,0.055796361294532554,11.794600840199257
1790149500,0.055796361294532554,0.055796361294532554,0.055584676157509776,0.055584676157509776,29.90677915978656
1790149560,0.055584676157509776,0.055584676157509776,0.05540579080898464,0.05540579080898464,29.810531686866096
1790149620,0.05540579080898464,0.05540579080898464,0.05535888238763119,0.05535888238763119,456.6293893296545
1790149680,0.05535888238763119,0.05566317830297522,0.05535888238763119,0.05566317830297522,1184.6661945772871
1790149740,0.05566317830297522,0.05566317830297522,0.05548018679050208,0.05548018679050208,5.148217856322173
1790149860,0.05548018679050208,0.0556013464641652,0.05548018679050208,0.0556013464641652,2.6797692775511748
1790149980,0.0556013464641652,0.055754364473896235,0.05546407724462549,0.055473725506493606,1445.0923988265993
1790150040,0.055473725506493606,0.055473725506493606,0.05542403527206208,0.05542403527206208,16.114236833495152
1790150100,0.05542403527206208,0.05573819405129274,0.05542403527206208,0.05573819405129274,116.67132696643651
1790150220,0.05573819405129274,0.05573819405129274,0.05539969099183924,0.05539969099183924,385.1540672378821
1790150280,0.05539969099183924,0.055700712536589723,0.055393405219456654,0.055397994146383085,651.3416646795818
1790150340,0.055397994146383085,0.055397994146383085,0.055285699091724906,0.055285699091724906,1731.5679137476059
1790150400,0.055285699091724906,0.05557316006599212,0.05514413992741527,0.05514413992741527,4174.501222133676
1790150460,0.05514413992741527,0.055361972118316165,0.05492569668726262,0.055149365375095454,4110.333513279758
1790150520,0.055149365375095454,0.05533531900086348,0.055122384166852764,0.05533531900086348,3964.8120565299514
1790150580,0.05533531900086348,0.05533531900086348,0.05491373190947313,0.05507848814600934,5873.69568097306
1790150640,0.05507848814600934,0.05511892973952006,0.05481653165871549,0.05511892973952006,855.1966240500535
1790150700,0.05511892973952006,0.05511892973952006,0.05502596349535105,0.055083974541080806,683.3165789668876
1790150820,0.055083974541080806,0.055083974541080806,0.05502067459879039,0.05502067459879039,198.55595871568178
1790150940,0.05502067459879039,0.05502067459879039,0.054894543008423516,0.05490403310212264,5.010351623278434
1790151000,0.05490403310212264,0.05519876796366534,0.05490403310212264,0.05519876796366534,1.2849048873267856
1790151060,0.05519876796366534,0.05521355580387533,0.05519876796366534,0.05521355580387533,352.6698288402471
1790151120,0.05521355580387533,0.055271190602356614,0.05521355580387533,0.055271190602356614,1.2295655591571741
1790151180,0.055271190602356614,0.055271190602356614,0.05525313698927515,0.05525313698927515,235.44194015436375
1790151240,0.05525313698927515,0.05526512512066401,0.05524167911767588,0.05524508447824635,84.35611711232026
1790151420,0.05524508447824635,0.05547173361528816,0.05524508447824635,0.05547173361528816,4397.916827868637
1790151540,0.05547173361528816,0.05563784529488687,0.05547173361528816,0.05563784529488687,195.81644099099924
1790151600,0.05563784529488687,0.05563784529488687,0.055409515639756386,0.05542757875881089,29.56763563465316
1790151660,0.05542757875881089,0.055741569484860934,0.05542757875881089,0.055741569484860934,46.7106953414199
1790151720,0.055741569484860934,0.055741569484860934,0.05566861711287795,0.05566861711287795,114.45129107445287
1790151780,0.05566861711287795,0.05566861711287795,0.0553608309845255,0.0553608309845255,135.2968226839473
1790151840,0.0553608309845255,0.055659803914047415,0.0553608309845255,0.0556342488800878,340.3668215514029
1790151900,0.0556342488800878,0.0556342488800878,0.05538572431037718,0.05538572431037718,1.389548676747324
1790151960,0.05538572431037718,0.055632037559753954,0.05538572431037718,0.055632037559753954,143.47064434433597
1790152020,0.055632037559753954,0.055639290541729086,0.055632037559753954,0.055639290541729086,114.20834865954349
1790152080,0.055639290541729086,0.0556506614000573,0.055639290541729086,0.0556506614000573,117.87991191909425
1790152200,0.0556506614000573,0.0556506614000573,0.05536982196952146,0.05536982196952146,19.47066090160467
1790152260,0.05536982196952146,0.05565291902705708,0.05536472840651665,0.05562823398416625,19.18178332221202
1790152320,0.05562823398416625,0.05562823398416625,0.05533275871587616,0.05533275871587616,1.2309352063657995
1790152380,0.05533275871587616,0.0556626762703948,0.05533275871587616,0.055376727593499986,132.07562525445675
1790152500,0.055376727593499986,0.055376727593499986,0.055355634890595654,0.055355634890595654,441.62725515717216
1790152560,0.055355634890595654,0.05563485941572497,0.05522935802704662,0.05563485941572497,11.676754582642928
1790152680,0.05563485941572497,0.05565818053221698,0.05563485941572497,0.05565818053221698,11.67420490731115
1790152860,0.05565818053221698,0.05565818053221698,0.05523296256390514,0.05523296256390514,3769.4947977883908
1790152920,0.05523296256390514,0.05542630585236304,0.05523296256390514,0.05542630585236304,99.71809960569396
1790152980,0.05542630585236304,0.05592424777767818,0.05542196702900454,0.05592424777767818,9205.511292295314
1790153100,0.05592424777767818,0.05592802798528934,0.0556010745442892,0.0556010745442892,167.60345253905632
1790153160,0.0556010745442892,0.05581382697791667,0.05553643373073706,0.05581382697791667,2231.4490207942413
1790153340,0.05581382697791667,0.05581382697791667,0.05549424241036123,0.05549424241036123,4.546691560671793
1790153400,0.05549424241036123,0.055546554479068824,0.05549424241036123,0.055546554479068824,195.43266182427269
1790153520,0.055546554479068824,0.055571828070855596,0.05527296291947026,0.055571828070855596,7.853430028632013
1790153640,0.055571828070855596,0.055571828070855596,0.055315965270969346,0.055347352011447824,15.641533204351516
1790153700,0.055347352011447824,0.055347352011447824,0.055330115996640665,0.055342480713348165,8.1857590586835
1790153760,0.055342480713348165,0.055342480713348165,0.055334193785996175,0.055334193785996175,0.016247557984606913
1790153820,0.055334193785996175,0.055403706458616524,0.055334193785996175,0.055403706458616524,120.74179162420153
1790154000,0.055403706458616524,0.05567607356856349,0.0553230873111255,0.05562985027549044,1821.1182921563811
1790154060,0.05562985027549044,0.05565162762774794,0.05562985027549044,0.05565162762774794,270.12775923479853
1790154120,0.05565162762774794,0.05565162762774794,0.05540922845866974,0.05542086900287092,83.12460544862374
1790154180,0.05542086900287092,0.05542116420085585,0.05541257613403816,0.05541998761410357,37.059541070357625
1790154240,0.05541998761410357,0.05541998761410357,0.05539825827730472,0.05539825827730472,9.747437054922976
1790154360,0.05539825827730472,0.05539825827730472,0.055387962555948834,0.055387962555948834,30.043727190222306
1790154420,0.055387962555948834,0.055708702889453766,0.055387962555948834,0.05570756717175478,58.06693133586404
1790154480,0.05570756717175478,0.05570756717175478,0.0556857777350084,0.05568690760668634,58.04191016550346
1790154600,0.05568690760668634,0.05568690760668634,0.05546315053699634,0.05546315053699634,106.2221068674426
1790154660,0.05546315053699634,0.05570685928578795,0.05546315053699634,0.05570685928578795,0.01161315324844893
1790154720,0.05570685928578795,0.05570685928578795,0.05544375398723549,0.05544375398723549,1.2319467962079078
1790154780,0.05544375398723549,0.05544375398723549,0.055318272106566674,0.055318272106566674,2039.8862160188812
1790154840,0.055318272106566674,0.055318272106566674,0.0552649377735838,0.0552649377735838,54.0617991881064
1790154900,0.0552649377735838,0.05553638418682291,0.0552649377735838,0.05553638418682291,563.7836761937989
1790154960,0.05553638418682291,0.05553638418682291,0.05531156019721188,0.05531156019721188,15.867718629119548
1790155020,0.05531156019721188,0.05560237974567984,0.05531156019721188,0.05560237974567984,21.094022484039165
1790155140,0.05560237974567984,0.05560237974567984,0.05522966039264591,0.05522966039264591,347.62206075047374
1790155260,0.05522966039264591,0.05548925429893457,0.05522966039264591,0.05530992813058235,1727.1327201453764
1790155320,0.05530992813058235,0.05532211985954293,0.05530992813058235,0.05532211985954293,38.05117829419412
1790155380,0.05532211985954293,0.05555239349831649,0.05527619302146787,0.05555239349831649,3055.181651698383
1790155440,0.05555239349831649,0.05555239349831649,0.05530367499169691,0.05530367499169691,244.34507844577513
1790155500,0.05530367499169691,0.05530367499169691,0.05529060831214275,0.05529060831214275,47.213781241259895
1790155620,0.05529060831214275,0.05529287260477135,0.05529060831214275,0.05529287260477135,309.78670426411924
