ts,o,h,l,c,v
1791152700,0.0008941800191948614,0.0009077994227511614,0.000892963878623179,0.0008983773890308153,681.3654544650643
1791152760,0.0008983773890308153,0.0009074080862590166,0.0008904055200552925,0.0008904055200552925,225.52858052962307
1791152820,0.0008904055200552925,0.0008993744916338726,0.0008771418115801011,0.0008771418115801011,516.4350890814123
1791152880,0.0008771418115801011,0.0008853472502735695,0.000871526915365072,0.000871526915365072,190.18093523900131
1791152940,0.000871526915365072,0.0008799900615938615,0.0008576558313703311,0.0008657208540136461,1299.2757117407798
1791153000,0.0008657208540136461,0.0008697730754434613,0.0008553964424530186,0.0008580322450526325,681.2572541024707
1791153060,0.0008580322450526325,0.0008731442096640127,0.0008577558763686917,0.0008618443571547038,691.0490987983352
1791153120,0.0008618443571547038,0.0008724499532279068,0.0008571732057831607,0.0008689613734048069,322.9429751971438
1791153180,0.0008689613734048069,0.0008874378916641764,0.0008571933777815368,0.0008830607922304667,982.6955193979634
1791153240,0.0008830607922304667,0.0008943331852734539,0.0008784548329448451,0.0008784548329448451,244.5589182347881
1791153300,0.0008784548329448451,0.0008841540357537759,0.000872416576601536,0.0008836196811206991,338.91593215670946
1791153360,0.0008836196811206991,0.0008836196811206991,0.0008478565967733277,0.0008588154329793648,1169.782288042556
1791153420,0.0008588154329793648,0.0008942675086726763,0.0008588154329793648,0.0008850584093379945,1349.5301629288554
1791153480,0.0008850584093379945,0.0008950188910800458,0.000879816072895577,0.0008829983049376342,166.56241508654767
1791153540,0.0008829983049376342,0.0008829983049376342,0.0008374168409716772,0.000864783689932605,1777.8380143670474
1791153600,0.000864783689932605,0.000864783689932605,0.0008265761554525433,0.0008496527553926951,1185.1554392702276
1791153660,0.0008496527553926951,0.0008650552178906245,0.0008485627353522432,0.0008613768938120603,1305.711068479875
1791153720,0.0008613768938120603,0.0008651541536061499,0.0008126674470141686,0.0008126674470141686,1725.5469205998593
1791153780,0.0008126674470141686,0.0008319213856881061,0.0008089554826835802,0.0008176294313627982,1604.7273189208383
1791153840,0.0008176294313627982,0.0008274622956026357,0.0008079148717509212,0.0008183118523411926,621.8427133029945
1791153900,0.0008183118523411926,0.0008185841956127121,0.0008024388759003117,0.0008083085288637984,748.6570224992889
1791153960,0.0008083085288637984,0.0008322140210341095,0.000781862691584724,0.000792277927552192,2223.094026105148
1791154020,0.000792277927552192,0.0007933879243043018,0.0007615588494708322,0.000783384407343263,3077.241103703134
1791154080,0.000783384407343263,0.0008095497141175642,0.000735794883950947,0.0007763202178264197,11522.110771511392
1791154140,0.0007763202178264197,0.0007925803444336159,0.0007755137194573932,0.0007910711022448495,792.9379290088505
1791154200,0.0007910711022448495,0.0008037767992861156,0.0007811278141194049,0.0007908237859794801,846.9332143529585
1791154260,0.0007908237859794801,0.0007988672631568044,0.0007495692390981075,0.0007503336695187386,2020.4080347742697
1791154320,0.0007503336695187386,0.0007896470420648966,0.0007465521211759005,0.0007845745800137098,2812.869707456383
1791154380,0.0007845745800137098,0.0008590068796764288,0.0007737201322676017,0.000851762082808328,3913.8870125428207
1791154440,0.000851762082808328,0.0008996698802731234,0.0008381779075146482,0.000849253653578464,6020.436171420449
1791154500,0.000849253653578464,0.0008779391558139622,0.0008048954649436231,0.0008077900745611705,4418.779047606664
1791154560,0.0008077900745611705,0.0008077900745611705,0.0007530356039379747,0.0007890130544945721,3614.401527149584
1791154620,0.0007890130544945721,0.0008011816830309199,0.0007790773172895762,0.0007813462638914038,1220.7907796179582
1791154680,0.0007813462638914038,0.0008027852639515614,0.0007610929074391371,0.0007902322581079893,4797.515363796864
1791154740,0.0007902322581079893,0.0008093497445406755,0.000782909907556264,0.0008093497445406755,862.7379792549652
1791154800,0.0008093497445406755,0.0008093497445406755,0.0007906369342092094,0.0008005750164401693,616.2122120937194
1791154860,0.0008005750164401693,0.0008313966480914824,0.0007848912609696193,0.0008225359193323929,1832.2370092065369
1791154920,0.0008225359193323929,0.0008352800930821273,0.000788305136079205,0.0007960175517418173,1826.3221705375634
1791154980,0.0007960175517418173,0.0008400128381148494,0.000794552246190757,0.0008301344209494577,1106.953818769547
1791155040,0.0008301344209494577,0.0008388888140198744,0.0007993133930862433,0.0008183596192114339,2257.9472249967143
1791155100,0.0008183596192114339,0.0008276412136985667,0.0008132616070692778,0.0008192419189999149,433.30967928047306
1791155160,0.0008192419189999149,0.0008830470563926235,0.0008091768644781181,0.0008623199909187203,3790.871938972156
1791155220,0.0008623199909187203,0.0008847171192270653,0.0008520778899265393,0.0008625923267542809,1489.5497724953698
1791155280,0.0008625923267542809,0.0009024613258925852,0.0008213159715201798,0.0008710342752632171,6822.5965361234685
1791155340,0.0008710342752632171,0.000902189872407699,0.0008706829561949936,0.0008952074116847962,1215.3778326686647
1791155400,0.0008952074116847962,0.0009265453871623593,0.000877333453881403,0.0009184144642873713,1821.3042137004397
1791155460,0.0009184144642873713,0.0009437070662965888,0.0009044261132504201,0.0009044261132504201,1788.7718152607151
1791155520,0.0009044261132504201,0.000906655069429852,0.000878751642828086,0.000878751642828086,1032.0399224399384
1791155580,0.000878751642828086,0.0008923763988631769,0.0008265930929746981,0.0008294008675292938,3147.0084278874347
1791155640,0.0008294008675292938,0.0008543653930729858,0.0008294008675292938,0.0008421385510241707,827.1032096338998
1791155700,0.0008421385510241707,0.0008421385510241707,0.0008163979854729031,0.0008199623868082772,989.9301062664855
1791155760,0.0008199623868082772,0.0008295372892638299,0.0007980224110982646,0.0008076030076124675,3499.1598127248803
1791155820,0.0008076030076124675,0.0008226112618229098,0.0008051547305114547,0.0008071383674946963,516.1377656594291
1791155880,0.0008071383674946963,0.0008507164812499508,0.0008062421211117917,0.0008507164812499508,2154.804624007759
1791155940,0.0008507164812499508,0.0008552727012290729,0.0008413799842220767,0.0008552727012290729,143.8092596287776
1791156000,0.0008552727012290729,0.0008608294845958958,0.0008198145497802729,0.0008296268157831593,1641.8009331545545
1791156060,0.0008296268157831593,0.0008534901627708172,0.0008296268157831593,0.0008443366107272951,2001.939742945492
1791156120,0.0008443366107272951,0.000854484840637601,0.0007939027890213995,0.0008185170424841486,4500.98513872434
1791156180,0.0008185170424841486,0.0008228658601441771,0.0008080607779328326,0.0008176568143409557,412.45068685556333
1791156240,0.0008176568143409557,0.0008176568143409557,0.0007932015905860593,0.0008030515875347716,552.6111986676456
1791156300,0.0008030515875347716,0.0008310538403526206,0.000793262894536428,0.0008308621388607799,217.41341451621028
1791156360,0.0008308621388607799,0.0008308621388607799,0.0008134085101117719,0.0008134085101117719,348.3480594644564
1791156420,0.0008134085101117719,0.0008370269786171873,0.0008048357043221072,0.0008048357043221072,1769.3951322263433
1791156480,0.0008048357043221072,0.0008058379050436981,0.000761863389044452,0.000761863389044452,2087.071512472196
1791156540,0.000761863389044452,0.0008066955872744401,0.0007551617815710715,0.0007917542945154144,4224.130145177492
1791156600,0.0007917542945154144,0.000812868252830291,0.0007738172855256626,0.0007743206390748084,2026.078756489026
1791156660,0.0007743206390748084,0.0007777800118535272,0.0007605992613915419,0.0007605992613915419,688.3130936694643
1791156720,0.0007605992613915419,0.000775458193673404,0.0007601222704699004,0.0007655081509265467,328.50873698206186
1791156780,0.0007655081509265467,0.0007726116513208694,0.0007626721838842735,0.0007626721838842735,112.81830708810324
1791156840,0.0007626721838842735,0.0007764130128981994,0.0007519416838456569,0.0007519416838456569,743.7339883761808
1791156900,0.0007519416838456569,0.0007687823464347047,0.0007460244751861742,0.0007687823464347047,787.1401835828539
1791156960,0.0007687823464347047,0.0008110898925193223,0.000761271781049157,0.0008013925759678479,2426.971082775207
1791157020,0.0008013925759678479,0.0008162911559358308,0.0008010634823621254,0.0008053632092024479,249.5818329128974
1791157080,0.0008053632092024479,0.0008153693933456497,0.0007797547761916697,0.0007985967109481412,520.3853319926068
1791157140,0.0007985967109481412,0.0008124856596554501,0.0007797254361426546,0.0008026491864617187,1410.3089370274754
1791157200,0.0008026491864617187,0.000815291685261683,0.0008024587278197623,0.0008057804086015359,121.42248475001412
1791157260,0.0008057804086015359,0.0008165766620597512,0.0007726152708977841,0.0007814764955763891,1139.3950318929767
1791157320,0.0007814764955763891,0.0007858997225469965,0.0007690454560036066,0.0007820109937559266,448.3020080249123
1791157380,0.0007820109937559266,0.0007947716981942063,0.0007765334998261737,0.0007848342530317155,341.1718713716448
1791157440,0.0007848342530317155,0.0007965574809839303,0.0007667469129995365,0.0007667469129995365,900.1177545257013
1791157500,0.0007667469129995365,0.0007744570737381029,0.0007639092572948691,0.0007639092572948691,108.66394348284263
1791157560,0.0007639092572948691,0.0008114803888593688,0.0007607349939435456,0.0008006482333507704,1745.6317347767522
1791157620,0.0008006482333507704,0.0008006482333507704,0.0007421733850862438,0.000744898073431812,2458.7395564984226
1791157680,0.000744898073431812,0.0007512595655107499,0.0007407032441174984,0.0007414739817350097,281.20406607819837
1791157740,0.0007414739817350097,0.0007538024473364381,0.0007412920177490876,0.0007445999413013888,205.28412230367985
1791157800,0.0007445999413013888,0.000750514115323087,0.0007298527540217434,0.0007298527540217434,751.9146537911455
1791157860,0.0007298527540217434,0.0007452688846761431,0.0007025548774219247,0.0007362715951071486,3176.3718583541377
1791157920,0.0007362715951071486,0.0007421285572193765,0.0007318467323231038,0.0007415353321859754,475.74875960099473
1791157980,0.0007415353321859754,0.000746159973279338,0.0007274119544903324,0.0007274119544903324,911.1975196204922
1791158040,0.0007274119544903324,0.0007599120438965493,0.0007173053667948891,0.0007560387080404624,1496.6864157173598
1791158100,0.0007560387080404624,0.0007645750320658194,0.0007186902614467112,0.0007250001583652205,1442.8647232010755
1791158160,0.0007250001583652205,0.0007340196154013653,0.0007123372600158979,0.0007229770782844825,1453.4872303651416
1791158220,0.0007229770782844825,0.0007480016037083372,0.0007114788824399467,0.0007119800654939284,2151.825688254002
1791158280,0.0007119800654939284,0.0007216173975685608,0.0007037423775160762,0.0007044642225222917,2322.574376948578
1791158340,0.0007044642225222917,0.0007272588009199681,0.000696621415573363,0.0007272588009199681,1220.2596070816494
1791158400,0.0007272588009199681,0.0007373458327868736,0.0007182661329075345,0.0007182661329075345,693.949135328005
1791158460,0.0007182661329075345,0.0007211674299904819,0.0006614096803150211,0.0007211674299904819,4891.142131617263
1791158520,0.0007211674299904819,0.0007276140639078264,0.0007122667880205114,0.0007276140639078264,741.8974777669935
1791158580,0.0007276140639078264,0.0007276140639078264,0.0006472529285583978,0.0006472529285583978,4613.459922623345
1791158640,0.0006472529285583978,0.0006827805081008124,0.0006455099183625828,0.0006730468903129657,1458.8515893946897
1791158700,0.0006730468903129657,0.0006835676764012613,0.0006391615033917911,0.0006495061443274961,2543.960170187524
1791158760,0.0006495061443274961,0.0006540036496132541,0.0006435863640926864,0.0006435863640926864,326.31843230844675
1791158820,0.0006435863640926864,0.0006479291414748668,0.0006173380186381813,0.0006392442860976938,2132.1911391291087
1791158880,0.0006392442860976938,0.0006631185697844224,0.0006392442860976938,0.0006486884559327496,1575.728632425253
1791158940,0.0006486884559327496,0.0006687149829464889,0.0006486616028230055,0.0006687149829464889,570.9219098039156
1791159000,0.0006687149829464889,0.0006779794877530315,0.0006449500721430466,0.0006449500721430466,1564.3006039411616
1791159060,0.0006449500721430466,0.0006526814294269128,0.000628341452593585,0.0006297738303043216,727.322631012413
1791159120,0.0006297738303043216,0.000644658849868473,0.0005919158180211705,0.0006228755134094165,3672.3659704607085
1791159180,0.0006228755134094165,0.0006591111909509505,0.0005967725697462964,0.0006248698073465319,4611.525802283766
1791159240,0.0006248698073465319,0.0006344666036394801,0.0005985329434136301,0.0005985329434136301,1633.9219609113084
1791159300,0.0005985329434136301,0.0006204841350742875,0.0005897538716498383,0.0006069612489503793,1855.9853174222349
1791159360,0.0006069612489503793,0.0006162513371140238,0.0006039116479077297,0.0006099461125345075,786.8142074000947
1791159420,0.0006099461125345075,0.000612776421907269,0.0005725695570955858,0.0005931934133449507,4609.803686903746
1791159480,0.0005931934133449507,0.0006023181595385943,0.0005218244978860925,0.0005509729942535259,14712.40917650404
1791159540,0.0005509729942535259,0.0005858451750839282,0.0005392965673965549,0.0005532608824041671,5244.0862778382325
1791159600,0.0005532608824041671,0.0005761137650088677,0.0005475009751657235,0.00056808038513206,3021.5594071843952
1791159660,0.00056808038513206,0.0005979368809692773,0.0005671915287863417,0.0005945910354523287,1462.3953636452197
1791159720,0.0005945910354523287,0.0005998447619820214,0.0005879100164578087,0.0005879100164578087,520.1010261171726
1791159780,0.0005879100164578087,0.000610080359399699,0.0005843998578838783,0.0005857813615657039,1906.0461424477674
1791159840,0.0005857813615657039,0.000591739767034759,0.000578091439132885,0.0005871532150486255,273.84588196390405
1791159900,0.0005871532150486255,0.0006239151956857492,0.0005800952048593022,0.0006156397091299074,1605.1298806809036
1791159960,0.0006156397091299074,0.00062309544175544,0.0006074864633695896,0.0006082743133629603,503.07729786088396
1791160020,0.0006082743133629603,0.0006323169513773194,0.0006068437274423794,0.0006313045376999089,907.2675151167938
1791160080,0.0006313045376999089,0.0006325677491230737,0.0006109675695423879,0.0006170957433100861,1373.0000072677678
1791160140,0.0006170957433100861,0.0006235685246030985,0.0006102770516481814,0.0006174016497921331,249.93777866031863
1791160200,0.0006174016497921331,0.0006174016497921331,0.0006026439611828398,0.0006151830603794521,1014.6431206898923
1791160260,0.0006151830603794521,0.000620199252746045,0.000604239792852622,0.0006131212806082352,461.8005200229892
1791160320,0.0006131212806082352,0.0006166597797150689,0.0005827647412068605,0.0005937899786383664,2235.783990942908
1791160380,0.0005937899786383664,0.0005939891036569346,0.000573966604353754,0.0005746523945046393,1380.6777220593992
1791160440,0.0005746523945046393,0.0006139422555856659,0.0005332854732435085,0.0005956589578311259,9420.583731372291
1791160500,0.0005956589578311259,0.0006099971108240544,0.0005488936213139689,0.0005561864231677655,4546.90915064167
1791160560,0.0005561864231677655,0.000568663419499835,0.0005388425988323288,0.0005455432980865431,3620.995086488192
1791160620,0.0005455432980865431,0.0005550348894173711,0.0005184705142084116,0.0005335939201900572,4140.8668545533355
1791160680,0.0005335939201900572,0.0005340641935225608,0.0004908958706434183,0.0005101220614314563,8511.958280826515
1791160740,0.0005101220614314563,0.0005389777921946311,0.0005094141375882851,0.0005387478224050697,3205.117526546532
1791160800,0.0005387478224050697,0.0005540691902395736,0.0005380619776757179,0.0005453627353508791,1057.1851574363143
1791160860,0.0005453627353508791,0.0005453627353508791,0.0005334764350578998,0.0005447125777101085,492.1584487398181
1791160920,0.0005447125777101085,0.0005510624694677126,0.0005266865603721833,0.0005266865603721833,1374.848161933347
1791160980,0.0005266865603721833,0.0005344868940693198,0.0005201185984903104,0.0005344868940693198,1589.2134379166944
1791161040,0.0005344868940693198,0.0005481756459785082,0.0005335491625381682,0.000540944969101675,833.0489811695588
1791161100,0.000540944969101675,0.0005569963492604574,0.0005168813036701246,0.0005175681396482788,2199.1186848445295
1791161160,0.0005175681396482788,0.0005337771871974938,0.0005131768480157546,0.0005337771871974938,971.5083152730804
1791161220,0.0005337771871974938,0.0005453221790359585,0.0005270444658170953,0.0005453221790359585,952.7757904130727
1791161280,0.0005453221790359585,0.0005526020465118774,0.000538592398132711,0.0005509232698801217,542.3722651044305
1791161340,0.0005509232698801217,0.0005676423214249178,0.0005388204722929604,0.0005676423214249178,2727.20592401921
1791161400,0.0005676423214249178,0.000576999509529579,0.0005274635507046061,0.0005461248506855839,4391.779184909617
1791161460,0.0005461248506855839,0.0005504226243891101,0.0005394700420494551,0.0005504226243891101,251.28131712227477
1791161520,0.0005504226243891101,0.0005578316208735487,0.0005436094816133961,0.0005480720815351221,797.1921069806695
1791161580,0.0005480720815351221,0.0005588659653263928,0.00053059474685592,0.0005326545771184619,2022.5773927353198
1791161640,0.0005326545771184619,0.0005563552104374878,0.0005245387023428552,0.0005563552104374878,1578.305766900528
1791161700,0.0005563552104374878,0.0005778418745980016,0.0005563552104374878,0.0005761064710694701,1004.1597403913565
1791161760,0.0005761064710694701,0.000582932262841985,0.000571346178793142,0.0005787666525437026,705.7601785391666
1791161820,0.0005787666525437026,0.000585742773851812,0.0005708725611285918,0.0005783939804806556,479.9318332718704
1791161880,0.0005783939804806556,0.0005788504022217721,0.0005710283566714376,0.000571665435338351,50.06990743881365
1791161940,0.000571665435338351,0.0005805295638991718,0.0005671417729692492,0.0005805295638991718,720.3439813182014
1791162000,0.0005805295638991718,0.0005851518892411706,0.0005751883964791146,0.0005751883964791146,204.00797702027177
1791162060,0.0005751883964791146,0.0005764089047793468,0.0005655273711158215,0.0005764089047793468,618.6809543525886
1791162120,0.0005764089047793468,0.0005775413201338682,0.0005451529716923823,0.0005523191631336029,1403.9428692036445
1791162180,0.0005523191631336029,0.0005528324474484367,0.0005449686324802704,0.0005514399887556279,197.15043765612003
1791162240,0.0005514399887556279,0.0005586920407956552,0.000542670716609117,0.0005586920407956552,575.0955469904942
1791162300,0.0005586920407956552,0.000570849584360595,0.000551625444968448,0.0005598675776230464,1017.6761069530487
1791162360,0.0005598675776230464,0.0005672738064829786,0.0005287644906311032,0.0005287644906311032,1451.877928915482
1791162420,0.0005287644906311032,0.0005400116362066028,0.0005250340605876388,0.0005251498264906054,486.82115532612835
1791162480,0.0005251498264906054,0.0005321181205202608,0.000518412313370008,0.000528764759675006,406.7544984386779
1791162540,0.000528764759675006,0.0005360999643119488,0.000521486415724953,0.0005360999643119488,1008.1561051375566
1791162600,0.0005360999643119488,0.0005453217131771459,0.0005295297364543904,0.0005453217131771459,527.3830057894004
1791162660,0.0005453217131771459,0.0005515474570053062,0.0005383787683799715,0.0005513919541238362,362.604511966776
1791162720,0.0005513919541238362,0.0005526967123002395,0.0005342600252344388,0.0005348640377346704,587.1950210207341
1791162780,0.0005348640377346704,0.0005348640377346704,0.0005182031938708843,0.0005225822493838057,1069.7908153881115
1791162840,0.0005225822493838057,0.0005326171890737493,0.000521963048485185,0.0005326171890737493,223.52610456849806
1791162900,0.0005326171890737493,0.0005326696728819658,0.0005254593330767456,0.0005259433449816107,136.75995251637332
1791162960,0.0005259433449816107,0.0005331599438802072,0.0005259433449816107,0.0005322070548118104,121.02889729756458
1791163020,0.0005322070548118104,0.0005322070548118104,0.000486421793345117,0.0005013491683603815,4694.964725001027
1791163080,0.0005013491683603815,0.0005044049430881051,0.0004532660702450616,0.00047562951594034837,6377.693326731505
1791163140,0.00047562951594034837,0.0004823512325688084,0.0004458219313166904,0.00045693157279005193,4054.6335521264177
1791163200,0.00045693157279005193,0.00045693157279005193,0.0003811818836294656,0.00039276391976741834,14218.34053441052
1791163260,0.00039276391976741834,0.0004265334156074293,0.0003917867359908493,0.00041904807254081183,3567.8465091522307
1791163320,0.00041904807254081183,0.0004265883640241741,0.00041276871611558067,0.0004192355059561995,989.2969076750571
1791163380,0.0004192355059561995,0.0004192355059561995,0.0004000975140184566,0.0004117912870400451,1523.1248486836498
1791163440,0.0004117912870400451,0.0004251236401627431,0.00039677047671696724,0.0004192729535523866,3757.6652606346133
1791163500,0.0004192729535523866,0.0004192729535523866,0.00040203331678357647,0.00040365349164845287,1118.8184160653973
1791163560,0.00040365349164845287,0.00042283174768942673,0.0004024501751690143,0.00041549414796685906,1126.9653000271635
1791163620,0.00041549414796685906,0.00044476751800610437,0.0004154428511544773,0.0004256885336036923,3788.5321575808757
1791163680,0.0004256885336036923,0.00043909856177650944,0.00042530196186766484,0.00043909856177650944,1005.3853102114657
1791163740,0.00043909856177650944,0.00044881535062036047,0.0004381711233389345,0.0004429560127760788,320.97720126131276
1791163800,0.0004429560127760788,0.00046980211831388073,0.0004406166188378943,0.0004697289268503985,1352.030701640294
1791163860,0.0004697289268503985,0.0004955387240036807,0.00046665777889649986,0.00047500761238763014,3517.4870658235495
1791163920,0.00047500761238763014,0.0004943073946788311,0.00047500761238763014,0.00048142057725762737,1581.490387753953
1791163980,0.00048142057725762737,0.00048142057725762737,0.000470254322351633,0.00047242291156725415,444.79341178502017
1791164040,0.00047242291156725415,0.0004726637183117144,0.0004656725359788339,0.00046735288055978734,298.3412408802698
1791164100,0.00046735288055978734,0.00047352987902311443,0.00046641678120221613,0.0004722866868728724,101.19353707255173
1791164160,0.0004722866868728724,0.0004725600590839428,0.0004612668583698206,0.00046684390089591775,321.83851693685006
1791164220,0.00046684390089591775,0.0004917687995918394,0.00046684390089591775,0.0004917687995918394,1206.5327000439838
1791164280,0.0004917687995918394,0.0004917687995918394,0.00042320639242494033,0.0004331478063608714,7085.58762883969
1791164340,0.0004331478063608714,0.00044930568242033063,0.0004210050708541582,0.00042105526622416455,3938.0855526915575
1791164400,0.00042105526622416455,0.00043486499059449725,0.0004123874559495517,0.0004228024726473472,2158.1508852331026
1791164460,0.0004228024726473472,0.0004228024726473472,0.0004062596441575408,0.00041918583715974217,1486.2921629985606
1791164520,0.00041918583715974217,0.0004278675822432628,0.00041366146362377637,0.0004253335212437669,915.7545742085495
1791164580,0.0004253335212437669,0.00043040524545976105,0.0004204066839452992,0.0004204066839452992,267.8044441413887
1791164640,0.0004204066839452992,0.00042440133250887344,0.0004072284808728691,0.0004072284808728691,697.7627112503386
1791164700,0.0004072284808728691,0.00041424183032101093,0.0004062451836466185,0.0004080549902028571,270.1210243213796
1791164760,0.0004080549902028571,0.00041591304156428263,0.00039885827977162344,0.0004039371756264829,1345.5095030780728
1791164820,0.0004039371756264829,0.0004171584512375159,0.0003976913605573924,0.0004171584512375159,1093.3021293529064
1791164880,0.0004171584512375159,0.0004465529699697101,0.0004171584512375159,0.00044317079684213774,1929.7560482990086
1791164940,0.00044317079684213774,0.00044317079684213774,0.0004285732150781182,0.0004285732150781182,781.5619072967954
1791165000,0.0004285732150781182,0.00044789923628956856,0.0004245697191507942,0.0004473556040057663,1035.7502776522047
1791165060,0.0004473556040057663,0.00044775427594435875,0.00043776483028612034,0.00044352223068507023,269.93218848351256
1791165120,0.00044352223068507023,0.0004475505879634896,0.0004376131711902013,0.00044451712146125594,395.91473427740306
1791165180,0.00044451712146125594,0.0004501193031818243,0.000431235391877664,0.0004501193031818243,1976.1023834451087
1791165240,0.0004501193031818243,0.0004588367116297054,0.0004501019537681781,0.0004513097318190475,456.64081656729434
1791165300,0.0004513097318190475,0.00045701451667047577,0.000446811241646475,0.0004472418611723787,235.49997583667047
1791165360,0.0004472418611723787,0.00045290321694760425,0.00044556933982735385,0.0004457483204920319,83.07320138873057
1791165420,0.0004457483204920319,0.00045159485188089204,0.0004231685357911105,0.00042384555003532735,1290.739399978083
1791165480,0.00042384555003532735,0.00043380539817138844,0.000418715205207636,0.000428685457747168,524.428555794718
1791165540,0.000428685457747168,0.00044729120625389374,0.0004271782689921925,0.00044729120625389374,799.7021655924833
1791165600,0.00044729120625389374,0.0004495066386578506,0.00044288297191532087,0.0004482426393006432,102.69512500757484
1791165660,0.0004482426393006432,0.0004482426393006432,0.0004377808388202479,0.0004377808388202479,221.04637311129252
1791165720,0.0004377808388202479,0.00044053353514330603,0.0004255889893569725,0.00043118910658598695,525.5886949688227
1791165780,0.00043118910658598695,0.000437233660160363,0.0004084704737340493,0.0004184225290686893,3776.9083984395456
1791165840,0.0004184225290686893,0.00042177915502495506,0.0004094201425652267,0.0004094201425652267,590.1235598804143
1791165900,0.0004094201425652267,0.00041532920885245343,0.0003992046508905289,0.00040685047675869047,1103.6048856186926
1791165960,0.00040685047675869047,0.00041083007362956105,0.00039384022319097385,0.00040150756552168076,1652.5437689008372
1791166020,0.00040150756552168076,0.00040659814501379404,0.0003926513736920827,0.00039805476042900406,1079.762919779267
1791166080,0.00039805476042900406,0.00040559383181931047,0.00038532725038786824,0.0004002034087202663,3584.6833164480045
1791166140,0.0004002034087202663,0.0004125865373972901,0.0004002034087202663,0.0004031236212619365,581.0362751560899
1791166200,0.0004031236212619365,0.0004106691509936721,0.0004031236212619365,0.0004049713400111739,320.7016255455321
1791166260,0.0004049713400111739,0.0004375281059772003,0.0004049586244567919,0.00042975504984230274,1252.7470377830434
1791166320,0.00042975504984230274,0.0004398946419890661,0.00042268675567802647,0.0004398946419890661,938.3106920467246
1791166380,0.0004398946419890661,0.0004398946419890661,0.0004340773679846511,0.0004340773679846511,38.12732305111279
1791166440,0.0004340773679846511,0.0004405729896109723,0.0004340773679846511,0.0004344896045102962,180.93975171065466
1791166500,0.0004344896045102962,0.00044034076145891535,0.0004312118420199103,0.00043548262317401413,415.0714258220896
1791166560,0.00043548262317401413,0.0004473027211401419,0.0004294236840026509,0.00044133802588073196,635.3557516223478
1791166620,0.00044133802588073196,0.00044751299141654804,0.00044133802588073196,0.00044281084822370706,60.12046999739343
1791166680,0.00044281084822370706,0.0004486405016517445,0.0004341076194570487,0.0004341076194570487,353.6566479082111
1791166740,0.0004341076194570487,0.0004397338642822741,0.0004333880058912447,0.00043774532293274534,277.95569409706155
1791166800,0.00043774532293274534,0.00043774532293274534,0.0004121376570494832,0.0004121376570494832,1209.490647097752
1791166860,0.0004121376570494832,0.00041550550811326174,0.0004073988194048846,0.0004073988194048846,301.93670179807833
1791166920,0.0004073988194048846,0.00041396484590490733,0.00040728185540129684,0.00041396484590490733,137.60108902703223
1791166980,0.00041396484590490733,0.00044775327444942375,0.00040967742420793067,0.00044775327444942375,2381.0785790205377
1791167040,0.00044775327444942375,0.00045014638790135905,0.00044284556463087264,0.00044284556463087264,169.8451245999113
1791167100,0.00044284556463087264,0.0004493754792004803,0.00044284556463087264,0.00044299599873163484,162.50235009645928
1791167160,0.00044299599873163484,0.0004521924208715199,0.00044299599873163484,0.00044447766888665373,420.83052505476263
1791167220,0.00044447766888665373,0.00044447766888665373,0.0004343060860964321,0.0004343060860964321,391.34101145443884
1791167280,0.0004343060860964321,0.0005014535909795307,0.0004331655685722116,0.0005014535909795307,3782.402302574268
1791167340,0.0005014535909795307,0.0005097441193517679,0.0004922260138393504,0.0005097441193517679,1443.4228799194132
1791167400,0.0005097441193517679,0.0005511451786119699,0.0005097441193517679,0.0005410131570876909,6132.661668505664
1791167460,0.0005410131570876909,0.0005562513699442367,0.0005105027947352255,0.0005236727642971159,4766.70440598699
1791167520,0.0005236727642971159,0.0005515902742973201,0.000513407141740069,0.0005325094639726532,4416.545763677394
1791167580,0.0005325094639726532,0.0005325094639726532,0.0004901908413304495,0.0004933426323993585,2321.3624030778965
1791167640,0.0004933426323993585,0.0005469226815061949,0.0004884696943002119,0.000538839002314581,5121.723665650538
1791167700,0.000538839002314581,0.0005402121875286002,0.0005267400325482087,0.0005364784929322062,924.3131064980009
1791167760,0.0005364784929322062,0.0005429721274541813,0.000509812449258368,0.0005171777832048336,1555.4447401998548
1791167820,0.0005171777832048336,0.0005171777832048336,0.0005032321794211772,0.0005126377735818045,188.28822393695975
1791167880,0.0005126377735818045,0.0005145026767587647,0.0005025192391654693,0.0005025192391654693,326.19477082113303
1791167940,0.0005025192391654693,0.0005195167887338497,0.0005025192391654693,0.0005195167887338497,490.41143799420075
1791168000,0.0005195167887338497,0.0005236581825028663,0.00051607644657471,0.0005236581825028663,343.3231710689575
1791168060,0.0005236581825028663,0.000531469884048797,0.0005043614542637382,0.0005043614542637382,1569.5058790361002
1791168120,0.0005043614542637382,0.0005109405615633022,0.0005035502497634348,0.0005109405615633022,75.59108106270618
1791168180,0.0005109405615633022,0.0005121264988237341,0.0004994673044225554,0.0005000849985378303,348.29362107651974
1791168240,0.0005000849985378303,0.0005064510635603779,0.0004911513474187694,0.0004911513474187694,540.9917544917506
1791168300,0.0004911513474187694,0.000504911359626652,0.0004911513474187694,0.0004993185806739975,460.19835574022176
1791168360,0.0004993185806739975,0.0005214089767991081,0.0004993185806739975,0.0005214089767991081,394.8686850304872
1791168420,0.0005214089767991081,0.0005214089767991081,0.0005135742243497306,0.0005135742243497306,96.27119171408629
1791168480,0.0005135742243497306,0.0005201394755207991,0.0005086761849784349,0.0005086761849784349,424.75161771100977
1791168540,0.0005086761849784349,0.0006359487731764354,0.0005086761849784349,0.0005864771383981928,7034.128844883587
1791168600,0.0005864771383981928,0.0005864771383981928,0.000560992090226307,0.000560992090226307,2380.876126538709
1791168660,0.000560992090226307,0.0005881922193114309,0.000560992090226307,0.0005678436389691397,1329.8828372782252
1791168720,0.0005678436389691397,0.0005735942686438759,0.0005643438292951572,0.0005643438292951572,351.2691293133823
1791168780,0.0005643438292951572,0.0005643438292951572,0.0005589034367101245,0.0005634544650547664,286.272590421035
1791168840,0.0005634544650547664,0.000568925013415481,0.0005532829853402123,0.000568925013415481,222.73229155448956
1791168900,0.000568925013415481,0.000568925013415481,0.0005597158142401246,0.0005615559527825544,133.32542283733594
1791168960,0.0005615559527825544,0.0006572582529467466,0.0005614790032159703,0.0006438540739222689,4117.6274751223245
1791169020,0.0006438540739222689,0.0006518613773588485,0.0006347102649274902,0.0006435711329768077,494.0731962042614
1791169080,0.0006435711329768077,0.0006519154297196917,0.0006416956356771413,0.0006519154297196917,379.5877645801615
1791169140,0.0006519154297196917,0.0006542770912751661,0.0006519154297196917,0.0006542770912751661,110.28100855883461
1791169200,0.0006542770912751661,0.0006546114545562234,0.0006438921045600062,0.0006546114545562234,313.83142411969226
1791169260,0.0006546114545562234,0.0006563216946353081,0.000648803381912748,0.000648803381912748,135.25216108676148
1791169320,0.000648803381912748,0.000648803381912748,0.0006152901507013635,0.0006152901507013635,1487.3812584085695
1791169380,0.0006152901507013635,0.0006182851602571626,0.0006032335432626372,0.0006051466218749285,641.6984169058713
1791169440,0.0006051466218749285,0.000605694101941775,0.000564524484313411,0.0005646041570869979,1374.8261454564426
1791169500,0.0005646041570869979,0.0005727804707469826,0.0005639152900618948,0.0005710540861372693,180.14717684915024
1791169560,0.0005710540861372693,0.0005713481267433377,0.000563877791601814,0.0005713481267433377,86.56717634328439
1791169620,0.0005713481267433377,0.0005745081434748784,0.0005657406899664712,0.0005720373875656753,302.8299116174055
1791169680,0.0005720373875656753,0.0005720373875656753,0.0005483727434904615,0.0005521569819669462,952.1759211114401
1791169740,0.0005521569819669462,0.0005521569819669462,0.0005417984063817804,0.0005417984063817804,105.90689912542449
1791169800,0.0005417984063817804,0.0005488918432133931,0.0005417984063817804,0.0005488918432133931,29.643569906358785
1791169860,0.0005488918432133931,0.000556273686698118,0.0005488918432133931,0.000556273686698118,262.7794011407665
1791169920,0.000556273686698118,0.0005565895621828796,0.0005468219482158055,0.0005551800211321514,494.5146876069927
1791169980,0.0005551800211321514,0.0005558768677909012,0.0005489816204311748,0.0005489816204311748,27.667274864816633
1791170040,0.0005489816204311748,0.000556402642311441,0.0005489816204311748,0.0005494187223568809,67.30412121638629
1791170100,0.0005494187223568809,0.0005576559113598225,0.0005489525287061404,0.0005576559113598225,149.7354523395209
1791170160,0.0005576559113598225,0.0005585182934800074,0.0005393312011198332,0.0005404534108288043,784.8675361068829
1791170220,0.0005404534108288043,0.0005407481512586974,0.0005335644695331959,0.0005344792276201244,69.8031514384429
1791170280,0.0005344792276201244,0.0005425734009930214,0.0005344792276201244,0.0005425734009930214,88.53225986516858
1791170340,0.0005425734009930214,0.0005437517781727587,0.0005361259886129553,0.0005379392806012825,183.95586280688838
1791170400,0.0005379392806012825,0.0005379392806012825,0.0005285508934622488,0.0005296001749256093,704.4068204649082
1791170460,0.0005296001749256093,0.0005296608363587523,0.0005226990938322771,0.0005296608363587523,80.40136231794862
1791170520,0.0005296608363587523,0.0005316071670175318,0.0005244089649341371,0.0005257725632402078,178.64537581986735
1791170580,0.0005257725632402078,0.0005289411892380831,0.0005223053268204861,0.0005289411892380831,87.26545795854781
1791170640,0.0005289411892380831,0.0005309488959569542,0.000522708129976249,0.0005228435320088864,121.38323860125602
1791170700,0.0005228435320088864,0.0005329481152681123,0.0005228435320088864,0.0005329481152681123,250.4815580689074
1791170760,0.0005329481152681123,0.0005368730354738162,0.0005303754389397698,0.0005303754389397698,119.23608003474351
1791170820,0.0005303754389397698,0.0005378798284688325,0.0005303754389397698,0.0005378798284688325,34.73730708521705
1791170880,0.0005378798284688325,0.0005378798284688325,0.0005314721746274275,0.0005314721746274275,18.255522806557817
1791170940,0.0005314721746274275,0.0005314721746274275,0.000511318630979186,0.0005180337073926607,906.429079044535
1791171000,0.0005180337073926607,0.00051990797703829,0.0005133819068184048,0.0005133819068184048,53.00089502762113
1791171060,0.0005133819068184048,0.0005133819068184048,0.0005132827929256759,0.0005132827929256759,4.590605785891874
1791171120,0.0005132827929256759,0.0005202159950004954,0.0005127606657411242,0.0005202159950004954,135.31390215681816
1791171180,0.0005202159950004954,0.000535919451751468,0.0005202159950004954,0.000535919451751468,617.8298418475713
1791171240,0.000535919451751468,0.0005428309564219325,0.000535919451751468,0.0005428309564219325,79.80985453014382
1791171300,0.0005428309564219325,0.0005434883357117188,0.0005366849062481776,0.0005434883357117188,16.44441101961793
1791171360,0.0005434883357117188,0.0005434883357117188,0.0005319930131033033,0.0005322587450488964,399.4780212132792
1791171420,0.0005322587450488964,0.0005384915822050826,0.0005263089510631131,0.0005263089510631131,279.2146521269541
1791171480,0.0005263089510631131,0.0005331823164601466,0.0005261456669295424,0.0005331823164601466,76.06549187021979
1791171540,0.0005331823164601466,0.0005353040003597055,0.0005261422853687372,0.0005331852119755825,328.00582210458674
1791171600,0.0005331852119755825,0.0005349253312772691,0.0005140752338529241,0.0005140752338529241,570.346760312841
1791171660,0.0005140752338529241,0.0005198440651813308,0.0005122741803046102,0.0005122741803046102,121.65884137782298
1791171720,0.0005122741803046102,0.0005182212655573859,0.0005119260898258727,0.0005180897515581779,28.331502952670167
1791171780,0.0005180897515581779,0.000518106938242122,0.0005117929610692281,0.000518106938242122,6.822203437793473
1791171900,0.000518106938242122,0.000518106938242122,0.0005083616306634658,0.0005083616306634658,227.77076715669983
1791171960,0.0005083616306634658,0.0005123811184636989,0.0005055424088163384,0.0005055424088163384,84.8015483090056
1791172020,0.0005055424088163384,0.0005112045659205462,0.0005046825169741579,0.0005046825169741579,60.53279315041721
1791172140,0.0005046825169741579,0.0005064406852151951,0.0004989374660757311,0.0004989374660757311,135.60787568676233
1791172200,0.0004989374660757311,0.0005065284746793412,0.0004989374660757311,0.0005003090481891666,363.5473362201743
1791172260,0.0005003090481891666,0.0005403186208218113,0.0005003090481891666,0.0005355640315696162,1873.176791167133
1791172320,0.0005355640315696162,0.0005355640315696162,0.0005352244436845912,0.0005352244436845912,0.7269118127858966
1791172380,0.0005352244436845912,0.0005480523746877996,0.0005352244436845912,0.000541240787934928,357.5904750987722
1791172440,0.000541240787934928,0.0005415739364255057,0.0005381529761987751,0.0005413065964277118,244.69728133261296
1791172500,0.0005413065964277118,0.0005413065964277118,0.0005241716699384165,0.0005241716699384165,436.189497927699
1791172560,0.0005241716699384165,0.0005241716699384165,0.0005113368714390912,0.0005175512130536738,604.6673624849825
1791172620,0.0005175512130536738,0.0005188792901049964,0.0005175512130536738,0.0005188792901049964,99.13107464531711
1791172680,0.0005188792901049964,0.0005272280111949207,0.000514018900257161,0.000514018900257161,1483.3878011376414
1791172740,0.000514018900257161,0.0005222141500323183,0.0005037746721409326,0.0005158564535628314,3389.3442588048706
1791172800,0.0005158564535628314,0.0005245994912434827,0.0005158564535628314,0.0005183145423055628,104.88956677359894
1791172860,0.0005183145423055628,0.000525513066658613,0.0005183145423055628,0.000519240990762069,70.65256381940449
1791172920,0.000519240990762069,0.0005268341331789061,0.000519240990762069,0.0005258410007253501,52.92094269108938
1791172980,0.0005258410007253501,0.0005261860148474418,0.0005182446208409398,0.0005261860148474418,162.16365886601398
1791173040,0.0005261860148474418,0.0005261860148474418,0.0004977448606806462,0.0004977448606806462,1003.9121956198692
1791173100,0.0004977448606806462,0.000502703701776263,0.0004933289676121223,0.0004962295306208251,231.33800527552808
1791173160,0.0004962295306208251,0.0005024293596135252,0.0004961408079144419,0.0005024293596135252,12.474982237814938
1791173220,0.0005024293596135252,0.0005035642107915516,0.000496067512981491,0.0005034566493329083,87.57718300550782
1791173280,0.0005034566493329083,0.0005267032969375702,0.0004969473299583393,0.0005204220446035361,1063.2912243389878
1791173340,0.0005204220446035361,0.0005276968162960819,0.0005204220446035361,0.0005276968162960819,75.82865512048531
1791173400,0.0005276968162960819,0.0005293165442502686,0.0005224183214056748,0.0005293165442502686,153.3575277710005
1791173460,0.0005293165442502686,0.0005293165442502686,0.0005026140688887383,0.0005026140688887383,1837.3761298753702
1791173520,0.0005026140688887383,0.000518837784848995,0.0005026140688887383,0.000518837784848995,606.0126349896024
1791173580,0.000518837784848995,0.0005451360672614383,0.000518837784848995,0.0005394199938116745,826.7104215551493
1791173640,0.0005394199938116745,0.0005464443357299424,0.0005388971485543678,0.0005397960944847454,48.551483090296756
1791173700,0.0005397960944847454,0.0005397960944847454,0.0005382960306647864,0.0005382960306647864,35.604784833476025
1791173760,0.0005382960306647864,0.0005386432006949353,0.000538139679502077,0.000538139679502077,7.439553802516926
1791173820,0.000538139679502077,0.0005463613149463052,0.0005380389393248457,0.0005406866724322648,122.12501872250198
1791173880,0.0005406866724322648,0.0005491780992114598,0.0005399144584778473,0.0005417240432012541,128.46216892073704
1791173940,0.0005417240432012541,0.0005487976214523037,0.0005415930228093814,0.0005417245692669227,22.0508054114948
1791174000,0.0005417245692669227,0.0005484400753170055,0.0005343425295459618,0.0005343425295459618,621.9220878847835
1791174060,0.0005343425295459618,0.0005355011530093232,0.0005246793068976532,0.0005308519602635855,363.42534879797296
1791174120,0.0005308519602635855,0.0005308519602635855,0.0005228154608815399,0.0005282137914984671,160.5106188154507
1791174180,0.0005282137914984671,0.0005311495255229617,0.0005219858509588738,0.0005311495255229617,122.09004222694617
1791174240,0.0005311495255229617,0.0005331672786628212,0.0005265621126135098,0.0005265621126135098,76.14344692766409
1791174300,0.0005265621126135098,0.0005416322658329566,0.0005264843568734679,0.0005345376776041272,566.038606387424
1791174360,0.0005345376776041272,0.0005345376776041272,0.0005322217991315851,0.0005322217991315851,75.3495411469243
1791174420,0.0005322217991315851,0.0005400337679588893,0.0005322217991315851,0.0005400337679588893,71.84104108744434
1791174480,0.0005400337679588893,0.0005434849085101942,0.0005338983049721142,0.0005434849085101942,126.65487636820195
1791174540,0.0005434849085101942,0.0005434849085101942,0.0005364384483207675,0.0005364384483207675,11.18235380274233
1791174600,0.0005364384483207675,0.0005447990831271164,0.0005364384483207675,0.0005394970534873769,128.1379108072708
1791174660,0.0005394970534873769,0.0005400142462424734,0.0005236779373208993,0.0005236779373208993,892.9996612849519
1791174720,0.0005236779373208993,0.0005236779373208993,0.0005144096075424405,0.0005208236452860009,119.11693146057705
1791174780,0.0005208236452860009,0.0005208236452860009,0.0005001229752200677,0.0005001229752200677,993.8437469637304
1791174840,0.0005001229752200677,0.0005146523283469104,0.0005001229752200677,0.000511166094873954,877.018021008035
1791174900,0.000511166094873954,0.0005161781881457636,0.0005096871530994578,0.0005161781881457636,49.196432563459695
1791174960,0.0005161781881457636,0.0005161781881457636,0.0005064180093591518,0.0005064180093591518,127.61400322644162
1791175020,0.0005064180093591518,0.0005128611790800098,0.0004950724896544257,0.0005012245884935502,616.7025798512198
1791175080,0.0005012245884935502,0.000502377550646695,0.0004941050639186075,0.0004985058228944567,236.08118105493077
1791175140,0.0004985058228944567,0.0005052504019971595,0.0004985058228944567,0.0004987230399878064,21.444951089887734
1791175200,0.0004987230399878064,0.0004987230399878064,0.00048218765896557327,0.00048218765896557327,1107.1220350944755
1791175260,0.00048218765896557327,0.0004963849862540579,0.000481662652925835,0.0004956836117951402,623.3827105943512
1791175320,0.0004956836117951402,0.0005018341676747902,0.0004952361713221579,0.0005018341676747902,103.83863156674259
1791175380,0.0005018341676747902,0.0005029347911996971,0.0004930278713248937,0.0004968208098486674,30.604900306041614
1791175440,0.0004968208098486674,0.0005034461591222516,0.0004963621144232027,0.0005034461591222516,62.71076977767611
1791175500,0.0005034461591222516,0.0005034461591222516,0.0004977269754943826,0.0004980746472723501,21.48225847559152
1791175560,0.0004980746472723501,0.0005045646849264118,0.0004980746472723501,0.0005045646849264118,13.55827445405273
1791175620,0.0005045646849264118,0.0005049186721770778,0.0004984351340771393,0.0005049186721770778,18.493925044888822
1791175680,0.0005049186721770778,0.0005049186721770778,0.0004982019493963052,0.0004982019493963052,8.766637186246982
1791175740,0.0004982019493963052,0.0005053001681706147,0.0004982019493963052,0.0004987197370742503,61.028085340829875
1791175800,0.0004987197370742503,0.0005044689514227966,0.0004961900429777046,0.0004961900429777046,134.95100246579005
1791175860,0.0004961900429777046,0.0005004835525459887,0.0004938869773227802,0.0005004835525459887,28.58698219445954
1791175920,0.0005004835525459887,0.0005010864670878555,0.0004942319892808858,0.000494237392298454,48.721294345459654
1791175980,0.000494237392298454,0.0005143772923225771,0.0004935681831930079,0.0005143772923225771,638.3370646048651
1791176040,0.0005143772923225771,0.000515281394179579,0.0005082195475912813,0.0005087231046335995,55.02038784382851
1791176100,0.0005087231046335995,0.0005149900762517327,0.0005085921109368479,0.0005149900762517327,11.506827688227945
1791176160,0.0005149900762517327,0.0005149900762517327,0.0005031894944407991,0.0005031894944407991,399.317105422671
1791176220,0.0005031894944407991,0.0005054353661519176,0.0004937749485378857,0.0004937749485378857,431.5616416102748
1791176280,0.0004937749485378857,0.0004959426515815248,0.00048448457543122473,0.0004860116972313427,447.98118138425644
1791176340,0.0004860116972313427,0.0004860116972313427,0.00046594424558969613,0.00046594424558969613,1489.538669374073
1791176400,0.00046594424558969613,0.00047766789604505405,0.00046594424558969613,0.00047170170191227433,348.9049010391881
1791176460,0.00047170170191227433,0.00047170170191227433,0.00047154248071808934,0.00047154248071808934,24.574303389253505
1791176520,0.00047154248071808934,0.0004795718013308411,0.0004707294852652885,0.0004795718013308411,135.61002379649278
1791176580,0.0004795718013308411,0.0004795718013308411,0.0004731733249412052,0.0004794522243381615,11.122951554695339
1791176640,0.0004794522243381615,0.00048124743209612404,0.00047607633297807895,0.00047607633297807895,125.35313549407702
1791176700,0.00047607633297807895,0.00048321978705741415,0.0004530975392571013,0.0004688102091218136,1953.5652779382074
1791176760,0.0004688102091218136,0.0004688102091218136,0.0004628218669991271,0.0004628218669991271,26.840913581765307
1791176820,0.0004628218669991271,0.0004687462254557814,0.00045617814662268763,0.00045617814662268763,564.1807745375176
1791176880,0.00045617814662268763,0.00046320253567066637,0.0004560784525314844,0.00046320253567066637,104.60516003063513
1791176940,0.00046320253567066637,0.00046320253567066637,0.0004523435343438203,0.00045858973810529734,325.15636812224085
1791177000,0.00045858973810529734,0.00046068553481526327,0.0004528685731693519,0.00046068553481526327,147.0642377257804
1791177060,0.00046068553481526327,0.00046109435217608723,0.00045188551110826575,0.00045188551110826575,333.5509807611972
1791177120,0.00045188551110826575,0.00045188551110826575,0.00043976347487568936,0.00043976347487568936,758.522269308179
1791177180,0.00043976347487568936,0.0004474222410141927,0.0004346936060566941,0.00044732195392879726,343.27110603005497
1791177240,0.00044732195392879726,0.00044732195392879726,0.0004414684535444926,0.0004414684535444926,8.929506192778607
1791177300,0.0004414684535444926,0.00045009583006721485,0.000441268233485579,0.00044363122746910415,371.6812043359873
1791177360,0.00044363122746910415,0.00044584309564276375,0.00043639805472525737,0.00043639805472525737,253.42519309027324
1791177420,0.00043639805472525737,0.00045255293625221605,0.00043639805472525737,0.00045255293625221605,797.2719560542579
1791177480,0.00045255293625221605,0.000453747422808619,0.0004454119186928542,0.0004454119186928542,352.4543633302205
1791177540,0.0004454119186928542,0.0004454119186928542,0.00044452457088087194,0.0004447048377563389,38.76981681999595
1791177600,0.0004447048377563389,0.00045002154745374655,0.0004447048377563389,0.00045002154745374655,0.9888837836829912
1791177660,0.00045002154745374655,0.00045002154745374655,0.0004419590954824334,0.0004476030815657075,187.38063344009234
1791177720,0.0004476030815657075,0.0004476030815657075,0.0004415191827546805,0.0004417026491251313,8.019037564499863
1791177780,0.0004417026491251313,0.00047178648803224507,0.000440587585504572,0.00046207661084948987,1310.7650271122372
1791177840,0.00046207661084948987,0.00046216372195893743,0.00046123229678641733,0.00046123229678641733,39.56162112330405
1791177960,0.00046123229678641733,0.00046123229678641733,0.00046073231274365085,0.00046073231274365085,12.778789512063659
1791178020,0.00046073231274365085,0.00046117193946663374,0.00046073231274365085,0.00046117193946663374,6.233819257308377
1791178080,0.00046117193946663374,0.00046698447063058196,0.0004537368490799946,0.0004537368490799946,360.02754662507425
1791178140,0.0004537368490799946,0.0004594020122270074,0.0004494500671557694,0.0004494500671557694,226.83449348810902
1791178200,0.0004494500671557694,0.0004545344151446391,0.00044582457176873646,0.00044582457176873646,310.39385434130196
1791178260,0.00044582457176873646,0.0004491677307900398,0.000442236255666038,0.0004491677307900398,132.5044400355545
1791178320,0.0004491677307900398,0.0004525539760269656,0.000443570347923699,0.00044647866874833746,374.0243450067343
1791178380,0.00044647866874833746,0.0004521987074083965,0.0004396442468536018,0.0004396442468536018,323.7853332359428
1791178440,0.0004396442468536018,0.00044939403291037195,0.0004396442468536018,0.0004422970028564056,323.9426052207685
1791178500,0.0004422970028564056,0.0004484753679158728,0.0004412011694870985,0.00044279223052214815,99.44292742690779
1791178560,0.00044279223052214815,0.0004546293527533489,0.00044279223052214815,0.0004546293527533489,269.1194310278436
1791178620,0.0004546293527533489,0.00045485002261537677,0.0004490825482165531,0.0004490825482165531,33.8974088876308
1791178680,0.0004490825482165531,0.00044927494508890535,0.0004490825482165531,0.00044927494508890535,7.725545199791817
1791178740,0.00044927494508890535,0.0004545146141029215,0.00044927494508890535,0.0004545146141029215,0.991063657330905
1791178800,0.0004545146141029215,0.00045516908502884546,0.00044585094290003124,0.00044585094290003124,227.9036504695846
1791178860,0.00044585094290003124,0.00045068835137525125,0.00044585094290003124,0.00045068835137525125,0.9913270876783854
1791178920,0.00045068835137525125,0.0004513180930971857,0.00045068077156063056,0.0004513180930971857,36.77469946267199
1791178980,0.0004513180930971857,0.0004513180930971857,0.000442855400780554,0.000442855400780554,229.70272287767096
1791179040,0.000442855400780554,0.000442855400780554,0.00037287319291702764,0.00039744411072812746,6229.579833923561
1791179100,0.00039744411072812746,0.00040013417692231503,0.00038583930643776353,0.00038583930643776353,816.2958003974792
1791179160,0.00038583930643776353,0.00039323312973420823,0.00038561073178334257,0.00039323312973420823,207.4501696482815
1791179220,0.00039323312973420823,0.0003937819683906606,0.00038429709200027195,0.0003856820703066836,852.5718808296587
1791179280,0.0003856820703066836,0.0003909382385031308,0.0003851387090671586,0.0003851387090671586,191.79727708583405
1791179340,0.0003851387090671586,0.0003909511864540092,0.00038450053464858584,0.00038998492547598,376.4235913898398
1791179400,0.00038998492547598,0.0003916164372601348,0.0003849174897093758,0.0003864346818628902,252.22556826668895
1791179460,0.0003864346818628902,0.0003934485157271781,0.0003850678767757186,0.00039018729584415295,262.9943712541748
1791179520,0.00039018729584415295,0.00039085224360135113,0.00038472470843867553,0.0003888539303690075,270.3814338061637
1791179580,0.0003888539303690075,0.0003888539303690075,0.0003696063340791806,0.0003704374086517697,1007.618035083718
1791179640,0.0003704374086517697,0.00037494139284435937,0.00036939446312383664,0.00037494139284435937,86.32100559128651
1791179700,0.00037494139284435937,0.0003756745126939004,0.00036945918496260967,0.00037317967089919114,125.63327061989096
1791179760,0.00037317967089919114,0.00037317967089919114,0.00035872694621106883,0.0003598404422442501,689.809115613485
1791179820,0.0003598404422442501,0.0003687813397129162,0.0003557587108193783,0.0003639972301261394,860.2200068738147
1791179880,0.0003639972301261394,0.00036899457971612193,0.0003593285014334623,0.00036223867958293997,328.7650382476354
1791179940,0.00036223867958293997,0.0003629051597150897,0.00035748826313596884,0.0003629051597150897,27.354799472014374
1791180000,0.0003629051597150897,0.0003661067769342496,0.00035918033613075654,0.0003661067769342496,392.7029864797155
1791180060,0.0003661067769342496,0.0003661067769342496,0.00035351888993859004,0.00035712411516794664,731.6298530593873
1791180120,0.00035712411516794664,0.0003593667233179424,0.0003545520329080179,0.0003545520329080179,128.27526096540393
1791180180,0.0003545520329080179,0.0003545520329080179,0.00034080645770094364,0.000348479579112624,877.691630683885
1791180240,0.000348479579112624,0.000348479579112624,0.00027806464754858193,0.0003119969331312565,9998.617941226263
1791180300,0.0003119969331312565,0.00032622760922497803,0.00030951675220457263,0.0003144488604769587,1256.739433795887
1791180360,0.0003144488604769587,0.0003231400437354974,0.0003041529462499513,0.0003231400437354974,2195.7756050166813
1791180420,0.0003231400437354974,0.0003261568849908048,0.0003199149036187727,0.00031993107313938753,466.85477435046255
1791180480,0.00031993107313938753,0.0003214120065969054,0.0003032158369091903,0.00031204196980390715,2176.1960286885155
1791180540,0.00031204196980390715,0.00031263325898047957,0.0003054345445967413,0.0003094643925619072,397.88095026381507
1791180600,0.0003094643925619072,0.00031912926660439023,0.00030094287685899937,0.0003188826385476432,1331.6863572934892
1791180660,0.0003188826385476432,0.00033072413795913876,0.0003018686428095575,0.0003044187835995055,3593.807720325107
1791180720,0.0003044187835995055,0.0003069488087646958,0.00029968722585075935,0.00029968722585075935,576.2102959550724
1791180780,0.00029968722585075935,0.000309086800601384,0.00029968722585075935,0.000309086800601384,134.40650062251484
1791180840,0.000309086800601384,0.00032159872121526257,0.000306741678056088,0.0003186252398033895,771.609112102419
1791180900,0.0003186252398033895,0.0003207920013547092,0.0002935294340036931,0.0003064547026321041,1890.1641863656428
1791180960,0.0003064547026321041,0.0003064547026321041,0.0002900260599387041,0.0002931411455920414,1328.116944261473
1791181020,0.0002931411455920414,0.00029717273407081396,0.00029262587137188917,0.0002964407281715157,60.752400486561115
1791181080,0.0002964407281715157,0.0003122113280735525,0.00029198588044476536,0.00030948830284022253,1951.0665905241592
1791181140,0.00030948830284022253,0.00031486413716833137,0.00030948830284022253,0.00031124895186061054,215.23480956857173
1791181200,0.00031124895186061054,0.00031145952928686443,0.0003064781153349408,0.0003064781153349408,238.79940908028536
1791181260,0.0003064781153349408,0.00032248419250703917,0.00030556774523177323,0.00031438226537746836,607.5714292145501
1791181320,0.00031438226537746836,0.00031976892574089297,0.00031438226537746836,0.00031976892574089297,168.0348720503122
1791181380,0.00031976892574089297,0.0003426533064850208,0.0003165848006715457,0.0003371283154139073,3928.580449953164
1791181440,0.0003371283154139073,0.0003371283154139073,0.000326933880566505,0.000326933880566505,567.3074034945785
1791181560,0.000326933880566505,0.0003311697614443544,0.0003264198781676787,0.0003264198781676787,99.46678482764712
1791181620,0.0003264198781676787,0.00033036511542794937,0.00032501354468954355,0.0003293963149974317,68.99936661678613
1791181680,0.0003293963149974317,0.00033024549158947817,0.0003255542051817831,0.00032971320014071865,64.75792462748545
1791181740,0.00032971320014071865,0.00034312479458454653,0.0003214893588376027,0.0003426616603131174,1722.985196893782
1791181800,0.0003426616603131174,0.00036429742727279464,0.0003426616603131174,0.00035566567940656423,1106.2937063284792
1791181860,0.00035566567940656423,0.0003603915298262165,0.0003518234629855467,0.00035186497556039057,311.61583518161444
1791181920,0.00035186497556039057,0.00035196966316312765,0.00033614794494057497,0.00033614794494057497,1430.5446996046992
1791181980,0.00033614794494057497,0.00034969494962777724,0.00033189916335917116,0.00034572778205485186,952.1506774674447
1791182040,0.00034572778205485186,0.00035973303952207495,0.00034572778205485186,0.00035973303952207495,746.6835845167411
1791182100,0.00035973303952207495,0.00035973303952207495,0.00035256638067470894,0.00035256638067470894,347.2394640609771
1791182160,0.00035256638067470894,0.00035256638067470894,0.00033981624268349656,0.00033981624268349656,652.2581487490331
1791182220,0.00033981624268349656,0.00034926484171201764,0.0003391386679180618,0.00034926484171201764,341.27701218777287
1791182280,0.00034926484171201764,0.0003545908850211398,0.00034476188722341194,0.0003545908850211398,758.1853392181328
1791182340,0.0003545908850211398,0.0003579501043648634,0.00035344859851543575,0.0003579501043648634,58.16739852370779
1791182400,0.0003579501043648634,0.0003579501043648634,0.00034881820983954817,0.0003542492026643707,359.888622387527
1791182460,0.0003542492026643707,0.0003542492026643707,0.0003303473238213826,0.00033109535538902843,2046.1914522183922
1791182520,0.00033109535538902843,0.00033812067447757174,0.00033109535538902843,0.00033812067447757174,186.09537053756964
1791182580,0.00033812067447757174,0.0003442636353552768,0.00033337300967965636,0.0003412526667693826,615.0625286507989
1791182640,0.0003412526667693826,0.0003412526667693826,0.0003367972526950908,0.0003367972526950908,241.64128724299462
1791182700,0.0003367972526950908,0.0003406573625168099,0.00033278824140986463,0.00033278824140986463,235.55984768391616
1791182760,0.00033278824140986463,0.00033641378390389224,0.00032972062792221166,0.00032972062792221166,183.8283763628876
1791182820,0.00032972062792221166,0.00032972062792221166,0.0003282859932105104,0.00032881914659780475,51.34432657347212
1791182880,0.00032881914659780475,0.00032881914659780475,0.0003186745489435765,0.00032456210710984495,881.929246373801
1791182940,0.00032456210710984495,0.0003247419616863685,0.00032079287203515494,0.00032079287203515494,40.211917746130645
1791183000,0.00032079287203515494,0.00032496760186663206,0.0003203826435417858,0.00032060693627255094,63.10706728430142
1791183060,0.00032060693627255094,0.00032348519095607646,0.00031925048009806204,0.00031930920465725906,70.46457770002272
1791183120,0.00031930920465725906,0.00031930920465725906,0.0003119268713055985,0.00031608348034463076,393.4246893311929
1791183180,0.00031608348034463076,0.0003239985960479857,0.00030904875185622477,0.0003116915566316694,2208.7663205697922
1791183240,0.0003116915566316694,0.0003163381946851573,0.00031123268836598253,0.0003154739147916002,148.76222506574237
1791183300,0.0003154739147916002,0.0003154739147916002,0.0003113117378271425,0.0003113117378271425,7.056292572012293
1791183360,0.0003113117378271425,0.0003162417390934055,0.0003113117378271425,0.00031162106635972906,118.17671490425724
1791183420,0.00031162106635972906,0.00032469349533710415,0.00031162106635972906,0.00032357148135049585,563.3534309077187
1791183480,0.00032357148135049585,0.00033713792152760156,0.00032357148135049585,0.0003339363896460454,1045.4129686622186
1791183540,0.0003339363896460454,0.0003339363896460454,0.00031636282164871694,0.0003185616740851594,1890.865099983794
1791183600,0.0003185616740851594,0.0003185616740851594,0.0003135163441435559,0.0003135163441435559,58.472495576615565
1791183660,0.0003135163441435559,0.0003163841854324141,0.0003049678538420568,0.0003049678538420568,722.326014148594
1791183720,0.0003049678538420568,0.0003146401086762477,0.00030077069542983417,0.0003109366046234147,594.5699755515486
1791183780,0.0003109366046234147,0.0003185492964562783,0.0003109366046234147,0.00031756548536952686,378.52383182354936
1791183840,0.00031756548536952686,0.0003219024561636785,0.00031738700956815993,0.00031757773239269547,34.269596408848734
1791183900,0.00031757773239269547,0.0003294240879495724,0.0003174566188141161,0.0003254999939918467,490.88276278174607
1791183960,0.0003254999939918467,0.00032944925165946995,0.00032452706330624183,0.00032452706330624183,10.286157129380646
1791184020,0.00032452706330624183,0.00033097244743215476,0.00032452706330624183,0.0003304648069272884,116.02381066660871
1791184080,0.0003304648069272884,0.0003304648069272884,0.000327079230769005,0.000327079230769005,9.243463514308718
1791184140,0.000327079230769005,0.00033163470956327384,0.0003263293286703063,0.0003263293286703063,78.72784746619291
1791184200,0.0003263293286703063,0.0003263293286703063,0.00032370878601255444,0.0003243171776153122,168.22757049702474
1791184260,0.0003243171776153122,0.0003276111578085641,0.00032147927965168896,0.00032147927965168896,98.90981969032791
1791184320,0.00032147927965168896,0.00032550248027577675,0.00032113641336339074,0.0003251952446052101,54.65065871471138
1791184380,0.0003251952446052101,0.0003251952446052101,0.00031542987910708627,0.00031542987910708627,444.9327056295845
1791184440,0.00031542987910708627,0.00032459590969414695,0.00030941089633602746,0.00031537141461131696,1840.0079758954269
1791184500,0.00031537141461131696,0.00031831873795315686,0.00031178961545584203,0.000315107260528611,246.8415196898005
1791184560,0.000315107260528611,0.00032204920270698263,0.000315107260528611,0.00031834232124638463,178.5819688902916
1791184620,0.00031834232124638463,0.0003184759058127519,0.0003122318938867168,0.0003122318938867168,327.5790302328026
1791184680,0.0003122318938867168,0.0003122318938867168,0.000309869821748217,0.000309869821748217,99.8936577042019
1791184740,0.000309869821748217,0.0003145918110742266,0.000309869821748217,0.0003145918110742266,50.02888588734149
1791184800,0.0003145918110742266,0.00032129210704305366,0.0003106654059919176,0.00032129210704305366,697.5355600835566
1791184860,0.00032129210704305366,0.0003234362110312513,0.00031980289999332975,0.00031980289999332975,148.66066302039732
1791184920,0.00031980289999332975,0.0003216195197535357,0.00031029310966397696,0.0003216195197535357,1127.3929333410058
1791184980,0.0003216195197535357,0.0003216195197535357,0.0003154781077252873,0.0003154781077252873,111.24578169071329
1791185040,0.0003154781077252873,0.00032714746379883627,0.0003154781077252873,0.0003255311171287741,519.782765691261
1791185100,0.0003255311171287741,0.0003255311171287741,0.00032547293313002533,0.00032547293313002533,6.541955145357499
1791185160,0.00032547293313002533,0.00033263485933267436,0.00032547293313002533,0.0003293923990335977,376.0350679767567
1791185220,0.0003293923990335977,0.0003343479614157903,0.0003293923990335977,0.000334221394390582,41.084265322913396
1791185280,0.000334221394390582,0.00033443239848778147,0.00032765106723652823,0.00033185699474846497,315.0529417381101
1791185340,0.00033185699474846497,0.00033230741929766213,0.0003218283761658297,0.0003273072498672902,684.5556184217315
1791185400,0.0003273072498672902,0.0003354188614453796,0.0003241082602927356,0.00033514936774321725,388.8368814209316
1791185460,0.00033514936774321725,0.00033655739227229995,0.0003321343556369994,0.00033655739227229995,77.91367613225589
1791185520,0.00033655739227229995,0.0003371966247609753,0.0003322912990163032,0.0003325503928806237,38.89809383461069
1791185580,0.0003325503928806237,0.00033701914748703857,0.0003325503928806237,0.00033272027442831774,25.703220722020514
1791185640,0.00033272027442831774,0.0003358095891070678,0.00033187427528123033,0.0003358095891070678,87.80102618937066
1791185700,0.0003358095891070678,0.0003358095891070678,0.000326981180149579,0.0003331775132898196,409.41038990256936
1791185760,0.0003331775132898196,0.000334743878133862,0.00032945631876189855,0.000334743878133862,116.77565668292637
1791185820,0.000334743878133862,0.00033889229741112766,0.000334743878133862,0.00033707412085221824,429.2054424513111
1791185880,0.00033707412085221824,0.00033707412085221824,0.0003328527034362052,0.0003328527034362052,191.81732732159554
1791185940,0.0003328527034362052,0.0003328527034362052,0.0003327256192473338,0.0003327256192473338,8.191776647063751
1791186000,0.0003327256192473338,0.0003327256192473338,0.00033008718104517734,0.00033008718104517734,134.52338140999436
1791186060,0.00033008718104517734,0.0003339372394864426,0.000329197450705583,0.0003339372394864426,81.87344680826014
1791186120,0.0003339372394864426,0.0003339372394864426,0.00032942063784863857,0.0003336824487523842,22.195373877832296
1791186180,0.0003336824487523842,0.0003354659453120728,0.0003295446965794456,0.0003354659453120728,131.65490241818824
1791186240,0.0003354659453120728,0.0003400019888896609,0.0003354659453120728,0.0003393570033855358,395.41312447153416
1791186300,0.0003393570033855358,0.0003436415195366317,0.00033920115996508834,0.0003436415195366317,15.56140855467649
1791186360,0.0003436415195366317,0.0003436415195366317,0.0003372635537615483,0.0003372635537615483,88.3727621281411
1791186420,0.0003372635537615483,0.0003372718041683497,0.00033713568783229293,0.00033713568783229293,15.154755739089673
1791186480,0.00033713568783229293,0.00034215097002348883,0.00033644016458251935,0.0003388069352079081,192.6287773499737
1791186540,0.0003388069352079081,0.0003428858891469971,0.00033836048906875024,0.0003428858891469971,93.89142996887449
1791186600,0.0003428858891469971,0.000354372171245338,0.00034087940068219113,0.00034087940068219113,1559.2797775264605
1791186660,0.00034087940068219113,0.0003505160712962047,0.00034047405266015446,0.00035039467102858564,516.1095858654282
1791186720,0.00035039467102858564,0.00035039467102858564,0.0003497570970888615,0.0003497570970888615,25.311105946061907
1791186780,0.0003497570970888615,0.0003497570970888615,0.00032218713780303134,0.0003225372847644716,1920.524538523969
1791186840,0.0003225372847644716,0.0003225372847644716,0.00032249938618387027,0.00032249938618387027,1.6331992165764955
1791186900,0.00032249938618387027,0.00032249938618387027,0.00031923476209625963,0.00031923476209625963,294.56382142669486
1791186960,0.00031923476209625963,0.00031923476209625963,0.0003145200042939737,0.0003145200042939737,171.50875164552642
1791187020,0.0003145200042939737,0.00032024327759770606,0.00030948579446238387,0.00032024327759770606,529.341166365864
1791187080,0.00032024327759770606,0.0003219074112191491,0.0003155087286855136,0.0003165108057364211,633.7151268344838
1791187140,0.0003165108057364211,0.00031717385664083397,0.0003128816399149652,0.00031296160695530584,23.784645563128088
1791187200,0.00031296160695530584,0.00031296160695530584,0.0003034400087844231,0.0003043821780661127,523.0093189759347
1791187260,0.0003043821780661127,0.0003085688933047928,0.0003043821780661127,0.0003046846386916345,29.429953453063092
1791187320,0.0003046846386916345,0.00030863915648787657,0.00030401883516787987,0.00030401883516787987,68.3957874961099
1791187380,0.00030401883516787987,0.0003154949675215674,0.0003036838286255668,0.0003154949675215674,410.12068701272904
1791187440,0.0003154949675215674,0.000317972793614841,0.000312437701091926,0.000317972793614841,344.1703355939019
1791187500,0.000317972793614841,0.00032299640038786054,0.0003160469212806945,0.0003215019899894475,546.2105439658242
1791187560,0.0003215019899894475,0.0003294397436687442,0.0003215019899894475,0.00032538349942804726,210.82470906855866
1791187620,0.00032538349942804726,0.0003298122554617596,0.00032538349942804726,0.0003257181408735232,20.277111149195598
1791187680,0.0003257181408735232,0.0003257181408735232,0.00032555649161120835,0.00032555649161120835,19.23384145910311
1791187740,0.00032555649161120835,0.00032555649161120835,0.00032514169405482895,0.00032514169405482895,7.691852352879129
1791187800,0.00032514169405482895,0.00032514169405482895,0.00032509436124651583,0.00032509436124651583,6.04144843942882
1791187860,0.00032509436124651583,0.00032530177999697164,0.00032418505389201596,0.00032418505389201596,106.79223662470737
1791187920,0.00032418505389201596,0.0003278699289107656,0.00032350331297517626,0.0003278699289107656,36.192616800391825
1791187980,0.0003278699289107656,0.0003281750921254677,0.00032313745341313807,0.0003281750921254677,154.27960326107214
1791188040,0.0003281750921254677,0.0003281750921254677,0.00032482578896561495,0.00032482578896561495,15.799421166106805
1791188100,0.00032482578896561495,0.00032482578896561495,0.00032378531737984657,0.00032378531737984657,28.937906775193138
1791188160,0.00032378531737984657,0.00032378531737984657,0.00032349423656770717,0.00032349423656770717,33.67680544239473
1791188220,0.00032349423656770717,0.000327395529538221,0.00032288699467858986,0.0003234533674605136,40.87215579470572
1791188280,0.0003234533674605136,0.0003298204806367444,0.0003234533674605136,0.00032512455563468967,162.77660262027217
1791188340,0.00032512455563468967,0.00032934418886515623,0.00032439451253111644,0.00032934418886515623,61.64687516796597
1791188400,0.00032934418886515623,0.0003296128109018002,0.00032432363548988923,0.0003296128109018002,214.44360113182648
1791188460,0.0003296128109018002,0.00032978060079227395,0.0003235695365536703,0.0003278026733516078,115.05369142301488
1791188520,0.0003278026733516078,0.0003278026733516078,0.00032338997703769157,0.0003272362392328279,41.786254803464544
1791188580,0.0003272362392328279,0.00033394050491947046,0.0003229367073172113,0.00033394050491947046,351.56456057329615
1791188640,0.00033394050491947046,0.00033394050491947046,0.00032874234807702866,0.0003338726776949477,273.60028623047424
1791188700,0.0003338726776949477,0.0003338726776949477,0.00032945233725527795,0.00032945233725527795,15.692966236003866
1791188760,0.00032945233725527795,0.000329515225056245,0.0003293593879066846,0.0003294293027546391,9.606878999627664
1791188820,0.0003294293027546391,0.0003335851824968427,0.0003294293027546391,0.00032945322823188533,17.32900777145173
1791188880,0.00032945322823188533,0.00032945322823188533,0.0003292603818498604,0.0003292603818498604,5.963859862030306
1791188940,0.0003292603818498604,0.00033398556266920693,0.00027994381301362187,0.00030424887787632466,5405.624662567992
1791189000,0.00030424887787632466,0.00030883997121385537,0.00030421598006175645,0.00030443151754600467,22.6978991833235
1791189060,0.00030443151754600467,0.0003087385753880512,0.0002849390523287796,0.0002932706254756688,2470.8553854146803
1791189120,0.0002932706254756688,0.0002970825461097684,0.00024177787610852458,0.0002622837867287976,7287.821156761252
1791189180,0.0002622837867287976,0.00026444831576529474,0.00025452946617253593,0.0002583241136001199,713.7923911381657
1791189240,0.0002583241136001199,0.0002711856466704523,0.0002561914688036273,0.0002687142530493403,1998.094141859039
1791189300,0.0002687142530493403,0.0002721803053124403,0.00026729490037737526,0.0002721803053124403,113.69210952308471
1791189360,0.0002721803053124403,0.0002755425428190902,0.0002684213331711034,0.0002713931434918397,392.9700582809815
1791189420,0.0002713931434918397,0.0002888986409956525,0.00026905380020793025,0.00027944764375950913,2438.1855241350295
1791189480,0.00027944764375950913,0.0002798671725836054,0.00027576803096744743,0.00027607606303432753,84.86531320682415
1791189540,0.00027607606303432753,0.0002920075403282491,0.0002756888457232511,0.0002920075403282491,1067.8251658893444
1791189600,0.0002920075403282491,0.00029295264608513523,0.00028849614930556017,0.00028849614930556017,79.14037140244666
1791189660,0.00028849614930556017,0.00028849614930556017,0.00028088200927757056,0.00028088200927757056,613.98187134866
1791189720,0.00028088200927757056,0.00028088200927757056,0.0002730453717565946,0.0002768368782862844,257.13384760721294
1791189780,0.0002768368782862844,0.0002784800828024681,0.0002740327772164093,0.00027492831938785137,139.06287030832456
1791189840,0.00027492831938785137,0.00027908788926478753,0.00027492831938785137,0.0002752978206397348,55.85270048176345
1791189900,0.0002752978206397348,0.00027899031354298596,0.0002632919892490278,0.0002677857285281095,1543.0141125563166
1791189960,0.0002677857285281095,0.0002685376983405095,0.0002641498381013291,0.0002685376983405095,153.14432584833887
1791190020,0.0002685376983405095,0.0002707306623755284,0.00026482502525498414,0.0002696487297425953,346.7168813354657
1791190080,0.0002696487297425953,0.00027358912578643213,0.00026803511624266455,0.00027358912578643213,330.4541112337972
1791190140,0.00027358912578643213,0.00027358912578643213,0.00026585482324001863,0.00026617144442462275,69.90585365547561
1791190200,0.00026617144442462275,0.0002703345624028141,0.00026450028427039995,0.0002703345624028141,346.015270291932
1791190260,0.0002703345624028141,0.0002703345624028141,0.00026042295786897084,0.0002666354163437706,693.6684430918763
1791190320,0.0002666354163437706,0.00026753712401500663,0.00026300981302204257,0.0002668104752109084,78.35274245783101
1791190380,0.0002668104752109084,0.00026690789776350713,0.0002631577281229267,0.00026676528683217707,53.420260772312645
1791190440,0.00026676528683217707,0.0002729634025612633,0.0002629127573090938,0.00026959876412565946,397.9245807325353
1791190500,0.00026959876412565946,0.00027800802210335154,0.00026959876412565946,0.00027418488265537096,712.3767464674268
1791190560,0.00027418488265537096,0.00027418488265537096,0.0002739373207147841,0.00027412294775006063,20.353115532409515
1791190620,0.00027412294775006063,0.00027412294775006063,0.0002668136445779519,0.0002668136445779519,393.18772177029496
1791190680,0.0002668136445779519,0.0002706865069151647,0.0002642450258167124,0.0002642450258167124,262.090259961294
1791190740,0.0002642450258167124,0.00026690632963831986,0.00026177395439273333,0.00026177395439273333,285.14816613835364
1791190800,0.00026177395439273333,0.00026577953127445347,0.0002605331075926887,0.00026161009906737394,155.51569585228484
1791190860,0.00026161009906737394,0.0002711955832963592,0.00026030334312121,0.0002675688797885837,536.3319380413146
1791190920,0.0002675688797885837,0.0002681251760912744,0.0002604633015784176,0.0002604633015784176,583.3950140299098
1791190980,0.0002604633015784176,0.0002639273812612844,0.00024260200817195082,0.0002458120887725072,2635.230906731689
1791191040,0.0002458120887725072,0.0002459580326287764,0.00023898070392120813,0.00024388115190179696,634.784029759454
1791191100,0.00024388115190179696,0.00024887380395814256,0.0002438448824395549,0.00024887380395814256,211.87160823474187
1791191160,0.00024887380395814256,0.0002510483473502022,0.0002466958067478996,0.0002486766055929074,147.74916006938327
1791191220,0.0002486766055929074,0.0002486766055929074,0.0002241051176961218,0.00022770443228456477,3106.122810806278
1791191280,0.00022770443228456477,0.00023131390856880916,0.00022258031449619718,0.00022408953108769508,1198.2879829839258
1791191340,0.00022408953108769508,0.00022724829415222386,0.00021951812318923549,0.00022143827522385742,1335.2080750373223
1791191400,0.00022143827522385742,0.00022215296910463694,0.00020763702028486525,0.00021002037742938928,1455.8299512555423
1791191460,0.00021002037742938928,0.00021604248460998168,0.00021002037742938928,0.00021523962615441086,1052.2023522279353
1791191520,0.00021523962615441086,0.00021621687173695945,0.00020498261855966105,0.0002075238283124139,1380.8097007775325
1791191580,0.0002075238283124139,0.00021807493476398053,0.0002075238283124139,0.00021637803629286168,734.9633407410712
1791191640,0.00021637803629286168,0.00022279553310520622,0.0002155248198637509,0.00022136451374853513,692.1780902074171
1791191700,0.00022136451374853513,0.00022382831632384778,0.0002191891868199919,0.00022028897143505958,169.05566011782201
1791191760,0.00022028897143505958,0.00022175013894568902,0.00021585410520508867,0.00021585410520508867,605.5031607863524
1791191820,0.00021585410520508867,0.00022048159683186352,0.00021496330124954032,0.00021792577631135203,349.9742983500785
1791191880,0.00021792577631135203,0.00021976029935098104,0.00021547041081382493,0.00021589647123735847,269.24063195944575
1791191940,0.00021589647123735847,0.0002200558083905322,0.00021579122575912372,0.00021976349385352447,178.815419303243
1791192000,0.00021976349385352447,0.0002203136472609398,0.00021696337127671229,0.00022025379543522,101.36608017003871
1791192060,0.00022025379543522,0.00022025379543522,0.00021257806020929536,0.00021257806020929536,546.4278654585503
1791192120,0.00021257806020929536,0.0002148762448228944,0.00020959608959664728,0.00020959608959664728,417.45826268076917
1791192180,0.00020959608959664728,0.00021293579955914977,0.0002088781075586026,0.00021018078026704002,196.3666952435942
1791192240,0.00021018078026704002,0.00021511206168845894,0.00020984039052547829,0.00021400903035860295,291.55040034830853
1791192300,0.00021400903035860295,0.00021984278731335035,0.0002107738421377277,0.0002174877874840874,862.9915225145354
1791192360,0.0002174877874840874,0.00021974674789996857,0.00021650044314124384,0.00021702045327638074,78.42097062580208
1791192420,0.00021702045327638074,0.00022042609142718691,0.0002167958752473945,0.00022042609142718691,120.63133119799059
1791192480,0.00022042609142718691,0.00022231006257742046,0.00021883260836879316,0.00022126134596428125,187.58796678081336
1791192540,0.00022126134596428125,0.00022167518071952838,0.0002181918581331481,0.0002182684391009724,191.74565298481193
1791192600,0.0002182684391009724,0.000221534695233127,0.0002182208113349926,0.000221534695233127,41.20138460371501
1791192660,0.000221534695233127,0.0002217504324068626,0.00021847436439822885,0.0002217504324068626,40.79976379038373
1791192720,0.0002217504324068626,0.00022198300047115334,0.0002172213797037669,0.0002172213797037669,264.3197220477575
1791192780,0.0002172213797037669,0.00021942178401068366,0.00020795129483378578,0.00020827453110376835,765.0534175071463
1791192840,0.00020827453110376835,0.00020827453110376835,0.00020275176766556033,0.00020275176766556033,708.8105026798593
1791192900,0.00020275176766556033,0.0002075164905690945,0.00020228092713460172,0.00020608731988144632,582.3084126734926
1791192960,0.00020608731988144632,0.00020717193761527058,0.00020219734923624262,0.00020456521502395977,619.4358451542242
1791193020,0.00020456521502395977,0.0002086548335437209,0.00020345595905606106,0.0002086548335437209,314.34200059725725
1791193080,0.0002086548335437209,0.00020980809528872677,0.00020311485118281852,0.00020942279862502038,197.53579829285042
1791193140,0.00020942279862502038,0.0002099579301431055,0.00020465657310012907,0.00020465657310012907,427.02002085309215
1791193200,0.00020465657310012907,0.00021201530767483377,0.00020465657310012907,0.00021201530767483377,325.3678867332552
1791193260,0.00021201530767483377,0.00021250431604203154,0.00020895527311435747,0.00020960975456004466,123.45673844714814
1791193320,0.00020960975456004466,0.00021654205965137573,0.00020935151501189338,0.000215727175963319,456.2989942065125
1791193380,0.000215727175963319,0.00021786685908966759,0.00021050304799376083,0.00021050304799376083,417.08357166423474
1791193440,0.00021050304799376083,0.00021327842617774973,0.00021000437115493574,0.00021258958648662511,46.434542077611354
1791193500,0.00021258958648662511,0.00021271296005579858,0.0002090601864975424,0.0002090601864975424,53.576064885612695
1791193560,0.0002090601864975424,0.00021260843195498522,0.0002090052370822069,0.00021260843195498522,101.42053037075186
1791193620,0.00021260843195498522,0.00021311709875731596,0.00021020084233245638,0.00021020084233245638,14.8729486596665
1791193680,0.00021020084233245638,0.0002169043815229437,0.00020798077586298743,0.0002169043815229437,856.5308172305897
1791193740,0.0002169043815229437,0.00022573713457624004,0.00021492486612891665,0.00022543200849175067,1001.6221961764006
1791193800,0.00022543200849175067,0.00022543200849175067,0.00022080841743172676,0.00022419813796481868,231.60845670865177
1791193860,0.00022419813796481868,0.00022725871370367072,0.000220912381784207,0.00022725871370367072,263.1529883420325
1791193920,0.00022725871370367072,0.00022735054552047265,0.0002218815330729956,0.0002218815330729956,266.878243622189
1791193980,0.0002218815330729956,0.00022315233057951676,0.00021429058122565366,0.00021429058122565366,702.3160438469478
1791194040,0.00021429058122565366,0.00021429058122565366,0.00021058246875100262,0.00021058246875100262,73.56488719112983
1791194100,0.00021058246875100262,0.00021619552753808247,0.00021058246875100262,0.0002151315957505927,304.8170231344957
1791194160,0.0002151315957505927,0.0002183724522724397,0.0002151315957505927,0.0002183724522724397,39.282639499845665
1791194220,0.0002183724522724397,0.000218557278843558,0.00021253575883307653,0.00021253575883307653,209.24618875153558
1791194280,0.00021253575883307653,0.00021592049629237257,0.00021192083823958182,0.00021592049629237257,158.31466985113977
1791194340,0.00021592049629237257,0.00021691694278144676,0.00021393860143636571,0.00021688991910102272,18.66390278011673
1791194400,0.00021688991910102272,0.0002285516160217548,0.00021688991910102272,0.00022573463403951032,734.3151917180626
1791194460,0.00022573463403951032,0.00023093105143371032,0.00022573463403951032,0.00022862265252447276,413.26290556656795
1791194520,0.00022862265252447276,0.00022869898287652347,0.00022783469846372243,0.00022783469846372243,88.41479063211493
1791194580,0.00022783469846372243,0.00022783469846372243,0.0002207423870160018,0.0002236866903433427,581.4703371513626
1791194640,0.0002236866903433427,0.00022928052814372827,0.00022323316003644165,0.0002259503398406788,289.15976900026646
1791194700,0.0002259503398406788,0.00022935497905770717,0.00022514499848923672,0.00022514499848923672,203.58800044034632
1791194760,0.00022514499848923672,0.00022514499848923672,0.00022175075595043362,0.00022480087765859572,256.89418171809297
1791194820,0.00022480087765859572,0.00022482877506725893,0.00022156358587033446,0.0002244661083349317,89.15047314681831
1791194880,0.0002244661083349317,0.0002244661083349317,0.0002169515914232172,0.0002184810655356636,579.5811354644989
1791194940,0.0002184810655356636,0.00021887695319034784,0.0002149797563675454,0.0002149797563675454,136.51976329025888
1791195000,0.0002149797563675454,0.0002170226972206987,0.0002128189421979844,0.0002128189421979844,95.71131740782053
1791195060,0.0002128189421979844,0.00021654721701785167,0.00021278948082632416,0.00021654721701785167,62.06492985269922
1791195120,0.00021654721701785167,0.00021654721701785167,0.00021296934193289644,0.00021589031333163884,52.18357297077547
1791195180,0.00021589031333163884,0.00021605240319741756,0.00021230756577483165,0.00021230756577483165,115.27274177302759
1791195240,0.00021230756577483165,0.00021230756577483165,0.0002116513085820104,0.0002116513085820104,11.611975709751093
1791195300,0.0002116513085820104,0.00021482285144319341,0.00020957565821093615,0.00021482285144319341,356.165262338592
1791195360,0.00021482285144319341,0.00021482285144319341,0.00021160024560199425,0.00021160024560199425,44.174723021464764
1791195420,0.00021160024560199425,0.00021160024560199425,0.0002114283448584289,0.0002114283448584289,3.330427102182998
1791195480,0.0002114283448584289,0.00021719198556250678,0.00021141637416251135,0.00021719198556250678,225.0016523268215
1791195540,0.00021719198556250678,0.00021719198556250678,0.00021079349854937672,0.00021079349854937672,265.359944056091
1791195600,0.00021079349854937672,0.0002144509160574011,0.00021079349854937672,0.00021095796151109094,216.39445820607136
1791195660,0.00021095796151109094,0.00021446318971762222,0.00021095796151109094,0.00021145352001257053,179.6179168611785
1791195720,0.00021145352001257053,0.00021353824450429207,0.00020746231683576487,0.00020746231683576487,429.58094190013674
1791195780,0.00020746231683576487,0.00020819750660785598,0.00020510484657844171,0.00020533968992104441,102.65336115384318
1791195840,0.00020533968992104441,0.0002084213350759132,0.00020502067300181583,0.0002084213350759132,60.59451770945933
1791195900,0.0002084213350759132,0.0002084213350759132,0.00020483047950303656,0.0002049417210211878,48.37985338860768
1791195960,0.0002049417210211878,0.00020609447715476493,0.00019842666228587832,0.00020279944536075753,1098.4856574727628
1791196020,0.00020279944536075753,0.00020853359250817035,0.00020170282755917676,0.00020853359250817035,416.17655398258626
1791196080,0.00020853359250817035,0.00021249898983663877,0.0002076977137898208,0.0002115762649716852,257.3165213439963
1791196140,0.0002115762649716852,0.00021403170286958623,0.00021108261289938242,0.00021393689454355568,43.7067605594931
1791196200,0.00021393689454355568,0.00021393689454355568,0.000211082104088463,0.00021116899346708835,17.411532909090326
1791196260,0.00021116899346708835,0.00021393777738042295,0.00021093725180933054,0.00021366131558426347,11.891621342430312
1791196320,0.00021366131558426347,0.00021374472680831064,0.00020934323244344412,0.00020934323244344412,104.725203711703
1791196380,0.00020934323244344412,0.00021242909270460043,0.00020925871875735141,0.00020973668757012155,36.565149210783495
1791196440,0.00020973668757012155,0.0002124389646365388,0.00020864280079512865,0.00020864280079512865,76.71619474695373
1791196500,0.00020864280079512865,0.00021268139872934947,0.00020459544633159258,0.0002124954505418343,650.0416299094236
1791196560,0.0002124954505418343,0.00021264835784440928,0.0002096533353234038,0.00021264835784440928,21.00146404504744
1791196620,0.00021264835784440928,0.0002144695499114356,0.00020965832728454738,0.00021338327664898455,254.90681935414221
1791196680,0.00021338327664898455,0.00021338327664898455,0.0002121254840315046,0.0002121254840315046,73.75560689398542
1791196740,0.0002121254840315046,0.00021475978657268876,0.00020970385063228642,0.00021183453122420313,387.751255254079
1791196800,0.00021183453122420313,0.00021455908255743896,0.0002103023648262167,0.00021455908255743896,204.24487745826866
1791196860,0.00021455908255743896,0.00021519355846190142,0.00021178258822240043,0.00021178258822240043,106.26779652291992
1791196920,0.00021178258822240043,0.00021178258822240043,0.00020632628373284725,0.0002096257511141837,344.6262587922288
1791196980,0.0002096257511141837,0.00021173208314402656,0.00020874029652547582,0.00020874029652547582,149.6868443715149
1791197040,0.00020874029652547582,0.00021172709364273822,0.00020580563745488932,0.00020721344572833503,290.224696622329
1791197100,0.00020721344572833503,0.000207214862084546,0.0001904851846429318,0.00019648164653686702,1702.6083659586188
1791197160,0.00019648164653686702,0.00019782602193762114,0.00019414089357502998,0.00019428614974286766,173.801002730446
1791197220,0.00019428614974286766,0.00019995942098225463,0.0001933110896811308,0.00019724812084055576,460.85908949594415
1791197280,0.00019724812084055576,0.00020106607004257695,0.00019698014601463967,0.00020106607004257695,123.35500987233422
1791197340,0.00020106607004257695,0.00020418660514023103,0.0001988200108586441,0.00020270374843978537,353.3577263638243
1791197400,0.00020270374843978537,0.0002060677127944265,0.00020155880507113086,0.00020499733573968253,243.8661357305325
1791197460,0.00020499733573968253,0.00020749865553612725,0.00020134514191720308,0.00020134514191720308,302.4570850681518
1791197520,0.00020134514191720308,0.00020134514191720308,0.0001980580896996694,0.00020094628663579675,210.5626355765235
1791197580,0.00020094628663579675,0.00020094628663579675,0.00019290256653716346,0.00019290256653716346,456.6824061337901
1791197640,0.00019290256653716346,0.00019629288580080904,0.00019290256653716346,0.00019363004597863494,59.2729410769556
1791197700,0.00019363004597863494,0.0001971531123668185,0.00019151752470677333,0.00019426716280746508,713.1807896536044
1791197760,0.00019426716280746508,0.00019628046089701615,0.000191983071446249,0.00019628046089701615,270.7555569851727
1791197820,0.00019628046089701615,0.00019628046089701615,0.00019237638080822568,0.0001945667315402203,193.5004132868787
1791197880,0.0001945667315402203,0.0001947164668761109,0.0001880210591573134,0.00019055344287382032,323.779825630642
1791197940,0.00019055344287382032,0.00019790090713954923,0.00019055344287382032,0.00019790090713954923,495.897935158449
1791198000,0.00019790090713954923,0.00019995511065333475,0.0001952810899808958,0.00019995511065333475,203.99147616371744
1791198060,0.00019995511065333475,0.0002044072881564793,0.00019751790932918823,0.00020081422167523075,577.8749153834526
1791198120,0.00020081422167523075,0.00020592362205149134,0.00020081422167523075,0.0002027273659298217,427.9167789792344
1791198180,0.0002027273659298217,0.0002027273659298217,0.00019315280751839824,0.00019590599306093398,610.1434634020347
1791198240,0.00019590599306093398,0.00019596481169128032,0.00018974540106390323,0.00019275314157964744,295.09380532922626
1791198300,0.00019275314157964744,0.00019309806580269947,0.00018271959449081971,0.00018624584663940038,1268.1977269156243
1791198360,0.00018624584663940038,0.0001899012443445744,0.00018379139899258435,0.00018742511949392223,257.94392080091717
1791198420,0.00018742511949392223,0.0001969434873258823,0.00018742511949392223,0.00019416449204209398,9.236738309917776
1791198480,0.00019416449204209398,0.00019693996682073407,0.00019401589560984282,0.00019424686851538016,69.30020343111393
1791198540,0.00019424686851538016,0.00019668901918878408,0.00019299128041622542,0.00019299128041622542,94.9649812077021
1791198600,0.00019299128041622542,0.00019685605663312533,0.00019234077046156487,0.00019234077046156487,475.6223607727886
1791198660,0.00019234077046156487,0.00019440420652911092,0.0001917900142990818,0.00019428494266543171,29.689288247165464
1791198720,0.00019428494266543171,0.00019450817192037963,0.00019428494266543171,0.00019450817192037963,16.31151305119576
1791198780,0.00019450817192037963,0.00019503332304913356,0.0001922948820331561,0.00019502369325222652,34.94284316221847
1791198840,0.00019502369325222652,0.0001950320933817084,0.0001912405184213374,0.0001912405184213374,93.82947430619201
1791198900,0.0001912405184213374,0.00019476208105322592,0.0001912405184213374,0.00019399222445124362,179.33487280980125
1791198960,0.00019399222445124362,0.0001991891373244097,0.00019399222445124362,0.00019652597773964662,345.88729225361107
1791199020,0.00019652597773964662,0.000199623225550366,0.00019652597773964662,0.0001995656004868536,30.495721191970492
1791199080,0.0001995656004868536,0.0002022541650696288,0.0001995656004868536,0.00019962424997972328,212.10725982504633
1791199140,0.00019962424997972328,0.00019962424997972328,0.00019942256862247605,0.00019942256862247605,0.13397508689868856
1791199200,0.00019942256862247605,0.000207401088281095,0.00019942256862247605,0.000207401088281095,307.7165842176382
1791199260,0.000207401088281095,0.00021824372039383767,0.0002046355645007128,0.00021742971444615132,1850.5312984939387
1791199320,0.00021742971444615132,0.0002181410829041645,0.00021742971444615132,0.0002181410829041645,40.472794773346806
1791199380,0.0002181410829041645,0.00021865168159564217,0.00021485575445693436,0.00021716796872666894,291.26545584954704
1791199440,0.00021716796872666894,0.0002186227750945211,0.00021703648637113622,0.0002186227750945211,94.72595414718326
1791199500,0.0002186227750945211,0.00022117645788906562,0.00021852745794353104,0.00022117645788906562,175.45756646065664
1791199560,0.00022117645788906562,0.0002216792574028072,0.0002187669365108821,0.0002187669365108821,21.972699990587913
1791199620,0.0002187669365108821,0.0002187669365108821,0.00020992461514859724,0.0002129115096651569,613.0933823110709
1791199680,0.0002129115096651569,0.00021398150021369628,0.00020855351126068198,0.00020855351126068198,360.4427958495813
1791199740,0.00020855351126068198,0.00021009235930772896,0.00020669611291242217,0.0002097710818757071,177.6863484109208
1791199800,0.0002097710818757071,0.00021042900343500097,0.0002069977928953429,0.0002069977928953429,79.0917450843514
1791199860,0.0002069977928953429,0.00020900077489466982,0.00020580679292740272,0.00020900077489466982,115.94817156716296
1791199920,0.00020900077489466982,0.000215376751184861,0.00020900077489466982,0.00021195906584448504,440.9547269779985
1791199980,0.00021195906584448504,0.00021501329909579648,0.00021195906584448504,0.00021501329909579648,40.350560887458926
1791200040,0.00021501329909579648,0.00021543605512221083,0.00021211299505024744,0.0002147583991052186,178.76236173922285
1791200100,0.0002147583991052186,0.00021487152720901426,0.00020997195293828038,0.00021304027287037078,383.86726089845575
1791200160,0.00021304027287037078,0.00021334834358270632,0.00020999524764997397,0.00021330073551736894,93.6046664495362
1791200220,0.00021330073551736894,0.00021670833588161015,0.0001817876909134842,0.00019114568722426996,4065.9025642350057
1791200280,0.00019114568722426996,0.00019120903302544462,0.0001867364954232567,0.00019012219908490406,197.95181319967494
1791200340,0.00019012219908490406,0.0001924333522867884,0.00019012219908490406,0.0001924333522867884,155.1725143314238
1791200400,0.0001924333522867884,0.0001959563967062815,0.0001924333522867884,0.0001959563967062815,266.3504905512015
1791200460,0.0001959563967062815,0.00019623462879971257,0.0001932257804402452,0.00019623462879971257,66.20440856791883
1791200520,0.00019623462879971257,0.00019704925009951643,0.0001937776996161978,0.00019514430025280682,116.4172205641284
1791200580,0.00019514430025280682,0.00019514430025280682,0.00019288845760496057,0.00019289434988458996,414.7705130499555
1791200640,0.00019289434988458996,0.00019289434988458996,0.0001892270359170093,0.0001920301931906073,394.2653804370372
1791200700,0.0001920301931906073,0.0001920301931906073,0.00018914460739565802,0.00018914460739565802,28.177016177827213
1791200760,0.00018914460739565802,0.00018914460739565802,0.00018670433144658556,0.00018731934406758063,277.19069683140236
1791200820,0.00018731934406758063,0.00018873494060654613,0.00018731934406758063,0.00018873494060654613,143.74395971482386
1791200880,0.00018873494060654613,0.00019467006382141138,0.00018705053302266785,0.00019467006382141138,362.93144198655926
1791200940,0.00019467006382141138,0.00019556661231953998,0.00019213123049598374,0.00019233792269585703,202.25191506428436
1791201000,0.00019233792269585703,0.0001953966848577711,0.00019233792269585703,0.00019274904165290585,18.905653286708322
1791201060,0.00019274904165290585,0.00019544340366215205,0.00019273797492208263,0.00019273797492208263,19.616751995918925
1791201120,0.00019273797492208263,0.00019704115813839538,0.00019252794437040355,0.00019704115813839538,124.98674609790237
1791201180,0.00019704115813839538,0.0001979701437377502,0.00019704115813839538,0.0001979701437377502,86.56897393770049
1791201240,0.0001979701437377502,0.0001994728384045857,0.00019632855852607381,0.00019632855852607381,160.510816786843
1791201300,0.00019632855852607381,0.00019632855852607381,0.0001956200120464502,0.0001956200120464502,8.355502946271148
1791201360,0.0001956200120464502,0.00019881724215808013,0.0001956200120464502,0.00019614289749739393,125.17901311829733
1791201420,0.00019614289749739393,0.00019839094493584485,0.00019562319773664243,0.00019562319773664243,15.707123604056765
1791201480,0.00019562319773664243,0.0001988786012151364,0.00019544253359833304,0.0001988786012151364,58.63717952511658
1791201540,0.0001988786012151364,0.00019945124594641033,0.0001959409881471714,0.00019945124594641033,150.45818093340245
1791201600,0.00019945124594641033,0.0002012200680208106,0.0001982359571965427,0.0002012200680208106,105.84537661682054
1791201660,0.0002012200680208106,0.0002012200680208106,0.000196893006515188,0.000196893006515188,221.1310327742097
1791201720,0.000196893006515188,0.00019850767246092042,0.00019586628149998247,0.00019843749430229003,21.33435966542637
1791201780,0.00019843749430229003,0.00019843749430229003,0.00019425094786712721,0.00019711814429641076,143.7864536009778
1791201840,0.00019711814429641076,0.0001976442152336669,0.00018431342178635708,0.0001852945066078193,1091.9303394943022
1791201900,0.0001852945066078193,0.0001907288522175564,0.00018522569614360426,0.0001907288522175564,376.038666744467
1791201960,0.0001907288522175564,0.00019244155277014924,0.0001825579769833737,0.00018525223140596398,660.6137764113695
1791202020,0.00018525223140596398,0.0001871676643851954,0.00018461102363847036,0.00018461102363847036,241.03876398656556
1791202080,0.00018461102363847036,0.00018671500734395273,0.0001824272114701441,0.0001836520844003141,512.4409498540977
1791202140,0.0001836520844003141,0.00018642235633634102,0.00016214587225527442,0.00017229720569040562,3045.1644207869444
1791202200,0.00017229720569040562,0.00017581046277435067,0.00016742215296050326,0.00016811117956019072,605.7842712673084
1791202260,0.00016811117956019072,0.00017035027643830873,0.0001633981677642497,0.0001633981677642497,1071.6970126939143
1791202320,0.0001633981677642497,0.00018166234294825172,0.0001633981677642497,0.00017612979241486373,2176.164105212366
1791202380,0.00017612979241486373,0.00017823774421596707,0.00017185700060047356,0.00017573096639554518,188.94532253891384
1791202440,0.00017573096639554518,0.00017875708963972239,0.00016606628865458643,0.00016872425782842683,932.6316438496366
1791202500,0.00016872425782842683,0.00016872425782842683,0.00016276470714817647,0.00016620205350787565,543.88241972748
1791202560,0.00016620205350787565,0.00016830706297018408,0.00016095720202730717,0.00016348486415888714,832.2821747958536
1791202620,0.00016348486415888714,0.0001645268236862507,0.0001605856995969239,0.0001616500968963865,325.9193777294592
1791202680,0.0001616500968963865,0.00016286795680029464,0.0001591727348434214,0.0001592740988930719,561.9722242269818
1791202740,0.0001592740988930719,0.0001592740988930719,0.0001576384039953475,0.00015913577994671393,115.40274135013797
1791202800,0.00015913577994671393,0.00015958241834005717,0.00015913577994671393,0.00015958241834005717,52.189591128104546
1791202860,0.00015958241834005717,0.00016445811106876703,0.00015929713008694643,0.00016428165083467604,595.9873838405018
1791202920,0.00016428165083467604,0.00016428165083467604,0.00015952248724878854,0.00016155639811333292,522.1635577314679
1791202980,0.00016155639811333292,0.00016704246247982462,0.00016155639811333292,0.00016704246247982462,182.4219446563305
1791203040,0.00016704246247982462,0.0001727479114277845,0.00016695641543973576,0.00017240967307175046,562.1305837965548
1791203100,0.00017240967307175046,0.00019065344282356465,0.00016998959808841376,0.00019065344282356465,1551.6721192383297
1791203160,0.00019065344282356465,0.00019133959285708892,0.0001832019578499776,0.0001832019578499776,415.2365065088927
1791203220,0.0001832019578499776,0.0001865863397660034,0.00018272481721306864,0.00018272481721306864,406.63629312384336
1791203280,0.00018272481721306864,0.00018426210157447342,0.00018076892230222156,0.00018167803513122926,326.3000540476194
1791203340,0.00018167803513122926,0.0001917920372006609,0.00018167803513122926,0.0001917920372006609,87.38360362626437
1791203400,0.0001917920372006609,0.0001917920372006609,0.00018809000923046104,0.00019021822528153139,105.89843892458573
1791203460,0.00019021822528153139,0.00019025799435748393,0.00018761101914333778,0.00019023672021342182,78.59278670676304
1791203520,0.00019023672021342182,0.00019291635617969214,0.0001877685447228302,0.000192655962100711,563.2521134443195
1791203580,0.000192655962100711,0.00019308051483847897,0.0001901866555041387,0.00019308051483847897,59.28548085894211
1791203640,0.00019308051483847897,0.00020019776056668612,0.00019262464090732376,0.00020019776056668612,455.34663462570694
1791203700,0.00020019776056668612,0.00021300123600839313,0.00019941685436779708,0.00021300123600839313,1403.935225160029
1791203760,0.00021300123600839313,0.00021706829686609887,0.0002117282475219923,0.0002117282475219923,560.1706854914777
1791203820,0.0002117282475219923,0.0002250577530757708,0.00019959236516537646,0.00022206393725078075,2513.812728951991
1791203880,0.00022206393725078075,0.00023806034625911189,0.00022206393725078075,0.00022657829311290063,3665.844472828579
1791203940,0.00022657829311290063,0.00024773649549756564,0.00022383689811886957,0.00024451675243869123,2024.79044717353
1791204000,0.00024451675243869123,0.00025354460644172406,0.00024386806028884803,0.00025354460644172406,470.53272353497636
1791204060,0.00025354460644172406,0.00025354460644172406,0.0002412772303535277,0.0002472957589044397,1540.9395078097793
1791204120,0.0002472957589044397,0.0002476064056507424,0.00023796870636758665,0.00024212342601821052,574.9255021762566
1791204180,0.00024212342601821052,0.00027007434886649784,0.0002372619134794777,0.0002608299853377603,5555.794079339072
1791204240,0.0002608299853377603,0.0002608299853377603,0.00023853382231863856,0.00023853382231863856,1421.948752326289
1791204300,0.00023853382231863856,0.00024203184874348616,0.00023821973417849316,0.00023925943258389342,81.26329685620894
1791204360,0.00023925943258389342,0.0002641477083882112,0.00023925943258389342,0.00024698284657556863,3189.7966007196505
1791204420,0.00024698284657556863,0.0002523362011600727,0.00023867817065546945,0.00024011918657257595,934.0149985695006
1791204480,0.00024011106909877788,0.00024011106909877788,0.0002260426967346908,0.00023304868303144493,1704.0820607035146
1791204540,0.00023304868303144493,0.00023606453636196618,0.00023304868303144493,0.00023410307574271399,214.13024361167936
1791204600,0.00023410307574271399,0.00023411317397954712,0.000231024115942243,0.0002311443268144345,180.3225051642608
1791204660,0.0002311443268144345,0.00023545529617885792,0.00023057309278117738,0.00023168204397956387,246.02427471025604
1791204720,0.00023168204397956387,0.0002342334842615739,0.00022710118134007697,0.00022710118134007697,311.48481485985997
1791204780,0.00022710118134007697,0.00022710118134007697,0.00022496850048411783,0.00022496850048411783,81.12773203121617
1791204840,0.00022496850048411783,0.00022909609663417834,0.00022496850048411783,0.00022909609663417834,73.03272787770122
1791204900,0.00022909609663417834,0.00023328856233358427,0.00022618231258318542,0.00023328856233358427,508.27150252654087
1791204960,0.00023328856233358427,0.0002366156251759108,0.0002320825072399085,0.0002320825072399085,251.91215660076816
1791205020,0.0002320825072399085,0.0002320825072399085,0.00022098841108550435,0.00022098841108550435,816.2683415187158
1791205080,0.00022098841108550435,0.0002285077909299299,0.00021946819475038504,0.0002283518689573534,123.41862593888777
1791205140,0.0002283518689573534,0.00024308362894213934,0.00022777935145072565,0.00023981713720107973,861.3758847115354
1791205200,0.00023981713720107973,0.00024320315625809383,0.00023854134754229368,0.00024037029559073145,484.72180495874454
1791205260,0.00024037029559073145,0.00024037029559073145,0.0002317779496434786,0.0002387127045501816,976.0674232648574
1791205320,0.0002387127045501816,0.0002393554695481367,0.0002387127045501816,0.0002393554695481367,0.5801681257887841
1791205380,0.0002393554695481367,0.0002393554695481367,0.00022839528254320278,0.00022839528254320278,719.3351455979856
1791205440,0.00022839528254320278,0.00023107170271813621,0.00022292710970320346,0.00022292710970320346,720.7658998725689
1791205500,0.00022292710970320346,0.00022292710970320346,0.00021782956586847673,0.0002207976894509543,6.526846436325476
1791205560,0.0002207976894509543,0.00022733315523999957,0.00021708874267318772,0.00022331613177742883,639.8205429468043
1791205620,0.00022331613177742883,0.0002325594402536039,0.00022331613177742883,0.0002325594402536039,378.8785268726558
1791205680,0.0002325594402536039,0.0002325594402536039,0.00021898283766080525,0.00022199372224811461,761.6594166595039
1791205740,0.00022199372224811461,0.00022284960255996398,0.00020266394172232928,0.0002027693784818391,1995.1851182008047
1791205800,0.0002027693784818391,0.0002027693784818391,0.0001946433863133322,0.00019877037654309637,1081.5792608142606
1791205860,0.00019877037654309637,0.00019877037654309637,0.00018590546652690932,0.00019476783961232746,1652.5135186969496
1791205920,0.00019476783961232746,0.00019720004903182206,0.00019300129013063012,0.00019471909688233908,563.1000672766526
1791205980,0.00019471909688233908,0.0002067750819312359,0.00019471909688233908,0.0002016627388871995,1645.0238742734648
1791206040,0.0002016627388871995,0.00020321921798573174,0.0002004129467078896,0.0002004129467078896,137.8989646067514
1791206100,0.0002004129467078896,0.00021411060579973494,0.0002004129467078896,0.000213215785540686,1471.1412116352471
1791206160,0.000213215785540686,0.0002168403282137813,0.00021158926331985755,0.0002168403282137813,295.6501013338915
1791206220,0.0002168403282137813,0.00021714362713735273,0.00021238997554902058,0.00021623150614092534,277.13776334037505
1791206280,0.00021623150614092534,0.00021969888835246686,0.00021279218805742074,0.00021969888835246686,418.05165692018403
1791206340,0.00021969888835246686,0.00021983624420656345,0.00021571844773300377,0.00021571844773300377,150.80189546015686
1791206400,0.00021571844773300377,0.00021946870034884061,0.00021571844773300377,0.00021643423693033315,122.8352731075883
1791206460,0.00021643423693033315,0.00022367883567484787,0.00021643423693033315,0.00022297124182331547,881.8410859288086
1791206520,0.00022297124182331547,0.00022382555783549438,0.00022058416357955337,0.00022058416357955337,35.09338267749026
1791206580,0.00022058416357955337,0.0002279986445229933,0.00022016043389631268,0.00022601801950275917,758.8346420934711
1791206640,0.00022601801950275917,0.00022954787126097664,0.00022601801950275917,0.00022954787126097664,60.04178133435009
1791206700,0.00022954787126097664,0.00022954787126097664,0.0002145934100223874,0.00021501273991071974,987.8406337856213
1791206760,0.00021501273991071974,0.00024591341630634286,0.00021501273991071974,0.00024493436641979233,2246.0570070479134
1791206820,0.00024493436641979233,0.0002479529456481321,0.0002442230697356704,0.0002479529456481321,197.7814846837935
1791206880,0.0002479529456481321,0.0002479529456481321,0.00024062500756016455,0.00024062500756016455,299.1568287772504
1791206940,0.00024062500756016455,0.00024474408646764926,0.00024062500756016455,0.00024420412626665824,419.00124256854957
1791207000,0.00024420412626665824,0.0002453593501770793,0.00024210312244814632,0.0002453593501770793,24.303933922876993
1791207060,0.0002453593501770793,0.0002453593501770793,0.00024078411341820545,0.00024078411341820545,86.3426518965934
1791207120,0.00024078411341820545,0.00024241160301939597,0.0002392549613599467,0.00024241160301939597,154.91760087042482
1791207180,0.00024241160301939597,0.000250009476127149,0.00023883684793749363,0.000250009476127149,785.0519066592245
1791207240,0.000250009476127149,0.0002546469729500447,0.00024876119947296474,0.0002546469729500447,188.89554913426085
1791207300,0.0002546469729500447,0.0002596264294251703,0.0002546469729500447,0.0002596264294251703,266.7872223365889
1791207360,0.0002596264294251703,0.00026079156363696335,0.00025708156581502763,0.00025708156581502763,114.26867827881507
1791207420,0.00025708156581502763,0.00025997202098340704,0.0002558745996265525,0.00025865786059033817,95.79541202395411
1791207480,0.00025865786059033817,0.0002614826028542751,0.0002559276791772557,0.00025642479980631145,324.2967098781167
1791207540,0.00025642479980631145,0.0002601632148007286,0.00025642479980631145,0.0002601632148007286,51.962344480574124
1791207600,0.0002601632148007286,0.0002660130494356934,0.0002601632148007286,0.00026194512629265697,259.27043635681474
1791207660,0.00026194512629265697,0.00026194512629265697,0.00024958862330459996,0.00024958862330459996,729.7006104713794
1791207720,0.00024958862330459996,0.00025001576445778405,0.0002460305403066249,0.00025001576445778405,328.1433174258023
1791207780,0.00025001576445778405,0.0002544276433264611,0.00025001576445778405,0.0002544276433264611,344.45243558880384
1791207840,0.0002544276433264611,0.00025914123016887035,0.0002533587523847736,0.00025817981620365635,343.5539581987277
1791207900,0.00025817981620365635,0.00027137357129189795,0.00025817981620365635,0.00027109330224930634,773.6329412686948
1791207960,0.00027109330224930634,0.0002798788430086577,0.00027095970770130184,0.0002798788430086577,450.66713374152516
1791208020,0.0002798788430086577,0.00028375462770131133,0.0002771863205836879,0.0002771863205836879,561.3752209629738
1791208080,0.0002771863205836879,0.00028128521541311697,0.0002771863205836879,0.0002772428886017175,28.94897758798826
1791208140,0.0002772428886017175,0.0002787399772826975,0.0002750585785102622,0.0002787399772826975,173.53711880551646
1791208200,0.0002787399772826975,0.0002787399772826975,0.0002683220639943661,0.0002727528770951225,508.1110745708705
1791208260,0.0002727528770951225,0.0002740963697504541,0.00026692025022945594,0.00026692025022945594,242.66361436293639
1791208320,0.00026692025022945594,0.000270510694564368,0.00026685778982689937,0.00026685778982689937,113.15560477634912
1791208380,0.00026685778982689937,0.00027202484333416265,0.00026685778982689937,0.00027202484333416265,197.07268571694408
1791208440,0.00027202484333416265,0.0002974324902744227,0.00027202484333416265,0.0002935383911311036,1977.6770345828652
1791208500,0.0002935383911311036,0.0002975169335183879,0.0002919239393436611,0.0002919239393436611,304.6007915789158
1791208560,0.0002919239393436611,0.00029625925241683396,0.00029123500700758693,0.0002937445833444608,238.17937452440435
1791208620,0.0002937445833444608,0.0002939102077034356,0.00028479297044562064,0.0002890499380450485,312.936149346873
1791208680,0.0002890499380450485,0.0002985076432550864,0.0002834630743091274,0.0002958928178310379,1415.634176001592
1791208740,0.0002958928178310379,0.00030609690324724344,0.0002958928178310379,0.00030419187029454004,697.4753808865142
1791208800,0.00030419187029454004,0.00030437036931404336,0.00029998451057895075,0.0003043116187705513,49.02987265190853
1791208860,0.0003043116187705513,0.0003233180123571731,0.0003002747541119538,0.00031922280013665867,1282.1246762197034
1791208920,0.00031922280013665867,0.0003258156482543152,0.0003158027497394808,0.0003258156482543152,954.7486787044734
1791208980,0.0003258156482543152,0.0003258156482543152,0.0003185438433001852,0.0003237161330645846,319.8251717756859
1791209040,0.0003237161330645846,0.0003237161330645846,0.000314245974684867,0.0003194271529576601,461.582664116633
1791209100,0.0003194271529576601,0.00032518055577322974,0.00031348398539800064,0.00032518055577322974,545.0180194980519
1791209160,0.00032518055577322974,0.0003270964411607227,0.00030693775121766275,0.0003136280174960029,1834.361499465389
1791209220,0.0003136280174960029,0.0003136280174960029,0.00030784216178681003,0.000311770659344952,161.3360598970255
1791209280,0.000311770659344952,0.000311770659344952,0.00029982934881524654,0.00029982934881524654,654.7177546826488
1791209340,0.00029982934881524654,0.0003025244096232045,0.00027376347401974056,0.0002738120491256118,1831.597884716066
1791209400,0.0002738120491256118,0.00027788071334830896,0.00027139348143249406,0.0002767174583880865,534.2746159867389
1791209460,0.0002767174583880865,0.00028218764548127454,0.0002767174583880865,0.00028218764548127454,186.03772685759762
1791209520,0.00028218764548127454,0.00028218764548127454,0.00027204267921189545,0.00027545410513026236,408.7169628833562
1791209580,0.00027545410513026236,0.00027545410513026236,0.0002652074073477004,0.0002652074073477004,432.61331274271765
1791209640,0.0002652074073477004,0.00027854834849522523,0.0002652074073477004,0.00027854834849522523,628.102859698753
1791209700,0.00027854834849522523,0.00027854834849522523,0.00024292777387203835,0.00024447221220507954,2599.4438340888014
1791209760,0.00024447221220507954,0.00024447221220507954,0.0002355390587684525,0.000239942604688185,818.5760260239247
1791209820,0.000239942604688185,0.0002411381663802076,0.00023307260330384443,0.00023307260330384443,534.0831867366849
1791209880,0.00023307260330384443,0.00023556160318884226,0.00022821218230183158,0.00022821218230183158,462.82875974569276
1791209940,0.00022821218230183158,0.0002412309257294467,0.00022821218230183158,0.0002412309257294467,1144.489450050746
1791210000,0.0002412309257294467,0.000244598912405031,0.00023774963513184508,0.00024117814652629404,246.7145923800987
1791210060,0.00024117814652629404,0.000248574948137576,0.00023776144216949556,0.0002464893706367514,627.4125763183589
1791210120,0.0002464893706367514,0.00025351331856279715,0.00024489981932384057,0.0002480835469266528,395.4763181586411
1791210180,0.0002480835469266528,0.00024820992686524617,0.00024484458723980114,0.00024820992686524617,180.89975814194887
1791210240,0.00024820992686524617,0.00024820992686524617,0.0002447554673801102,0.00024789771086254056,25.66991043587104
1791210300,0.00024789771086254056,0.00024849378137355345,0.0002416549561723888,0.00024213463527769386,760.9987495222888
1791210360,0.00024213463527769386,0.00024213463527769386,0.00023769319621717568,0.00023769319621717568,73.54394091578484
1791210420,0.00023769319621717568,0.00023769319621717568,0.00023351521934161505,0.00023351521934161505,229.92700530647
1791210480,0.00023351521934161505,0.00023670340328195105,0.00023317405808793084,0.00023625628804271079,33.470729196399624
1791210540,0.00023625628804271079,0.00023625628804271079,0.00023171303206380122,0.00023171303206380122,155.09593827547354
1791210600,0.00023171303206380122,0.0002329437223931151,0.00022977903586346546,0.00022977903586346546,88.22584678540589
1791210660,0.00022977903586346546,0.00022977903586346546,0.00022035508691530372,0.00022118253182335155,762.3369882591924
1791210720,0.00022118253182335155,0.00022278071937997207,0.00021798823897749086,0.0002204353142428883,474.14163571338645
1791210780,0.0002204353142428883,0.00022229252424849072,0.00021980389494002413,0.00022229252424849072,37.857982255029306
1791210840,0.00022229252424849072,0.00022229252424849072,0.00021555640111349295,0.00021555640111349295,222.78679187580562
1791210900,0.00021555640111349295,0.00023467863541268757,0.00021555640111349295,0.0002317788966102255,1055.8693204098408
1791210960,0.0002317788966102255,0.0002356783286932183,0.0002317788966102255,0.00023274219699717308,58.35569208359245
1791211020,0.00023274219699717308,0.00023590072993849486,0.0002326165315397814,0.0002326165315397814,25.106265399342895
1791211080,0.0002326165315397814,0.0002355425731462507,0.00023157467499978454,0.00023485879201410372,183.1766401373133
1791211140,0.00023485879201410372,0.00023523555740431103,0.00023215008038035304,0.00023215008038035304,4.457093650131441
1791211200,0.00023215008038035304,0.0002378007421905728,0.00023166613772242854,0.00023455739495274337,186.4558535685761
1791211260,0.00023455739495274337,0.0002378870767346565,0.00023455739495274337,0.0002346697766232619,45.40739203276738
1791211320,0.0002346697766232619,0.0002346697766232619,0.00023446916328608415,0.00023446916328608415,31.735220380441774
1791211380,0.00023446916328608415,0.0002417784068967926,0.00023446916328608415,0.0002374807423833546,322.48649186265874
1791211440,0.0002374807423833546,0.00024252594343862963,0.0002374807423833546,0.00024058651002036854,270.4038703349213
1791211500,0.00024058651002036854,0.00024170902635812122,0.0002330097230571558,0.00024140821715486362,140.26789843267693
1791211560,0.00024140821715486362,0.00024155668018401559,0.00023753727157626195,0.00024055777884530563,66.45636282182886
1791211620,0.00024055777884530563,0.00024085736304793593,0.00023735582321356054,0.00024085736304793593,61.13414178598254
1791211680,0.00024085736304793593,0.0002421128496260781,0.00023815733347335778,0.00023956738154423118,150.10346537285318
1791211740,0.00023956738154423118,0.00024312575563233723,0.00023956738154423118,0.00024307614648960013,8.134120105349979
1791211800,0.00024307614648960013,0.0002444382000347216,0.00024218347466866278,0.00024218347466866278,152.28256119151763
1791211860,0.00024218347466866278,0.00024218347466866278,0.00024184078630127314,0.00024184078630127314,35.264858411151245
1791211920,0.00024184078630127314,0.00024184078630127314,0.00024130930780782726,0.00024130930780782726,3.51080959998422
1791211980,0.00024130930780782726,0.00024130930780782726,0.00024106159346116282,0.00024106159346116282,3.5086881315377534
1791212040,0.00024106159346116282,0.0002411456895943645,0.00024106159346116282,0.0002411456895943645,3.5071744319424583
1791212100,0.0002411456895943645,0.0002411456895943645,0.0002375943807946895,0.0002375943807946895,399.3000401111878
1791212160,0.0002375943807946895,0.0002375943807946895,0.0002302194594295196,0.0002302194594295196,229.4973148508826
1791212220,0.0002302194594295196,0.0002330845503418594,0.00022601844241251025,0.00022601844241251025,263.725338592683
1791212280,0.00022601844241251025,0.00022889525170064978,0.00022601844241251025,0.00022889525170064978,0.9764298065904099
1791212340,0.00022889525170064978,0.00022922936178795038,0.00022600723481252995,0.00022922936178795038,30.296437263375196
1791212400,0.00022922936178795038,0.00022965249367340007,0.00022634277032667588,0.00022927001190983405,60.738242151518065
1791212460,0.00022927001190983405,0.00022927001190983405,0.00022569624852587574,0.00022569624852587574,58.01632138101616
1791212520,0.00022569624852587574,0.00022569624852587574,0.0002247648879704796,0.0002247648879704796,28.266543638578423
1791212580,0.0002247648879704796,0.0002282653666224011,0.0002247648879704796,0.00022543330609702355,26.65493629022098
1791212640,0.00022543330609702355,0.00022850494976668707,0.00022521562211569104,0.00022521562211569104,17.94380160234767
1791212700,0.00022521562211569104,0.00022830901184092578,0.00022521562211569104,0.00022522060210475943,1.3910988223992162
1791212760,0.00022522060210475943,0.0002286250135403062,0.0002251840185581383,0.0002286250135403062,24.286077112977853
1791212820,0.0002286250135403062,0.0002286250135403062,0.00022496911092347846,0.00022496911092347846,126.25292122661654
1791212880,0.00022496911092347846,0.00022693744389652837,0.00022371134801430558,0.00022684515541069979,9.262310368701796
1791212940,0.00022684515541069979,0.0002268857200178369,0.0002238127139437168,0.0002238528246159153,6.344730426200062
1791213000,0.0002238528246159153,0.00022692964946784545,0.0002238528246159153,0.0002239053137193401,10.79884095699825
1791213060,0.0002239053137193401,0.00022685644296226016,0.0002234156119391646,0.0002258061754306401,77.19154946713424
1791213120,0.0002258061754306401,0.00022597299811146827,0.00021675358866955814,0.00021675358866955814,563.1559205066118
1791213180,0.00021675358866955814,0.0002197647887639939,0.00021647019775556577,0.00021647019775556577,15.843425197270184
1791213240,0.00021647019775556577,0.0002195685661981726,0.00020665737517387345,0.00020665737517387345,651.7224506234879
1791213300,0.00020665737517387345,0.00020863857822552812,0.00020357877549308733,0.00020357877549308733,486.3108269746395
1791213360,0.00020357877549308733,0.00020419408537749724,0.0002001626989591639,0.00020419408537749724,184.3779926714967
1791213420,0.00020419408537749724,0.00020509056538220406,0.00020105141976692987,0.00020105141976692987,180.77946822386295
1791213480,0.00020105141976692987,0.00020409232615566425,0.00019869220349082414,0.00019869220349082414,406.9424213291404
1791213540,0.00019869220349082414,0.00020159887265723482,0.00019497711423968568,0.00020159887265723482,515.1543823584929
1791213600,0.00020159887265723482,0.00020188019933903173,0.00019902637080337524,0.00019902637080337524,4.999458996621055
1791213660,0.00019902637080337524,0.00020264083922773518,0.00019902637080337524,0.00019958712595026715,327.3212430012562
1791213720,0.00019958712595026715,0.00020163837587210506,0.00019774228348276853,0.00019774228348276853,98.04364456484399
1791213780,0.00019774228348276853,0.00020125479052884274,0.00019774228348276853,0.00019876122819866037,68.28529183807633
1791213840,0.00019876122819866037,0.00019876122819866037,0.0001702346398051788,0.00018191324205584595,3959.525813519403
1791213900,0.00018191324205584595,0.00018214859479001987,0.00015162055255026183,0.00016356253968988904,5684.25689123352
1791213960,0.00016356253968988904,0.00016632883073241462,0.0001515017124946761,0.00016632883073241462,5381.880314563503
1791214020,0.00016632883073241462,0.0001671758354161838,0.0001591547477500641,0.0001591547477500641,1039.384546278935
1791214080,0.0001591547477500641,0.00017069340261672032,0.0001591547477500641,0.00016633429946167814,1580.1454064469133
1791214140,0.00016633429946167814,0.00017143933903053624,0.00016633429946167814,0.0001704253600427568,433.6066571059129
1791214200,0.0001704253600427568,0.00020365887466362276,0.0001704253600427568,0.00019729460238401443,5317.333992723317
1791214260,0.00019729460238401443,0.0002017420051656153,0.00018591864204675003,0.0001913123275303703,2080.442116910133
1791214320,0.0001913123275303703,0.00019818785336839776,0.0001913123275303703,0.00019483340098594353,1169.1304541768236
1791214380,0.00019483340098594353,0.0002010271012684196,0.00019483340098594353,0.00019506370748246352,802.0221740792633
1791214440,0.00019506370748246352,0.00020716307492136044,0.00018092101837255972,0.000192885055844402,3069.2456592492254
1791214500,0.000192885055844402,0.0001931801859278891,0.0001826613257179634,0.0001886719418855678,825.285920840587
1791214560,0.0001886719418855678,0.00018986069519310258,0.0001852917178381271,0.0001852917178381271,278.29330927434364
1791214620,0.0001852917178381271,0.00018701674034215802,0.00018377121657615894,0.00018613346981972395,120.45517983203415
1791214680,0.00018613346981972395,0.0001871697056780838,0.00018398195991497075,0.00018462662623170673,60.154407866984265
1791214740,0.00018462662623170673,0.0001869577517674668,0.00017990398270545374,0.00018314404599696721,698.6399190729996
1791214800,0.00018314404599696721,0.00019203305041856693,0.00018314404599696721,0.000188488216247066,548.4639095763804
1791214860,0.000188488216247066,0.00018953913274787664,0.0001859728280876281,0.0001859728280876281,176.99915208979445
1791214920,0.0001859728280876281,0.00019019960557235577,0.0001859728280876281,0.00018931277230779228,250.21587639084436
1791214980,0.00018931277230779228,0.00019179615754625647,0.00018606957629314165,0.00018606957629314165,391.82269785722184
1791215040,0.00018606957629314165,0.0001884521913795029,0.00018492204981049312,0.00018560704440180703,298.1204075166578
1791215100,0.00018560704440180703,0.0001903611506458516,0.00018560704440180703,0.0001883212796217689,213.4367974761508
1791215160,0.0001883212796217689,0.0001910436184282145,0.0001883212796217689,0.00018862911877785596,22.534284560000803
1791215220,0.00018862911877785596,0.00019119614019852798,0.0001869483446453243,0.0001869483446453243,191.92065449861096
1791215280,0.0001869483446453243,0.00018833897729417888,0.0001869483446453243,0.00018833897729417888,10.86771235253966
1791215340,0.00018833897729417888,0.00018833897729417888,0.00018421126951679488,0.000186403571716536,285.3465439637126
1791215400,0.000186403571716536,0.000186403571716536,0.00018386712551418113,0.00018624842359144292,51.01229189885619
1791215460,0.00018624842359144292,0.0001863176131476587,0.0001837417610750423,0.0001837417610750423,4.839658726107339
1791215520,0.0001837417610750423,0.00018694110541633174,0.0001837417610750423,0.0001844542059894076,65.3742593758802
1791215580,0.0001844542059894076,0.00018690311443965424,0.00018405373134198106,0.00018405373134198106,48.10903564218046
1791215640,0.00018405373134198106,0.0001861307220164055,0.00017721596637856638,0.00017721596637856638,501.6238454234303
1791215700,0.00017721596637856638,0.00017929439605781708,0.00017575569191062018,0.00017816064389447925,83.25966086961697
1791215760,0.00017816064389447925,0.00017850207754204105,0.00017816064389447925,0.00017850207754204105,17.410213780817177
1791215820,0.00017850207754204105,0.00017900380639995894,0.00017850207754204105,0.00017900380639995894,58.5945830384404
1791215880,0.00017900380639995894,0.00017900380639995894,0.0001650699247795723,0.00016872393189376603,2052.955596729825
1791215940,0.00016872393189376603,0.00017377495098308231,0.00016720173848276646,0.00017377495098308231,319.1742126288333
1791216000,0.00017377495098308231,0.00017402854237346527,0.00017172107682519232,0.00017402854237346527,28.15596276483216
1791216060,0.00017402854237346527,0.00017584933564621363,0.00017402854237346527,0.00017584933564621363,244.67020052358131
1791216180,0.00017584933564621363,0.00017888734960055637,0.0001742417042334065,0.00017802706474087142,363.7226301631219
1791216240,0.00017802706474087142,0.00017802706474087142,0.00017521193863216943,0.00017748337944285895,591.7935059670177
1791216300,0.00017748337944285895,0.00018216688357105298,0.00017546051444397877,0.00018216688357105298,877.8495157602712
1791216360,0.00018216688357105298,0.00018790361930924997,0.00018216688357105298,0.00018538034494535463,63.88604252886402
1791216420,0.00018538034494535463,0.0001881713960575213,0.00018428630251381863,0.0001857015878724925,332.2278940126379
1791216480,0.0001857015878724925,0.00019495728286523397,0.0001857015878724925,0.00019481622208425756,686.2153575611367
1791216540,0.00019481622208425756,0.00019772819040382583,0.00019365842441472118,0.0001951782350631205,254.80211871391842
1791216600,0.0001951782350631205,0.00019589303256137242,0.00019282367679980905,0.00019589303256137242,74.67774475500124
1791216720,0.00019589303256137242,0.00019589303256137242,0.00018816009484912716,0.00019059111171731703,433.1437375066886
1791216780,0.00019059111171731703,0.00019059111171731703,0.00018595951110166853,0.00018627653753934233,312.6434956472875
1791216840,0.00018627653753934233,0.00018709436823024332,0.00018315487319599922,0.00018709436823024332,227.53471700275074
1791216900,0.00018709436823024332,0.00018936639886840936,0.00018491661210325117,0.00018788239798003895,370.94247081706413
1791216960,0.00018788239798003895,0.00018788239798003895,0.00018641776822656014,0.00018641776822656014,23.20153941081113
1791217020,0.00018641776822656014,0.00018886453186689933,0.00018641776822656014,0.0001864313679971276,4.524901275582233
1791217080,0.0001864313679971276,0.0001864313679971276,0.0001863901519298726,0.0001863901519298726,6.163283312897958
1791217140,0.0001863901519298726,0.0001863901519298726,0.00018324480663194664,0.00018324480663194664,388.07250939836945
1791217200,0.00018324480663194664,0.00018324480663194664,0.00018148559480058653,0.00018148559480058653,5.868492114899221
1791217260,0.00018148559480058653,0.00018196035115218253,0.00018148559480058653,0.00018196035115218253,2.2917106471842796
1791217320,0.00018196035115218253,0.00018196035115218253,0.00018003352935616016,0.00018003352935616016,76.16151962410666
1791217380,0.00018003352935616016,0.00018003352935616016,0.00017760302817122905,0.000179370736127004,217.01370680442122
1791217440,0.000179370736127004,0.00018200563986854005,0.00017067323585393386,0.00017193737208624917,1271.0719235257648
1791217500,0.00017193737208624917,0.00017347902257741675,0.00017131388363432742,0.00017131388363432742,121.95622008372365
1791217560,0.00017131388363432742,0.00018081330190227246,0.00016719901869254,0.00017845558270426404,1066.5284984652037
1791217620,0.00017845558270426404,0.0001809959017641947,0.00017010341345456213,0.00017247113910962865,602.8416951672892
1791217680,0.00017247113910962865,0.00017852554905773747,0.00017247113910962865,0.00017852554905773747,396.71643035104245
1791217740,0.00017852554905773747,0.00017877441382595563,0.00016998256569958012,0.00016998256569958012,519.1530000291884
1791217800,0.00016998256569958012,0.0001766744540335026,0.00016998256569958012,0.0001766744540335026,357.83828763846486
1791217860,0.0001766744540335026,0.0001770785189027931,0.0001766744540335026,0.0001770785189027931,27.705213920957274
1791217920,0.0001770785189027931,0.00017791941713905308,0.00017490139551669861,0.00017791941713905308,103.0629607801842
1791217980,0.00017791941713905308,0.00018130456313173815,0.00017791941713905308,0.00018130456313173815,225.40338813412765
1791218040,0.00018130456313173815,0.00018372448346976546,0.00018126917180380918,0.00018126917180380918,118.97863177271451
1791218100,0.00018126917180380918,0.00018553579474810374,0.00018126917180380918,0.00018553579474810374,241.90014908564856
1791218160,0.00018553579474810374,0.00018773092235765555,0.00018553579474810374,0.00018773092235765555,16.86785483056491
1791218220,0.00018773092235765555,0.00018788995499903483,0.00018527114903941735,0.00018527114903941735,16.27872438130362
1791218280,0.00018527114903941735,0.0001879447028296622,0.00018527114903941735,0.0001879447028296622,2.87083792133076
1791218340,0.0001879447028296622,0.00018949992768768455,0.0001841462643799517,0.0001841462643799517,429.14896158392804
1791218400,0.0001841462643799517,0.00018994087608753348,0.0001841462643799517,0.00018994087608753348,238.33774064983274
1791218460,0.00018994087608753348,0.0001905978271239956,0.00018846422302252778,0.00018846422302252778,68.63867933007964
1791218520,0.00018846422302252778,0.0002115301100411791,0.00018843356611659179,0.00020467503410758232,1861.6593851082014
1791218580,0.00020467503410758232,0.0002051212900049911,0.00020144431209078383,0.0002051212900049911,316.1578711367791
1791218640,0.0002051212900049911,0.00021084044583927078,0.0002051212900049911,0.00021062470015830522,589.5185070599515
1791218700,0.00021062470015830522,0.0002230934190638085,0.00020975893228677728,0.0002230934190638085,1227.932317377261
1791218760,0.0002230934190638085,0.00023156780857427173,0.0002230934190638085,0.0002298768357724743,206.81967028877642
1791218820,0.0002298768357724743,0.0002298768357724743,0.00022113231991661227,0.00022113231991661227,385.1499167320656
1791218880,0.00022113231991661227,0.0002540232526262855,0.00022113231991661227,0.0002518527176232397,2994.043330877813
1791218940,0.0002518527176232397,0.00026425455435254147,0.00024370758301193554,0.0002583727018622876,3145.5618971380222
1791219000,0.0002583727018622876,0.0002629692291046861,0.00024389745595785565,0.00024793070694795866,1609.0411239602172
1791219060,0.00024793070694795866,0.00024793070694795866,0.00023996029109255007,0.00024409172121451968,390.19571619416706
1791219120,0.00024409172121451968,0.00024409172121451968,0.00023899644900698657,0.00023899644900698657,195.15664973669226
1791219180,0.00023899644900698657,0.0002426064189734636,0.00023221744653357612,0.00023221744653357612,836.9170179291625
1791219240,0.00023221744653357612,0.00023603956193840426,0.00023201647507966873,0.0002320480818371319,253.81210989799783
1791219300,0.0002320480818371319,0.0002320480818371319,0.00022963999641376336,0.00022963999641376336,211.4734380306706
1791219360,0.00022963999641376336,0.0002396566566760365,0.00022963999641376336,0.00023661488011669476,529.564407144132
1791219420,0.00023661488011669476,0.00028259565991378487,0.00023661488011669476,0.0002787107223410961,4328.810799356306
1791219480,0.0002787107223410961,0.00028016533874754724,0.0002479609024904063,0.00025473899849677914,2795.009684806088
1791219540,0.00025473899849677914,0.00025473899849677914,0.00024758567419339494,0.00024758567419339494,190.40330474031416
1791219600,0.00024758567419339494,0.00024758567419339494,0.00024200819225874152,0.00024200819225874152,304.4389500187246
1791219660,0.00024200819225874152,0.00025152977777785916,0.0002408859982531151,0.00025123478583390893,621.9815015706416
1791219720,0.00025123478583390893,0.0002515498857658829,0.00025123478583390893,0.0002515498857658829,23.20797937136205
1791219780,0.0002515498857658829,0.00025265250473382556,0.00024783524634201527,0.0002496922722663299,169.4727381737675
1791219840,0.0002496922722663299,0.00025778635413256325,0.0002496922722663299,0.0002529392597541824,373.7063640505072
1791219900,0.0002529392597541824,0.0002529392597541824,0.0002528011907751232,0.0002528011907751232,19.74238116162752
1791219960,0.0002528011907751232,0.0002586031261646703,0.000251767506927198,0.0002586031261646703,375.8982477253678
1791220020,0.0002586031261646703,0.00026164088587170894,0.0002580764919604372,0.0002580764919604372,135.97724365456725
1791220080,0.0002580764919604372,0.00026267096531510536,0.0002580764919604372,0.0002600868996794159,125.65010848377423
1791220140,0.0002600868996794159,0.00026350008814104503,0.0002600868996794159,0.0002601126219242298,1.7145374544711494
1791220200,0.0002601126219242298,0.0002601126219242298,0.0002522067042542774,0.0002522067042542774,569.9209012129513
1791220260,0.0002522067042542774,0.00025633056590931597,0.0002522067042542774,0.00025308155217795624,198.99313265978915
1791220320,0.00025308155217795624,0.00025566284003704663,0.00025308155217795624,0.00025566284003704663,9.618531484308505
1791220380,0.00025566284003704663,0.0002585497403299482,0.0002435300128497911,0.0002435300128497911,1214.5796268955032
1791220440,0.0002435300128497911,0.0002451713449947378,0.00022372637445825435,0.00022372637445825435,1787.6027166446827
1791220500,0.00022372637445825435,0.00022372637445825435,0.00022340619853085448,0.00022340619853085448,28.753838258012394
1791220560,0.00022340619853085448,0.0002372811864779295,0.00022340619853085448,0.0002372811864779295,1079.6162173624534
1791220620,0.0002372811864779295,0.0002447998058447556,0.0002363507302557069,0.0002363507302557069,537.4540450961985
1791220680,0.0002363507302557069,0.00024176974329075433,0.00023126949823449875,0.00024176974329075433,634.2252894816347
1791220740,0.00024176974329075433,0.00024919999517021964,0.00024176974329075433,0.0002479840896290172,631.5048569755456
1791220800,0.0002479840896290172,0.0002479840896290172,0.0002476847638690886,0.0002476847638690886,9.907390554763545
1791220860,0.0002476847638690886,0.00025101107175676767,0.0002476847638690886,0.00025101107175676767,7.036992088576201
1791220980,0.00025101107175676767,0.0002510640604554598,0.0002476622916416457,0.0002510640604554598,24.901483886516942
1791221040,0.0002510640604554598,0.00025108937971154445,0.0002476210847718969,0.00025108937971154445,9.079491964201404
1791221100,0.00025108937971154445,0.0002564634079225586,0.0002480220012975293,0.0002546809579734211,716.4600336018482
1791221160,0.0002546809579734211,0.0002586525304149663,0.0002546809579734211,0.0002557799134029347,71.73803798657437
1791221220,0.0002557799134029347,0.0002557799134029347,0.00025308732633174097,0.00025308732633174097,150.48587016868518
1791221280,0.00025308732633174097,0.0002566296981336433,0.0002529718053524529,0.0002529718053524529,36.96648434276977
1791221340,0.0002529718053524529,0.0002580675799708967,0.00025271621010566073,0.00025628115922763126,229.2200297137395
1791221400,0.00025628115922763126,0.00026112772846668476,0.00025628115922763126,0.00026112772846668476,130.70265525031863
1791221460,0.00026112772846668476,0.0002627386634403388,0.00026112772846668476,0.0002627386634403388,99.04893743865993
1791221520,0.0002627386634403388,0.0002634530611743163,0.0002561318550590064,0.0002561318550590064,443.47189363955704
1791221580,0.0002561318550590064,0.0002561318550590064,0.0002471892193327474,0.00025070813408260725,297.89511293736916
1791221640,0.00025070813408260725,0.00025070813408260725,0.00024705989171090715,0.0002502139238795602,33.27690342221237
1791221700,0.0002502139238795602,0.0002502139238795602,0.0002469082820910285,0.00025000501485976644,32.83619427896263
1791221760,0.00025000501485976644,0.00025000501485976644,0.00024133049726971154,0.00024133049726971154,317.8591038933473
1791221820,0.00024133049726971154,0.00024429517090185897,0.00024081446430581727,0.00024429517090185897,106.97983659824564
1791221880,0.00024429517090185897,0.0002448877058408029,0.00024429517090185897,0.0002448877058408029,18.79597851239936
1791221940,0.0002448877058408029,0.00024494107783040226,0.0002411282300655056,0.0002411282300655056,92.99510877264369
1791222000,0.0002411282300655056,0.0002411282300655056,0.00023753291337408206,0.00024096503037501527,160.3670764897455
1791222060,0.00024096503037501527,0.00024096503037501527,0.00023275138790217062,0.00023275138790217062,301.6114550289421
1791222120,0.00023275138790217062,0.0002363151171337008,0.0002304192630859303,0.0002304192630859303,228.80830743228606
1791222180,0.0002304192630859303,0.0002304192630859303,0.00022717838282262755,0.00022718396089077414,176.29848234172363
1791222240,0.00022718396089077414,0.00022965224104620486,0.00022452633548397153,0.00022731280293012977,470.9273682945236
1791222300,0.00022731280293012977,0.00022904662720005071,0.000225880671864467,0.000225880671864467,10.479169433675933
1791222360,0.000225880671864467,0.00022858110286058208,0.00022552644825028258,0.00022552644825028258,37.169696176079334
1791222420,0.00022552644825028258,0.00022552644825028258,0.0002252362962987932,0.0002252362962987932,0.015441452689741548
1791222480,0.0002252362962987932,0.0002252362962987932,0.00022514795493604455,0.00022523097709298216,3.176731213807427
1791222540,0.00022523097709298216,0.0002311297212761468,0.00022523097709298216,0.0002311297212761468,237.2770599687088
1791222600,0.0002311297212761468,0.00023677072529728032,0.0002311297212761468,0.00023621307314311045,551.929612608814
1791222660,0.00023621307314311045,0.0002389963611591249,0.00023610261073930418,0.00023610261073930418,53.33268708284319
1791222720,0.00023610261073930418,0.000239951165549128,0.00023610261073930418,0.000239951165549128,60.35240179805703
1791222780,0.000239951165549128,0.00024053376735587662,0.0002365420345398802,0.00024040367276294942,208.01256373444508
1791222840,0.00024040367276294942,0.00024266283907324338,0.00023934675422597715,0.00024266283907324338,75.46457706902802
1791222900,0.00024266283907324338,0.00024266283907324338,0.0002390414298460689,0.00023907437534623777,21.325348517106395
1791222960,0.00023907437534623777,0.00023907437534623777,0.00022446805017264479,0.00022496273103956335,1124.3670677684606
1791223020,0.00022496273103956335,0.0002251018161860772,0.00022138317487845803,0.00022138317487845803,63.56969924528393
1791223080,0.00022138317487845803,0.00022428351529585856,0.00022131730384583647,0.00022427999688131637,17.909375437505545
1791223140,0.00022427999688131637,0.0002471842274556723,0.00022105149378724836,0.0002471842274556723,1602.00623017262
1791223200,0.0002471842274556723,0.00025322448087772964,0.0002471842274556723,0.00024777068907965295,393.54876067917877
1791223260,0.00024777068907965295,0.00025618368765471274,0.0002457508784742342,0.00025618368765471274,200.2741443327247
1791223320,0.00025618368765471274,0.00025618368765471274,0.0002557169219336727,0.0002557169219336727,20.452953195779767
1791223440,0.0002557169219336727,0.0002574477635048477,0.00025331053163964775,0.00025331053163964775,170.08761199442978
1791223500,0.00025331053163964775,0.00025751637177815937,0.0002527867587456258,0.00025751637177815937,92.17175828485446
1791223560,0.00025751637177815937,0.0002706707802922453,0.00025751637177815937,0.0002671430087469554,1198.797735440449
1791223620,0.0002671430087469554,0.00026975293678792707,0.0002671430087469554,0.00026975293678792707,8.104510436497955
1791223680,0.00026975293678792707,0.0002746830143145092,0.00026973419535231315,0.0002704459846760948,147.88836906846666
1791223740,0.0002704459846760948,0.00027964137823927564,0.00026861512482857655,0.00027964137823927564,627.1815530174281
1791223800,0.00027964137823927564,0.0002821125111344672,0.00027866298770040383,0.0002817584100591298,263.05088478377496
1791223860,0.0002817584100591298,0.0002826487561558637,0.0002785039905302761,0.0002785039905302761,55.591797407025624
1791223920,0.0002785039905302761,0.0002785039905302761,0.0002769603843115088,0.0002777667210369286,88.50743787008635
1791223980,0.0002777667210369286,0.00028078298478488616,0.0002654650692673688,0.0002654650692673688,1302.9045993246389
1791224040,0.0002654650692673688,0.0002654650692673688,0.0002503058185447789,0.00025072670338208223,65.56333037429927
1791224100,0.00025072670338208223,0.0002534315473277183,0.00025072670338208223,0.0002534315473277183,255.9953791583895
1791224160,0.0002534315473277183,0.0002534315473277183,0.0002498820590621668,0.00025112859207630496,251.5219774130379
1791224220,0.00025112859207630496,0.0002527354680609432,0.00024962026978962807,0.00024962026978962807,330.14787269354866
1791224280,0.00024962026978962807,0.00025156488336430555,0.00024962026978962807,0.00025156488336430555,7.0604936201108695
1791224340,0.00025156488336430555,0.00025156488336430555,0.00024155858039427957,0.00024424669106645286,850.3806331212594
1791224400,0.00024424669106645286,0.00024575668565390146,0.00024424669106645286,0.00024575668565390146,118.93539838526831
1791224460,0.00024575668565390146,0.0002468846985472607,0.00024377831760990083,0.00024377831760990083,46.460135326042796
1791224520,0.00024377831760990083,0.0002472392684538937,0.0002436818459727735,0.0002436818459727735,17.751309239167696
1791224580,0.0002436818459727735,0.00024720245953124847,0.0002436818459727735,0.00024720245953124847,14.859115245941348
1791224640,0.00024720245953124847,0.00024720245953124847,0.00024338152683286605,0.00024338152683286605,66.21313942831455
1791224700,0.00024338152683286605,0.00024338152683286605,0.0002320860672943823,0.0002359683669928599,1271.2283419604323
1791224760,0.0002359683669928599,0.00024023074401915184,0.0002359683669928599,0.00023769474728935742,166.35317162331222
1791224820,0.00023769474728935742,0.00023960602473296078,0.00023634997256253768,0.00023960602473296078,27.226564051448868
1791224880,0.00023960602473296078,0.00023960602473296078,0.0002298469288871054,0.0002298469288871054,681.1367399707883
1791224940,0.0002298469288871054,0.00023116399057940347,0.00022701641610521894,0.00023116399057940347,77.16175126560827
1791225180,0.00023116399057940347,0.00023133111481809377,0.00023116399057940347,0.00023133111481809377,7.059822148778305
1791225300,0.00023133111481809377,0.00023188223050608244,0.00023133111481809377,0.00023188223050608244,59.43321735077081
1791225360,0.00023188223050608244,0.00023330736069395518,0.00023019935531423484,0.00023019935531423484,9.823187787900736
1791225420,0.00023019935531423484,0.00023019935531423484,0.0002301244160924134,0.0002301244160924134,1.560496359702197
1791225480,0.0002301244160924134,0.0002301244160924134,0.00022812089747897745,0.00022812089747897745,225.99374607515733
1791225540,0.00022812089747897745,0.00022812089747897745,0.00022589836113580213,0.00022589836113580213,59.86806823839418
1791225600,0.00022589836113580213,0.0002285708085710607,0.00022589836113580213,0.0002285708085710607,17.755386558354683
1791225660,0.0002285708085710607,0.0002285708085710607,0.0002221170895949064,0.0002221278053981957,462.3231847540868
1791225840,0.0002221278053981957,0.0002225944519581466,0.0002221278053981957,0.0002225944519581466,7.057539040692452
1791226020,0.0002225944519581466,0.00022285484079437778,0.00021978338813186604,0.00021978338813186604,18.046227024569408
1791226200,0.00021978338813186604,0.0002236236313596553,0.00021970281970043844,0.0002236236313596553,173.60166664693378
1791226260,0.0002236236313596553,0.0002244811550974706,0.00022152649205249493,0.00022152649205249493,10.053838641648369
1791226320,0.00022152649205249493,0.0002238818989628504,0.00022122732498832388,0.0002238818989628504,55.583398711738845
1791226380,0.0002238818989628504,0.0002238818989628504,0.00021145606834038728,0.00021145606834038728,877.8754037153085
1791226440,0.00021145606834038728,0.00021364334134576108,0.0002100195251094266,0.00021364334134576108,76.21441015838273
1791226500,0.00021364334134576108,0.00021420352686390656,0.00020125327612887078,0.00020400346110112762,1624.904043921054
1791226560,0.00020400346110112762,0.00020400346110112762,0.0002029603818285629,0.0002029603818285629,109.51487962244623
1791226620,0.0002029603818285629,0.0002050146810655532,0.00020211091157637653,0.0002021258847030358,65.76482706391111
1791226680,0.0002021258847030358,0.0002046409667243244,0.0002017135108936482,0.0002017135108936482,34.118180865439754
1791226740,0.0002017135108936482,0.00020601871141057263,0.0002017135108936482,0.00020306213635433746,113.8439074086955
1791226800,0.00020306213635433746,0.00020660533606478698,0.00020306213635433746,0.00020398206837574461,159.80391955008136
1791226860,0.00020398206837574461,0.0002075131132959246,0.00020342648786334964,0.0002043378742119527,218.17758447989638
1791226920,0.0002043378742119527,0.00020644731500041758,0.00020203955079066885,0.0002053702626366411,179.49342763058615
1791226980,0.0002053702626366411,0.0002053702626366411,0.00020230239421675084,0.00020230239421675084,98.44877814804542
1791227040,0.00020230239421675084,0.00020230239421675084,0.00020143655026605043,0.00020143655026605043,19.512751445062637
1791227100,0.00020143655026605043,0.00020444801145111063,0.00020143655026605043,0.00020444801145111063,36.426804816930606
1791227160,0.00020444801145111063,0.00020464629087048853,0.00020444801145111063,0.00020464629087048853,1.7377365311932864
1791227220,0.00020464629087048853,0.00020464629087048853,0.0001958257414803213,0.0001958257414803213,433.22179847916215
1791227280,0.0001958257414803213,0.0001958257414803213,0.00018736338513064964,0.000190420491504087,983.668286418924
1791227340,0.000190420491504087,0.0001921866563591692,0.00018674250606526377,0.00018674250606526377,435.36232592017313
1791227400,0.00018674250606526377,0.00019426586845244665,0.00018658916851973967,0.00019198968078351384,556.6851604997585
1791227460,0.00019198968078351384,0.0001934891479659263,0.00019022813179888127,0.0001934891479659263,354.3055546085435
1791227520,0.0001934891479659263,0.0001934891479659263,0.00019090061158046913,0.00019347103545509482,7.062324301198912
1791227580,0.00019347103545509482,0.00019347103545509482,0.00019091899220136533,0.00019091899220136533,20.493358200603012
1791227640,0.00019091899220136533,0.0001942777205277371,0.00019091899220136533,0.0001942777205277371,100.82196585717811
1791227700,0.0001942777205277371,0.00020166059767802913,0.0001942777205277371,0.0002000366952047381,546.133008307519
1791227760,0.0002000366952047381,0.00020109581621717584,0.00019559329023875987,0.00020109581621717584,321.8112436762648
1791227820,0.00020109581621717584,0.00020157005382260648,0.00019887104228436843,0.00020143891891884539,10.868420924413549
1791227880,0.00020143891891884539,0.00021100433567170765,0.00020143891891884539,0.00020989428883732308,955.520711256778
1791227940,0.00020989428883732308,0.0002149062638974061,0.00020989428883732308,0.0002126306947441756,439.3882525209741
1791228000,0.0002126306947441756,0.00021611279521503073,0.0002126306947441756,0.00021611279521503073,125.15166285068948
1791228060,0.00021611279521503073,0.00021611279521503073,0.00021150639078829005,0.00021150639078829005,159.13804817289198
1791228120,0.00021150639078829005,0.00021150639078829005,0.00021113807192412113,0.00021113807192412113,42.90586238320368
1791228180,0.00021113807192412113,0.00021297079207408028,0.00021002978465114593,0.00021297079207408028,63.6771878678655
1791228240,0.00021297079207408028,0.00021297079207408028,0.00020962224132972594,0.00020962224132972594,34.01057909074367
1791228300,0.00020962224132972594,0.00020962224132972594,0.00020849637307670553,0.00020849637307670553,63.51080077524547
1791228360,0.00020849637307670553,0.00020853218981878912,0.0002084086846466053,0.0002084086846466053,15.224306615044837
1791228420,0.0002084086846466053,0.00021108916477974947,0.0002084086846466053,0.00021108916477974947,7.064966004248367
1791228480,0.00021108916477974947,0.00021417462095884988,0.00021108916477974947,0.00021417462095884988,388.7245921160637
1791228540,0.00021417462095884988,0.0002173311474361928,0.00021417462095884988,0.0002146003789603855,6.535715977644257
1791228600,0.0002146003789603855,0.00021746795438493428,0.00021446245243712998,0.00021746795438493428,87.83031323890798
1791228720,0.00021746795438493428,0.00021746795438493428,0.00021375094603430118,0.00021375094603430118,192.20018717149108
1791228780,0.00021375094603430118,0.00021375094603430118,0.00021214308719439377,0.00021214308719439377,11.83892241843043
1791228840,0.00021214308719439377,0.0002149037582052979,0.00020847192976396032,0.00020847192976396032,283.4309618260566
1791228900,0.00020847192976396032,0.00020847192976396032,0.00020751788881578876,0.00020751788881578876,20.639880716736382
1791229020,0.00020751788881578876,0.00021059678283022712,0.00020700295850565486,0.00021059678283022712,156.1086822522511
1791229080,0.00021059678283022712,0.00021145622700638155,0.00020854541480570024,0.00020854541480570024,26.132686194773317
1791229140,0.00020854541480570024,0.00021121995155519145,0.00020819390492507174,0.00021121995155519145,49.39970812378498
1791229260,0.00021121995155519145,0.00021147689548976415,0.00020857691471260297,0.00021147689548976415,7.973648220270218
1791229320,0.00021147689548976415,0.00021174004233256167,0.00021147689548976415,0.00021174004233256167,6.531665502606344
1791229380,0.00021174004233256167,0.00021216971320273784,0.00020880223993990875,0.00021216971320273784,65.04676065718195
1791229440,0.00021216971320273784,0.0002245513344738322,0.00021216971320273784,0.00021956021660010387,1305.8328439394168
1791229500,0.00021956021660010387,0.00022264463659798017,0.00021881656242115396,0.00022264463659798017,103.79773549791197
1791229560,0.00022264463659798017,0.00022264463659798017,0.00020844256908614158,0.00020844256908614158,911.0193796763166
1791229620,0.00020844256908614158,0.00020844256908614158,0.00020348478541657125,0.00020348478541657125,216.49394025433935
1791229680,0.00020348478541657125,0.00020792512559634994,0.00020348478541657125,0.00020792512559634994,142.55894441936064
1791229740,0.00020792512559634994,0.00020792512559634994,0.000204542530458353,0.00020748768125047843,16.434128472426902
1791229800,0.00020748768125047843,0.00020748768125047843,0.0002040262391888205,0.0002040262391888205,43.96701973484356
1791229860,0.0002040262391888205,0.00020780375292927115,0.0002040262391888205,0.00020587836557045994,128.38220289061786
1791229920,0.00020587836557045994,0.00020587836557045994,0.0002036461817032477,0.00020525331861113752,356.6537512775944
1791229980,0.00020525331861113752,0.0002108450458113688,0.00020261878266256202,0.0002108450458113688,1016.9443256219063
1791230040,0.0002108450458113688,0.00021752971692249289,0.0002108450458113688,0.00021752971692249289,7.7202298312346285
1791230100,0.00021752971692249289,0.00021879450084936485,0.00021697562539081962,0.00021697562539081962,162.48178935252503
1791230160,0.00021697562539081962,0.00022048999696231306,0.00021697562539081962,0.00022048999696231306,66.01764977857248
1791230280,0.00022048999696231306,0.00022048999696231306,0.00020970152292387818,0.00021140568743269574,680.243514348013
1791230340,0.00021140568743269574,0.00021204075807939823,0.0002090550473074598,0.0002090550473074598,13.209151015937316
1791230400,0.0002090550473074598,0.00021195597971339532,0.00020860633446627896,0.00020860633446627896,59.90289638131391
1791230460,0.00020860633446627896,0.00021096598002248425,0.0002078271409817031,0.0002078271409817031,61.815980829955805
1791230520,0.0002078271409817031,0.000210521011593088,0.000206095498874222,0.00020879968644531098,163.99600518358926
1791230580,0.00020879968644531098,0.00020937465276997102,0.00020649439295594477,0.00020649439295594477,40.85245480822941
1791230640,0.00020649439295594477,0.00020649439295594477,0.00020546941968353736,0.00020546941968353736,90.34330138195469
1791230700,0.00020546941968353736,0.00020636340485197902,0.00020410726119674712,0.00020627064263113544,91.58124970051395
1791230760,0.00020627064263113544,0.00020650100869260918,0.00020627064263113544,0.00020650100869260918,7.072679713164867
1791230820,0.00020650100869260918,0.00020657638585178787,0.00020378275685654029,0.00020378275685654029,54.651821231003396
1791230880,0.00020378275685654029,0.00020378275685654029,0.00020297692941415287,0.00020297692941415287,68.97188778471366
1791230940,0.00020297692941415287,0.00020506783469050554,0.00020235556060836792,0.0002023876451460646,15.018538335177853
1791231000,0.0002023876451460646,0.00020734035184470306,0.00020218135400192796,0.00020734035184470306,383.9727734646749
1791231060,0.00020734035184470306,0.0002111141389204166,0.00020734035184470306,0.0002111141389204166,118.7949920424525
1791231240,0.0002111141389204166,0.00021279690694410867,0.0002111141389204166,0.00021279690694410867,47.411086112778676
1791231300,0.00021279690694410867,0.00021279690694410867,0.00020896557420011953,0.00020896557420011953,64.93756113849734
1791231360,0.00020896557420011953,0.00020896557420011953,0.0002080846252748753,0.0002080846252748753,103.52210107425046
1791231420,0.0002080846252748753,0.00020808658517421303,0.0002058633532953967,0.00020808658517421303,176.77212661060653
1791231540,0.00020808658517421303,0.00021067215496030258,0.00020738676767636342,0.00021067215496030258,183.44260292845118
1791231600,0.00021067215496030258,0.00021067215496030258,0.00020742414804260657,0.00020742414804260657,112.48282733118225
1791231660,0.00020742414804260657,0.00021123993973623916,0.0002066321518061043,0.0002073656204010504,326.1631846407332
1791231720,0.0002073656204010504,0.00021048748225149683,0.0002073656204010504,0.00021048748225149683,146.5787825419546
1791231780,0.00021048748225149683,0.00021048748225149683,0.0002046765711981579,0.0002046765711981579,184.43109630280992
1791231840,0.0002046765711981579,0.0002046765711981579,0.00020384847886375439,0.00020384847886375439,101.9242394318772
1791231900,0.00020384847886375439,0.0002058734816607254,0.00020305941413810148,0.00020305941413810148,7.1254281777337765
1791231960,0.00020305941413810148,0.00020305941413810148,0.00020165930892563676,0.00020165930892563676,119.4915225579517
1791232020,0.00020165930892563676,0.00020165930892563676,0.00020040083586300375,0.00020040083586300375,62.288516930207116
1791232080,0.00020040083586300375,0.00020366623641765598,0.00020040083586300375,0.0002008921941940101,210.71822214606632
1791232140,0.0002008921941940101,0.00020100485790189619,0.00019795939804016148,0.00019795939804016148,166.3645271076711
1791232260,0.00019795939804016148,0.00020147125718405373,0.00019795939804016148,0.0001983130355497379,264.866830279901
1791232320,0.0001983130355497379,0.0002052322968954767,0.0001983130355497379,0.0002052322968954767,238.2916355302305
1791232380,0.0002052322968954767,0.0002052322968954767,0.00020132161692237039,0.00020163704621421435,142.76234238776186
1791232440,0.00020163704621421435,0.00020163704621421435,0.0001861235948521581,0.0001861235948521581,1331.9661689665813
1791232500,0.0001861235948521581,0.0001861235948521581,0.0001778271034908826,0.00017850095120981507,592.0056374626188
1791232560,0.00017850095120981507,0.00017957736451360907,0.00016153059352288883,0.00016646980636323864,1914.4054375476871
1791232620,0.00016646980636323864,0.00016891522916693576,0.0001638263153053627,0.00016629883810552956,433.7287345872822
1791232680,0.00016629883810552956,0.00016712999127300895,0.00016229111738633897,0.00016229111738633897,445.8972501794105
1791232740,0.00016229111738633897,0.00016847793703521,0.00016229111738633897,0.00016612166806019696,724.7761471072866
1791232800,0.00016612166806019696,0.00016898674657321792,0.00016612166806019696,0.00016898674657321792,209.377395381294
1791232860,0.00016898674657321792,0.00017103026458907064,0.00016747112518638983,0.00016926399840630897,486.34962156405976
1791232920,0.00016926399840630897,0.00017045572047111587,0.00016759688604675991,0.00016759688604675991,91.86691475978415
1791233040,0.00016759688604675991,0.00017160950794940552,0.00016759688604675991,0.00017160950794940552,147.54532600793806
1791233100,0.00017160950794940552,0.00017160950794940552,0.00015928627413323634,0.00016320702767797383,1047.3118104931186
1791233160,0.00016320702767797383,0.00016320702767797383,0.00014805519039468135,0.0001619932302552526,3030.4668826331867
1791233220,0.0001619932302552526,0.00017129922898211964,0.0001619932302552526,0.00016844994162357795,370.5150363372978
1791233280,0.00016844994162357795,0.00017678613459185178,0.00016844994162357795,0.00017678613459185178,463.8568295005336
1791233340,0.00017678613459185178,0.00017936033157800238,0.00017346291007274087,0.0001781080014316921,616.9031991277785
1791233400,0.0001781080014316921,0.00018403560531739824,0.00017513160019047095,0.0001819823826583033,983.336963839377
1791233460,0.0001819823826583033,0.0001853376222250155,0.0001819823826583033,0.00018414341777799414,271.4292774394332
1791233520,0.00018414341777799414,0.00018889753115611583,0.00018414341777799414,0.00018581131541651227,298.33399288473163
1791233580,0.00018581131541651227,0.00018581131541651227,0.00018142523448832934,0.00018142523448832934,324.01492328411257
1791233640,0.00018142523448832934,0.0001818746572292392,0.00018142523448832934,0.0001818746572292392,8.561595016372564
1791233700,0.0001818746572292392,0.0001818746572292392,0.00018160017563285033,0.00018160017563285033,13.559635148676955
1791233760,0.00018160017563285033,0.00018540902827334632,0.0001815757241040894,0.00018540902827334632,190.51557022366512
1791233880,0.00018540902827334632,0.00018569147011253685,0.00018495357943426193,0.00018495357943426193,103.43015944452941
1791233940,0.00018495357943426193,0.00018495357943426193,0.00018392754266514656,0.00018392754266514656,10.635551801860174
1791234000,0.00018392754266514656,0.0001864413554456028,0.00018392754266514656,0.0001864413554456028,3.7338830207415548
1791234060,0.0001864413554456028,0.0001937801512151103,0.0001864413554456028,0.0001937801512151103,588.7603408604998
1791234120,0.0001937801512151103,0.00019475461084515863,0.00019144609257049455,0.00019144609257049455,60.13862251570128
1791234180,0.00019144609257049455,0.00019144609257049455,0.00018817794409375574,0.00018817794409375574,429.1148340539295
1791234240,0.00018817794409375574,0.00018859159562489015,0.00018817794409375574,0.00018859159562489015,2.3846052867934637
1791234300,0.00018859159562489015,0.00018859159562489015,0.00018596159541869124,0.00018832408708472246,26.262866044510332
1791234420,0.00018832408708472246,0.00018978047471428735,0.00018561025699534653,0.00018978047471428735,178.7118011434104
1791234480,0.00018978047471428735,0.00019079220938120832,0.00018978047471428735,0.00019079220938120832,48.54652334554748
1791234540,0.00019079220938120832,0.00019114001126202982,0.00018827150566011307,0.00018827150566011307,42.92759275775508
1791234600,0.00018827150566011307,0.00019066835790202275,0.00018827150566011307,0.00019020542409855132,91.3099239428667
1791234660,0.00019020542409855132,0.00019020542409855132,0.00018779939930022168,0.00018779939930022168,15.6383411516149
1791234720,0.00018779939930022168,0.0001904696283151503,0.00018779939930022168,0.0001904696283151503,27.14827085560454
1791234780,0.0001904696283151503,0.0001904696283151503,0.00018743613955510047,0.00018743613955510047,93.24989403252984
1791234840,0.00018743613955510047,0.00018743613955510047,0.0001872653941667207,0.00018730928708294732,9.96507191033705
1791234900,0.00018730928708294732,0.00018981145158699663,0.00018617848100823824,0.00018769171087946215,164.1354237747727
1791234960,0.00018769171087946215,0.00018800558905810008,0.0001847940761100951,0.00018669640413490637,103.24573867700636
1791235020,0.00018669640413490637,0.00018669640413490637,0.00018358911606918698,0.000183763232773833,118.25417065533206
1791235080,0.000183763232773833,0.00018647042595278866,0.000183763232773833,0.00018647042595278866,14.561103738572742
1791235140,0.00018647042595278866,0.00018658573677249907,0.00018647042595278866,0.00018658573677249907,1.1954180424380554
1791235200,0.00018658573677249907,0.00018691973975715613,0.00018658573677249907,0.00018691973975715613,40.35932003266114
1791235320,0.00018691973975715613,0.00018970637758379796,0.00018691973975715613,0.00018970637758379796,228.24507503070635
1791235380,0.00018970637758379796,0.00019087022018296837,0.00018788663551032618,0.00018788663551032618,113.93073721832613
1791235440,0.00018788663551032618,0.00018788663551032618,0.0001847610518238225,0.00018640502855167782,286.4733487968452
1791235500,0.00018640502855167782,0.00018640502855167782,0.0001842570469513529,0.0001842570469513529,7.507702460225305
1791235560,0.0001842570469513529,0.0001842570469513529,0.0001805706984964307,0.0001805706984964307,260.5963099961352
1791235620,0.0001805706984964307,0.0001815329401926131,0.00017936931128196827,0.0001815329401926131,236.21582125068267
1791235680,0.0001815329401926131,0.00018456093652526685,0.000178538698708494,0.000178538698708494,695.4826383006881
1791235740,0.000178538698708494,0.000178538698708494,0.00017463346216993591,0.0001770980430246608,10.2880537014412
1791235860,0.0001770980430246608,0.0001774553753184292,0.0001770980430246608,0.0001774553753184292,48.503101602050506
1791235920,0.0001774553753184292,0.0001774553753184292,0.0001726746948597436,0.0001726746948597436,383.7592469953206
1791235980,0.0001726746948597436,0.0001726746948597436,0.0001699734667855719,0.00017262195893471744,29.49193662681908
1791236040,0.00017262195893471744,0.00017286421111933044,0.00016894235231273232,0.0001708281766022354,230.99575166446772
1791236100,0.0001708281766022354,0.0001708281766022354,0.0001682673594469058,0.0001682673594469058,30.168943312412612
1791236160,0.0001682673594469058,0.0001710227990733452,0.0001682673594469058,0.00016927252560426217,103.23500953683306
1791236220,0.00016927252560426217,0.0001717011220835714,0.00016918386886681595,0.00016918386886681595,23.331287468691215
1791236280,0.00016918386886681595,0.0001724243146533547,0.00016918386886681595,0.0001724243146533547,63.73014643567941
1791236340,0.0001724243146533547,0.00017256094336867353,0.0001724243146533547,0.00017256094336867353,18.023971972649832
1791236400,0.00017256094336867353,0.00017269591827319373,0.00016855075961190317,0.00016855075961190317,194.09350930372972
1791236520,0.00016855075961190317,0.00017073494602228785,0.00016855075961190317,0.00017073494602228785,9.899391948806892
1791236580,0.00017073494602228785,0.00017073494602228785,0.00015759837998053088,0.00015759837998053088,780.3383386101739
1791236640,0.00015759837998053088,0.0001604932050188734,0.00013719006122993684,0.00015034749332781998,3625.9351127801033
1791236700,0.00015034749332781998,0.00015237121361017888,0.00012853667492077685,0.00013809253481550314,4781.8854097287185
1791236760,0.00013809253481550314,0.0001390319823254061,0.00012055789617901329,0.0001335271431078725,3716.2834206038533
1791236820,0.0001335271431078725,0.00013417333854796648,0.00012494204693215235,0.00012494204693215235,1610.912092789628
1791236880,0.00012494204693215235,0.00013188831742581757,0.00012217100089295384,0.00013188831742581757,1685.9451744916212
1791236940,0.00013188831742581757,0.00013188831742581757,0.00012810167520022794,0.00012810167520022794,328.04142224961953
1791237000,0.00012810167520022794,0.00013336769595305122,0.00012745166341415602,0.0001321039812840407,713.3079832044078
1791237060,0.0001321039812840407,0.0001386128844703195,0.0001321039812840407,0.00013833693576905846,594.2488575443207
1791237120,0.00013833693576905846,0.00014076673266650734,0.00013521078117570778,0.00013823921944631148,1098.0412437792827
1791237180,0.00013823921944631148,0.0001384506768994155,0.0001365696794406504,0.0001384506768994155,24.302169008323
1791237240,0.0001384506768994155,0.0001384506768994155,0.00013389557745353072,0.00013749908308922636,680.511434739228
1791237300,0.00013749908308922636,0.00013749908308922636,0.00012439867627389364,0.00012819360654012032,1222.587370152625
1791237360,0.00012819360654012032,0.00013230978943288887,0.00012819360654012032,0.0001306795294408416,374.52607763013043
1791237420,0.0001306795294408416,0.00013812178706148662,0.0001306795294408416,0.00013812178706148662,809.4266360870301
1791237480,0.00013812178706148662,0.00016361540529774826,0.0001379959095099998,0.00015117192640371616,3608.661782487611
1791237540,0.00015117192640371616,0.00015329051208479264,0.00014585452354537047,0.00014623250380773605,112.64542898288543
1791237600,0.00014623250380773605,0.00014669273565633923,0.00014623250380773605,0.00014669273565633923,2.1097663482008087
1791237660,0.00014669273565633923,0.00014698981396244935,0.00014393817798346437,0.00014393817798346437,219.38714577601039
1791237720,0.00014393817798346437,0.00014465848171959787,0.00014205475825568667,0.00014205475825568667,64.82257641989577
1791237780,0.00014205475825568667,0.00014412456758686095,0.00014205475825568667,0.00014412456758686095,2.374065488969176
1791237840,0.00014412456758686095,0.00014438070564247823,0.00014412456758686095,0.00014438070564247823,2.161635797862087
1791237900,0.00014438070564247823,0.00014438070564247823,0.0001346581997826094,0.0001346581997826094,613.1710019051346
1791237960,0.0001346581997826094,0.0001346581997826094,0.00012997464782771182,0.00012997464782771182,377.1433972236477
1791238020,0.00012997464782771182,0.00013155861813287506,0.00012759196106236877,0.00013088279936581833,771.455796260882
1791238140,0.00013088279936581833,0.00013386201982654205,0.00013088279936581833,0.00013270728642188952,207.87688109396487
1791238200,0.00013270728642188952,0.00013646459675881612,0.00013270728642188952,0.00013646459675881612,145.79826330105635
1791238260,0.00013646459675881612,0.00013660898158029372,0.0001343528328147733,0.0001343528328147733,44.64526565174108
1791238320,0.0001343528328147733,0.0001343528328147733,0.00012966068163614364,0.00013140124072671047,512.6464169219792
1791238380,0.00013140124072671047,0.00013140124072671047,0.00012838296908937853,0.0001284237119473356,111.25799922445611
1791238440,0.0001284237119473356,0.0001301876620765203,0.000128362697323703,0.000128362697323703,4.742786203026923
1791238500,0.000128362697323703,0.000128362697323703,0.000128252312480523,0.000128252312480523,12.761105091812036
1791238560,0.000128252312480523,0.000128252312480523,0.0001279104694445636,0.0001279104694445636,31.05314288332848
1791238680,0.0001279104694445636,0.0001279104694445636,0.0001272151475946954,0.0001272151475946954,139.99216758083668
1791238740,0.0001272151475946954,0.0001272151475946954,0.0001236557782161604,0.00012629170867016877,626.3301023281679
1791238800,0.00012629170867016877,0.00012864067731632582,0.00012629170867016877,0.00012864067731632582,189.52042589399628
1791238860,0.00012864067731632582,0.00012864067731632582,0.0001268860774673698,0.00012858527167159659,7.165294378037597
1791238920,0.00012858527167159659,0.00012867910763870264,0.0001243293680628063,0.0001243293680628063,527.7945360752731
1791238980,0.0001243293680628063,0.0001243293680628063,0.0001226234302175094,0.00012432828142197618,48.831548147945064
1791239040,0.00012432828142197618,0.00012432828142197618,0.00012233863747433473,0.00012233863747433473,16.51284770121003
1791239100,0.00012233863747433473,0.00013313251817354677,0.00012233863747433473,0.00013313251817354677,657.9622467394588
1791239160,0.00013313251817354677,0.00013453421933616865,0.00013313251817354677,0.00013453421933616865,109.41968821650968
1791239220,0.00013453421933616865,0.0001350703067466911,0.0001330109096397008,0.0001330109096397008,144.24416400949767
1791239280,0.0001330109096397008,0.0001330109096397008,0.00012731243667197308,0.0001278661432553392,443.7457350768003
1791239340,0.0001278661432553392,0.00012952637720268408,0.0001256202300823643,0.00012952637720268408,369.6712446305372
1791239400,0.00012952637720268408,0.0001296666890712177,0.0001277945237806655,0.0001277945237806655,9.15932030942319
1791239460,0.0001277945237806655,0.00012961236404898608,0.0001277945237806655,0.00012961236404898608,12.74698752446692
1791239520,0.00012961236404898608,0.00013047515327504504,0.00012909106895388046,0.0001291146662055123,113.34720182241922
1791239580,0.0001291146662055123,0.00013100852947720002,0.0001275376754118713,0.0001275376754118713,149.017548175298
1791239640,0.0001275376754118713,0.0001275376754118713,0.00012737929882347942,0.00012737929882347942,9.16857305014334
1791239700,0.00012737929882347942,0.0001290644729919262,0.00012704475444181245,0.0001290644729919262,60.07800283143212
1791239760,0.0001290644729919262,0.0001290644729919262,0.0001268141511500736,0.00012714059301986561,62.44874035549855
1791239880,0.00012714059301986561,0.00012714059301986561,0.00012626026298158586,0.00012626026298158586,34.77561003385269
1791239940,0.00012626026298158586,0.00013037197480447429,0.00012626026298158586,0.00013037197480447429,290.20947086959404
1791240000,0.00013037197480447429,0.00013037197480447429,0.0001296061949533287,0.0001296061949533287,3.55093304377072
1791240120,0.0001296061949533287,0.0001296061949533287,0.00012159242669007478,0.00012433164907806464,920.3424593340633
1791240180,0.00012433164907806464,0.00012433164907806464,0.000109017949936599,0.00012150175901532486,3030.912856055029
1791240240,0.00012150175901532486,0.00012150175901532486,0.0001190599790367266,0.00012050849455232396,252.3460915780285
1791240300,0.00012050849455232396,0.00012050849455232396,0.00010731249141755222,0.00010851737676140527,2479.4410278054797
1791240360,0.00010851737676140527,0.00011198931916714704,0.00010851737676140527,0.00011035101609733812,516.1969797137778
1791240420,0.00011035101609733812,0.00011355345391500648,0.00011035101609733812,0.00011355345391500648,242.9870468085441
1791240480,0.00011355345391500648,0.00011851510717971505,0.00011355345391500648,0.00011851510717971505,924.9991173283942
1791240540,0.00011851510717971505,0.00011851510717971505,0.00011778292529865057,0.00011778292529865057,47.66252015516396
1791240600,0.00011778292529865057,0.00012003312109341052,0.00011778292529865057,0.00012003312109341052,99.95087804969596
1791240660,0.00012003312109341052,0.00012003312109341052,0.00011804318745156602,0.00011804318745156602,124.4042098688478
1791240780,0.00011804318745156602,0.00012066076090281047,0.00011804318745156602,0.00012066076090281047,174.90733172096017
1791240840,0.00012066076090281047,0.0001210266585728402,0.00011940785586040025,0.00011940785586040025,6.726021707602825
1791240900,0.00011940785586040025,0.00012163527875521761,0.00011940785586040025,0.00012163527875521761,74.37657187135713
1791240960,0.00012163527875521761,0.00012163527875521761,0.00011989331085347801,0.0001214669254769955,31.23462186674549
1791241020,0.0001214669254769955,0.0001214669254769955,0.00011963164259815198,0.00011963164259815198,27.596782535282024
1791241080,0.00011963164259815198,0.00011963164259815198,0.0001194277351929276,0.0001194277351929276,6.910103750760194
1791241140,0.0001194277351929276,0.000121147341709866,0.00011938657111461611,0.0001197622319858101,65.79506366504931
1791241200,0.0001197622319858101,0.00012121357012245384,0.00011961021303028782,0.00012121357012245384,30.932968396393836
1791241260,0.00012121357012245384,0.00013276981531587235,0.00012121357012245384,0.00013065830118027012,996.8538972359429
1791241320,0.00013065830118027012,0.00013308033846608965,0.00013065830118027012,0.0001314756910616583,114.06300415201632
1791241380,0.0001314756910616583,0.00013462859941846696,0.0001314756910616583,0.00013462859941846696,109.30126293127614
1791241440,0.00013462859941846696,0.00013765513928281158,0.00013462859941846696,0.0001371778712376703,362.86061945530616
1791241500,0.0001371778712376703,0.00014058367883981718,0.00013693824937637217,0.000140482914245775,747.5526895320583
1791241560,0.000140482914245775,0.00014116230386596704,0.0001368371954333484,0.00013866896250299605,459.6434649898994
1791241620,0.00013866896250299605,0.00013866896250299605,0.00013649780576783886,0.00013649780576783886,35.04370272982918
1791241680,0.00013649780576783886,0.00013830166939126599,0.00013649780576783886,0.00013830166939126599,3.1350164723713574
1791241740,0.00013830166939126599,0.00014055055540282722,0.0001380760467095445,0.00014055055540282722,198.7405958922515
1791241800,0.00014055055540282722,0.00014112722118028546,0.00013905354973035866,0.00014112722118028546,74.49635569705495
1791241860,0.00014112722118028546,0.00014171413306404395,0.00013973229710918952,0.00013973229710918952,57.355591492634055
1791241980,0.00013973229710918952,0.00014193858336884722,0.00013878398239850186,0.00013962026696573787,153.2990696782514
1791242040,0.00013962026696573787,0.00014064660147094683,0.00013812387266915716,0.00013812387266915716,42.09622030563915
1791242100,0.00013812387266915716,0.00014018879520279743,0.00013812387266915716,0.00014018879520279743,13.790966092390343
1791242220,0.00014018879520279743,0.00016717495832358463,0.00014018879520279743,0.00016225049690666912,2958.099742131659
1791242280,0.00016225049690666912,0.00017710869588121117,0.00016225049690666912,0.00016961638570001453,3435.4413200799163
1791242340,0.00016961638570001453,0.00017210496945521691,0.00016734129421426574,0.00016921603107344043,390.57760033848695
1791242400,0.00016921603107344043,0.00017472770619164144,0.00016921603107344043,0.00017220457683841654,330.16933332404517
1791242460,0.00017220457683841654,0.00017468675736289146,0.00016296247822633972,0.00016363616023173743,693.5941515014808
1791242520,0.00016363616023173743,0.0001652650059907173,0.00016363616023173743,0.0001652650059907173,2.952471535026942
1791242580,0.0001652650059907173,0.00016592494713111759,0.0001624179569716139,0.00016592494713111759,194.53934785768834
1791242640,0.00016592494713111759,0.00017782993062919513,0.00016435096597061798,0.00017782993062919513,113.94295129854018
1791242760,0.00017782993062919513,0.00017890357550890939,0.00017615806224677774,0.0001762555698559984,228.51980770872433
1791242820,0.0001762555698559984,0.0001762555698559984,0.0001747798394656468,0.0001747798394656468,91.9268491731625
1791242880,0.0001747798394656468,0.0001772853257152857,0.00016936522251474357,0.00016936522251474357,439.1923752129325
1791242940,0.00016936522251474357,0.00016955581921913122,0.0001680024349270786,0.00016955581921913122,116.98951434982794
1791243000,0.00016955581921913122,0.000170808988547052,0.00016873520460913092,0.00016873520460913092,260.51098789187915
1791243060,0.00016873520460913092,0.00017113125948235318,0.00016783956140812485,0.00016783956140812485,132.63679979853814
1791243120,0.00016783956140812485,0.00016783956140812485,0.00016674180938268558,0.00016674180938268558,7.909512890799468
1791243240,0.00016674180938268558,0.00016974179908632809,0.00016674180938268558,0.00016974179908632809,98.04130186413975
1791243300,0.00016974179908632809,0.00017055918040486325,0.00016816328036958132,0.00016816328036958132,74.87355061469732
1791243360,0.00016816328036958132,0.00016971737858336784,0.00016747186364614005,0.00016971737858336784,102.98027905780553
1791243420,0.00016971737858336784,0.00017034887621955236,0.00016971737858336784,0.00017034887621955236,24.251372058520314
1791243540,0.00017034887621955236,0.00017034887621955236,0.00016812225290448074,0.00016812225290448074,10.689160142082956
1791243660,0.00016812225290448074,0.00017066014856737248,0.00016787774121912992,0.00016787774121912992,115.64650090083587
1791243720,0.00016787774121912992,0.00017540100499711947,0.00016787774121912992,0.00017540100499711947,578.9890742131531
1791243780,0.00017540100499711947,0.00017643768830290056,0.00017291849222004927,0.00017291849222004927,196.326328125339
1791243840,0.00017291849222004927,0.00017291849222004927,0.00017124654576644463,0.00017124654576644463,116.66232555188157
1791243960,0.00017124654576644463,0.00017124654576644463,0.00017089892720213894,0.00017089892720213894,10.862096108964472
1791244020,0.00017089892720213894,0.00017345494090293225,0.00017087395900797756,0.00017087395900797756,30.74266220295881
1791244080,0.00017087395900797756,0.00017479099143526085,0.00017087395900797756,0.00017231002199825368,171.84745177064596
1791244140,0.00017231002199825368,0.00017437349904688248,0.00017231002199825368,0.00017421811331948578,21.65657694719074
1791244260,0.00017421811331948578,0.00017885144466942937,0.00017421811331948578,0.00017568506295294046,276.41357760177146
1791244320,0.00017568506295294046,0.00017568506295294046,0.0001720583023133176,0.0001731535214347846,499.68874086135713
1791244380,0.0001731535214347846,0.00017375200946350203,0.00017065328814659913,0.00017375200946350203,131.9434616003671
1791244440,0.00017375200946350203,0.00017745760817908297,0.00017145201283391218,0.00017745760817908297,399.5973063446275
1791244500,0.00017745760817908297,0.000177963455697818,0.0001750676383650477,0.00017535604282821406,156.57613925688756
1791244620,0.00017535604282821406,0.00017732728605671758,0.00017535604282821406,0.00017732728605671758,4.3465243828698865
1791244680,0.00017732728605671758,0.00017732728605671758,0.00017287307460748678,0.00017372252658781945,453.91841983235014
1791244800,0.00017372252658781945,0.00017376181425877242,0.00017312500439028446,0.00017312500439028446,88.96498759812222
1791244860,0.00017312500439028446,0.00017312500439028446,0.00015874443658438886,0.0001611403618915265,1421.717361685738
1791244920,0.0001611403618915265,0.0001611403618915265,0.0001560604307151988,0.00015796044580352733,358.3580726405271
1791244980,0.00015796044580352733,0.00015966426648312542,0.00015657887387147132,0.00015657887387147132,103.31484139192315
1791245040,0.00015657887387147132,0.00015657887387147132,0.00015526337467765817,0.00015609988932275672,103.4900630477692
1791245100,0.00015609988932275672,0.0001574716899889195,0.00015406580294134232,0.00015488237245210286,234.38178056922146
1791245160,0.00015488237245210286,0.00015488237245210286,0.00015247932866535886,0.00015247932866535886,38.713429655032826
1791245220,0.00015247932866535886,0.0001545337790090099,0.00014791301249683994,0.00014791301249683994,592.5228575669963
1791245280,0.00014791301249683994,0.00014791301249683994,0.00014232146359537278,0.0001464768407839496,940.2234584317658
1791245340,0.0001464768407839496,0.0001464768407839496,0.00014202347409013753,0.00014202347409013753,393.2953622013489
1791245400,0.00014202347409013753,0.00014519089098026847,0.00014202347409013753,0.00014519089098026847,575.3121483936325
1791245460,0.00014519089098026847,0.000149134169944868,0.00014519089098026847,0.000149134169944868,9.741762150441323
1791245580,0.000149134169944868,0.00016268541631683163,0.000149134169944868,0.00016268541631683163,1040.7059234968667
1791245640,0.00016268541631683163,0.00016268541631683163,0.00016083841657357355,0.00016083841657357355,7.495962531847891
1791245820,0.00016083841657357355,0.0001840517009123331,0.00016083841657357355,0.00018122857388065157,1513.382690306821
1791245880,0.00018122857388065157,0.00018169852962073564,0.0001791237125995741,0.0001791237125995741,121.78114887575435
1791245940,0.0001791237125995741,0.00018460848898545695,0.0001791237125995741,0.00017913449058310928,537.2811455464523
1791246060,0.00017913449058310928,0.00017913449058310928,0.00017730525717659677,0.00017730525717659677,4.438227204076128
1791246120,0.00017730525717659677,0.00018064143711863536,0.00017730525717659677,0.00018064143711863536,104.70550110121441
1791246180,0.00018064143711863536,0.00018064143711863536,0.0001788888407014406,0.0001788888407014406,0.23878591824913303
1791246240,0.0001788888407014406,0.0002153855348156023,0.0001788888407014406,0.00021420877450079745,2606.1948993864244
1791246300,0.00021420877450079745,0.00021430250649017956,0.00020813331089630536,0.00020813331089630536,434.1196321944787
1791246360,0.00020813331089630536,0.00022523817866593434,0.00020813331089630536,0.00022523817866593434,1002.2297490426114
1791246420,0.00022523817866593434,0.00023092538054297055,0.00022204234004963638,0.00022354948455540556,1412.2572355089744
1791246480,0.00022354948455540556,0.0002316284283470523,0.00022044239131179699,0.00022919716379255962,1158.9530245634517
1791246540,0.00022919716379255962,0.000244747016967455,0.00022802122440623038,0.00023879509449363214,1817.6987385855014
1791246600,0.00023879509449363214,0.00024065812822841664,0.0002372662008230944,0.00024065812822841664,356.3104272688331
1791246660,0.00024065812822841664,0.0002464694517126253,0.00023895322414938032,0.0002456296219651786,639.5783690168423
1791246720,0.0002456296219651786,0.0002461471088300537,0.00023831356200055276,0.00023831356200055276,542.1964597525171
1791246780,0.00023831356200055276,0.00023831356200055276,0.00022340322215627293,0.00022519689185462194,649.148541623718
1791246840,0.00022519689185462194,0.00022816803630989422,0.00022470160794802244,0.00022470160794802244,44.539629960917985
1791246900,0.00022470160794802244,0.00022894725528940815,0.00022436184939565197,0.00022894725528940815,163.83533678234377
1791246960,0.00022894725528940815,0.0002308018663489496,0.00022894725528940815,0.0002308018663489496,57.27587235411776
1791247020,0.0002308018663489496,0.0002325484625602763,0.0002308018663489496,0.0002325484625602763,108.53095354330682
1791247080,0.0002325484625602763,0.0002463370870107309,0.0002325484625602763,0.00023877670551066902,1095.7515771953651
1791247140,0.00023877670551066902,0.00024212021884780153,0.00023515305024462177,0.00024212021884780153,1042.6879130035015
1791247200,0.00024212021884780153,0.00024212021884780153,0.00023342871338225397,0.00023342871338225397,652.8621332691088
1791247260,0.00023342871338225397,0.00023342871338225397,0.0002293697363146214,0.0002323274800159672,165.7314755891861
1791247320,0.0002323274800159672,0.0002323274800159672,0.00022875265133200006,0.00022875265133200006,24.68312309696648
1791247440,0.00022875265133200006,0.0002317574086310809,0.00022874446802915392,0.0002317574086310809,28.83944917263325
1791247500,0.0002317574086310809,0.0002317574086310809,0.0002283933214754714,0.0002283933214754714,31.787335079395984
1791247620,0.0002283933214754714,0.00024438358768886164,0.000228251248277774,0.00024438358768886164,829.5690879385838
1791247680,0.00024438358768886164,0.00024438358768886164,0.0002137305768305932,0.0002137305768305932,2113.451909691459
1791247740,0.0002137305768305932,0.0002137305768305932,0.000213717577444466,0.0002137288872570324,2.9739415594612537
1791247800,0.0002137288872570324,0.0002137288872570324,0.0002134689331241452,0.0002134689331241452,35.42155694943044
1791247860,0.0002134689331241452,0.00021467909301657416,0.00021185824657591262,0.00021467909301657416,104.85387052382615
1791247920,0.00021467909301657416,0.00021467909301657416,0.00021108093501096394,0.00021108093501096394,62.32405570852557
1791247980,0.00021108093501096394,0.00021108093501096394,0.00019685005090162427,0.00019685005090162427,1137.7706100973062
1791248100,0.00019685005090162427,0.00019685005090162427,0.0001931760067153159,0.0001931760067153159,35.04388437312664
1791248160,0.0001931760067153159,0.0002059239367474597,0.00019293272661728169,0.0002059239367474597,760.4120152806503
1791248220,0.0002059239367474597,0.00021288625714030552,0.0002059239367474597,0.00021288625714030552,488.5310365665792
1791248280,0.00021288625714030552,0.000215002694433021,0.00021288625714030552,0.000215002694433021,69.97706523996831
1791248340,0.000215002694433021,0.00022390338692722137,0.000215002694433021,0.00022390338692722137,784.438769820836
1791248400,0.00022390338692722137,0.0002247869334355296,0.00022269609617030117,0.0002247869334355296,123.8529487902993
1791248520,0.0002247869334355296,0.0002247869334355296,0.00022147730110169797,0.00022147730110169797,25.00303998316439
1791248580,0.00022147730110169797,0.00022561238877746593,0.00022147730110169797,0.00022561238877746593,72.42278116628958
1791248700,0.00022561238877746593,0.00023231739048949624,0.00022275292226585356,0.00023231739048949624,434.23702090886746
1791248760,0.00023231739048949624,0.0002556447254909669,0.00023231739048949624,0.0002556447254909669,1902.7199546367594
1791248820,0.0002556447254909669,0.0003827759977851255,0.0002556447254909669,0.00037049261961650913,9720.897635092675
1791248880,0.00037049261961650913,0.00038683060886102237,0.0003434371185958509,0.00035298508949276953,3463.467553503885
1791248940,0.00035298508949276953,0.00039467047713565094,0.0003512212159506861,0.0003876240562727948,2617.7473402915916
1791249000,0.0003876240562727948,0.0003876240562727948,0.0003600880144026646,0.0003600880144026646,1302.3574215178182
1791249060,0.0003600880144026646,0.0003652054820710775,0.0003518327560725032,0.0003652054820710775,1546.602803699644
1791249120,0.0003652054820710775,0.00043631294451154087,0.0003652054820710775,0.00042686839937770886,3632.3701214910925
1791249180,0.00042686839937770886,0.00043280800168395486,0.0004064381727749885,0.0004064381727749885,1034.9902239944768
1791249240,0.0004064381727749885,0.00041126078533911073,0.0003850372213689904,0.0003850372213689904,1482.0681789424957
1791249300,0.0003850372213689904,0.0003917139128426332,0.0003795698632267649,0.0003896729648492812,1180.9896848875057
1791249360,0.0003896729648492812,0.00040693900592827,0.000386923777084908,0.0004067009354038621,884.5724159136417
1791249420,0.0004067009354038621,0.0004367218863830782,0.0003946531937695779,0.0004367218863830782,2929.9519398768493
1791249480,0.0004367218863830782,0.00045281660241744485,0.00043646085444098786,0.00044903029932514914,1863.4347119865165
1791249540,0.00044903029932514914,0.0004998956424679157,0.0004478540079775967,0.0004635390187500953,5714.031605819613
1791249600,0.0004635390187500953,0.000618859036026977,0.00044253528491402686,0.0006140981754052816,8875.180459026886
1791249660,0.0006140981754052816,0.00067842327628336,0.0006039099816607115,0.0006700906942697811,4305.4114206565355
1791249720,0.0006700906942697811,0.0006700906942697811,0.0005612548478106986,0.0005882814631840796,7171.6920022717395
1791249780,0.0005882814631840796,0.0006003196049667611,0.0005587642760361516,0.0005587642760361516,3344.598570681241
1791249840,0.0005587642760361516,0.0005753160685514243,0.0005406137434931966,0.0005663705746967939,3036.03494945313
1791249900,0.0005663705746967939,0.0005817746264757379,0.0005523790432057271,0.0005523790432057271,1714.4757479652724
1791249960,0.0005523790432057271,0.0005556282864050654,0.00047853363441518456,0.00047853363441518456,3946.242399637175
1791250020,0.00047853363441518456,0.000496541347123993,0.0004772906616929327,0.000496541347123993,950.8182510186906
1791250080,0.000496541347123993,0.0005007793019632615,0.0004883155398883972,0.0004883155398883972,982.8810469015308
1791250140,0.0004883155398883972,0.0004944173603826586,0.00043955931493964805,0.00046766932527532456,1334.206041882444
1791250200,0.00046766932527532456,0.00047713230595484036,0.0004609854330317369,0.0004669136109211461,1469.448386213457
1791250260,0.0004669136109211461,0.0004720347415360603,0.0004641738247853948,0.0004679168512257037,388.6900284162575
1791250320,0.0004679168512257037,0.0004685470097296301,0.0004048717861270487,0.00043150904877580355,6166.123308857663
1791250380,0.00043150904877580355,0.00043172607092174553,0.0004241024792694154,0.000430568554494307,177.15464967238563
1791250440,0.000430568554494307,0.00043474158799901394,0.0004172710332999155,0.0004172710332999155,814.9783918496346
1791250500,0.0004172710332999155,0.00042196615221300096,0.0004095999464958892,0.0004174946810158219,722.7464305053284
1791250560,0.0004174946810158219,0.0004254252498190763,0.0003775537773672685,0.00040119176767992973,9530.635026521664
1791250620,0.00040119176767992973,0.00040536482261457646,0.00038888765462799204,0.00038888765462799204,1257.3516532115973
1791250680,0.00038888765462799204,0.0003912469807007157,0.0003838297566355048,0.0003912469807007157,329.9157641164878
1791250740,0.0003912469807007157,0.00039245569422674656,0.0003836151290615274,0.0003886125863836687,238.5679349918979
1791250800,0.0003886125863836687,0.00038865928606825694,0.0003822821899085012,0.0003822821899085012,119.7379076186075
1791250860,0.0003822821899085012,0.0003890949433962475,0.0003822821899085012,0.0003890949433962475,304.21548596272373
1791250920,0.0003890949433962475,0.0004062764034710917,0.0003890949433962475,0.0004062764034710917,1575.1567901950664
1791250980,0.0004062764034710917,0.00041304491344851144,0.00040019494414471904,0.00040617717272114687,891.004243595765
1791251040,0.00040617717272114687,0.00040617717272114687,0.0003997729218550314,0.0004051266878196184,109.14257448706685
1791251100,0.0004051266878196184,0.000405839763123589,0.0003981523763499863,0.0003981523763499863,237.78866913019579
1791251160,0.0003981523763499863,0.00040054214932223203,0.00039562165493729057,0.00040054214932223203,11.146562861737602
1791251220,0.00040054214932223203,0.00040054214932223203,0.0003946575208736587,0.00039991732788900817,82.57876937682407
1791251280,0.00039991732788900817,0.0004003844606643063,0.00037788217750274006,0.0003843549924889373,996.3320996631368
1791251340,0.0003843549924889373,0.0003929388780231239,0.0003801976729325236,0.0003864392465932257,490.1154312731338
1791251400,0.0003864392465932257,0.00039430025840248863,0.0003864392465932257,0.00039430025840248863,257.28535407085513
1791251460,0.00039430025840248863,0.00039430025840248863,0.0003884333547191994,0.00039348758524955854,145.23347024824776
1791251520,0.00039348758524955854,0.00039348758524955854,0.0003869273417164179,0.00038731494323322735,67.73495835939286
1791251580,0.00038731494323322735,0.0003895861864426025,0.0003843584618153821,0.0003895861864426025,129.58332889447107
1791251640,0.0003895861864426025,0.0003895861864426025,0.0003845380027423696,0.0003845380027423696,2.12777674611261
1791251700,0.0003845380027423696,0.0003845380027423696,0.00034726407340318616,0.00036205923593433053,3111.856056338408
1791251760,0.00036205923593433053,0.0003644673496429763,0.0003498600212790184,0.0003577134751004433,1531.2335902495959
1791251820,0.0003577134751004433,0.0003881512042426583,0.00035405319767914997,0.00037422894343744784,1872.4054858217132
1791251880,0.00037422894343744784,0.00037740134532533953,0.00037233630006550263,0.00037740134532533953,172.91803704482754
1791251940,0.00037740134532533953,0.0003905773565399066,0.0003670521594095142,0.0003889919603261712,2064.867514728904
1791252000,0.0003889919603261712,0.0004240700784601934,0.0003889919603261712,0.0004152214993893432,2937.0330520713137
1791252060,0.0004152214993893432,0.0004755971850665058,0.0004112516488598555,0.00047004180339101336,5297.77976599312
1791252120,0.00047004180339101336,0.00047771442743304736,0.0004694046086477981,0.00047095442103923293,265.14733376647763
1791252180,0.00047095442103923293,0.0004976763537951139,0.00047095442103923293,0.0004848646690728843,2137.252903965581
1791252240,0.0004848646690728843,0.0004848646690728843,0.0004611847786462145,0.0004728074097934525,957.7985590544827
1791252300,0.0004728074097934525,0.0004728074097934525,0.00044728555050047334,0.0004484908424139098,1077.2410519792081
1791252360,0.0004484908424139098,0.00045980675246643855,0.0004477949362985956,0.00045980675246643855,349.0387949112539
1791252420,0.00045980675246643855,0.00045980675246643855,0.00045390070579963247,0.00045390070579963247,13.886526518907168
1791252480,0.00045390070579963247,0.0004606658656463902,0.00045390070579963247,0.0004562412713066776,106.3667106467635
1791252540,0.0004562412713066776,0.0004562412713066776,0.00043787287872635905,0.00044158553034450706,934.9102758465779
1791252600,0.00044158553034450706,0.00044158553034450706,0.0004225345326704071,0.00042337836976037447,1069.378196597187
1791252660,0.00042337836976037447,0.0004261918313790666,0.0004181827281007282,0.00041951380779778124,355.2142126694532
1791252720,0.00041951380779778124,0.000424277629154349,0.0004188496732675127,0.00042409265589434816,19.293462767975385
1791252780,0.00042409265589434816,0.0004245660278328934,0.0004184983181854727,0.00042348282216319265,86.12515573044979
1791252840,0.00042348282216319265,0.0004351267799755942,0.00042348282216319265,0.0004351267799755942,571.8124436866407
1791252900,0.0004351267799755942,0.00043653371751386355,0.00043105794246233456,0.00043105794246233456,55.2306616248461
1791252960,0.00043105794246233456,0.0004370278031334027,0.00043105794246233456,0.0004314606082690275,14.760954758371717
1791253020,0.0004314606082690275,0.00043617507492376957,0.0004306902660768244,0.00043617507492376957,60.31531894947531
1791253080,0.00043617507492376957,0.00043668507010688804,0.00042874487843796045,0.00043356193998091613,177.84084580665726
1791253140,0.00043356193998091613,0.00043356193998091613,0.0004254433847840325,0.0004254433847840325,238.29227055190194
1791253200,0.0004254433847840325,0.0004254433847840325,0.00042305282266762184,0.00042305282266762184,6.781381705271316
1791253260,0.00042305282266762184,0.0004241571996664892,0.0004185724031612524,0.0004241571996664892,205.92949347732429
1791253320,0.0004241571996664892,0.0004253353947553219,0.0004105592397050668,0.0004105592397050668,618.770673472123
1791253380,0.0004105592397050668,0.0004167094487411475,0.0004105592397050668,0.0004167094487411475,41.42760758274248
1791253440,0.0004167094487411475,0.0004172705068641425,0.00041118325541438113,0.0004154248548263613,204.88596662948547
1791253500,0.0004154248548263613,0.0004168354880638407,0.0004073469375615381,0.0004131432743144899,308.91078478912704
1791253560,0.0004131432743144899,0.0004131432743144899,0.00040801207194656966,0.00040801207194656966,15.29313730872838
1791253620,0.00040801207194656966,0.00040801207194656966,0.00040772873068644613,0.0004078849975694996,8.873983814529373
1791253680,0.0004078849975694996,0.0004078849975694996,0.00040608746579697745,0.00040608746579697745,56.779365152371554
1791253740,0.00040608746579697745,0.00040788796067988775,0.0004025418358487156,0.00040788796067988775,170.08612606323808
1791253800,0.00040788796067988775,0.0004100969200699959,0.00040788796067988775,0.0004100969200699959,100.60218800800777
1791253860,0.0004100969200699959,0.0004100969200699959,0.0004048206796662434,0.0004048206796662434,26.688444870934706
1791253920,0.0004048206796662434,0.0004113181844391468,0.0004048206796662434,0.0004113181844391468,99.93691011559214
1791253980,0.0004113181844391468,0.0004119117346683022,0.00040621425352450923,0.0004119117346683022,38.263402402290026
1791254040,0.0004119117346683022,0.0004119117346683022,0.0004052965954025557,0.0004052965954025557,79.31277997660558
1791254100,0.0004052965954025557,0.0004052965954025557,0.0004048823582971998,0.0004048823582971998,7.923376995068815
1791254160,0.0004048823582971998,0.0004102558574946849,0.0004048823582971998,0.00040489729040135377,11.707593758911095
1791254220,0.00040489729040135377,0.00041035355951706383,0.00040438118400122755,0.00040438118400122755,47.13309699991159
1791254280,0.00040438118400122755,0.00040970662486217467,0.00040431295901884187,0.00040970662486217467,14.426687090715598
1791254340,0.00040970662486217467,0.00040970662486217467,0.00040439158949799126,0.00040439158949799126,6.490215094210476
1791254400,0.00040439158949799126,0.0004053450778249623,0.00040439158949799126,0.0004051228643176362,20.398534793618484
1791254460,0.0004051228643176362,0.00041032258224909396,0.00040497968459517013,0.00041032258224909396,14.76696220379488
1791254520,0.00041032258224909396,0.00041032258224909396,0.00040465524179932223,0.00040465524179932223,6.4678878422672845
1791254580,0.00040465524179932223,0.0004102755664359714,0.0003480778949275377,0.00035591828717184554,5391.69553225814
1791254640,0.00035591828717184554,0.00035591828717184554,0.0003486483985140063,0.00035320341017181574,107.47351870452424
1791254700,0.00035320341017181574,0.0003555945744003229,0.0003485211177841,0.0003555945744003229,194.48818028681703
1791254760,0.0003555945744003229,0.00035745948059143814,0.0003523158916665626,0.00035744284133308596,257.75064057937385
1791254820,0.00035744284133308596,0.00035744284133308596,0.0003516457302397868,0.0003516457302397868,72.97839917850558
1791254880,0.0003516457302397868,0.00036497566759249395,0.00034957383226244586,0.00036474141120526593,812.7992739885087
1791254940,0.00036474141120526593,0.0003663692660676685,0.000362788970172585,0.0003630446583237529,190.50435590259178
1791255000,0.0003630446583237529,0.0003649287493231121,0.00034047862557624425,0.0003407838423630191,2435.199747617067
1791255060,0.0003407838423630191,0.0003483396246650637,0.000340616219875726,0.00034351398134005695,201.348110984195
1791255120,0.00034351398134005695,0.0003507944755306659,0.00034351398134005695,0.0003448147500449229,322.56150635080274
1791255180,0.0003448147500449229,0.0003448147500449229,0.0003428800445131179,0.0003428800445131179,26.11969121018944
1791255240,0.0003428800445131179,0.0003831589032996105,0.0003422040491673656,0.00037278227613601813,3574.9289013552398
1791255300,0.00037278227613601813,0.00037278227613601813,0.00037215929244233803,0.00037215929244233803,17.22926120021241
1791255360,0.00037215929244233803,0.00037800891177298897,0.00037215929244233803,0.00037800891177298897,101.62779725459025
1791255420,0.00037800891177298897,0.0004029688060357122,0.00037800891177298897,0.0004017718607077,1938.6345559316544
1791255480,0.0004017718607077,0.00041019157113180533,0.0004017718607077,0.00040557017329095776,228.52811842310322
1791255540,0.00040557017329095776,0.0004185434006844418,0.00040557017329095776,0.00041843264450561874,606.8161273014136
1791255600,0.00041843264450561874,0.00042439951927856904,0.0003892750618752389,0.0003892750618752389,2872.0367767227453
1791255660,0.0003892750618752389,0.0003979754388298701,0.0003864141838456371,0.0003979754388298701,317.76245382057925
1791255720,0.0003979754388298701,0.0003979754388298701,0.0003929677652724443,0.0003929677652724443,13.044236126545089
1791255780,0.0003929677652724443,0.0003982900706436941,0.0003872163109181193,0.0003872163109181193,285.7449841402419
1791255840,0.0003872163109181193,0.00039271642672837446,0.0003872163109181193,0.00038783094047369185,36.76307631054034
1791255960,0.00038783094047369185,0.00038783094047369185,0.0003576575982370415,0.00035884546930533076,1697.8314748085998
1791256020,0.00035884546930533076,0.0003619277138675239,0.00035725747157406364,0.0003619277138675239,72.61733201853266
1791256080,0.0003619277138675239,0.0003634780389248986,0.0003573850364667103,0.0003634780389248986,152.26695798181092
1791256140,0.0003634780389248986,0.0003634780389248986,0.0003594875669656928,0.0003594875669656928,35.19658080910161
1791256200,0.0003594875669656928,0.00036644918562819785,0.0003593667255480583,0.000364031418990716,251.47647630001467
1791256260,0.000364031418990716,0.0003686037685322111,0.000363826260131688,0.0003686037685322111,57.989046554492475
1791256320,0.0003686037685322111,0.0003686739031278335,0.0003484299961890206,0.0003506399003273661,1017.4747860814637
1791256380,0.0003506399003273661,0.0003506399003273661,0.00034382704409043904,0.00034848770481019325,184.34144671318128
1791256440,0.00034848770481019325,0.00034946431290092903,0.00034419852084375,0.00034946431290092903,86.08326114359348
1791256500,0.00034946431290092903,0.00035112179308521857,0.00034643836213340347,0.00034643836213340347,62.296748151654846
1791256560,0.00034643836213340347,0.00035159806160452677,0.00034643836213340347,0.00035159806160452677,37.49464760541586
1791256620,0.00035159806160452677,0.00035191447745282987,0.00034028456299997867,0.0003446127757649729,457.29911824389796
1791256680,0.0003446127757649729,0.0003446921770656811,0.0003394204999685983,0.0003428080443717055,79.62400811196147
1791256740,0.0003428080443717055,0.0003449489304819921,0.00033853137470243985,0.0003449489304819921,249.49540583237473
1791256800,0.0003449489304819921,0.00034893081435122313,0.0003388589134777474,0.0003397124859892105,747.9849381629729
1791256860,0.0003397124859892105,0.0003397124859892105,0.00033637532535110915,0.00033637532535110915,6.77083575741563
1791256920,0.00033637532535110915,0.000340619533949462,0.0003286751468631261,0.00033978943121544064,817.548523432518
1791256980,0.00033978943121544064,0.0003434014310830546,0.0003366854935820517,0.000341141625660856,295.81761273695724
1791257040,0.000341141625660856,0.00034459755900871565,0.000341141625660856,0.00034459755900871565,266.55740337107704
1791257100,0.00034459755900871565,0.00035616849487701667,0.0003420180262361478,0.00034922529418679915,631.4499271164842
1791257160,0.00034922529418679915,0.00035834395620001067,0.00034922529418679915,0.00035834395620001067,9.000724937743783
1791257220,0.00035834395620001067,0.00035834395620001067,0.00035328126595498123,0.00035328126595498123,30.377432494679084
1791257280,0.00035328126595498123,0.0004015440327570276,0.00035225538858423786,0.00039412989601729785,3364.1679068648345
1791257340,0.00039412989601729785,0.0003956517397012999,0.00038888728053387096,0.0003929000893651965,186.72822493404485
1791257400,0.0003929000893651965,0.00039637551513712005,0.0003875768199299865,0.0003947140192233185,407.3710236483232
1791257460,0.0003947140192233185,0.00040309335021715555,0.0003947140192233185,0.00040309335021715555,297.85813961182373
1791257520,0.00040309335021715555,0.00040309335021715555,0.00039939853901728624,0.00039939853901728624,95.74215550278103
1791257580,0.00039939853901728624,0.00039939853901728624,0.0003944379402621885,0.0003944379402621885,378.91717695310575
1791257640,0.0003944379402621885,0.0003944379402621885,0.00039014075769855416,0.00039014075769855416,6.548805711214452
1791257700,0.00039014075769855416,0.00039014075769855416,0.00038785650677533026,0.00038785650677533026,121.72348356406823
1791257760,0.00038785650677533026,0.00038807395562915384,0.0003864920119393793,0.0003864920119393793,7.456017610955974
1791257820,0.0003864920119393793,0.0003864920119393793,0.00038572888634823635,0.00038572888634823635,45.06564000941522
1791257880,0.00038572888634823635,0.00038572888634823635,0.0003849666153327502,0.0003849666153327502,2.8304928204482747
1791257940,0.0003849666153327502,0.0003849666153327502,0.00038483296974640676,0.00038483296974640676,6.469499980254611
1791258000,0.00038483296974640676,0.0003894869344953625,0.0003844884118734535,0.0003894869344953625,8.014071740446708
1791258060,0.0003894869344953625,0.0003894869344953625,0.000384465727410792,0.0003893122317376862,31.1577848186567
1791258120,0.0003893122317376862,0.0003893122317376862,0.0003829526894587871,0.0003829526894587871,98.95639871106735
1791258180,0.0003829526894587871,0.00038712254691487835,0.0003816296556463244,0.00038712254691487835,103.42755375005557
1791258240,0.00038712254691487835,0.00038712254691487835,0.0003823163483713296,0.0003823163483713296,11.613121633677695
1791258300,0.0003823163483713296,0.0003878016102814195,0.0003823163483713296,0.0003827512355636259,33.513844695490235
1791258360,0.0003827512355636259,0.0003881364748156928,0.00038271238803194843,0.0003881364748156928,52.379912905425435
1791258420,0.0003881364748156928,0.0003882866212763968,0.0003829129856567849,0.0003877201941662225,62.081679960291325
1791258480,0.0003877201941662225,0.0003878132555499165,0.0003773351127354393,0.0003773351127354393,517.0505011425635
1791258540,0.0003773351127354393,0.0003773351127354393,0.0003713720995540428,0.0003713720995540428,35.09759539705299
1791258600,0.0003713720995540428,0.0003713720995540428,0.0003712650182382931,0.0003712650182382931,6.273487107247734
1791258660,0.0003712650182382931,0.0003712650182382931,0.0003410072137293873,0.0003410072137293873,2570.519585116894
1791258720,0.0003410072137293873,0.00034344506106073004,0.00033860378607322397,0.00033860378607322397,152.56257413123882
1791258780,0.00033860378607322397,0.00033860378607322397,0.0003376663784775592,0.0003376663784775592,6.513343609066994
1791258840,0.0003376663784775592,0.0003376663784775592,0.0003374142508786381,0.0003374142508786381,11.66959366073307
1791258900,0.0003374142508786381,0.0003374142508786381,0.00033714333581511094,0.0003372329383435511,6.64344094516281
1791258960,0.0003372329383435511,0.0003477220472032588,0.0003372329383435511,0.0003477220472032588,410.2444671292161
1791259020,0.0003477220472032588,0.0003496793906263247,0.0003447491802964641,0.0003447491802964641,36.09165370844093
1791259080,0.0003447491802964641,0.0003447491802964641,0.0003436279171854513,0.0003446996923797688,106.55873185524027
1791259140,0.0003446996923797688,0.0003470663898403792,0.00034254366742784363,0.00034254366742784363,19.88558993839407
1791259200,0.00034254366742784363,0.00034254366742784363,0.0003422493275113605,0.0003422493275113605,22.081293356095347
1791259260,0.0003422493275113605,0.0003422493275113605,0.00033964251150247376,0.00033964251150247376,247.3035881544051
1791259320,0.00033964251150247376,0.0003435558461192527,0.00033910153003577625,0.0003435558461192527,103.28289109902781
1791259380,0.0003435558461192527,0.0003435558461192527,0.00033922304934415624,0.00033922304934415624,6.46163723622644
1791259440,0.00033922304934415624,0.0003436826072936183,0.00033812344155992975,0.00034327123774665003,198.5476160220906
1791259500,0.00034327123774665003,0.0003436221267509754,0.00033812319370574005,0.00033812319370574005,56.11674525456778
1791259560,0.00033812319370574005,0.0003426550379122613,0.00033812319370574005,0.0003426550379122613,3.821011447643968
1791259620,0.0003426550379122613,0.0003426550379122613,0.0003332284678399752,0.0003377350909549123,300.1999221643123
1791259680,0.0003377350909549123,0.0003377350909549123,0.00033326414766116487,0.00033760556594746667,8.829713134651632
1791259740,0.00033760556594746667,0.00033760556594746667,0.00033313110243727916,0.00033313110243727916,8.337407099913232
1791259800,0.00033313110243727916,0.0003383185258793597,0.00033313110243727916,0.0003340393123563302,60.102819214385356
1791259860,0.0003340393123563302,0.00034065395069654986,0.00033349365551270485,0.0003400996157251571,168.51216218140922
1791259920,0.0003400996157251571,0.0003412535697208336,0.00033719835153206206,0.00033719835153206206,55.84228007039977
1791259980,0.00033719835153206206,0.00033719835153206206,0.00033710235875557444,0.00033710235875557444,3.2926502816027123
1791260040,0.00033710235875557444,0.0003381666207395764,0.00033710235875557444,0.0003381666207395764,8.182548727705251
1791260100,0.0003381666207395764,0.0003381666207395764,0.00033784529240288687,0.00033784529240288687,20.636329783434007
1791260160,0.00033784529240288687,0.0003423531960291817,0.00033784529240288687,0.0003378830286557931,9.83274452180397
1791260220,0.0003378830286557931,0.00034345280553778253,0.0003378830286557931,0.00034030074842002304,144.80795679248345
1791260280,0.00034030074842002304,0.0003471146705614473,0.00034030074842002304,0.00034336087860894115,179.88575828041593
1791260400,0.00034336087860894115,0.00034336087860894115,0.00034293004700131064,0.00034293004700131064,6.395183817765074
1791260460,0.00034293004700131064,0.00034300422530211984,0.00034275924065825113,0.00034275924065825113,9.060716409929977
1791260520,0.00034275924065825113,0.00034297095998460814,0.00034275924065825113,0.00034297095998460814,6.383077730585852
1791260580,0.00034297095998460814,0.00034297095998460814,0.00033535706322371234,0.00033535706322371234,379.3551016789768
1791260640,0.00033535706322371234,0.00033535706322371234,0.00033502247063168416,0.00033502247063168416,6.281164351255373
1791260700,0.00033502247063168416,0.0003351645762972593,0.00033502247063168416,0.0003351645762972593,6.277293435419448
1791260760,0.0003351645762972593,0.0003351645762972593,0.00033504229338689667,0.00033504229338689667,6.268477197177479
1791260880,0.00033504229338689667,0.00033504229338689667,0.0003229077324010201,0.0003229077324010201,680.7885338934472
1791260940,0.0003229077324010201,0.0003229077324010201,0.0003121582436360092,0.0003147188709354364,861.8051020513917
1791261000,0.0003147188709354364,0.00031488299699656804,0.0003063571864185089,0.0003063571864185089,459.85245016130426
1791261060,0.0003063571864185089,0.0003063571864185089,0.00030183197559688314,0.0003059501466821388,156.83165700107452
1791261120,0.0003059501466821388,0.0003059501466821388,0.0002999054279376796,0.0002999054279376796,205.44348872765931
1791261180,0.0002999054279376796,0.00030263161496589525,0.00029573897776715086,0.00030263161496589525,520.2558404830813
1791261240,0.00030263161496589525,0.00030302878996534927,0.0002995172300777298,0.00030302878996534927,124.5245169259858
1791261300,0.00030302878996534927,0.00030302878996534927,0.00024300420010691306,0.00028496923609980425,5460.4016937485985
1791261360,0.00028496923609980425,0.00028496923609980425,0.0002761565045034984,0.0002800775498588403,939.339639391956
1791261420,0.0002800775498588403,0.00028527620764939984,0.0002800775498588403,0.000283055121821772,371.26939964157316
1791261480,0.000283055121821772,0.0003020457673392528,0.0002828282203778853,0.00029468042936013877,1853.1318429389837
1791261540,0.00029468042936013877,0.00029468042936013877,0.00029244197290693,0.000292585486416343,21.590849262455084
1791261600,0.000292585486416343,0.00029685673667607384,0.000292585486416343,0.0002928547079396584,51.33060970883646
1791261660,0.0002928547079396584,0.00029659047142146025,0.0002899017573131729,0.0002899017573131729,269.0985165778027
1791261720,0.0002899017573131729,0.0002929394962326201,0.00028438635863326477,0.00028438635863326477,391.4207694730871
1791261780,0.00028438635863326477,0.00029842373880941965,0.00028438635863326477,0.00029437251384910903,666.4507601327812
1791261840,0.00029437251384910903,0.00029437251384910903,0.00029405479840175023,0.00029405479840175023,32.830854213340274
1791261900,0.00029405479840175023,0.00029405479840175023,0.0002934905336052708,0.00029349552843676105,21.598266362485397
1791261960,0.00029349552843676105,0.00029349552843676105,0.0002929372930086678,0.00029302031468805937,24.336615677721475
1791262020,0.00029302031468805937,0.00029302031468805937,0.00028860386447627736,0.00028866866069751163,229.98241920207306
1791262080,0.00028866866069751163,0.00028866866069751163,0.00028802688544716604,0.00028806005612603793,21.28418589521237
1791262140,0.00028806005612603793,0.00028806005612603793,0.0002867611614016935,0.0002867611614016935,75.43353806007185
1791262200,0.0002867611614016935,0.0002904129294046773,0.00028477984272267775,0.00028477984272267775,198.76098416191022
1791262260,0.00028477984272267775,0.0002865654664758184,0.0002826986596490176,0.0002826986596490176,31.721462744566278
1791262320,0.0002826986596490176,0.00028619589502472636,0.00024096202344938667,0.000265843807181228,4455.0626289388665
1791262380,0.000265843807181228,0.00026608570520197597,0.00026090317080901466,0.00026090317080901466,89.93829074404032
1791262440,0.00026090317080901466,0.00026992693303028707,0.0002559187742708162,0.00026978511694300425,893.6143230824231
1791262500,0.00026978511694300425,0.00027278545043839296,0.000266878544012765,0.0002711917574582274,300.2463792073439
1791262560,0.0002711917574582274,0.00027527888879558737,0.0002668850113701221,0.0002668850113701221,410.56397652885727
1791262620,0.0002668850113701221,0.00027021462705278015,0.0002650960643102676,0.0002650960643102676,177.12331307695985
1791262680,0.0002650960643102676,0.00026965074138118547,0.0002646015648597359,0.00026965074138118547,189.7141488615292
1791262740,0.00026965074138118547,0.0002723789454099912,0.0002672140720464393,0.00027004880421799846,229.93261318796925
1791262800,0.00027004880421799846,0.0002736769093597284,0.0002648017949015011,0.00026629887622725643,411.02099792349463
1791262860,0.00026629887622725643,0.00026629887622725643,0.0002654120092620318,0.0002654120092620318,54.97324979347247
1791262920,0.0002654120092620318,0.00027539439962394145,0.00024615939038155203,0.0002582367357244786,2545.215601421114
1791262980,0.0002582367357244786,0.0002588371065836455,0.00025523102333915393,0.00025523102333915393,28.197873399858914
1791263040,0.00025523102333915393,0.0002594027641533281,0.00025507006803789046,0.0002553571297026046,223.2714003272712
1791263100,0.0002553571297026046,0.0002588705593650178,0.00025324090512987096,0.00025403714414723607,308.16119177431426
1791263160,0.00025403714414723607,0.0002589171595468965,0.00025403714414723607,0.00025645072149493175,180.71108875253188
1791263220,0.00025645072149493175,0.0002604455211127402,0.0002559879033089353,0.0002559879033089353,203.39127915085004
1791263280,0.0002559879033089353,0.0002598537668892501,0.00025583218216545346,0.00025837581165243513,153.65889307151488
1791263340,0.00025837581165243513,0.00025864165984367985,0.00025466925224990267,0.00025864165984367985,167.06430102637447
1791263400,0.00025864165984367985,0.00025864165984367985,0.00025496337456104096,0.00025496337456104096,49.58816353059573
1791263460,0.00025496337456104096,0.0002595443655124338,0.00025450811112138637,0.00025493074293910856,217.998461942203
1791263520,0.00025493074293910856,0.00026242342019568306,0.00025493074293910856,0.00026242342019568306,359.737509491462
1791263580,0.00026242342019568306,0.00027168028996841175,0.00026242342019568306,0.0002658135254936147,897.4084004224349
1791263640,0.0002658135254936147,0.00027199182671986533,0.0002654900692507252,0.00027023525075363966,284.91614470050376
1791263700,0.00027023525075363966,0.00028093782404959347,0.00027011820730050317,0.0002806178198953116,717.9294359325203
1791263760,0.0002806178198953116,0.00028797889336658236,0.00028059876316529546,0.00028797889336658236,247.50505118423936
1791263820,0.00028797889336658236,0.00028797889336658236,0.00028314888958631964,0.00028314888958631964,72.10167990004463
1791263880,0.00028314888958631964,0.0002888381826091403,0.00028314888958631964,0.00028583204436172824,233.26789548894126
1791263940,0.00028583204436172824,0.0002886455608865282,0.0002837713481759485,0.0002837713481759485,191.0336171278544
1791264000,0.0002837713481759485,0.00028929782762004107,0.0002832746888674693,0.00028929782762004107,183.19197519298675
1791264060,0.00028929782762004107,0.0002907277412188317,0.0002863866757833456,0.00028648696690631984,223.3485389321386
1791264120,0.00028648696690631984,0.00028648696690631984,0.0002849535145316403,0.0002849535145316403,47.90568855747977
1791264180,0.0002849535145316403,0.00028844222405729184,0.00028374736130271116,0.00028844222405729184,193.28185778841686
1791264240,0.00028844222405729184,0.0002896215727327102,0.000285983648588096,0.00028653529366042473,184.20319910444948
1791264300,0.00028653529366042473,0.0002901231578103663,0.00028522431022450927,0.000286698682106734,156.05630112555224
1791264360,0.000286698682106734,0.00029066943797700185,0.00028657223167587165,0.00028675145445045564,31.216136684584185
1791264420,0.00028675145445045564,0.0002906689963158658,0.00028675145445045564,0.0002906689963158658,57.76938834212237
1791264480,0.0002906689963158658,0.0002906689963158658,0.00028721871326794953,0.00028721871326794953,5.954191787674278
1791264540,0.00028721871326794953,0.0002924183785446899,0.0002859349193364516,0.0002884794175048013,345.8093709222655
1791264600,0.0002884794175048013,0.0002925255489782537,0.0002881881227881363,0.0002925255489782537,70.7695494378987
1791264660,0.0002925255489782537,0.00029422277598458623,0.00028956574492657104,0.00028956574492657104,193.9435439023742
1791264720,0.00028956574492657104,0.00028956574492657104,0.00027841482978256855,0.0002793856248354014,816.5169198315065
1791264780,0.0002793856248354014,0.0002825252444825323,0.00027755789049207743,0.0002825252444825323,120.27058078320607
1791264840,0.0002825252444825323,0.0002825252444825323,0.000277849983208377,0.000277849983208377,82.31418851318031
1791264900,0.000277849983208377,0.00028131295981583546,0.0002773174534186542,0.00028131295981583546,34.71181994209292
1791264960,0.00028131295981583546,0.00028962638434297815,0.0002779016983518449,0.00028962638434297815,694.520079392671
1791265020,0.00028962638434297815,0.00029032135296211094,0.00028962638434297815,0.0002897741964610453,54.96386869968695
1791265080,0.0002897741964610453,0.00029430799833856443,0.0002897741964610453,0.0002905142616012367,70.13610870589164
1791265140,0.0002905142616012367,0.0002946223603427918,0.00029022366648434665,0.0002946223603427918,59.08312662379168
1791265200,0.0002946223603427918,0.000299731799061397,0.0002946223603427918,0.00029501400701379343,819.4406990985717
1791265260,0.00029501400701379343,0.00029501400701379343,0.00029452760757909483,0.00029452760757909483,20.01648314470654
1791265320,0.00029452760757909483,0.0002983213152286498,0.00029231357139070726,0.00029758391623017184,249.23104959540197
1791265380,0.00029758391623017184,0.0002977166107774247,0.000292125116954599,0.000292125116954599,451.1166211249412
1791265440,0.000292125116954599,0.000292125116954599,0.0002895983261162156,0.0002895983261162156,5.873220656947482
1791265500,0.0002895983261162156,0.0002960981353806098,0.00028937992596659277,0.0002960981353806098,232.31663244323695
1791265560,0.0002960981353806098,0.0002982743867238746,0.0002797188152160444,0.0002797188152160444,1398.9663159789197
1791265620,0.0002797188152160444,0.0002846392103944343,0.0002797188152160444,0.0002806918272092385,79.84690416480797
1791265680,0.0002806918272092385,0.00028455523381746173,0.0002806918272092385,0.00028455523381746173,9.506016190982196
1791265740,0.00028455523381746173,0.00028583004453645665,0.000280979134002676,0.00028583004453645665,123.85666034786723
1791265800,0.00028583004453645665,0.00028667029291474177,0.00028298108252779934,0.00028667029291474177,18.15896224697097
1791265860,0.00028667029291474177,0.00028667029291474177,0.00028224082963020455,0.00028224082963020455,41.267786391560186
1791265920,0.00028224082963020455,0.00028224082963020455,0.0002819858896058087,0.0002819858896058087,6.042431254597182
1791265980,0.0002819858896058087,0.0002819858896058087,0.00028061903752313013,0.00028069316045887263,68.0173379344206
1791266040,0.00028069316045887263,0.00028069316045887263,0.0002804193740230414,0.0002804193740230414,4.92430327005554
1791266100,0.0002804193740230414,0.0002834497795650255,0.0002799686135281957,0.0002834497795650255,87.80534125484742
1791266160,0.0002834497795650255,0.0002834497795650255,0.0002765205225946949,0.0002765205225946949,190.19935236977196
1791266220,0.0002765205225946949,0.0002765205225946949,0.00027554749839172433,0.00027554749839172433,66.43136333351994
1791266280,0.00027554749839172433,0.0002811397456750645,0.00027554749839172433,0.0002794710255680757,243.6569338057489
1791266340,0.0002794710255680757,0.0002794710255680757,0.000279111938696864,0.000279111938696864,5.960968664644546
1791266400,0.000279111938696864,0.000279111938696864,0.00027874605630177375,0.00027874605630177375,6.071850077749399
1791266460,0.00027874605630177375,0.00027874605630177375,0.00027848915184813913,0.00027848915184813913,5.935323060600572
1791266520,0.00027848915184813913,0.000285162500031874,0.00027848915184813913,0.00028435318424728604,359.4782440021458
1791266580,0.00028435318424728604,0.00028435318424728604,0.0002833919021063144,0.0002833919021063144,55.314917489256075
1791266640,0.0002833919021063144,0.0002833919021063144,0.00028291883310725414,0.00028291883310725414,5.97268577067097
1791266700,0.00028291883310725414,0.00028294967418560936,0.00028291883310725414,0.00028294967418560936,5.967124584733926
1791266760,0.00028294967418560936,0.00028294967418560936,0.0002827203707978327,0.0002827203707978327,5.9560880261109554
1791266820,0.0002827203707978327,0.0002827203707978327,0.0002826487011224449,0.0002826487011224449,5.948385395254196
1791266880,0.0002826487011224449,0.0002863255166429922,0.0002826487011224449,0.0002863255166429922,15.10922289276684
1791266940,0.0002863255166429922,0.0002863255166429922,0.00028264808917514495,0.00028264808917514495,9.669086902079894
1791267000,0.00028264808917514495,0.00028264808917514495,0.00028258966530959623,0.00028258966530959623,5.932992165770789
1791267060,0.00028258966530959623,0.00028258966530959623,0.0002817867673969727,0.0002817867673969727,17.393392936666107
1791267120,0.0002817867673969727,0.0002817867673969727,0.00027909496065795035,0.00027909496065795035,164.11423523307656
1791267180,0.00027909496065795035,0.00027909496065795035,0.000278376506086182,0.000278376506086182,30.681414669567218
1791267240,0.000278376506086182,0.00028142598760273085,0.00027763433969900815,0.00028142598760273085,40.00773926362271
1791267300,0.00028142598760273085,0.00028344414298516493,0.00028142598760273085,0.0002817235793630605,230.1973795849986
1791267360,0.0002817235793630605,0.0002817235793630605,0.0002815654237152208,0.0002815654237152208,5.882654524292176
1791267420,0.0002815654237152208,0.00028189068722473705,0.0002815654237152208,0.00028189068722473705,5.883325120694163
1791267480,0.00028189068722473705,0.00028189068722473705,0.0002817042833388943,0.0002817042833388943,5.873320083340047
1791267540,0.0002817042833388943,0.00028750058799458433,0.0002817042833388943,0.00028750058799458433,116.97653543808316
1791267600,0.00028750058799458433,0.00028750058799458433,0.00028327651726914495,0.00028327651726914495,44.28191612509767
1791267660,0.00028327651726914495,0.0002872318251239315,0.00028327651726914495,0.0002834461006768873,21.142818242161194
1791267780,0.0002834461006768873,0.0002834461006768873,0.0002830249350295901,0.0002830249350295901,5.859456803416213
