ts,o,h,l,c,v
1790547840,0.0005872275707969361,0.0006164295169509288,0.0005560860291289556,0.0005756835616420209,9347.744897566343
1790547900,0.0005756835616420209,0.0006134789177439458,0.0005661985677093944,0.0006101422540490054,3311.9581098697518
1790547960,0.0006101422540490054,0.0006101422540490054,0.0005664188071628756,0.000568208790082286,3980.9109882261832
1790548020,0.000568208790082286,0.0005722251973326762,0.00047399934545637077,0.00048795420043127745,8893.048778332563
1790548080,0.00048795420043127745,0.0006045689311512904,0.000487493451760822,0.0005556947405929882,9867.65083117705
1790548140,0.0005556947405929882,0.0005970644876678954,0.0005556947405929882,0.0005816284879331527,4533.577857744275
1790548200,0.0005816284879331527,0.0005992124398869947,0.0005755861578896867,0.0005755861578896867,2161.536017699748
1790548260,0.0005755861578896867,0.0005755861578896867,0.0005025866283276322,0.0005091969365278366,4448.570642868796
1790548320,0.0005091969365278366,0.0005190387672538526,0.0004141890989910053,0.0004596013517102944,14293.307271397673
1790548380,0.0004596013517102944,0.00048195868230300397,0.0004495042323639114,0.0004626932359759005,3796.583890174972
1790548440,0.0004626932359759005,0.0004626932359759005,0.0004399388299596329,0.00045321852739318194,1539.4774490773518
1790548500,0.00045321852739318194,0.00046419499094849743,0.0004298132068383022,0.00045867856973561737,4181.105021229071
1790548560,0.00045867856973561737,0.0005466439399589518,0.00045867856973561737,0.0005369458521536531,6063.278776627946
1790548620,0.0005369458521536531,0.0005582866119551581,0.0005146215753871196,0.0005146215753871196,4409.235107885184
1790548680,0.0005146215753871196,0.0005196920155657559,0.0005058489031467204,0.0005196920155657559,947.5705690797818
1790548740,0.0005196920155657559,0.0005206258491299623,0.0005064197503494203,0.0005064197503494203,819.8761503018867
1790548800,0.0005064197503494203,0.0005064197503494203,0.0004631085159798997,0.0004769101453522432,2784.1071095623856
1790548860,0.0004769101453522432,0.0005375847186846059,0.0004739576543329476,0.0004941237516216006,7888.657909722744
1790548920,0.0004941237516216006,0.0005026352066591292,0.0004807065010883566,0.0004807065010883566,1565.7567850427356
1790548980,0.0004807065010883566,0.0005053409797443748,0.00047066587854302803,0.000496254486466258,1541.9807087003783
1790549040,0.000496254486466258,0.0005037478264898061,0.000491953641729004,0.0004938279509672781,1093.2121191972328
1790549100,0.0004938279509672781,0.000502680359298152,0.0004855448453074056,0.0004964288967037013,1126.730765403569
1790549160,0.0004964288967037013,0.0005044070438239467,0.0004903273887019308,0.0004927059791853719,986.0600336963328
1790549220,0.0004927059791853719,0.0005438729605579517,0.0004914391864812673,0.0005438729605579517,2345.379924849531
1790549280,0.0005438729605579517,0.0006950384460891497,0.0005438729605579517,0.0006754630723763861,35703.685553388284
1790549340,0.0006754630723763861,0.0006754630723763861,0.0006056469194082387,0.0006333037780491258,11595.920786309307
1790549400,0.0006333037780491258,0.0006333037780491258,0.0005831504213897634,0.0005831504213897634,4210.026857791797
1790549460,0.0005831504213897634,0.0005901929682517377,0.0005486996493521263,0.0005640942024613528,2757.0072283778272
1790549520,0.0005640942024613528,0.0005665609087631807,0.0005404432450100881,0.0005488701315087977,1766.0017709899948
1790549580,0.0005488701315087977,0.0005488701315087977,0.0005190668189695682,0.0005323299789718692,1312.8766292643086
1790549640,0.0005323299789718692,0.0005351779688271193,0.0004812145003876008,0.0004972369560750851,3743.5325522893327
1790549700,0.0004972369560750851,0.0005411156872543253,0.0004972369560750851,0.0005331095192536152,4031.927026088677
1790549760,0.0005331095192536152,0.0005496566852317361,0.0005271541748030525,0.0005393370919493913,969.846241736763
1790549820,0.0005393370919493913,0.0005625649832151258,0.0005346460232332289,0.000552641807684297,1093.6709582432077
1790549880,0.000552641807684297,0.0005602438689926381,0.0005413327012109689,0.0005413327012109689,925.9305515889557
1790549940,0.0005413327012109689,0.0005466525012802958,0.0004940907932488688,0.0004940907932488688,3538.3438972160006
1790550000,0.0004940907932488688,0.0005127024528993088,0.00048405270783802014,0.0005127024528993088,1356.1107653038155
1790550060,0.0005127024528993088,0.0005206039423268436,0.0004792190103617868,0.0005114273491887935,3725.089217721648
1790550120,0.0005114273491887935,0.0005464447555927614,0.00051048928949637,0.0005457975024514436,1770.7500935088976
1790550180,0.0005457975024514436,0.0005492831395726189,0.0005274302776591007,0.0005288396100196963,1290.2813741132734
1790550240,0.0005288396100196963,0.000543343661252901,0.0005225109609971756,0.0005364493601757972,634.3673300998543
1790550300,0.0005364493601757972,0.0005453256169097424,0.0004301892471918821,0.000444821374649435,11280.814906678805
1790550360,0.000444821374649435,0.0004775472198100537,0.000444821374649435,0.0004732288900744549,4377.234908241673
1790550420,0.0004732288900744549,0.0004747882316676042,0.0004592097423045599,0.000467932010060348,1244.7165850318977
1790550480,0.000467932010060348,0.000467932010060348,0.0004404627710633175,0.00046671706095470326,2486.0021220946423
1790550540,0.00046671706095470326,0.0004844480964549438,0.00046276277387523844,0.00048247844214396147,918.2834840270675
1790550600,0.00048247844214396147,0.00048247844214396147,0.0004508331064022599,0.0004508331064022599,1927.440197987942
1790550660,0.0004508331064022599,0.0004627475805185408,0.00044078749022356773,0.00044212686456847355,1738.3021595301889
1790550720,0.00044212686456847355,0.0004551729738460304,0.00044179702818994887,0.0004551729738460304,533.2145621630018
1790550780,0.0004551729738460304,0.0004551729738460304,0.00039935938259668226,0.00040915390608507247,6308.123667048881
1790550840,0.00040915390608507247,0.00041454786124448775,0.0003740660565579863,0.0004028713273429677,6312.641521843002
1790550900,0.0004028713273429677,0.0004839028001124533,0.00038448820067085753,0.0004469410331627415,10698.024674625975
1790550960,0.0004469410331627415,0.0004541106434750676,0.0003943020753563075,0.00039867605357179147,4569.437245879463
1790551020,0.00039867605357179147,0.00041646211842152875,0.0003938821184273041,0.00041569590753555316,1262.5073311052854
1790551080,0.00041569590753555316,0.0004363830166241168,0.0004142378166008194,0.00041892181696286405,1595.916773493408
1790551140,0.00041892181696286405,0.00041892181696286405,0.0003480977394814571,0.000378878909775942,11438.26027496365
1790551200,0.000378878909775942,0.00038342064389557904,0.00036694925161071695,0.0003809634897978686,1280.55209421587
1790551260,0.0003809634897978686,0.0004090064232081729,0.00037915001005430046,0.00039848636603207475,2804.2897273542894
1790551320,0.00039848636603207475,0.00039848636603207475,0.0003782174727393777,0.0003782174727393777,837.1638774456894
1790551380,0.0003782174727393777,0.000381957490366847,0.0003212328074957571,0.0003449042600852591,8669.998537721876
1790551440,0.0003449042600852591,0.00035263116210285285,0.0003366608812302062,0.00034897067479067856,1743.998926561339
1790551500,0.00034897067479067856,0.00037297204540627423,0.00034897067479067856,0.00036924151846412295,1287.840328721954
1790551560,0.00036924151846412295,0.00039427670081063743,0.00036924151846412295,0.00038638420133496875,2833.5874204510146
1790551620,0.00038638420133496875,0.0004523256647956848,0.00038638420133496875,0.0004327175989065587,7775.647044108179
1790551680,0.0004327175989065587,0.00043508757799241014,0.0004028467831832622,0.0004083883712562341,1877.0740577278207
1790551740,0.0004083883712562341,0.0004191915865205536,0.0004051884771446005,0.0004051884771446005,820.7772445564997
1790551800,0.0004051884771446005,0.00041091626689118336,0.00039192680232115614,0.0003919807000350612,1158.121849083581
1790551860,0.0003919807000350612,0.0003919807000350612,0.0003780267031755798,0.0003780267031755798,730.9734600450001
1790551920,0.0003780267031755798,0.00038254171855269415,0.0003206859279407495,0.00033166187296451,4826.115285647653
1790551980,0.00033166187296451,0.0003609627854355511,0.0003186531341177134,0.00034167535639297356,7477.7733502761075
1790552040,0.00034167535639297356,0.0003493550350605595,0.0002905038043069633,0.0003067209953457214,6873.399943232737
1790552100,0.0003067209953457214,0.00032404436342213326,0.000294665594991194,0.00032404436342213326,4580.2522419228735
1790552160,0.00032404436342213326,0.0003606709262299524,0.0003171173846600628,0.000340428567209684,4680.784239093841
1790552220,0.000340428567209684,0.0003565962188218627,0.00033861416964002403,0.000349034801405167,1282.401997671226
1790552280,0.000349034801405167,0.00035352912034444307,0.0003375085451526407,0.0003511539107397178,1195.0040433154652
1790552340,0.0003511539107397178,0.0003775988603065859,0.00035068279895298363,0.0003775988603065859,1686.4834091981809
1790552400,0.0003775988603065859,0.0003973525623591735,0.0003748137246821132,0.00038768804625686994,2392.499595919426
1790552460,0.00038768804625686994,0.00038909914567904414,0.00037385759169733626,0.00037891432275883284,530.1217759153268
1790552520,0.00037891432275883284,0.00038155515915081,0.00037096590110300445,0.00037096590110300445,646.0433355742233
1790552580,0.00037096590110300445,0.0003766710022057213,0.00036757342362280285,0.00036839938701422676,1156.2887923777753
1790552640,0.00036839938701422676,0.00036839938701422676,0.00035010737211672854,0.00036221439998088313,1594.3186659673197
1790552700,0.00036221439998088313,0.00036746243512922154,0.00033732020677147673,0.0003416623194695463,1753.6150304528335
1790552760,0.0003416623194695463,0.00034551496523546545,0.0003319728406417516,0.00033884679758062043,1216.4322052464677
1790552820,0.00033884679758062043,0.000338869818406297,0.00032008794172074906,0.00032015165474243585,681.125052850368
1790552880,0.00032015165474243585,0.0003257492991733993,0.00031834145996954616,0.0003202156667037571,381.3495729471397
1790552940,0.0003202156667037571,0.0003202156667037571,0.00030855052741252635,0.0003152500968732755,892.2156369080408
1790553000,0.0003152500968732755,0.00031662492027703106,0.0002691094951206412,0.0003029330902103164,6431.245429178947
1790553060,0.0003029330902103164,0.0003029330902103164,0.00021662539449047525,0.00027233111208367275,17662.858102839953
1790553120,0.00027233111208367275,0.0002770470611495566,0.00025713366574786525,0.000260675509248474,2415.3112066910917
1790553180,0.000260675509248474,0.000260675509248474,0.0002308369287827611,0.0002520782949020256,5616.788669597163
1790553240,0.0002520782949020256,0.0002726568053581647,0.0002481632371579213,0.00025203493813459924,5110.022572938607
1790553300,0.00025203493813459924,0.00028408080021004556,0.00025203493813459924,0.00027544809606578474,2479.2688106866017
1790553360,0.00027544809606578474,0.00031562220435176136,0.0002711841019206875,0.00029920244096030596,3257.649418443756
1790553420,0.00029920244096030596,0.0003287612404458501,0.00029920244096030596,0.0003045392310426855,3266.8067145140367
1790553480,0.0003045392310426855,0.00031297450291308817,0.0003045392310426855,0.0003093676964775819,590.7188172231528
1790553540,0.0003093676964775819,0.0003093676964775819,0.0003003491103743305,0.0003003491103743305,621.949473555339
1790553600,0.0003003491103743305,0.0003003491103743305,0.0002777661905567528,0.0002777661905567528,1895.4951696174357
1790553660,0.0002777661905567528,0.00028786482493293244,0.0002775232894965455,0.0002824560335251826,644.33131755168
1790553720,0.0002824560335251826,0.00029313415036686085,0.0002812395146085929,0.00029313415036686085,599.2750653337163
1790553780,0.00029313415036686085,0.0003038822763982036,0.00029313415036686085,0.00029652564459704985,1036.1594518990241
1790553840,0.00029652564459704985,0.00029652564459704985,0.0002907083328198394,0.0002907083328198394,345.1618794397146
1790553900,0.0002907083328198394,0.00029422860563807024,0.0002824943355266954,0.0002824943355266954,505.4326272910899
1790553960,0.0002824943355266954,0.00028482888346119286,0.00027669375471492424,0.00028078630539637214,619.944243418639
1790554020,0.00028078630539637214,0.00028078630539637214,0.0002757855832488342,0.0002805970773493834,110.03390133700145
1790554080,0.0002805970773493834,0.00028432182563753103,0.0002765183777380244,0.00028247918587254807,500.0383877477227
1790554140,0.00028247918587254807,0.00029736599010083455,0.00028247918587254807,0.00029736599010083455,686.1957346914734
1790554200,0.00029736599010083455,0.00029965930584786935,0.0002937945242879762,0.00029965930584786935,105.22947824415321
1790554260,0.00029965930584786935,0.00030683667508148074,0.00029569717719339937,0.0003067985650520659,478.3241775171586
1790554320,0.0003067985650520659,0.00031674139911404037,0.00030390995796073325,0.0003126016082435443,574.339981268117
1790554380,0.0003126016082435443,0.0003434026038886324,0.0003126016082435443,0.0003434026038886324,1552.0842455973634
1790554440,0.0003434026038886324,0.0003434026038886324,0.0003323281759256672,0.0003323281759256672,895.4690245141106
1790554500,0.0003323281759256672,0.0003361459206415729,0.00032527489797775386,0.0003253012577170093,436.30727956316093
1790554560,0.0003253012577170093,0.0003297779919384165,0.0003253012577170093,0.00032532472201304147,16.261185080702916
1790554620,0.00032532472201304147,0.00033482921748928936,0.00032071731828893,0.0003306920071009383,745.3172465162401
1790554680,0.0003306920071009383,0.0003355196121806134,0.00032810324111949584,0.00032834992460889956,592.9315364085843
1790554740,0.00032834992460889956,0.00032834992460889956,0.00032234504255901125,0.00032700528074507807,624.6688455189012
1790554800,0.00032700528074507807,0.00032921968421910396,0.0003224333761402085,0.00032659929809300304,365.9051139501806
1790554860,0.00032659929809300304,0.0003267256547849431,0.00032659929809300304,0.0003267256547849431,3.7149506021981935
1790554920,0.0003267256547849431,0.00035248940052799867,0.0003206778150502366,0.0003206778150502366,2561.180922162581
1790554980,0.0003206778150502366,0.00032567711323350083,0.00032063845486329453,0.00032567711323350083,63.79315956890191
1790555040,0.00032567711323350083,0.0003261008037961591,0.0003005605592273497,0.0003005605592273497,1382.983670151636
1790555100,0.0003005605592273497,0.0003036642597206542,0.0002988634811386056,0.0002990189740858013,147.02749675361807
1790555160,0.0002990189740858013,0.00030235495894051446,0.0002947209569569675,0.0002986760054755813,388.5776484448709
1790555220,0.0002986760054755813,0.0003009033360272268,0.0002950102111070955,0.0002950102111070955,285.79569108885676
1790555280,0.0002950102111070955,0.00029740488908912044,0.00029198800287210064,0.00029316077957517817,255.7102594843704
1790555340,0.00029316077957517817,0.00030357746533172316,0.0002926068264214015,0.00030357746533172316,357.76451088382277
1790555400,0.00030357746533172316,0.0003060909059248191,0.0002967165921750861,0.0002967165921750861,769.1007784932339
1790555460,0.0002967165921750861,0.00030043549808767716,0.00029443305330903533,0.00029877303900208233,181.03720935609473
1790555520,0.00029877303900208233,0.00029877303900208233,0.00028316056244613504,0.0002880280641035888,698.6382595639097
1790555580,0.0002880280641035888,0.00028848498019278424,0.0002792429256443466,0.0002792429256443466,274.9211755879042
1790555640,0.0002792429256443466,0.0002989044029302327,0.0002790694701360474,0.0002989044029302327,912.7584712063813
1790555700,0.0002989044029302327,0.0003133926544187291,0.0002989044029302327,0.0003079866062966326,886.4860127251079
1790555760,0.0003079866062966326,0.0003150970939712945,0.0003044782557364671,0.0003044782557364671,547.1331274564976
1790555820,0.0003044782557364671,0.00030901190044674596,0.0003035526698594693,0.0003060551379217498,144.5255105167788
1790555880,0.0003060551379217498,0.00031021936928044957,0.0002964399769099389,0.0002964399769099389,552.1142123186786
1790555940,0.0002964399769099389,0.0002964399769099389,0.0002929813436089553,0.00029387342775946473,144.91359155336482
1790556000,0.00029387342775946473,0.00029387342775946473,0.00027964137923324996,0.00028003458309008156,837.7085789546289
1790556060,0.00028003458309008156,0.00028003458309008156,0.0002711577057019766,0.0002711577057019766,308.6626983955372
1790556120,0.0002711577057019766,0.0002803641120373394,0.00024808829016542596,0.00025908147196096676,3088.8466000649264
1790556180,0.00025908147196096676,0.000282638371465075,0.00025908147196096676,0.00027460382225053323,2545.969089227532
1790556240,0.00027460382225053323,0.00027460382225053323,0.0002687817108439549,0.0002699317707058169,425.5925972136753
1790556300,0.0002699317707058169,0.00032290939416305644,0.00026707513171561354,0.0002984851624623338,3152.333484429411
1790556360,0.0002984851624623338,0.0003242399214304572,0.0002984851624623338,0.000321308037323505,2056.8647895865242
1790556420,0.000321308037323505,0.000324874443948282,0.00031780732961077533,0.0003179614431647883,706.5774422014615
1790556480,0.0003179614431647883,0.0003205930325777956,0.0003043978379527222,0.0003099850351159187,1001.2983835184046
1790556540,0.0003099850351159187,0.0003107074342036856,0.0003044531706770522,0.0003101245608401403,621.9265195331076
1790556600,0.0003101245608401403,0.0003129680689793958,0.0003072139501057881,0.00031048853175280616,424.0980407193221
1790556660,0.00031048853175280616,0.00032336491161563544,0.00031048853175280616,0.0003183232918597848,637.3969649402202
1790556720,0.0003183232918597848,0.0003529245233178442,0.00031143353390059605,0.0003529245233178442,2509.470907395623
1790556780,0.0003529245233178442,0.0003712160015972061,0.0003529245233178442,0.0003601095490021946,1849.0124457232857
1790556840,0.0003601095490021946,0.00036477723569807287,0.00033236747999657924,0.00033563776530405235,2018.396587572383
1790556900,0.00033563776530405235,0.0003363364733242475,0.00029647552313667605,0.0003016436863675007,3917.736811642988
1790556960,0.0003016436863675007,0.0003016436863675007,0.00028489382026113987,0.00029144389208487413,1041.8319530218641
1790557020,0.00029144389208487413,0.00030378055479417953,0.00029032693571978875,0.00029969814607669137,666.080652442402
1790557080,0.00029969814607669137,0.00030452452868674377,0.00028907910867655433,0.0002907236851043303,793.5813465295083
1790557140,0.0002907236851043303,0.00029096054135297595,0.0002853735011527109,0.0002893893253274183,296.01431307243575
1790557200,0.0002893893253274183,0.0002893893253274183,0.0002824971885628785,0.0002839705816568715,441.9756978202114
1790557260,0.0002839705816568715,0.00029205101222338093,0.00028207276664079085,0.00029205101222338093,921.4141471747611
1790557320,0.00029205101222338093,0.0003004995709644091,0.00029156212836825004,0.0003004995709644091,348.73342412630194
1790557380,0.0003004995709644091,0.0003207762035004187,0.0003004995709644091,0.0003207762035004187,1000.0018498442888
1790557440,0.0003207762035004187,0.00032793528188367613,0.00031952085512330133,0.0003238073392609864,481.8713934823909
1790557500,0.0003238073392609864,0.00033315847952028997,0.0003238073392609864,0.00033315847952028997,332.28470489068957
1790557560,0.00033315847952028997,0.00033366057566240143,0.0003152111566102795,0.0003199318249953909,823.2264689232775
1790557620,0.0003199318249953909,0.00032239881596040005,0.0003133604651151672,0.00031866425431693494,536.6617763920917
1790557680,0.00031866425431693494,0.00032308624581584163,0.00031866425431693494,0.00032308624581584163,44.55011728158011
1790557740,0.00032308624581584163,0.0003252255647399199,0.00032060129280150424,0.0003252255647399199,160.41860738997633
1790557800,0.0003252255647399199,0.00032561957578161724,0.0003209394521394762,0.00032508698335804623,18.55434661947762
1790557860,0.00032508698335804623,0.00033015768013137535,0.00032508698335804623,0.0003289724410600235,587.9820617371521
1790557920,0.0003289724410600235,0.0003484052265041014,0.0003289724410600235,0.0003448879348742502,1189.9150579686298
1790557980,0.0003448879348742502,0.000346631858652203,0.00033762298786304184,0.0003451569817331116,1027.1037445105164
1790558040,0.0003451569817331116,0.0003530547206397247,0.00034145482386437016,0.00034145482386437016,533.4725755740878
1790558100,0.00034145482386437016,0.0003447353826661946,0.00034145482386437016,0.0003447353826661946,132.22590892291015
1790558160,0.0003447353826661946,0.00034806991449231077,0.00034160717693711384,0.00034806991449231077,395.3650030508096
1790558220,0.00034806991449231077,0.0003522628678972308,0.00034182714387842204,0.0003454579239078374,877.6371461474552
1790558280,0.0003454579239078374,0.0003454579239078374,0.00033987890791143744,0.0003400456397180301,235.21681850042543
1790558340,0.0003400456397180301,0.0003400456397180301,0.0003280431966188111,0.0003327786556638014,695.870197446751
1790558460,0.0003327786556638014,0.0003344984251153218,0.00032195013820252,0.00032195013820252,424.0093295899143
1790558520,0.00032195013820252,0.00032533182115510804,0.00031844682681556947,0.00031844682681556947,152.74638274125806
1790558580,0.00031844682681556947,0.00031844682681556947,0.0003175456507837455,0.0003175456507837455,20.174021470202437
1790558640,0.0003175456507837455,0.0003175456507837455,0.0003156634637142927,0.0003156634637142927,81.84283086623942
1790558700,0.0003156634637142927,0.00031814068780790125,0.0003112212565172903,0.00031814068780790125,331.38707123736367
1790558760,0.00031814068780790125,0.00032006618810719636,0.00030579609824652403,0.00030579609824652403,1002.7617676278966
1790558820,0.00030579609824652403,0.000309206099233909,0.00029690757186488434,0.00029690757186488434,1408.7002512852102
1790558880,0.00029690757186488434,0.0003027729271656268,0.0002953097593374741,0.0003027729271656268,397.71155998031014
1790559000,0.0003027729271656268,0.000305600791994593,0.0003027729271656268,0.000305600791994593,237.88791037909238
1790559060,0.000305600791994593,0.0003150005515025746,0.0003037954192746137,0.0003150005515025746,385.3664231868509
1790559120,0.0003150005515025746,0.0003266144414862802,0.0003150005515025746,0.0003266144414862802,551.0782033820982
1790559180,0.0003266144414862802,0.00033984981459196336,0.0003266144414862802,0.00033984981459196336,770.3501517306381
1790559240,0.00033984981459196336,0.0003509624110767561,0.000335217417474992,0.0003461899759352044,537.4453831028886
1790559300,0.0003461899759352044,0.0003502875228529366,0.0003432511597457202,0.0003432511597457202,239.60913624829118
1790559360,0.0003432511597457202,0.0003465827299771652,0.0003432511597457202,0.0003465827299771652,156.1674250064869
1790559420,0.0003465827299771652,0.0003465827299771652,0.0003431086644548223,0.0003431086644548223,33.09683774948407
1790559480,0.0003431086644548223,0.0003536672105156425,0.0003431086644548223,0.00035243144741326713,439.930845675546
1790559540,0.00035243144741326713,0.00036546747276369664,0.00035243144741326713,0.00036546747276369664,758.4092255640911
1790559600,0.00036546747276369664,0.00037486160157141246,0.00036546747276369664,0.00036867024852322493,1120.340641342002
1790559660,0.00036867024852322493,0.0003838038033650948,0.00036867024852322493,0.0003838038033650948,898.1826101823244
1790559720,0.0003838038033650948,0.00038554728058697745,0.00037589277909743583,0.000380962072206405,329.86203752574414
1790559780,0.000380962072206405,0.000380962072206405,0.0003704516608462614,0.00037520796675012664,500.4900384096945
1790559840,0.00037520796675012664,0.00038493271810132514,0.0003722731453918195,0.00038493271810132514,1180.4840420995963
1790559900,0.00038493271810132514,0.000431962531439594,0.00038125708546739637,0.00043013913509219823,2384.4104010814503
1790559960,0.00043013913509219823,0.00045104497544114355,0.00041656002173787236,0.0004193043168829412,4101.679667385161
1790560020,0.0004193043168829412,0.0004198291700278339,0.00041399872166503356,0.0004194070630826009,67.62635421376905
1790560080,0.0004194070630826009,0.0004267948269764821,0.00040151105606929185,0.00040151105606929185,1468.5634669798744
1790560140,0.00040151105606929185,0.00040151105606929185,0.00038196442409574327,0.00038196442409574327,782.0676107778745
1790560200,0.00038196442409574327,0.0003865902023278222,0.0003768728757561536,0.00037905821145304126,401.2502605456743
1790560260,0.00037905821145304126,0.00037976953389772287,0.00034813213341765775,0.00034813213341765775,1366.717318748131
1790560320,0.00034813213341765775,0.0003559873951619914,0.0003477427158473598,0.0003559873951619914,204.57216888926516
1790560380,0.0003559873951619914,0.00035715239054550556,0.00035150970839012045,0.00035715239054550556,106.74397792570892
1790560440,0.00035715239054550556,0.00035715239054550556,0.0003459584145844843,0.0003459584145844843,701.3538324978649
1790560500,0.0003459584145844843,0.0003503329518721611,0.0003459584145844843,0.0003503329518721611,1.978764848526136
1790560560,0.0003503329518721611,0.0003517756687730509,0.00034253263087270764,0.0003517756687730509,619.4299370458887
1790560620,0.0003517756687730509,0.0003517756687730509,0.0003079932427355695,0.0003116346211609413,2479.416138295083
1790560680,0.0003116346211609413,0.0003307389700751883,0.0003116346211609413,0.0003307389700751883,1152.9724587399958
1790560740,0.0003307389700751883,0.0003307389700751883,0.0003158879348944351,0.0003158879348944351,733.6058909769671
1790560800,0.0003158879348944351,0.0003158879348944351,0.0002992290792255501,0.00031087044615559417,1096.0065027491153
1790560860,0.00031087044615559417,0.000311137190604481,0.0003071595957663418,0.000311137190604481,149.35358342804076
1790560920,0.000311137190604481,0.00031878890183230124,0.000311137190604481,0.00031878890183230124,510.33248117542115
1790560980,0.00031878890183230124,0.0003281930012623352,0.00031878890183230124,0.0003281930012623352,310.5473485153753
1790561040,0.0003281930012623352,0.0003369518546416403,0.0003281930012623352,0.0003369518546416403,453.93758087901057
1790561100,0.0003369518546416403,0.0003588159812209694,0.000332687428462422,0.0003588159812209694,1165.960134940254
1790561160,0.0003588159812209694,0.0003713094077648788,0.0003588159812209694,0.00036748515483291523,572.4863014943933
1790561220,0.00036748515483291523,0.00037872237439041245,0.0003587236224394978,0.00036692231362036725,2031.3369441116772
1790561280,0.00036692231362036725,0.00036692231362036725,0.0003539439060111544,0.0003539439060111544,449.2426133187444
1790561340,0.0003539439060111544,0.00036236160677885476,0.0003539439060111544,0.00036236160677885476,166.13842480204806
1790561400,0.00036236160677885476,0.00036236160677885476,0.0003504016703842373,0.0003507940671806929,325.0988819346907
1790561460,0.0003507940671806929,0.00035103205554681686,0.00034757559143188847,0.00034831396824777774,323.5058964213916
1790561520,0.00034831396824777774,0.00034843663642286345,0.00034386542673817605,0.00034843663642286345,22.084515449252397
1790561580,0.00034843663642286345,0.0003506179119065975,0.00034527492814726316,0.0003506179119065975,218.58126256553362
1790561640,0.0003506179119065975,0.00035359816607522795,0.00034999395233084927,0.00034999395233084927,186.80515434067965
1790561700,0.00034999395233084927,0.00035574392844687906,0.00034999395233084927,0.00035574392844687906,158.26381778835878
1790561760,0.00035574392844687906,0.000356095871377085,0.0003491126806049056,0.00035296856630297874,287.3424633362002
1790561820,0.00035296856630297874,0.00035296856630297874,0.00032203174301819506,0.000323662654403547,1866.5571932753642
1790561880,0.000323662654403547,0.000323662654403547,0.00032313907862752247,0.00032313907862752247,5.983059505352941
1790561940,0.00032313907862752247,0.00032313907862752247,0.00031870963671812064,0.0003189845571080542,26.162524232249858
1790562000,0.0003189845571080542,0.00032923570800517927,0.0003189845571080542,0.00032923570800517927,289.90020380307715
1790562060,0.00032923570800517927,0.00033028416062631246,0.0003239640575692067,0.0003239640575692067,211.60740932366414
1790562120,0.0003239640575692067,0.0003294344243092006,0.0003239640575692067,0.00032601051088442586,159.48184618337515
1790562180,0.00032601051088442586,0.0003311701830741611,0.0003184564860694678,0.00032383491224612635,729.9159230543244
1790562240,0.00032383491224612635,0.0003251791790802674,0.00032383491224612635,0.0003249776269346607,8.897558657496141
1790562300,0.0003249776269346607,0.0003249776269346607,0.00030370335295078796,0.00030722616873160726,1241.28513703071
1790562360,0.00030722616873160726,0.00030919593390548914,0.00030308386565107545,0.00030919593390548914,115.87613762221277
1790562480,0.00030919593390548914,0.00030919593390548914,0.00030350186928488194,0.00030350186928488194,173.87927952807078
1790562540,0.00030350186928488194,0.00030350186928488194,0.000296765882845185,0.000296765882845185,260.36412125090567
1790562600,0.000296765882845185,0.00030060471651961854,0.0002787443449261706,0.0002791786731975736,1294.9109408729848
1790562660,0.0002791786731975736,0.00028561728991547314,0.0002744958619869427,0.00027853177184528896,788.1212878411797
1790562720,0.00027853177184528896,0.00030019208863415374,0.00027853177184528896,0.00029969275128150126,1309.5518065779243
1790562780,0.00029969275128150126,0.0003153926717001943,0.00029969275128150126,0.0003153926717001943,746.711963663151
1790562840,0.0003153926717001943,0.0003193062884687267,0.0003110762139910404,0.0003193062884687267,355.67102581560283
1790562900,0.0003193062884687267,0.0003193062884687267,0.0003144086954603761,0.0003168982675229671,445.8977274607144
1790562960,0.0003168982675229671,0.00031713026771109195,0.0003129599039219159,0.00031699002828617967,134.18742003011013
1790563020,0.00031699002828617967,0.00031699002828617967,0.0003104129995412613,0.00031111427011804374,131.7103319523239
1790563080,0.00031111427011804374,0.00031111427011804374,0.00029984614574880857,0.00029984614574880857,651.2486193205535
1790563200,0.00029984614574880857,0.00029984614574880857,0.00029593077655956803,0.00029593077655956803,51.58985192611272
1790563260,0.00029593077655956803,0.0003001979982236452,0.00029370383728162465,0.00029370383728162465,195.43125746217592
1790563320,0.00029370383728162465,0.00029370383728162465,0.0002837761782945931,0.0002837761782945931,504.60328646787127
1790563380,0.0002837761782945931,0.0002837761782945931,0.0002824296314495937,0.0002824296314495937,47.818037298321634
1790563500,0.0002824296314495937,0.0002824296314495937,0.00028203926576637846,0.00028203926576637846,44.95758579135623
1790563560,0.00028203926576637846,0.0002853765261041989,0.00028121908972980885,0.00028121908972980885,127.50659068683221
1790563680,0.00028121908972980885,0.00028121908972980885,0.0002758377485862819,0.0002758377485862819,294.4336346813429
1790563740,0.0002758377485862819,0.0002783232360998858,0.0002758377485862819,0.0002783232360998858,0.19725063627831205
1790563800,0.0002783232360998858,0.0002819272313978412,0.0002749586835466549,0.0002819272313978412,261.09070717959224
1790563860,0.0002819272313978412,0.00030183739365103365,0.0002819272313978412,0.0003018151259979567,1043.2972814133125
1790563920,0.0003018151259979567,0.0003083053777213692,0.0003018151259979567,0.000306614798900546,403.8659319000122
1790563980,0.000306614798900546,0.0003089001255384268,0.0003058672435050209,0.0003089001255384268,103.4767517042153
1790564040,0.0003089001255384268,0.00031535194993372387,0.0003089001255384268,0.00031535194993372387,323.8675660518983
1790564100,0.00031535194993372387,0.00031580755005832363,0.00031185157613896383,0.00031185157613896383,8.470684309559054
1790564160,0.00031185157613896383,0.00031236526696707426,0.0003086228286438143,0.00031236526696707426,153.7531970123854
1790564280,0.00031236526696707426,0.00031236526696707426,0.0003053941050096807,0.00030952587059331527,146.6225092549239
1790564340,0.00030952587059331527,0.00030952587059331527,0.00029741349884640646,0.00029760961257981934,778.6963983796788
1790564400,0.00029760961257981934,0.00029760961257981934,0.0002953604326821079,0.0002953604326821079,106.40323485367476
1790564460,0.0002953604326821079,0.0002992017626606353,0.00029470830504893395,0.00029470830504893395,63.736352775192714
1790564520,0.00029470830504893395,0.00029852089665250174,0.00029432582621007406,0.00029432582621007406,109.65618380891127
1790564580,0.00029432582621007406,0.0003007082347742925,0.00029300096510825207,0.0003007082347742925,272.2266229409725
1790564640,0.0003007082347742925,0.00030414194132194987,0.0003001835295844247,0.000303865524742547,150.9494427228032
1790564700,0.000303865524742547,0.00030424183637627956,0.000303865524742547,0.00030424183637627956,22.230663057408414
1790564760,0.00030424183637627956,0.0003149343674686022,0.00030424183637627956,0.0003149343674686022,604.8701173654327
1790564820,0.0003149343674686022,0.0003149343674686022,0.00030629460273584374,0.00030629460273584374,402.1347235327871
1790564880,0.00030629460273584374,0.0003086492861404205,0.00030202277351612874,0.00030202277351612874,114.6458390555704
1790565000,0.00030202277351612874,0.00031343462789773676,0.00030202277351612874,0.00031343462789773676,359.8711940495626
1790565060,0.00031343462789773676,0.00031408005726894734,0.00031343462789773676,0.00031408005726894734,38.2945734701625
1790565120,0.00031408005726894734,0.00031408005726894734,0.0003101435406940382,0.0003139288195891747,17.23351339163974
1790565180,0.0003139288195891747,0.0003200913527084791,0.0003139288195891747,0.0003200913527084791,259.94127453609605
1790565240,0.0003200913527084791,0.000320340744169708,0.0003162194736332629,0.0003162194736332629,23.69783779295173
1790565300,0.0003162194736332629,0.0003162194736332629,0.0003146784862236069,0.0003146784862236069,136.16172315912092
1790565360,0.0003146784862236069,0.00031745809989248893,0.0003131906103949836,0.00031745809989248893,24.93505295366572
1790565420,0.00031745809989248893,0.00031866150806869034,0.00031408590253767396,0.00031866150806869034,27.922178259540395
1790565480,0.00031866150806869034,0.0003268124132998186,0.00031866150806869034,0.0003268124132998186,380.98288747176696
1790565540,0.0003268124132998186,0.0003295719480663946,0.0003268124132998186,0.0003295719480663946,121.585603574529
1790565600,0.0003295719480663946,0.0003311832590454359,0.0003295719480663946,0.0003301821387442712,79.94270697883907
1790565660,0.0003301821387442712,0.00033406685294677874,0.00032659437939283956,0.00032659437939283956,655.4028031662643
1790565720,0.00032659437939283956,0.00032659437939283956,0.00027749364044235325,0.00027768238176168543,2714.4644052747162
1790565780,0.00027768238176168543,0.00028374255341070726,0.00027768238176168543,0.00028369326998726893,321.44450144793166
1790565840,0.00028369326998726893,0.0002837229657274144,0.0002797415420767978,0.0002797415420767978,61.638390896989954
1790565900,0.0002797415420767978,0.00028740231625662914,0.0002797415420767978,0.00028740231625662914,372.8086039359075
1790565960,0.00028740231625662914,0.00029390988349849574,0.00028740231625662914,0.00029390988349849574,205.33816795110312
1790566020,0.00029390988349849574,0.0002952315593269129,0.00029390988349849574,0.0002952315593269129,103.44446586395371
1790566080,0.0002952315593269129,0.00029879443822454147,0.0002952315593269129,0.0002955034993319005,147.63234007449736
1790566140,0.0002955034993319005,0.00030677290057874913,0.0002955034993319005,0.00030309082418583563,494.52428195167505
1790566200,0.00030309082418583563,0.0003093475179500872,0.00030309082418583563,0.0003093475179500872,119.99833228311536
1790566260,0.0003093475179500872,0.00030951446177014875,0.0003053640928554881,0.00030951446177014875,15.862176244908753
1790566320,0.00030951446177014875,0.00031012794824356764,0.0002891957582280954,0.00029236996535215033,1781.1306999814867
1790566440,0.00029236996535215033,0.0002932780378896932,0.0002889440196561254,0.0002932780378896932,94.90940889348917
1790566500,0.0002932780378896932,0.0002939789704685236,0.0002890238326682823,0.0002939789704685236,40.456383753374695
1790566560,0.0002939789704685236,0.0002944252720136364,0.0002939789704685236,0.0002944252720136364,29.11136990938252
1790566620,0.0002944252720136364,0.00029495888958991514,0.0002902581913893722,0.0002902581913893722,95.50336740062674
1790566680,0.0002902581913893722,0.0002902581913893722,0.00028569448092284264,0.00028924354173378875,221.06272649776358
1790566740,0.00028924354173378875,0.00028924354173378875,0.0002841945287127582,0.0002841945287127582,85.77810273881714
1790566800,0.0002841945287127582,0.00031271761208124887,0.00028376148832433176,0.00031271761208124887,1355.838726250666
1790566860,0.00031271761208124887,0.0003133955233788719,0.000307420308009999,0.00030814883319221775,194.55677465065835
1790566920,0.00030814883319221775,0.0003123795535758719,0.0003075093820942641,0.0003075093820942641,95.55221657970229
1790566980,0.0003075093820942641,0.0003075093820942641,0.0003000515013421666,0.0003000515013421666,328.27878500605897
1790567040,0.0003000515013421666,0.00036220882785288573,0.00029893241518724495,0.0003590187375951323,3957.801431563873
1790567100,0.0003590187375951323,0.0003590187375951323,0.00035169628090085317,0.00035169628090085317,219.37870135560706
1790567160,0.00035169628090085317,0.00035259955343636525,0.0003496367565486168,0.00035259955343636525,153.5351895638712
1790567220,0.00035259955343636525,0.00035259955343636525,0.0003363799524495605,0.0003380821233232257,652.0219839624917
1790567280,0.0003380821233232257,0.0003380821233232257,0.0003332104053039908,0.0003332104053039908,48.10594999351001
1790567340,0.0003332104053039908,0.0003332104053039908,0.0003327785463982659,0.0003327785463982659,3.68589541582846
1790567460,0.0003327785463982659,0.00033949214307111317,0.0003327785463982659,0.00033508049006474586,120.42209456539284
1790567520,0.00033508049006474586,0.00033508049006474586,0.0003310178827894701,0.0003310178827894701,195.24122049131884
1790567580,0.0003310178827894701,0.0003310178827894701,0.0003299172461254445,0.0003299172461254445,70.70009315251173
1790567640,0.0003299172461254445,0.0003299172461254445,0.0003271541352339151,0.0003271541352339151,147.49022789847075
1790567700,0.0003271541352339151,0.0003271541352339151,0.0003253735607022647,0.0003253735607022647,13.47171682890538
1790567760,0.0003253735607022647,0.0003253735607022647,0.00032493247122503035,0.00032500165229939804,20.855786097612672
1790567820,0.00032500165229939804,0.0003450248998757365,0.00032500165229939804,0.0003393042773082343,934.9716135179626
1790567880,0.0003393042773082343,0.00035376389525363695,0.0003393042773082343,0.00035376389525363695,273.0578000485291
1790567940,0.00035376389525363695,0.0003594887481777439,0.00035376389525363695,0.0003547937469337526,188.9794803464419
1790568000,0.0003547937469337526,0.0003618528909026482,0.0003547937469337526,0.0003618528909026482,207.4909951261614
1790568060,0.0003618528909026482,0.0003618528909026482,0.00035269010160963337,0.00035733253988100966,271.2259681088646
1790568120,0.00035733253988100966,0.00035733253988100966,0.0003431801128762103,0.0003432977419084962,575.1429914946767
1790568180,0.0003432977419084962,0.0003432977419084962,0.00034174285385349656,0.00034174285385349656,89.33268261721939
1790568240,0.00034174285385349656,0.00034174285385349656,0.00033996563237173165,0.00034002949602175453,35.38254272051212
1790568300,0.00034002949602175453,0.00034002949602175453,0.00032620629693757045,0.00032620629693757045,670.6404262029802
1790568360,0.00032620629693757045,0.00033377727735640217,0.00032620629693757045,0.00033377727735640217,216.65536686946928
1790568420,0.00033377727735640217,0.0003424219928579616,0.00033377727735640217,0.0003421982428418685,490.6032732962796
1790568480,0.0003421982428418685,0.00035540535088824374,0.0003421982428418685,0.00035540535088824374,406.5999451432796
1790568540,0.00035540535088824374,0.00035556876189721606,0.0003496189182898876,0.0003531103386939172,137.62527560426906
1790568600,0.0003531103386939172,0.0003531103386939172,0.0003469230113764877,0.0003469230113764877,113.7207478346044
1790568660,0.0003469230113764877,0.0003469230113764877,0.00034417856651045774,0.00034417856651045774,206.50713990627466
1790568720,0.00034417856651045774,0.00034417856651045774,0.00033953244375427126,0.00033953244375427126,242.384328178766
1790568780,0.00033953244375427126,0.00033953244375427126,0.00033644190791881824,0.00033644190791881824,41.73864665450067
1790568840,0.00033644190791881824,0.00033644190791881824,0.0003358331402446649,0.0003360472475988247,8.392551240267348
1790569080,0.0003360472475988247,0.00033642355209015167,0.0003360472475988247,0.00033642355209015167,4.461988690789927
1790569200,0.00033642355209015167,0.00033642355209015167,0.00033635743421838447,0.00033635743421838447,18.775249259667866
1790569260,0.00033635743421838447,0.00033635743421838447,0.0003358866558356444,0.0003358866558356444,15.400187531167136
1790569320,0.0003358866558356444,0.0003404477414702513,0.00033488873370605634,0.00033488873370605634,104.00795563578266
1790569380,0.00033488873370605634,0.00033488873370605634,0.0003272945250388917,0.0003331795966915156,428.1745752495095
1790569440,0.0003331795966915156,0.0003331795966915156,0.0003290190134479321,0.0003290190134479321,18.687730332010105
1790569500,0.0003290190134479321,0.0003322950309767696,0.00032792212637241326,0.0003322950309767696,51.97561951106744
1790569560,0.0003322950309767696,0.0003322950309767696,0.00032431425693844017,0.000329186136655167,185.63044699553367
1790569620,0.000329186136655167,0.0003297225234518593,0.000329186136655167,0.0003297225234518593,4.950547374529607
1790569740,0.0003297225234518593,0.0003297225234518593,0.0003232809400415331,0.00032793973831415777,197.70499929823725
1790569800,0.00032793973831415777,0.0003294204305787335,0.0003247919442583856,0.0003247919442583856,77.4669304552582
1790569860,0.0003247919442583856,0.00032817900610820455,0.00032385476935331586,0.00032403029271767345,26.031691099452512
1790569920,0.00032403029271767345,0.00032403029271767345,0.0003180412868148445,0.00031808433339271003,598.7768471033639
1790569980,0.00031808433339271003,0.00031808433339271003,0.0003147492021329406,0.0003147492021329406,15.389448194983716
1790570100,0.0003147492021329406,0.0003147492021329406,0.0003138537745722965,0.0003138537745722965,88.93049188691123
1790570160,0.0003138537745722965,0.0003138537745722965,0.0003107091752550538,0.0003107091752550538,96.89095026837322
1790570220,0.0003107091752550538,0.0003107091752550538,0.0003096532306245373,0.0003096532306245373,75.3509321997263
1790570280,0.0003096532306245373,0.00031214078765065024,0.00030772514726843,0.00030835760610122936,77.63906704822303
1790570340,0.00030835760610122936,0.000313181755117581,0.0003080157742782273,0.0003080157742782273,202.96666105072856
1790570400,0.0003080157742782273,0.0003080157742782273,0.00030163464316580263,0.00030163464316580263,460.3148179325445
1790570460,0.00030163464316580263,0.0003030425276115029,0.00030163464316580263,0.0003030425276115029,10.694059674895545
1790570520,0.0003030425276115029,0.0003030425276115029,0.0002953848933787111,0.00029592433940708087,432.5730437284802
1790570580,0.00029592433940708087,0.00029592433940708087,0.0002930802950058043,0.0002930802950058043,3.482677930089789
1790570640,0.0002930802950058043,0.0003427709508433219,0.0002930802950058043,0.00033794860688354247,2545.793097904296
1790570700,0.00033794860688354247,0.0003422625692621913,0.00033422417357118926,0.00033422417357118926,191.51393770357424
1790570760,0.00033422417357118926,0.00033422417357118926,0.0003297458010001787,0.0003297458010001787,175.31671883941348
1790570820,0.0003297458010001787,0.00033436900429343697,0.0003297458010001787,0.0003298254960238879,24.128602699484958
1790570880,0.0003298254960238879,0.0003298254960238879,0.0003285496828380595,0.0003285496828380595,54.18286487145364
1790570940,0.0003285496828380595,0.0003319839498012709,0.00032771528489070674,0.0003319839498012709,105.74789225293307
1790571000,0.0003319839498012709,0.0003319839498012709,0.00032615941200673284,0.00032615941200673284,149.99598325313113
1790571060,0.00032615941200673284,0.00032615941200673284,0.00032440503356108636,0.00032440503356108636,36.669501165480405
1790571120,0.00032440503356108636,0.00032760043218575636,0.0003186268280179801,0.0003186268280179801,289.9313097948786
1790571180,0.0003186268280179801,0.0003186268280179801,0.0003178925857425243,0.0003179847790179928,28.04742512171121
1790571240,0.0003179847790179928,0.0003328665832905037,0.000311744481172282,0.00031869692105247603,1550.5915102157062
1790571300,0.00031869692105247603,0.00031869692105247603,0.00030940478622242743,0.00030940478622242743,219.8407765598606
1790571360,0.00030940478622242743,0.00031331157787731407,0.0003091178763720204,0.00031331157787731407,3.813072788706662
1790571420,0.00031331157787731407,0.00031331157787731407,0.0003090023431281555,0.0003090023431281555,6.505289122067477
1790571480,0.0003090023431281555,0.00031767748297318764,0.00030803706299442667,0.00031767748297318764,361.1127853489404
1790571540,0.00031767748297318764,0.00031767748297318764,0.00031319126844596624,0.00031319126844596624,42.765898639176264
1790571600,0.00031319126844596624,0.00031714162510101344,0.00031266180069539664,0.0003131885189811212,50.64919400128808
1790571660,0.0003131885189811212,0.0003215877771226199,0.00030127673800793645,0.00030127673800793645,1210.1279170651424
1790571720,0.00030127673800793645,0.0003047371945257173,0.00029980383717739963,0.00029980383717739963,115.44087159503367
1790571780,0.00029980383717739963,0.0003030973511241506,0.00029882052513214414,0.00029882052513214414,72.34703104377432
1790571840,0.00029882052513214414,0.00029882052513214414,0.00029831688596521793,0.00029831688596521793,1.5650396639921793
1790571900,0.00029831688596521793,0.00030063725250592863,0.00029543576273925715,0.00029543576273925715,158.52918093755315
1790571960,0.00029543576273925715,0.00029543576273925715,0.0002807966306078155,0.0002807966306078155,995.82024510183
1790572020,0.0002807966306078155,0.00028416569328196007,0.0002707136279412778,0.00027592771770262246,643.6843548606042
1790572080,0.00027592771770262246,0.00027699772958226766,0.00017260435092998278,0.00019023647377507016,12580.220291691814
1790572140,0.00019023647377507016,0.00021606985480773888,0.00019023647377507016,0.00020448526713679458,5836.67948160051
1790572200,0.00020448526713679458,0.00021433447046321455,0.00020280063508766312,0.00020322728403303778,1428.6827155506455
1790572260,0.00020322728403303778,0.00020894719633032056,0.00020088172486699247,0.00020183906220532047,1186.0632341952323
1790572320,0.00020183906220532047,0.00020183906220532047,0.0001753992484489149,0.00019421211726353116,3501.2909916451395
1790572380,0.00019421211726353116,0.00019510867402899564,0.00018507818343264942,0.0001905147411708356,1238.8508433241564
1790572440,0.0001905147411708356,0.00019338686569391898,0.00019000841537726476,0.000192858696655283,156.481892292481
1790572500,0.000192858696655283,0.00019413049753935462,0.00018832716806203427,0.000190857225754559,561.4484361779387
1790572560,0.000190857225754559,0.00019181205905181403,0.00018255410470692244,0.00018446510702536215,1228.9012597875067
1790572620,0.00018446510702536215,0.00018979834947474512,0.00018439247301946398,0.00018590083874964162,790.8989018848629
1790572680,0.00018590083874964162,0.00018818756945679046,0.00018496319696612433,0.00018612098472272414,204.00103094382226
1790572740,0.00018612098472272414,0.00018698007178026633,0.0001838038736609656,0.00018698007178026633,204.58298991125778
1790572800,0.00018698007178026633,0.00018698007178026633,0.00018359839053259589,0.00018359839053259589,172.94884562465415
1790572860,0.00018359839053259589,0.00018359839053259589,0.00016893592412598545,0.00016893592412598545,906.0153168928712
1790572920,0.00016893592412598545,0.00017744199222121285,0.0001631000353335566,0.0001709766601948446,1824.269961452246
1790572980,0.0001709766601948446,0.00017365375586508237,0.00016942813179457547,0.00017331291627921693,378.128716775506
1790573040,0.00017331291627921693,0.00017688526832817432,0.0001714176182282409,0.00017688526832817432,666.2635788522799
1790573100,0.00017688526832817432,0.0001781810537826158,0.00017381479231178408,0.0001763432466071805,201.77302375454389
1790573160,0.0001763432466071805,0.00017635488763291616,0.00017107849736550015,0.00017107849736550015,275.6207993155866
1790573220,0.00017107849736550015,0.00018179734498923939,0.00017046564082734823,0.00017932546207415344,805.0002188302948
1790573280,0.00017932546207415344,0.0001824982851311691,0.00017854399734384464,0.0001824982851311691,119.07282986218111
1790573340,0.0001824982851311691,0.00018384456543882219,0.00017593682093735416,0.00017593682093735416,1299.844073557005
1790573400,0.00017593682093735416,0.00017593682093735416,0.0001524661089923566,0.00016126971757427262,3254.2343138276283
1790573460,0.00016126971757427262,0.00016221935742503725,0.00014019262366805297,0.0001439187303994879,3843.8610322048435
1790573520,0.0001439187303994879,0.00015420135276522463,0.00014145969915874783,0.000149644097758572,1325.4053093212633
1790573580,0.000149644097758572,0.00015372402354392397,0.0001493992761347833,0.00015053385635968827,506.50135120961426
1790573640,0.00015053385635968827,0.00015053385635968827,0.0001440114674483824,0.00014432669003351239,788.4770522367659
1790573700,0.00014432669003351239,0.00017131898775022588,0.00014432669003351239,0.00015790681316221503,4546.008177590835
1790573760,0.00015790681316221503,0.00015790681316221503,0.00015199289580040683,0.00015549963814905568,620.4656953424816
1790573820,0.00015549963814905568,0.0001629554259434506,0.00015208988228881303,0.00015877578909259354,812.2828368811329
1790573880,0.00015877578909259354,0.00016004662835979053,0.0001561315412219439,0.00016004662835979053,284.56790047346306
1790573940,0.00016004662835979053,0.00016004662835979053,0.00015677931570807062,0.00015677931570807062,142.3010575611815
1790574000,0.00015677931570807062,0.00015956563737016234,0.00015558079149178642,0.0001574881896242613,172.8383167457713
1790574060,0.0001574881896242613,0.00016006415489554845,0.00015449955551179932,0.0001577175330886723,423.23695335923145
1790574120,0.0001577175330886723,0.00015837315928086344,0.00015340745934737862,0.00015663826762773967,290.7943767778669
1790574180,0.00015663826762773967,0.00016168641140439874,0.00015663826762773967,0.0001589173517365286,443.83600918391505
1790574240,0.0001589173517365286,0.00016323024537357657,0.0001589173517365286,0.00016060597462796858,160.22191625993779
1790574300,0.00016060597462796858,0.0001662681966611193,0.0001605549418737198,0.00016541117580956061,567.1367669515072
1790574360,0.00016541117580956061,0.00016665599835953722,0.00016261297137948867,0.0001646000821166336,218.97068466625998
1790574420,0.0001646000821166336,0.00016593678205959446,0.00016199534857374122,0.0001633878335981989,361.67218869021497
1790574480,0.0001633878335981989,0.0001666264744603684,0.0001631768935561407,0.0001631768935561407,232.65688191503403
1790574540,0.0001631768935561407,0.00016607058237756714,0.0001631768935561407,0.00016418654470534477,111.27295291228043
1790574600,0.00016418654470534477,0.00016652294202524817,0.00015928702865216049,0.00016143358506650888,337.7019702947869
1790574660,0.00016143358506650888,0.00016454645408380225,0.00015922063068159265,0.00016216006843909373,206.03099163897798
1790574720,0.00016216006843909373,0.0001652235185269541,0.00016204052638802734,0.00016204052638802734,118.22273908295737
1790574780,0.00016204052638802734,0.00016431458948335884,0.00015906466615914393,0.00016022120557554665,293.3917070132446
1790574840,0.00016022120557554665,0.00016128496229200632,0.00015837483656599126,0.0001590561548279411,177.2578372475571
1790574900,0.0001590561548279411,0.0001596638425806099,0.00015707422068332136,0.0001582186756037107,345.0214995798397
1790574960,0.0001582186756037107,0.00017039105009688935,0.0001582186756037107,0.00017039105009688935,650.6313059962387
1790575020,0.00017039105009688935,0.00017039105009688935,0.00016739745082175721,0.00016739745082175721,50.96329325962771
1790575080,0.00016739745082175721,0.0001676360189669767,0.00016610990898285774,0.0001676360189669767,148.72743525396663
1790575140,0.0001676360189669767,0.0001676360189669767,0.00016377101320714894,0.00016491054310292894,182.18187150267127
1790575200,0.00016491054310292894,0.00016491054310292894,0.0001619825144793698,0.0001623966905791505,142.59921863516044
1790575260,0.0001623966905791505,0.0001649585699140002,0.00016082003796636656,0.00016439602986446147,224.86537614374814
1790575320,0.00016439602986446147,0.00016572498496374724,0.00016284298906912658,0.00016572498496374724,43.480844476702586
1790575380,0.00016572498496374724,0.00016658207336377762,0.0001633897784872429,0.00016658207336377762,76.94055737220958
1790575440,0.00016658207336377762,0.00016913771310313132,0.00016333262946428476,0.00016333262946428476,423.0305951959573
1790575500,0.00016333262946428476,0.00016333262946428476,0.00016047172260461056,0.000163236997267676,280.76991757934826
1790575560,0.000163236997267676,0.00016399271968251973,0.00016149026422861325,0.00016149026422861325,53.11251364914864
1790575620,0.00016149026422861325,0.00016394410797620823,0.0001604223541768542,0.0001604223541768542,73.6586303984532
1790575680,0.0001604223541768542,0.00016294321834235077,0.00016008946025069032,0.00016294321834235077,92.2345424258076
1790575740,0.00016294321834235077,0.0001654098378109481,0.00016082846860403585,0.0001654098378109481,307.95768673556717
1790575800,0.0001654098378109481,0.00016607830460140378,0.00016329931640383144,0.00016607830460140378,81.7407605893607
1790575860,0.00016607830460140378,0.00016607830460140378,0.00016269824286808745,0.00016488311813930324,105.48261867159121
1790575920,0.00016488311813930324,0.00016496259274175935,0.00016263456407847774,0.00016496259274175935,11.50321628049327
1790575980,0.00016496259274175935,0.00016496259274175935,0.0001625785042078829,0.0001625785042078829,2.8816502727727196
1790576040,0.0001625785042078829,0.00016480742141826709,0.00016246824021027618,0.00016480742141826709,7.6402712314474215
1790576100,0.00016480742141826709,0.0001648846339991213,0.00016182202146947054,0.00016182202146947054,134.30314334749963
1790576160,0.00016182202146947054,0.00016182202146947054,0.00014124613715833795,0.00015143469696178263,2626.8076065308105
1790576220,0.00015143469696178263,0.00015143469696178263,0.0001433316725576935,0.00014890606740783246,1297.4006416958625
1790576280,0.00014890606740783246,0.0001505445785964183,0.00014580885504749465,0.00014646649469660358,379.23806100850476
1790576340,0.00014646649469660358,0.00014711178101967033,0.0001421027974107619,0.00014416543688520594,685.7130581511722
1790576400,0.00014416543688520594,0.00014865755903218416,0.00014196043970146998,0.00014865755903218416,443.91585172117857
1790576460,0.00014865755903218416,0.00014865755903218416,0.00014707193303663081,0.00014707193303663081,23.900764972062344
1790576520,0.00014707193303663081,0.00015531553412768848,0.00014707193303663081,0.00015531553412768848,586.1887565431803
1790576580,0.00015531553412768848,0.00015531553412768848,0.00013008558508933644,0.00013525383311360398,4145.821591387976
1790576640,0.00013525383311360398,0.00014252306524686645,0.00013133031578972407,0.0001329863593177917,1639.3655422064628
1790576700,0.0001329863593177917,0.00013688308467836002,0.00012821215318380177,0.00012970386709832817,1162.4073597717002
1790576760,0.00012970386709832817,0.00013187451226121238,0.00012713318792609643,0.00013107811285207571,1073.923594844348
1790576820,0.00013107811285207571,0.00013107811285207571,0.00012886918349462516,0.00012896265189063803,62.41008141504256
1790576880,0.00012896265189063803,0.0001305136335609108,0.00011566146972707203,0.00012622244811361514,4710.96788437892
1790576940,0.00012622244811361514,0.00012622244811361514,0.00011948635744125899,0.00012200263640725192,700.7990158407988
1790577000,0.00012200263640725192,0.00012499906050906308,0.00012200263640725192,0.0001234033534895839,272.96025971723935
1790577060,0.0001234033534895839,0.00012598069907553922,0.00012208487302508108,0.0001257392005891167,643.3800382760039
1790577120,0.0001257392005891167,0.0001466786629247821,0.0001229585665553858,0.00013473588235565984,3303.1604335188313
1790577180,0.00013473588235565984,0.00013624080092807512,0.0001333599817156641,0.0001341752236203347,102.33240556229674
1790577240,0.0001341752236203347,0.00013539632597824782,0.00013282932856662413,0.0001335180761480315,160.17812229970409
1790577300,0.0001335180761480315,0.000134465045288331,0.00013069214667676474,0.00013286255719836333,327.37655559902026
1790577360,0.00013286255719836333,0.00013286255719836333,0.00012989661348679216,0.00013068571288415713,211.10726983575375
1790577420,0.00013068571288415713,0.00013200314830382905,0.00013012436539340603,0.00013200314830382905,47.37698867155534
1790577480,0.00013200314830382905,0.00013238455578132636,0.00012994208095420446,0.00013238455578132636,123.32608572758866
1790577540,0.00013238455578132636,0.00013238455578132636,0.00013040772290574262,0.00013230036608707276,38.00158589154307
1790577600,0.00013230036608707276,0.00013313480869054932,0.00012918765143100856,0.00012918765143100856,514.7257449197278
1790577660,0.00012918765143100856,0.0001380024990078371,0.00012918765143100856,0.000137830803872466,656.2298562885865
1790577720,0.000137830803872466,0.0001385370384440417,0.00013659585890267694,0.00013697108592133857,159.71588062283422
1790577780,0.00013697108592133857,0.0001395425144951796,0.00013697087851401225,0.0001395425144951796,59.4153742550834
1790577840,0.0001395425144951796,0.0001407004071577402,0.00013640923970151356,0.00013640923970151356,301.43747386038484
1790577900,0.00013640923970151356,0.00013786005636310964,0.0001358864128733156,0.00013786005636310964,30.684893297242795
1790577960,0.00013786005636310964,0.00013786005636310964,0.00013564678336526372,0.00013564678336526372,35.98487375415701
1790578020,0.00013564678336526372,0.00013564678336526372,0.00012742740791248563,0.000129592131463541,719.1718326315969
1790578080,0.000129592131463541,0.000129592131463541,0.00012680916837611123,0.00012680916837611123,19.00173956897161
1790578140,0.00012680916837611123,0.00012680916837611123,0.00011897671052806678,0.00012179536111816092,919.527115237516
1790578200,0.00012179536111816092,0.0001269846560129135,0.00012179536111816092,0.00012491255011846703,321.3320775167566
1790578260,0.00012491255011846703,0.00012590452114847426,0.00012491255011846703,0.00012575210529929833,14.030110838869282
1790578320,0.00012575210529929833,0.00012746436094636233,0.00012571695424293134,0.00012746436094636233,30.250922078932977
1790578380,0.00012746436094636233,0.00012746436094636233,0.00012431089712800785,0.00012431089712800785,149.87799277623327
1790578440,0.00012431089712800785,0.00012823888074009105,0.00012355617628774626,0.00012823888074009105,392.10220066262804
1790578500,0.00012823888074009105,0.0001299834683630384,0.0001257752342388034,0.0001257752342388034,188.2213113426047
1790578560,0.0001257752342388034,0.00012815383470624864,0.00012532536004058445,0.00012717751672455027,148.39460683162935
1790578620,0.00012717751672455027,0.00012717751672455027,0.0001263276236010951,0.0001263276236010951,2.2520054889916152
1790578680,0.0001263276236010951,0.00012849152896659278,0.0001263276236010951,0.00012688550571018114,65.56754585269262
1790578740,0.00012688550571018114,0.00012968253277888874,0.00012688550571018114,0.00012968253277888874,85.26748815687334
1790578800,0.00012968253277888874,0.00013177439430343114,0.00012757097565549254,0.00012989785726391032,213.80538798140725
1790578860,0.00012989785726391032,0.00012989785726391032,0.00012917048976689323,0.00012917048976689323,58.27827416980262
1790578920,0.00012917048976689323,0.00013525097247872025,0.00012917048976689323,0.00013367313954092385,345.3329273457192
1790578980,0.00013367313954092385,0.00013602785276353618,0.00013367313954092385,0.0001342685162489498,58.83519071696887
1790579040,0.0001342685162489498,0.0001401228582368291,0.00012091824892444219,0.0001306791666381538,3004.9367723626
1790579100,0.0001306791666381538,0.0001306791666381538,0.00012283837845765522,0.0001263903970181239,650.5149957048887
1790579160,0.0001263903970181239,0.0001263903970181239,0.00012435150717828884,0.000126018928115594,33.56081360202295
1790579220,0.000126018928115594,0.000126018928115594,0.00012304561055332202,0.00012529736310580287,446.0862878310918
1790579280,0.00012529736310580287,0.00012657556147736146,0.00012249583518693298,0.00012249583518693298,805.9007184619098
1790579340,0.00012249583518693298,0.00012249583518693298,0.00012024365596722381,0.00012211073444700138,43.15747285085269
1790579400,0.00012211073444700138,0.00012211073444700138,0.00011928555925749148,0.00011928555925749148,170.27382797556822
1790579460,0.00011928555925749148,0.00012079546446262516,0.00011739899673408076,0.0001189328875326666,283.26746068792056
1790579520,0.0001189328875326666,0.00011927452721743145,0.00011721881337323774,0.00011860227084650389,126.04013568205202
1790579580,0.00011860227084650389,0.00011864428054048094,0.00011305600638899396,0.00011305600638899396,493.7665822841455
1790579640,0.00011305600638899396,0.00011710510128386877,0.00011305600638899396,0.00011553942273358968,312.1832483291793
1790579700,0.00011553942273358968,0.00011759818357654349,0.00011488676342086504,0.0001159628226390353,170.39850453660935
1790579760,0.0001159628226390353,0.00011777428643387655,0.0001159628226390353,0.0001160874147040198,42.60357714486388
1790579820,0.0001160874147040198,0.00011940759745307836,0.0001160874147040198,0.00011940759745307836,155.90426791701154
1790579880,0.00011940759745307836,0.00011940759745307836,0.00011488296685877585,0.00011689083323530382,491.6565385150505
1790579940,0.00011689083323530382,0.00011744375308563829,0.00011347319602942308,0.00011363149459854491,398.91298610099045
1790580000,0.00011363149459854491,0.00011404787573124768,0.00011199754425362159,0.00011377927417780476,152.2203885320235
1790580060,0.00011377927417780476,0.00011714183089470503,0.00011274705390409103,0.00011714183089470503,266.9394590775417
1790580120,0.00011714183089470503,0.00011714183089470503,0.00011460612694679297,0.00011556645052747076,263.51740339981916
1790580180,0.00011556645052747076,0.00011794427179757495,0.00011556645052747076,0.00011709980279459436,127.0697968518347
1790580240,0.00011709980279459436,0.00011709980279459436,0.00011691038547922915,0.00011691038547922915,2.311096012669791
1790580300,0.00011691038547922915,0.00011691038547922915,0.0001107841572227438,0.00011303524790478552,806.337254036172
1790580360,0.00011303524790478552,0.00011499058617249514,0.00011303524790478552,0.00011499058617249514,186.33725305032314
1790580420,0.00011499058617249514,0.0001168644259751378,0.00011357287233227376,0.00011666041609904679,145.9553381753158
1790580480,0.00011666041609904679,0.00011693900837815541,0.0001141557507491907,0.00011693900837815541,247.70274410329355
1790580540,0.00011693900837815541,0.00011791572691264284,0.00011541416693704503,0.00011541416693704503,81.61822253472093
1790580600,0.00011541416693704503,0.00011541416693704503,0.00011482927524993639,0.00011485832960407243,50.389533100811526
1790580660,0.00011485832960407243,0.00011485832960407243,0.00011467879498251752,0.00011467879498251752,2.2745988945144036
1790580720,0.00011467879498251752,0.00011827070961159227,0.00011467879498251752,0.00011827070961159227,154.40551864091717
1790580780,0.00011827070961159227,0.00011827070961159227,0.0001165482141569539,0.0001165482141569539,2.399302464743924
1790580840,0.0001165482141569539,0.00011795834807358228,0.00011624308854780382,0.00011795834807358228,29.076123901429636
1790580900,0.00011795834807358228,0.00011795834807358228,0.0001164236356417915,0.0001164236356417915,2.2874998036339758
1790580960,0.0001164236356417915,0.0001164335911721712,0.00011615559529327831,0.00011615559529327831,24.617346084581005
1790581020,0.00011615559529327831,0.00012111424397632584,0.00011615559529327831,0.0001196082441806762,264.47938343087054
1790581080,0.0001196082441806762,0.0001226749446245021,0.0001196082441806762,0.00012157587417822158,170.43403639431202
1790581140,0.00012157587417822158,0.00012157587417822158,0.00012128501039534111,0.00012128501039534111,22.910779676748
1790581200,0.00012128501039534111,0.00012390390441763597,0.00012127803368108198,0.00012390390441763597,92.21157993642
1790581260,0.00012390390441763597,0.0001247285356867265,0.00010755109503891692,0.00011471333265749729,2525.631049168731
1790581320,0.00011471333265749729,0.00011710228090657337,0.00011271286250631154,0.00011649489282190568,488.91695452981327
1790581380,0.00011649489282190568,0.00011714193048693175,0.00011637895570846198,0.00011637895570846198,52.46707497034646
1790581440,0.00011637895570846198,0.00011637895570846198,0.00010974090645845086,0.00010974090645845086,520.1539639147481
1790581500,0.00010974090645845086,0.00011302074694090607,0.00010973491913685849,0.00010999346504520181,330.1985225888246
1790581560,0.00010999346504520181,0.00011172431365015082,0.00010968184389148269,0.00011134136857135061,118.80077589643768
1790581620,0.00011134136857135061,0.00011250601783406186,0.00010974016809870587,0.00011223950224997629,101.19805714911494
1790581680,0.00011223950224997629,0.00011223950224997629,0.00011077620519546172,0.0001108290971220172,16.470015486751997
1790581740,0.0001108290971220172,0.0001108290971220172,0.00011059028409157543,0.00011059028409157543,10.83241150137852
1790581860,0.00011059028409157543,0.00011482194853131037,0.00011059028409157543,0.00011387590939131177,214.12879378319045
1790581920,0.00011387590939131177,0.00011387590939131177,0.00011317349985816229,0.00011317349985816229,5.980114645193682
1790581980,0.00011317349985816229,0.00011688189123845796,0.00011317349985816229,0.00011688189123845796,305.0490260963542
1790582040,0.00011688189123845796,0.0001178922982392221,0.00011120328228940242,0.00011120328228940242,589.6038967559633
1790582100,0.00011120328228940242,0.00011225128154969405,9.446869200211451e-05,9.706203230866732e-05,2238.334658936654
1790582160,9.706203230866732e-05,0.00011808908657075674,9.706203230866732e-05,0.0001161496411108575,1655.6771856619719
1790582220,0.0001161496411108575,0.00011820918610773841,0.00011449612603132036,0.00011790446418768977,767.2255706538174
1790582280,0.00011790446418768977,0.00011790446418768977,0.00010723783263527215,0.00010943019910283636,790.173906092703
1790582340,0.00010943019910283636,0.0001154424545601573,0.00010795500056692578,0.00011542380880177696,706.3389682174226
1790582400,0.00011542380880177696,0.00012287556570533803,0.00011542380880177696,0.00012120015147593938,465.1318652675848
1790582460,0.00012120015147593938,0.0001232405704494635,0.00012112287451389341,0.0001232405704494635,154.50039929558775
1790582520,0.0001232405704494635,0.00012507397655262502,0.0001232405704494635,0.00012468088690909457,224.98429820374247
1790582580,0.00012468088690909457,0.00012681522141007884,0.00012427913334100909,0.00012427913334100909,133.6047114619226
1790582640,0.00012427913334100909,0.00012589001259863034,0.00012349625046352762,0.0001242448617403866,484.9176234711541
1790582700,0.0001242448617403866,0.00012612796082165116,0.00012421033587566,0.00012421033587566,59.581451107964654
1790582760,0.00012421033587566,0.00012609064075094913,0.00012349562872551327,0.00012591642265474292,194.29691050949944
1790582820,0.00012591642265474292,0.0001267837971431335,0.00012457802871806203,0.00012457802871806203,25.645378576920013
1790582880,0.00012457802871806203,0.0001266412703798272,0.00012451957691370728,0.00012451957691370728,47.84384786912132
1790582940,0.00012451957691370728,0.0001363152232282303,0.00012451957691370728,0.0001363152232282303,928.825665856102
1790583000,0.0001363152232282303,0.00014043366909494243,0.00013419125796374496,0.00014043366909494243,665.5134171479409
1790583060,0.00014043366909494243,0.00014154038903513056,0.0001379000189695192,0.00013887849560756307,303.49290001503323
1790583120,0.00013887849560756307,0.00014207843107614688,0.00013887849560756307,0.00014207843107614688,186.4650193686764
1790583180,0.00014207843107614688,0.000142101200190966,0.00013996318541847682,0.00014027051432283048,79.64072023950483
1790583240,0.00014027051432283048,0.00014271457031186057,0.0001378108945773684,0.0001402063666330908,577.4341014794328
1790583300,0.0001402063666330908,0.00014029792489413394,0.00013182166291922256,0.00013182166291922256,526.140666815765
1790583360,0.00013182166291922256,0.00013182166291922256,0.00013066040455431672,0.00013066040455431672,72.44473357644928
1790583420,0.00013066040455431672,0.00013066040455431672,0.00013017903823271407,0.00013017903823271407,5.014741442597215
1790583480,0.00013017903823271407,0.00013220711181043102,0.00013005821218462445,0.00013220711181043102,52.1660528001958
1790583540,0.00013220711181043102,0.00013286913630758794,0.0001287968349044446,0.0001287968349044446,183.46566694744348
1790583600,0.0001287968349044446,0.0001287968349044446,0.00012822721888345077,0.00012822721888345077,62.357653643710016
1790583660,0.00012822721888345077,0.00012822721888345077,0.00012780169118885033,0.00012780169118885033,2.5424579434365433
1790583720,0.00012780169118885033,0.00012880845339013116,0.00012688240598772546,0.00012688240598772546,80.3257290782391
1790583780,0.00012688240598772546,0.0001288097348353459,0.00012669267976612132,0.0001288097348353459,60.43410116820805
1790583840,0.0001288097348353459,0.0001295369670860637,0.00012779401234634463,0.00012802327813184972,94.55187971915844
1790583900,0.00012802327813184972,0.0001294675047220919,0.0001277613890503143,0.0001277613890503143,12.217343727679504
1790583960,0.0001277613890503143,0.00013088947636641187,0.0001277613890503143,0.00012885166293441275,134.67843496946887
1790584020,0.00012885166293441275,0.00013151270691731575,0.00012853278453246156,0.00012960839480739795,198.59958878235486
1790584080,0.00012960839480739795,0.00013178252890535717,0.0001294285136385442,0.00013178252890535717,38.404731475989585
1790584140,0.00013178252890535717,0.00013187198971345487,0.00012470242736353781,0.0001276949301649026,508.05348807312185
1790584200,0.0001276949301649026,0.0001276949301649026,0.00012522679515439706,0.00012522679515439706,88.19795347394404
1790584260,0.00012522679515439706,0.00012798984247256058,0.00012480336662846697,0.00012798984247256058,205.32403563517593
1790584320,0.00012798984247256058,0.00012798984247256058,0.00012479103636894336,0.00012479103636894336,325.18859900946524
1790584380,0.00012479103636894336,0.00013744694123820941,0.00012479103636894336,0.00013547675559570082,945.8508294611495
1790584440,0.00013547675559570082,0.00014848192029486758,0.00013531493465823035,0.00014848192029486758,1259.2444870826168
1790584500,0.00014848192029486758,0.00015081861209809253,0.00014065717697548841,0.00015081861209809253,1529.7934245465308
1790584560,0.00015081861209809253,0.00015141206787977138,0.00014452057291088668,0.00014701389511095892,887.6593755260499
1790584620,0.00014701389511095892,0.00014843081501450514,0.00014631631057705646,0.00014833456246316238,45.36401710627315
1790584680,0.00014833456246316238,0.0001513530016435406,0.0001435717993796865,0.0001435717993796865,790.4036312227779
1790584740,0.0001435717993796865,0.0001466999101429683,0.0001435717993796865,0.0001443890101335002,132.93223494305667
1790584800,0.0001443890101335002,0.00015574793741870163,0.00014402713676950387,0.00015148614045004075,1024.4468327945144
1790584860,0.00015148614045004075,0.00015326215353870254,0.000151089128911365,0.000151089128911365,32.09381992223059
1790584920,0.000151089128911365,0.00015181657719951397,0.0001492128583771355,0.0001492128583771355,162.7169885009541
1790584980,0.0001492128583771355,0.00014952389135396407,0.00014727853124971223,0.00014727853124971223,135.1654923256987
1790585040,0.00014727853124971223,0.0001497476835292111,0.00014691185945568485,0.0001478675501504382,207.29208086000497
1790585100,0.0001478675501504382,0.00014986598490429416,0.00014760125928044404,0.0001477021483779386,24.731410218497967
1790585160,0.0001477021483779386,0.0001497232829058627,0.0001462832802763963,0.00014688387459432247,179.90067515961636
1790585220,0.00014688387459432247,0.00014929017107791754,0.00014457540129554777,0.00014929017107791754,364.5942764553903
1790585280,0.00014929017107791754,0.00014946008934322135,0.00014747584946685823,0.00014946008934322135,3.8610124454009367
1790585340,0.00014946008934322135,0.00020431978264936687,0.00014946008934322135,0.00018109159936205514,20346.36804712674
1790585400,0.00018109159936205514,0.0001922336992392151,0.00017429589533837615,0.00018170652185949904,2753.438707727372
1790585460,0.00018170652185949904,0.00019954387542409592,0.00018170652185949904,0.0001894170354942953,2713.541412793886
1790585520,0.0001894170354942953,0.0001894170354942953,0.00017870537658443644,0.00017870537658443644,1162.004715222407
1790585580,0.00017870537658443644,0.00018090004179361014,0.0001757837467473289,0.0001757837467473289,723.3352080078434
1790585640,0.0001757837467473289,0.00017831723486912344,0.0001735534285738089,0.00017365196059179695,398.39030262147963
1790585700,0.00017365196059179695,0.000176669782763029,0.00017339069318213267,0.0001745001533424657,90.33628311880507
1790585760,0.0001745001533424657,0.0001937456874265773,0.0001745001533424657,0.00018496934089471485,1852.347468802677
1790585820,0.00018496934089471485,0.0002034742341587187,0.0001840063985953827,0.00019788276518794174,1713.5372567098568
1790585880,0.00019788276518794174,0.00019788276518794174,0.00018739903099123737,0.0001876011308355071,769.9725257053087
1790585940,0.0001876011308355071,0.00018834251209711025,0.00018535993869671344,0.00018834251209711025,47.62601093377524
1790586000,0.00018834251209711025,0.0001888063819936273,0.00018231304534031576,0.00018521449574899872,326.035717648514
1790586060,0.00018521449574899872,0.00018605442019465888,0.00018447139694614562,0.00018447139694614562,125.56802709595927
1790586120,0.00018447139694614562,0.00018568794905278626,0.0001832713580146188,0.0001855008056368049,70.67497093044629
1790586180,0.0001855008056368049,0.0001855008056368049,0.00018225046191550396,0.00018225046191550396,77.72077675438175
1790586240,0.00018225046191550396,0.00018225046191550396,0.0001791791276044734,0.0001791791276044734,169.85745049404144
1790586300,0.0001791791276044734,0.00018338216160855559,0.0001791791276044734,0.00018338216160855559,136.3006786490023
1790586360,0.00018338216160855559,0.00018364099227165782,0.00018102551428757763,0.00018154190578965532,53.75838136317249
1790586420,0.00018154190578965532,0.00018163848488689805,0.0001814934599155014,0.00018153449698256303,12.870582350822934
1790586480,0.00018153449698256303,0.00018979159470947524,0.00018153449698256303,0.00018678038174543975,424.4873042900634
1790586540,0.00018678038174543975,0.00018941330683250074,0.00018678038174543975,0.0001868505009601105,15.35061042682311
1790586600,0.0001868505009601105,0.0001868505009601105,0.00018635095968954114,0.00018635095968954114,54.30721284078204
1790586660,0.00018635095968954114,0.0002038557206798869,0.00018576433705997714,0.00018663922330349248,2197.0485240478147
1790586720,0.00018663922330349248,0.00018698671837536694,0.00018413364102816415,0.0001868273023109808,47.446563726916075
1790586780,0.0001868273023109808,0.0001873346194053432,0.00018363962122490497,0.00018363962122490497,142.26370194029946
1790586840,0.00018363962122490497,0.000184560133483468,0.00018279709720320008,0.000184560133483468,104.65026449211732
1790586900,0.000184560133483468,0.000184560133483468,0.00016880595747989068,0.00016880595747989068,923.8924245485745
1790586960,0.00016880595747989068,0.0001710741195687916,0.0001602786402576749,0.00016207004371873986,654.8845773768564
1790587020,0.00016207004371873986,0.00016207004371873986,0.0001577880670078993,0.00016161872810098397,566.8963334610504
1790587080,0.00016161872810098397,0.0001628888159187229,0.00016161872810098397,0.0001628888159187229,87.31557150982366
1790587140,0.0001628888159187229,0.0001628888159187229,0.00016008489941378136,0.00016008489941378136,65.7622721490296
1790587200,0.00016008489941378136,0.00016453626215948643,0.00015995912880623322,0.00016453626215948643,281.8716520524177
1790587260,0.00016453626215948643,0.0001667090368170685,0.00016258037891662348,0.0001631352975209956,268.1052828899417
1790587320,0.0001631352975209956,0.00018816628328844452,0.0001605155211606934,0.0001877693257528087,1866.4495256170026
1790587380,0.0001877693257528087,0.0001877693257528087,0.00018357169348939888,0.00018357169348939888,425.91999423901495
1790587440,0.00018357169348939888,0.00018357169348939888,0.00016038951369622066,0.0001669351913669674,3077.8406645843133
1790587500,0.0001669351913669674,0.00017030200721162607,0.00016553621442271868,0.00016553621442271868,308.4697383744867
1790587560,0.00016553621442271868,0.00016915419534781854,0.00016553621442271868,0.00016915419534781854,128.54093533107468
1790587620,0.00016915419534781854,0.00016915419534781854,0.0001668215402608496,0.0001668215402608496,10.119966322109473
1790587680,0.0001668215402608496,0.0001692810064596534,0.00016645121838748948,0.00016703561654611798,91.07405681550719
1790587740,0.00016703561654611798,0.00016873400456555524,0.00016670061052143396,0.00016670061052143396,61.27805161213317
1790587800,0.00016670061052143396,0.00016670061052143396,0.0001666516304489325,0.0001666516304489325,2.801366825427921
1790587860,0.0001666516304489325,0.0001686920610259545,0.00016564086139095826,0.0001686920610259545,172.77498970134096
1790587920,0.0001686920610259545,0.0001694108709620113,0.00016703279332929872,0.00016715151665604017,6.579882982945359
1790587980,0.00016715151665604017,0.00016856026334967188,0.00016534418590442488,0.00016856026334967188,192.10207867172355
1790588040,0.00016856026334967188,0.00016863112280893347,0.00016605778756136129,0.00016605778756136129,55.07959958170698
1790588100,0.00016605778756136129,0.0001680167074126893,0.00016358551749093403,0.00016358551749093403,181.35912029813466
1790588160,0.00016358551749093403,0.0001650035416702457,0.0001626404887236156,0.0001626404887236156,51.45002695597982
1790588220,0.0001626404887236156,0.00016267619678438363,0.0001626404887236156,0.00016267619678438363,2.7487138785638625
1790588340,0.00016267619678438363,0.00016267619678438363,0.00013892990069886788,0.00014908249020643461,3274.1174249333008
1790588400,0.00014908249020643461,0.00014908249020643461,0.00014310247054012418,0.00014310247054012418,857.7898404015983
1790588460,0.00014310247054012418,0.00014850229600952373,0.0001407638979736521,0.0001431877176238,883.1150445796758
1790588520,0.0001431877176238,0.0001431877176238,0.000136400971954211,0.00013682134489391483,844.9222561910534
1790588580,0.00013682134489391483,0.00014707553918622248,0.00013682134489391483,0.00014455287177931645,273.33283790882086
1790588640,0.00014455287177931645,0.0001469699357236798,0.0001431478156056938,0.00014529138036102791,184.35902841488513
1790588700,0.00014529138036102791,0.0001471489653413204,0.00014341535924930176,0.0001471489653413204,181.7699880169052
1790588760,0.0001471489653413204,0.0001471489653413204,0.00014578863271613382,0.00014578863271613382,2.76883068190158
1790588820,0.00014578863271613382,0.00015987738008554813,0.00014578588295501948,0.00015877313076239271,2792.346512374602
1790588880,0.00015877313076239271,0.00016162727631801387,0.00015773553077808318,0.0001599988795874465,172.92665997435725
1790588940,0.0001599988795874465,0.0001599988795874465,0.00015838335839855598,0.00015838335839855598,97.97630559877027
1790589000,0.00015838335839855598,0.00016077576930723374,0.00015377829167768957,0.00015377829167768957,347.10396788929563
1790589060,0.00015377829167768957,0.00015377829167768957,0.00015357771692657823,0.00015357771692657823,14.45852052242076
1790589120,0.00015357771692657823,0.0001556812611293047,0.00015300115161106595,0.00015300115161106595,79.80896412235697
1790589180,0.00015300115161106595,0.00015300115161106595,0.00015232190642119455,0.00015232190642119455,9.596604627511848
1790589240,0.00015232190642119455,0.00015452506655473652,0.0001476322352446518,0.00014830157549992223,599.9692251794477
1790589300,0.00014830157549992223,0.00014946315657901157,0.00014750964132464773,0.00014750964132464773,11.434213158367422
1790589360,0.00014750964132464773,0.00014750964132464773,0.00014693103025997356,0.00014693103025997356,39.226571437883344
1790589420,0.00014693103025997356,0.00015267272986563477,0.0001460974150468006,0.0001460974150468006,980.159709081877
1790589480,0.0001460974150468006,0.00014898564236524568,0.0001456601239869611,0.00014898564236524568,118.90317320010554
1790589540,0.00014898564236524568,0.00014907115173177612,0.00014640714224952158,0.00014640714224952158,50.356635646974105
1790589600,0.00014640714224952158,0.00014948076650545583,0.0001463555856154641,0.00014948076650545583,75.85368174855653
1790589660,0.00014948076650545583,0.00014948076650545583,0.00014697057136004693,0.00014751277869250783,83.1054334695188
1790589720,0.00014751277869250783,0.00015048503104494028,0.00014751277869250783,0.00014911962906915584,108.17413483825669
1790589840,0.00014911962906915584,0.00014933498934098494,0.00014786978897954865,0.00014786978897954865,201.87983938800272
1790589900,0.00014786978897954865,0.00014786978897954865,0.00014585658953726393,0.00014585658953726393,24.52150252404377
1790589960,0.00014585658953726393,0.00014768461735019218,0.0001456730782471327,0.00014768461735019218,3.606981630801073
1790590020,0.00014768461735019218,0.00014768461735019218,0.00014543010801655674,0.00014543010801655674,18.41602813939297
1790590080,0.00014543010801655674,0.00014543010801655674,0.00014485801036171606,0.00014485801036171606,24.895421971162442
1790590140,0.00014485801036171606,0.00014756581457630878,0.0001416084227562977,0.00014756581457630878,689.0669404837581
1790590200,0.00014756581457630878,0.00014756581457630878,0.00014167773175311987,0.00014384553162731314,47.27479708349333
1790590260,0.00014384553162731314,0.00014384553162731314,0.0001418467478213497,0.00014186700794753082,2.7041885076820793
1790590320,0.00014186700794753082,0.00014460609926415644,0.00014186700794753082,0.00014455658884213212,56.322059873880974
1790590380,0.00014455658884213212,0.00014474277224395826,0.0001425613551709951,0.00014474277224395826,24.026949277358277
1790590440,0.00014474277224395826,0.00014474277224395826,0.0001425857443429486,0.00014261571573842747,40.076595377764235
1790590500,0.00014261571573842747,0.00014617323126838355,0.00014261571573842747,0.0001442489684147132,119.39940421230366
1790590560,0.0001442489684147132,0.00014616411331390376,0.00014414041896096047,0.00014616411331390376,5.979316952803448
1790590620,0.00014616411331390376,0.00014616411331390376,0.00014414753394883682,0.00014414753394883682,15.773063253264203
1790590680,0.00014414753394883682,0.00014713602903908914,0.00014279810042816998,0.00014713602903908914,348.56362952375804
1790590740,0.00014713602903908914,0.00014713602903908914,0.00014658360548155963,0.00014660957629500604,3.561689026488424
1790590800,0.00014660957629500604,0.00014660957629500604,0.00014649039508032166,0.00014649039508032166,2.666501993723661
1790590860,0.00014649039508032166,0.00014649039508032166,0.00014640248474266185,0.00014640248474266185,2.5908064650226525
1790590920,0.00014640248474266185,0.0001488325919925277,0.0001457570007127309,0.0001457570007127309,131.53948391827953
1790590980,0.0001457570007127309,0.0001457570007127309,0.00014558269464422333,0.00014558269464422333,2.581485269465818
1790591040,0.00014558269464422333,0.0001601658576516875,0.00014558269464422333,0.0001601658576516875,865.4931519469435
1790591100,0.0001601658576516875,0.00016062812918628375,0.00015854268240338777,0.0001585669343858412,75.5737742373529
1790591160,0.0001585669343858412,0.0001585669343858412,0.0001561082342673735,0.00015728592971559638,234.3202647746095
1790591220,0.0001571297832921532,0.0001571297832921532,0.00015479581721058338,0.00015479581721058338,13.497824932221354
1790591280,0.00015479581721058338,0.00015737314545655632,0.00015425948131084588,0.00015425948131084588,151.02534106406077
1790591400,0.00015425948131084588,0.00015425948131084588,0.0001520919952362431,0.0001520919952362431,143.96096722397465
1790591460,0.0001520919952362431,0.0001520919952362431,0.0001520861866793729,0.0001520861866793729,2.6269537053708425
1790591520,0.0001520861866793729,0.00015216346686343268,0.00015002603305459822,0.0001521422450773708,158.8269144171121
1790591580,0.0001521422450773708,0.0001522767307160498,0.00015005008068418306,0.00015012374891111956,5.076838922130366
1790591640,0.00015012374891111956,0.00015012374891111956,0.0001499278006213315,0.0001499278006213315,12.266026227273473
1790591700,0.0001499278006213315,0.00015226709802472225,0.0001499278006213315,0.00015226709802472225,11.658540404958963
1790591760,0.00015226709802472225,0.00015226709802472225,0.0001473282019608355,0.0001473282019608355,207.01344201709847
1790591820,0.0001473282019608355,0.0001494590527200128,0.00014571789428754778,0.00014860883727502966,294.91111480549955
1790591880,0.00014860883727502966,0.00014860883727502966,0.00014543871001714877,0.00014543871001714877,138.09748026602472
1790591940,0.00014543871001714877,0.00014612350479601958,0.00014426240303205148,0.00014426240303205148,40.21703367679621
1790592000,0.00014426240303205148,0.00014833716176870546,0.00014422596009034785,0.00014633147895340586,156.62191024090617
1790592060,0.00014633147895340586,0.00014633147895340586,0.00014598400988794188,0.00014598400988794188,42.43066492309018
1790592120,0.00014598400988794188,0.00014598400988794188,0.00014563001595522743,0.00014563001595522743,2.5511098755943484
1790592180,0.00014563001595522743,0.0001471681383787317,0.00014503466494781035,0.0001471681383787317,42.417985254873436
1790592240,0.0001471681383787317,0.0001475718026224433,0.0001450898470724909,0.0001475718026224433,69.21081259812432
1790592300,0.0001475718026224433,0.00014863307197490475,0.00014591471518088053,0.00014711488423958268,88.97937202987609
1790592360,0.00014711488423958268,0.00014711784902466039,0.000145214877067414,0.000145214877067414,301.71698444448964
1790592420,0.000145214877067414,0.00014699167915904252,0.000145214877067414,0.00014699167915904252,9.882607869160717
1790592480,0.00014699167915904252,0.00014716095297735116,0.000145081770071091,0.00014716095297735116,21.931484366823653
1790592540,0.00014716095297735116,0.00014716095297735116,0.0001449003124985483,0.00014713373785866526,29.242313708705403
1790592600,0.00014713373785866526,0.00014713373785866526,0.00014363079483793796,0.0001447883470557956,175.3088583157225
1790592660,0.0001447883470557956,0.0001447883470557956,0.00014164898062305853,0.00014164898062305853,63.184425080008744
1790592720,0.00014164898062305853,0.00014444181212315,0.00014164898062305853,0.0001428220243019927,63.602220728667625
1790592780,0.0001428220243019927,0.0001478332360772792,0.0001428220243019927,0.0001478332360772792,257.802560262598
1790592840,0.0001478332360772792,0.0001478332360772792,0.00014581902061609568,0.00014581902061609568,61.67051008049423
1790592900,0.00014581902061609568,0.00014581902061609568,0.0001452195437455978,0.0001452195437455978,7.033217067673175
1790592960,0.0001452195437455978,0.0001452195437455978,0.0001447443698070442,0.0001447443698070442,71.06786426470063
1790593020,0.0001447443698070442,0.00014782621107229513,0.00014426592083743755,0.0001467255326524251,110.57046554899465
1790593080,0.0001467255326524251,0.00014775792725766894,0.00014571167371232,0.00014571167371232,8.262769840897866
1790593140,0.00014571167371232,0.00014827821334645905,0.00014571167371232,0.00014646445495950511,61.1292101415316
1790593200,0.00014646445495950511,0.00014872513711537038,0.00014646445495950511,0.00014660421358898577,16.05914736184399
1790593260,0.00014660421358898577,0.00014864872271921892,0.00014649045742073688,0.00014864872271921892,9.282803785840429
1790593320,0.00014864872271921892,0.00014864872271921892,0.000146250802718163,0.000146250802718163,18.519862246689247
1790593380,0.000146250802718163,0.000146250802718163,0.00014354784909824324,0.00014606753706010567,268.93073790377565
1790593440,0.00014606753706010567,0.00014666215845459215,0.00014287548428052737,0.00014287548428052737,136.27792354190123
1790593500,0.00014287548428052737,0.0001429751372940376,0.00014287548428052737,0.0001429751372940376,2.4832020480916164
1790593560,0.0001429751372940376,0.00014415320508550741,0.00014252447145274213,0.00014415320508550741,61.921756601246614
1790593620,0.00014415320508550741,0.00014415320508550741,0.00014094128479046793,0.0001428503801681231,88.7847322489494
1790593680,0.0001428503801681231,0.0001429414606774162,0.00014072691199609844,0.0001426858918085925,15.73037789594997
1790593740,0.0001426858918085925,0.0001426858918085925,0.00013888128135635408,0.00014086705811743337,129.4515926261399
1790593800,0.00014086705811743337,0.000140873155009771,0.00013821735999796186,0.00014030819843738058,72.61904713264201
1790593860,0.00014030819843738058,0.00015688916895124924,0.00013854611148030947,0.00015458101137164754,1207.8455589477028
1790593920,0.00015458101137164754,0.00015458101137164754,0.00015427232171795962,0.00015427232171795962,25.555928661583017
1790593980,0.00015427232171795962,0.0001555572039070191,0.00015339529066973054,0.00015339529066973054,80.93038130060279
1790594040,0.00015339529066973054,0.00015629925869379635,0.0001511151530921305,0.00015323392309006843,267.4478371443102
1790594100,0.00015323392309006843,0.00015323392309006843,0.00014797437244542768,0.00014797437244542768,317.45002833142956
1790594160,0.00014797437244542768,0.0001495972547853996,0.00014727357855135118,0.0001495972547853996,50.216540533591164
1790594220,0.0001495972547853996,0.0001495972547853996,0.00014773569322809902,0.00014773569322809902,2.5036679029935187
1790594280,0.00014773569322809902,0.00014773569322809902,0.0001475811437863213,0.0001475811437863213,2.49909794487807
1790594340,0.0001475811437863213,0.0001498839569414767,0.0001475811437863213,0.00014791207322135814,43.72951866757809
1790594400,0.00014791207322135814,0.00014791207322135814,0.000147499816118522,0.000147499816118522,14.33043182626484
1790594460,0.000147499816118522,0.00014751827170024593,0.000147499816118522,0.00014751827170024593,2.4933649971809437
1790594520,0.00014751827170024593,0.00014751827170024593,0.00014277224631047827,0.00014278295213395343,331.78862287349244
1790594580,0.00014278295213395343,0.00014491468579086236,0.00014278295213395343,0.000143158367090392,21.85298776165871
1790594640,0.000143158367090392,0.000143158367090392,0.0001429870080893168,0.0001429870080893168,2.447725155560016
1790594700,0.0001429870080893168,0.00014402614246641397,0.0001422092127282527,0.00014402614246641397,104.03447285456701
1790594760,0.00014402614246641397,0.00014402614246641397,0.00012505752247222554,0.00012505752247222554,1661.1507710415804
1790594820,0.00012505752247222554,0.0001291978314223052,0.0001233517540445575,0.0001291978314223052,333.6946342279606
1790594880,0.0001291978314223052,0.0001291978314223052,0.00012532180975953562,0.00012532180975953562,280.05708528079026
1790594940,0.00012532180975953562,0.00012532180975953562,0.00012213076600946137,0.00012213386217416964,129.52698302053918
1790595000,0.00012213386217416964,0.00012417289570015776,0.00012195312289104516,0.0001224186030325463,105.23397030060495
1790595060,0.0001224186030325463,0.00012492156214125464,0.0001224186030325463,0.00012384490677125253,108.14541964756123
1790595120,0.00012384490677125253,0.0001270313514462473,0.00012339362758473878,0.0001270313514462473,263.61366692198584
1790595180,0.0001270313514462473,0.0001270313514462473,0.00012378257422129995,0.00012605928371362001,213.85035444406273
1790595240,0.00012605928371362001,0.00012605928371362001,0.0001240520931420853,0.0001240520931420853,65.48625923307311
1790595300,0.0001240520931420853,0.00012406625558937365,0.00012401657146607242,0.00012406625558937365,10.062618224822439
1790595360,0.00012406625558937365,0.0001264793392530225,0.00012406625558937365,0.0001247027895720493,54.24113951407781
1790595420,0.0001247027895720493,0.00012879930756480777,0.0001247027895720493,0.00012638312408535133,234.43099709421202
1790595480,0.00012638312408535133,0.00012815564878065487,0.00012592631750304417,0.00012592631750304417,57.92692197385223
1790595540,0.00012592631750304417,0.0001287894030740482,0.0001257035592778796,0.0001287894030740482,111.76889065674047
1790595600,0.0001287894030740482,0.00012943715955360854,0.00012478144043861835,0.00012478144043861835,651.0032375755552
1790595660,0.00012478144043861835,0.00012478144043861835,0.00011629672919814349,0.00011706450374374994,427.6147514617446
1790595720,0.00011706450374374994,0.00011758108389882697,0.00011613391520951803,0.00011613391520951803,48.67169243465499
1790595780,0.00011613391520951803,0.00012112062246211887,0.00011613391520951803,0.00012112062246211887,334.70584143435923
1790595840,0.00012112062246211887,0.00012112062246211887,0.00011568644820588457,0.00011568644820588457,361.1203081391061
1790595900,0.00011568644820588457,0.00011849781619101949,0.00011568644820588457,0.00011816491947858516,121.10942382235717
1790595960,0.00011816491947858516,0.00012463127468276372,0.00011670245107089392,0.00012463127468276372,546.9851253986659
1790596020,0.00012463127468276372,0.00012588580405431177,0.0001235262385943213,0.00012387707760606875,99.50219941101068
1790596080,0.00012387707760606875,0.0001253330782427074,0.00012331552104426994,0.00012331552104426994,49.139300496097384
1790596140,0.00012331552104426994,0.00012331552104426994,0.00011991000417294634,0.00011991000417294634,237.29191128758262
1790596200,0.00011991000417294634,0.00012271304131642239,0.00011961955292468566,0.00012271304131642239,151.83677342532025
1790596260,0.00012271304131642239,0.00012271304131642239,0.00012081778007953941,0.00012081778007953941,23.307878584104834
1790596320,0.00012081778007953941,0.00012081778007953941,0.00011502142045620986,0.00011502142045620986,458.1910599202751
1790596380,0.00011502142045620986,0.0001166714677148013,0.00011459200204022002,0.0001166634901711943,136.48745109230563
1790596440,0.0001166634901711943,0.00011716921209795471,0.00011485592902043194,0.00011716921209795471,187.9128282523198
1790596500,0.00011716921209795471,0.00011782740605765441,0.00011604245303832903,0.00011604245303832903,27.507840360504417
1790596560,0.00011604245303832903,0.00011604245303832903,0.00011272018389222627,0.00011272018389222627,270.7904268685926
1790596620,0.00011272018389222627,0.0001138202572567517,0.00011018317316442777,0.00011096414392077824,313.56084824518786
1790596680,0.00011096414392077824,0.00011123932704681798,0.00011096414392077824,0.0001109881137000323,39.98265261977086
1790596740,0.0001109881137000323,0.00011213176201073857,0.00011080270470713275,0.00011080270470713275,148.31007943841027
1790596800,0.00011080270470713275,0.00011206492720758045,0.00011080270470713275,0.00011198311823009202,3.218450813189993
1790596920,0.00011198311823009202,0.00011553897444402054,0.00010321643143160733,0.00010321643143160733,1717.4512016236063
1790596980,0.00010321643143160733,0.0001081710670459278,0.00010321643143160733,0.0001081710670459278,269.54195224755176
1790597040,0.0001081710670459278,0.00011027663700316803,0.0001081710670459278,0.00011027663700316803,146.48320317527492
1790597100,0.00011027663700316803,0.00011027663700316803,0.00010930788567592864,0.00010930788567592864,34.5950469138517
1790597160,0.00010930788567592864,0.00011105333299647199,0.00010930788567592864,0.00011105333299647199,11.174441436509731
1790597220,0.00011105333299647199,0.00011132949130059999,0.00010912753696518382,0.00010912753696518382,123.57620361326124
1790597280,0.00010912753696518382,0.00011054953751231081,0.00010899276947111122,0.00011054953751231081,51.990121950480244
1790597340,0.00011054953751231081,0.00011054953751231081,0.00010640571963174068,0.0001084403247660396,279.7839179076079
1790597400,0.0001084403247660396,0.0001084403247660396,0.0001055971695561886,0.0001055971695561886,194.87299117129746
1790597460,0.0001055971695561886,0.00010686790323774559,0.0001055971695561886,0.00010686790323774559,138.2262929721739
1790597520,0.00010686790323774559,0.0001074489530547646,0.00010584301168335624,0.00010584301168335624,20.066305260354415
1790597580,0.00010584301168335624,0.0001072444641396202,0.00010380101475610978,0.00010534876750544248,175.33963209719306
1790597640,0.00010534876750544248,0.00010578478780077317,0.00010378010788720871,0.00010578478780077317,85.55668156627083
1790597700,0.00010578478780077317,0.00010657538070093222,0.00010423621852970943,0.00010657538070093222,101.90130664636915
1790597760,0.00010657538070093222,0.00010692544662410468,0.00010657538070093222,0.00010692544662410468,44.11505256249258
1790597820,0.00010692544662410468,0.00010738786756282326,0.00010528488510938326,0.00010602500853235739,170.19253855809646
1790597880,0.00010602500853235739,0.00010621626106668453,0.00010386732168855709,0.00010621626106668453,228.31883156622638
1790597940,0.00010621626106668453,0.00010715717504690635,0.00010618533996431309,0.00010715717504690635,117.31066379309931
1790598000,0.00010715717504690635,0.00010715717504690635,0.00010599456957665365,0.00010599456957665365,19.37548912912191
1790598060,0.00010599456957665365,0.00011401772101282895,0.00010599456957665365,0.00011321562082868428,638.6723161167937
1790598120,0.00011321562082868428,0.00012135932876467164,0.00011321562082868428,0.00011996307765777763,712.672854411085
1790598180,0.00011996307765777763,0.0001202903608607917,0.00011996307765777763,0.0001202903608607917,13.448595262714639
1790598240,0.0001202903608607917,0.00012110163510947963,0.00011523141189878816,0.00011523141189878816,445.6914522143066
1790598300,0.00011523141189878816,0.00011667743969267854,0.00011482266353387072,0.00011482266353387072,85.65345928870427
1790598360,0.00011482266353387072,0.00011482266353387072,0.00011458402756668364,0.00011458402756668364,2.6524638753151164
1790598420,0.00011458402756668364,0.00011650087253887608,0.00011458402756668364,0.00011650087253887608,38.67902816633596
1790598480,0.00011650087253887608,0.00011822955846188106,0.00011650087253887608,0.00011668116185443897,175.8797157185891
1790598540,0.00011668116185443897,0.00011853890037268436,0.00011668116185443897,0.00011693352713261708,59.93201389372221
1790598600,0.00011693352713261708,0.00012095392079692148,0.00011693352713261708,0.00012075484670874836,471.1787592196761
1790598660,0.00012075484670874836,0.00012233853958888783,0.00012073337099840722,0.00012073337099840722,75.4663043046274
1790598720,0.00012073337099840722,0.00012266680384631444,0.00011775406298012139,0.00011994321491951487,380.7909610149139
1790598780,0.00011994321491951487,0.00011994321491951487,0.00011695281811905822,0.00011846035625211643,33.296172871514614
1790598960,0.00011846035625211643,0.00011900435219782388,0.00011756001495784224,0.00011756001495784224,33.81868583524652
1790599020,0.00011756001495784224,0.00011946670310703457,0.00011756001495784224,0.00011946670310703457,48.53554139525433
1790599080,0.00011946670310703457,0.00011946670310703457,0.00011668417881173252,0.00011872709324860029,135.21389836111544
1790599140,0.00011872709324860029,0.00011872709324860029,0.00011550966847986343,0.00011550966847986343,126.26275792267079
1790599200,0.00011550966847986343,0.00011550966847986343,0.00011484465561122388,0.00011484465561122388,65.48088155557362
1790599320,0.00011484465561122388,0.00011484465561122388,0.00011447125067935287,0.00011447125067935287,12.11328511382984
1790599380,0.00011447125067935287,0.00011447125067935287,0.0001144214816001983,0.0001144214816001983,1.1691907126338987
1790599440,0.0001144214816001983,0.00011870494632927552,0.00011439767474256282,0.00011864649052882107,356.18481167158234
1790599500,0.00011864649052882107,0.00012030476354544999,0.0001175717597084298,0.0001175717597084298,186.9912387569748
1790599560,0.0001175717597084298,0.0001188200849406837,0.00011648977172059066,0.0001188200849406837,141.5334289129547
1790599620,0.0001188200849406837,0.00011947269451826213,0.00011781273715708044,0.00011947269451826213,4.532208692394559
1790599680,0.00011947269451826213,0.0001195680116776034,0.00011751684064923056,0.0001195680116776034,91.74409706460823
1790599800,0.0001195680116776034,0.0001195680116776034,0.00011808887999082042,0.00011808887999082042,12.242814084065877
1790599860,0.00011808887999082042,0.00012005747963385198,0.00011808887999082042,0.00011864208141720985,52.65380116132804
1790599920,0.00011864208141720985,0.00013000645218711208,0.00011864208141720985,0.0001275695846146828,841.6642656002064
1790600100,0.0001275695846146828,0.0001275695846146828,0.00012424808182377102,0.00012424808182377102,273.6930300597064
1790600160,0.00012424808182377102,0.00012424808182377102,0.00012135457124684252,0.00012280985009121854,220.8064782312837
1790600280,0.00012280985009121854,0.00012280985009121854,0.00012240538414111583,0.00012240538414111583,37.35597630781808
1790600340,0.00012240538414111583,0.00012313683987038007,0.00012093198760852613,0.00012313683987038007,38.25675431637734
1790600400,0.00012313683987038007,0.00012313683987038007,0.00012060519339013267,0.00012060519339013267,47.121563955576
1790600460,0.00012060519339013267,0.00012060519339013267,0.00011965767040845291,0.00011965767040845291,119.32948289810177
1790600520,0.00011965767040845291,0.00011965767040845291,0.00011641037403775592,0.00011641037403775592,195.43788363348384
1790600580,0.00011641037403775592,0.00011812663990940005,0.0001163430145482265,0.00011812663990940005,15.41430528269572
1790600640,0.00011812663990940005,0.00011812663990940005,0.00011648447910727731,0.00011648447910727731,8.033663901113377
1790600700,0.00011648447910727731,0.00011648447910727731,0.00011573100078778854,0.00011573100078778854,90.23827323846605
1790600760,0.00011573100078778854,0.00011573100078778854,0.0001150461411548026,0.0001150461411548026,10.561905069769411
1790600880,0.0001150461411548026,0.0001150461411548026,0.00011469472364505765,0.00011469472364505765,34.756930040895575
1790600940,0.00011469472364505765,0.0001173667018041297,0.00011469472364505765,0.0001173667018041297,124.56408137649169
1790601000,0.0001173667018041297,0.00011773223708723596,0.0001173667018041297,0.00011773223708723596,1.1824128935865863
1790601060,0.00011773223708723596,0.00011794066764652518,0.00011636844830364302,0.00011636844830364302,26.208038709175653
1790601120,0.00011636844830364302,0.00011782577643889972,0.00011613503468103375,0.00011767463042499399,30.67194838220487
1790601180,0.00011767463042499399,0.00011767463042499399,0.00011617589884901431,0.00011617589884901431,2.8626504786905334
1790601240,0.00011617589884901431,0.00011624590046069487,0.00011561582507548779,0.00011561582507548779,86.27654437682658
1790601420,0.00011561582507548779,0.00011561582507548779,0.00011467918305005748,0.00011467918305005748,42.03749429549047
1790601480,0.00011467918305005748,0.00011474740019510864,0.0001135837130326897,0.00011467747286478552,132.02265421927476
1790601540,0.00011467747286478552,0.00011467747286478552,0.00011138751315700746,0.00011138751315700746,160.46721347908735
1790601600,0.00011138751315700746,0.00011271569580472038,0.00011109932422520064,0.00011271569580472038,6.875150473090905
1790601720,0.00011271569580472038,0.00011286599259909093,0.00011271569580472038,0.00011286599259909093,19.39704637201594
1790601780,0.00011286599259909093,0.0001134235000028342,0.00011208375395845798,0.00011208375395845798,89.97695664073899
1790601900,0.00011208375395845798,0.00011351967774899859,0.0001120749939870109,0.0001120749939870109,12.58505054084332
1790601960,0.0001120749939870109,0.0001120749939870109,0.0001120053293634709,0.0001120053293634709,12.10939217756614
1790602020,0.0001120053293634709,0.0001120053293634709,0.00011174134040546974,0.00011174134040546974,21.27404743172639
1790602080,0.00011174134040546974,0.0001140888344327048,0.00011174134040546974,0.0001140888344327048,118.62594057337049
1790602140,0.0001140888344327048,0.0001140888344327048,0.00011207889424597682,0.00011257305723321213,93.47467691792362
1790602200,0.00011257305723321213,0.00011436900489223095,0.00011257305723321213,0.00011322109104813025,92.44178479111713
1790602260,0.00011322109104813025,0.00011536233923984957,0.00011322109104813025,0.00011536233923984957,67.89570255608493
1790602320,0.00011536233923984957,0.00011671320648741905,0.00011536233923984957,0.00011671320648741905,151.49710290470506
1790602380,0.00011671320648741905,0.00011735465759734454,0.00011548406693442107,0.00011735465759734454,72.3134007168677
1790602440,0.00011735465759734454,0.00012412384434394363,0.00011735465759734454,0.0001222116919274569,641.5082807790408
1790602500,0.0001222116919274569,0.0001222116919274569,0.00012193689833298412,0.00012193689833298412,40.57825742946485
1790602560,0.00012193689833298412,0.00012321085960351758,0.00012193689833298412,0.00012321085960351758,6.390903921354624
1790602620,0.00012321085960351758,0.00012321085960351758,0.00011890865259191373,0.00011890865259191373,316.32156446491877
1790602680,0.00011890865259191373,0.00011890865259191373,0.00011778163465401721,0.00011778163465401721,6.624636190779844
1790602800,0.00011778163465401721,0.00012333682842021045,0.00011778163465401721,0.00012333682842021045,288.076825656903
1790602860,0.00012333682842021045,0.00012384054814685718,0.00012171504658323142,0.00012267707897839014,93.64909038411446
1790602920,0.00012267707897839014,0.00012477531194601748,0.00012267707897839014,0.00012312726678123957,36.37558461430019
1790602980,0.00012312726678123957,0.00012498626682591282,0.00012312726678123957,0.00012498626682591282,26.63032996799123
1790603040,0.00012498626682591282,0.00012498626682591282,0.0001229174434714002,0.00012455533362353707,49.157283065857165
1790603100,0.00012455533362353707,0.00012455533362353707,0.00012262940247909312,0.00012262940247909312,21.47773894022366
1790603160,0.00012262940247909312,0.00012262940247909312,0.0001224886367289711,0.0001224886367289711,2.8879081303130465
1790603220,0.0001224886367289711,0.0001224886367289711,0.00012160340952921242,0.00012160340952921242,80.35597299670323
1790603280,0.00012160340952921242,0.00012336989445899634,0.00012160340952921242,0.00012336989445899634,19.39090334858972
1790603400,0.00012336989445899634,0.00012336989445899634,0.00012123262568203298,0.00012123262568203298,32.2801430283162
1790603460,0.00012123262568203298,0.00012288539419960093,0.000120787653215805,0.00012182760979232583,123.50232597800459
1790603520,0.00012182760979232583,0.00012193888544591523,0.00012182760979232583,0.00012193888544591523,4.461227604827169
1790603580,0.00012193888544591523,0.00012415567283810807,0.00012193888544591523,0.00012284512137678079,58.96535120285983
1790603640,0.00012284512137678079,0.00012462151017309452,0.00012028329171062491,0.00012028329171062491,216.3785926731309
1790603760,0.00012028329171062491,0.00012194006153391168,0.00011948093427033245,0.00012099647072224458,132.8274953490566
1790603820,0.00012099647072224458,0.00012099647072224458,0.00011811744335758957,0.00011811744335758957,117.15180991385093
1790603880,0.00011811744335758957,0.00011811744335758957,0.00011075294049540378,0.00011126303455832575,708.0781518334508
1790603940,0.00011126303455832575,0.00011126303455832575,0.00010894491845358241,0.00011096961007092608,111.7624317602687
1790604000,0.00011096961007092608,0.00011096961007092608,0.00010579507533007639,0.00010579507533007639,350.75108722225417
1790604060,0.00010579507533007639,0.00010855743299907472,0.00010579507533007639,0.00010697890237854167,127.2798747768464
1790604120,0.00010697890237854167,0.00011812588300678443,0.00010697890237854167,0.00011812588300678443,767.6752321614474
1790604180,0.00011812588300678443,0.00011812588300678443,0.0001074846966541036,0.0001074846966541036,874.1011776637893
1790604240,0.0001074846966541036,0.00010774725087530035,0.0001074846966541036,0.00010774725087530035,49.224809743602876
1790604300,0.00010774725087530035,0.00010774725087530035,0.00010662103810056325,0.00010662103810056325,2.045115966414568
1790604360,0.00010662103810056325,0.00010948270314108195,0.00010633595833408589,0.00010948270314108195,138.49418843852104
1790604420,0.00010948270314108195,0.00010966487188124611,0.00010754841092182083,0.00010870634814804701,100.70147559330131
1790604480,0.00010870634814804701,0.00010948431745169675,0.0001073668806171799,0.00010948431745169675,130.06519828727969
1790604540,0.00010948431745169675,0.0001103411755790099,0.00010948431745169675,0.0001103411755790099,61.56847370507381
1790604600,0.0001103411755790099,0.00011048658475445688,0.00010269395710867842,0.00010269395710867842,623.6332205451758
1790604660,0.00010269395710867842,0.00012917998333140506,9.563574463011218e-05,0.00012448904968290656,5408.747070114136
1790604720,0.00012448904968290656,0.00012448904968290656,0.00011225769258053228,0.00012301791686784465,2652.4832111639244
1790604780,0.00012301791686784465,0.00012301791686784465,0.00012135805342452335,0.00012135805342452335,155.44472377205332
1790604840,0.00012135805342452335,0.00012135805342452335,0.00011770182304284905,0.00011991284953280241,282.0411373619498
1790604900,0.00011991284953280241,0.0001263608798863489,0.00011679866619486596,0.00012629542927143219,826.4805410880493
1790604960,0.00012629542927143219,0.00012629542927143219,0.00011270444770618576,0.00011569295703848893,1087.3961564618537
1790605020,0.00011569295703848893,0.00011766607566619658,0.00011414578784525996,0.00011596343310722008,155.27861780005938
1790605080,0.00011596343310722008,0.00011905600267005918,0.00011596343310722008,0.00011905600267005918,155.8819026692011
1790605140,0.00011905600267005918,0.0001208949507564715,0.00011905600267005918,0.00011927398980618131,113.85328636952117
1790605200,0.00011927398980618131,0.00012132413715448957,0.00011824419234746298,0.00012132413715448957,321.7208680716009
1790605260,0.00012132413715448957,0.00012210913080448876,0.00011812464703964323,0.00011987194439449235,296.6486570769683
1790605320,0.00011987194439449235,0.00012142975754550685,0.0001160557156088174,0.00012137687173465198,622.8934804591368
1790605380,0.00012137687173465198,0.00012414221630222875,0.00012119275102618336,0.00012414221630222875,170.0969934758919
1790605440,0.00012414221630222875,0.00012614847486135792,0.00012339117843313774,0.00012614847486135792,132.21510607255513
1790605500,0.00012614847486135792,0.00012697291144135342,0.00012614847486135792,0.00012697291144135342,9.18679804574352
1790605560,0.00012697291144135342,0.00012697291144135342,0.00011990095024474049,0.00011990095024474049,441.55179511325423
1790605680,0.00011990095024474049,0.00012065195057837599,0.00011875422802126766,0.00011875422802126766,14.275319176699238
1790605740,0.00011875422802126766,0.00012023091446150541,0.00011868884631091375,0.00012023091446150541,11.2904320590888
1790605800,0.00012023091446150541,0.00012251175296809503,0.00012023091446150541,0.00012124052558617869,170.71400441919633
1790605860,0.00012124052558617869,0.00012419269395837212,0.00012124052558617869,0.00012419269395837212,114.08927233099136
1790605920,0.00012419269395837212,0.00012427434118510156,0.00012240162154154854,0.0001225793990603832,9.976233065864854
1790605980,0.0001225793990603832,0.00012461044109828953,0.0001225793990603832,0.00012461044109828953,20.423308944797526
1790606040,0.00012461044109828953,0.00012488765197348343,0.00012327310914870293,0.00012327310914870293,28.3942942938278
1790606100,0.00012327310914870293,0.00012327310914870293,0.00011837145777737235,0.00011837145777737235,730.0053854418751
1790606160,0.00011837145777737235,0.00011837145777737235,0.00010729664795611628,0.00010832506716132566,641.7813026479671
1790606220,0.00010832506716132566,0.00011786346131140687,0.00010671289837540927,0.00011482454236889858,947.3548593623431
1790606280,0.00011482454236889858,0.00011579708277548348,0.00011289818241275592,0.00011579708277548348,372.4653373141216
1790606340,0.00011579708277548348,0.00011579708277548348,0.00011290022103632529,0.0001143347553206237,257.5162687937317
1790606400,0.0001143347553206237,0.0001143347553206237,0.00011210028257137982,0.00011210028257137982,330.9404327895843
1790606460,0.00011210028257137982,0.00011210028257137982,0.00011175564259245336,0.00011175564259245336,11.450529477600126
1790606520,0.00011175564259245336,0.00011416438238720293,0.00011175564259245336,0.00011416438238720293,171.61893048635713
1790606580,0.00011416438238720293,0.000115532511387038,0.00011328687079917665,0.0001142557371460749,170.87959851850223
1790606640,0.0001142557371460749,0.0001159388851738703,0.0001142557371460749,0.0001159388851738703,19.57745220387416
1790606700,0.0001159388851738703,0.0001159388851738703,0.00011412833524023213,0.00011412833524023213,47.4003587303695
1790606760,0.00011412833524023213,0.00011672349292027754,0.00011412833524023213,0.0001151302850605401,96.48765483004013
1790606820,0.0001151302850605401,0.00011672566713337164,0.00011447039483887443,0.00011632787477781486,172.42531103831442
1790606880,0.00011632787477781486,0.00011732844423666443,9.926643238210929e-05,0.00010059851850683668,1772.724977600674
1790606940,0.00010059851850683668,0.00014208787215393883,0.00010059851850683668,0.0001387273287052433,4167.518238876761
1790607000,0.0001387273287052433,0.00016214125846055665,0.00013855462029562006,0.00015916330862425455,3497.048075373292
1790607060,0.00015916330862425455,0.0001640751781588501,0.0001558464365694143,0.0001640751781588501,951.314645983054
1790607120,0.0001640751781588501,0.00016504209222799608,0.0001486877606666373,0.00015282668395179573,2386.2572004544736
1790607180,0.00015282668395179573,0.00016557186594464557,0.00015013130067632205,0.0001650381578779597,1563.676667057117
1790607240,0.0001650381578779597,0.0002576618976230987,0.0001650381578779597,0.00019729787674445463,15016.31373881806
1790607300,0.00019729787674445463,0.00021547124363367087,0.00019563976753727904,0.0002073495933566523,2795.9477690989993
1790607360,0.0002073495933566523,0.00020738176660249413,0.00018336477534657412,0.00018758448393688595,3349.3818289450683
1790607420,0.00018758448393688595,0.00018958799994263495,0.00018452751953748465,0.00018762045977832644,607.7221353570425
1790607480,0.00018762045977832644,0.00018762045977832644,0.0001805985848622076,0.0001805985848622076,266.19506714111867
1790607540,0.0001805985848622076,0.0001805985848622076,0.00017338455224358472,0.0001756737645109724,508.0608655327396
1790607600,0.0001756737645109724,0.0001756737645109724,0.00017181795959444172,0.00017186432933321042,110.43004450444684
1790607660,0.00017186432933321042,0.00017229501082355827,0.0001686218738458102,0.00017086993550886014,399.1581925966725
1790607720,0.00017086993550886014,0.00017086993550886014,0.00016386180599754015,0.00016386180599754015,710.2520008509006
1790607780,0.00016386180599754015,0.00016682023510965958,0.00016386180599754015,0.00016474477488089765,102.23495259884486
1790607840,0.00016474477488089765,0.00016697185217298143,0.00016219701917862317,0.00016219701917862317,236.39577846553232
1790607900,0.00016219701917862317,0.0001663632521218307,0.00016123790289582633,0.0001663632521218307,397.02725929534404
1790607960,0.0001663632521218307,0.0001733469939027942,0.0001663632521218307,0.00016957706411341745,914.5680705802796
1790608020,0.00016957706411341745,0.00017033367406507033,0.00016473700571685248,0.00016502188643469784,430.8046253059807
1790608080,0.00016502188643469784,0.00016709077231476333,0.00016502188643469784,0.00016709077231476333,37.82558507151845
1790608140,0.00016709077231476333,0.00017148191992058534,0.0001667803934000379,0.00016796201430096253,564.9346210753616
1790608200,0.00016796201430096253,0.00017421997658351686,0.00016796201430096253,0.0001723188896530679,482.8067074814335
1790608260,0.0001723188896530679,0.00017414550393828312,0.00016739566062167827,0.00016739566062167827,392.33405262963953
1790608320,0.00016739566062167827,0.00017097392283424025,0.00016532219990371598,0.00017097392283424025,278.9176838200854
1790608380,0.00017097392283424025,0.0001724746309782738,0.0001703551320418967,0.0001703551320418967,148.35417848417958
1790608440,0.0001703551320418967,0.00017310923192364138,0.0001703551320418967,0.00017092655812538235,34.855141302962814
1790608560,0.00017092655812538235,0.00017361636953817689,0.00017070699749220734,0.00017141871071829363,197.06737611911345
1790608620,0.00017141871071829363,0.00017141871071829363,0.00017033855302547472,0.00017033855302547472,25.21179112226683
1790608680,0.00017033855302547472,0.00017260593010091712,0.00017020766490116878,0.00017024076149235888,9.857543916279168
1790608740,0.00017024076149235888,0.00017277586205437982,0.00017024076149235888,0.00017277586205437982,7.862655269332514
1790608800,0.00017277586205437982,0.00017277586205437982,0.0001675110715380794,0.0001675110715380794,251.26368529637693
1790608860,0.0001675110715380794,0.00016879296155013524,0.0001659888701806304,0.00016617917407946874,57.61755653412577
1790608920,0.00016617917407946874,0.00016847213619131655,0.00016617917407946874,0.00016847213619131655,21.63442869929198
1790608980,0.00016847213619131655,0.00017497919970925043,0.0001659848817720688,0.00017497919970925043,742.0084457171745
1790609040,0.00017497919970925043,0.00017497919970925043,0.00017165232957913666,0.0001720226353460435,29.670324003349243
1790609160,0.0001720226353460435,0.00017433564216393305,0.00016888574934973734,0.00016888574934973734,230.3658637563783
1790609220,0.00016888574934973734,0.00016888574934973734,0.00016686723616599175,0.00016686723616599175,191.89675130128657
1790609280,0.00016686723616599175,0.00016686723616599175,0.00016578032430464293,0.00016578032430464293,6.424187847009388
1790609400,0.00016578032430464293,0.00016832262480369822,0.00016578032430464293,0.00016832262480369822,42.17163909555865
1790609460,0.00016832262480369822,0.00016832262480369822,0.00016157951785818027,0.0001640138216206958,380.93399573151316
1790609520,0.0001640138216206958,0.0001647227620219376,0.0001640138216206958,0.0001647227620219376,64.5178641173154
1790609580,0.0001647227620219376,0.0001647227620219376,0.00016292674518275963,0.00016292674518275963,8.832718989183343
1790609700,0.00016292674518275963,0.00016292674518275963,0.00016279335237885708,0.00016279335237885708,7.339698910922342
1790609760,0.00016279335237885708,0.0001630834893576539,0.0001597326381286433,0.0001597326381286433,272.07863823255565
1790609820,0.0001597326381286433,0.00016137875950417708,0.00015869815699523512,0.00016060459605293093,102.8814117996388
1790609880,0.00016060459605293093,0.00016130845483996718,0.00016060459605293093,0.00016130845483996718,22.255496780430864
1790609940,0.00016130845483996718,0.00016130845483996718,0.00015886978248879458,0.00016095932387647093,36.138857998084696
1790610060,0.00016095932387647093,0.00016095932387647093,0.0001564050461581392,0.0001564050461581392,194.55963005046016
1790610120,0.0001564050461581392,0.0001579333805576527,0.0001537250138281683,0.0001537250138281683,339.1171769590519
1790610180,0.0001537250138281683,0.0001537250138281683,0.00015132052045252212,0.00015342779596441082,10.576749366870098
1790610240,0.00015342779596441082,0.00015342779596441082,0.0001509392422555353,0.0001509392422555353,26.636409066284763
1790610300,0.0001509392422555353,0.00015309998607968906,0.0001509392422555353,0.00015309998607968906,8.24312945125748
1790610360,0.00015309998607968906,0.0001788299450177301,0.00015148616416829776,0.00017632087967330725,2177.2263398346527
1790610420,0.00017632087967330725,0.000209778683871594,0.00017632087967330725,0.00018358181371054295,6133.237091976191
1790610480,0.00018358181371054295,0.00019618981253920743,0.00018236425395003672,0.00018532839266976014,2247.826445014281
1790610540,0.00018532839266976014,0.00018532839266976014,0.00017271585467145613,0.00017716195450294235,1037.7983917915494
1790610600,0.00017716195450294235,0.0001833414323921647,0.0001730534417915732,0.0001736876613165564,1462.3138900736262
1790610660,0.0001736876613165564,0.0001765258318426444,0.00017355016041035662,0.00017407297024843338,48.87791433783796
1790610720,0.00017407297024843338,0.00017431153857902612,0.00017283420815971775,0.00017431153857902612,178.7077826598697
1790610840,0.00017431153857902612,0.00017446177906238814,0.00016649068268171353,0.00016649068268171353,615.3855456954493
1790610900,0.00016649068268171353,0.00016825884248056354,0.00016549819765998225,0.00016549819765998225,112.64890642896326
1790610960,0.00016549819765998225,0.00017121242207699002,0.00016549819765998225,0.00017121242207699002,436.7404290844751
1790611020,0.00017121242207699002,0.00017356931925872343,0.00017121242207699002,0.00017356931925872343,17.577355340791886
1790611080,0.00017356931925872343,0.00017356931925872343,0.00017119124265841155,0.00017119124265841155,1.9821322330709557
1790611140,0.00017119124265841155,0.00017119124265841155,0.00016497208818905748,0.00016497208818905748,564.0604639704391
1790611200,0.00016497208818905748,0.00016708226586430037,0.00016497208818905748,0.00016708226586430037,77.14124482473444
1790611260,0.00016708226586430037,0.00017987486826071794,0.00016509139291597793,0.00017987486826071794,1040.2082555720488
1790611320,0.00017987486826071794,0.00017987486826071794,0.0001773890084876373,0.0001795364488823707,5.159975613571247
1790611380,0.0001795364488823707,0.0001795364488823707,0.00017601043712639475,0.00017601043712639475,135.57926918652515
1790611440,0.00017601043712639475,0.0001806325631571459,0.00017601043712639475,0.00018039203009492658,394.1257832429365
1790611500,0.00018039203009492658,0.00018937572423471537,0.00018039203009492658,0.00018867706725386423,688.0202960633108
1790611560,0.00018867706725386423,0.000189991361109762,0.0001870182574374661,0.000189991361109762,122.59723040784289
1790611620,0.000189991361109762,0.0001902987667859363,0.000189991361109762,0.0001902768305697941,22.777428696689316
1790611680,0.0001902768305697941,0.00019134947254186593,0.00018604608890182252,0.00018604608890182252,235.41322882613954
1790611740,0.00018604608890182252,0.0001885953501786367,0.0001856341776049692,0.00018809685867492883,55.86803622276726
1790611800,0.00018809685867492883,0.00018809685867492883,0.00018258311713462348,0.00018258311713462348,211.6586941915431
1790611860,0.00018258311713462348,0.00018453987901604412,0.0001817406892729229,0.0001817406892729229,91.45897831736373
1790611920,0.0001817406892729229,0.00018379819086521718,0.00018106424671516974,0.00018379819086521718,96.73688486994992
1790611980,0.00018379819086521718,0.00018502148309563682,0.0001822672863119162,0.00018432124917946893,148.43576222562217
1790612040,0.00018432124917946893,0.00018452358482478655,0.0001820064878278795,0.00018452358482478655,17.431286532600375
1790612100,0.00018452358482478655,0.00018501944124132684,0.0001820897496604813,0.00018285951710343798,77.64153854711634
1790612160,0.00018285951710343798,0.00018285951710343798,0.00018281098930941308,0.00018281098930941308,3.160534390163423
1790612220,0.00018281098930941308,0.00018913428427403162,0.00018281098930941308,0.00018913428427403162,185.37413992396677
1790612280,0.00018913428427403162,0.00018913428427403162,0.000185025652647815,0.000185025652647815,137.84700192829646
1790612340,0.000185025652647815,0.00018660235401809008,0.0001835449432430999,0.00018660235401809008,133.68432032700014
1790612400,0.00018660235401809008,0.00018739175886480478,0.00018271894167746648,0.00018271894167746648,305.04792782537857
1790612460,0.00018271894167746648,0.00018353909875490042,0.00018271894167746648,0.00018353909875490042,30.795285597115107
1790612520,0.00018353909875490042,0.0001843475999524359,0.00018206727070951844,0.00018206727070951844,69.0278953718195
1790612580,0.00018206727070951844,0.00018505871757359434,0.00018070910741377049,0.00018070910741377049,336.9556323862409
1790612640,0.00018070910741377049,0.00018376473858557153,0.00018070910741377049,0.00018291399122938412,102.39686850004962
1790612700,0.00018291399122938412,0.00018549504928642855,0.00018291399122938412,0.00018299891669541112,4.49884842471998
1790612760,0.00018299891669541112,0.00018736991015510826,0.00018285799225180546,0.00018736991015510826,202.35931752183265
1790612820,0.00018736991015510826,0.00018736991015510826,0.000184806661778201,0.000184806661778201,185.0710320188597
1790612880,0.000184806661778201,0.00018520083368317328,0.00018294705745674694,0.00018520083368317328,109.27190029122715
1790612940,0.00018520083368317328,0.00018520083368317328,0.0001820701373420139,0.0001820701373420139,64.46133004712428
1790613000,0.0001820701373420139,0.0001820701373420139,0.00018145024352678705,0.00018145024352678705,20.196978273074674
1790613060,0.00018145024352678705,0.0001841444044342818,0.00018145024352678705,0.00018205124888610272,46.46137184066982
1790613120,0.00018205124888610272,0.00018205124888610272,0.00018171109772841966,0.00018171109772841966,5.300717705393127
1790613180,0.00018171109772841966,0.00018398631648709627,0.00018171109772841966,0.00018398631648709627,4.850991848353106
1790613300,0.00018398631648709627,0.00018398631648709627,0.00017336113138012046,0.00017336113138012046,618.2280262555406
1790613360,0.00017336113138012046,0.00017562125856659074,0.00017336113138012046,0.00017562125856659074,10.578656875250493
1790613420,0.00017562125856659074,0.00017562125856659074,0.00017294024750497155,0.00017294024750497155,17.377312251416004
1790613480,0.00017294024750497155,0.00017294024750497155,0.00016308362875401647,0.00016308362875401647,790.8002712791009
1790613540,0.00016308362875401647,0.00016308362875401647,0.00014496370458257356,0.00014631575434207914,1599.0701540166372
1790613600,0.00014631575434207914,0.00014690643719038554,0.00014359717600048722,0.00014690643719038554,227.5318830941981
1790613660,0.00014690643719038554,0.00014690643719038554,0.00014425986406138629,0.00014425986406138629,26.676353752878533
1790613720,0.00014425986406138629,0.00014714545941261662,0.00014255052868493182,0.00014255052868493182,355.00985205757223
1790613780,0.00014255052868493182,0.00014407099960378616,0.00014199189794602196,0.00014407099960378616,34.42429166857003
1790613840,0.00014407099960378616,0.00014578730101900403,0.00014389992012661226,0.00014389992012661226,129.7251716763165
1790613900,0.00014389992012661226,0.00014659543522971047,0.00014382257918140994,0.00014659543522971047,110.88197134381225
1790613960,0.00014659543522971047,0.00015003956388366503,0.00014659543522971047,0.00015003956388366503,275.28249099958407
1790614020,0.00015003956388366503,0.00015003956388366503,0.00014862565027540201,0.00014862565027540201,57.879915913907894
1790614080,0.00014862565027540201,0.0001499255414420571,0.0001480659907212979,0.0001499255414420571,35.89763449377434
1790614140,0.0001499255414420571,0.00015134527623469242,0.0001499255414420571,0.00015134527623469242,110.7574096915564
1790614200,0.00015134527623469242,0.000151780469383309,0.00014972623093532561,0.00014972623093532561,74.49100651002702
1790614260,0.00014972623093532561,0.00015147912458588189,0.00014972623093532561,0.00015147912458588189,0.9831693870967557
1790614320,0.00015147912458588189,0.0001516286417507267,0.00015147912458588189,0.0001516286417507267,1.1782258038284514
1790614380,0.0001516286417507267,0.00015262654366114524,0.00015051286483353546,0.00015051286483353546,217.46014879592238
1790614440,0.00015051286483353546,0.00015251402872815508,0.00015028368373035553,0.00015243909883393554,3.727819709050074
1790614560,0.00015243909883393554,0.00015251206118447276,0.00015243909883393554,0.00015251206118447276,0.9927986185442531
1790614620,0.00015251206118447276,0.00015377303870069676,0.00015251206118447276,0.00015377303870069676,87.30091865694448
1790614680,0.00015377303870069676,0.00015394104384929631,0.0001516978843455723,0.00015394104384929631,26.298834052361787
1790614740,0.00015394104384929631,0.00015416387264358323,0.00014662281109459292,0.00014741827456728624,542.1641332799193
1790614920,0.00014741827456728624,0.00014741827456728624,0.00014662068914107247,0.00014662068914107247,0.9916547120291421
1790614980,0.00014662068914107247,0.0001479123563167958,0.00014662068914107247,0.0001479123563167958,156.29869979766897
1790615040,0.0001479123563167958,0.0001479123563167958,0.00014633212329488647,0.00014633212329488647,32.67202834231341
1790615100,0.00014633212329488647,0.00014813845264848954,0.00014633212329488647,0.00014813845264848954,0.989867049691945
1790615160,0.00014813845264848954,0.00014813845264848954,0.0001439469539624841,0.0001439469539624841,263.87951895784505
1790615280,0.0001439469539624841,0.00014410855536043242,0.0001439469539624841,0.00014410855536043242,0.9883786283728223
1790615340,0.00014410855536043242,0.00014411081448245704,0.00014410855536043242,0.00014411081448245704,4.852453304874393
1790615460,0.00014411081448245704,0.00014493276205087841,0.00014411081448245704,0.0001448002556726954,5.078724636780354
1790615520,0.0001448002556726954,0.0001448002556726954,0.00013919402448151727,0.00014065603897568131,296.2411449758084
1790615580,0.00014065603897568131,0.00014292053508077675,0.0001393732479034787,0.00014292053508077675,341.93310439120813
1790615640,0.00014292053508077675,0.0001449962696942215,0.00014128525134193926,0.00014128525134193926,257.87631930850347
1790615820,0.00014128525134193926,0.00014128525134193926,0.00013914762991273626,0.00014045693948566153,63.37570773911685
1790615880,0.00014045693948566153,0.00014045693948566153,0.00013808257440435813,0.00013808257440435813,23.091729703632176
1790615940,0.00013808257440435813,0.0001396867875023854,0.00013773175194192345,0.0001396867875023854,7.005871940998987
1790616000,0.0001396867875023854,0.000162946612450839,0.0001396867875023854,0.00016093045704744575,1976.379233860569
1790616060,0.00016093045704744575,0.0001633152924963026,0.00015788767926016027,0.00015788767926016027,273.94817020425756
1790616120,0.00015788767926016027,0.00015877895039847483,0.00015664367397156853,0.00015877895039847483,21.362108852584857
1790616180,0.00015877895039847483,0.0001642230333637118,0.00015666104527897528,0.0001642230333637118,412.14795533598686
1790616240,0.0001642230333637118,0.00017686026545326908,0.00015982936653221626,0.00017169899079181846,2297.3380508236946
1790616300,0.00017169899079181846,0.00018124854907967307,0.00016812995034264872,0.00018027280715665893,2382.451979563116
1790616360,0.00018027280715665893,0.00018518706383178327,0.0001779435482989626,0.00018518706383178327,2268.6500530425033
1790616420,0.00018518706383178327,0.00018661540377459072,0.00017269550730018894,0.00017899881611489722,2544.053666079911
1790616480,0.00017899881611489722,0.000195037858580689,0.00017618764728043754,0.00018865599163526246,3620.62101091652
1790616540,0.00018865599163526246,0.00018865599163526246,0.00016885768278171413,0.00016924049376837121,1636.8004796069233
1790616600,0.00016924049376837121,0.00016934631698365153,0.00015617035299331507,0.00015766312720135557,1370.4919990681647
1790616720,0.00015766312720135557,0.00015806662877252276,0.00015766312720135557,0.00015806662877252276,0.009962716263385653
1790616780,0.00015806662877252276,0.00016258459420816972,0.00015575232770474043,0.00016258459420816972,364.7727584334082
1790616840,0.00016258459420816972,0.00016258459420816972,0.0001590958824575261,0.00016034428798050637,117.7351525905879
1790616900,0.00016034428798050637,0.00016126103883954044,0.00016034428798050637,0.00016126103883954044,31.03639253300274
1790616960,0.00016126103883954044,0.00016126103883954044,0.0001484218968280375,0.0001505438770814858,951.6592123881794
1790617020,0.0001505438770814858,0.0001505438770814858,0.00014811360198585354,0.00014811360198585354,6.3171277546447735
1790617080,0.00014811360198585354,0.0001501099631957884,0.0001476527690404335,0.0001477502409778221,219.98091089454826
1790617140,0.0001477502409778221,0.0001496006425805072,0.000147526619730191,0.000147526619730191,5.611079777832966
1790617200,0.000147526619730191,0.00015190014472895281,0.000147526619730191,0.00015190014472895281,169.77043803439722
1790617260,0.00015190014472895281,0.00015190014472895281,0.0001500205360026696,0.0001500205360026696,1.2970910241386249
1790617440,0.0001500205360026696,0.00015216757117093632,0.00014987891539325638,0.00014987891539325638,40.36626489638795
1790617560,0.00014987891539325638,0.00015192450417913218,0.00014987891539325638,0.00015192450417913218,23.399645023603977
1790617620,0.00015192450417913218,0.00015212365147436566,0.00015003184038593257,0.00015003184038593257,14.956081253852451
1790617680,0.00015003184038593257,0.0001568100434173682,0.00015003184038593257,0.00015543686219167535,483.47684324512534
1790617800,0.00015543686219167535,0.00015899474544689413,0.00015543686219167535,0.00015899474544689413,4.92048999410614
1790617860,0.00015899474544689413,0.00015899474544689413,0.00015541768737578878,0.00015541768737578878,90.66330511542802
1790617980,0.00015541768737578878,0.0001554979011384185,0.00015541768737578878,0.0001554979011384185,0.4508993902093723
1790618040,0.0001554979011384185,0.00015957466565559304,0.0001554979011384185,0.00015794589637622834,408.50068964839807
1790618100,0.00015794589637622834,0.00015794589637622834,0.00015375276056670776,0.0001571832596323336,379.36204396037624
1790618160,0.0001571832596323336,0.00015863917447497206,0.00015626880747958487,0.00015863917447497206,39.37070181167162
1790618220,0.00015863917447497206,0.00015863917447497206,0.0001566309156781374,0.0001566309156781374,21.91979024372562
1790618280,0.0001566309156781374,0.00015992354982833612,0.0001566309156781374,0.00015992354982833612,158.33093860065327
1790618400,0.00015992354982833612,0.00015992354982833612,0.00015853554591653337,0.00015853554591653337,11.786944654029755
1790618460,0.00015853554591653337,0.00015910111390636316,0.00015755697417145582,0.00015910111390636316,104.86905134180296
1790618520,0.00015910111390636316,0.00015910111390636316,0.0001558326006668508,0.0001558326006668508,170.63924348246994
1790618580,0.0001558326006668508,0.0001558326006668508,0.00015326539638777588,0.00015326539638777588,181.10319567144322
1790618640,0.00015326539638777588,0.00015433511257967233,0.000150255303414859,0.000150255303414859,262.9292829395392
1790618700,0.000150255303414859,0.000150255303414859,0.00014817243860758137,0.00014988035718637097,54.33286237909321
1790618760,0.00014988035718637097,0.00014988035718637097,0.0001421317889679562,0.0001421317889679562,514.0333292895473
1790618820,0.0001421317889679562,0.00014281198980592807,0.0001407797846110575,0.00014083471683895454,21.66280272408338
1790618880,0.00014083471683895454,0.00014083471683895454,0.000140456635767833,0.000140456635767833,51.22918023500983
1790618940,0.000140456635767833,0.0001456700940652709,0.0001401706705209763,0.00014363287085893437,263.25124063008093
1790619000,0.00014363287085893437,0.00014363287085893437,0.00013578590388406477,0.00013578590388406477,706.519588824216
1790619060,0.00013578590388406477,0.00013578590388406477,0.00013393682991134505,0.00013393682991134505,10.002196166681072
1790619120,0.00013393682991134505,0.00013419132808383758,0.0001305319478740517,0.00013419132808383758,704.1277455944991
1790619180,0.00013419132808383758,0.00013622753105055146,0.00013419132808383758,0.00013444866500377797,153.8118352761783
1790619240,0.00013444866500377797,0.00013450161708392726,0.00013444866500377797,0.00013450161708392726,4.540845177722511
1790619300,0.00013450161708392726,0.0001357648540190693,0.0001339379709645862,0.00013397390507568414,72.73710314999165
1790619360,0.00013397390507568414,0.00013544779553498334,0.00013369702585920392,0.00013544779553498334,74.77864549794332
1790619420,0.00013544779553498334,0.00013569416860341924,0.00013388144267363318,0.00013388144267363318,11.127628714667184
1790619480,0.00013388144267363318,0.00013456357311499492,0.00013304136387524087,0.00013456357311499492,102.05803754088505
1790619540,0.00013456357311499492,0.00013608418922949022,0.00013402289763546877,0.00013402289763546877,398.7431250631655
1790619600,0.00013402289763546877,0.00013561125068364786,0.00013290752856964458,0.00013290752856964458,170.14985416151447
1790619660,0.00013290752856964458,0.00013290752856964458,0.00013132859709638059,0.00013132859709638059,95.64928377144781
1790619720,0.00013132859709638059,0.00013305205487569366,0.00013132859709638059,0.00013305205487569366,2.0719288621103766
1790619780,0.00013305205487569366,0.00013313522890530068,0.00012616318449584925,0.0001328330362068179,811.1840210989495
1790619900,0.0001328330362068179,0.00013317652056860432,0.00013114686283286539,0.00013114686283286539,13.727593477081703
1790619960,0.00013114686283286539,0.0001316382510123969,0.0001299752149869971,0.0001316382510123969,173.9807384951004
1790620020,0.0001316382510123969,0.0001316382510123969,0.00013023481085537534,0.00013023481085537534,5.553514056445166
1790620080,0.00013023481085537534,0.00013194368890330791,0.00013007480803356263,0.00013007480803356263,7.0522385563749586
1790620140,0.00013007480803356263,0.00013204274632403092,0.00013002701283731935,0.00013204274632403092,31.873778084086908
1790620200,0.00013204274632403092,0.00013204274632403092,0.00013031061943802034,0.00013031061943802034,21.458552231992897
1790620260,0.00013031061943802034,0.0001318979151498906,0.00012992826650722985,0.00013019601023398893,24.093871785684982
1790620320,0.00013019601023398893,0.00013189784366669219,0.00013019601023398893,0.00013189784366669219,0.9864451128424228
1790620380,0.00013189784366669219,0.00013189784366669219,0.00012992031803297368,0.00012992031803297368,9.095696349422527
1790620440,0.00012992031803297368,0.00013198110399054316,0.00012992031803297368,0.00013198110399054316,11.711318047478949
1790620500,0.00013198110399054316,0.00013209664424191443,0.00013198110399054316,0.00013209664424191443,7.875871994555163
1790620560,0.00013209664424191443,0.00013209664424191443,0.00013020139735007505,0.00013208259223953652,4.937012402262823
1790620620,0.00013208259223953652,0.00013208259223953652,0.00013033355460260017,0.00013036717288342437,3.755851707323121
1790620680,0.00013036717288342437,0.00013190453570825108,0.00013010745691416673,0.00013190453570825108,30.03360680089462
1790620740,0.00013190453570825108,0.00013190453570825108,0.0001318877921585245,0.00013190001373601702,4.63822536663667
1790620800,0.00013190001373601702,0.00013190001373601702,0.00012849789084662562,0.0001301887382355524,124.93258465027976
1790620980,0.0001301887382355524,0.0001301887382355524,0.00012839723950428347,0.00012839723950428347,4.6548029366830175
1790621040,0.00012839723950428347,0.00013038722027573383,0.00012839723950428347,0.00012854187259764204,4.3408678838764
1790621100,0.00012854187259764204,0.00012854187259764204,0.00012785512575390614,0.00012785512575390614,44.44032061264331
1790621160,0.00012785512575390614,0.00012785512575390614,0.0001242640709703158,0.0001242640709703158,270.4410527576151
1790621220,0.0001242640709703158,0.00012600185809242225,0.0001242640709703158,0.00012597389884506932,2.4627135917270597
1790621280,0.00012597389884506932,0.0001263577662119303,0.00012482221407864234,0.00012482221407864234,30.552320537763702
1790621340,0.00012482221407864234,0.00012482221407864234,0.00012462043857818273,0.00012462043857818273,2.7246277013913995
1790621400,0.00012462043857818273,0.00012462043857818273,0.00011830819820127921,0.00011830819820127921,572.2899964307878
1790621460,0.00011830819820127921,0.00011832420149943033,0.00011830819820127921,0.00011832420149943033,15.231614907904548
1790621520,0.00011832420149943033,0.00011832420149943033,0.00011710894401136805,0.00011710894401136805,196.14359795923306
1790621580,0.00011710894401136805,0.00011772456302084343,0.00011224135880651923,0.00011298062318400885,423.6662042792713
1790621700,0.00011298062318400885,0.00011411464134669373,0.00011234646830367795,0.00011411464134669373,165.92829640866398
1790621760,0.00011411464134669373,0.00011450542245923398,0.00010796510186880526,0.00010796510186880526,692.3681789197553
1790621820,0.00010796510186880526,0.0001120856534111225,0.00010796510186880526,0.00010960871869316852,451.3919080235117
1790621880,0.00010960871869316852,0.0001108868127792652,0.0001085849189081697,0.0001108868127792652,179.89576507715336
1790621940,0.0001108868127792652,0.00011195357627621366,0.00011034555723232002,0.00011034555723232002,41.00163661538067
1790622000,0.00011034555723232002,0.0001117822311639939,0.0001101458303793367,0.0001101458303793367,3.39545086098928
1790622060,0.0001101458303793367,0.0001101458303793367,0.0001097943495099912,0.0001097943495099912,36.307934949628304
1790622180,0.0001097943495099912,0.00011116579485345469,0.0001097943495099912,0.00011116579485345469,29.83685471805117
1790622240,0.00011116579485345469,0.00011116579485345469,0.00010948479207328829,0.00011108557130410515,21.99977068785522
1790622300,0.00011108557130410515,0.00011108838628982603,0.0001070121746087154,0.0001070121746087154,426.2238420673007
1790622360,0.0001070121746087154,0.0001070121746087154,0.00010666685828455958,0.00010666685828455958,12.110525280957042
1790622420,0.00010666685828455958,0.00010666685828455958,0.00010546655290157378,0.00010665444566389873,261.93998195496744
1790622480,0.00010665444566389873,0.00010688406369528848,0.00010545861644238144,0.00010688406369528848,46.45617395258067
1790622540,0.00010688406369528848,0.00010688406369528848,0.00010538185268099387,0.00010538185268099387,0.4982223131571267
1790622600,0.00010538185268099387,0.00011634594477833027,0.00010538185268099387,0.00011634594477833027,806.2824506477674
1790622660,0.00011634594477833027,0.00012034146580520896,0.00011634594477833027,0.00012034146580520896,313.7390892246429
1790622720,0.00012034146580520896,0.00012034146580520896,0.00011842469899347152,0.00012015425867916845,76.09697791612781
1790622780,0.00012015425867916845,0.00012049177629992626,0.00012015425867916845,0.00012049177629992626,27.14622215039352
1790622840,0.00012049177629992626,0.00012049177629992626,0.00011659008136269984,0.00011659008136269984,224.04000410614648
1790622900,0.00011659008136269984,0.00011757998148832034,0.00011591453300664056,0.00011757998148832034,93.3718604029835
1790622960,0.00011757998148832034,0.00011772003631930518,0.00011575530499343424,0.00011575530499343424,108.60792065266867
1790623020,0.00011575530499343424,0.00011758835180756141,0.00011381842260957788,0.00011381842260957788,370.05902089973046
1790623080,0.00011381842260957788,0.00011381842260957788,0.00011151763464414381,0.00011151763464414381,24.742954113143938
1790623140,0.00011151763464414381,0.00011151763464414381,0.00011104608223747793,0.00011104608223747793,38.943915576216156
1790623200,0.00011104608223747793,0.00011256298005323167,0.00011093155304208408,0.00011256298005323167,12.311525096588802
1790623260,0.00011256298005323167,0.00011256298005323167,0.00011086917064783649,0.00011098352081799727,9.966008069744209
1790623320,0.00011098352081799727,0.00011098352081799727,0.00011040720631539908,0.00011040720631539908,48.24189105657817
1790623380,0.00011040720631539908,0.000112405787884443,0.00011040720631539908,0.000112405787884443,64.44360484540415
1790623440,0.000112405787884443,0.000112405787884443,0.00011090663307604884,0.00011090663307604884,0.3150984716597334
1790623620,0.00011090663307604884,0.00011090663307604884,0.00011036353011694893,0.00011036353011694893,76.19404501103135
1790623680,0.00011036353011694893,0.00011218068229881844,0.00011036353011694893,0.00011218068229881844,117.60307243580844
1790623740,0.00011218068229881844,0.00011361730088182479,0.00011218068229881844,0.00011361730088182479,99.62411950637184
1790623800,0.00011361730088182479,0.00011361730088182479,0.00011192988088626696,0.00011192988088626696,40.21915720518804
1790623920,0.00011192988088626696,0.00011192988088626696,0.00010024053682880109,0.00010255490364055719,1490.5501629671542
1790623980,0.00010255490364055719,0.00010478532968270898,9.864753078949239e-05,9.864753078949239e-05,530.2646234377672
1790624040,9.864753078949239e-05,0.00010104697087411237,9.864753078949239e-05,9.942124072291897e-05,283.5810928953761
1790624100,9.942124072291897e-05,9.942124072291897e-05,9.885967340814152e-05,9.885967340814152e-05,23.02129228255324
1790624160,9.885967340814152e-05,0.00010021976638266199,9.681739868984387e-05,9.905396812138556e-05,381.8889666145781
1790624220,9.905396812138556e-05,0.00010039778696099226,9.810586021666458e-05,9.94661132436458e-05,161.58579130086656
1790624280,9.94661132436458e-05,0.00010106560008202613,9.87378819040722e-05,9.87378819040722e-05,245.10164952529286
1790624340,9.87378819040722e-05,9.87378819040722e-05,9.67556282872282e-05,9.869848475570602e-05,338.4656066377304
1790624400,9.869848475570602e-05,0.00010122965257488676,9.869848475570602e-05,0.00010122965257488676,160.72191676580172
1790624460,0.00010122965257488676,0.00010122965257488676,0.0001003984467485219,0.0001003984467485219,3.8171263359497902
1790624520,0.0001003984467485219,0.0001003984467485219,9.906876763842293e-05,9.934249158522153e-05,219.15030569017176
1790624580,9.934249158522153e-05,0.00010177179009749414,9.934249158522153e-05,0.00010177179009749414,368.0499696443111
1790624640,0.00010177179009749414,0.00010439692715498956,0.00010177179009749414,0.00010439692715498956,70.25165144648211
1790624760,0.00010439692715498956,0.00010439692715498956,0.00010334681194184368,0.00010334681194184368,5.811185352369254
1790624820,0.00010334681194184368,0.00010508160372647836,9.999027008740968e-05,0.00010257330248431729,471.6451273583583
1790624880,0.00010257330248431729,0.00010257330248431729,9.8822473031132e-05,9.8822473031132e-05,30.429219172527134
1790624940,9.8822473031132e-05,0.00010026709758702163,9.8822473031132e-05,0.00010026709758702163,1.499725362146596
1790625000,0.00010026709758702163,0.00010026709758702163,9.698226833075657e-05,9.698226833075657e-05,213.4020388422309
1790625060,9.698226833075657e-05,9.698226833075657e-05,9.655914874108952e-05,9.66327505048282e-05,3.8856082863190218
1790625120,9.66327505048282e-05,9.66327505048282e-05,9.497623554765149e-05,9.634639580944153e-05,176.70975711407968
1790625180,9.634639580944153e-05,9.634639580944153e-05,9.446143470954561e-05,9.446143470954561e-05,63.250116302951604
1790625300,9.446143470954561e-05,9.60257026342394e-05,9.446143470954561e-05,9.476166783500168e-05,72.10298239830956
1790625360,9.476166783500168e-05,9.476166783500168e-05,9.396518190349978e-05,9.396518190349978e-05,75.81333921132604
1790625480,9.396518190349978e-05,9.50547471812412e-05,9.359674441040481e-05,9.359674441040481e-05,35.01746347598076
1790625540,9.359674441040481e-05,9.484870504505368e-05,7.8263286396209e-05,8.268606091498813e-05,2601.8841120405505
1790625600,8.268606091498813e-05,8.268606091498813e-05,7.88738330344974e-05,7.972537113611872e-05,417.0381552594036
1790625660,7.972537113611872e-05,8.1612562053905e-05,7.972537113611872e-05,8.1612562053905e-05,120.0024571244122
1790625720,8.1612562053905e-05,8.406489869739299e-05,8.107172756443807e-05,8.228731517227666e-05,413.46600844980554
1790625780,8.228731517227666e-05,8.228731517227666e-05,8.082259635013864e-05,8.082259635013864e-05,101.84423471321982
1790625840,8.082259635013864e-05,8.157813395941322e-05,8.032827038592823e-05,8.157813395941322e-05,88.53775454049972
1790625900,8.157813395941322e-05,8.157813395941322e-05,7.996794775396826e-05,7.996794775396826e-05,150.73935913120513
1790625960,7.996794775396826e-05,8.046263522204069e-05,7.996794775396826e-05,8.046263522204069e-05,6.999829832527416
1790626020,8.046263522204069e-05,8.053310219485797e-05,7.913330390278238e-05,7.913330390278238e-05,42.73055221826503
1790626080,7.913330390278238e-05,7.913330390278238e-05,7.887798866707448e-05,7.887798866707448e-05,16.263572536605725
1790626140,7.887798866707448e-05,7.887798866707448e-05,7.60689440220472e-05,7.649374281434591e-05,423.80931733665017
1790626200,7.649374281434591e-05,7.713517532057929e-05,7.527083747414222e-05,7.527083747414222e-05,137.67483416740393
1790626260,7.527083747414222e-05,7.821705797109704e-05,7.527083747414222e-05,7.703281839536004e-05,202.09680044631347
1790626320,7.703281839536004e-05,7.83055259269493e-05,7.703281839536004e-05,7.732526976097354e-05,61.459387581577495
1790626380,7.732526976097354e-05,7.993611506245319e-05,7.730636860453621e-05,7.993611506245319e-05,167.48779798020817
1790626440,7.993611506245319e-05,8.048195331257065e-05,7.944599413977496e-05,7.944599413977496e-05,52.29477808774726
1790626500,7.944599413977496e-05,8.116826079415143e-05,7.944599413977496e-05,8.116826079415143e-05,101.78603971254094
1790626560,8.116826079415143e-05,8.216916243787108e-05,8.116826079415143e-05,8.216916243787108e-05,126.08413426065376
1790626620,8.216916243787108e-05,8.289400527051239e-05,8.177319078806635e-05,8.289400527051239e-05,15.73917229710597
1790626680,8.289400527051239e-05,8.293730636282515e-05,8.151012659004048e-05,8.151012659004048e-05,72.67734296459226
1790626740,8.151012659004048e-05,0.00023563284999033872,8.151012659004048e-05,0.00019741746318169135,29460.093168616375
1790626800,0.00019741746318169135,0.00019860576359737443,0.00017461271799361624,0.0001759007522587872,7577.439654918175
1790626860,0.0001759007522587872,0.00017594166240418425,0.0001641583125127306,0.0001736423882741246,1346.2302991347117
1790626920,0.0001736423882741246,0.0001736423882741246,0.00016156314236629455,0.00016502857331935944,1578.3442566496217
1790626980,0.00016502857331935944,0.00018064915552570807,0.00016502857331935944,0.00017391111181154256,1791.5033518975863
1790627040,0.00017391111181154256,0.000179731766712136,0.00017320197781119396,0.0001785225169933483,724.5986284123594
1790627100,0.0001785225169933483,0.00018362768462257755,0.00017846596263285675,0.00018100834188438154,283.43104178681364
1790627160,0.00018100834188438154,0.00018100834188438154,0.00014377071950687803,0.0001563925329169132,3894.5636445317186
1790627220,0.0001563925329169132,0.0001606389471730741,0.00015596569122813873,0.00016012115615057375,357.95254018153526
1790627280,0.00016012115615057375,0.00016199093724944262,0.00015963511879551744,0.00016199093724944262,117.98016708887339
1790627340,0.00016199093724944262,0.00016199093724944262,0.00015652407482405627,0.00016073624666976277,464.450681530507
1790627400,0.00016073624666976277,0.00016258244382247038,0.00015769065512413917,0.00015769065512413917,312.04278517552825
1790627460,0.00015769065512413917,0.00016117505010090942,0.00015769065512413917,0.00015977410019481187,433.53408429905795
1790627520,0.00015977410019481187,0.0001628545023185958,0.0001586110345989869,0.00016067661345305648,382.92861100409226
1790627580,0.00016067661345305648,0.00016067661345305648,0.000154294131670507,0.0001579187396732256,652.983520816956
1790627640,0.0001579187396732256,0.00015809286597800207,0.0001544814383602867,0.00015710034743655118,137.38265983249
1790627700,0.00015710034743655118,0.0001641467812968437,0.00015517890242077706,0.00015928668472600728,849.4816694591727
1790627760,0.00015928668472600728,0.00022819251427508687,0.00015783709149023786,0.00022421879275424017,12990.1389945212
1790627820,0.00022421879275424017,0.00024195033357609657,0.00020994194784907104,0.00020994194784907104,4957.683598430672
1790627880,0.00020994194784907104,0.00025315612058050645,0.00020579962115198916,0.0002428182142059355,4133.534221101452
1790627940,0.0002428182142059355,0.0002476929991565663,0.00023060935412430817,0.00023547470559544264,1482.0313803821214
1790628000,0.00023547470559544264,0.00023693556119639854,0.0002245771598447799,0.0002255709408796047,886.049194708564
1790628060,0.0002255709408796047,0.00024017925887910986,0.0001857668132143257,0.00023683399567031902,15006.932327488254
1790628120,0.00023683399567031902,0.00030105333402389206,0.00022810004653229659,0.0002772661456014755,13863.267295271815
1790628180,0.0002772661456014755,0.00028976419570810887,0.0002623673585600059,0.00026428976259999413,2625.0817724773096
1790628240,0.00026428976259999413,0.0002693657652282996,0.00024324981149660363,0.00024324981149660363,2155.4217405680483
1790628300,0.00024324981149660363,0.0002577091872439173,0.00024324981149660363,0.00025429948268960295,1141.1767674993675
1790628360,0.00025429948268960295,0.00026745890074465105,0.000253645477226192,0.0002608631847150295,2256.1101269322817
1790628420,0.0002608631847150295,0.00026583524569183186,0.0002384319016623608,0.00024122498067973778,1627.74630324256
1790628480,0.00024122498067973778,0.00024122498067973778,0.00021702289598981732,0.0002197074318671135,1950.9278088470464
1790628540,0.0002197074318671135,0.00022363801185080085,0.0002143654924126781,0.00021744111271539184,934.5947367117399
1790628600,0.00021744111271539184,0.00021744111271539184,0.00020735567958033577,0.00021180311290386032,1559.1530627314066
1790628660,0.00021180311290386032,0.00021600108262345968,0.00020977307450263373,0.00021413110944984751,558.9086637313769
1790628720,0.00021413110944984751,0.0002170479203853788,0.00020725148909449506,0.000213830599654045,934.4301038701528
1790628780,0.000213830599654045,0.00023115291868239574,0.000213830599654045,0.00022679591456661275,1064.016710905901
1790628840,0.00022679591456661275,0.00022820737512927795,0.0001848637475340399,0.00019057355332166223,7673.088966200318
1790628900,0.00019057355332166223,0.00019138535187579394,0.00018824717622131822,0.00018943926117451473,171.67954901956136
1790628960,0.00018943926117451473,0.0002059274045883421,0.00018943926117451473,0.00019329337081741275,2212.438630691787
1790629020,0.00019329337081741275,0.00019329337081741275,0.00016390664526707888,0.00017880949843949247,5285.20841765683
1790629080,0.00017880949843949247,0.00018623741395658018,0.00017633340539154388,0.00018623741395658018,1065.4045033593018
1790629140,0.00018623741395658018,0.00018689698521140335,0.00018047385724124224,0.00018328727103083576,382.1442680279549
1790629200,0.00018328727103083576,0.0001835451107742721,0.00017471642107334272,0.00017476028371327072,443.0268163373679
1790629260,0.00017476028371327072,0.00018357058263433916,0.0001739373817415422,0.00017963369054173266,873.7842663377168
1790629320,0.00017963369054173266,0.0001826488102787304,0.00017848485575845842,0.000178698415853201,285.8137004436082
1790629380,0.000178698415853201,0.00018186236625418003,0.000178698415853201,0.0001795443273957704,173.8713698112087
1790629440,0.0001795443273957704,0.0001822335619768948,0.00017900059979213852,0.0001805052329704273,113.19207077561708
1790629500,0.0001805052329704273,0.00018066143570510482,0.00017460161710452116,0.00017806423372512855,619.8715963689208
1790629560,0.00017806423372512855,0.0001806299304630096,0.0001765424864098913,0.0001806299304630096,243.84356377931996
1790629620,0.0001806299304630096,0.00018129905814687984,0.00017804563278337314,0.00017804563278337314,143.09872113168205
1790629680,0.00017804563278337314,0.00018124015169081414,0.00017804563278337314,0.00017878441427832627,40.835351007088576
1790629740,0.00017878441427832627,0.00017878441427832627,0.00016758152242990517,0.00017398249128146344,1802.597342157856
1790629800,0.00017398249128146344,0.00017398249128146344,0.00017002472120035707,0.00017002472120035707,242.9788120903264
1790629860,0.00017002472120035707,0.00017002472120035707,0.00016707002673324296,0.0001690760651447073,498.49579822670637
1790629920,0.0001690760651447073,0.00016951452264641172,0.00016703855002209812,0.00016951452264641172,101.46610210567441
1790629980,0.00016951452264641172,0.00017172173144635724,0.00016951452264641172,0.00016977181008333425,170.4516987600038
1790630040,0.00016977181008333425,0.0001722096468493659,0.00016808210477655135,0.00016808210477655135,134.45083274242464
1790630100,0.00016808210477655135,0.00016808210477655135,0.0001674286377427317,0.0001674286377427317,29.1270083318976
1790630160,0.0001674286377427317,0.00017040471305455532,0.00016620160284022182,0.00017040471305455532,296.92741364037056
1790630220,0.00017040471305455532,0.0001725629851254139,0.0001680050724348428,0.00017005078691845007,265.4559981722892
1790630280,0.00017005078691845007,0.00017199537731213895,0.0001637500229309811,0.0001637500229309811,687.4912136986868
1790630340,0.0001637500229309811,0.0001637500229309811,0.0001619171915899184,0.0001619171915899184,149.98435507573097
1790630400,0.0001619171915899184,0.0001637309981045604,0.00016002679929442287,0.00016059100287772458,294.1720890548025
1790630460,0.00016059100287772458,0.00016315768880811163,0.00015856114623671202,0.00016113468162686138,203.52517289301286
1790630520,0.00016113468162686138,0.00016333519562849612,0.00016094426956395034,0.00016333519562849612,1.2957972186169722
1790630580,0.00016333519562849612,0.00016333519562849612,0.00015721533244921631,0.00015721533244921631,246.31948361956395
1790630640,0.00015721533244921631,0.00015949995249326022,0.00015721533244921631,0.00015949995249326022,3.072717195213524
1790630700,0.00015949995249326022,0.00015949995249326022,0.00015711560452163183,0.0001572125955900879,2.7959703273612795
1790630760,0.0001572125955900879,0.00015969171327061233,0.0001572125955900879,0.00015769838051372272,37.52348078771699
1790630820,0.00015769838051372272,0.00016116333025910484,0.00015769838051372272,0.00015916009170311254,123.25001171842922
1790630880,0.00015916009170311254,0.00015916009170311254,0.0001550869442889499,0.0001550869442889499,508.92930793948216
1790630940,0.0001550869442889499,0.00015732651497827235,0.00015434096376621466,0.00015434096376621466,114.20079267650334
1790631000,0.00015434096376621466,0.00015434096376621466,0.00015314940866289163,0.00015314940866289163,35.27160811934324
1790631060,0.00015314940866289163,0.0001535565850790821,0.00015195225571349615,0.00015331342512104308,139.17342034953097
1790631120,0.00015331342512104308,0.00015331342512104308,0.0001510239825842983,0.00015111501831762463,12.487264950386692
1790631180,0.00015111501831762463,0.00015308078821373375,0.00015084757663842667,0.00015308078821373375,11.65557781528024
1790631240,0.00015308078821373375,0.00015346377009176917,0.00014117634115514373,0.00014280902235921833,1100.241989568208
1790631300,0.00014280902235921833,0.00014607995930347744,0.00014280902235921833,0.0001432205899625774,267.861843495859
1790631360,0.0001432205899625774,0.00014444005680792804,0.00014268143782063077,0.0001427485868069775,46.00633125790457
1790631420,0.0001427485868069775,0.0001427485868069775,0.00014254298925038485,0.00014254298925038485,6.369212995342472
1790631480,0.00014254298925038485,0.00014456545051746612,0.00014247671779278446,0.00014456545051746612,28.983601333761648
1790631540,0.00014456545051746612,0.00014456545051746612,0.00014214749596978325,0.00014214749596978325,27.390942936585514
1790631600,0.00014214749596978325,0.00014214749596978325,0.00014214295610738965,0.00014214295610738965,2.4202074932233177
1790631660,0.00014214295610738965,0.00014548686925693,0.00014214295610738965,0.00014548686925693,115.72520391594928
1790631720,0.00014548686925693,0.00014548686925693,0.00014357321440099753,0.00014357321440099753,14.445177465928563
1790631780,0.00014357321440099753,0.00014357321440099753,0.0001432067537084105,0.0001432067537084105,22.17969482242437
1790631840,0.0001432067537084105,0.00014673209762078624,0.0001432067537084105,0.00014673209762078624,221.60256596024087
1790631900,0.00014673209762078624,0.00014804004399672366,0.00014477099996807117,0.000147142894340599,128.69815609262298
1790631960,0.000147142894340599,0.0001474309852676808,0.00014453035426932842,0.00014453035426932842,140.646811532459
1790632080,0.00014453035426932842,0.00014453035426932842,0.00014352200166263575,0.00014352200166263575,21.811938692820945
1790632200,0.00014352200166263575,0.00014560677882969206,0.0001434999083120595,0.0001434999083120595,15.069158518463693
1790632260,0.0001434999083120595,0.0001434999083120595,0.00014234599733153002,0.00014234599733153002,151.08604156768598
1790632380,0.00014234599733153002,0.00014343394624139543,0.00014108917364566193,0.00014343394624139543,80.23579325046671
1790632440,0.00014343394624139543,0.00014343394624139543,0.0001389523747449094,0.0001389523747449094,217.5277792675806
1790632500,0.0001389523747449094,0.000140771825658307,0.00013877470086261256,0.000140771825658307,28.479578264358754
1790632560,0.000140771825658307,0.00014092452407840262,0.00013883586256465083,0.00014092452407840262,9.080979218577243
1790632680,0.00014092452407840262,0.0001419926272817567,0.0001407259567694441,0.0001407259567694441,194.03335009082267
1790632740,0.0001407259567694441,0.0001407259567694441,0.00014041018498088377,0.00014041018498088377,28.10351189403585
1790632800,0.00014041018498088377,0.00014253643681204201,0.00014041018498088377,0.00014253643681204201,39.77229952900157
1790632920,0.00014253643681204201,0.00014305986839680202,0.0001405486572310027,0.00014116294347432624,28.22834471152538
1790632980,0.00014116294347432624,0.0001434181209890689,0.00014116294347432624,0.0001434181209890689,48.78648636854449
1790633040,0.0001434181209890689,0.0001434181209890689,0.00014159092580252446,0.00014159092580252446,10.41102223617432
1790633100,0.00014159092580252446,0.00014419303288089796,0.00014159092580252446,0.00014419303288089796,116.19816828067655
1790633220,0.00014419303288089796,0.00014419303288089796,0.00014274573430087158,0.00014274573430087158,1.4379102983772245
1790633280,0.00014274573430087158,0.00014276600542929594,0.00014128110598614788,0.00014128110598614788,172.20587764570294
1790633340,0.00014128110598614788,0.00014485653625436826,0.00014128110598614788,0.00014485653625436826,176.44005397363654
1790633400,0.00014485653625436826,0.000144874203293311,0.00014485653625436826,0.000144874203293311,3.8259317924039973
1790633460,0.000144874203293311,0.00014502526519650233,0.000144874203293311,0.00014502526519650233,10.142536313817933
1790633520,0.00014502526519650233,0.0001458256660352744,0.00014502526519650233,0.0001458256660352744,72.54641208211808
1790633580,0.0001458256660352744,0.0001465804877182586,0.0001458256660352744,0.0001465804877182586,39.525137325959264
1790633760,0.0001465804877182586,0.0001465804877182586,0.0001446644437652661,0.0001446644437652661,14.590538465111255
1790633880,0.0001446644437652661,0.0001470240978235173,0.0001446644437652661,0.0001470240978235173,20.185694690530266
1790633940,0.0001470240978235173,0.00014737071028591005,0.0001470240978235173,0.0001472450149964829,17.523987156146948
1790634060,0.0001472450149964829,0.0001472450149964829,0.0001452530367780078,0.0001452530367780078,14.021439786570872
1790634120,0.0001452530367780078,0.0001465020276276765,0.00014458993218178246,0.00014458993218178246,63.507124725200235
1790634180,0.00014458993218178246,0.0001465979885438166,0.00014458993218178246,0.0001465979885438166,17.30928542287905
1790634240,0.0001465979885438166,0.00014672870614126847,0.0001465979885438166,0.00014672870614126847,1.2287217025213002
1790634300,0.00014672870614126847,0.00014690338622408105,0.00014476421980423327,0.00014690338622408105,13.22200287233102
1790634420,0.00014690338622408105,0.00014721518386725106,0.00014055817277820173,0.00014301103472296988,386.7100915360535
1790634480,0.00014301103472296988,0.00014301103472296988,0.0001405684068693338,0.00014291770062194856,26.732845373743242
1790634540,0.00014291770062194856,0.0001429352073172726,0.00014291770062194856,0.0001429352073172726,1.8404343048743468
1790634600,0.0001429352073172726,0.0001436355603322321,0.0001429352073172726,0.0001436355603322321,98.07723495642729
1790634720,0.0001436355603322321,0.00014451169821324574,0.00014222182348551764,0.0001426709171813802,147.39028330311595
1790634780,0.0001426709171813802,0.00014429358373659921,0.00014206415380102987,0.00014420502792957497,5.0697885890387955
1790634900,0.00014420502792957497,0.00014420502792957497,0.00014223179733349167,0.00014223179733349167,10.567152866928932
1790634960,0.00014223179733349167,0.00014223179733349167,0.0001422289819981919,0.0001422289819981919,2.965043988611917
1790635140,0.0001422289819981919,0.0001423383720336178,0.0001422289819981919,0.0001423383720336178,3.70515419068907
1790635320,0.0001423383720336178,0.0001423383720336178,0.0001418708816275985,0.0001418708816275985,82.66901017762841
1790635380,0.0001418708816275985,0.0001418708816275985,0.00014125082335905335,0.00014125082335905335,2.5177434185003045
1790635440,0.00014125082335905335,0.00014126809004402446,0.00014125082335905335,0.00014126809004402446,9.819831088777972
1790635500,0.00014126809004402446,0.00014127383864317018,0.00014116462920014448,0.00014127383864317018,1.138194256108762
1790635560,0.00014127383864317018,0.00014320470103045384,0.00014127383864317018,0.00014320470103045384,2.9035460659662706
1790635680,0.00014320470103045384,0.00014320470103045384,0.00014045321376212618,0.00014045321376212618,108.23757172549051
1790635740,0.00014045321376212618,0.00014045321376212618,0.00013976825674093919,0.00013976825674093919,2.283441046308628
1790635800,0.00013976825674093919,0.00014698027868160539,0.00013976825674093919,0.00014698027868160539,604.4990354372807
1790635860,0.00014698027868160539,0.00014947674592446166,0.00014698027868160539,0.00014947674592446166,126.64046969719249
1790635920,0.00014947674592446166,0.00014981086554017664,0.00014946115839159464,0.00014981086554017664,32.55056037880349
1790636040,0.00014981086554017664,0.0001501416455441943,0.00014981086554017664,0.0001501416455441943,26.585387746776405
1790636100,0.0001501416455441943,0.00015207636272038564,0.0001501416455441943,0.00015207636272038564,117.03756818257783
1790636220,0.00015207636272038564,0.00015217025268563045,0.00015001954125728957,0.00015023230031986827,28.47659796853976
1790636280,0.00015023230031986827,0.00015261743756925654,0.00015023230031986827,0.00015261743756925654,55.065747341943414
1790636340,0.00015261743756925654,0.00015261743756925654,0.00015061928181536808,0.00015061928181536808,18.96697588763661
1790636460,0.00015061928181536808,0.0001507998850042619,0.00015007930672370458,0.00015007930672370458,52.798198088680394
1790636640,0.00015007930672370458,0.00015007930672370458,0.0001500237099707966,0.0001500237099707966,37.49213154276665
1790636760,0.0001500237099707966,0.0001500237099707966,0.00014939338759587697,0.00014939338759587697,10.516006490762221
1790636820,0.00014939338759587697,0.00014939338759587697,0.0001480537489697127,0.0001480537489697127,99.84957844803944
1790636880,0.0001480537489697127,0.00015003952850273407,0.0001480537489697127,0.00015003952850273407,11.464673016058352
1790636940,0.00015003952850273407,0.00015019941054817643,0.00014823449271994779,0.00014823449271994779,14.654519822430006
1790637000,0.00014823449271994779,0.00015157078153515106,0.00014823449271994779,0.00015045596051749613,116.18649267678504
1790637180,0.00015045596051749613,0.00015191804146644081,0.00015045596051749613,0.00015191804146644081,5.803972554523438
1790637240,0.00015191804146644081,0.00015201875682969589,0.00015191804146644081,0.00015201875682969589,12.854994259932463
1790637300,0.00015201875682969589,0.00015201875682969589,0.0001500706496662859,0.0001500706496662859,1.9118411079874023
1790637420,0.0001500706496662859,0.00015230991330355442,0.0001500706496662859,0.00015033795396929427,20.410988882389088
1790637480,0.00015033795396929427,0.00015263071191182548,0.00015033795396929427,0.00015263071191182548,28.05817881225091
1790637540,0.00015263071191182548,0.00015263071191182548,0.00015018880411364288,0.00015018880411364288,66.70477484128783
1790637660,0.00015018880411364288,0.00015018880411364288,0.00014954076412766385,0.00014954076412766385,15.676899939851591
1790637720,0.00014954076412766385,0.00014954076412766385,0.00014945664937259803,0.00014945664937259803,9.114384018571585
1790637780,0.00014945664937259803,0.00014945664937259803,0.00014881086660859704,0.00014881086660859704,41.97135712842596
1790637840,0.00014881086660859704,0.00015112617669462653,0.00014881086660859704,0.00015112617669462653,47.64858250607565
1790638020,0.00015112617669462653,0.00015112617669462653,0.00014956374102750413,0.00014956374102750413,8.917296015500575
1790638200,0.00014956374102750413,0.00015150981360455659,0.00014936411819497,0.00014936411819497,6.756326504004252
1790638260,0.00014936411819497,0.00015162358316499802,0.00014936411819497,0.00014951402878856044,32.66592080427703
1790638380,0.00014951402878856044,0.00014952092166681255,0.00014951402878856044,0.00014952092166681255,2.503602138248935
1790638440,0.00014952092166681255,0.00015150865340872162,0.00014952092166681255,0.00015150865340872162,3.4896590835458845
1790638500,0.00015150865340872162,0.00015150865340872162,0.0001494132677897801,0.0001494132677897801,13.932102411084339
1790638560,0.0001494132677897801,0.0001494132677897801,0.00014921520022764703,0.00014928915100958075,2.778683179101511
1790638620,0.00014928915100958075,0.00015128591654903312,0.00014928915100958075,0.00015128591654903312,2.8697391392186193
1790638740,0.00015128591654903312,0.00015128591654903312,0.00014859275329848987,0.00014859275329848987,53.05245714851621
1790638920,0.00014859275329848987,0.00014859275329848987,0.00014826390494228502,0.00014826390494228502,41.35958707478216
1790638980,0.00014826390494228502,0.00014826390494228502,0.00014783581664070945,0.00014783581664070945,2.4006024637648884
1790639040,0.00014783581664070945,0.00014783581664070945,0.0001475933230158154,0.0001475933230158154,31.276779219013108
1790639100,0.0001475933230158154,0.00014943590610866042,0.0001475933230158154,0.00014943590610866042,1.1684130086470101
1790639160,0.00014943590610866042,0.00014943590610866042,0.00014624530847138839,0.00014624530847138839,156.56849984712198
1790639220,0.00014624530847138839,0.00014624530847138839,0.0001449766721365164,0.0001449766721365164,30.90456524676023
1790639280,0.0001449766721365164,0.0001449766721365164,0.00014449094575531054,0.00014449094575531054,39.769768215158486
1790639460,0.00014449094575531054,0.00014449094575531054,0.0001441184836853232,0.0001441184836853232,2.3891921483057543
1790639520,0.0001441184836853232,0.0001462259419673544,0.0001441184836853232,0.0001462259419673544,11.627280971114951
1790639580,0.0001462259419673544,0.0001463129629155572,0.0001462259419673544,0.0001463129629155572,0.21155112728079023
1790639640,0.0001463129629155572,0.0001465330042484421,0.0001463129629155572,0.0001465330042484421,0.5881072181491805
1790639700,0.0001465330042484421,0.0001465330042484421,0.00014116657767064873,0.00014116657767064873,285.3639500253037
1790639760,0.00014116657767064873,0.00014116657767064873,0.00014044222607593096,0.00014044222607593096,2.9397999375794694
1790639820,0.00014044222607593096,0.00014044222607593096,0.00014033162980291565,0.00014033162980291565,16.08221020562402
1790639880,0.00014033162980291565,0.00014033162980291565,0.00014006286132910297,0.00014006286132910297,9.698882622245101
1790640000,0.00014006286132910297,0.00014006286132910297,0.00013996635770164862,0.00013996635770164862,2.7084093239326212
1790640060,0.00013996635770164862,0.00015073864397843983,0.00013508653964511982,0.00014905446542107402,1980.386994566104
1790640180,0.00014905446542107402,0.00015560768603652464,0.0001488798528865887,0.00015560768603652464,425.0850897618569
1790640240,0.00015560768603652464,0.00015560768603652464,0.00015220983265186127,0.00015220983265186127,201.68087972421202
1790640300,0.00015220983265186127,0.00015324356067165343,0.00015220983265186127,0.00015324356067165343,48.5489973408668
1790640360,0.00015324356067165343,0.00015570706683986388,0.00015324356067165343,0.00015570706683986388,289.3658379235199
1790640420,0.00015570706683986388,0.00015570706683986388,0.0001480852155291453,0.0001480852155291453,676.5612983878575
1790640600,0.0001480852155291453,0.000148623724752018,0.00014545009051195339,0.000148623724752018,192.66709994606825
1790640780,0.000148623724752018,0.000148623724752018,0.00014684040993022336,0.00014684040993022336,6.1002594005664434
1790640840,0.00014684040993022336,0.00014893878058395011,0.0001466361684051374,0.0001466361684051374,19.22372235252028
1790640900,0.0001466361684051374,0.0001466361684051374,0.0001463044482222444,0.0001463044482222444,10.943873039683897
1790640960,0.0001463044482222444,0.00014858062450338248,0.0001463044482222444,0.00014858062450338248,27.232841304274814
1790641020,0.00014858062450338248,0.00015077860582813173,0.00014797566559031903,0.00015077860582813173,198.34461822405544
1790641140,0.00015077860582813173,0.00015077860582813173,0.00014649087786084572,0.00014649087786084572,309.09185336022426
1790641200,0.00014649087786084572,0.00014649087786084572,0.00014320146251460902,0.00014320146251460902,251.1232724738326
1790641260,0.00014320146251460902,0.00014320146251460902,0.0001378140846487333,0.0001378140846487333,276.3261619352819
1790641380,0.0001378140846487333,0.0001378140846487333,0.00013759288789891714,0.00013759288789891714,4.377118315685348
1790641440,0.00013759288789891714,0.00013759288789891714,0.00013743868188020945,0.00013743868188020945,18.82024835163223
1790641500,0.00013743868188020945,0.00013743868188020945,0.00013729788602785675,0.00013729788602785675,29.581690833425192
1790641560,0.00013729788602785675,0.00013729788602785675,0.000134806691660699,0.00013498836465216965,343.08723514748755
1790641620,0.00013498836465216965,0.00013601374569688815,0.00013498836465216965,0.00013601374569688815,145.3941036169612
1790641680,0.00013601374569688815,0.00013601374569688815,0.0001350160228470289,0.0001350160228470289,16.580124112599528
1790641740,0.0001350160228470289,0.00013714153819942897,0.0001350160228470289,0.00013714153819942897,22.54227204913541
1790641800,0.00013714153819942897,0.00013714153819942897,0.00013526279591505875,0.00013526279591505875,2.274712827788381
1790641860,0.00013526279591505875,0.00013526279591505875,0.00013523277074664535,0.00013523277074664535,2.0474776160847807
1790641980,0.00013523277074664535,0.00013523277074664535,0.00013456154437614987,0.00013456154437614987,121.2011057913704
1790642040,0.00013456154437614987,0.00013573015950797183,0.00013456154437614987,0.00013573015950797183,11.769036379658056
1790642280,0.00013573015950797183,0.0001362717632752253,0.00013399650846719594,0.0001362717632752253,60.34097663223104
1790642340,0.0001362717632752253,0.00013692244155486067,0.0001362717632752253,0.00013692244155486067,58.81126488731936
1790642400,0.00013692244155486067,0.00014221838990352884,0.00013692244155486067,0.00014035542724954482,361.65627960346535
1790642460,0.00014035542724954482,0.00014035542724954482,0.00013886781711442876,0.00013886781711442876,117.30289307278288
1790642580,0.00013886781711442876,0.00013886781711442876,0.0001387946772674465,0.0001387946772674465,2.8055394213660376
1790642760,0.0001387946772674465,0.0001387946772674465,0.00013827615664979462,0.00013827615664979462,9.262702740816495
1790642820,0.00013827615664979462,0.00013827615664979462,0.00013811126812260824,0.00013811126812260824,8.072414355225458
1790642880,0.00013811126812260824,0.00013811126812260824,0.00013634570990051943,0.00013634570990051943,254.39904614199378
1790642940,0.00013634570990051943,0.00013634570990051943,0.00013628791467213666,0.00013628791467213666,2.12777409283609
1790643120,0.00013628791467213666,0.00013998312032050596,0.00013628791467213666,0.0001372328820887814,297.38705105338585
1790643180,0.0001372328820887814,0.00013802338881418105,0.0001367450023572231,0.0001367450023572231,115.97974818730543
1790643240,0.0001367450023572231,0.0001367450023572231,0.00013602702731683628,0.00013644202284097615,72.06882057757304
1790643300,0.00013644202284097615,0.00013644202284097615,0.0001339327527584656,0.00013562982002627788,158.42739135293675
1790643360,0.00013562982002627788,0.00013562982002627788,0.00013370437494256862,0.00013370437494256862,4.565420269395433
1790643420,0.00013370437494256862,0.00013370437494256862,0.0001326741595566508,0.0001326741595566508,115.34116060457546
1790643480,0.0001326741595566508,0.0001326741595566508,9.867734903571101e-05,0.0001127402893579574,6879.096980315272
1790643540,0.0001127402893579574,0.00011786952260803534,0.00010673143156196198,0.00010930574926861702,1952.25772475195
1790643600,0.00010930574926861702,0.00011196093012011433,0.00010930574926861702,0.00011174603289762355,373.3636238929483
1790643660,0.00011174603289762355,0.00011174603289762355,0.00010783834155173092,0.0001093330150929998,223.5378947193581
1790643720,0.0001093330150929998,0.0001093330150929998,0.0001065244982030272,0.0001065244982030272,134.21126040235137
1790643780,0.0001065244982030272,0.00010674191356266183,0.00010561804572109693,0.00010630836011924952,200.09385456940348
1790643840,0.00010630836011924952,0.00011966349838799897,0.00010630836011924952,0.00011699585601324789,1452.2394770938997
1790643900,0.00011699585601324789,0.00011699585601324789,0.00011589112812382372,0.00011589112812382372,20.529623903222245
1790643960,0.00011589112812382372,0.00011589112812382372,0.0001156607810195677,0.0001156607810195677,6.578817092754988
1790644020,0.0001156607810195677,0.00011985211165769305,0.0001156607810195677,0.00011985211165769305,234.1646183910915
1790644080,0.00011985211165769305,0.00012065919367797954,0.00011985211165769305,0.00012065919367797954,81.65476613920556
1790644140,0.00012065919367797954,0.00012065919367797954,0.00011924938883930353,0.00011924938883930353,1.3017697776809078
1790644200,0.00011924938883930353,0.00011924938883930353,0.00011889427876767262,0.00011889427876767262,49.72803811897331
1790644500,0.00011889427876767262,0.00011889427876767262,0.00011841979861076728,0.00011841979861076728,1.9139487079818414
1790644620,0.00011841979861076728,0.00011841979861076728,0.00011805491402965816,0.00011805491402965816,24.247525328716296
1790644740,0.00011805491402965816,0.00011805491402965816,0.0001053126969556159,0.00010875845209568117,1426.44948626595
1790644800,0.00010875845209568117,0.00010875845209568117,0.00010736570572688599,0.00010736570572688599,2.25608981349368
1790644920,0.00010736570572688599,0.00010750148171252184,0.00010736570572688599,0.00010750148171252184,5.927816380788921
1790644980,0.00010750148171252184,0.00010750148171252184,0.00010720648834615083,0.00010720648834615083,51.96183809995824
1790645040,0.00010720648834615083,0.00010720648834615083,0.00010624543848347935,0.00010624543848347935,97.49229230075552
1790645100,0.00010624543848347935,0.00010722487130949514,0.0001050318050652984,0.00010689421769019185,202.30209528722338
1790645220,0.00010689421769019185,0.00010705892302463579,0.00010473130036383666,0.00010598874770959728,290.8886557837326
1790645280,0.00010598874770959728,0.00010598874770959728,0.0001051547516288351,0.0001051547516288351,1.3450579829591043
1790645340,0.0001051547516288351,0.0001051547516288351,0.00010478665128250001,0.00010478665128250001,16.11646802013652
1790645400,0.00010478665128250001,0.00010478665128250001,0.0001008557593287577,0.0001008557593287577,329.4955073721466
1790645520,0.0001008557593287577,0.00010335739399460511,0.0001008557593287577,0.00010335739399460511,100.88512503224483
1790645640,0.00010335739399460511,0.00010335805302874816,7.305252722591218e-05,8.462149736499736e-05,4703.45835175214
1790645700,8.462149736499736e-05,8.639962606600928e-05,8.462149736499736e-05,8.518269387223377e-05,102.08084812456651
1790645760,8.518269387223377e-05,8.620712928235202e-05,8.518269387223377e-05,8.620712928235202e-05,1.960150211496171
1790645820,8.620712928235202e-05,8.833976000218206e-05,8.467571283907756e-05,8.467571283907756e-05,730.3068610052183
1790645880,8.467571283907756e-05,8.881186527473186e-05,8.45250031128499e-05,8.881186527473186e-05,358.7112144231641
1790645940,8.881186527473186e-05,8.95778713791764e-05,8.734879328520511e-05,8.827682645553794e-05,190.42472450621452
1790646000,8.827682645553794e-05,9.526607789772244e-05,8.827682645553794e-05,9.526607789772244e-05,893.0626361352439
1790646060,9.526607789772244e-05,9.592113552387647e-05,9.224225776981994e-05,9.467000867394646e-05,729.588587493836
1790646120,9.467000867394646e-05,9.467000867394646e-05,9.335306852810767e-05,9.335306852810767e-05,101.90959371699742
1790646180,9.335306852810767e-05,9.398915153904323e-05,9.248178602310091e-05,9.248178602310091e-05,57.31316058740989
1790646240,9.248178602310091e-05,9.380590983243346e-05,9.22870521987245e-05,9.380590983243346e-05,24.47955987434254
1790646300,9.380590983243346e-05,9.404622898044714e-05,9.27268700483426e-05,9.27268700483426e-05,4.542591286888533
1790646360,9.27268700483426e-05,9.289591246076958e-05,9.27268700483426e-05,9.289591246076958e-05,6.061383245167899
1790646420,9.289591246076958e-05,9.289591246076958e-05,9.248681522250916e-05,9.248681522250916e-05,40.70554467170966
1790646480,9.248681522250916e-05,9.248681522250916e-05,9.206373031069236e-05,9.206373031069236e-05,44.35944888931888
1790646600,9.206373031069236e-05,9.206373031069236e-05,8.744425783285073e-05,8.744425783285073e-05,487.8342716867183
1790646660,8.744425783285073e-05,8.759749340287263e-05,8.744425783285073e-05,8.759749340287263e-05,57.18322677540294
1790646720,8.759749340287263e-05,8.888210056709628e-05,8.667928794517964e-05,8.778693956915333e-05,111.33860602204258
1790646780,8.778693956915333e-05,9.028585601581689e-05,8.778693956915333e-05,8.896441187646848e-05,111.28874283884754
1790646840,8.896441187646848e-05,8.896441187646848e-05,8.845064124554784e-05,8.845064124554784e-05,35.091518252138954
1790647020,8.845064124554784e-05,9.27807809111098e-05,8.845064124554784e-05,9.154729532658798e-05,401.76660484029014
1790647080,9.154729532658798e-05,9.368470569471155e-05,9.154729532658798e-05,9.368470569471155e-05,117.77244973764698
1790647140,9.368470569471155e-05,9.368470569471155e-05,9.216844068763031e-05,9.216844068763031e-05,47.95783708777155
1790647200,9.216844068763031e-05,9.369284450558072e-05,9.216844068763031e-05,9.369284450558072e-05,53.482802859625735
1790647320,9.369284450558072e-05,9.369284450558072e-05,9.248483273262537e-05,9.248483273262537e-05,14.125019572555507
1790647380,9.248483273262537e-05,9.375216980420917e-05,9.204806457016777e-05,9.204806457016777e-05,55.47180151640049
1790647440,9.204806457016777e-05,9.204806457016777e-05,9.16983619209635e-05,9.16983619209635e-05,30.01175468262563
1790647500,9.16983619209635e-05,9.29418211009227e-05,9.16983619209635e-05,9.29418211009227e-05,22.32078103950885
1790647620,9.29418211009227e-05,9.29418211009227e-05,9.164082076144813e-05,9.164082076144813e-05,3.0620188811031244
1790647680,9.164082076144813e-05,9.29873357084882e-05,9.164082076144813e-05,9.29873357084882e-05,2.302089857956836
1790647740,9.29873357084882e-05,9.481568139859038e-05,9.150409207482259e-05,9.481568139859038e-05,220.21503503175217
1790647860,9.481568139859038e-05,9.481568139859038e-05,9.327328223855772e-05,9.327328223855772e-05,21.995886931128123
1790647920,9.327328223855772e-05,9.327328223855772e-05,8.916123991541504e-05,8.916123991541504e-05,372.5148002711649
1790647980,8.916123991541504e-05,9.038972645566889e-05,8.916123991541504e-05,9.038972645566889e-05,4.848113138597699
1790648040,9.038972645566889e-05,9.33039853640873e-05,9.038972645566889e-05,9.33039853640873e-05,498.0595564379854
1790648100,9.33039853640873e-05,9.470370623255513e-05,9.33039853640873e-05,9.470370623255513e-05,30.916290008248257
1790648160,9.470370623255513e-05,9.632791079774841e-05,9.470370623255513e-05,9.547321710591824e-05,99.48793225416144
1790648220,9.547321710591824e-05,9.599350665335387e-05,9.49518215553379e-05,9.599350665335387e-05,88.47476841120256
1790648280,9.599350665335387e-05,9.599350665335387e-05,9.33914158231757e-05,9.33914158231757e-05,140.9652429305492
1790648340,9.33914158231757e-05,9.33914158231757e-05,9.30539518708097e-05,9.30539518708097e-05,4.721661791484786
1790648400,9.30539518708097e-05,9.457881186256122e-05,9.30539518708097e-05,9.457881186256122e-05,0.7854959733443284
1790648460,9.457881186256122e-05,9.463076171866219e-05,9.457881186256122e-05,9.463076171866219e-05,57.24915839606723
1790648520,9.463076171866219e-05,9.478307272153103e-05,9.463076171866219e-05,9.478307272153103e-05,0.981785371317942
1790648580,9.478307272153103e-05,9.48806623780504e-05,9.342018796559095e-05,9.342018796559095e-05,31.93366846455218
1790648640,9.342018796559095e-05,9.468750290440353e-05,9.311272874239671e-05,9.311272874239671e-05,53.66455401682317
1790648700,9.311272874239671e-05,9.311272874239671e-05,9.135821243189571e-05,9.159259462211968e-05,131.61882559230398
1790648760,9.159259462211968e-05,9.657057249560723e-05,9.159259462211968e-05,9.657057249560723e-05,542.838107541389
1790648820,9.657057249560723e-05,9.769931715535195e-05,9.657057249560723e-05,9.769931715535195e-05,24.217940783975827
1790648880,9.769931715535195e-05,9.769931715535195e-05,9.631080889371413e-05,9.631080889371413e-05,19.858011510112604
1790648940,9.631080889371413e-05,9.829812290433063e-05,9.629768326472718e-05,9.829812290433063e-05,76.70072738359032
1790649000,9.829812290433063e-05,9.923383372429725e-05,9.829812290433063e-05,9.923383372429725e-05,114.77233840189655
1790649060,9.923383372429725e-05,9.923383372429725e-05,9.586479505949888e-05,9.586479505949888e-05,340.8275654191314
1790649120,9.586479505949888e-05,9.586479505949888e-05,9.453239117624524e-05,9.453239117624524e-05,4.998698785824163
1790649180,9.453239117624524e-05,9.453239117624524e-05,9.427482119352645e-05,9.427482119352645e-05,43.54674634879615
1790649240,9.427482119352645e-05,9.427482119352645e-05,9.152273192358291e-05,9.152273192358291e-05,257.2931331766713
1790649300,9.152273192358291e-05,9.152273192358291e-05,9.089333387376282e-05,9.089333387376282e-05,40.3098911697042
1790649360,9.089333387376282e-05,9.089333387376282e-05,8.982464625119099e-05,8.982464625119099e-05,154.9171459016425
1790649480,8.982464625119099e-05,8.982464625119099e-05,8.901155994456433e-05,8.901155994456433e-05,4.649023892669251
1790649540,8.901155994456433e-05,9.045961414384004e-05,8.901155994456433e-05,9.045961414384004e-05,4.6913410034448
1790649720,9.045961414384004e-05,9.088134294163055e-05,8.907969904145666e-05,9.088134294163055e-05,164.57734088614083
1790649780,9.088134294163055e-05,9.145910335023159e-05,8.983253464747255e-05,9.13947860591759e-05,48.19636366009817
1790649840,9.13947860591759e-05,9.13947860591759e-05,9.036368278655064e-05,9.036368278655064e-05,0.6058206373678713
1790649960,9.036368278655064e-05,9.043451901877245e-05,9.036368278655064e-05,9.039705641132319e-05,6.601150911900424
1790650020,9.039705641132319e-05,9.191361928369835e-05,9.039705641132319e-05,9.191361928369835e-05,50.559256097415435
1790650260,9.191361928369835e-05,9.191361928369835e-05,8.694711386460737e-05,8.818921333404458e-05,411.6427969209889
1790650320,8.818921333404458e-05,8.861260701154197e-05,8.818921333404458e-05,8.861260701154197e-05,19.715371581015813
1790650380,8.861260701154197e-05,8.967029796314825e-05,8.740408318313977e-05,8.967029796314825e-05,212.6517743105984
1790650500,8.967029796314825e-05,9.164896772550254e-05,8.834376961793206e-05,8.834376961793206e-05,416.66021859733326
1790650560,8.834376961793206e-05,8.835076668976046e-05,8.834376961793206e-05,8.835076668976046e-05,1.3597531060234584
1790650680,8.835076668976046e-05,8.98098991840689e-05,8.835076668976046e-05,8.98098991840689e-05,36.852692359199715
1790650740,8.98098991840689e-05,8.98098991840689e-05,8.871833335656921e-05,8.871833335656921e-05,1.4493056492754721
1790650800,8.871833335656921e-05,8.871833335656921e-05,8.826375362343821e-05,8.826375362343821e-05,86.4613876305407
1790650860,8.826375362343821e-05,8.826375362343821e-05,8.759658890924832e-05,8.759658890924832e-05,52.85499094834809
1790650920,8.759658890924832e-05,8.909415757348075e-05,8.733335083239356e-05,8.842627918263251e-05,116.62247668925883
1790650980,8.842627918263251e-05,8.934315877618128e-05,8.805983649532882e-05,8.805983649532882e-05,44.876156115959695
1790651040,8.805983649532882e-05,8.805983649532882e-05,8.740885101104026e-05,8.740885101104026e-05,116.64778678374894
1790651160,8.740885101104026e-05,8.80190097141074e-05,8.66978728955222e-05,8.80190097141074e-05,22.06675830716766
1790651220,8.80190097141074e-05,8.994396579498735e-05,8.80190097141074e-05,8.994396579498735e-05,222.3831947327676
1790651280,8.994396579498735e-05,9.620107991831503e-05,8.994396579498735e-05,9.550654463113078e-05,559.2966060918844
1790651340,9.550654463113078e-05,9.550654463113078e-05,9.509312479016425e-05,9.509312479016425e-05,49.05076681604858
1790651640,9.509312479016425e-05,9.652646590070716e-05,9.480642481772913e-05,9.552523201240086e-05,177.79786181359063
1790651700,9.552523201240086e-05,9.552523201240086e-05,9.391822563973425e-05,9.391822563973425e-05,9.793656281123614
1790651760,9.391822563973425e-05,9.391822563973425e-05,9.197259867574401e-05,9.197259867574401e-05,335.0750734660029
1790651940,9.197259867574401e-05,9.197259867574401e-05,9.019881397593664e-05,9.019881397593664e-05,12.12361210152491
1790652000,9.019881397593664e-05,9.019881397593664e-05,8.980817077474288e-05,8.980817077474288e-05,51.59301607296519
1790652120,8.980817077474288e-05,8.980817077474288e-05,8.732597908702416e-05,8.732597908702416e-05,212.42960139553907
1790652180,8.732597908702416e-05,8.869675432482388e-05,8.732597908702416e-05,8.869675432482388e-05,13.781809030109333
1790652420,8.869675432482388e-05,8.95222582484069e-05,8.869675432482388e-05,8.95222582484069e-05,98.009394644839
1790652660,8.95222582484069e-05,9.012367473024319e-05,8.95222582484069e-05,9.012367473024319e-05,24.813225624835948
1790652780,9.012367473024319e-05,9.012367473024319e-05,8.888889153550118e-05,8.999546376825601e-05,35.06818673523661
1790652900,8.999546376825601e-05,0.00012477209620976576,8.999546376825601e-05,0.00012121845158800262,3517.34430697614
1790652960,0.00012121845158800262,0.0001232511156364408,0.00011770395419637652,0.00011770395419637652,441.85346631643716
1790653080,0.00011770395419637652,0.00011770395419637652,0.00011562238781901055,0.00011562238781901055,158.54468392575433
1790653200,0.00011562238781901055,0.00011738006913654286,0.00011562238781901055,0.00011738006913654286,34.97383894113233
1790653320,0.00011738006913654286,0.00011738006913654286,0.00011551422148090747,0.00011551422148090747,73.37909934648998
1790653380,0.00011551422148090747,0.00011696646259060152,0.00011551422148090747,0.00011696646259060152,26.781392296059764
1790653500,0.00011696646259060152,0.00011865418952626994,0.00011696646259060152,0.00011865418952626994,255.96209262425458
1790653560,0.00011865418952626994,0.0001203273033580637,0.00011865418952626994,0.0001203273033580637,5.576040808613801
1790653620,0.0001203273033580637,0.00012302503073684904,0.0001203273033580637,0.0001221559306469887,343.05499536530533
1790653680,0.0001221559306469887,0.0001221559306469887,0.00012208767112675242,0.00012208767112675242,3.0543429972406995
1790653800,0.00012208767112675242,0.00012208767112675242,0.0001055937548246638,0.0001113019349288924,2016.7280999395236
1790653920,0.0001113019349288924,0.00011318196360687557,0.0001113019349288924,0.00011318196360687557,71.49497517962384
1790653980,0.00011318196360687557,0.00011392615550256885,0.00011131319872795999,0.00011131319872795999,204.17007346703818
1790654160,0.00011131319872795999,0.00011131319872795999,0.00010984189539530642,0.00010984189539530642,12.601608966799693
1790654220,0.00010984189539530642,0.00011140967499140294,0.00010984189539530642,0.00011140967499140294,4.938919726405643
1790654280,0.00011140967499140294,0.00011321498911893176,0.00011140967499140294,0.00011321498911893176,210.12688086315956
1790654340,0.00011321498911893176,0.0001139302900058796,0.00011321498911893176,0.0001139302900058796,14.699558842120084
1790654400,0.0001139302900058796,0.0001142185602511625,0.0001139302900058796,0.0001142185602511625,6.9888819986186235
1790654460,0.0001142185602511625,0.00011445298738312861,0.00011308558628259286,0.00011308558628259286,41.73831133817508
1790654580,0.00011308558628259286,0.00011464606001509728,0.00011308558628259286,0.00011464606001509728,0.9858352072995011
1790654700,0.00011464606001509728,0.00011464606001509728,0.00011233271418302589,0.00011233271418302589,92.1102143502103
1790654940,0.00011233271418302589,0.00011233271418302589,0.00011158804259839591,0.00011158804259839591,14.727854280410781
1790655000,0.00011158804259839591,0.00011158804259839591,0.00010745810725242142,0.00010836068680447032,477.811540681075
1790655180,0.00010836068680447032,0.00010836068680447032,0.00010778856948301633,0.00010829088163200522,112.34722820162766
1790655240,0.00010829088163200522,0.00010900934726562206,0.00010829088163200522,0.00010900934726562206,6.866511354129367
1790655480,0.00010900934726562206,0.00010929441258762696,0.00010900934726562206,0.00010927693441664271,8.440321362864935
1790655540,0.00010927693441664271,0.00010927693441664271,0.00010765815781237621,0.00010914299344385461,18.09458503442322
1790655600,0.00010914299344385461,0.0001095403641424246,0.00010914299344385461,0.0001095403641424246,48.54433782729294
1790655720,0.0001095403641424246,0.0001095403641424246,0.00010835963016627474,0.00010835963016627474,7.133448546287564
1790655840,0.00010835963016627474,0.00011029235781126153,0.00010824221449543012,0.00010874210851699321,97.79215085147409
1790655900,0.00010874210851699321,0.0001102775934212703,0.00010874210851699321,0.00010885674009843958,140.79507623089137
1790655960,0.00010885674009843958,0.00011003117164655345,0.00010885674009843958,0.00011003117164655345,8.165895703219515
1790656080,0.00011003117164655345,0.00011004735579906497,0.00011003117164655345,0.00011004735579906497,6.787215355727054
1790656140,0.00011004735579906497,0.00011004735579906497,0.00010843564714975227,0.00010843564714975227,19.06353307693382
1790656200,0.00010843564714975227,0.0001227777444046333,0.00010843564714975227,0.00012204608233735346,1255.505648852712
1790656260,0.00012204608233735346,0.00012204608233735346,0.00010911572487202211,0.00011383286752422629,1561.7134712940467
1790656320,0.00011383286752422629,0.00011383286752422629,0.00011232922845875516,0.00011232922845875516,0.28516791594182433
1790656500,0.00011232922845875516,0.00011381134236866879,0.00011232922845875516,0.00011381134236866879,16.8011672501169
1790656560,0.00011381134236866879,0.00011381134236866879,0.00011195549747776473,0.00011195549747776473,45.93994140905457
1790656620,0.00011195549747776473,0.00011360397916721098,0.00011195549747776473,0.00011360397916721098,58.11138841096367
1790656740,0.00011360397916721098,0.00011423886310637165,0.00011360397916721098,0.00011423886310637165,0.004937191179172005
1790656800,0.00011423886310637165,0.00011423886310637165,0.00011252403446638693,0.00011411276800935275,3.369928614002236
1790657040,0.00011411276800935275,0.00011411276800935275,0.00011250679587311784,0.00011250679587311784,2.8463039069604665
1790657160,0.00011250679587311784,0.00011250679587311784,0.00011239407099714708,0.00011239407099714708,3.478637514453972
1790657220,0.00011239407099714708,0.00011239407099714708,0.00010626225483313468,0.00011052038669475508,626.5568466162639
1790657400,0.00011052038669475508,0.00011052038669475508,0.00010153205096289661,0.00010214735223046609,578.5704547324787
1790657460,0.00010214735223046609,0.00010250702939957572,0.00010157831761508435,0.00010157831761508435,89.94853044521143
1790657520,0.00010157831761508435,0.00010157831761508435,0.00010092152201339809,0.00010092152201339809,51.62398190396218
1790657700,0.00010092152201339809,0.00010354475111966633,0.00010060326500181444,0.00010354475111966633,257.15194265704656
1790657760,0.00010354475111966633,0.00011064619986388605,0.00010354475111966633,0.00011064619986388605,498.0575760841993
1790657880,0.00011064619986388605,0.00011064619986388605,0.00010472451385800601,0.00010472451385800601,474.54305236223775
1790657940,0.00010472451385800601,0.00010514808598676896,0.00010472451385800601,0.00010514808598676896,38.14164291137145
1790658000,0.00010514808598676896,0.00010514808598676896,0.0001038248838349552,0.0001038248838349552,1.9085557373054205
1790658060,0.0001038248838349552,0.00010384754377995945,0.00010375249089224605,0.00010375249089224605,26.870373729358576
1790658180,0.00010375249089224605,0.00010375249089224605,0.00010001938963560673,0.00010106476344339861,418.7086383929393
1790658300,0.00010106476344339861,0.00010106476344339861,9.849094987781716e-05,9.849094987781716e-05,7.228732293602646
1790658540,9.849094987781716e-05,9.897097441974057e-05,9.795887498173442e-05,9.795887498173442e-05,65.44082678372754
1790658660,9.795887498173442e-05,9.910049571669053e-05,9.795887498173442e-05,9.910049571669053e-05,1.8032400956076948
1790658720,9.910049571669053e-05,9.962804447600005e-05,9.827663161072452e-05,9.827663161072452e-05,96.2562007678867
1790658900,9.827663161072452e-05,9.827663161072452e-05,9.804731681460723e-05,9.804731681460723e-05,2.996149649832387
1790659020,9.804731681460723e-05,9.804731681460723e-05,9.75517219337366e-05,9.75517219337366e-05,54.37669162790298
1790659080,9.75517219337366e-05,9.881304853631961e-05,2.222675123032435e-05,4.055278063683103e-05,14994.66595665099
1790659140,4.055278063683103e-05,4.1548410699227735e-05,3.863106242760478e-05,4.079175655949079e-05,981.9475632519733
1790659200,4.079175655949079e-05,5.378549531316152e-05,4.079175655949079e-05,4.9783635135979875e-05,3746.687993560198
1790659260,4.9783635135979875e-05,4.9935481756245115e-05,4.6041135121814015e-05,4.6041135121814015e-05,457.53449661706094
1790659320,4.6041135121814015e-05,4.787842037509987e-05,4.5389851696105123e-05,4.71167102809515e-05,412.3166481881837
1790659380,4.71167102809515e-05,4.763362706315201e-05,4.5875107611698785e-05,4.6450683791120085e-05,227.8644986494936
1790659440,4.6450683791120085e-05,4.6450683791120085e-05,4.5681819200975317e-05,4.5681819200975317e-05,74.59946294129094
1790659500,4.5681819200975317e-05,4.6229329165273666e-05,4.529692424736578e-05,4.529692424736578e-05,159.23458412108815
1790659620,4.529692424736578e-05,4.529692424736578e-05,4.471033846474275e-05,4.517822915483522e-05,30.249266975535296
1790659680,4.517822915483522e-05,4.538218867645109e-05,4.4626950982825706e-05,4.538218867645109e-05,63.26323016844142
1790659800,4.538218867645109e-05,4.538218867645109e-05,4.10352811611532e-05,4.10352811611532e-05,524.6095629272191
1790659860,4.10352811611532e-05,4.1403273359311495e-05,4.032076805382656e-05,4.032076805382656e-05,230.8207920327235
1790659920,4.032076805382656e-05,4.1457675702416694e-05,3.961168436116744e-05,4.109238592945005e-05,212.7372941201723
1790659980,4.109238592945005e-05,4.1724585573997456e-05,4.109238592945005e-05,4.1724585573997456e-05,21.991583281523397
1790660040,4.1724585573997456e-05,4.1724585573997456e-05,3.264623027897851e-05,3.600158642073132e-05,1906.8639170721399
1790660100,3.600158642073132e-05,3.7140380685918885e-05,3.600158642073132e-05,3.7083304789410884e-05,109.46480969456833
1790660160,3.7083304789410884e-05,3.7217468695691036e-05,3.7083304789410884e-05,3.7217468695691036e-05,18.313950615515637
1790660220,3.7217468695691036e-05,3.728215060268212e-05,3.411145427340029e-05,3.507314830439618e-05,685.0760441267444
1790660280,3.507314830439618e-05,3.507314830439618e-05,3.363470007114918e-05,3.446842977477268e-05,380.04939513038437
1790660340,3.446842977477268e-05,3.446842977477268e-05,3.412475051574233e-05,3.412475051574233e-05,28.010631190582462
1790660400,3.412475051574233e-05,3.4559971278780066e-05,2.8971614670372046e-05,3.03792628037561e-05,1226.386962672346
1790660460,3.03792628037561e-05,3.0764145035175295e-05,2.9904743922639284e-05,2.9904743922639284e-05,209.36180184384318
1790660520,2.9904743922639284e-05,2.9904743922639284e-05,2.9341958510603678e-05,2.9394372375378576e-05,84.42335926666371
1790660580,2.9394372375378576e-05,2.9394372375378576e-05,2.8985205019533337e-05,2.915289709470302e-05,126.92149141776731
1790660640,2.915289709470302e-05,2.915289709470302e-05,2.8754283676495156e-05,2.9116183869225757e-05,71.80438635130206
1790660700,2.9116183869225757e-05,2.9116183869225757e-05,2.8773605987555312e-05,2.8773605987555312e-05,21.22846852719418
1790660760,2.8773605987555312e-05,2.9092179958396745e-05,2.8773605987555312e-05,2.9092179958396745e-05,19.161578329220486
1790660820,2.9092179958396745e-05,2.9281706754046613e-05,2.869527215300842e-05,2.897378087490235e-05,131.50732575741404
1790660880,2.897378087490235e-05,2.92588496898392e-05,2.7778340406462794e-05,2.7778340406462794e-05,185.67616060383352
1790660940,2.7778340406462794e-05,2.7778340406462794e-05,2.760010175588775e-05,2.760010175588775e-05,28.816289023923822
1790661060,2.760010175588775e-05,2.844502422852292e-05,2.760010175588775e-05,2.844502422852292e-05,80.69741477291716
1790661120,2.844502422852292e-05,2.844502422852292e-05,2.751719158353401e-05,2.7807343155200856e-05,179.04798984526767
1790661180,2.7807343155200856e-05,2.790486449111094e-05,2.7412651756736306e-05,2.7412651756736306e-05,37.57271785938772
1790661240,2.7412651756736306e-05,2.8108285486086007e-05,2.7412651756736306e-05,2.7656797991392787e-05,144.61975113600784
1790661360,2.7656797991392787e-05,2.7882198730431537e-05,2.7456804923602265e-05,2.7456804923602265e-05,34.47974342038624
1790661420,2.7456804923602265e-05,2.7456804923602265e-05,2.5408524042581374e-05,2.5775049743588192e-05,414.81911065211233
1790661480,2.5775049743588192e-05,2.5775049743588192e-05,2.5430388081156903e-05,2.5430388081156903e-05,19.449429901814135
1790661540,2.5430388081156903e-05,2.5430388081156903e-05,2.5340547511893812e-05,2.5340547511893812e-05,21.845286302590313
1790661600,2.5340547511893812e-05,2.796209666773245e-05,2.5340547511893812e-05,2.7057322855594305e-05,559.6857274548553
1790661660,2.7057322855594305e-05,2.7173761180487506e-05,2.6795623777397692e-05,2.6795623777397692e-05,28.753596268008515
1790661720,2.6795623777397692e-05,2.7385812474774297e-05,2.6712928417171705e-05,2.7385812474774297e-05,109.16397985538661
1790661780,2.7385812474774297e-05,2.7385812474774297e-05,2.6814363220478655e-05,2.6814363220478655e-05,93.38057691763589
1790661840,2.6814363220478655e-05,2.6814363220478655e-05,2.6296820607784476e-05,2.6296820607784476e-05,87.22999634391937
1790661900,2.6296820607784476e-05,2.6296820607784476e-05,2.622835128478949e-05,2.622835128478949e-05,20.201246025625977
1790661960,2.622835128478949e-05,2.622835128478949e-05,2.6037779195697743e-05,2.6037779195697743e-05,30.1576215109174
1790662020,2.6037779195697743e-05,2.621993819146332e-05,2.5733715244938965e-05,2.601168054479641e-05,109.69998310200872
1790662080,2.601168054479641e-05,2.601168054479641e-05,2.5637721758456385e-05,2.5637721758456385e-05,58.473593154247126
1790662140,2.5637721758456385e-05,2.5787002656949106e-05,2.551489362406056e-05,2.5787002656949106e-05,22.201134402238235
1790662260,2.5787002656949106e-05,2.583031731613277e-05,2.5787002656949106e-05,2.583031731613277e-05,6.539941021674164
1790662440,2.583031731613277e-05,2.5900418725262345e-05,2.583031731613277e-05,2.5900418725262345e-05,5.17915862768034
1790662500,2.5900418725262345e-05,2.5900418725262345e-05,2.55467274540949e-05,2.5875036210129735e-05,5.464630618502824
1790662560,2.5875036210129735e-05,2.5875036210129735e-05,2.5097234085288233e-05,2.5097234085288233e-05,122.91494659854875
1790662620,2.5097234085288233e-05,2.5097234085288233e-05,2.477593418604717e-05,2.506607593317612e-05,69.57221696252086
1790662680,2.506607593317612e-05,2.506607593317612e-05,2.4529168151221752e-05,2.497269622595918e-05,103.1315987296843
1790662740,2.497269622595918e-05,2.497269622595918e-05,2.471146182741993e-05,2.4728556607023938e-05,8.928487786377477
1790662800,2.4728556607023938e-05,2.4728556607023938e-05,2.4689896782346557e-05,2.4689896782346557e-05,2.19060725720362
1790662920,2.4689896782346557e-05,2.4689896782346557e-05,2.463682103844754e-05,2.463682103844754e-05,33.576924365084444
