ts,o,h,l,c,v
1790979840,0.0010080700123022781,0.0010084911153754093,0.000919667733773193,0.000923372506224418,5114.336953865028
1790979900,0.000923372506224418,0.0009322588360273393,0.0008833563220425697,0.0009015267224646835,3181.2088397425073
1790979960,0.0009015267224646835,0.0009139157954410542,0.0008858528340682286,0.0008994898420553904,1003.4735305006992
1790980020,0.0008994898420553904,0.0009238916039188238,0.0008816581675835382,0.0008923255435780296,1689.7445272073749
1790980080,0.0008923255435780296,0.0009050057333903641,0.0008799860190207689,0.0008895162370641664,651.933357113582
1790980140,0.0008895162370641664,0.0009417597455702549,0.0008826510417094816,0.0009302995759239935,1669.35192436389
1790980200,0.0009302995759239935,0.0009916424473630247,0.0009302995759239935,0.000979192178765209,1707.8250863939681
1790980260,0.000979192178765209,0.001003896764758449,0.000979192178765209,0.000987058638342359,1098.449381493733
1790980320,0.000987058638342359,0.0010403335678724785,0.000987058638342359,0.0010226606727251173,2511.567773657119
1790980380,0.0010226606727251173,0.0010226606727251173,0.0009318307134211906,0.0009351199551535424,6256.836962919271
1790980440,0.0009351199551535424,0.0009944399220735791,0.0009242061588578754,0.0009842961962979024,2810.606120777687
1790980500,0.0009842961962979024,0.0010041197020186905,0.000978076993356847,0.0009888784746534115,1315.4367391028509
1790980560,0.0009888784746534115,0.001030254165759328,0.000971916795266857,0.0010146738019311814,3257.47078388247
1790980620,0.0010146738019311814,0.001035484578949569,0.0009096220005471776,0.0009461436156923694,6315.900573940438
1790980680,0.0009461436156923694,0.0009806151252994392,0.0009459137742259593,0.0009806151252994392,1988.6206659349314
1790980740,0.0009806151252994392,0.0010489959919067421,0.0009806151252994392,0.0010375218976238004,2315.29648369738
1790980800,0.0010375218976238004,0.0010586835362319952,0.0010265662124518279,0.0010586835362319952,1169.9255914089474
1790980860,0.0010586835362319952,0.0011729041970695638,0.0010586835362319952,0.0011579715539097313,4793.621062028349
1790980920,0.0011579715539097313,0.0011723287293336846,0.0011223212403691568,0.0011379880755545257,2090.3558221403146
1790980980,0.0011379880755545257,0.0011773249389186227,0.0011297492098651866,0.0011618770457537354,1877.9060485949865
1790981040,0.0011618770457537354,0.0012026824581412227,0.0011422353749092227,0.0011566610649404961,4060.1624910269793
1790981100,0.0011566610649404961,0.0011716660934060997,0.0011462793526330433,0.0011462793526330433,1287.4582864130346
1790981160,0.0011462793526330433,0.0012705028282965058,0.0011446636916486424,0.0012553419252615322,7194.107265686981
1790981220,0.0012553419252615322,0.0012706162343552687,0.0011843410272413736,0.0011907844339589721,2673.790564200577
1790981280,0.0011907844339589721,0.0012051990986059026,0.0010970197425553367,0.0011313104239368168,5942.831469693029
1790981340,0.0011313104239368168,0.0011404491693100857,0.0011096892978700098,0.00113553061447148,2211.6446180239077
1790981400,0.00113553061447148,0.0011976351924711044,0.0011354278679812885,0.0011976351924711044,1425.0587916407537
1790981460,0.0011976351924711044,0.001230186287886148,0.001164905079207606,0.0011836251630175057,3683.9970705043725
1790981520,0.0011836251630175057,0.0011878273674173392,0.0011016310638365145,0.0011222062280059142,4347.131572697679
1790981580,0.0011222062280059142,0.001133983102567225,0.001039062493294779,0.001039062493294779,3038.0735389137617
1790981640,0.001039062493294779,0.0010585228845785095,0.0010116678617374014,0.0010116678617374014,2109.2034054591054
1790981700,0.0010116678617374014,0.0010324276313922287,0.0010030821125065648,0.0010324276313922287,1101.457993439511
1790981760,0.0010324276313922287,0.0010620468252056513,0.001009133910870853,0.0010241194012307676,2384.5486586345146
1790981820,0.0010241194012307676,0.0011240509673237592,0.0010241194012307676,0.0011089321986142663,3058.400545195153
1790981880,0.0011089321986142663,0.001176727741508879,0.0011089321986142663,0.0011561740321152435,2387.321713189187
1790981940,0.0011561740321152435,0.0011639513889554218,0.0011456545775073786,0.0011456545775073786,506.0478982834581
1790982000,0.0011456545775073786,0.0011621147897244639,0.001120913805545915,0.0011343839870618859,1282.0299155033508
1790982060,0.0011343839870618859,0.0011699629235815297,0.0011045822193377149,0.0011699629235815297,2506.0631347508174
1790982120,0.0011699629235815297,0.0011742973765837045,0.0010700451338354889,0.0010910324390130054,4223.228276333876
1790982180,0.0010910324390130054,0.0010919385031645688,0.0009471682186243887,0.0009638762675342477,5191.224974845579
1790982240,0.0009638762675342477,0.0010053783502638996,0.00095409959594106,0.0009990908103658085,1989.506949883777
1790982300,0.0009990908103658085,0.0009990908103658085,0.0009378314888623841,0.0009829880606858664,2576.2462413371068
1790982360,0.0009829880606858664,0.000993075446014406,0.0009309765129736372,0.0009422372118415359,2587.3255040112126
1790982420,0.0009422372118415359,0.0009471235503786471,0.0009218532148981569,0.0009453215567685632,2269.170732033796
1790982480,0.0009453215567685632,0.0009515587681929482,0.0009085755975305906,0.0009180298867196018,2392.1138501197947
1790982540,0.0009180298867196018,0.0009305540409111283,0.0008603308067300364,0.0008853708498360927,5159.501209666169
1790982600,0.0008853708498360927,0.0009376690294311527,0.0008833938613002487,0.0009376690294311527,3385.3721981332806
1790982660,0.0009376690294311527,0.000942799704511392,0.0008797869113676455,0.000899057677924473,2377.912747928845
1790982720,0.000899057677924473,0.0009373778621729963,0.0008931638164456451,0.0009365144238666479,1398.6308182675125
1790982780,0.0009365144238666479,0.0009369425398690648,0.000898411053862762,0.0009015116934496787,1111.7964875886712
1790982840,0.0009015116934496787,0.0009015116934496787,0.0008219780190880764,0.0008558242285137729,5787.591807658652
1790982900,0.0008558242285137729,0.0009290955939372138,0.0008514926377447155,0.0008746201411532869,6169.1933806927755
1790982960,0.0008746201411532869,0.0008996619873808208,0.0008737770792301194,0.0008996619873808208,1092.376154448965
1790983020,0.0008996619873808208,0.0008996619873808208,0.000868056306784773,0.0008785067834730417,1261.194244782845
1790983080,0.0008785067834730417,0.0008791787719881821,0.0008252597942273437,0.0008586933384347041,2893.948936475641
1790983140,0.0008586933384347041,0.0008951583335726836,0.0008508993895221129,0.0008765921657480958,1424.7333970188097
1790983200,0.0008765921657480958,0.0008849554736204026,0.0008622755403416026,0.0008799201229417222,1195.6173645649276
1790983260,0.0008799201229417222,0.0008873123028663537,0.0008617208442998113,0.0008713637740189888,1193.791635530866
1790983320,0.0008713637740189888,0.0008949911907403012,0.0008633419853324217,0.0008804151043128055,800.7127658069086
1790983380,0.0008804151043128055,0.0008885423027002652,0.0008669165484137826,0.0008779535103264569,772.6794661483578
1790983440,0.0008779535103264569,0.0008882801236275834,0.0008648771833300421,0.0008648771833300421,591.7165622578428
1790983500,0.0008648771833300421,0.0008934402330983837,0.0008643799979832375,0.0008930830231659214,770.5492233111147
1790983560,0.0008930830231659214,0.0008936971434521596,0.0008212532431720202,0.0008388279510893613,2101.7374964580054
1790983620,0.0008388279510893613,0.0008424980542636445,0.0008310802996222481,0.0008337283213234476,321.90482458987634
1790983680,0.0008337283213234476,0.0008460723599782409,0.0008087480499556791,0.0008118115559792203,1108.3774021487498
1790983740,0.0008118115559792203,0.0008216539172603287,0.0007925404419437285,0.000792982676328507,3344.604964913089
1790983800,0.000792982676328507,0.0008593368969957271,0.0007676436719512912,0.0008546646260208542,7148.701599180772
1790983860,0.0008546646260208542,0.000868040829544562,0.0008319773381133922,0.000847008201655645,1683.8011195692347
1790983920,0.000847008201655645,0.0008859425795848088,0.0008362684671771154,0.0008859425795848088,1299.79860988958
1790983980,0.0008859425795848088,0.0008859425795848088,0.0008434076809990909,0.0008646333941930547,1901.4596781757898
1790984040,0.0008646333941930547,0.0008685562425917857,0.0008283579532523324,0.0008410588356978567,1157.7597445918361
1790984100,0.0008410588356978567,0.0008477265225406283,0.0008131870320229376,0.0008252417708192327,1136.4528816209129
1790984160,0.0008252417708192327,0.0008434333080976252,0.0008129004781115263,0.0008232033600419433,1350.496537766965
1790984220,0.0008232033600419433,0.0009803463205778,0.0008232033600419433,0.0009720060864956163,9463.508193797825
1790984280,0.0009720060864956163,0.0010116765307835744,0.0009609949542489592,0.0009987361535619339,5174.870253683964
1790984340,0.0009987361535619339,0.0010151396398676202,0.0009439886258310083,0.0009447139830742677,4361.992146528896
1790984400,0.0009447139830742677,0.001009530190929038,0.0009365883901106289,0.001009530190929038,2641.6005301873706
1790984460,0.001009530190929038,0.0010780817657953167,0.0009995937087288692,0.0010670456235545949,5716.992847821784
1790984520,0.0010670456235545949,0.0011208739685318364,0.0010670456235545949,0.0011114756353883307,2353.506914975698
1790984580,0.0011114756353883307,0.0011690064022465553,0.0010532135349752751,0.001067552409563998,5141.588811268989
1790984640,0.001067552409563998,0.0010700069261881417,0.001014786947148373,0.0010403371938801642,3370.8210876044222
1790984700,0.0010403371938801642,0.0010875192138312968,0.0010079068899236027,0.0010874331717311942,3580.2766858900013
1790984760,0.0010874331717311942,0.001089356530096469,0.0010304888632623557,0.0010478771446883661,1732.983488686892
1790984820,0.0010478771446883661,0.0010562382114703375,0.001036296176321969,0.0010441240663200222,635.1640062236652
1790984880,0.0010441240663200222,0.0010441240663200222,0.0009817198763939767,0.000994353768825218,2816.592099517137
1790984940,0.000994353768825218,0.0009946252908164283,0.0009727475467231931,0.0009869168964141697,696.0728469646275
1790985000,0.0009869168964141697,0.0010471283319939077,0.0009768772824483853,0.0010471283319939077,2155.8543061578816
1790985060,0.0010471283319939077,0.0010838701997067856,0.0010283937115333928,0.0010703878852529928,3689.894755523001
1790985120,0.0010703878852529928,0.0010822509476681307,0.0010599748034173324,0.0010639334665664766,1487.0259729194256
1790985180,0.0010639334665664766,0.001088533167372564,0.0010068454005141634,0.0010258797012903972,4883.425890809881
1790985240,0.0010258797012903972,0.0010397264600051576,0.0010258797012903972,0.001027091144530262,293.96228377652164
1790985300,0.001027091144530262,0.001043682275083606,0.0009902986852118624,0.0010348343638167186,3310.802059140329
1790985360,0.0010348343638167186,0.0010808151327434447,0.0010348343638167186,0.0010787060252813268,1485.1715995901525
1790985420,0.0010787060252813268,0.0011002249516360943,0.0010526322980699504,0.0010743471892194758,2915.054855630896
1790985480,0.0010743471892194758,0.0011145321894351899,0.0010604173432558614,0.001074337110781905,3033.3532439067767
1790985540,0.001074337110781905,0.0011182559666240938,0.0010699205564640725,0.0011182559666240938,1151.9383271183497
1790985600,0.0011182559666240938,0.0011206470924319464,0.0010948571293597264,0.0010948571293597264,803.7662179957445
1790985660,0.0010948571293597264,0.001125707497338709,0.0010948571293597264,0.0011113174577883174,970.2116921627345
1790985720,0.0011113174577883174,0.0012630590442369938,0.0011080746186991849,0.0012256192315670841,7146.477527122235
1790985780,0.0012256192315670841,0.0012827296401595573,0.001198979333568566,0.0012814402234972624,2219.8361913356352
1790985840,0.0012814402234972624,0.001291012264819786,0.001191463526829974,0.001191463526829974,4196.185215376773
1790985900,0.001191463526829974,0.0011937289734368537,0.0011623192153019295,0.0011769325248124852,886.9984954613781
1790985960,0.0011769325248124852,0.001180866609553838,0.0011308646428112024,0.0011488210611601808,1466.6037318033862
1790986020,0.0011488210611601808,0.0011542313524288569,0.0011274554630786844,0.0011411019511023601,773.7685985559916
1790986080,0.0011411019511023601,0.0013219949165230005,0.001128115534720629,0.0013028424795155588,5782.009783111025
1790986140,0.0013028424795155588,0.001330112337492005,0.001277527634032001,0.001330112337492005,3118.6214518895604
1790986200,0.001330112337492005,0.0013812074591588327,0.0013127542537444263,0.0013325702954173884,4325.243020235496
1790986260,0.0013325702954173884,0.0014102143063595967,0.0013307695970413336,0.001368780836037021,2719.212024597282
1790986320,0.001368780836037021,0.0013922481095633953,0.0013360491049429428,0.0013510002170795325,1583.2678479265012
1790986380,0.0013510002170795325,0.0013510002170795325,0.0012848775783138075,0.0013025445144694767,2041.110414897112
1790986440,0.0013025445144694767,0.0013681391858919162,0.0013025445144694767,0.001349025513058513,2418.3820091173407
1790986500,0.001349025513058513,0.0014329392644629735,0.001349025513058513,0.0014004597896795222,3823.221841162605
1790986560,0.0014004597896795222,0.0014264393064494204,0.0013550909184519681,0.0013886264961755275,3486.2900747308177
1790986620,0.0013886264961755275,0.0014446307280405613,0.0013666979265726446,0.0013867966615426059,4993.327042689124
1790986680,0.0013867966615426059,0.0014575722127387388,0.0013720100354059522,0.0014575722127387388,2717.097929574126
1790986740,0.0014575722127387388,0.001506096146668496,0.001399329009310614,0.001399329009310614,3590.9438217767383
1790986800,0.001399329009310614,0.0014901173399801825,0.001398841418929809,0.0014412408639771787,4071.1517627768785
1790986860,0.0014412408639771787,0.0015031416757281019,0.0014149750142393325,0.0015024355739752216,3635.5034852125586
1790986920,0.0015024355739752216,0.0015210080723537637,0.001440339950668466,0.001440339950668466,5206.808044217867
1790986980,0.001440339950668466,0.0014719259349613956,0.0013771764608086678,0.0014019445343462864,3668.972658701547
1790987040,0.0014019445343462864,0.0014739519150151748,0.0013849626834602819,0.0014739519150151748,2897.807634953268
1790987100,0.0014739519150151748,0.0015532528814749895,0.0014739519150151748,0.0015357088523642293,3299.8941625399602
1790987160,0.0015357088523642293,0.0015361226149781266,0.0014622800596027614,0.0014793407696671124,4137.287172647956
1790987220,0.0014793407696671124,0.0014928673135906295,0.001471841239227166,0.0014741510331935269,564.2347859473045
1790987280,0.0014741510331935269,0.001525106646452472,0.001469635298384399,0.0014963509031880793,1712.7381195020594
1790987340,0.0014963509031880793,0.0015446049304434276,0.0014904451108386269,0.0015433490962862093,1124.0452388122517
1790987400,0.0015433490962862093,0.0015433490962862093,0.0014412254100596917,0.0014848100600053842,6030.208382353479
1790987460,0.0014848100600053842,0.0014996150498199315,0.001428248606072461,0.0014413193441549694,2780.3358984069937
1790987520,0.0014413193441549694,0.0014520154142586698,0.001383278109018967,0.0013981320562403722,2171.54897714089
1790987580,0.0013981320562403722,0.0014224428250286297,0.0013159928013462487,0.0013204424840768223,3586.974330120862
1790987640,0.0013204424840768223,0.0013517596371286226,0.0013204424840768223,0.0013250755299474457,1786.7641522898998
1790987700,0.0013250755299474457,0.0013334116141328382,0.0012380041000141211,0.0012525291469289792,4708.693095636675
1790987760,0.0012525291469289792,0.0012665569090164884,0.0012298802495475118,0.0012519100343182125,972.3755664570293
1790987820,0.0012519100343182125,0.0012710546594110303,0.0012459498703407516,0.001249177146190979,564.8473562751866
1790987880,0.001249177146190979,0.0012583277063506764,0.00118127119023938,0.0011978846512364963,3174.7230937349022
1790987940,0.0011978846512364963,0.0012848757598272849,0.0011978846512364963,0.0012843970172220212,2861.321975872947
1790988000,0.0012843970172220212,0.0012920896171976723,0.0012652512086487946,0.0012920896171976723,1263.905488230891
1790988060,0.0012920896171976723,0.0014181131476481018,0.0012826890392994568,0.0013845453277787484,5011.440805094902
1790988120,0.0013845453277787484,0.0014811845109660446,0.0013845453277787484,0.0014629114319734454,5704.148254917202
1790988180,0.0014629114319734454,0.0014966124420769656,0.0014629114319734454,0.0014753228275660897,417.29441131939797
1790988240,0.0014753228275660897,0.0014753228275660897,0.0014136304119703584,0.001457392046710107,2099.313077741676
1790988300,0.001457392046710107,0.0014582813026425892,0.0013931917845314264,0.0014067437106958596,2983.247516222284
1790988360,0.0014067437106958596,0.0014088289544977775,0.0013905374309554483,0.001408771236423589,283.31647574599685
1790988420,0.001408771236423589,0.0014297338379489993,0.001408771236423589,0.00141260012116916,1210.8600059744495
1790988480,0.00141260012116916,0.0014275186155603074,0.0012876262083016986,0.001300770788038647,9188.856083919878
1790988540,0.001300770788038647,0.0013146909994179523,0.0012656813116162227,0.0012973357673054437,1926.3937730242828
1790988600,0.0012973357673054437,0.0014091598538458182,0.0012969615549220399,0.0013984904079924621,3110.4772179240704
1790988660,0.0013984904079924621,0.0014778105994612246,0.0013874882623218484,0.0014427969342271486,3385.9661708509134
1790988720,0.0014427969342271486,0.0016327454073294455,0.001424376669964407,0.001615923958332965,6550.795991130602
1790988780,0.001615923958332965,0.0016479429133030843,0.001240159760494442,0.0013127307882466602,19357.456991824904
1790988840,0.0013127307882466602,0.0017466715161456195,0.0013061749102745187,0.001537524271371171,23804.31832727394
1790988900,0.001537524271371171,0.0016206556504518943,0.001537524271371171,0.0015448485568946711,5448.425050431009
1790988960,0.0015448485568946711,0.0015968996659100748,0.0014957530764257317,0.0014957530764257317,3217.9870918925617
1790989020,0.0014957530764257317,0.0015690968680323423,0.0014095023009801663,0.0015310009449636,9308.524164951816
1790989080,0.0015310009449636,0.0015310009449636,0.001485402188489613,0.0014926007581578123,1026.8965874552885
1790989140,0.0014926007581578123,0.001590737251298447,0.0014926007581578123,0.0015669176474165701,2867.820376484419
1790989200,0.0015669176474165701,0.0016021423207131166,0.001524475674057718,0.0015567267761847812,2535.3795959327063
1790989260,0.0015567267761847812,0.0016151631582713513,0.0015518447027242236,0.0015957561113963327,1887.538063742135
1790989320,0.0015957561113963327,0.0016182105456298394,0.0015480930553375802,0.001573723017162175,1881.759570193709
1790989380,0.001573723017162175,0.00166511188900202,0.001548793131275647,0.0016004718214717207,4487.365777276069
1790989440,0.0016004718214717207,0.0016447758862129591,0.0015988173783454617,0.0016231195449172681,991.9195960752473
1790989500,0.0016231195449172681,0.0016821689129024957,0.0016113501208430657,0.0016589199247466118,4078.9107816553724
1790989560,0.0016589199247466118,0.001750765968564901,0.0016422624076925484,0.0017489503552093868,4524.974805844071
1790989620,0.0017489503552093868,0.0017665225014966812,0.001710974058358907,0.001730054473887386,1515.099387805422
1790989680,0.001730054473887386,0.0018073148123869567,0.001701896242253301,0.0018073148123869567,4798.806970703487
1790989740,0.0018073148123869567,0.0020465903951632667,0.001706760754972371,0.0018988578581940747,17037.00165499462
1790989800,0.0018988578581940747,0.0019118726602461538,0.0017068286228312504,0.0017100790276194332,13791.900973866172
1790989860,0.0017100790276194332,0.0018224883744958843,0.0017100790276194332,0.0018224883744958843,4393.538848456966
1790989920,0.0018224883744958843,0.0018419756103340865,0.0017226303292438485,0.0017500718791501498,4488.71214159227
1790989980,0.0017500718791501498,0.0017764575732014901,0.0017051313429769551,0.001729993643552213,2420.4016875810544
1790990040,0.001729993643552213,0.0017483674320592335,0.0017026906003616887,0.00173235810319045,2838.185135973132
1790990100,0.00173235810319045,0.001766443993754542,0.0016690468156549982,0.0017143478312126113,3378.274878638383
1790990160,0.0017143478312126113,0.0019401953145055523,0.0017109114702933558,0.0018802649967412548,8616.018968210214
1790990220,0.0018802649967412548,0.0019744464054287174,0.0018599779837321717,0.0019654632541862564,3313.173904837426
1790990280,0.0019654632541862564,0.0019677494842951374,0.001802891487620874,0.0018782694592406643,8689.356044799468
1790990340,0.0018782694592406643,0.0019136915907414095,0.001808387464316006,0.001808387464316006,2434.8381829987975
1790990400,0.001808387464316006,0.001835434912478218,0.001710643034011783,0.001710643034011783,3831.580054309469
1790990460,0.001710643034011783,0.0017576386150983073,0.001672328837120963,0.0017450299727649725,4376.446093050247
1790990520,0.0017450299727649725,0.0017470446056211807,0.0016874787546979264,0.001713420501205141,1746.1021574838835
1790990580,0.001713420501205141,0.001768010748020037,0.0016406928454757088,0.0016621746146289963,3524.955390844649
1790990640,0.0016621746146289963,0.0016670929551154358,0.0015524614096297407,0.0016479289075906987,6152.960642228149
1790990700,0.0016479289075906987,0.0016595118516868998,0.0014523445333711,0.001471968421640296,14469.232215728744
1790990760,0.001471968421640296,0.0015007536989420707,0.001460548828104117,0.0014904919779272089,2121.273214932445
1790990820,0.0014904919779272089,0.0014918599330169388,0.0014392949503030774,0.0014637713748943014,2632.039021201532
1790990880,0.0014637713748943014,0.0015424326135783687,0.0014474803894278325,0.0015195097128193216,3119.4334873612393
1790990940,0.0015195097128193216,0.0015365702960553793,0.0014468133748693145,0.0014566304510049957,2673.7797745216667
1790991000,0.0014566304510049957,0.00148499729556085,0.0014477609651439337,0.0014688740289875272,2070.810209457373
1790991060,0.0014688740289875272,0.001492722495738645,0.001451088895261245,0.0014881574672343755,1450.5857586633929
1790991120,0.0014881574672343755,0.001496335760955331,0.0014400886688738979,0.001496335760955331,3768.9496351777802
1790991180,0.001496335760955331,0.0015019663596267411,0.001359680753476182,0.0013650163400175362,6899.726267572879
1790991240,0.0013650163400175362,0.0014019063498828808,0.0013346487006786877,0.0013674834920130048,2360.579250061516
1790991300,0.0013674834920130048,0.0013677387541780335,0.0013191673094840749,0.0013472279047630914,3006.6817586117922
1790991360,0.0013472279047630914,0.0013755607028227666,0.0012932182676989729,0.0013400204992883979,6170.746501877238
1790991420,0.0013400204992883979,0.0014070542617539317,0.0013175925694683215,0.0014070542617539317,5620.859815633912
1790991480,0.0014070542617539317,0.0014255516979256454,0.0013497919283069653,0.0013690975884541922,3529.667913205274
1790991540,0.0013690975884541922,0.0013798822035446217,0.001342106583837893,0.0013509864326386324,1609.7804369510816
1790991600,0.0013509864326386324,0.0014056400934208968,0.0013439389897363814,0.0013601006908830304,2705.3192694846357
1790991660,0.0013601006908830304,0.0013801635440318957,0.0013558914853437779,0.0013801635440318957,1211.3997007506862
1790991720,0.0013801635440318957,0.0014798239136620864,0.0013646419093882728,0.0013998995657939716,5583.693607843014
1790991780,0.0013998995657939716,0.0014263519069016653,0.001386755556191752,0.0014086366203837314,738.7384119083742
1790991840,0.0014086366203837314,0.0014270335012232995,0.0013765095371025223,0.0013915358765129436,1417.1276018197445
1790991900,0.0013915358765129436,0.0014547058742793533,0.0013915358765129436,0.001433623360319204,2508.046514429459
1790991960,0.001433623360319204,0.0015431988631921995,0.0014331932192235344,0.0015191546553768227,2398.9643810691723
1790992020,0.0015191546553768227,0.0015617810343790035,0.0015191546553768227,0.0015358000696891392,2155.926801986055
1790992080,0.0015358000696891392,0.0015358000696891392,0.0014584444399774864,0.0014817485400783522,2638.0182648347877
1790992140,0.0014817485400783522,0.0015024067343203387,0.0014646932747012097,0.0014991119224775893,898.3040544286887
1790992200,0.0014991119224775893,0.0014991119224775893,0.0014210783697988984,0.0014210783697988984,1567.9552330171712
1790992260,0.0014210783697988984,0.0014439966168215425,0.0014172102698080608,0.001428848926013338,512.286264079681
1790992320,0.001428848926013338,0.0015503006288740647,0.0014269768886437638,0.001544656039710853,2951.800701731279
1790992380,0.001544656039710853,0.0016360069370712316,0.0015427308589304482,0.0015954420070885677,3458.9986535605
1790992440,0.0015954420070885677,0.0015954420070885677,0.0014660964725441209,0.0014819554827820104,2771.7612179960643
1790992500,0.0014819554827820104,0.0015099818127610849,0.0014781982392129795,0.001492317083239892,754.1457857124864
1790992560,0.001492317083239892,0.0015307219985060542,0.001469016167448066,0.0014864316210874663,1908.8231754771798
1790992620,0.0014864316210874663,0.0014864316210874663,0.0012941014998718405,0.001352718094730757,10470.81362370569
1790992680,0.001352718094730757,0.0013540908691781794,0.0012725145789600752,0.0013532157591407432,3913.45213113898
1790992740,0.0013532157591407432,0.0013532157591407432,0.0012383345996665968,0.0012519764324200094,4789.032069313028
1790992800,0.0012519764324200094,0.0012706149655297677,0.0012061219714852747,0.0012556638725408512,6082.542633716542
1790992860,0.0012556638725408512,0.0012700549378107289,0.0011632221151247819,0.00123199490995297,10890.107486571113
1790992920,0.00123199490995297,0.0012474415538156918,0.0011555825596692557,0.0012050731086942917,6675.733797417738
1790992980,0.0012050731086942917,0.0012599220032776168,0.0011809232675713162,0.0012368499036213084,4536.731277920843
1790993040,0.0012368499036213084,0.0012507698735584813,0.0012148313466843524,0.001249216736500745,1928.390963142395
1790993100,0.001249216736500745,0.0013019403679643514,0.0012428541063357135,0.0012681865569412279,4783.727931376262
1790993160,0.0012681865569412279,0.0012922570504446584,0.0012604246882017638,0.0012901448645433586,1315.7823499075848
1790993220,0.0012901448645433586,0.0013565477174731565,0.0012875185682607935,0.0013410681357848933,3055.104327418432
1790993280,0.0013410681357848933,0.0013623824809756197,0.0012859532740703665,0.0013004169827235278,2823.5238790702715
1790993340,0.0013004169827235278,0.0013850656741930388,0.0012858088898969246,0.0013850656741930388,2581.418569553474
1790993400,0.0013850656741930388,0.001389113243608597,0.0013163824445040072,0.0013316302732652703,1426.204909582428
1790993460,0.0013316302732652703,0.0013423576718733096,0.0013157348981472465,0.0013376413802992238,852.0019085100793
1790993520,0.0013376413802992238,0.0013471874989037158,0.0013259077035389524,0.0013259077035389524,844.8936649349502
1790993580,0.0013259077035389524,0.0013416321322071842,0.001311381113492303,0.001311563662157756,528.6795709549011
1790993640,0.001311563662157756,0.0013227619741364497,0.0012614671712240279,0.001275057964640958,1440.7848299666973
1790993700,0.001275057964640958,0.0012930979769150835,0.0012569755996499582,0.0012699482661599024,1130.0778857897562
1790993760,0.0012699482661599024,0.0012729153937816168,0.0012522389632568978,0.0012671477624431066,629.8265412329175
1790993820,0.0012671477624431066,0.001271485610069185,0.0012434274372270827,0.0012434274372270827,661.7467328320149
1790993880,0.0012434274372270827,0.0012565238174099152,0.001237103590136345,0.001255911702067753,309.4150209626809
1790993940,0.001255911702067753,0.0013473310907864502,0.00123391150986861,0.001329077132386635,4134.878667490879
1790994000,0.001329077132386635,0.0013430123626402247,0.0012707300928817991,0.0012788680021193395,2063.2358093640037
1790994060,0.0012788680021193395,0.0012985214085643008,0.0012481899069170382,0.0012985214085643008,2239.326717680771
1790994120,0.0012985214085643008,0.0013060167692203245,0.0011915797924578165,0.0012170441218022018,5162.547791751932
1790994180,0.0012170441218022018,0.0012891872180719704,0.0012170441218022018,0.0012570569658977204,3287.5912047020793
1790994240,0.0012570569658977204,0.0012668344326906633,0.001191691302075077,0.001193154178614395,1873.956845589998
1790994300,0.001193154178614395,0.0012266950512976773,0.0011901332212723413,0.0012100759872592979,1759.0840260086527
1790994360,0.0012100759872592979,0.0012272856401297123,0.0012072371575558417,0.0012141434290262345,526.8637578050565
1790994420,0.0012141434290262345,0.0012181751011646487,0.0011957260216550567,0.0012038914583645706,1411.5287047060929
1790994480,0.0012038914583645706,0.0012193213672802188,0.0011697488233180181,0.0011841013500360714,1066.8413035819792
1790994540,0.0011841013500360714,0.0011845525030616648,0.0011690853692085806,0.0011690853692085806,152.089573784631
1790994600,0.0011690853692085806,0.0011812148823526444,0.0009586431791807946,0.0010489603041566732,18003.654553061016
1790994660,0.0010489603041566732,0.0010733386488948945,0.0010102744581434167,0.0010599069189480513,6764.73439497538
1790994720,0.0010599069189480513,0.0010802092412228697,0.0010246397496132434,0.0010246397496132434,5461.960070343626
1790994780,0.0010246397496132434,0.0010513959227813569,0.0010220209789584729,0.001029254883298945,979.5883091492672
1790994840,0.001029254883298945,0.0010928509298769734,0.0010291311534203268,0.0010818841174235318,2806.51929417937
1790994900,0.0010818841174235318,0.00109540005398666,0.0010177513488859866,0.001019251305443054,3258.87839231509
1790994960,0.001019251305443054,0.0010577144635035565,0.0010080126975051274,0.0010560083389239822,1440.6379975551595
1790995020,0.0010560083389239822,0.001077627035667092,0.0010387752535528873,0.0010667504091452604,1007.3808223210187
1790995080,0.0010667504091452604,0.0010667504091452604,0.0010498017132452148,0.0010508545609296933,531.4048360999539
1790995140,0.0010508545609296933,0.0010687469261046211,0.0010378091218293975,0.0010666048968369939,1672.925563390906
1790995200,0.0010666048968369939,0.0010666048968369939,0.001036447796691134,0.0010462178408911973,1196.9049949881116
1790995260,0.0010462178408911973,0.0010480049559570656,0.001010476863436901,0.001040537541954215,3872.5867775017173
1790995320,0.001040537541954215,0.0010595072349687076,0.0010320703743291213,0.0010320703743291213,563.5268498463672
1790995380,0.0010320703743291213,0.0010569385102082748,0.0010228720498113156,0.0010569385102082748,2433.236236865734
1790995440,0.0010569385102082748,0.0010569385102082748,0.0010234929477605256,0.001032944695212825,1257.5653517477035
1790995500,0.001032944695212825,0.0010668385737788873,0.0010256272046633447,0.0010334322192622862,1740.0866224210845
1790995560,0.0010334322192622862,0.0010684061095822853,0.0010221008747461715,0.0010644656649413551,2558.8128620522966
1790995620,0.0010644656649413551,0.0010644656649413551,0.0010462743872397227,0.00106421825089527,461.2989926069968
1790995680,0.00106421825089527,0.0011210462523330578,0.0010552765711785922,0.0010947066699215047,3356.210842719513
1790995740,0.0010947066699215047,0.0011308790175181744,0.0010947066699215047,0.0011161582839466957,1555.1706699064596
1790995800,0.0011161582839466957,0.0011681452589053876,0.001113100698091823,0.0011681452589053876,1951.866763805737
1790995860,0.0011681452589053876,0.0011681452589053876,0.0011471657844961587,0.001158578009356074,416.4897234364009
1790995920,0.001158578009356074,0.0011768883144788473,0.0011452304956218017,0.0011720280470286744,2141.5334732384445
1790995980,0.0011720280470286744,0.0011766839655545864,0.00113413406439045,0.0011483675400164553,1574.7855660347068
1790996040,0.0011483675400164553,0.0011612147730234409,0.0011404344270071177,0.0011421034082834628,419.7067562432721
1790996100,0.0011421034082834628,0.00116710840092879,0.0011411581191322683,0.0011552394563090003,1068.4187217144224
1790996160,0.0011552394563090003,0.0011780343877317299,0.0011471857135968446,0.0011628910040750123,843.6435770135613
1790996220,0.0011628910040750123,0.0011807303273927423,0.0011466671945466163,0.0011661359262411979,1837.2202908419501
1790996280,0.0011661359262411979,0.001196145013891693,0.0011661359262411979,0.001183939935195579,618.9422458220736
1790996340,0.001183939935195579,0.0012028737786777548,0.001176958248246282,0.0012028737786777548,668.0477548098191
1790996400,0.0012028737786777548,0.0012028737786777548,0.0011382010609577882,0.001172826062253108,2932.7321092023462
1790996460,0.001172826062253108,0.001173369642457994,0.001147894572620542,0.001147894572620542,406.8114241338684
1790996520,0.001147894572620542,0.001147894572620542,0.001119652544128045,0.0011245049580030386,1387.5603567454853
1790996580,0.0011245049580030386,0.0011403661936302825,0.0011157125168884511,0.0011157125168884511,805.1928492597173
1790996640,0.0011157125168884511,0.0011395623912154012,0.0011072441364331693,0.001122431636655833,1146.912971602272
1790996700,0.001122431636655833,0.0011452046776008707,0.001122431636655833,0.0011317296928118992,700.7860687340079
1790996760,0.0011317296928118992,0.0011460887026545777,0.0011291296085981456,0.0011291296085981456,117.09018030408505
1790996820,0.0011291296085981456,0.001152768723621181,0.0011177068762258842,0.001142350337119599,976.1223037917678
1790996880,0.001142350337119599,0.0011564539475085358,0.0011195436262664428,0.0011195436262664428,1452.981191317411
1790996940,0.0011195436262664428,0.0011195436262664428,0.0010899593361315247,0.0011171938588490618,1237.7511268293722
1790997000,0.0011171938588490618,0.00111765153094928,0.001098577365226632,0.0011095278950975353,202.19481053556427
1790997060,0.0011095278950975353,0.0011095278950975353,0.0010552369229285016,0.0010552369229285016,2722.648340359488
1790997120,0.0010552369229285016,0.0010689639047660453,0.0009986247428361583,0.0010117763305003684,1749.1916815637328
1790997180,0.0010117763305003684,0.001020189442427578,0.0009913113667871327,0.001020189442427578,1171.502674005721
1790997240,0.001020189442427578,0.0010335677385608015,0.001008684385177557,0.001033317308656578,639.3777626842824
1790997300,0.001033317308656578,0.0010453159551697853,0.0010161503676434844,0.0010335308397045131,1547.3542532207373
1790997360,0.0010335308397045131,0.0010551528666237408,0.0009903716119079619,0.000994811524859062,3820.512329779976
1790997420,0.000994811524859062,0.0010018938444231963,0.0009832536879497856,0.0009868688884492772,768.7291588144163
1790997480,0.0009868688884492772,0.0010077686424631814,0.0009868688884492772,0.0010072320697385275,440.0894776261383
1790997540,0.0010072320697385275,0.0010087991392167958,0.000972016818824012,0.0009751921907783629,943.9493448002909
1790997600,0.0009751921907783629,0.0010011808959550015,0.0009552061428222614,0.000988105256449398,1729.3726214049782
1790997660,0.000988105256449398,0.0010010400032810596,0.0009792738555368555,0.0009792738555368555,661.5890611385018
1790997720,0.0009792738555368555,0.0009910962143388925,0.0009770972732425847,0.0009790768587690688,308.1581984517571
1790997780,0.0009790768587690688,0.000982625805403762,0.0009608197392212219,0.0009608197392212219,524.053468188276
1790997840,0.0009608197392212219,0.0009739230407107823,0.0009537951438439087,0.0009537951438439087,912.6963780931352
1790997900,0.0009537951438439087,0.0009586541783165272,0.0009388465838704914,0.0009564830206846157,633.0646482211866
1790997960,0.0009564830206846157,0.0009564830206846157,0.0009419762690885642,0.0009449082443775873,415.04467262819577
1790998020,0.0009449082443775873,0.001005625878863421,0.0009449082443775873,0.0009955431426616548,1672.8657300712748
1790998080,0.0009955431426616548,0.0009955431426616548,0.0009930253902810124,0.0009930253902810124,67.69257661377752
1790998140,0.0009930253902810124,0.0010052619637517534,0.0009615923636540945,0.0009686391636028843,1855.208246978055
1790998200,0.0009686391636028843,0.0009759050305082681,0.0009522604127362054,0.0009617119266409719,623.896269853363
1790998260,0.0009617119266409719,0.0009617119266409719,0.0009454651666633636,0.0009567773138273087,138.69612376505344
1790998320,0.0009567773138273087,0.0009846181968672684,0.0009272588369209744,0.0009827982213793931,2253.0067463146515
1790998380,0.0009827982213793931,0.000985153589576057,0.0009642513557783693,0.0009749081000727448,699.3694818429823
1790998440,0.0009749081000727448,0.0009749081000727448,0.0009518615125540543,0.0009518615125540543,396.8280582525324
1790998500,0.0009518615125540543,0.0009686296295784668,0.0009377970533646952,0.0009439058081583139,1359.916169805737
1790998560,0.0009439058081583139,0.0009462649383554433,0.0008844672364328996,0.0009123094407383292,6319.361514762026
1790998620,0.0009123094407383292,0.0009130813212023948,0.0008802008027297552,0.0009067996688243951,1958.62900700294
1790998680,0.0009067996688243951,0.0009483094043395321,0.0008666462540728338,0.0009028792430205313,6309.18058097475
1790998740,0.0009028792430205313,0.0009215408721308501,0.0008702935565075005,0.0009215408721308501,2893.2169485411578
1790998800,0.0009215408721308501,0.0009274103135775205,0.000895232808217151,0.000913531569762918,1535.3915510511858
1790998860,0.000913531569762918,0.0009173267781295971,0.0008690640567276737,0.0008760188286965389,3958.575745347968
1790998920,0.0008760188286965389,0.0008965883152793705,0.0008574602202411319,0.000886386159124742,2891.7149673725075
1790998980,0.000886386159124742,0.0009185555813578008,0.0008783084617700421,0.0009034020073136645,1364.1645479964695
1790999040,0.0009034020073136645,0.0009275529081388909,0.0009000712039376848,0.0009271662541385735,1234.4924888196206
1790999100,0.0009271662541385735,0.0009448263752728929,0.0008812127064680302,0.0009369574673138308,4539.241369674935
1790999160,0.0009369574673138308,0.0009413932261567472,0.0008778661686059896,0.000886177976497735,3514.593364538136
1790999220,0.000886177976497735,0.0009348335933846939,0.0008755604762291133,0.0009262232635956605,2311.8301750107694
1790999280,0.0009262232635956605,0.0009266429371682024,0.0008771942206702912,0.0008842166400035703,1618.5914123336884
1790999340,0.0008842166400035703,0.0008969139860495498,0.000878078716873921,0.000878078716873921,600.88083681229
1790999400,0.000878078716873921,0.0008974857074787063,0.0008718562431160532,0.0008827583794311398,1367.2418151358477
1790999460,0.0008827583794311398,0.0009003824290585173,0.0008667749326081705,0.0009003824290585173,921.9906227640806
1790999520,0.0009003824290585173,0.0009248608977349473,0.0008909715078404806,0.0009162640484918859,2530.7108268117067
1790999580,0.0009162640484918859,0.0009342952402423884,0.0009162640484918859,0.0009342952402423884,266.36701923223376
1790999640,0.0009342952402423884,0.0009342952402423884,0.0009050056963243854,0.0009056281870065619,643.2308797191827
1790999700,0.0009056281870065619,0.0009339923014621868,0.0009055009145749727,0.0009339923014621868,797.4366813173497
1790999760,0.0009339923014621868,0.0009379246186259655,0.0009246834747326448,0.0009263883823019263,145.44035939682556
1790999820,0.0009263883823019263,0.0009394498572625763,0.0009256146765241241,0.0009394498572625763,205.18007474794726
1790999880,0.0009394498572625763,0.0009443739821943337,0.0009252069611083611,0.0009256649083948262,686.0340966307826
1790999940,0.0009256649083948262,0.0009615163649187721,0.0009192366692799779,0.0009487224702710783,1379.7195934175243
1791000000,0.0009487224702710783,0.0009706280028564806,0.0009487224702710783,0.0009651238170513343,640.4467404356665
1791000060,0.0009651238170513343,0.0009968849126041081,0.0009626199169053125,0.0009816211841223287,1474.673378074635
1791000120,0.0009816211841223287,0.0009816211841223287,0.0009270878193186786,0.0009549937019287702,3030.2730446967325
1791000180,0.0009549937019287702,0.0009560986798430859,0.0009357337880247657,0.0009357337880247657,349.25020153547365
1791000240,0.0009357337880247657,0.0009470897826222093,0.0009154594312055171,0.0009154594312055171,1116.5395356993263
1791000300,0.0009154594312055171,0.0009212054841076916,0.0009056095530130295,0.0009056095530130295,501.2852993167755
1791000360,0.0009056095530130295,0.0009316569668899796,0.0009044063139299444,0.0009200618308029991,709.0678550799115
1791000420,0.0009200618308029991,0.0009378564464630956,0.0009154678770446567,0.0009154678770446567,1253.4370132965457
1791000480,0.0009154678770446567,0.0009211642482326389,0.0008968585861826654,0.0009065534172499232,932.2108667657196
1791000540,0.0009065534172499232,0.0009083626598475261,0.000877149269512875,0.000877149269512875,744.8367622972543
1791000600,0.000877149269512875,0.0008931473599896124,0.00086442213067089,0.0008647528754237118,1835.2760461515827
1791000660,0.0008647528754237118,0.0008753730647338971,0.0008056797921136953,0.0008432396842668462,5746.883102074387
1791000720,0.0008432396842668462,0.000906315323453708,0.0008427131269602939,0.000901499163287217,4307.933564241448
1791000780,0.000901499163287217,0.000901499163287217,0.000877741689947549,0.0008809626171615628,184.9568142803618
1791000840,0.0008809626171615628,0.0009108252593240716,0.0008809626171615628,0.0008918860712210086,1271.0761971926875
1791000900,0.0008918860712210086,0.0008930924877033383,0.0008772444212166089,0.0008878765918073824,513.8650192528432
1791000960,0.0008878765918073824,0.0008884937296234982,0.000860379169777989,0.0008715330184404815,909.8281706891
1791001020,0.0008715330184404815,0.0009305914741018636,0.0008603294459807526,0.0009242527473628736,2117.5693205731773
1791001080,0.0009242527473628736,0.0009242527473628736,0.0008554751225037016,0.00088091013326188,4088.2953505624882
1791001140,0.00088091013326188,0.0009025670628104135,0.0008725203958525967,0.0009007745833495747,1172.723880043153
1791001200,0.0009007745833495747,0.0009166245406905836,0.0008585713842925973,0.0008585713842925973,2807.5813803268297
1791001260,0.0008585713842925973,0.0008709393783567317,0.0008514874143351295,0.000866696857203275,763.2450875025452
1791001320,0.000866696857203275,0.0008786115270334446,0.000866696857203275,0.0008679442315947799,224.18434616623628
1791001380,0.0008679442315947799,0.0008681627946643091,0.0008675993171949314,0.0008675993171949314,22.343168355647855
1791001440,0.0008675993171949314,0.0009063266150981685,0.0008675993171949314,0.0008946928671783012,1165.846535342586
1791001500,0.0008946928671783012,0.0009098456101012297,0.000859445980840181,0.0008690396868686534,2542.511942532446
1791001560,0.0008690396868686534,0.000899172748408112,0.000859846162421752,0.000899172748408112,1097.1318800254526
1791001620,0.000899172748408112,0.0009083789888586513,0.0008869693262673512,0.0008987174717280836,424.83575609450173
1791001680,0.0008987174717280836,0.0009081481791612741,0.00089205574072757,0.0009037035095906493,288.15565778822753
1791001740,0.0009037035095906493,0.0009259586828559771,0.0008978456061317188,0.0008978456061317188,1296.51008824424
1791001800,0.0008978456061317188,0.0009060190500868495,0.0008772552204736943,0.0008772552204736943,681.9441933610716
1791001860,0.0008772552204736943,0.0008904856470160008,0.0008772552204736943,0.0008779887799737106,162.92586178708666
1791001920,0.0008779887799737106,0.0008899407617823017,0.0008737168777656727,0.0008877474001865948,1054.4343097902124
1791001980,0.0008877474001865948,0.0009227930791392949,0.0008780077276890379,0.0008780077276890379,2406.306682380272
1791002040,0.0008780077276890379,0.0009031723781632463,0.0008780077276890379,0.0008889318922212345,481.78818498024054
1791002100,0.0008889318922212345,0.0008973154666301885,0.000885208987683147,0.000886773971767238,114.3998846347828
1791002160,0.000886773971767238,0.0009054423291842287,0.000886773971767238,0.0009041112784319022,415.15832834858395
1791002220,0.0009041112784319022,0.0009172005216937635,0.000891967552894928,0.0009059895029517218,682.3464108361604
1791002280,0.0009059895029517218,0.000923374410723129,0.0009059895029517218,0.0009133492074638417,377.49318218707737
1791002340,0.0009133492074638417,0.0009133492074638417,0.0008971648027256743,0.0009093013579442715,637.2657006519422
1791002400,0.0009093013579442715,0.0009093013579442715,0.0008758675237121869,0.0008833827745366917,983.1290367041343
1791002460,0.0008833827745366917,0.0008946724290926813,0.000879417904622951,0.0008904344515537403,191.8391308710892
1791002520,0.0008904344515537403,0.0009030505634084667,0.0008886038278553461,0.000902853506973006,506.8130017080963
1791002580,0.000902853506973006,0.0009037307776651476,0.0008886678227520607,0.0009037307776651476,336.6677032724056
1791002640,0.0009037307776651476,0.0009103075453570124,0.0008972275449671169,0.0009085001566968801,297.7080206994477
1791002700,0.0009085001566968801,0.0009122427009755816,0.0008976308531945624,0.0009122427009755816,300.01215727476267
1791002760,0.0009122427009755816,0.0009122427009755816,0.0008941505165318852,0.0008941505165318852,228.12959590493563
1791002820,0.0008941505165318852,0.0009059640066042251,0.0008833606712976381,0.0008833606712976381,396.27670951055535
1791002880,0.0008833606712976381,0.0008958846428810177,0.0008833606712976381,0.0008958846428810177,82.94276689493007
1791002940,0.0008958846428810177,0.0008958846428810177,0.0008836268994984114,0.0008840951193567416,73.95849676203215
1791003000,0.0008840951193567416,0.0008944645719443225,0.0008822005698326742,0.0008830102417831992,72.75527617508308
1791003060,0.0008830102417831992,0.0008931558367325468,0.0008810720684860048,0.0008810720684860048,149.50703147888814
1791003120,0.0008810720684860048,0.0009313459276196378,0.0008810720684860048,0.0009116533308732452,2477.6644165084253
1791003180,0.0009116533308732452,0.0009431551919391243,0.0009116533308732452,0.0009235071071531064,1273.7379435777377
1791003240,0.0009235071071531064,0.0009235071071531064,0.0009008720415722329,0.0009015672944887851,688.3661320844643
1791003300,0.0009015672944887851,0.000935593460896991,0.0009008660827353131,0.0009224658808690604,1050.1492176517393
1791003360,0.0009224658808690604,0.0009381776392429036,0.0009224658808690604,0.0009254346476542438,342.05519963291863
1791003420,0.0009254346476542438,0.0009338346250364886,0.0009174990955534429,0.0009338346250364886,503.5879389050173
1791003480,0.0009338346250364886,0.0009357478270351265,0.0009112602358925085,0.0009112602358925085,622.938686355751
1791003540,0.0009112602358925085,0.0009262159711711467,0.0009100943512904301,0.0009225922899189317,238.90760653743354
1791003600,0.0009225922899189317,0.00093092539379815,0.0009173796526917397,0.0009173796526917397,165.754809878155
1791003660,0.0009173796526917397,0.0009279651532147846,0.0008800887200666035,0.0008939661138826187,1183.9239912156936
1791003720,0.0008939661138826187,0.0008939661138826187,0.0008802464596592958,0.0008843293010564778,227.62025324660823
1791003780,0.0008843293010564778,0.0008938961234404796,0.0008815430939057372,0.0008815430939057372,120.93903462349563
1791003840,0.0008815430939057372,0.0008928595436060199,0.0008801470929376747,0.0008813533687060397,59.411565925042645
1791003900,0.0008813533687060397,0.0009158413152419157,0.0008813533687060397,0.0009106928180611717,883.2739575080478
1791003960,0.0009106928180611717,0.0009196041414967407,0.000909065734153372,0.0009196041414967407,60.09495398886229
1791004020,0.0009196041414967407,0.0009198698560147324,0.0009078200942587158,0.0009078200942587158,168.8372055005367
1791004080,0.0009078200942587158,0.0009170780112709282,0.0009036144025861043,0.0009036144025861043,166.8829144230027
1791004140,0.0009036144025861043,0.0009272258034381946,0.0009036144025861043,0.000916307321406714,394.9426774063173
1791004200,0.000916307321406714,0.000972984654973357,0.000916307321406714,0.0009621437012178975,5104.428883690618
1791004260,0.0009621437012178975,0.0009681005227393585,0.0009344028988845894,0.0009468257121121709,1027.767257358066
1791004320,0.0009468257121121709,0.0009629250433675967,0.0009360602303036459,0.0009398683253077033,1600.269351616375
1791004380,0.0009398683253077033,0.0009519351329715354,0.0009358548444534595,0.0009406540005088712,318.31672973695163
1791004440,0.0009406540005088712,0.0009602284241367595,0.0009405293815383998,0.0009548095006795258,614.2604943047442
1791004500,0.0009548095006795258,0.0009616016409221667,0.0009374837545539253,0.0009415278055259691,656.4377856799732
1791004560,0.0009415278055259691,0.0009457822302840901,0.0009003460104139488,0.0009114254539185749,1182.7732863276758
1791004620,0.0009114254539185749,0.0009140706261393633,0.0009049736986195074,0.000904976466807712,143.7355873001789
1791004680,0.000904976466807712,0.0009493369038253854,0.000904976466807712,0.0009468569032549934,1225.0565042340286
1791004740,0.0009468569032549934,0.0009468569032549934,0.0009071186099715354,0.0009071186099715354,1714.1098422890393
1791004800,0.0009071186099715354,0.000919353557352144,0.0009057485110884753,0.0009159241210535291,295.61558528108264
1791004860,0.0009159241210535291,0.0009377234312625808,0.0009042170543098005,0.0009377234312625808,962.3703314702607
1791004920,0.0009377234312625808,0.000952996157567588,0.0009266776463036752,0.000952996157567588,943.3974271600079
1791004980,0.000952996157567588,0.0009543572262941288,0.0009427237079755711,0.0009543572262941288,185.88477428305387
1791005040,0.0009543572262941288,0.0009580528820882158,0.0009427106878122708,0.0009486121549699008,675.5190062355209
1791005100,0.0009486121549699008,0.0009498782754345928,0.0009373735203589184,0.0009373735203589184,127.20251073173385
1791005160,0.0009373735203589184,0.0009504783868813624,0.000936812445879128,0.0009404179446225934,167.9266538625095
1791005220,0.0009404179446225934,0.0009419759929895595,0.0009308097194084051,0.0009308097194084051,402.55114408959844
1791005280,0.0009308097194084051,0.0009459740697444456,0.0009303176559215806,0.0009438548562719883,270.9964108377734
1791005340,0.0009438548562719883,0.0009438548562719883,0.0009100232349904139,0.0009107364590068317,1197.1488462624186
1791005400,0.0009107364590068317,0.0009119047072658555,0.0008967015245529712,0.000910287636378759,790.0764031663125
1791005460,0.000910287636378759,0.0009134108730301146,0.0008939487864282082,0.0009030287775552237,559.1372766068635
1791005520,0.0009030287775552237,0.0009108799400819607,0.0008923649901728184,0.0009014641201651946,703.0919039113135
1791005580,0.0009014641201651946,0.0009494716995070954,0.0009014641201651946,0.0009478568724599434,1911.086273341834
1791005640,0.0009478568724599434,0.0009767324399744468,0.0009352156601002772,0.0009767324399744468,1058.835935801463
1791005700,0.0009767324399744468,0.0009767324399744468,0.0009622452689402595,0.000963080664260872,168.14925457865382
1791005760,0.000963080664260872,0.0009750908881233516,0.0009610213396805175,0.0009689485464876948,288.1247198526833
1791005820,0.0009689485464876948,0.0009892546099204078,0.0009567742023298078,0.000987322528724134,699.9814613122626
1791005880,0.000987322528724134,0.0010163563043798579,0.0009763380075427206,0.0010027874238890202,967.4994934341979
1791005940,0.0010027874238890202,0.0010054794421582064,0.0009875105156283712,0.0009896886235975424,587.9006832111721
1791006000,0.0009896886235975424,0.0010138672515294942,0.000984577606634069,0.0010138672515294942,1159.2687356470526
1791006060,0.0010138672515294942,0.0010301057865214687,0.0010124490513449332,0.0010197494672178546,695.4074353206029
1791006120,0.0010197494672178546,0.0010536094159107896,0.0010197494672178546,0.001030809404986715,2328.783329033755
1791006180,0.001030809404986715,0.0010394886087413803,0.0010176949829499079,0.0010176949829499079,652.3048022848855
1791006240,0.0010176949829499079,0.001030274570346915,0.0010077150327468308,0.0010151761703810255,732.1257752183479
1791006300,0.0010151761703810255,0.0010373171570778044,0.0010146032035194012,0.0010249771371775593,541.6692722899571
1791006360,0.0010249771371775593,0.001045602533552306,0.001020418832525363,0.0010257943549833938,1182.2409039508864
1791006420,0.0010257943549833938,0.0010381035696095898,0.0010071478500959052,0.0010071478500959052,516.8315374642756
1791006480,0.0010071478500959052,0.0010285127826766668,0.0010058830397966056,0.0010209395627624577,967.623568057383
1791006540,0.0010209395627624577,0.00103007263463026,0.0010142875450833207,0.0010151410256971367,355.41732904390324
1791006600,0.0010151410256971367,0.0010271888760157114,0.000993341860180287,0.001004793637544858,768.8173298988011
1791006660,0.001004793637544858,0.0010144640852018845,0.0009932628884689678,0.0010072419700713831,641.3180631394368
1791006720,0.0010072419700713831,0.001008386596243661,0.0009937709994409763,0.0009937709994409763,121.42524676656531
1791006780,0.0009937709994409763,0.0009960758184989354,0.0009750008441583007,0.0009750008441583007,623.2811563094433
1791006840,0.0009750008441583007,0.0009869675553688657,0.0009747443728021386,0.0009755052757783976,30.963123988731212
1791006900,0.0009755052757783976,0.0009888962890252939,0.0009720791690019662,0.0009720791690019662,493.70701558107356
1791006960,0.0009720791690019662,0.0009829344878598768,0.0009675809071062469,0.0009829344878598768,122.59338259949702
1791007020,0.0009829344878598768,0.0009921752341436369,0.0009771481941955075,0.0009921752341436369,378.6165216471375
1791007080,0.0009921752341436369,0.0009993876728963491,0.0009834896228454104,0.0009834896228454104,264.91841139784304
1791007140,0.0009834896228454104,0.0010121273968259645,0.0009834896228454104,0.0010115333908923302,841.7805498305654
1791007200,0.0010115333908923302,0.0010116622132183657,0.0010097180049080464,0.001010009831014557,66.21303839362774
1791007260,0.001010009831014557,0.0010114310040558825,0.0009983822305684726,0.0009983822305684726,444.837516551337
1791007320,0.0009983822305684726,0.0010317724344372202,0.0009983822305684726,0.0010317724344372202,677.9368956683911
1791007380,0.0010317724344372202,0.0010530473489169052,0.0010283931699715577,0.0010408293409882162,829.6437575255867
1791007440,0.0010408293409882162,0.0010408293409882162,0.0010199988215701652,0.001027910427412272,989.1398096367185
1791007500,0.001027910427412272,0.0010389882542644387,0.001016327392186553,0.0010389882542644387,338.89706290174234
1791007560,0.0010389882542644387,0.001079953102532414,0.0010322890121894795,0.0010786118528357323,1388.6839379044322
1791007620,0.0010786118528357323,0.0010795474576513694,0.0010624107903420411,0.0010624107903420411,140.6683582456223
1791007680,0.0010624107903420411,0.0010790788746940626,0.001052474188832043,0.0010666274554978184,1053.927054124839
1791007740,0.0010666274554978184,0.0010752922064711193,0.0010466924385550795,0.0010568115873782525,885.7915435216788
1791007800,0.0010568115873782525,0.001068190589686045,0.0010463103466079185,0.0010672687003394012,939.1562786709832
1791007860,0.0010672687003394012,0.0010759667981200573,0.0010544650464595975,0.0010709370994241153,500.8113474236181
1791007920,0.0010709370994241153,0.0010857335571845548,0.0010709370994241153,0.0010725525904584318,105.47214361329063
1791007980,0.0010725525904584318,0.0010725525904584318,0.0010210453637451587,0.0010350081164555243,1417.676014524104
1791008040,0.0010350081164555243,0.0010361913912918749,0.0010230176087501664,0.0010230176087501664,25.465925255754726
1791008100,0.0010230176087501664,0.0010486800658217686,0.001021396007674251,0.0010486800658217686,830.8292421525214
1791008160,0.0010486800658217686,0.0010607826763344007,0.0010403411319610525,0.0010466384963471842,418.87107138044325
1791008220,0.0010466384963471842,0.0010672682983020611,0.0010454260741012775,0.0010672682983020611,337.12639159477965
1791008280,0.0010672682983020611,0.0010702001695126208,0.0010562874223444233,0.0010702001695126208,82.73390244181408
1791008340,0.0010702001695126208,0.0010798738827179737,0.0010702001695126208,0.001074253009964176,483.38254364577097
1791008400,0.001074253009964176,0.001074253009964176,0.0010569863448331134,0.001062168450414449,706.1765580019307
1791008460,0.001062168450414449,0.0010626764214276296,0.0010423475334154354,0.0010423475334154354,440.3880913609689
1791008520,0.0010423475334154354,0.0010459897609078723,0.0010258102421378775,0.0010258102421378775,298.2640129238157
1791008580,0.0010258102421378775,0.0010673577159095846,0.0010258102421378775,0.0010555138983518863,803.5007588014129
1791008640,0.0010555138983518863,0.0010675588498387748,0.0010418947123083044,0.0010558136635173939,425.9608210238185
1791008700,0.0010558136635173939,0.0010558136635173939,0.0010316725105581775,0.0010436429349346059,376.249786896436
1791008760,0.0010436429349346059,0.0010436429349346059,0.001009440500030672,0.0010184739633061406,683.983191621553
1791008820,0.0010184739633061406,0.0010184739633061406,0.0009541071523485163,0.0009673724535761909,1606.184744425942
1791008880,0.0009673724535761909,0.0010210760442008714,0.0009576626522316308,0.0010153007497045582,1719.8976634114072
1791008940,0.0010153007497045582,0.001031962562836845,0.0010153007497045582,0.0010179821619381202,215.50014669077666
1791009000,0.0010179821619381202,0.0010287096227565608,0.0009984995363350709,0.0009984995363350709,576.0196301755368
1791009060,0.0009984995363350709,0.0010435708191177844,0.0009984995363350709,0.0010435708191177844,959.8425568446197
1791009120,0.0010435708191177844,0.001058666626386753,0.0010290306547453571,0.001056363833296437,1019.03367576058
1791009180,0.001056363833296437,0.0010894418365035262,0.0010561110500910001,0.0010767059005343201,1377.31545054008
1791009240,0.0010767059005343201,0.0010942486771912216,0.0010696956619535426,0.0010770517093148819,1174.8994978389578
1791009300,0.0010770517093148819,0.0011112834646060902,0.0010770517093148819,0.0010985382855779999,1337.9044023705385
1791009360,0.0010985382855779999,0.0011738771622319534,0.0010977132648690945,0.001125911540288929,5235.046844363529
1791009420,0.001125911540288929,0.0011337759976718686,0.001114239329298047,0.0011337759976718686,522.4136864500479
1791009480,0.0011337759976718686,0.0011634894901518468,0.0011219465700277305,0.0011634894901518468,1325.0827393067543
1791009540,0.0011634894901518468,0.0012224904870149315,0.0011634894901518468,0.0011935386613858342,3077.83981893093
1791009600,0.0011935386613858342,0.0012213052048948264,0.0011890486716111264,0.0011996750196935743,1935.4116186207389
1791009660,0.0011996750196935743,0.0012389043838496813,0.0011996750196935743,0.0012344178202731524,1425.4960800946035
1791009720,0.0012344178202731524,0.0012527885222483753,0.0012224931461965356,0.0012321028193210109,832.043375628912
1791009780,0.0012321028193210109,0.0012458833956116649,0.0011768279017481547,0.0012138700074083133,3939.4001847748245
1791009840,0.0012138700074083133,0.0012566503259444296,0.0012004596929338237,0.0012566503259444296,1100.7505336637264
1791009900,0.0012566503259444296,0.0012566503259444296,0.0012075613463018915,0.0012218763561712691,1126.2321597369287
1791009960,0.0012218763561712691,0.0012379587362492364,0.0012174038910156395,0.0012379587362492364,175.26546388801611
1791010020,0.0012379587362492364,0.0012401697016771556,0.00122329316939209,0.00122329316939209,157.6154965769651
1791010080,0.00122329316939209,0.0012409726120404326,0.0012226328859763537,0.0012267183280216232,199.21856424123357
1791010140,0.0012267183280216232,0.0012464022447833984,0.0012239397625521972,0.001224892680469995,831.1034620650697
1791010200,0.001224892680469995,0.001232321502076037,0.0011636768619821434,0.0011636768619821434,1438.9720813667316
1791010260,0.0011636768619821434,0.0011636768619821434,0.0011296631512118115,0.0011296631512118115,1451.9006348511798
1791010320,0.0011296631512118115,0.001145253836476411,0.0011274356616558972,0.0011407494595684748,414.8487731320422
1791010380,0.0011407494595684748,0.0011407494595684748,0.0011017432407979739,0.0011017432407979739,1583.903553688316
1791010440,0.0011017432407979739,0.0011098567892079058,0.001087766298811328,0.0011098567892079058,255.43162116077698
1791010500,0.0011098567892079058,0.0011109641259189314,0.001087311503052445,0.001087311503052445,298.8361289969362
1791010560,0.001087311503052445,0.0011011808181678282,0.0010859640251915039,0.0010870139678554943,312.733621187096
1791010620,0.0010870139678554943,0.0011204574779117558,0.0010870139678554943,0.0011102532336770444,681.4268101997685
1791010680,0.0011102532336770444,0.0011336899520978337,0.0011100416740837474,0.0011260005573512455,471.4903023346494
1791010740,0.0011260005573512455,0.0011402982474176455,0.0011116358543983584,0.0011250871955777034,850.8452455241132
1791010800,0.0011250871955777034,0.0011475987717184243,0.0011241097990348505,0.0011474397148476465,317.4169863041451
1791010860,0.0011474397148476465,0.0011592811967365301,0.001141624802706969,0.0011437255956380915,726.9077286842054
1791010920,0.0011437255956380915,0.0011534473340358497,0.0010865712053895206,0.0010926304652804388,3107.296748993478
1791010980,0.0010926304652804388,0.0010972684373906187,0.0010802283006111147,0.0010802283006111147,264.43786743987914
1791011040,0.0010802283006111147,0.0010928830280546764,0.0010666336123548257,0.0010666336123548257,435.7146958467668
1791011100,0.0010666336123548257,0.001079016079636819,0.0010648170859310368,0.0010652093382656973,74.03506056322351
1791011160,0.0010652093382656973,0.0010782619767498406,0.0010652093382656973,0.0010664253492654037,40.6782938137512
1791011220,0.0010664253492654037,0.0010848307199427573,0.0010661528858730666,0.0010848307199427573,284.808048450321
1791011280,0.0010848307199427573,0.001086451562032852,0.0010701006988416899,0.0010757876899818398,404.6710215615235
1791011340,0.0010757876899818398,0.0010926479421658013,0.0010739900499680702,0.0010797357890208385,276.2271907860218
1791011400,0.0010797357890208385,0.0010920474924763525,0.0010776143755298147,0.0010912606724532853,48.08666349166418
1791011460,0.0010912606724532853,0.0011102289057348116,0.0010912606724532853,0.0011099914844910732,836.1863854233471
1791011520,0.0011099914844910732,0.0011247827615981157,0.0011099317543930992,0.0011247827615981157,91.73275836535842
1791011580,0.0011247827615981157,0.0011263513098105594,0.0011097132069425508,0.0011097132069425508,131.53672618851832
1791011640,0.0011097132069425508,0.001123514871645886,0.0011082454423208188,0.0011085242359267268,90.78626272859753
1791011700,0.0011085242359267268,0.0011215339994417029,0.0011052796566291554,0.0011052796566291554,88.70173002311516
1791011760,0.0011052796566291554,0.0011097051173360368,0.001093196407759493,0.0011071439791792619,413.34032936853646
1791011820,0.0011071439791792619,0.0011099388068919653,0.0010947569100117425,0.0011099388068919653,129.16743093857454
1791011880,0.0011099388068919653,0.0011223762780297037,0.0011067535386630007,0.0011206029497447148,417.0651593804909
1791011940,0.0011206029497447148,0.0011212670741121017,0.0011063884229267165,0.0011063884229267165,85.1296241245658
1791012000,0.0011063884229267165,0.0012020994705103285,0.0011047510246303053,0.001191388814636459,2424.857340860292
1791012060,0.001191388814636459,0.0012421084087357048,0.001191388814636459,0.0012296863109790628,1385.373765034405
1791012120,0.0012296863109790628,0.0012354730629354441,0.0012139917146957676,0.0012326156814368334,544.5650126335149
1791012180,0.0012326156814368334,0.0012514327933431245,0.0012168202097383575,0.001243367945724296,983.540067696818
1791012240,0.001243367945724296,0.001246394659037097,0.0012308489607583252,0.0012461164165010529,390.49483240114967
1791012300,0.0012461164165010529,0.0012542767197361033,0.0012310452421471095,0.0012542767197361033,1306.0779040249179
1791012360,0.0012542767197361033,0.0012808397424080463,0.0012039100251318032,0.0012039100251318032,2869.208100303877
1791012420,0.0012039100251318032,0.0012039100251318032,0.001164963604350057,0.001164963604350057,689.9413934449065
1791012480,0.001164963604350057,0.0011851983723484656,0.001164963604350057,0.0011851983723484656,433.2620314090443
1791012540,0.0011851983723484656,0.0011985743141738612,0.0011606316013510732,0.001174893739326147,920.1308342833086
1791012600,0.001174893739326147,0.001174893739326147,0.0011504767374906958,0.0011624744936093866,314.8928914649077
1791012660,0.0011624744936093866,0.0011624744936093866,0.0011184529887446279,0.0011217103311902024,1252.9444619935402
1791012720,0.0011217103311902024,0.0011758696625773322,0.0011214512762087573,0.0011758696625773322,1573.8671802489507
1791012780,0.0011758696625773322,0.0011766449999783021,0.00114108790881071,0.001155655363689863,566.3760449372083
1791012840,0.001155655363689863,0.001155655363689863,0.0011311957109892785,0.0011311957109892785,478.47417054018734
1791012900,0.0011311957109892785,0.0011525618444973398,0.001130645879550123,0.0011525618444973398,428.5060836888512
1791012960,0.0011525618444973398,0.0011578763472096742,0.001138445046718923,0.0011460831160034456,287.685524983675
1791013020,0.0011460831160034456,0.0011625724178176836,0.0011444746236010034,0.0011625724178176836,127.0967719801196
1791013080,0.0011625724178176836,0.0011625724178176836,0.0011192129955104773,0.0011193626936442807,1096.8222786337235
1791013140,0.0011193626936442807,0.0011307247304927083,0.0011156652958762777,0.0011293351499945515,361.00827635343774
1791013200,0.0011293351499945515,0.001129804875283769,0.0011171283275627213,0.0011171283275627213,27.541137547392218
1791013260,0.0011171283275627213,0.0011294324955998174,0.0011080188988454433,0.0011080188988454433,328.5495689832149
1791013320,0.0011080188988454433,0.0011226085717732771,0.001107800349670047,0.001107800349670047,168.15355241880158
1791013380,0.001107800349670047,0.001119598694255696,0.0010829137562972644,0.0010903967906402917,1555.3745719246372
1791013440,0.0010903967906402917,0.0010951592909928252,0.0010843559858504078,0.0010843559858504078,149.9566389002949
1791013500,0.0010843559858504078,0.00108788268423347,0.001070075916303774,0.001083993852951019,476.7206094550869
1791013560,0.001083993852951019,0.0011085588676075127,0.001083993852951019,0.0011085588676075127,1016.8381310216757
1791013620,0.0011085588676075127,0.0011378168392951846,0.001091516883488111,0.0011193114550755207,1386.8946408247598
1791013680,0.0011193114550755207,0.0011193114550755207,0.0011124611667803646,0.0011124611667803646,170.17762947383432
1791013740,0.0011124611667803646,0.0011152926101559509,0.0010738077323389516,0.0010738077323389516,1032.220069934021
1791013800,0.0010738077323389516,0.001106380623733236,0.0010738077323389516,0.0010928156239609938,567.1332014168586
1791013860,0.0010928156239609938,0.0011038371359410855,0.001087033868608423,0.001087033868608423,294.74455746308075
1791013920,0.001087033868608423,0.0011065762747945213,0.001082751499899308,0.0011065762747945213,564.5572022771042
1791013980,0.0011065762747945213,0.0011065762747945213,0.001099053599068132,0.001099053599068132,41.61137211385769
1791014040,0.001099053599068132,0.001099053599068132,0.0010984046943753327,0.0010984046943753327,23.880053168322075
1791014100,0.0010984046943753327,0.0010984046943753327,0.0010978528207669098,0.0010978528207669098,21.035784168065963
1791014160,0.0010978528207669098,0.00111086191018424,0.0010962668559343558,0.0010962668559343558,69.43867537538613
1791014220,0.0010962668559343558,0.0011003268769241613,0.0010851606686002552,0.0011003268769241613,610.7673059824373
1791014280,0.0011003268769241613,0.0011042805313490605,0.0010881604685306695,0.0010881604685306695,84.65651614761187
1791014340,0.0010881604685306695,0.0010881604685306695,0.0010846041393171954,0.0010846041393171954,89.31217185996788
1791014400,0.0010846041393171954,0.0010966916860849522,0.00108374366945614,0.00108374366945614,45.76345492639929
1791014460,0.00108374366945614,0.001097860118772748,0.0010834915277629887,0.0010834915277629887,128.09585677845223
1791014520,0.0010834915277629887,0.0010887176952864546,0.001074903500204603,0.001074903500204603,213.2592796931294
1791014580,0.001074903500204603,0.001088543973411351,0.0010739377119267275,0.001088543973411351,60.35624830571019
1791014640,0.001088543973411351,0.0010895244599516856,0.0010242297987144264,0.001025246079626674,1829.6226189984939
1791014700,0.001025246079626674,0.0010522324056766734,0.0010236927646116558,0.0010236927646116558,1509.8065178307124
1791014760,0.0010236927646116558,0.0010243251855690846,0.0010116295902144034,0.0010116295902144034,111.9361034184721
1791014820,0.0010116295902144034,0.001023660481397702,0.001000511077147563,0.001011385744843775,1044.841973962895
1791014880,0.001011385744843775,0.0010302901881696347,0.0010043325691272062,0.0010295370232760973,890.144973857379
1791014940,0.0010295370232760973,0.001040445020094715,0.001024250309756058,0.001024250309756058,211.17043043326856
1791015000,0.001024250309756058,0.0010367682039197584,0.00101443121102428,0.0010148000006668244,349.6467034317917
1791015060,0.0010148000006668244,0.0010342785525359803,0.0010137635772915457,0.0010239822350491977,722.9394587382168
1791015120,0.0010239822350491977,0.0010409940303955662,0.0010232702281454803,0.0010282981224373437,220.6044667684733
1791015180,0.0010282981224373437,0.0010614105862952986,0.001026898835468498,0.0010614105862952986,797.7898281044878
1791015240,0.0010614105862952986,0.0010614105862952986,0.0010350041224455274,0.0010350041224455274,368.39815799536956
1791015300,0.0010350041224455274,0.0010479739780863587,0.001022645587876608,0.0010374088978364162,556.7815126614067
1791015360,0.0010374088978364162,0.001051934015778769,0.0010368468315944351,0.0010368468315944351,459.94565180812987
1791015420,0.0010368468315944351,0.0010487745070937064,0.0010272355646887745,0.0010272355646887745,526.307921799837
1791015480,0.0010272355646887745,0.001036765051027005,0.0010226512731934616,0.001036765051027005,126.3055593832282
1791015540,0.001036765051027005,0.001036765051027005,0.001023948330189362,0.001023948330189362,24.395563542446585
1791015600,0.001023948330189362,0.001035214034207692,0.0010223674430657808,0.0010230867774279338,64.50849090063068
1791015660,0.0010230867774279338,0.001036911528941869,0.0010012774370602696,0.0010012774370602696,755.2468698562164
1791015720,0.0010012774370602696,0.0010129349455624296,0.0009548959025131032,0.0009862235856720578,2987.0511674255117
1791015780,0.0009862235856720578,0.000989667317511418,0.0009739663302706893,0.0009787153768268263,347.2258596923548
1791015840,0.0009787153768268263,0.0009787153768268263,0.0009289372569561966,0.0009296054665897546,1758.4563379885235
1791015900,0.0009296054665897546,0.0009339208325471071,0.0008597267771762816,0.0008597267771762816,3838.4119684394627
1791015960,0.0008597267771762816,0.0009074898058641263,0.0008418978210365867,0.0008520943727347725,4123.559996141287
1791016020,0.0008520943727347725,0.0008662618943061531,0.0008403667301899696,0.0008639792131737502,1904.0868913533623
1791016080,0.0008639792131737502,0.0008677405881730991,0.0008532191726648598,0.0008638971319032308,425.11942797817096
1791016140,0.0008638971319032308,0.0008638971319032308,0.0008337367781271675,0.0008609807483338476,1634.9304090165294
1791016200,0.0008609807483338476,0.0009001613319312374,0.0008349211066357015,0.0008655203942493782,3876.670921284726
1791016260,0.0008655203942493782,0.0008655203942493782,0.0008363523196785977,0.0008483079336446946,834.1910856181767
1791016320,0.0008483079336446946,0.000852419282277228,0.0008346333844063305,0.0008393197946363473,421.50422219233025
1791016380,0.0008393197946363473,0.0008442026038865132,0.0008303963964737788,0.0008435076253772904,455.2559832175675
1791016440,0.0008435076253772904,0.0008435076253772904,0.0008242930713130157,0.0008343630097106663,1118.8725643351486
1791016500,0.0008343630097106663,0.0008371484980174516,0.0008247917219949941,0.0008371484980174516,155.75216221501952
1791016560,0.0008371484980174516,0.0009022555557700941,0.0008268074820252026,0.0009022555557700941,1975.5849410712467
1791016620,0.0009022555557700941,0.0009205481884170492,0.0008688672228367933,0.0009131273839411905,2661.452645387461
1791016680,0.0009131273839411905,0.000978437301425524,0.0009131273839411905,0.0009651003363501963,5537.220355445069
1791016740,0.0009651003363501963,0.0009786734282963333,0.0009455951700482802,0.0009463717299060321,1237.8175403710884
1791016800,0.0009463717299060321,0.0010187167518690623,0.0009420732293027634,0.000979412175250755,5401.804364758328
1791016860,0.000979412175250755,0.0010238341969155845,0.0009584793907908653,0.0010228821493651669,3805.8363772099297
1791016920,0.0010228821493651669,0.0010362537905946004,0.001010063415690006,0.0010362537905946004,989.8443809093302
1791016980,0.0010362537905946004,0.0010378953258580932,0.0010200791751605626,0.0010200791751605626,342.0725738272254
1791017040,0.0010200791751605626,0.0010284958511641846,0.0010097864502647883,0.0010100342753866494,304.65857928249875
1791017100,0.0010100342753866494,0.0010223200761428817,0.0010031174784521798,0.0010031174784521798,208.89872086429557
1791017160,0.0010031174784521798,0.0010275812822321557,0.0009768204141440704,0.0009776098854629336,1838.324113663493
1791017220,0.0009776098854629336,0.000981965053033726,0.0009500642169956644,0.000981965053033726,1500.1472371584605
1791017280,0.000981965053033726,0.0009937804896938908,0.0009589364069218613,0.0009937804896938908,1452.5729419023087
1791017340,0.0009937804896938908,0.0010190614260354137,0.000985547517235203,0.001010179458752168,893.105530334823
1791017400,0.001010179458752168,0.0010608350705882898,0.001007841913867792,0.0010453212763852757,2958.407102123489
1791017460,0.0010453212763852757,0.001177208632327957,0.001044581472365561,0.001161185625587709,4589.729654008345
1791017520,0.001161185625587709,0.0011904793895534374,0.0011472064532965706,0.0011904793895534374,2333.7270552770588
1791017580,0.0011904793895534374,0.0012392154653152237,0.0011904793895534374,0.0012149337849158102,1650.7647114478132
1791017640,0.0012149337849158102,0.0012576364831213686,0.0012134965997314673,0.0012569502821359658,1986.969285643416
1791017700,0.0012569502821359658,0.0012855304208624074,0.0012190983585758603,0.001282697219371223,3219.1018354831776
1791017760,0.001282697219371223,0.0012836204640722627,0.0012217639002948186,0.0012476794560216744,3677.7710708638283
1791017820,0.0012476794560216744,0.0012960671988279612,0.0012405500731099623,0.0012897047995194392,1586.205105788519
1791017880,0.0012897047995194392,0.0013922319902242054,0.0012895242436701338,0.0013409949819815587,6219.8990422806855
1791017940,0.0013409949819815587,0.001422989735499761,0.0013409949819815587,0.0014215912949017662,3576.8958733669683
1791018000,0.0014215912949017662,0.0014864728097764366,0.0014124278947386867,0.0014466240024404444,3959.5400907765465
1791018060,0.0014466240024404444,0.0014774520187721255,0.0013812642287965526,0.0013812642287965526,4736.323088939186
1791018120,0.0013812642287965526,0.0014123512912682236,0.0013708884181952356,0.0014031901397904127,2565.2716728291525
1791018180,0.0014031901397904127,0.0014063438109648038,0.0013488926182233256,0.0013549711520745706,2418.046554244786
1791018240,0.0013549711520745706,0.001361180139613996,0.0013222227501814266,0.0013388949049567898,909.1582692341026
1791018300,0.0013388949049567898,0.001350535302961552,0.0013168630334759656,0.0013332700122170016,1028.5592810398189
1791018360,0.0013332700122170016,0.001334236574714972,0.0012910350939010287,0.0013050685951219605,796.495126405159
1791018420,0.0013050685951219605,0.0013085573270917707,0.0012490385915811845,0.0012711839834313966,2039.802584660596
1791018480,0.0012711839834313966,0.001278860017011513,0.0012544549360889562,0.001278860017011513,408.7479014017041
1791018540,0.001278860017011513,0.001278860017011513,0.0012539690298259325,0.0012701243010998712,327.04126734529353
1791018600,0.0012701243010998712,0.0013129863926245316,0.0012492612280225076,0.0012874458447990518,2844.9444796103144
1791018660,0.0012874458447990518,0.0013010545159780737,0.0012662403303826735,0.0012662403303826735,868.8887669979291
1791018720,0.0012662403303826735,0.0012793010199819916,0.0012636946639072615,0.0012793010199819916,86.0889165277376
1791018780,0.0012793010199819916,0.0012808910332178175,0.0012636077767278976,0.0012650181540580867,461.08739492965066
1791018840,0.0012650181540580867,0.001278968841387824,0.0012608583933696267,0.0012608583933696267,165.10185498405886
1791018900,0.0012608583933696267,0.001268142384491068,0.001248095464003871,0.0012592163496202558,765.704532554596
1791018960,0.0012592163496202558,0.0012592163496202558,0.0012375630545461182,0.0012376815628774075,354.92697786429216
1791019020,0.0012376815628774075,0.0012590353535671872,0.0012353054536802237,0.001252640869031266,752.145069697214
1791019080,0.001252640869031266,0.0012679348981893958,0.0012371428808772265,0.001240764502024449,1169.824064034682
1791019140,0.001240764502024449,0.0012417424852195547,0.0012260938574625165,0.0012387788682552095,142.83585856519485
1791019200,0.0012387788682552095,0.0012405117360129463,0.0012148931970911664,0.0012148931970911664,524.3196189553439
1791019260,0.0012148931970911664,0.0012593022800848216,0.001212551460957078,0.0012400020846288925,1130.5625486684585
1791019320,0.0012400020846288925,0.001260460906089952,0.001236763596441331,0.001260460906089952,521.1876494401885
1791019380,0.001260460906089952,0.0013346677455080994,0.0012543653535051112,0.0013346677455080994,2888.422639972532
1791019440,0.0013346677455080994,0.0013482298812245825,0.0013213555351614097,0.0013414552184724112,1151.2741840233712
1791019500,0.0013414552184724112,0.001346707663538791,0.0013296146852872315,0.001346707663538791,159.8320612580837
1791019560,0.001346707663538791,0.0013481668043191456,0.00132270578388407,0.00132270578388407,424.47670671722585
1791019620,0.00132270578388407,0.0013365590147689536,0.0013139637721423154,0.0013144692783450573,335.4582350956357
1791019680,0.0013144692783450573,0.001329957780164167,0.001311637298571702,0.0013272421231520703,91.07542293627651
1791019740,0.0013272421231520703,0.0013283679843061947,0.0012970991035941087,0.0013010656421337233,707.6209933199553
1791019800,0.0013010656421337233,0.0013010656421337233,0.0012693146463933615,0.001290201552568999,1095.896328597577
1791019860,0.001290201552568999,0.001290201552568999,0.0012822115431713303,0.0012822115431713303,21.33914275769343
1791019920,0.0012822115431713303,0.0012822115431713303,0.0012586821321484204,0.0012729351430366743,626.572260571294
1791019980,0.0012729351430366743,0.0012768442865144915,0.0012729351430366743,0.0012768442865144915,71.58278430758915
1791020040,0.0012768442865144915,0.0012768442865144915,0.001257004196484342,0.0012602568303039727,158.02533239840014
1791020100,0.0012602568303039727,0.0012685622015192772,0.0012171497707585363,0.0012171497707585363,1993.5862360569588
1791020160,0.0012171497707585363,0.0012239740246125803,0.00120208025046539,0.0012077337619787094,561.7013784160522
1791020220,0.0012077337619787094,0.0012251425243206544,0.001186360137757789,0.0012251425243206544,1577.7002780931966
1791020280,0.0012251425243206544,0.0012399736277900549,0.0012251425243206544,0.0012265486232252184,49.2992198067265
1791020340,0.0012265486232252184,0.0012491264115386258,0.0012265486232252184,0.001234483608018277,352.66543603833895
1791020400,0.001234483608018277,0.0012505106221257787,0.0012306069123454203,0.0012319495411102861,209.15285348240056
1791020460,0.0012319495411102861,0.0012486425337128978,0.0012319495411102861,0.0012464880542190767,212.09114410809605
1791020520,0.0012464880542190767,0.0012482480731610963,0.0012282201067132486,0.001231217848980524,431.79570129397575
1791020580,0.001231217848980524,0.001260841316405754,0.001231217848980524,0.0012585314929756182,602.7776413749333
1791020640,0.0012585314929756182,0.0012806329333762898,0.0012585314929756182,0.001265406834268199,916.8850287805349
1791020700,0.001265406834268199,0.0012828705771058629,0.001257511951102145,0.0012584501350001414,508.80213780598905
1791020760,0.0012584501350001414,0.0012584501350001414,0.0012535004489260505,0.0012535004489260505,83.26055895616798
1791020820,0.0012535004489260505,0.0012612145891457674,0.001248022094772094,0.0012612145891457674,233.43558775756128
1791020880,0.0012612145891457674,0.0012631018444217764,0.0012477625662373774,0.0012477625662373774,34.04104171420084
1791020940,0.0012477625662373774,0.0012872385076625093,0.0012470812584493296,0.001278602201879781,772.669174616473
1791021000,0.001278602201879781,0.001293685686803556,0.0012543054303284723,0.0012543054303284723,600.0797347319809
1791021060,0.0012543054303284723,0.0012920742375814422,0.0012543054303284723,0.0012751828396548334,615.5750917472179
1791021120,0.0012751828396548334,0.0012833486171455327,0.0012682369228599396,0.0012833486171455327,314.98409494203565
1791021180,0.0012833486171455327,0.0012896763627961558,0.0012665658323114182,0.0012896763627961558,394.3924381662051
1791021240,0.0012896763627961558,0.001293496804657127,0.0012762491181779636,0.0012777036293034252,216.18937610163326
1791021300,0.0012777036293034252,0.0012956770224129353,0.0012765077804992463,0.0012956770224129353,383.379784704892
1791021360,0.0012956770224129353,0.001306054917137796,0.0012912643041926117,0.0012912643041926117,107.16033157893995
1791021420,0.0012912643041926117,0.0012912643041926117,0.0012911604738036048,0.0012911604738036048,0.09906858820811981
1791021480,0.0012911604738036048,0.0013002722609870418,0.0012835514192367828,0.0012835514192367828,225.49755788399884
1791021540,0.0012835514192367828,0.0012930981266284023,0.001254568592418482,0.001254568592418482,803.0216684973154
1791021600,0.001254568592418482,0.0012684542352470597,0.001210073179618237,0.0012146663873398576,1424.6426296516668
1791021660,0.0012146663873398576,0.001214832155444019,0.0011991939754198613,0.0012000112407749856,48.46075650558561
1791021720,0.0012000112407749856,0.0012000112407749856,0.0011877555665902393,0.0011877555665902393,386.0876123345398
1791021840,0.0011877555665902393,0.0011986006155240696,0.0011723645276459423,0.0011723645276459423,713.431043094799
1791021900,0.0011723645276459423,0.0011857544287678544,0.0011723645276459423,0.0011857544287678544,292.74973366081963
1791021960,0.0011857544287678544,0.0011857544287678544,0.001170047797455406,0.001182057731807463,249.0255117038637
1791022020,0.001182057731807463,0.0011940801625006433,0.0011643871310284381,0.001189961531888994,531.9616228804863
1791022080,0.001189961531888994,0.0011956798079434776,0.0011728322868829067,0.0011871088278735593,391.90873220329
1791022140,0.0011871088278735593,0.0011889588453813584,0.0011352064441651302,0.0011352064441651302,1054.4192739809462
1791022200,0.0011352064441651302,0.0011352064441651302,0.0010701350071609971,0.0010769792417670123,6385.346220519536
1791022260,0.0010769792417670123,0.0010799248362324992,0.0010655399292422722,0.0010655399292422722,264.7599573830898
1791022320,0.0010655399292422722,0.0010788388475296998,0.001048845015001273,0.001064863218362155,779.1841165288916
1791022380,0.001064863218362155,0.0010694880827819102,0.0010521146243813004,0.001064155396128118,1045.9540236585442
1791022440,0.001064155396128118,0.0010644853394734932,0.0010406496710578968,0.0010563242152950383,552.5249524459715
1791022500,0.0010563242152950383,0.0010666357742587312,0.0010485358660432351,0.0010666357742587312,638.6126969058924
1791022560,0.0010666357742587312,0.0010781438961384897,0.0010600297566110807,0.001076285448246653,538.3687903350923
1791022620,0.001076285448246653,0.0011016043369075801,0.00106360618806527,0.0010894693899881106,924.4184215357604
1791022680,0.0010894693899881106,0.001100911748905386,0.00108665159696996,0.00108665159696996,91.8773845172796
1791022740,0.00108665159696996,0.0011317516517178033,0.00108665159696996,0.0011131457311705484,1440.4573190682438
1791022800,0.0011131457311705484,0.0011131457311705484,0.0010874416946116971,0.0011031058550160049,743.4507506003725
1791022860,0.0011031058550160049,0.001109985045806457,0.0010954163545735948,0.0010954163545735948,314.2836274894751
1791022920,0.0010954163545735948,0.0011071066830110055,0.0010929478017290678,0.0011071066830110055,114.02962627260278
1791022980,0.0011071066830110055,0.0011071066830110055,0.00109459696048647,0.001094622534701026,18.616131294408092
1791023040,0.001094622534701026,0.0011078923955793137,0.0010782972544326737,0.0010782972544326737,480.2225801153869
1791023100,0.0010782972544326737,0.0010899667302751797,0.0010765086350132242,0.0010899667302751797,68.8485526289966
1791023160,0.0010899667302751797,0.0011048758917834081,0.0010887433349861455,0.0011048758917834081,765.854445119766
1791023220,0.0011048758917834081,0.0011139162801730032,0.0010900172572373015,0.0011105395197083512,818.9561401890527
1791023280,0.0011105395197083512,0.0011105395197083512,0.001108336032207252,0.001109111807376527,49.84847659662463
1791023340,0.001109111807376527,0.0011222464194436978,0.0010913469539646087,0.0010913469539646087,469.6470384631684
1791023400,0.0010913469539646087,0.0011272602220842541,0.0010913469539646087,0.0011239651512156895,1115.5968346191069
1791023460,0.0011239651512156895,0.0011239651512156895,0.0011001622977944246,0.0011001622977944246,1107.5489750701813
1791023520,0.0011001622977944246,0.0011309445233539097,0.0010898279199547736,0.0011309445233539097,819.0730289963382
1791023580,0.0011309445233539097,0.0011309445233539097,0.0011154450667683958,0.0011161390739776729,76.53938184546936
1791023640,0.0011161390739776729,0.001131105068544141,0.0011161390739776729,0.001131105068544141,125.23228077958139
1791023700,0.001131105068544141,0.0011317632388009172,0.0010987643115498292,0.0010989707056540472,889.7818228720074
1791023760,0.0010989707056540472,0.0010989707056540472,0.0010838097320174792,0.0010838097320174792,64.0680708575861
1791023820,0.0010838097320174792,0.001100519042070662,0.001063915132319596,0.001063915132319596,1460.2038020751422
1791023880,0.001063915132319596,0.001075422343039809,0.0010427666503634797,0.001050600010974179,1292.7228990238013
1791023940,0.001050600010974179,0.0010919941390415476,0.001050600010974179,0.0010919941390415476,938.5277140429673
1791024000,0.0010919941390415476,0.0010919941390415476,0.0010641633569148329,0.0010641633569148329,490.19884747507996
1791024060,0.0010641633569148329,0.0010904704139503558,0.0010641633569148329,0.0010868263842305605,785.8150584588263
1791024120,0.0010868263842305605,0.0010868263842305605,0.0010785232683129954,0.0010785232683129954,180.90362600157854
1791024180,0.0010785232683129954,0.00109250511889686,0.001078396692909955,0.00109250511889686,44.804855087577096
1791024240,0.00109250511889686,0.0010938795674193535,0.001080223757474203,0.001080223757474203,159.33683451095948
1791024300,0.001080223757474203,0.0010950436758065845,0.0010792411948027994,0.0010929157155089434,229.9363308301805
1791024360,0.0010929157155089434,0.0010929157155089434,0.0010678531334273069,0.0010804279611876806,338.5928484624193
1791024420,0.0010804279611876806,0.0010804279611876806,0.0010664725241659914,0.0010664725241659914,36.58139145833095
1791024480,0.0010664725241659914,0.0010916880777334566,0.0010664725241659914,0.0010916880777334566,320.65989131145477
1791024540,0.0010916880777334566,0.0010916880777334566,0.001064575781166093,0.0010801151385904505,682.804904905062
1791024600,0.0010801151385904505,0.001087177327072747,0.001061977368796912,0.001061977368796912,524.7850880102357
1791024660,0.001061977368796912,0.001061977368796912,0.0010413480075905951,0.0010413480075905951,613.6565352175312
1791024720,0.0010413480075905951,0.0010577739625806425,0.001036763079315561,0.0010577739625806425,507.2364887791136
1791024780,0.0010577739625806425,0.0010577739625806425,0.0010448101681555832,0.0010450781150935099,19.18470778408193
1791024840,0.0010450781150935099,0.0010785063733219312,0.0010450436503604379,0.0010698698088548741,662.1209468938316
1791024900,0.0010698698088548741,0.0010698698088548741,0.0010413876363763563,0.0010552324923866056,792.8537461444772
1791024960,0.0010552324923866056,0.0010770367764489773,0.001042663399141033,0.0010770367764489773,603.9405625702775
1791025020,0.0010770367764489773,0.0010775144862498174,0.0010646059213351678,0.0010775144862498174,40.585015307996905
1791025080,0.0010775144862498174,0.0010775144862498174,0.0010655602579343136,0.0010655602579343136,0.021311205158686272
1791025140,0.0010655602579343136,0.0010655602579343136,0.0010640399623095902,0.0010640399623095902,42.81629298751205
1791025200,0.0010640399623095902,0.0010640399623095902,0.0010429586535942326,0.0010429586535942326,562.3147981517119
1791025260,0.0010429586535942326,0.0010429586535942326,0.0010248890119378743,0.0010418039310794666,537.4905744183933
1791025320,0.0010418039310794666,0.0010420527127881058,0.0010281887296136013,0.0010281887296136013,57.71078322439764
1791025380,0.0010281887296136013,0.0010406723883710912,0.0010242369223716623,0.001039352927635326,230.13629373164457
1791025440,0.001039352927635326,0.001039352927635326,0.0010197135261625816,0.0010197135261625816,457.3506024242671
1791025500,0.0010197135261625816,0.0010375855127420536,0.0010167284446871978,0.0010253701014607776,468.13959055487453
1791025560,0.0010253701014607776,0.0010403450906826882,0.0010253701014607776,0.0010269716179659072,72.21915855974656
1791025620,0.0010269716179659072,0.0010375307290605498,0.0010250373003543305,0.0010250373003543305,69.8046100630829
1791025680,0.0010250373003543305,0.0010375900355956244,0.0009847080777353567,0.0009982394575640797,1237.381515327157
1791025740,0.0009982394575640797,0.0010124629357847153,0.0009957075097625084,0.0010124629357847153,569.1641547368846
1791025800,0.0010124629357847153,0.0010130574077531463,0.0009848316320787787,0.0009932353777937228,580.9409992495451
1791025860,0.0009932353777937228,0.0009932353777937228,0.0009668981990157334,0.0009846935086058408,865.5277350208023
1791025920,0.0009846935086058408,0.0009893676088593602,0.0009712389893665392,0.0009773272102581829,574.0161868490837
1791025980,0.0009773272102581829,0.0009773272102581829,0.0009242329112749082,0.0009242329112749082,3244.124146540057
1791026040,0.0009242329112749082,0.0009637365552701184,0.0009192454113949881,0.0009491014542279462,4152.5945458291535
1791026100,0.0009491014542279462,0.0009491014542279462,0.0009318524508610641,0.0009318524508610641,988.0548929612132
1791026160,0.0009318524508610641,0.0009430904732940773,0.0009279530600926613,0.0009413238260505132,353.01328949425715
1791026220,0.0009413238260505132,0.0009558000685271585,0.0009273313276196122,0.0009558000685271585,834.2064378505305
1791026280,0.0009558000685271585,0.0009630670844977802,0.0009558000685271585,0.0009630670844977802,187.52340947690163
1791026340,0.0009630670844977802,0.0009654789548704109,0.0009529733369258366,0.0009546464913609057,172.3959924812033
1791026400,0.0009546464913609057,0.0009726167919325806,0.0009546464913609057,0.0009726167919325806,259.5168706391241
1791026460,0.0009726167919325806,0.0009726167919325806,0.0009512393471630359,0.0009512393471630359,645.3412573669068
1791026520,0.0009512393471630359,0.0009754835556406636,0.0009512393471630359,0.0009754835556406636,237.65394204250464
1791026580,0.0009754835556406636,0.0009807411026634804,0.0009754835556406636,0.0009807411026634804,177.9852851166991
1791026640,0.0009807411026634804,0.0010281046914141774,0.0009807411026634804,0.001015653186251889,1938.179479655773
1791026700,0.001015653186251889,0.0010402467774483781,0.001015653186251889,0.0010281016785240562,1007.0560899693205
1791026760,0.0010281016785240562,0.0010397185449185734,0.001010603138238025,0.001027504628512056,573.030079713048
1791026820,0.001027504628512056,0.0010276968256146028,0.000999415889915306,0.000999415889915306,1016.2381785457985
1791026880,0.000999415889915306,0.001015632948021814,0.000999415889915306,0.001015632948021814,175.68286703162187
1791026940,0.001015632948021814,0.001015632948021814,0.0009987850347103308,0.0009987850347103308,197.2073368730383
1791027000,0.0009987850347103308,0.0010800011211143294,0.0009968330892159742,0.0010783401228144974,2372.0146576060433
1791027060,0.0010783401228144974,0.0010902955991647237,0.0010775810432352769,0.0010775810432352769,85.63042303553546
1791027120,0.0010775810432352769,0.0010978007912526846,0.0010775810432352769,0.0010933000422808966,491.44988863452943
1791027180,0.0010933000422808966,0.0011922501486499447,0.0010933000422808966,0.001185776443095801,3780.615758707672
1791027240,0.001185776443095801,0.001260237204569643,0.0011725284065172228,0.001260237204569643,3223.2975554109685
1791027300,0.001260237204569643,0.0012806679897100826,0.0012401768109978448,0.0012795870013772466,1392.7951076546208
1791027360,0.0012795870013772466,0.0012796377534316534,0.001254604814960315,0.00126231554356738,870.2331041547428
1791027420,0.00126231554356738,0.0012762671722399948,0.0012537315137762823,0.0012707676817807834,391.8754149782327
1791027480,0.0012707676817807834,0.0012727614461296361,0.0011898594486679098,0.0011898594486679098,2699.6612311025715
1791027540,0.0011898594486679098,0.0012128442625354275,0.001182115685089808,0.001211661607098994,872.6125665775045
1791027600,0.001211661607098994,0.001211661607098994,0.0011945550078690153,0.0012103492084580148,346.30536168607637
1791027660,0.0012103492084580148,0.001222945701126494,0.0011964347179867928,0.0012219566097036467,462.12701168455817
1791027720,0.0012219566097036467,0.0012375295188490536,0.0012095873831445805,0.0012375295188490536,895.0639331853216
1791027780,0.0012375295188490536,0.0012468937024483623,0.001226245062312761,0.0012346381710739015,592.1177892959657
1791027840,0.0012346381710739015,0.0012457998751319605,0.001214008728942591,0.0012305393522070742,1049.529439723387
1791027900,0.0012305393522070742,0.0012434263996627423,0.0012237699411359341,0.001224840099526289,254.83575229819883
1791027960,0.001224840099526289,0.001224840099526289,0.0012057239475873026,0.0012057239475873026,699.5789638336581
1791028020,0.0012057239475873026,0.0012057239475873026,0.0011791037622113825,0.0011932505115837767,733.1270408957694
1791028080,0.0011932505115837767,0.0011935226753340556,0.0011778696539531796,0.0011778696539531796,107.38500190732928
1791028140,0.0011778696539531796,0.0011778696539531796,0.0011258240331800864,0.0011265320542613337,1686.9189218104761
1791028200,0.0011265320542613337,0.0011265320542613337,0.0011111003205047892,0.0011111003205047892,97.5083776906208
1791028260,0.0011111003205047892,0.0011240135039795223,0.001071043127218307,0.0010813984587091314,1201.799921888427
1791028320,0.0010813984587091314,0.001083269450871135,0.0010513047707555432,0.0010557653873800028,2624.579865288704
1791028380,0.0010557653873800028,0.0010591714037492402,0.0010407152148849443,0.001051245214823591,297.94595094302286
1791028440,0.001051245214823591,0.001102546382973036,0.001051245214823591,0.001102546382973036,1658.787709137695
1791028500,0.001102546382973036,0.0011086170608399562,0.0010889048569452653,0.0010901169191827134,403.3800129304949
1791028560,0.0010901169191827134,0.0011025568578024619,0.001087590410161108,0.0011006322296539678,110.02416974666538
1791028620,0.0011006322296539678,0.0011006322296539678,0.0010805698873426028,0.0010805698873426028,196.9016525678435
1791028680,0.0010805698873426028,0.0010977729979148958,0.001079571576979366,0.001084622811332332,507.91402726439975
1791028740,0.001084622811332332,0.001098086377447347,0.001082637707443275,0.001098086377447347,135.22585337580028
1791028800,0.001098086377447347,0.0010986899778012203,0.0010646168754329477,0.0010784403135918029,711.8640059050981
1791028860,0.0010784403135918029,0.0010784403135918029,0.0010609890957692378,0.0010609890957692378,263.1000780610666
1791028920,0.0010609890957692378,0.0010934293659600484,0.0010609890957692378,0.0010765844669251572,829.8028759712993
1791028980,0.0010765844669251572,0.0010909320477971408,0.0010765844669251572,0.0010769565507843476,363.39939252386813
1791029040,0.0010769565507843476,0.001086679156283835,0.0010717360283080937,0.0010717360283080937,148.30028088273266
1791029100,0.0010717360283080937,0.0010790532018225408,0.0010627264723678878,0.0010627264723678878,731.4433355378999
1791029160,0.0010627264723678878,0.001074763206936111,0.0009499179598165292,0.0009911323763751273,5406.979166985088
1791029220,0.0009911323763751273,0.0010005055433213663,0.0009474813373689687,0.0009474813373689687,1528.8499493728261
1791029280,0.0009474813373689687,0.0009912378886352841,0.0009474813373689687,0.000970961675928698,1331.0739217358878
1791029340,0.000970961675928698,0.0009843114522966677,0.0009548308870284661,0.0009736382328271473,818.4774882632593
1791029400,0.0009736382328271473,0.000990626380596565,0.0009264555256886509,0.0009695310077888567,3942.992745418368
1791029460,0.0009695310077888567,0.0009695310077888567,0.0009293831999153645,0.0009387919557995425,1685.4910519234886
1791029520,0.0009387919557995425,0.0009710373168509736,0.0009387919557995425,0.0009578376419665769,785.6452366022797
1791029580,0.0009578376419665769,0.000972611234245777,0.0009513387539696722,0.0009513387539696722,439.19761092896874
1791029640,0.0009513387539696722,0.0009513387539696722,0.0009317250039226953,0.0009398387921310721,804.2881478648562
1791029700,0.0009398387921310721,0.000953037194728131,0.0009264894909896068,0.0009526813246992362,600.7984000477626
1791029760,0.0009526813246992362,0.0009553861095391768,0.0009254864820375034,0.0009419596658896555,2077.4537092154505
1791029820,0.0009419596658896555,0.0009564269793317165,0.0009332125948535757,0.0009332125948535757,627.7058251831655
1791029880,0.0009332125948535757,0.0009771130199526972,0.0009332125948535757,0.0009674367988843127,1446.8483219311724
1791029940,0.0009674367988843127,0.0009860502388645165,0.0009670047117499204,0.0009753136400820338,349.3389322120017
1791030000,0.0009753136400820338,0.0010010012614669063,0.0009513954211945996,0.0010010012614669063,3401.2385369713516
1791030060,0.0010010012614669063,0.0010264505641971353,0.0010010012614669063,0.0010264505641971353,620.1995388233945
1791030120,0.0010264505641971353,0.0010377514532397814,0.0010264505641971353,0.0010377514532397814,379.3614831730151
1791030180,0.0010377514532397814,0.0010495184576848457,0.0010293508248378496,0.0010495184576848457,254.4619194923736
1791030240,0.0010495184576848457,0.0010618229008067567,0.0010362832978387537,0.001049725508120199,707.9421792032856
1791030300,0.001049725508120199,0.0010500956983082142,0.00102126520810913,0.00102126520810913,478.1131929109157
1791030360,0.00102126520810913,0.00102126520810913,0.0010091885374091621,0.0010115731535297614,603.0051281187493
1791030420,0.0010115731535297614,0.0010115731535297614,0.0009983218263752655,0.0009983218263752655,65.0857012250387
1791030480,0.0009983218263752655,0.0009983218263752655,0.00097584300752328,0.00097584300752328,753.3120182181433
1791030540,0.00097584300752328,0.0009770042632049212,0.0009681573512497121,0.0009770042632049212,166.4023709456497
1791030600,0.0009770042632049212,0.0009774873574998288,0.0009633075905474386,0.0009742702860751884,150.3364796792645
1791030660,0.0009742702860751884,0.0009742702860751884,0.0009604483035255725,0.0009741078385380856,210.91935592041426
1791030720,0.0009741078385380856,0.0009783054484484965,0.0009610430573011674,0.0009783054484484965,390.9821449345825
1791030780,0.0009783054484484965,0.001002105704140754,0.0009710053560441344,0.001002105704140754,571.9440856883701
1791030840,0.001002105704140754,0.0010080772854463812,0.0009926661659999505,0.0010080772854463812,371.90237361380076
1791030900,0.0010080772854463812,0.0010103788462084622,0.0009928527122975964,0.0010103788462084622,670.2148815912055
1791030960,0.0010103788462084622,0.0010103788462084622,0.0010002271511373247,0.0010002271511373247,1.1552289159685847
1791031080,0.0010002271511373247,0.0010002271511373247,0.0009990841317415971,0.0009990841317415971,30.605706061408675
1791031140,0.0009990841317415971,0.0009990841317415971,0.0009791559420884027,0.0009791559420884027,740.7942136728716
1791031200,0.0009791559420884027,0.0009896993823029863,0.0009791559420884027,0.0009896993823029863,232.84455185858167
1791031260,0.0009896993823029863,0.0009963391768126743,0.000984367149315725,0.000984367149315725,122.00134192742819
1791031320,0.000984367149315725,0.0009965001327344038,0.0009827987272767271,0.0009936575861439997,134.60184964658094
1791031380,0.0009936575861439997,0.00100175153100384,0.0009836745867444743,0.00100175153100384,347.86424573129176
1791031440,0.00100175153100384,0.00100175153100384,0.000979032332538636,0.0009858208282212768,954.144121826914
1791031500,0.0009858208282212768,0.000995054442618236,0.0009807893599788034,0.0009807893599788034,374.2983353504486
1791031560,0.0009807893599788034,0.0009904178057546767,0.0009776577256901857,0.0009904178057546767,29.038986867169815
1791031620,0.0009904178057546767,0.0009904178057546767,0.0009728017031369733,0.0009887134017256595,575.9322024193951
1791031680,0.0009887134017256595,0.0009946225762382781,0.00097612715729332,0.0009859138203615302,365.37024503803684
1791031740,0.0009859138203615302,0.0009980563305984553,0.0009859138203615302,0.0009980563305984553,613.8644452043931
1791031800,0.0009980563305984553,0.0010134454186377971,0.0009970827212868428,0.0010027211863330237,317.67757979008496
1791031860,0.0010027211863330237,0.001014836324137602,0.0010026859757433627,0.0010027878700023917,30.715775505521595
1791031920,0.0010027878700023917,0.0010148750034440495,0.0010003750787129658,0.0010003750787129658,130.17672271277027
1791031980,0.0010003750787129658,0.0010087688735396256,0.000993351378807259,0.0010058435096707574,185.14753262667213
1791032040,0.0010058435096707574,0.001006221678135689,0.0009883254184243886,0.0009956075360912848,352.4272968128583
1791032100,0.0009956075360912848,0.00101862378302443,0.000978617395287546,0.0010080224110042319,1218.6826136835655
1791032160,0.0010080224110042319,0.0010252365682901262,0.0010080224110042319,0.0010135860647169108,359.8789632860748
1791032220,0.0010135860647169108,0.001025803691683582,0.0010022327823919815,0.0010022327823919815,641.1121915169148
1791032280,0.0010022327823919815,0.001006973753457448,0.0009714282243402925,0.0009832250387575093,1366.8838700364624
1791032340,0.0009832250387575093,0.0010069778671863369,0.0009832250387575093,0.0010069778671863369,702.0681229045116
1791032400,0.0010069778671863369,0.0010123224618787537,0.0010011526401518909,0.0010011526401518909,143.53629553055333
1791032460,0.0010011526401518909,0.001013850304059819,0.0009850462373381177,0.001013850304059819,1849.3944375858025
1791032520,0.001013850304059819,0.001019516671364196,0.001013850304059819,0.001019516671364196,55.64700979672124
1791032580,0.001019516671364196,0.0010215969804670535,0.0009991662895427176,0.0009991662895427176,333.8002480450286
1791032640,0.0009991662895427176,0.0010035001531213334,0.000990113431060875,0.0010035001531213334,372.33727317565314
1791032700,0.0010035001531213334,0.0010035001531213334,0.0009905379109738045,0.0009905379109738045,90.22233430662843
1791032760,0.0009905379109738045,0.0010011977730532402,0.000984596261335495,0.000992267094982874,322.3860529594617
1791032820,0.000992267094982874,0.000992267094982874,0.0009670426888352114,0.0009670426888352114,808.9218943087225
1791032880,0.0009670426888352114,0.0009789771377373836,0.0009550126409113495,0.0009550126409113495,435.4337960058841
1791032940,0.0009550126409113495,0.0009622494243077902,0.0009477286032303056,0.0009492649884759927,381.78448284365345
1791033000,0.0009492649884759927,0.0009492649884759927,0.0009062817493406916,0.0009231705279187345,1969.8196002529287
1791033060,0.0009231705279187345,0.0009294837630277807,0.0009136244025073859,0.0009136244025073859,201.0418976172128
1791033120,0.0009136244025073859,0.0009248929852457345,0.0009070112608621946,0.0009070112608621946,293.7653233242902
1791033180,0.0009070112608621946,0.0009363130781507812,0.0009070112608621946,0.000934776776447057,837.9873390022143
1791033240,0.000934776776447057,0.0009647041682796919,0.000934776776447057,0.0009647041682796919,684.742400832602
1791033300,0.0009647041682796919,0.0009694330619489178,0.0009553593172978399,0.0009583226727848069,190.48674429006053
1791033360,0.0009583226727848069,0.000966210941253167,0.0009486808970997093,0.000966210941253167,552.0915865243435
1791033420,0.000966210941253167,0.0009717556168587929,0.0009497205579651598,0.000952389293488573,489.2481288428672
1791033480,0.000952389293488573,0.0009634205342951625,0.0009322184860363117,0.0009461931859638062,772.1808218642279
1791033540,0.0009461931859638062,0.0009461931859638062,0.0009309811532701942,0.0009429487487316974,162.57621217264753
1791033600,0.0009429487487316974,0.0009429487487316974,0.0009278481652766878,0.0009386533280330505,166.4771876560001
1791033660,0.0009386533280330505,0.0009614862348208458,0.0009386533280330505,0.0009614862348208458,657.1510741065283
1791033720,0.0009499579445769342,0.0009623209230932467,0.0009220837388424613,0.0009220837388424613,1262.4638282658518
1791033780,0.0009220837388424613,0.0009232330672636767,0.0008847916666908728,0.0008847916666908728,2555.3862864833623
1791033840,0.0008847916666908728,0.0009169693395674127,0.0008847916666908728,0.0009050502457708545,1236.7767983527885
1791033900,0.0009050502457708545,0.0009062144498880145,0.000875631775447101,0.0008904322972422395,863.8591209694879
1791033960,0.0008904322972422395,0.00090132012762399,0.0008635156290272759,0.0008667466946185085,1524.321073243751
1791034020,0.0008667466946185085,0.0008779734427684014,0.0008614726960873672,0.0008779734427684014,460.15236151467303
1791034080,0.0008779734427684014,0.0008834646974375599,0.0008642579291583302,0.0008719510594998432,784.3288594008835
1791034140,0.0008719510594998432,0.0008920562770471709,0.0008719510594998432,0.0008920562770471709,739.7350949007681
1791034200,0.0008920562770471709,0.0009009139286413634,0.0008670979652797945,0.000885491105810198,1855.889905681112
1791034260,0.000885491105810198,0.0008933858400532778,0.00088245546338396,0.0008831163347663501,288.97994038738335
1791034320,0.0008831163347663501,0.0008898075435569766,0.0008792690133530548,0.0008898075435569766,126.54907648542796
1791034380,0.0008898075435569766,0.0008934419560653081,0.0008792668825669738,0.0008845076196972731,239.4636442061597
1791034440,0.0008845076196972731,0.0008954201643139461,0.0008834947741956026,0.0008950375469538198,292.59739545643595
1791034500,0.0008950375469538198,0.0009199930194799168,0.0008846878848135683,0.0009105219660275706,788.6734281020088
1791034560,0.0009105219660275706,0.0009230006716858869,0.0009105219660275706,0.0009118789159107583,66.41780262674796
1791034620,0.0009118789159107583,0.0009118789159107583,0.0008946040350912675,0.0009051635882148272,554.6117642059821
1791034680,0.0009051635882148272,0.0009280045255401884,0.0008908865790924913,0.0009280045255401884,1415.1968242818675
1791034740,0.0009280045255401884,0.0009388801340709243,0.0009186303365671691,0.0009186303365671691,268.7541848347364
1791034800,0.0009186303365671691,0.0009393175464053471,0.0009180905999515094,0.0009384030141706463,637.4614704398715
1791034860,0.0009384030141706463,0.0009384030141706463,0.0009335533057398786,0.0009335533057398786,143.41839001148836
1791034920,0.0009335533057398786,0.0009335533057398786,0.0009328810042700116,0.0009328810042700116,21.777235271278244
1791034980,0.0009328810042700116,0.0009328810042700116,0.000912853515292447,0.0009299753900816149,857.117994242039
1791035040,0.0009299753900816149,0.0009299753900816149,0.0009174575268315159,0.0009287166972229524,160.66535883587747
1791035100,0.0009287166972229524,0.0009466586453793062,0.0009168932740765005,0.0009460063570321465,978.9642642171897
1791035160,0.0009460063570321465,0.0009663819346649999,0.0009458671411287428,0.0009636429470730138,529.4705368807539
1791035220,0.0009636429470730138,0.0009749603513020777,0.0009631334474344889,0.0009631334474344889,11.377960382645634
1791035340,0.0009631334474344889,0.0009631334474344889,0.0009621365672078776,0.0009621365672078776,14.119607714110623
1791035400,0.0009621365672078776,0.0009623198632220956,0.0009304300360248305,0.0009304300360248305,945.2489927189774
1791035460,0.0009304300360248305,0.0009431712926029072,0.0009297492230955714,0.000939828793270884,155.61707859913327
1791035520,0.000939828793270884,0.000939828793270884,0.0009278306560996231,0.0009278306560996231,66.539223771655
1791035580,0.0009278306560996231,0.000940855955294393,0.000927427848936621,0.0009396172310333835,317.3248718010248
1791035640,0.0009396172310333835,0.0009418436735014336,0.00092817175084781,0.00092817175084781,156.3674576243893
1791035700,0.00092817175084781,0.0009362846981819232,0.0009250905435453916,0.0009362846981819232,102.1268246574871
1791035760,0.0009362846981819232,0.0009498260362164166,0.0009287803007103398,0.0009498260362164166,713.9781175878242
1791035820,0.0009498260362164166,0.0009558741588660152,0.0009444560957420549,0.0009479139048735925,425.5159367094198
1791035880,0.0009479139048735925,0.0009479139048735925,0.0009273069889978831,0.0009273069889978831,608.8738112007725
1791035940,0.0009273069889978831,0.0009410102958152576,0.0009273069889978831,0.0009410102958152576,117.2167500833593
1791036000,0.0009410102958152576,0.0009509437645331238,0.0009410102958152576,0.0009507243808802346,251.08244857187213
1791036060,0.0009507243808802346,0.0009718320427885618,0.0009507243808802346,0.0009602250341001291,614.6553389015687
1791036120,0.0009602250341001291,0.0009696776208100274,0.0009482586976662262,0.0009482586976662262,730.3429632372348
1791036180,0.0009482586976662262,0.0009505246802660779,0.0009378762568342242,0.0009480703182143883,186.68793034570973
1791036240,0.0009480703182143883,0.0009512983938697381,0.0009406974924879428,0.0009406974924879428,166.36619672646498
1791036360,0.0009406974924879428,0.0009406974924879428,0.0009369774725668648,0.0009369774725668648,84.80868636060039
1791036420,0.0009369774725668648,0.0009484542191104843,0.0009356759678834521,0.0009474044853016297,96.03477801099119
1791036480,0.0009474044853016297,0.000948099152169577,0.0009301516019391593,0.0009337542556281006,479.1559742434185
1791036540,0.0009337542556281006,0.0009415657956782353,0.0009325814427192917,0.000940180965715667,700.7920675794987
1791036600,0.000940180965715667,0.0009536526900382401,0.0009247049737164504,0.0009536526900382401,1151.2585979757318
1791036660,0.0009536526900382401,0.0009654811215364077,0.0009480342047099009,0.0009654811215364077,915.6358852142224
1791036720,0.0009654811215364077,0.000996766457403475,0.0009638005957405743,0.0009850235830169037,874.6221562800253
1791036780,0.0009850235830169037,0.0009978835023538985,0.0009486898520810197,0.0009486898520810197,1183.2550820969016
1791036840,0.0009486898520810197,0.0009584071503341874,0.0009456703374085292,0.0009456703374085292,111.38865759612855
1791036900,0.0009456703374085292,0.0009571296160007246,0.0009449558199438354,0.0009562801455039557,11.493272624656104
1791036960,0.0009562801455039557,0.0009562801455039557,0.0009404158303376158,0.0009519791271495432,328.2763026076146
1791037020,0.0009519791271495432,0.0009565940277544759,0.000943193893579109,0.0009565940277544759,167.2741666400272
1791037080,0.0009565940277544759,0.0009714175131152548,0.0009521544997069277,0.0009714175131152548,647.9721111411278
1791037140,0.0009714175131152548,0.0009817529265395873,0.0009649655604641392,0.0009817529265395873,306.1734810755145
1791037200,0.0009817529265395873,0.001016910615711746,0.0009648532306552401,0.001016910615711746,1923.9950093755795
1791037260,0.001016910615711746,0.0010192768957519006,0.0010059131411036312,0.0010059131411036312,117.70120708282761
1791037320,0.0010059131411036312,0.0010163431883087974,0.0010029557233956795,0.0010162022379145692,262.3503350393785
1791037380,0.0010162022379145692,0.0010533609461897137,0.0010144018567498545,0.0010405418051843403,1442.8426867336416
1791037440,0.0010405418051843403,0.0010405418051843403,0.0010054928679168183,0.0010054928679168183,1185.7583373510392
1791037500,0.0010054928679168183,0.0010127100656890774,0.0010054928679168183,0.0010127100656890774,179.31152054650815
1791037560,0.0010127100656890774,0.0010165237845431792,0.0009902636869472147,0.0010046157537647695,780.2704947140985
1791037620,0.0010046157537647695,0.0010175649183874018,0.0010038892887800192,0.0010172530828055902,77.47737339739015
1791037680,0.0010172530828055902,0.0010172530828055902,0.0009998866592500222,0.001008614690450468,468.3334480696135
1791037740,0.001008614690450468,0.0010697329121103184,0.0009958596176683318,0.0010655210435036155,2865.8740120754996
1791037800,0.0010655210435036155,0.001068233669103103,0.0010508495578652782,0.001068233669103103,602.240884045583
1791037860,0.001068233669103103,0.0010957073524973208,0.0010526786167585685,0.0010957073524973208,1085.3608571405698
1791037920,0.0010957073524973208,0.0011175233160696783,0.0010812748042149925,0.0010850181280625715,1862.138894187492
1791037980,0.0010850181280625715,0.0011095157382441437,0.0010850181280625715,0.001096122547443696,372.33774300929196
1791038040,0.001096122547443696,0.0011633619317336025,0.001060773911481036,0.0011633619317336025,3894.6886205908063
1791038100,0.0011633619317336025,0.0012001974147123275,0.0011601798491284183,0.0011855838478422268,1993.0757132135864
1791038160,0.0011855838478422268,0.0012034903458826272,0.001116779665881899,0.001116779665881899,2189.2208651026976
1791038220,0.001116779665881899,0.001129153308368516,0.0011010672036658217,0.0011139057911319788,744.2435812858906
1791038280,0.0011139057911319788,0.0011280375632452973,0.0010985705298663232,0.0010985705298663232,966.7434705603738
1791038340,0.0010985705298663232,0.0011036156100011141,0.001082002435528333,0.0010947966732520748,356.17330454464656
1791038400,0.0010947966732520748,0.0010947966732520748,0.001036239456560026,0.0010367887026911226,1270.5174817034663
1791038460,0.0010367887026911226,0.0010910459609036567,0.0010367887026911226,0.00107545431690862,1788.6435553003944
1791038520,0.00107545431690862,0.0010818672743884681,0.0010607157308225043,0.0010607157308225043,546.6638662605058
1791038580,0.0010607157308225043,0.001091149551816086,0.0010607157308225043,0.001091149551816086,520.1209270483065
1791038640,0.001091149551816086,0.001091149551816086,0.0010749234570978077,0.001085627467484662,161.83738481119494
1791038700,0.001085627467484662,0.001085627467484662,0.0010564804577441215,0.001069364806317811,597.0081651579891
1791038760,0.001069364806317811,0.0010736408510070028,0.0010586847490714868,0.0010586847490714868,235.4622803581576
1791038820,0.0010586847490714868,0.0010695922863606453,0.0010553720686217716,0.0010553720686217716,121.56464246824262
1791038880,0.0010553720686217716,0.0010553720686217716,0.0010155880617023906,0.0010291899815695331,1161.7583374950552
1791038940,0.0010291899815695331,0.0010532782782033997,0.0010177807709808068,0.0010531658391990356,839.4505733820563
1791039000,0.0010531658391990356,0.0010635921145525846,0.0010399324863878084,0.0010607250424736988,656.6621436449193
1791039060,0.0010607250424736988,0.0010813499663425363,0.0010605760165417707,0.0010752773308555215,581.4796346491569
1791039120,0.0010752773308555215,0.0010891859630273691,0.0010730033054122776,0.001084270028179673,513.5169280993795
1791039180,0.001084270028179673,0.001084270028179673,0.0010685456458733253,0.0010685456458733253,104.66575995347092
1791039240,0.0010685456458733253,0.0010804889361936962,0.0010563786883538847,0.0010573781521095336,320.00659731137375
1791039300,0.0010573781521095336,0.0010737458037232146,0.0010573781521095336,0.0010737458037232146,202.5244410420527
1791039360,0.0010737458037232146,0.001080205923074997,0.001068476201930527,0.001068476201930527,239.10617448051642
1791039420,0.001068476201930527,0.0010990798469415531,0.001068476201930527,0.001085985957198325,500.1976381835591
1791039480,0.001085985957198325,0.0011054759255587846,0.001085985957198325,0.001098922131621909,359.8679384129848
1791039540,0.001098922131621909,0.001099563399917092,0.0010967264545976936,0.0010967264545976936,111.870036811498
1791039600,0.0010967264545976936,0.001122340947121609,0.0010913761148647256,0.001122340947121609,685.2982394138573
1791039660,0.001122340947121609,0.0011271043356331013,0.0011115182178895872,0.0011133897419555085,255.56825416116178
1791039720,0.0011133897419555085,0.001126431744296993,0.0010967164268122099,0.0011118401077211282,608.3942602800585
1791039780,0.0011118401077211282,0.0011174494427073172,0.0010962092131859239,0.0010962092131859239,803.2497904484054
1791039840,0.0010962092131859239,0.0011001133192932687,0.001086926246214641,0.001086926246214641,32.8111347537111
1791039900,0.001086926246214641,0.0010896993898945996,0.0010702490704861843,0.0010702490704861843,459.7133324084455
1791039960,0.0010702490704861843,0.0010914039974919344,0.0010702490704861843,0.0010914039974919344,274.9381567214261
1791040020,0.0010914039974919344,0.001110285173440173,0.00109064261155155,0.0011085981068219889,614.6683555477009
1791040080,0.0011085981068219889,0.0011107503588154066,0.0010688109803241468,0.0010688109803241468,786.3106381276664
1791040140,0.0010688109803241468,0.0010816697729680018,0.0010672989979473443,0.0010816697729680018,155.08666300203214
1791040200,0.0010816697729680018,0.001083534991634095,0.0010679068548839683,0.0010679068548839683,178.08139270215005
1791040260,0.0010679068548839683,0.0010885897310760459,0.0010675500199905587,0.001077895557606502,540.3174573135257
1791040320,0.001077895557606502,0.001077895557606502,0.0010580216676445342,0.0010714101998146068,229.18698080127794
1791040380,0.0010714101998146068,0.0010714101998146068,0.001046034084802906,0.0010562222802661604,384.1691874716133
1791040440,0.0010562222802661604,0.001058057012640814,0.0010313708016961856,0.0010334488731306355,813.6203735105723
1791040500,0.0010334488731306355,0.0010361280005381356,0.0010231121704908812,0.0010361280005381356,284.4095407625265
1791040560,0.0010361280005381356,0.0010401439920989272,0.0010273891461954343,0.0010273891461954343,92.05631671522528
1791040620,0.0010273891461954343,0.0010451751288306891,0.0010223029593737364,0.0010223029593737364,688.7414496781877
1791040680,0.0010223029593737364,0.0010697766614539848,0.001014848490422419,0.0010541673766832971,1777.3206983068696
1791040740,0.0010541673766832971,0.0010803129818730598,0.0010541673766832971,0.0010777874284331125,140.12862221982556
1791040800,0.0010777874284331125,0.0010807691509273792,0.0010582611090429151,0.0010634074564820056,742.0236141824255
1791040860,0.0010634074564820056,0.0010653135203472274,0.0010507541003622006,0.0010653135203472274,84.07258740836447
1791040920,0.0010653135203472274,0.0010695940973870543,0.0010653135203472274,0.0010695940973870543,67.04602246810745
1791040980,0.0010695940973870543,0.0010695940973870543,0.0010516801040933474,0.0010516801040933474,164.36785639372914
1791041100,0.0010516801040933474,0.0010516801040933474,0.0010459839901928597,0.0010472858866713856,115.19855118920566
1791041160,0.0010472858866713856,0.0010585644224411022,0.001042640859862748,0.001042640859862748,185.59647600252939
1791041220,0.001042640859862748,0.0010547661708543263,0.001042628514136209,0.001042628514136209,178.67895054299416
1791041280,0.001042628514136209,0.001042628514136209,0.0010413317936861304,0.0010413317936861304,48.41907084930073
1791041340,0.0010413317936861304,0.0010413317936861304,0.0010397279788475653,0.0010397279788475653,26.92648991189274
1791041400,0.0010397279788475653,0.0010397279788475653,0.0009951547025820956,0.0010061670013812075,2580.694543933057
1791041460,0.0010061670013812075,0.0010061670013812075,0.0009746565918447671,0.000985916088470357,1100.1381158416004
1791041520,0.000985916088470357,0.0009881319942727984,0.0009712020209234433,0.0009727535812860526,307.72862973691855
1791041580,0.0009727535812860526,0.0009844345558188631,0.0009720680993681289,0.0009720680993681289,269.69290156737304
1791041640,0.0009720680993681289,0.0009853865955609489,0.0009695219643749598,0.0009701239491830778,330.54759513655057
1791041700,0.0009701239491830778,0.000990288481896733,0.0009599643508058216,0.000990288481896733,1315.7813998999918
1791041760,0.000990288481896733,0.0009962060503151493,0.0009755841122149632,0.0009770590426317627,919.7502840668893
1791041820,0.0009770590426317627,0.0009859263428348922,0.0009729605788257278,0.0009757240517134504,149.20799818084566
1791041880,0.0009757240517134504,0.0009872226542617442,0.0009753923430722223,0.0009753923430722223,35.65845165122534
1791041940,0.0009753923430722223,0.000987746043926292,0.0009728332506306953,0.000984262750725008,357.33213371347125
1791042000,0.000984262750725008,0.0009870684996074286,0.0009738908690586259,0.0009870684996074286,102.79472589150501
1791042060,0.0009870684996074286,0.001007806216416747,0.0009759294638052206,0.0009986341055584797,689.0267054170954
1791042120,0.0009986341055584797,0.001011128271666967,0.000997076820850986,0.001011128271666967,141.86770955976803
1791042180,0.001011128271666967,0.001011128271666967,0.0009971272549459725,0.0009971272549459725,102.76552630823872
1791042240,0.0009971272549459725,0.001010566902408923,0.0009971272549459725,0.0010101248563729461,384.72335929466976
1791042300,0.0010101248563729461,0.0010113036017142302,0.0009985487163168465,0.0010113036017142302,28.98102531555913
1791042360,0.0010113036017142302,0.001012100466311705,0.0009990761236169882,0.001000983232353041,73.16377146615469
1791042420,0.001000983232353041,0.0010113324788319123,0.0009991522936939738,0.0010113324788319123,60.241291292778996
1791042480,0.0010113324788319123,0.0010115246931538893,0.0009993107762284964,0.0009993957585636576,119.31296452164814
1791042540,0.0009993957585636576,0.0009993957585636576,0.000994025704402407,0.000994025704402407,220.09938823122883
1791042600,0.000994025704402407,0.000994025704402407,0.0009789317091879537,0.0009789317091879537,351.02039584536396
1791042660,0.0009789317091879537,0.0009789317091879537,0.000976876757048715,0.000976876757048715,60.50541033642118
1791042720,0.000976876757048715,0.000976876757048715,0.0009588731871722011,0.0009692066730045459,625.1449118301131
1791042780,0.0009692066730045459,0.0009692066730045459,0.0009223923343381484,0.0009348225247311956,1484.5374173628552
1791042840,0.0009348225247311956,0.000937449725088404,0.0009133063313006381,0.0009148441297986975,728.4290188577688
1791042900,0.0009148441297986975,0.0009283305948729223,0.0008970230136184657,0.0009104723937958953,1275.467768298141
1791042960,0.0009104723937958953,0.0009223850918600692,0.0009088414189635982,0.0009114942948398924,421.9189016890203
1791043020,0.0009114942948398924,0.0009292543015213514,0.0009009495203887024,0.0009112085534958187,2254.2496377171847
1791043080,0.0009112085534958187,0.000920463286328372,0.0008984584846625584,0.000920463286328372,395.8569897411322
1791043140,0.000920463286328372,0.0009431157187440287,0.0009027242402424903,0.000915078174314708,2228.2554568899986
1791043200,0.000915078174314708,0.000915078174314708,0.00088272858617137,0.00088272858617137,1801.108373750154
1791043260,0.00088272858617137,0.0008945245867521628,0.000879951498154018,0.0008840013556898114,482.8502675105159
1791043320,0.0008840013556898114,0.0009117709132279821,0.0008823812946994423,0.0009117709132279821,735.6064552347085
1791043380,0.0009117709132279821,0.0009168975006762999,0.0008789517183514305,0.0009133841707529287,1731.0058914556932
1791043440,0.0009133841707529287,0.0009246726295797136,0.0009088024968563238,0.0009143232557252593,362.99523829588264
1791043500,0.0009143232557252593,0.0009245376135724484,0.0009129497298260858,0.0009245376135724484,25.655130568244463
1791043560,0.0009245376135724484,0.0009314061002111095,0.0009085196970623288,0.0009201321491583493,666.2291594311903
1791043620,0.0009201321491583493,0.0009254815119396652,0.0009094297004152198,0.0009141388416476406,233.47982630074176
1791043680,0.0009141388416476406,0.0009275523136588192,0.0009141388416476406,0.0009170396219065078,241.3289372083005
1791043740,0.0009170396219065078,0.0009294324021335004,0.0009166442285511252,0.0009194680946318685,128.9835332144263
1791043800,0.0009194680946318685,0.0009236640552964876,0.0009119552943279067,0.0009119552943279067,255.7997065408536
1791043860,0.0009119552943279067,0.0009218618042884306,0.0009065452722482758,0.0009065452722482758,149.73673818697833
1791043920,0.0009065452722482758,0.0009260909511960252,0.0009052654487807154,0.0009238277792953789,452.8350034669614
1791043980,0.0009238277792953789,0.0009366917379544727,0.0009222065035281501,0.0009222065035281501,525.4932472864888
1791044040,0.0009222065035281501,0.0009337741287446758,0.0009180752475817153,0.0009180752475817153,173.47744999728997
1791044100,0.0009180752475817153,0.0009259059899409674,0.0008950332325709877,0.0008951105478414512,1059.9483597976005
1791044160,0.0008951105478414512,0.0008974501957191415,0.0008833961650564523,0.0008833961650564523,613.6880907548563
1791044220,0.0008833961650564523,0.0009055608988115493,0.0008833961650564523,0.0009055608988115493,323.0541308938341
1791044280,0.0009055608988115493,0.0009058434455611522,0.0008945354131332191,0.0009058434455611522,11.41924645172791
1791044340,0.0009058434455611522,0.0009293412292988654,0.0009024104190022517,0.0009181880123461465,792.42939156694
1791044400,0.0009181880123461465,0.0009331751562828697,0.0009181880123461465,0.000931435201942573,327.6840860018869
1791044460,0.000931435201942573,0.0009385852173626278,0.0009206862492550399,0.0009273909976602392,438.64841333799575
1791044520,0.0009273909976602392,0.0009385804593663355,0.0009190071795742553,0.0009190071795742553,488.70236508779794
1791044580,0.0009190071795742553,0.0009284146355130495,0.0009152932576081289,0.0009152932576081289,129.04986218035674
1791044640,0.0009152932576081289,0.0009273379796478392,0.0009064833545478087,0.0009070423170794331,759.2230529449201
1791044700,0.0009070423170794331,0.0009104984130906094,0.0008977398200166469,0.0009104984130906094,112.4288388911399
1791044760,0.0009104984130906094,0.0009253300562484548,0.0009104984130906094,0.0009145880269183683,1000.6281520086793
1791044820,0.0009145880269183683,0.0009201988670928135,0.0009082706300990942,0.0009201988670928135,226.01784475475185
1791044880,0.0009201988670928135,0.0009233727505744755,0.0009019372821711526,0.0009019372821711526,475.7919539244321
1791044940,0.0009019372821711526,0.0009329814465926039,0.0009019372821711526,0.0009329814465926039,603.7439830410724
1791045000,0.0009329814465926039,0.0009362302299465243,0.0009241736682288051,0.0009249134107042473,192.86692329001383
1791045060,0.0009249134107042473,0.0009354223592409937,0.0009231030355967486,0.0009354223592409937,100.25012444945955
1791045120,0.0009354223592409937,0.0009426719579654969,0.0009231949415991059,0.0009426719579654969,353.1646636168432
1791045180,0.0009426719579654969,0.0009667546166044899,0.0009301817040474127,0.0009667546166044899,1052.302590799512
1791045240,0.0009667546166044899,0.0009727419167851187,0.0009576831138479144,0.0009610170458450839,494.0399553250744
1791045300,0.0009610170458450839,0.0009823803980143577,0.0009579250739016472,0.0009579250739016472,631.7937206194184
1791045360,0.0009579250739016472,0.0009732094028896496,0.0009373076785556784,0.0009581631538427129,1156.5517017666753
1791045420,0.0009581631538427129,0.0009615590042556369,0.0009492427629942274,0.0009508745377735192,80.80370564017383
1791045480,0.0009508745377735192,0.0009663616439539984,0.0009486335323878837,0.0009498247465444998,992.6111130367369
1791045540,0.0009498247465444998,0.0009498247465444998,0.0009191298789761301,0.0009224966152366885,1096.0145102598792
1791045600,0.0009224966152366885,0.0009231739886512832,0.0009224966152366885,0.0009231739886512832,1.0654841771548567
1791045660,0.0009231739886512832,0.0009441738478799723,0.0009219545541643277,0.0009272198968058209,991.8890122989851
1791045720,0.0009272198968058209,0.0009439763653991176,0.000924835803820316,0.0009439763653991176,332.24320508867567
1791045780,0.0009439763653991176,0.0009455736152004714,0.0009439763653991176,0.0009455736152004714,117.929544454422
1791045840,0.0009455736152004714,0.0009529222839387506,0.0009364504654825105,0.0009529222839387506,176.98135599750006
1791045900,0.0009529222839387506,0.0009550363849383754,0.0009267948121449834,0.0009398663880610872,1643.6082983115784
1791045960,0.0009398663880610872,0.0009446720701658099,0.0009174462842199524,0.0009174462842199524,794.5112227606041
1791046020,0.0009174462842199524,0.0009287808836305891,0.0009174462842199524,0.0009177777878153365,14.663985859831218
1791046080,0.0009177777878153365,0.0009255604325883002,0.0009104229632158291,0.0009190163480127593,1319.5519106070406
1791046140,0.0009190163480127593,0.0009190163480127593,0.0009178585033868225,0.0009178585033868225,58.30398516073521
1791046200,0.0009178585033868225,0.000947360116147611,0.0009178585033868225,0.000947360116147611,728.3223902908651
1791046260,0.000947360116147611,0.0009560250879637133,0.0009287653453806816,0.0009289157617010522,925.9607388818042
1791046320,0.0009289157617010522,0.000929241221912897,0.0009174870806574671,0.000929241221912897,48.02329942679126
1791046380,0.000929241221912897,0.000929241221912897,0.0009130463259444747,0.0009130975399346652,133.22254981773634
1791046440,0.0009130975399346652,0.0009224589591542084,0.0009103685736192129,0.0009196912669264665,160.23541578168593
1791046500,0.0009196912669264665,0.0009254950910895909,0.0009157257536292433,0.0009157257536292433,207.636396774736
1791046560,0.0009157257536292433,0.0009274193739182668,0.0009155777903602293,0.0009165943563260784,86.96832751426362
1791046620,0.0009165943563260784,0.0009645694138784013,0.000915670339634691,0.0009576071518802753,1907.761431945688
1791046680,0.0009576071518802753,0.000976192987637128,0.0009572619935716826,0.000976192987637128,227.72684049215687
1791046740,0.000976192987637128,0.0009882590453309536,0.0009705554135652729,0.0009882590453309536,545.3365494437044
1791046800,0.0009882590453309536,0.0010148151154908656,0.0009780881374647997,0.0010048568507115198,867.2545786077955
1791046860,0.0010048568507115198,0.0010389264228286947,0.001002075337180963,0.0010389264228286947,1077.9439926130572
1791046920,0.0010389264228286947,0.0010389264228286947,0.0010182387221415758,0.0010182387221415758,413.21623579342804
1791046980,0.0010182387221415758,0.001026140902837324,0.0010124699621274801,0.0010131735199921889,273.3458325551678
1791047040,0.0010131735199921889,0.0010131735199921889,0.00098732166751343,0.0010091129354159215,1078.4570095837855
1791047100,0.0010091129354159215,0.0010110106432679722,0.0009987272725344488,0.0010110106432679722,25.745297304760108
1791047160,0.0010110106432679722,0.0010110106432679722,0.0009907460357908963,0.0009907460357908963,270.4084436003107
1791047220,0.0009907460357908963,0.0010202347465926077,0.0009754818235955807,0.0010155870363073554,2305.226936692199
1791047280,0.0010155870363073554,0.0010331564197439123,0.0010155870363073554,0.00103303915555585,128.07957729477587
1791047340,0.00103303915555585,0.0010469319805187709,0.0010165971457896342,0.0010469319805187709,633.9137740047306
1791047400,0.0010469319805187709,0.0010751740555104412,0.0010196817851441423,0.0010751740555104412,2663.8621891414728
1791047460,0.0010751740555104412,0.0010751740555104412,0.00105791134943059,0.0010649805656908161,411.97519329474545
1791047520,0.0010649805656908161,0.0010777497576290086,0.0010639342132152698,0.0010777497576290086,41.03749271909031
1791047580,0.0010777497576290086,0.0010778571565011792,0.0010609883762192766,0.0010616319197878975,128.51163820926956
1791047640,0.0010616319197878975,0.0010763522026370406,0.00103528235959439,0.00103528235959439,1199.922015667545
1791047700,0.00103528235959439,0.0010388547553681364,0.00103528235959439,0.0010388547553681364,3.866660479748054
1791047760,0.0010388547553681364,0.001039759121818009,0.0010388547553681364,0.001039759121818009,23.976736167571573
1791047820,0.001039759121818009,0.00104025920267469,0.001020755461338347,0.001020755461338347,325.73376558989645
1791047880,0.001020755461338347,0.0010328915338266896,0.0010124045805999767,0.0010328915338266896,852.6465008117418
1791047940,0.0010328915338266896,0.0010901670985306736,0.0010328915338266896,0.00108139485423915,2071.4768420129635
1791048000,0.00108139485423915,0.0011169715227269596,0.001001159937880984,0.0010407927456926541,6518.154680623186
1791048060,0.0010407927456926541,0.0010442655828676497,0.0010407927456926541,0.0010442655828676497,85.22214354769068
1791048120,0.0010442655828676497,0.001045356204339509,0.001029574617094954,0.0010325032408797198,236.13131249749622
1791048180,0.0010325032408797198,0.0010564922864075223,0.00103153101494469,0.0010445281067568857,406.8336400337842
1791048240,0.0010445281067568857,0.0010574986947878534,0.0010386325232766582,0.0010386325232766582,271.9031674085847
1791048300,0.0010386325232766582,0.0010499880096111688,0.001025498182120652,0.001025498182120652,483.33241493532967
1791048360,0.001025498182120652,0.0010380937871089827,0.0010197462065588408,0.0010198294987690758,728.3014597993945
1791048420,0.0010198294987690758,0.0010270481098510291,0.0009631352924572962,0.0009749180105729511,2832.1108083965887
1791048480,0.0009749180105729511,0.000992568501670852,0.0009531191092091848,0.0009680677003392561,2414.5318833793335
1791048540,0.0009680677003392561,0.0009680677003392561,0.000890168844474478,0.0009014412927190721,3106.0844574582798
1791048600,0.0009014412927190721,0.0009324723083227204,0.0008949920875195518,0.0009301429135375899,1240.7309826535393
1791048660,0.0009301429135375899,0.0009396541955326126,0.0008996646923598436,0.0009227450086733039,2270.647729353706
1791048720,0.0009227450086733039,0.0009416374804783504,0.0009227450086733039,0.0009322197559713426,474.73463348935326
1791048780,0.0009322197559713426,0.0009456965170943183,0.0009177290977571923,0.0009177290977571923,1148.3472791103684
1791048840,0.0009177290977571923,0.0009237406980785815,0.0009038813729756369,0.0009038813729756369,305.46875405276376
1791048900,0.0009038813729756369,0.0009191719883384948,0.0009038813729756369,0.0009057067400005663,208.3277074627804
1791048960,0.0009057067400005663,0.0009217787849031336,0.0008970624260266425,0.0008970624260266425,1185.2191258172556
1791049020,0.0008970624260266425,0.0009090037899037646,0.0008938646621126525,0.0008980724910613978,678.9253344675469
1791049080,0.0008980724910613978,0.0009233874716629985,0.0008965621691386917,0.0009196707432365875,884.6493980024381
1791049140,0.0009196707432365875,0.0009351678984540855,0.0009036634987648779,0.0009247278758808899,2065.7628503713695
1791049200,0.0009247278758808899,0.0009377258454628859,0.0009242233435295162,0.0009263855799358338,93.91959821645294
1791049260,0.0009263855799358338,0.0009476876574285064,0.000925398728537967,0.0009395379792094934,632.627177818659
1791049320,0.0009395379792094934,0.0009555437954819332,0.0009395379792094934,0.0009437650613534738,275.01652913585025
1791049380,0.0009437650613534738,0.0009660800294889857,0.0009437650613534738,0.0009557875835981986,526.492185286336
1791049440,0.0009557875835981986,0.0010327137343536694,0.0009557875835981986,0.0010121384528202803,3548.6566092303706
1791049500,0.0010121384528202803,0.0010190205358162855,0.0009995760023167306,0.001007256213328805,730.9554793848573
1791049560,0.001007256213328805,0.001044734938547939,0.0010022020189355968,0.0010396479027372397,1384.3044104425746
1791049620,0.0010396479027372397,0.001061751869154841,0.0010369078410063558,0.0010457753490455005,632.595424688816
1791049680,0.0010457753490455005,0.0010457753490455005,0.0010453628980670745,0.0010453628980670745,9.906307661568574
1791049740,0.0010453628980670745,0.001101748656884217,0.0010453628980670745,0.001068090276396565,1809.0166177734022
1791049800,0.001068090276396565,0.0010850869804956192,0.001052678228425811,0.001052678228425811,979.9130346862896
1791049860,0.001052678228425811,0.0011458478448731044,0.0010500942877640096,0.0011209074809399968,3171.8402951390476
1791049920,0.0011209074809399968,0.0011375214732994114,0.0010972115932195332,0.0010972115932195332,1009.0175578824824
1791049980,0.0010972115932195332,0.001158803945721778,0.001089983202107447,0.001158803945721778,2592.7210390939076
1791050040,0.001158803945721778,0.0011639861444395117,0.0011459716989161027,0.0011605322564380391,325.383733896145
1791050100,0.0011605322564380391,0.001174039008378901,0.0011437266768115847,0.001174039008378901,752.1431013969943
1791050160,0.001174039008378901,0.001182693610940453,0.0011556712874133583,0.0011797094677581787,1089.3636726936643
1791050220,0.0011797094677581787,0.001193195313849201,0.0011047295909465099,0.001130029239079902,3898.044570419768
1791050280,0.001130029239079902,0.0011380309169382744,0.0011077879659846974,0.0011082506264899563,606.9070460792492
1791050340,0.0011082506264899563,0.0011212269317594872,0.0010883101744681987,0.0010984365507578841,706.0671999159197
1791050400,0.0010984365507578841,0.0011059530436186623,0.0010849081472857499,0.0011059530436186623,326.77180825786024
1791050460,0.0011059530436186623,0.0011097054685484857,0.0010780264426045196,0.0010780264426045196,711.9372050003495
1791050520,0.0010780264426045196,0.0010780264426045196,0.0010732337011933088,0.0010732337011933088,109.63919903535825
1791050580,0.0010732337011933088,0.0010851745878620726,0.001071962572149878,0.0010851745878620726,71.41353479065691
1791050640,0.0010851745878620726,0.0011248132887219295,0.0010851745878620726,0.0011248132887219295,1913.9891768011594
1791050700,0.0011248132887219295,0.0011284258260008727,0.0011109112166916143,0.0011113064062438528,285.658199530754
1791050760,0.0011113064062438528,0.0011240817944489364,0.0011085268342378568,0.0011085779196742822,123.05828592034187
1791050820,0.0011085779196742822,0.0011227512347402862,0.0010990692818716092,0.0010990692818716092,542.1471906694162
1791050880,0.0010990692818716092,0.0011063264268924861,0.0010915086851146694,0.0011063264268924861,67.38057602268837
1791050940,0.0011063264268924861,0.0011063264268924861,0.001081294266312853,0.001081294266312853,295.10375750817036
1791051000,0.001081294266312853,0.001086158604014304,0.0010700941030622462,0.0010700941030622462,306.058521669817
1791051060,0.0010700941030622462,0.001086405144332461,0.0010688700682344482,0.0010737937119292315,387.75140057628107
1791051120,0.0010737937119292315,0.0010865787556085388,0.0010688909098638174,0.0010689561929604116,239.82765103568846
1791051180,0.0010689561929604116,0.001082854812901522,0.0010672954751928631,0.001072148120052212,411.31461358778375
1791051240,0.001072148120052212,0.001087993428520167,0.001072148120052212,0.0010855749786794406,356.46717596458285
1791051300,0.0010855749786794406,0.0010855749786794406,0.0010491867726629164,0.0010491867726629164,976.7274225220658
1791051360,0.0010491867726629164,0.0010602425739846687,0.0010175261603777895,0.0010461990195524055,2055.672883491764
1791051420,0.0010461990195524055,0.0010567197357141476,0.0010437850095389863,0.0010564304533448978,55.180451242760235
1791051480,0.0010564304533448978,0.0010564304533448978,0.0009982561696066912,0.001010380719573575,1823.9531676602344
1791051540,0.001010380719573575,0.0010118463246082436,0.001010380719573575,0.0010118463246082436,30.9030277384839
1791051600,0.0010118463246082436,0.0010118463246082436,0.000997446729678283,0.000998193953738406,256.49005025678457
1791051660,0.000998193953738406,0.0010104865809438606,0.0009968430957128746,0.0010104865809438606,111.03941340723172
1791051720,0.0010104865809438606,0.0010104865809438606,0.0009821736403404285,0.0009934701634589206,543.918487593377
1791051780,0.0009934701634589206,0.0009981504808001136,0.0009790014957788513,0.0009914954853152643,469.03046642683023
1791051840,0.0009914954853152643,0.0010039492921787526,0.0009914954853152643,0.000993693977037935,426.5553392958483
1791051900,0.000993693977037935,0.0010143575538960519,0.0009922709861474714,0.0010034537434261551,554.6673252501691
1791051960,0.0010034537434261551,0.001015438117105423,0.0009967462300715926,0.0009967462300715926,173.19198545220982
1791052020,0.0009967462300715926,0.0010040067950685633,0.0009908273432608639,0.0010040067950685633,195.04772156696856
1791052080,0.0010040067950685633,0.0010263816988896758,0.0010040067950685633,0.0010195572765176334,819.3458944144172
1791052140,0.0010195572765176334,0.0010357171366015857,0.0010181276092125875,0.0010299397821707404,530.0440192581864
1791052200,0.0010299397821707404,0.0010374145757889182,0.0010182319724741568,0.0010323189715562018,385.6034727479999
1791052260,0.0010323189715562018,0.0010450646258425805,0.0010296926596021706,0.0010301608940347397,119.27984174601755
1791052320,0.0010301608940347397,0.0010424689179483573,0.0010281148143239352,0.0010323405845149613,167.8290250291539
1791052380,0.0010323405845149613,0.0010337833824707481,0.0010214670650869583,0.0010214670650869583,326.87904730781526
1791052440,0.0010214670650869583,0.001041543147650694,0.0010192755220892063,0.0010311320586902594,401.13596168967206
1791052500,0.0010311320586902594,0.0010488438066005312,0.0010311320586902594,0.0010401668486738499,265.45353338219314
1791052560,0.0010401668486738499,0.0010567760383725945,0.0010401668486738499,0.0010476876214032761,226.08389541120818
1791052620,0.0010476876214032761,0.0010742576524585103,0.001029453711481164,0.0010740046381778198,1763.5095523249786
1791052680,0.0010740046381778198,0.0010751752718601026,0.0010740046381778198,0.0010746343568118683,15.071012607193662
1791052740,0.0010746343568118683,0.0010746343568118683,0.0010652268864274669,0.0010652268864274669,352.7063305353674
1791052800,0.0010652268864274669,0.0010706822951919003,0.0010506797482148903,0.0010506797482148903,352.5696759700911
1791052860,0.0010506797482148903,0.0010532064132825491,0.0010392891928982227,0.0010529348070711848,334.32612002577133
1791052920,0.0010529348070711848,0.001053885089155359,0.0010386375378229485,0.001053885089155359,107.85537693387833
1791052980,0.001053885089155359,0.001059338103751487,0.0010462354277730435,0.0010463256965914769,214.7058679141602
1791053040,0.0010463256965914769,0.0010463256965914769,0.00104416586362389,0.00104416586362389,59.72004576059541
1791053100,0.00104416586362389,0.00104416586362389,0.0010427192879746408,0.0010427192879746408,37.957999050195745
1791053160,0.0010427192879746408,0.0010429460215455187,0.001030208650530804,0.001041443197608036,386.8947839322566
1791053220,0.001041443197608036,0.001041443197608036,0.000990636033193704,0.0010045643833696692,2701.847447531014
1791053280,0.0010045643833696692,0.0010066165250805633,0.0009886495702957291,0.001003640243334549,650.6697729467808
1791053340,0.001003640243334549,0.0010130372125113198,0.0010006761011239465,0.0010130372125113198,278.0107853054722
1791053400,0.0010130372125113198,0.0010181923506467603,0.0009993078698572503,0.0010181923506467603,265.99189076616693
1791053460,0.0010181923506467603,0.0010183266185749733,0.0010010755659152434,0.0010133565561720574,201.48988634953176
1791053520,0.0010133565561720574,0.0010133565561720574,0.0009165485474501784,0.0009535302253748671,3976.6628674888107
1791053580,0.0009535302253748671,0.0009686570740378845,0.000935826982106005,0.0009681303541699771,815.608636456208
1791053640,0.0009681303541699771,0.0009681303541699771,0.0009543898361150966,0.0009543898361150966,82.97231253700497
1791053700,0.0009543898361150966,0.0009685101633288701,0.0009518001448645602,0.0009518001448645602,442.9480056972663
1791053760,0.0009518001448645602,0.0009599229353923692,0.0009373262899586995,0.0009515134229854488,1138.8116698809322
1791053820,0.0009515134229854488,0.0009919787799550705,0.0009314587504690896,0.0009803148097018114,1323.2799031070126
1791053880,0.0009803148097018114,0.000996032531529096,0.0009785448164505047,0.0009813177467740137,433.19870425084497
1791053940,0.0009813177467740137,0.0009956706086902563,0.0009801565102918778,0.0009956706086902563,122.68948717377388
1791054000,0.0009956706086902563,0.0009956706086902563,0.0009828010995212638,0.0009828010995212638,25.50173745603487
1791054060,0.0009828010995212638,0.0009990590931610779,0.0009823585482951354,0.0009881453344228223,204.62016960118953
1791054120,0.0009881453344228223,0.000992190667040989,0.000980093063831669,0.000980093063831669,216.58973600554117
1791054180,0.000980093063831669,0.000980093063831669,0.0009592867565373607,0.0009706155253674328,567.331309948658
1791054240,0.0009706155253674328,0.0009718036034712897,0.0009425987823891312,0.0009431581361920923,1441.2537830047559
1791054300,0.0009431581361920923,0.0009543732678382696,0.0009103053667894992,0.0009103053667894992,870.6705031314248
1791054360,0.0009103053667894992,0.0009294315739533526,0.0009103053667894992,0.0009294315739533526,471.9397557533904
1791054420,0.0009294315739533526,0.000933410025487766,0.0009166280431248253,0.0009314424637532995,635.3226938249952
1791054480,0.0009314424637532995,0.0009353526020378182,0.0009234619648057676,0.0009235771937298111,47.771166357595305
1791054540,0.0009235771937298111,0.0009352733264545382,0.0009215479949663148,0.0009352733264545382,239.79666298808343
1791054600,0.0009352733264545382,0.0009498285720531129,0.0009275529837079318,0.0009383285040936583,469.800186034503
1791054660,0.0009383285040936583,0.0009496231048067811,0.0009381382447924589,0.0009496231048067811,25.17679358889601
1791054720,0.0009496231048067811,0.0009496231048067811,0.0009227610358047338,0.0009227610358047338,1108.750316581348
1791054780,0.0009227610358047338,0.00092718985622823,0.0009110671523896967,0.000922605775724821,386.5720472092839
1791054840,0.000922605775724821,0.0009358991243846545,0.0009115349038143755,0.0009213339549752097,651.2521794900902
1791054900,0.0009213339549752097,0.00093287585392583,0.0009177160076307013,0.000921576181044796,170.52007327950247
1791054960,0.000921576181044796,0.0009216375440892232,0.0009127940322270704,0.0009134025106213842,971.8032406899509
1791055020,0.0009134025106213842,0.0009509443811691922,0.0009134025106213842,0.000939476355904775,1037.9299185949626
1791055080,0.000939476355904775,0.0009629449781734539,0.0009357166669630291,0.0009487756839839235,1503.0755643375026
1791055140,0.0009487756839839235,0.0009487756839839235,0.0009066170094786443,0.0009179904691391385,1101.3488097203222
1791055200,0.0009179904691391385,0.0009610418499066371,0.0009063534555172343,0.0009610418499066371,1452.8462817654733
1791055260,0.0009610418499066371,0.0009620268065730743,0.0009500070263120029,0.0009620268065730743,34.25941818032338
1791055320,0.0009620268065730743,0.0009680430846741202,0.0009496809350865657,0.0009680430846741202,427.42561983410445
1791055380,0.0009680430846741202,0.0009680430846741202,0.0009442758554799899,0.0009523951491920142,797.1108568159088
1791055440,0.0009523951491920142,0.0009537943485059198,0.0009377468081268603,0.0009537943485059198,896.3066489011189
1791055500,0.0009537943485059198,0.0009555509994067302,0.0009296498011157958,0.0009391655436354486,1188.8838233594815
1791055560,0.0009391655436354486,0.0009786769359857496,0.0009367906384403104,0.0009786769359857496,590.3135269109239
1791055620,0.0009786769359857496,0.0009789574150995438,0.0009784883238475443,0.0009789574150995438,35.473989831696336
1791055680,0.0009789574150995438,0.0009789574150995438,0.000959706845562166,0.000959706845562166,679.7437489155922
1791055740,0.000959706845562166,0.0009696330102959178,0.0009401962592283615,0.0009401962592283615,567.4145302643036
1791055800,0.0009401962592283615,0.0009538490894389849,0.0009401962592283615,0.0009538490894389849,119.38036028608161
1791055860,0.0009538490894389849,0.0009538490894389849,0.0009362011673460746,0.0009387322887927129,304.92847146103634
1791055920,0.0009387322887927129,0.0009387322887927129,0.0009304658696527956,0.0009304658696527956,225.86906865112095
1791055980,0.0009304658696527956,0.0009421153762631131,0.0009294283661260805,0.0009394208823963143,189.10349593214488
1791056040,0.0009394208823963143,0.000959148711909373,0.0009287878004033259,0.000959148711909373,589.1797198996508
1791056100,0.000959148711909373,0.0009648642904563442,0.0009508785972438552,0.0009508785972438552,229.6988523046253
1791056160,0.0009508785972438552,0.0009508785972438552,0.0008758549478112788,0.0008902462876680612,2377.836656440949
1791056220,0.0008902462876680612,0.0008941627402989401,0.0008828029903965068,0.0008848071027074907,164.60373982615462
1791056280,0.0008848071027074907,0.0008955131717886682,0.0008769408458574975,0.0008769408458574975,767.1077927592704
1791056340,0.0008769408458574975,0.0008930045725731728,0.0008762176714069676,0.0008785553943177991,420.62767090908716
1791056400,0.0008785553943177991,0.0008943710737942707,0.0008747393668582795,0.0008939754956614564,419.9401490295347
1791056460,0.0008939754956614564,0.0008994193059056972,0.0008845492549076591,0.000889990435076158,221.5235020505187
1791056520,0.000889990435076158,0.0009081261242020887,0.0008891583961511736,0.0009052959815188588,510.28279716044045
1791056580,0.0009052959815188588,0.0009104293417741027,0.0008996439360326786,0.0008997089288958739,116.68366244221455
1791056640,0.0008997089288958739,0.0009131727356260999,0.0008997089288958739,0.0009008650601092029,198.151734668059
1791056700,0.0009008650601092029,0.0009160627471294991,0.0008987891996034296,0.0009160627471294991,484.1075423206436
1791056760,0.0009160627471294991,0.0009289431150753901,0.0009160627471294991,0.0009179591406412829,190.00497324609026
1791056820,0.0009179591406412829,0.0009290004917408968,0.000916981965138345,0.0009275833350924474,133.91274271934506
1791056880,0.0009275833350924474,0.0009489801864479374,0.0009233472958939929,0.0009385574731369412,650.8669630226743
1791056940,0.0009385574731369412,0.0009622047643145381,0.0009382626895405547,0.0009622047643145381,405.47628295247665
1791057000,0.0009622047643145381,0.000982433535205426,0.0009484195062437667,0.0009664140536916664,3105.7356551811945
1791057060,0.0009664140536916664,0.0009664140536916664,0.0009538351906221227,0.0009546474235208105,103.47232999036382
1791057120,0.0009546474235208105,0.0009666220096929898,0.0009487023788923691,0.0009621296909773078,289.49559333536115
1791057180,0.0009621296909773078,0.0009998920013512616,0.0009621296909773078,0.000987784985353946,886.652529360261
1791057240,0.000987784985353946,0.0010001528806016513,0.000987784985353946,0.0010001528806016513,31.518284696044688
1791057300,0.0010001528806016513,0.0010167329838946346,0.0009970566737679016,0.0010167329838946346,588.188515776957
1791057360,0.0010167329838946346,0.0010167329838946346,0.0009708748964475549,0.0009828856230280395,442.87147995608854
1791057420,0.0009828856230280395,0.000994086723345357,0.0009812289047130664,0.0009930403600348144,324.2146692340651
1791057480,0.0009930403600348144,0.0009982339767771857,0.0009850754002948478,0.0009970114305589118,405.36136331968095
1791057540,0.0009970114305589118,0.001013322478882296,0.0009816558765842645,0.001013322478882296,961.6002260065238
1791057600,0.001013322478882296,0.0010146562328381499,0.0009999629722766408,0.0010019750721969932,95.2858366316513
1791057660,0.0010019750721969932,0.0010185526163820288,0.001000607122741708,0.0010185526163820288,470.62413775861904
1791057720,0.0010185526163820288,0.0010362023696540684,0.0010107994466147612,0.0010362023696540684,446.4558529594591
1791057780,0.0010362023696540684,0.001036728964348417,0.001023444309005174,0.0010252019883113725,136.71837469870957
1791057840,0.0010252019883113725,0.0010377199011751257,0.0010207195965706536,0.0010322161036029592,154.47841888865213
1791057900,0.0010322161036029592,0.0010422137414208429,0.0010322161036029592,0.0010370016696766785,495.71338304424
1791057960,0.0010370016696766785,0.0010499324656763375,0.0010033297900077101,0.0010033297900077101,1009.9582597386199
1791058080,0.0010033297900077101,0.0010495171556559344,0.0010029967668774874,0.0010460745541454256,1208.2846100218178
1791058140,0.0010460745541454256,0.0010460745541454256,0.0010456404347490302,0.0010457775796047964,24.172179891605662
1791058200,0.0010457775796047964,0.0010457775796047964,0.001037205365854646,0.001037205365854646,343.9242893081561
1791058260,0.001037205365854646,0.001037205365854646,0.001022893375251081,0.001022893375251081,290.2011522793533
1791058320,0.001022893375251081,0.0010352087846467381,0.001022893375251081,0.001023954526610147,66.89190235954366
1791058380,0.001023954526610147,0.0010423590739715377,0.001023954526610147,0.0010423590739715377,217.81928710674273
1791058440,0.0010423590739715377,0.0010439955085866355,0.0010287714249988334,0.001043900458265074,114.62100802077963
1791058500,0.001043900458265074,0.001043900458265074,0.0010290790083530745,0.0010290790083530745,71.14931368049747
1791058560,0.0010290790083530745,0.0010413210206660106,0.0010278587264231588,0.0010278587264231588,89.21721224829217
1791058620,0.0010278587264231588,0.0010389169249110561,0.0010253925331593766,0.0010389169249110561,180.13693502068742
1791058680,0.0010389169249110561,0.0010397428883528969,0.0010260601860960926,0.001039228021970326,74.13327867908183
1791058740,0.001039228021970326,0.001039228021970326,0.0010187548136034834,0.0010187548136034834,258.4039688916656
1791058860,0.0010187548136034834,0.0010370829611036489,0.0010187548136034834,0.0010370829611036489,561.7116322103675
1791058920,0.0010370829611036489,0.0010403465075362957,0.0010265511186616212,0.0010265511186616212,83.08007364729318
1791058980,0.0010265511186616212,0.0010321299268802732,0.001020043235303973,0.0010321299268802732,173.84746216619146
1791059040,0.0010321299268802732,0.0010321299268802732,0.001011851911591678,0.001011851911591678,227.91693826792059
1791059100,0.001011851911591678,0.0010288232824935482,0.001011851911591678,0.001016098860807374,160.81393879225516
1791059160,0.001016098860807374,0.0010236388106473673,0.0010105460491458055,0.0010105460491458055,175.2890864501338
1791059220,0.0010105460491458055,0.001013901224000778,0.0009960239399471158,0.0009960239399471158,441.96818017520434
1791059280,0.0009960239399471158,0.001006095722387571,0.0009889589325978102,0.0009889589325978102,233.30019345040333
1791059340,0.0009889589325978102,0.0009963021534132666,0.0009852951381306664,0.0009963021534132666,58.79299215048943
1791059400,0.0009963021534132666,0.0009963021534132666,0.0009700031595137595,0.000981860554351907,425.51057485602934
1791059460,0.000981860554351907,0.000981860554351907,0.0009694834618178143,0.0009694834618178143,31.190108887470345
1791059520,0.0009694834618178143,0.000981139767684834,0.0009647966810591046,0.0009647966810591046,140.18292394507426
1791059580,0.0009647966810591046,0.0009777553469568993,0.0009647966810591046,0.0009777553469568993,42.286256107164846
1791059640,0.0009777553469568993,0.000978417248202178,0.0009650138141389048,0.0009650138141389048,116.12925261829044
1791059700,0.0009650138141389048,0.0009736184538555693,0.0009620897189412777,0.0009736184538555693,15.783155757614153
1791059760,0.0009736184538555693,0.0009736184538555693,0.0009609704687239439,0.0009728201200779775,43.68577920022805
1791059820,0.0009728201200779775,0.0009728201200779775,0.0009490814535194274,0.0009490814535194274,318.2661424914562
1791059880,0.0009490814535194274,0.0009682235764158127,0.000948878979148944,0.0009605047405813862,558.7736694679146
1791059940,0.0009605047405813862,0.0009605047405813862,0.0009477558310547299,0.0009500680625932178,191.6088625775104
1791060000,0.0009500680625932178,0.0009620189569545639,0.0009051684043626447,0.0009051684043626447,1733.7823821173215
1791060060,0.0009051684043626447,0.00091708919045092,0.0009042230136997488,0.00091708919045092,223.22732037799648
1791060120,0.00091708919045092,0.00091708919045092,0.000864154586386894,0.000879811886359456,3145.4681623484125
1791060180,0.000879811886359456,0.0008923680270215104,0.0008730744083256548,0.0008899480270218877,526.1612013664736
1791060240,0.0008899480270218877,0.0008955962987335301,0.0008807646308022475,0.0008857545178913791,360.1855993198445
1791060300,0.0008857545178913791,0.0009109211967577809,0.0008857545178913791,0.0009047731986087969,1000.0918458890694
1791060360,0.0009047731986087969,0.0009216375762370474,0.0009047731986087969,0.0009216375762370474,830.3793231127291
1791060420,0.0009216375762370474,0.0009331878503373846,0.0009203856794733575,0.0009331878503373846,106.2050252922398
1791060480,0.0009331878503373846,0.0009331878503373846,0.0009211239049057023,0.0009328080641741069,51.333559137075625
1791060540,0.0009328080641741069,0.0009369645593371834,0.0009212474354524223,0.0009292970257945313,260.31236610816245
1791060600,0.0009292970257945313,0.0009292970257945313,0.0009278394855292945,0.0009278394855292945,54.880597045980984
1791060660,0.0009278394855292945,0.0009278394855292945,0.0009158769913389943,0.0009275873016421938,814.0533673799833
1791060720,0.0009275873016421938,0.0009275873016421938,0.0009076116936043131,0.0009076116936043131,273.74088434921515
1791060780,0.0009076116936043131,0.0009187101496247891,0.0009070390114169282,0.000918071201189886,46.89587341853733
1791060840,0.000918071201189886,0.0009276625054434496,0.0009026662710564643,0.0009276625054434496,1312.898620892149
1791060900,0.0009276625054434496,0.0009410413039673628,0.0009251644098506181,0.0009410413039673628,447.7062174871972
1791060960,0.0009410413039673628,0.0009410413039673628,0.000926334222251391,0.000926334222251391,281.9714868178557
1791061020,0.000926334222251391,0.0009383937669848894,0.0009261101363962988,0.0009261101363962988,31.53339778200086
1791061080,0.0009261101363962988,0.00093879680225118,0.0009245999219889841,0.000926806080675314,220.32238700497027
1791061200,0.000926806080675314,0.000926806080675314,0.0009193252909985364,0.0009193252909985364,386.4579222958975
1791061260,0.0009193252909985364,0.0009413656899900219,0.0009193252909985364,0.0009413656899900219,552.2076733745834
1791061320,0.0009413656899900219,0.0009413656899900219,0.0009307983281344867,0.0009307983281344867,87.03140244373697
1791061380,0.0009307983281344867,0.0009307983281344867,0.000928167868049925,0.000928167868049925,9.971131642095676
1791061440,0.000928167868049925,0.000940448604277882,0.0009257146285154911,0.0009257146285154911,250.83234405483583
1791061500,0.0009257146285154911,0.0009257146285154911,0.0009129183057548101,0.0009167183300032424,678.141828104876
1791061560,0.0009167183300032424,0.0009282364660577822,0.0009166021036654573,0.0009282364660577822,302.2576145982187
1791061620,0.0009282364660577822,0.0009284019212273365,0.0009166574429077754,0.0009186167060829231,202.91534654456024
1791061680,0.0009186167060829231,0.0009186167060829231,0.0009102773039666378,0.0009174672080012064,318.9377371287047
1791061740,0.0009174672080012064,0.0009213309727240199,0.0009100758757081547,0.0009100758757081547,152.629827990548
1791061800,0.0009100758757081547,0.000919377268232495,0.0009069157717152316,0.0009166859295893359,146.1726250357405
1791061860,0.0009166859295893359,0.000918690636079794,0.0009053364908575335,0.000918690636079794,339.533039504147
1791061920,0.000918690636079794,0.0009327143096520894,0.000918690636079794,0.0009327143096520894,328.44762162879556
1791061980,0.0009327143096520894,0.0009375323363454761,0.0009262950201539358,0.0009267008079247172,200.56516437395388
1791062040,0.0009267008079247172,0.0009394372896790027,0.0009245738456708363,0.0009245738456708363,221.5172631541945
1791062100,0.0009245738456708363,0.0010198837802658082,0.0009245738456708363,0.0010165181703984064,2612.3346059959667
1791062160,0.0010165181703984064,0.001065045032386157,0.0010118598724820499,0.0010556495646375011,1716.7221418606816
1791062220,0.0010556495646375011,0.0010724602885665254,0.001024395866332562,0.0010269733845313753,1596.9269105646802
1791062280,0.0010269733845313753,0.0010269733845313753,0.0010138589244249765,0.0010245993449067153,107.37909257899241
1791062340,0.0010245993449067153,0.0010245993449067153,0.0009980476601471205,0.0010095939800275997,404.75273697764413
1791062400,0.0010095939800275997,0.0010095939800275997,0.0009895549968725649,0.0009895549968725649,234.43341353163933
1791062460,0.0009895549968725649,0.0010026156698391792,0.0009862391224317432,0.0009929642211381467,274.73385187211306
1791062520,0.0009929642211381467,0.0010097846540876108,0.0009929642211381467,0.0010097846540876108,931.6598250176911
1791062580,0.0010097846540876108,0.0010316290510786774,0.0010097846540876108,0.0010316290510786774,154.0947256693755
1791062640,0.0010316290510786774,0.0010316290510786774,0.0010097406465246048,0.0010097406465246048,658.5923217651456
1791062700,0.0010097406465246048,0.0010126347456553453,0.000998168842855681,0.000998168842855681,162.06483916800588
1791062760,0.000998168842855681,0.0010082655767050248,0.0009921080406977132,0.0010039718832742953,179.4229120315644
1791062820,0.0010039718832742953,0.0010290470817309607,0.0009991742199276326,0.0010073683003132012,1766.2798051464458
1791062880,0.0010073683003132012,0.0010116451286815882,0.0010073683003132012,0.0010116451286815882,9.715903761946556
1791062940,0.0010116451286815882,0.0010116451286815882,0.0009995580323420626,0.0009995580323420626,7.596845779274092
1791063000,0.0009995580323420626,0.001015469694820728,0.0009995580323420626,0.001015469694820728,304.9907854965399
1791063060,0.001015469694820728,0.001015469694820728,0.000995937185824268,0.0010083140233915664,212.72060301142886
1791063120,0.0010083140233915664,0.0010083140233915664,0.000981546839568043,0.0009939325229503886,439.55393554663607
1791063180,0.0009939325229503886,0.0009939325229503886,0.0009922049677976402,0.0009922695613430942,5.528755294096385
1791063240,0.0009922695613430942,0.0009965674935991178,0.0009839824351693417,0.0009839824351693417,103.30751017563544
1791063300,0.0009839824351693417,0.0009839824351693417,0.0009618364351131222,0.000969218922044709,789.8393235719457
1791063360,0.000969218922044709,0.000969218922044709,0.0009548256598048885,0.0009548256598048885,123.21440544859627
1791063420,0.0009548256598048885,0.0009625185327562062,0.0009511274425934602,0.0009511274425934602,95.98975213222224
1791063480,0.0009511274425934602,0.0009623169576274407,0.000950772172484024,0.0009623169576274407,22.889048634988768
1791063540,0.0009623169576274407,0.0009623169576274407,0.0009457289093873156,0.0009573427893459941,302.9202210361046
1791063600,0.0009573427893459941,0.0009593245248190088,0.000906578882544646,0.0009095102133263125,1503.790840457645
1791063660,0.0009095102133263125,0.00092145921827789,0.0009053522767386891,0.000906889166543888,482.46452200636
1791063720,0.000906889166543888,0.0009189902569901813,0.0009058008554721935,0.0009185522895384415,304.01336849256273
1791063780,0.0009185522895384415,0.0009543116452725353,0.0009093304067884501,0.0009543116452725353,1366.8055303099745
1791063840,0.0009543116452725353,0.0009677542349948889,0.000951790336027781,0.0009677542349948889,237.86577629565758
1791063900,0.0009677542349948889,0.0009677542349948889,0.0009471014346544226,0.0009473866950455636,286.4193567507273
1791063960,0.0009473866950455636,0.0009769750437809658,0.0009473866950455636,0.0009655431518451126,566.2123960390207
1791064020,0.0009655431518451126,0.0009757007124582751,0.0009480341168568549,0.0009480341168568549,901.1363936550429
1791064080,0.0009480341168568549,0.0009651504870359065,0.0009473050308372506,0.0009651504870359065,348.5742017655686
1791064140,0.0009651504870359065,0.0009651504870359065,0.0009300309010272839,0.0009339830105696102,1640.0684114912551
1791064200,0.0009339830105696102,0.0009386264683638504,0.0009072661487626322,0.0009239618630887279,2279.9261070041257
1791064260,0.0009239618630887279,0.0009418639266488722,0.0009239618630887279,0.0009375331680843514,340.99868872133334
1791064320,0.0009375331680843514,0.0009424060398827143,0.0009256164878654171,0.0009354673004584986,449.1584275632348
1791064380,0.0009354673004584986,0.0009445068241560042,0.0009297378011612902,0.0009445068241560042,332.84581137219106
1791064440,0.0009445068241560042,0.0009509293453655361,0.0009351904423582704,0.0009509293453655361,341.1648531586343
1791064500,0.0009509293453655361,0.0009509293453655361,0.0009445472291648867,0.0009445472291648867,5.772804553035694
1791064560,0.0009445472291648867,0.0009445472291648867,0.0009275490602144936,0.0009356196844083997,848.6232829654398
1791064620,0.0009356196844083997,0.0009356196844083997,0.0009241642781386984,0.0009242876749482289,17.223238160751013
1791064680,0.0009242876749482289,0.0009558635131639971,0.0009240240304506878,0.0009558635131639971,623.2250671787248
1791064800,0.0009558635131639971,0.0009558635131639971,0.0009404105439800945,0.0009404105439800945,124.99267968834852
1791064860,0.0009404105439800945,0.0009700710451055223,0.0009404105439800945,0.000956346904811509,726.297951345773
1791064920,0.000956346904811509,0.0009688753037058696,0.0009552191284180304,0.0009688753037058696,118.17447233889223
1791064980,0.0009688753037058696,0.0009770474664839593,0.0009688753037058696,0.0009770474664839593,166.05851632808262
1791065040,0.0009770474664839593,0.0009863269419390643,0.0009664178113740745,0.0009863269419390643,634.5112700495062
1791065100,0.0009863269419390643,0.0010018452539131317,0.0009788533696896535,0.0010018452539131317,374.3307133757654
1791065160,0.0010018452539131317,0.0010018452539131317,0.0009858181960472165,0.0009858181960472165,215.09760462020938
1791065220,0.0009858181960472165,0.0009858181960472165,0.0009850034974598762,0.0009850034974598762,0.2769971281359407
1791065280,0.0009850034974598762,0.0010014973512128503,0.0009850034974598762,0.0009913153294092264,181.6939994058638
1791065340,0.0009913153294092264,0.0010032903636844886,0.0009867435381983028,0.0009867435381983028,251.5878988664966
1791065400,0.0009867435381983028,0.0009936139575644732,0.0009598864108614421,0.0009600559541882543,1034.2678311494828
1791065460,0.0009600559541882543,0.0009636458621559099,0.0009513388233610595,0.0009513388233610595,172.6751576436256
1791065520,0.0009513388233610595,0.0009609266554958511,0.0009500341434419771,0.0009609266554958511,49.55550537464999
1791065580,0.0009609266554958511,0.0009621755317780336,0.0009454242614315389,0.0009454242614315389,379.2123613393501
1791065640,0.0009454242614315389,0.0009527271614362977,0.0009405287167907788,0.0009412047528357906,146.87927408234336
1791065700,0.0009412047528357906,0.0009525725086411297,0.0009408973873335555,0.0009520948643020325,129.9632901428741
1791065760,0.0009520948643020325,0.000954376747022196,0.0009413692212383659,0.0009448385730517218,146.62994016063485
1791065820,0.0009448385730517218,0.000958768898103934,0.0009448385730517218,0.000958768898103934,91.17555505645569
1791065880,0.000958768898103934,0.0009617274121691138,0.000949757167444004,0.0009617274121691138,22.766214059952546
1791065940,0.0009617274121691138,0.0009623515134270322,0.0009401662234658907,0.0009518314741105738,332.18659933415654
1791066000,0.0009518314741105738,0.0009575880265667329,0.0009419121581772524,0.0009460028111953695,203.13030230381833
1791066060,0.0009460028111953695,0.0009653168364554832,0.0009460028111953695,0.0009653168364554832,407.92529551299504
1791066120,0.0009653168364554832,0.0009653168364554832,0.0009584887108208447,0.0009584887108208447,55.84359810968698
1791066180,0.0009584887108208447,0.0009708983841271858,0.0009569649470351813,0.0009569649470351813,186.19569298699847
1791066240,0.0009569649470351813,0.0009569649470351813,0.0009532130960342565,0.0009532130960342565,87.17336884339926
1791066360,0.0009532130960342565,0.0009638661789402524,0.0009504180105205331,0.0009638661789402524,153.8171069028161
1791066420,0.0009638661789402524,0.0009659656915471144,0.0009541077254101917,0.0009659656915471144,54.43432671707778
1791066480,0.0009659656915471144,0.000966780782481768,0.000954484678895413,0.000966780782481768,66.23163145160213
1791066540,0.000966780782481768,0.0009708734148223264,0.000966780782481768,0.0009708734148223264,116.38275141252738
1791066600,0.0009708734148223264,0.0009708734148223264,0.0009220218478214111,0.0009361560775999541,2343.70223640993
1791066660,0.0009361560775999541,0.0009462958918175124,0.0009321798213857223,0.0009462958918175124,198.99012375989795
1791066720,0.0009462958918175124,0.0009666087056331786,0.0009365443970071535,0.0009604539804341256,886.9515104880578
1791066780,0.0009604539804341256,0.0009604539804341256,0.000960216890722059,0.000960216890722059,1.260151778895894
1791066840,0.000960216890722059,0.0009719351084645038,0.0009504127285750851,0.0009504127285750851,289.0368884346576
1791066900,0.0009504127285750851,0.0009627190444344566,0.0009504127285750851,0.0009627190444344566,4.9613245895078215
1791066960,0.0009627190444344566,0.0009627190444344566,0.0009432004302330186,0.0009432004302330186,413.1349296339324
1791067020,0.0009432004302330186,0.0009481885633263952,0.0009288765822714804,0.0009288765822714804,334.51440693126943
1791067080,0.0009288765822714804,0.0009369968900736278,0.0009288765822714804,0.0009369968900736278,10.320823949290535
1791067140,0.0009369968900736278,0.000937366458352575,0.0009369968900736278,0.000937366458352575,6.534552516457375
1791067200,0.000937366458352575,0.000937366458352575,0.0009250830070606576,0.0009250830070606576,30.105992455279
1791067260,0.0009250830070606576,0.0009379244613940645,0.0009248015023542792,0.0009270366980005944,159.17391445718474
1791067320,0.0009270366980005944,0.000942288640324964,0.0009262750980553293,0.0009349360515327438,431.270505754056
1791067380,0.0009349360515327438,0.0009456871500450009,0.0009332956606523111,0.0009332956606523111,91.42743759461817
1791067440,0.0009332956606523111,0.0009404069561347328,0.0009225599104162405,0.0009404069561347328,1063.4049521033
1791067500,0.0009404069561347328,0.0009419520264139271,0.0009291263127763924,0.0009300258808691619,212.85382316548564
1791067560,0.0009300258808691619,0.0009413555990519587,0.0009277850223266359,0.0009299958113013548,220.92600195662922
1791067620,0.0009299958113013548,0.0009365146718149619,0.0009276873028323092,0.0009365146718149619,191.30172913703157
1791067680,0.0009365146718149619,0.0009365146718149619,0.0008654861216118417,0.0008857468334003206,3520.1557898335504
1791067740,0.0008857468334003206,0.0008912741508871028,0.0008806040569367707,0.0008912741508871028,157.40024045163943
1791067800,0.0008912741508871028,0.0008935665501978692,0.0008912741508871028,0.0008935665501978692,108.97882431163191
1791067860,0.0008935665501978692,0.000897470580550342,0.0008757372138751546,0.0008864055897401854,663.5037095257067
1791067920,0.0008864055897401854,0.0008950903274467328,0.0008864055897401854,0.0008950903274467328,367.7733960263463
1791067980,0.0008950903274467328,0.000905336437867732,0.0008854842787235972,0.0009022236642237258,503.17741757568206
1791068040,0.0009022236642237258,0.000909663991793769,0.000890401905781922,0.000890401905781922,537.7046219927734
1791068100,0.000890401905781922,0.000890401905781922,0.0008840163631637192,0.0008840163631637192,245.0811206437279
1791068160,0.0008840163631637192,0.0008840163631637192,0.0008797985818907344,0.0008797985818907344,2.5779372344957183
1791068220,0.0008797985818907344,0.0008983298592166565,0.0008797985818907344,0.0008983298592166565,431.64915927201105
1791068280,0.0008983298592166565,0.0009099821310143593,0.0008898168492124053,0.0008898168492124053,704.2146525734607
1791068340,0.0008898168492124053,0.0009057986877896362,0.0008889791693024285,0.0009057986877896362,946.8180191907048
1791068400,0.0009057986877896362,0.0009138335794664865,0.0009019933820402258,0.0009138335794664865,89.06025887126013
1791068460,0.0009138335794664865,0.0009138335794664865,0.0009129540932609065,0.0009129540932609065,46.02989103898096
1791068520,0.0009129540932609065,0.0009139733943903184,0.0008985373498053643,0.0008985373498053643,378.4607579445772
1791068580,0.0008985373498053643,0.0009111944287345295,0.0008717072833861299,0.0008717072833861299,1970.3348935738582
1791068640,0.0008717072833861299,0.0008794208914253812,0.0008717072833861299,0.0008794208914253812,52.05216652159381
1791068700,0.0008794208914253812,0.000888096020643555,0.0008690324028443045,0.0008718206250223863,550.3737158977057
1791068760,0.0008718206250223863,0.0008845914501188158,0.0008669122397096169,0.0008816988749202547,562.5840548396811
1791068820,0.0008816988749202547,0.0008907103423470543,0.000868653196812553,0.000868653196812553,427.7828352011944
1791068880,0.000868653196812553,0.000878071885404975,0.0008303617277107023,0.0008443378678255705,1509.6386432923407
1791068940,0.0008443378678255705,0.0008443378678255705,0.0007932670397019331,0.0008099056761222074,3848.152222013476
1791069000,0.0008099056761222074,0.00082365256458926,0.0007900275854959829,0.00082365256458926,1402.1855482825072
1791069060,0.00082365256458926,0.0008260279858153988,0.0008009195332278271,0.0008049831199243205,844.0954917159394
1791069120,0.0008049831199243205,0.0008049831199243205,0.0007754003782790817,0.0007976917476321167,1835.96278372409
1791069180,0.0007976917476321167,0.0007976917476321167,0.0007444299951925355,0.0007705969259794201,3456.8045397135475
1791069240,0.0007705969259794201,0.0007792101694469434,0.0007257347461037113,0.0007372092725618173,3186.8863948818284
1791069300,0.0007372092725618173,0.0007460364898384496,0.0007173552307377842,0.0007460364898384496,2814.0378867768322
1791069360,0.0007460364898384496,0.0007465645184794994,0.0007348337309679113,0.0007429193074821851,498.55547920566096
1791069420,0.0007429193074821851,0.0007507142344718114,0.0007236429361539907,0.0007369321508081798,2797.9912154047142
1791069480,0.0007369321508081798,0.0007524844049905629,0.0007352406690195431,0.0007524844049905629,586.0248677155537
1791069540,0.0007524844049905629,0.0007524844049905629,0.0007316438571994532,0.0007440530606345116,632.1918879567237
1791069600,0.0007440530606345116,0.0007455101677009433,0.0007134956903763242,0.0007219367025779577,1352.2004343409956
1791069660,0.0007219367025779577,0.0007226933892223272,0.0006886691262796814,0.0006938560197321909,1720.819072387988
1791069720,0.0006938560197321909,0.0006954609547260058,0.0006595788391458947,0.0006705009386572846,3200.9928294946776
1791069780,0.0006705009386572846,0.0006705009386572846,0.0006388167900195118,0.0006476355447487134,1548.099059534236
1791069840,0.0006476355447487134,0.0006710855927993444,0.000636818374521026,0.0006710855927993444,1482.5409226461961
1791069900,0.0006710855927993444,0.000697209336193976,0.0006621563236277651,0.0006756329561488193,3242.7215988258467
1791069960,0.0006756329561488193,0.0007054314044474498,0.0006756329561488193,0.0007054314044474498,953.3592060447958
1791070020,0.0007054314044474498,0.0007138485913011631,0.000679226221617769,0.0006920321227999221,3624.934484003406
1791070080,0.0006920321227999221,0.0007092977419237255,0.0006920321227999221,0.0006940366194622965,814.0287330309596
1791070140,0.0006940366194622965,0.0007042880401961939,0.0006930364394101657,0.0006951395620922204,308.1112638317809
1791070200,0.0006951395620922204,0.0007069804173938132,0.0006906802386026171,0.0007069804173938132,588.8368762252679
1791070260,0.0007069804173938132,0.0007150836779999068,0.0007036472519277932,0.0007084884323667642,420.75250445211447
1791070320,0.0007084884323667642,0.000720734767453141,0.0006950478838432069,0.000714738958514359,2450.9355486777654
1791070380,0.000714738958514359,0.0007335658567539031,0.000714738958514359,0.0007335658567539031,136.5274807649123
1791070440,0.0007335658567539031,0.0007486507690659533,0.0007083241528491773,0.0007083241528491773,1841.663063593146
1791070500,0.0007083241528491773,0.0007123037747106923,0.0006989289655808227,0.0007059999418155613,595.2879150332116
1791070560,0.0007059999418155613,0.000717653569160895,0.0007045972528506005,0.000717653569160895,718.7960776948099
1791070620,0.000717653569160895,0.0007385917444754366,0.0007158206116041813,0.0007364271133334511,925.2797492652393
1791070680,0.0007364271133334511,0.0007508240984253696,0.0007364271133334511,0.0007501564517193347,146.51783554310694
1791070740,0.0007501564517193347,0.0007501564517193347,0.0007341553968442548,0.0007341553968442548,240.63327140039914
1791070800,0.0007341553968442548,0.000743497415019499,0.0007300739637837368,0.0007300739637837368,294.4022904650193
1791070860,0.0007300739637837368,0.0007300739637837368,0.0006770058728746838,0.0006910407806624011,2970.5412410648983
1791070920,0.0006910407806624011,0.0007054294120409236,0.0006910407806624011,0.000698571757619711,613.8547385089538
1791070980,0.000698571757619711,0.0007136590748544215,0.000698571757619711,0.0007132564674589843,240.42984188778172
1791071040,0.0007132564674589843,0.0007140570992948391,0.000695628165076502,0.000695628165076502,745.6752321929927
1791071100,0.000695628165076502,0.000695628165076502,0.0006519686390187543,0.0006612071346659456,2185.097346376041
1791071160,0.0006612071346659456,0.0006779522544528314,0.0006612071346659456,0.0006779522544528314,581.9444238817852
1791071220,0.0006779522544528314,0.000680612911684364,0.0006633842041389469,0.0006714748609992513,443.4976443955778
1791071280,0.0006714748609992513,0.0006717255969259199,0.0006393865079259075,0.0006528282955283264,1238.6721194332392
1791071340,0.0006528282955283264,0.0006605175472622801,0.0006385507643246977,0.0006459273567850811,1246.652915808746
1791071400,0.0006459273567850811,0.0006485841457624724,0.0006381225524799898,0.000647083388598581,112.49044032757449
1791071460,0.000647083388598581,0.0006516856804247216,0.0006362883706612404,0.000644115955068249,926.9910324674399
1791071520,0.000644115955068249,0.0006585926580818097,0.000644115955068249,0.0006585926580818097,276.5181026912892
1791071580,0.0006585926580818097,0.0006877018898659485,0.0006558800300447366,0.000681170701909691,1893.980172667825
1791071640,0.000681170701909691,0.000681170701909691,0.0006796629719797588,0.0006796629719797588,6.598075571397996
1791071700,0.0006796629719797588,0.0006884997885581737,0.0006783255783517515,0.0006864206319823522,201.24684971679466
1791071760,0.0006864206319823522,0.0006877787513719033,0.0006776008444413801,0.0006812918983332234,204.64262749741795
1791071820,0.0006812918983332234,0.0006840609648373052,0.0006446827171573329,0.0006472165496811478,1589.9141148197175
1791071880,0.0006472165496811478,0.0006525312480122501,0.0006472165496811478,0.0006525312480122501,204.1365934883976
1791071940,0.0006525312480122501,0.0006618886684837388,0.0006440939509226865,0.0006618886684837388,852.9994662625534
1791072000,0.0006618886684837388,0.0006769327624830324,0.0006554164535295822,0.0006554164535295822,1043.630264426388
1791072060,0.0006554164535295822,0.0006686708699462805,0.0006531997490153408,0.0006683515984772291,425.10519983550336
1791072120,0.0006683515984772291,0.0007077816705790021,0.0006683515984772291,0.0007002906209297443,1455.992567291978
1791072180,0.0007002906209297443,0.0007237755598403324,0.0006984644514642472,0.0007237755598403324,808.771450045628
1791072240,0.0007237755598403324,0.0007284971133407795,0.0007189849862159371,0.0007189849862159371,58.54895296527494
1791072300,0.0007189849862159371,0.0007219326956796621,0.0007110993235052857,0.0007110993235052857,317.44173896454856
1791072360,0.0007110993235052857,0.0007200189764290702,0.000701209087283778,0.0007024491441249671,432.21606755477853
1791072420,0.0007024491441249671,0.0007336800793048691,0.0007024491441249671,0.0007275134224243225,851.660354140112
1791072480,0.0007275134224243225,0.0007275134224243225,0.000720979789186382,0.000720979789186382,211.18606362290174
1791072540,0.000720979789186382,0.0007293741406426142,0.0007168840538913138,0.0007168840538913138,316.96995413918063
1791072600,0.0007168840538913138,0.0007195248479561961,0.0007083590957761742,0.0007166816201093318,287.5360885595003
1791072660,0.0007166816201093318,0.0007206151565976631,0.0007088622042381885,0.0007088622042381885,256.8810702424321
1791072720,0.0007088622042381885,0.0007173704412475015,0.0007045045413695744,0.0007173704412475015,631.1978344058726
1791072780,0.0007173704412475015,0.0007173704412475015,0.0006981058616674368,0.0006981058616674368,636.5693182242669
1791072840,0.0006981058616674368,0.0007043377619028006,0.0006966054469965071,0.0007043377619028006,83.34325758567972
1791072900,0.0007043377619028006,0.0007043377619028006,0.0006902609638631336,0.0006902609638631336,130.24948826096855
1791072960,0.0006902609638631336,0.000702002719783059,0.0006902609638631336,0.0006943550735923381,129.7279443279258
1791073020,0.0006943550735923381,0.0007008884862087217,0.0006930958324017219,0.0006930958324017219,71.91749637741096
1791073080,0.0006930958324017219,0.0007009003414186043,0.0006906004116973835,0.0006906004116973835,89.83714861750957
1791073140,0.0006906004116973835,0.0006996731764030941,0.0006903758076809969,0.0006996731764030941,86.76386925253954
1791073200,0.0006996731764030941,0.0007006042662820898,0.0006770856959271472,0.0006781162106537409,882.073000308268
1791073260,0.0006781162106537409,0.0006782196082051702,0.000668523282897249,0.000668523282897249,183.15396880195655
1791073320,0.000668523282897249,0.0006706212461849982,0.0006617115668415414,0.0006706212461849982,215.05145652720267
1791073380,0.0006706212461849982,0.000671897812267119,0.0006639559765991349,0.000671897812267119,94.11682588373714
1791073440,0.000671897812267119,0.0006873495583184672,0.000669228965104503,0.0006873495583184672,760.8477090759557
1791073500,0.0006873495583184672,0.0006983379479260782,0.0006873495583184672,0.000689101311715727,804.3222101404187
1791073560,0.000689101311715727,0.000689101311715727,0.000689035880167185,0.000689035880167185,5.924264426715943
1791073620,0.000689035880167185,0.0006962827857695733,0.0006865366465032926,0.0006865366465032926,247.78683194257633
1791073680,0.0006865366465032926,0.0006949089667489787,0.0006822241130996005,0.0006860413715190916,300.2653432963227
1791073740,0.0006860413715190916,0.000692507769417852,0.0006842086937858024,0.000692507769417852,45.64640555805187
1791073800,0.000692507769417852,0.000692507769417852,0.0006781175858784009,0.0006781175858784009,275.50994218185105
1791073860,0.0006781175858784009,0.000685197962417881,0.0006439032157134888,0.000652604163885048,1844.613561890603
1791073920,0.000652604163885048,0.000652604163885048,0.0006387847146579777,0.0006469287443317073,372.30831224997036
1791073980,0.0006469287443317073,0.0006514173294078188,0.0006437335538669949,0.0006514173294078188,185.8011843450815
1791074040,0.0006514173294078188,0.0006619253921468349,0.0006439100172670446,0.0006619253921468349,612.7754283328368
1791074100,0.0006619253921468349,0.0006679529603402845,0.0006572349972311019,0.0006572349972311019,172.10350007948807
1791074160,0.0006572349972311019,0.0006681927906646417,0.0006552683989527239,0.0006658544060517087,330.81568856384473
1791074220,0.0006658544060517087,0.0006677581639403861,0.0006482764029786359,0.0006561306178727487,597.2189044817704
1791074280,0.0006561306178727487,0.0006676418467751917,0.0006561306178727487,0.0006676418467751917,371.92279706205
1791074340,0.0006676418467751917,0.0006676418467751917,0.0006596860492894064,0.0006596860492894064,6.225189803163199
1791074400,0.0006596860492894064,0.0006597552354826952,0.0006595288069004808,0.0006595288069004808,18.90453992969672
1791074460,0.0006595288069004808,0.0006735193863506727,0.000659461167588651,0.0006721952318134856,70.03656014210014
1791074520,0.0006721952318134856,0.0006721952318134856,0.0006711531899405739,0.0006711531899405739,24.392110761627976
1791074580,0.0006711531899405739,0.0006711531899405739,0.0006533589479074982,0.0006533589479074982,596.7156746578801
1791074640,0.0006533589479074982,0.0006648656453127101,0.0006533589479074982,0.0006648656453127101,132.58246357782167
1791074700,0.0006648656453127101,0.0006648656453127101,0.0006514467264424535,0.0006514467264424535,290.8062192849316
1791074760,0.0006514467264424535,0.0006606424929202364,0.0006514467264424535,0.0006606424929202364,75.39231760474588
1791074820,0.0006606424929202364,0.0006606424929202364,0.0006216102232017698,0.0006292493252792931,2373.997732648857
1791074880,0.0006292493252792931,0.0006292493252792931,0.0006193888519355466,0.0006195499546921279,377.6897857783398
1791074940,0.0006195499546921279,0.0006379189843456857,0.0006195499546921279,0.0006298987360195667,496.88394685538697
1791075000,0.0006298987360195667,0.0006404289389140368,0.0006224288797348153,0.0006224288797348153,672.4565426311983
1791075060,0.0006224288797348153,0.0006412508199248412,0.0006224288797348153,0.0006412508199248412,580.8981201589805
1791075120,0.0006412508199248412,0.0006415527983449765,0.0006156834880987354,0.0006223883165052633,1035.4128486867944
1791075180,0.0006223883165052633,0.0006292120540316397,0.0006165821100383044,0.0006292120540316397,289.3286966096052
1791075240,0.0006292120540316397,0.0006302129395116695,0.0006231673550499223,0.0006231673550499223,55.00589685815059
1791075300,0.0006231673550499223,0.0006324066105649828,0.0006231673550499223,0.0006324066105649828,109.68932574946281
1791075360,0.0006324066105649828,0.0006366767954845656,0.0006324066105649828,0.0006366767954845656,142.77482085532094
1791075420,0.0006366767954845656,0.0006407622654460719,0.0006274311921808177,0.0006326987006829595,341.0173528708259
1791075480,0.0006326987006829595,0.0006409129722215356,0.0006326987006829595,0.0006409129722215356,9.676956627605122
1791075540,0.0006409129722215356,0.0006414135965104901,0.0006402849733556451,0.0006414135965104901,48.424252230199095
1791075600,0.0006414135965104901,0.0006414135965104901,0.0006341657101531262,0.0006341657101531262,6.204458490528231
1791075660,0.0006341657101531262,0.0006442220146281355,0.0006321241951858681,0.0006442220146281355,496.89823601913344
1791075720,0.0006442220146281355,0.0006442220146281355,0.0006362958371575807,0.0006426220632394916,169.85996121619414
1791075780,0.0006426220632394916,0.0006426220632394916,0.0006299724827012099,0.0006299724827012099,273.10461830518625
1791075840,0.0006299724827012099,0.0006351889167805024,0.0006245624926444957,0.0006245624926444957,115.92250063300001
1791075900,0.0006245624926444957,0.0006245624926444957,0.0006224943747641409,0.0006225545570343494,67.40445867700144
1791075960,0.0006225545570343494,0.0006414631267587314,0.0006225457245421503,0.0006350205873658049,449.54961245381304
1791076020,0.0006350205873658049,0.000657336765934271,0.0006350205873658049,0.000657336765934271,515.909741244831
1791076080,0.000657336765934271,0.000657336765934271,0.000649261676990702,0.000649261676990702,24.54650200401656
1791076140,0.000649261676990702,0.000649261676990702,0.0006478339662692396,0.0006478339662692396,25.762473777445397
1791076200,0.0006478339662692396,0.0006557935042976701,0.0006475972779020598,0.0006479472808059912,19.904166795630776
1791076260,0.0006479472808059912,0.0006566732949934208,0.0006479472808059912,0.0006495695097978662,61.47479756421332
1791076320,0.0006495695097978662,0.00065335368645675,0.0006445922417108879,0.00065335368645675,514.2179528422772
1791076380,0.00065335368645675,0.00065335368645675,0.0006349084320429313,0.0006349084320429313,503.5884337153031
1791076440,0.0006349084320429313,0.0006356342106590658,0.0006349084320429313,0.0006356342106590658,19.670186883590574
1791076500,0.0006356342106590658,0.0006358037417355419,0.000621527344066818,0.000621527344066818,284.9748308250281
1791076560,0.000621527344066818,0.0006284071553652475,0.0006151625515085971,0.0006151625515085971,225.68606773534194
1791076620,0.0006151625515085971,0.0006206297909055865,0.0006137616588163241,0.0006206297909055865,100.16465963234519
1791076680,0.0006206297909055865,0.0006224453705285444,0.0006206297909055865,0.0006224453705285444,49.29592299062994
1791076740,0.0006224453705285444,0.0006224453705285444,0.0006154618178961885,0.0006154618178961885,4.900719967738337
1791076800,0.0006154618178961885,0.0006602510875528268,0.0006154618178961885,0.0006602510875528268,1358.0446362087523
1791076860,0.0006602510875528268,0.0006619083176605479,0.0006363355958675577,0.0006495835422826366,1267.3530375536127
1791076920,0.0006495835422826366,0.0006580500907560413,0.0006495835422826366,0.0006500027823258869,103.1222444091176
1791076980,0.0006500027823258869,0.0006550666320359795,0.0006469514508718627,0.0006469520882566373,166.42703553015807
1791077040,0.0006469520882566373,0.000654649066573048,0.00064653112268979,0.00064653112268979,23.83510348471095
1791077100,0.00064653112268979,0.00064653112268979,0.0006334909543636525,0.0006451270522100982,628.5290948574684
1791077160,0.0006451270522100982,0.0006458318695324182,0.0006356394946055787,0.0006458318695324182,395.23708455799743
1791077220,0.0006458318695324182,0.0006533300053144926,0.0006385819530409069,0.0006533300053144926,505.83241264018113
1791077280,0.0006533300053144926,0.0006604645842342898,0.0006435951306365563,0.0006554439157994194,941.3694634848367
1791077340,0.0006554439157994194,0.0006727920762768194,0.00064864289629479,0.0006674613341501127,494.49754505758125
1791077400,0.0006674613341501127,0.0006754588285870675,0.0006590033700654246,0.0006676808372970481,470.24782062951886
1791077460,0.0006676808372970481,0.0006804667994882921,0.0006606157172518119,0.0006803697274424538,655.5789779629637
1791077580,0.0006803697274424538,0.0006897052310218231,0.0006803697274424538,0.0006813381218141466,154.31869195541003
1791077640,0.0006813381218141466,0.0006905965391060544,0.000681204425692214,0.0006905965391060544,44.15433722869961
1791077700,0.0006905965391060544,0.0006905965391060544,0.000681717234664344,0.0006904516800707889,70.41986509443646
1791077760,0.0006904516800707889,0.0006904516800707889,0.0006666106692130449,0.0006714369957656398,960.1466728880247
1791077820,0.0006714369957656398,0.0006794781472619714,0.0006688676092949557,0.000676023579164299,175.6085099974001
1791077880,0.000676023579164299,0.000676023579164299,0.0006671943830744914,0.0006671943830744914,35.68620991458227
1791077940,0.0006671943830744914,0.0006747844509239572,0.0006644029014526596,0.0006644029014526596,151.74453942388863
1791078000,0.0006644029014526596,0.0007013782318079432,0.0006644029014526596,0.0007013782318079432,1450.138728675768
1791078060,0.0007013782318079432,0.0007013782318079432,0.0006807450472300576,0.0006807450472300576,708.344531284681
1791078120,0.0006807450472300576,0.0006856412782988699,0.0006807450472300576,0.0006817002201153248,292.95990119302024
1791078180,0.0006817002201153248,0.0006902393023690455,0.0006814634277333603,0.0006902393023690455,35.09915871409457
1791078240,0.0006902393023690455,0.000701369771403058,0.0006902393023690455,0.000701369771403058,457.19233963875007
1791078300,0.000701369771403058,0.0007108195552173271,0.000701369771403058,0.0007098866376065653,511.0753080827853
1791078360,0.0007098866376065653,0.0007380558355671299,0.0007098866376065653,0.0007340777915182276,1744.9392984549436
1791078420,0.0007340777915182276,0.0007756761527028381,0.0007340777915182276,0.0007748199307445535,1992.3769638441604
1791078480,0.0007748199307445535,0.0007779185070288196,0.0007657453060491774,0.0007684968327082082,168.06403103010197
1791078540,0.0007684968327082082,0.0007773733154077595,0.0007678258187197623,0.0007679747898738957,65.03861777714816
1791078600,0.0007679747898738957,0.0007788623441383686,0.0007666820021996298,0.0007692177901771131,105.36229255560184
1791078660,0.0007692177901771131,0.0007803427708861538,0.0007634308716267673,0.0007661831295938611,401.61351739338346
1791078720,0.0007661831295938611,0.0007661831295938611,0.0007467256629858256,0.0007470840728067271,699.6465897852053
1791078780,0.0007470840728067271,0.000763183276259165,0.0007468634163184503,0.000763183276259165,562.810085807029
1791078840,0.000763183276259165,0.000763183276259165,0.0007479360826572254,0.0007479360826572254,364.8091255596777
1791078900,0.0007479360826572254,0.0007479360826572254,0.0007412307211731903,0.0007412307211731903,77.29838829443558
1791078960,0.0007412307211731903,0.000782413926536218,0.0007412307211731903,0.0007776169286134426,1496.7156558012873
1791079020,0.0007776169286134426,0.0007864404317445094,0.0007578881698692119,0.0007745556084124457,935.4684280947566
1791079080,0.0007745556084124457,0.0008242140704793258,0.0007745556084124457,0.0008170052576428904,2048.927348192047
1791079140,0.0008170052576428904,0.0008283027724665626,0.0008005024895164674,0.000818776575571744,1589.5280775952342
1791079200,0.000818776575571744,0.000818776575571744,0.0008065714076841983,0.0008157551757785701,462.14761085307686
1791079260,0.0008157551757785701,0.0008290492360593471,0.0008042743142878815,0.0008248985018099412,1248.2690241394357
1791079320,0.0008248985018099412,0.0008330590684691873,0.0008115132754745953,0.0008245172565518198,565.5823994873339
1791079380,0.0008245172565518198,0.000836184207662195,0.0008178891924552381,0.0008210761417608568,558.1451952054755
1791079440,0.0008210761417608568,0.0008264226242542945,0.0008059648365715243,0.0008191961008263756,462.2790565105213
1791079500,0.0008191961008263756,0.0008197816926860905,0.0008191961008263756,0.0008197816926860905,29.500666645815212
1791079560,0.0008197816926860905,0.0008272660379661245,0.0008197816926860905,0.0008272660379661245,276.56613597178085
1791079620,0.0008272660379661245,0.0008272660379661245,0.000797321902108295,0.000797321902108295,682.2662895877598
1791079680,0.000797321902108295,0.0008083299299742041,0.000797321902108295,0.0008019058130758127,206.25568906634663
1791079740,0.0008019058130758127,0.0008116922611875249,0.0008008429499218481,0.0008116922611875249,126.52679838333185
1791079800,0.0008116922611875249,0.0008116922611875249,0.0007974275827093324,0.0008088484267630671,253.02703860753385
1791079860,0.0008088484267630671,0.0008088484267630671,0.0007960971074051258,0.0007960971074051258,98.0185065370693
1791079920,0.0007960971074051258,0.0007960971074051258,0.0007876249641565643,0.0007876249641565643,265.12741854295865
1791079980,0.0007876249641565643,0.0007876249641565643,0.0007664296546806431,0.0007688513201981147,1204.8037765374918
1791080160,0.0007688513201981147,0.0007692517808680554,0.0007581785092541199,0.0007692517808680554,307.65650447953084
1791080220,0.0007692517808680554,0.0007722407074657958,0.0007592455489418483,0.0007594555806327274,142.81287674118445
1791080280,0.0007594555806327274,0.0007712419820800894,0.0007594555806327274,0.0007636853373446207,130.9588074580243
1791080340,0.0007636853373446207,0.0007725258172611289,0.0007584832797628596,0.0007584832797628596,312.622850295145
1791080400,0.0007584832797628596,0.0007585747591078591,0.0007499525840320591,0.0007585747591078591,138.6209240180104
1791080520,0.0007585747591078591,0.0007587704962221596,0.0007585747591078591,0.0007587704962221596,1.1646896708761267
1791080580,0.0007587704962221596,0.0007594791969004931,0.0007469444570667513,0.0007550199360949292,333.97403398369477
1791080640,0.0007550199360949292,0.0007561055846529708,0.0007453374981734289,0.0007453374981734289,75.0419375538954
1791080700,0.0007453374981734289,0.00075344678590642,0.0007426806912721963,0.00075344678590642,444.84545753913176
1791080760,0.00075344678590642,0.00075710785552465,0.0007476857302924794,0.00075710785552465,46.89070715840718
1791080820,0.00075710785552465,0.000757270161809178,0.0007425316730964329,0.0007425316730964329,440.62161762477507
1791080880,0.0007425316730964329,0.0007425316730964329,0.0007335897886919064,0.0007335897886919064,156.81238935265534
1791080940,0.0007335897886919064,0.0007335897886919064,0.0007295669955125836,0.0007311392586967208,101.51685899885172
1791081000,0.0007311392586967208,0.0007456799101124528,0.0007311392586967208,0.0007456799101124528,514.744686474096
1791081060,0.0007456799101124528,0.0007456799101124528,0.0007417517387975662,0.0007417517387975662,87.82067520109882
1791081120,0.0007417517387975662,0.0007513926559042269,0.0007417517387975662,0.0007513926559042269,65.17580111159614
1791081180,0.0007513926559042269,0.0007513926559042269,0.0007434774927473983,0.0007434774927473983,9.080379434699939
1791081240,0.0007434774927473983,0.0007492088491736355,0.0007289970796036945,0.0007385227696351611,553.0187721500776
1791081300,0.0007385227696351611,0.000739406033340968,0.0007299253618363955,0.0007299253618363955,53.07196072904972
1791081360,0.0007299253618363955,0.0007383328709012131,0.0007299253618363955,0.0007383328709012131,22.638783041283457
1791081420,0.0007383328709012131,0.0007388777334287296,0.0007383328709012131,0.0007388777334287296,41.33306951545882
1791081480,0.0007388777334287296,0.0007388777334287296,0.0007214527830007257,0.0007214527830007257,321.8769752906906
1791081540,0.0007214527830007257,0.0007292611244579527,0.0007214527830007257,0.0007292611244579527,4.858694558205902
1791081600,0.0007292611244579527,0.0007292611244579527,0.00071800912335249,0.00071800912335249,153.12932849886954
1791081660,0.00071800912335249,0.00071800912335249,0.0007163775009963423,0.0007163775009963423,3.4862030719053703
1791081720,0.0007163775009963423,0.0007163775009963423,0.0007088663114698831,0.0007088663114698831,162.8368897141291
1791081780,0.0007088663114698831,0.000714765738728381,0.0007008897958230219,0.000707098182752114,339.8519031572696
1791081840,0.000707098182752114,0.0007239864771319745,0.000707098182752114,0.0007177482172284763,652.2893647272609
1791081900,0.0007177482172284763,0.0007245190922694692,0.0007154593917420577,0.0007154593917420577,77.59835691968433
1791081960,0.0007154593917420577,0.0007154593917420577,0.0007060665687977622,0.0007146872339193181,194.65239583266842
1791082020,0.0007146872339193181,0.0007229192845655497,0.0007146872339193181,0.0007156415968810936,337.4892353621488
1791082080,0.0007156415968810936,0.0007245225593423587,0.0007149646463892157,0.0007149646463892157,89.33761351686816
1791082140,0.0007149646463892157,0.0007236232241154268,0.0007149646463892157,0.0007235664263269302,3.351479578755987
1791082200,0.0007235664263269302,0.0007362976102347575,0.0007235664263269302,0.0007362976102347575,423.18499834009765
1791082260,0.0007362976102347575,0.0007362976102347575,0.0007277317056889449,0.0007277317056889449,2.996965346656191
1791082320,0.0007277317056889449,0.0007277317056889449,0.0007272177806036485,0.0007272177806036485,29.89113735856717
1791082380,0.0007272177806036485,0.0007423597352439225,0.0007265352129167108,0.0007392536577075098,440.44153413419195
1791082500,0.0007392536577075098,0.0007406425694138207,0.0007301124545533512,0.0007406425694138207,389.1001902036483
1791082560,0.0007406425694138207,0.0007406425694138207,0.0007327496195958059,0.0007327496195958059,53.98746131062161
1791082620,0.0007327496195958059,0.0007327496195958059,0.0007318967015545848,0.0007318967015545848,1.283843858906091
1791082740,0.0007318967015545848,0.0007323955454413803,0.0007318967015545848,0.0007323955454413803,0.24677882680813865
1791082800,0.0007323955454413803,0.0007570713463868401,0.0007323955454413803,0.0007525428526459134,554.7858719671063
1791082860,0.0007525428526459134,0.0007608119130051053,0.0007515207989884525,0.0007515207989884525,31.827260210578945
1791082920,0.0007515207989884525,0.0007515207989884525,0.0007508459163684363,0.0007508459163684363,6.824824224193643
1791082980,0.0007508459163684363,0.0007600780406253225,0.0007488214267525625,0.0007488214267525625,160.6410922790348
1791083040,0.0007488214267525625,0.0007488214267525625,0.0007447598599826172,0.0007447598599826172,64.6622543129923
1791083100,0.0007447598599826172,0.0007447598599826172,0.0007445672679972012,0.0007445672679972012,1.198479375359106
1791083160,0.0007445672679972012,0.0007455130192860817,0.0007369431488092476,0.0007369431488092476,123.88935867407346
1791083340,0.0007369431488092476,0.0007444740413015372,0.0007281374521935269,0.0007281374521935269,500.47755646371314
1791083400,0.0007281374521935269,0.0007281374521935269,0.0007199041793946364,0.0007199041793946364,93.53193930532403
1791083460,0.0007199041793946364,0.0007199041793946364,0.000717982278694449,0.000717982278694449,63.61966000188942
1791083520,0.000717982278694449,0.0007195636614529716,0.0007108285361158066,0.0007108285361158066,249.00607956848665
1791083580,0.0007108285361158066,0.0007203575014432475,0.0007108285361158066,0.0007200132563843105,36.1880001124321
1791083640,0.0007200132563843105,0.0007200132563843105,0.0007109580405358573,0.0007109580405358573,35.346728883473844
1791083700,0.0007109580405358573,0.0007109580405358573,0.0007091473153645721,0.0007091473153645721,48.21567099271114
1791083760,0.0007091473153645721,0.0007207728201492022,0.0007091473153645721,0.0007105020001506661,240.08778244801258
1791083820,0.0007105020001506661,0.0007105020001506661,0.0007076500144651193,0.0007076565820568313,46.22352634494742
1791084000,0.0007076565820568313,0.0007162977957200808,0.0007076565820568313,0.0007162977957200808,86.90679857527093
1791084060,0.0007162977957200808,0.0007162977957200808,0.0006993870093926982,0.0006993870093926982,355.63357244630515
1791084120,0.0006993870093926982,0.0006993870093926982,0.0006821906855714062,0.0006873736476099682,693.9767080634276
1791084180,0.0006873736476099682,0.0006873736476099682,0.0006737281184968484,0.000679745228524379,488.33259788822636
1791084240,0.000679745228524379,0.0006874560076476762,0.0006737032519095697,0.0006737032519095697,607.8930120790058
1791084300,0.0006737032519095697,0.0006769473090861167,0.0006737032519095697,0.0006769473090861167,5.251898988903761
1791084360,0.0006769473090861167,0.0006769473090861167,0.0006756452404558628,0.0006756452404558628,0.05727900223365464
1791084480,0.0006756452404558628,0.0006756452404558628,0.0006754511887713944,0.0006754511887713944,10.517615520366384
1791084540,0.0006754511887713944,0.0006754511887713944,0.0006662116244056709,0.0006662116244056709,116.54216836373521
1791084600,0.0006662116244056709,0.0006754473601750802,0.0006662116244056709,0.0006754473601750802,131.8014256492741
1791084660,0.0006754473601750802,0.0006754473601750802,0.0006661383190634766,0.0006661383190634766,183.21810349513785
1791084720,0.0006661383190634766,0.0006716631037476745,0.0006434974699001196,0.0006587148339980058,1610.2494560948187
1791084840,0.0006587148339980058,0.0006624184835573998,0.0006537466504447471,0.0006537466504447471,86.3379651005601
1791084900,0.0006537466504447471,0.0006633346402745576,0.0006481392690717548,0.0006481392690717548,609.8738118719809
1791084960,0.0006481392690717548,0.000648219026358174,0.0006478267598584157,0.000648219026358174,15.116223171565256
1791085020,0.000648219026358174,0.000648219026358174,0.0006408853740901283,0.0006408853740901283,48.12762487159189
1791085080,0.0006408853740901283,0.000647395608225673,0.0006386880587874271,0.000639139937450882,81.25093503329359
1791085140,0.000639139937450882,0.0006472055234835891,0.0006256175936623778,0.0006261939225272636,998.7866910248279
1791085200,0.0006261939225272636,0.0006361173568015197,0.0006261939225272636,0.0006361173568015197,295.16651587569845
1791085260,0.0006361173568015197,0.0006402725896653951,0.0006000155427904179,0.0006168605381843089,2108.7858144805778
1791085320,0.0006168605381843089,0.0006209763899833659,0.000613920064898213,0.000613920064898213,201.1719439351952
1791085380,0.000613920064898213,0.0006287713177576664,0.0006127081860845629,0.0006210193652729308,385.23952459897026
1791085440,0.0006210193652729308,0.0006293310915680351,0.000613198684924128,0.0006200287395544985,127.18879547055246
1791085500,0.0006200287395544985,0.0006322157230630323,0.0006185858833911676,0.0006258682430929576,344.13580597307094
1791085560,0.0006258682430929576,0.0006316926822792188,0.0006238600174144183,0.0006316926822792188,103.27982913850224
1791085620,0.0006316926822792188,0.0006369557554809618,0.0006264854313040948,0.000635413989698634,168.9228941897189
1791085680,0.000635413989698634,0.0006399599131642758,0.0006295448155357482,0.0006399599131642758,123.40203722931649
1791085740,0.0006399599131642758,0.0006399599131642758,0.0006319373432034653,0.0006319373432034653,53.816686053326464
1791085800,0.0006319373432034653,0.0006418896038420496,0.0006319373432034653,0.0006357916767793046,233.80893867149715
1791085860,0.0006357916767793046,0.0006433695729939861,0.0006341936632320627,0.0006341936632320627,70.43286024962653
1791085920,0.0006341936632320627,0.0006454078755305753,0.0006341936632320627,0.0006454078755305753,261.233827640626
1791085980,0.0006454078755305753,0.0006552795137980371,0.0006394639448525391,0.0006541066782181918,752.7198420341193
1791086040,0.0006541066782181918,0.0006541066782181918,0.0006533460250789316,0.0006533460250789316,9.121416223117567
1791086100,0.0006533460250789316,0.0006533460250789316,0.0006506090938731309,0.0006506090938731309,96.6590501108278
1791086160,0.0006506090938731309,0.0006581395604864663,0.0006422191356600233,0.0006422191356600233,293.3118971303467
1791086220,0.0006422191356600233,0.0006422537956924086,0.0006388676655280796,0.0006388676655280796,159.15333156644058
1791086280,0.0006388676655280796,0.0006388676655280796,0.0006244515693124063,0.0006323424896385972,478.22729144334585
1791086340,0.0006323424896385972,0.0006391101007080738,0.0006319173824487413,0.0006391101007080738,259.45988672632666
1791086400,0.0006391101007080738,0.0006515319410085238,0.0006391101007080738,0.000641348345283188,492.33948765487037
1791086460,0.000641348345283188,0.0006589712466178533,0.0006379036716838162,0.0006379036716838162,889.1708049476952
1791086520,0.0006379036716838162,0.0006466799884927735,0.0006379036716838162,0.0006466799884927735,98.25409715171855
1791086580,0.0006466799884927735,0.0006479528660776639,0.0006466799884927735,0.0006479528660776639,9.718019193584594
1791086640,0.0006479528660776639,0.0006482140628210267,0.0006394781184022,0.0006473813279458192,157.93904903044532
1791086700,0.0006473813279458192,0.0006618307077969826,0.0006447569386288891,0.000661703563923217,564.9080417569432
1791086760,0.000661703563923217,0.000661703563923217,0.0006524365719757385,0.0006595009366841836,224.54838992980874
1791086820,0.0006595009366841836,0.000661048256120437,0.0006595009366841836,0.000661048256120437,19.73168431418385
1791086880,0.000661048256120437,0.000661048256120437,0.000652927970430507,0.000652927970430507,23.127966727904095
1791086940,0.000652927970430507,0.000652927970430507,0.0006455848315653716,0.0006455848315653716,355.1418115632298
1791087000,0.0006455848315653716,0.0006643947600648177,0.0006455848315653716,0.000656404553962601,537.4576669213056
1791087060,0.000656404553962601,0.0006625910749560682,0.0006533324093129776,0.0006547026957794165,343.2846531151811
1791087120,0.0006547026957794165,0.0006685386931851052,0.0006529822637220822,0.0006685386931851052,301.1306074970159
1791087180,0.0006685386931851052,0.0006685386931851052,0.00066007833519369,0.00066007833519369,26.238415331071618
1791087240,0.00066007833519369,0.000688871538677533,0.0006597838601675197,0.0006846271773427045,942.1888568729755
1791087300,0.0006846271773427045,0.000703389613851521,0.0006835126770489364,0.0006953677890606187,514.9710219825212
1791087360,0.0006953677890606187,0.0006953677890606187,0.0006916225144831023,0.0006916225144831023,141.5555566124103
1791087420,0.0006916225144831023,0.0007024843894738345,0.0006908658772627317,0.0006927310237366777,214.4945655383755
1791087480,0.0006927310237366777,0.0007104756162450298,0.0006911438573369045,0.0007104756162450298,428.0969538296267
1791087540,0.0007104756162450298,0.0007104756162450298,0.0006861242989542408,0.0006917029827373793,590.3989041019605
1791087600,0.0006917029827373793,0.0006921002445075018,0.0006840174801251219,0.0006921002445075018,34.60598185138853
1791087660,0.0006921002445075018,0.0006921002445075018,0.0006840389111794616,0.0006840389111794616,52.266842902625086
1791087720,0.0006840389111794616,0.0006982309411808815,0.0006837486582477876,0.0006895931812396324,46.38320422248452
1791087780,0.0006895931812396324,0.0006980083097323582,0.0006895931812396324,0.0006980083097323582,19.63184150400007
1791087840,0.0006980083097323582,0.0006980083097323582,0.0006878884389994753,0.0006939560450253646,152.27861091436492
1791087900,0.0006939560450253646,0.0006939560450253646,0.0006812731436028681,0.0006924414848456267,292.40320531403506
1791087960,0.0006924414848456267,0.0006924414848456267,0.0006760298331779926,0.0006760298331779926,107.4106754305165
1791088020,0.0006760298331779926,0.0006760298331779926,0.000672786850169029,0.000672786850169029,237.8770091936787
1791088080,0.000672786850169029,0.000672786850169029,0.0006692753215358978,0.0006692753215358978,20.735171080512323
1791088140,0.0006692753215358978,0.0006692753215358978,0.0006098927551331278,0.0006219971232459645,4327.971904158734
1791088200,0.0006219971232459645,0.0006255352633428849,0.0005914789338609593,0.0005969208661512563,1871.1328057866842
1791088260,0.0005969208661512563,0.0006155788978886693,0.0005927020136363918,0.0006005100820017407,2122.3396693217423
1791088320,0.0006005100820017407,0.0006081237184611696,0.0005889834866415067,0.0005889834866415067,745.3724064534807
1791088380,0.0005889834866415067,0.0006018646247845939,0.0005889834866415067,0.0006007030400471383,304.2948542081956
1791088440,0.0006007030400471383,0.0006007030400471383,0.000586170350545441,0.0005935385310609516,860.591790424398
1791088500,0.0005935385310609516,0.0005959244827326277,0.0005861023948170134,0.0005948779658898815,349.8328052321866
1791088560,0.0005948779658898815,0.0005957165854206608,0.0005875112779257886,0.000594489306784928,67.47045464230625
1791088620,0.000594489306784928,0.00059543136431139,0.0005855964395478312,0.0005855964395478312,237.66618894406344
1791088680,0.0005855964395478312,0.0005891111519401302,0.0005706501822984396,0.0005706501822984396,905.7046242669991
1791088740,0.0005706501822984396,0.0005798999054870625,0.0005695672586324901,0.000573244565144434,261.7710670381419
1791088800,0.000573244565144434,0.0005795507822782489,0.000566269709443428,0.0005747999334768378,377.84079842533254
1791088860,0.0005747999334768378,0.0006444566025232561,0.000568829222115924,0.0006444566025232561,3083.967056330898
1791088920,0.0006444566025232561,0.0006613617292949236,0.0006444566025232561,0.0006613617292949236,568.7642085183886
1791088980,0.0006613617292949236,0.0006613617292949236,0.0006527870410374003,0.0006527870410374003,11.32915120127076
1791089040,0.0006527870410374003,0.0006624186573535444,0.0006506576852286043,0.0006624186573535444,390.79613238598847
1791089100,0.0006624186573535444,0.0006635978090455098,0.0006624186573535444,0.0006635978090455098,47.87162050496954
1791089160,0.0006635978090455098,0.0006725538249365928,0.0006510731272510929,0.000660689542161795,1371.4248955849994
1791089220,0.000660689542161795,0.0006806009618670672,0.0006602659572146326,0.000678911089224014,1028.8229970246562
1791089280,0.000678911089224014,0.0006918146005868356,0.000678911089224014,0.0006918146005868356,297.168141375414
1791089340,0.0006918146005868356,0.0006977413811506266,0.0006875238406232969,0.0006895235636488663,85.46549368416315
1791089400,0.0006895235636488663,0.0007829670057038431,0.0006895235636488663,0.0007827127482152635,9085.982411486142
1791089460,0.0007827127482152635,0.0007827127482152635,0.000717713862772156,0.0007477376142611282,3720.279939397449
1791089520,0.0007477376142611282,0.0007477376142611282,0.0007317851297985582,0.0007345748673788104,893.8570458494311
1791089580,0.0007345748673788104,0.0007439531023736333,0.0007288307696623413,0.0007377591155380996,440.08561972696174
1791089640,0.0007377591155380996,0.0007566961161120625,0.000724291070363113,0.0007566961161120625,1173.0486709268569
1791089700,0.0007566961161120625,0.0007633077030886389,0.0007476184308301026,0.0007607202742484195,517.7792351291423
1791089760,0.0007607202742484195,0.0007607405363520767,0.0007464941267250351,0.0007573261909891599,645.3181251694992
1791089820,0.0007573261909891599,0.0007573261909891599,0.0007385584092545631,0.0007398968079867825,452.3753422243849
1791089880,0.0007398968079867825,0.0007506613055675548,0.0007398968079867825,0.0007403928163872152,137.1730483496355
1791089940,0.0007403928163872152,0.0007520316352164915,0.0007403928163872152,0.0007520316352164915,84.94974483666628
1791090000,0.0007520316352164915,0.0007521990067498872,0.0007274479353537258,0.0007274479353537258,641.2987847635707
1791090120,0.0007274479353537258,0.0007349863823455877,0.0007268001169377926,0.0007349863823455877,44.40993300965227
1791090180,0.0007349863823455877,0.0007349863823455877,0.0007259461170377636,0.0007259461170377636,28.86219536426064
1791090240,0.0007259461170377636,0.000737506605019019,0.0007250398537239356,0.000737506605019019,162.3361162698258
1791090300,0.000737506605019019,0.000741621862919252,0.000737506605019019,0.000741621862919252,135.6238500970227
1791090360,0.000741621862919252,0.000741621862919252,0.0007329019606360313,0.000733144489176238,5.518287265296946
1791090420,0.000733144489176238,0.000733144489176238,0.0007312984096254242,0.0007312984096254242,95.66476068087574
1791090480,0.0007312984096254242,0.0007312984096254242,0.0007296806713080719,0.0007296806713080719,16.71929801472374
1791090540,0.0007296806713080719,0.0008034085114199617,0.0007296806713080719,0.0007829855455865589,4060.234160820141
1791090600,0.0007829855455865589,0.0007829855455865589,0.0007801564837593863,0.0007801564837593863,110.8148595863153
1791090660,0.0007801564837593863,0.0008040335779503613,0.0007762981163981918,0.0007941920738203773,1020.8473070947935
1791090720,0.0007941920738203773,0.0007941920738203773,0.0007411775090069559,0.0007414826036727946,2008.876281880089
1791090780,0.0007414826036727946,0.0007417468509626729,0.0007414826036727946,0.0007417468509626729,59.8486442619024
1791090840,0.0007417468509626729,0.0007417468509626729,0.0007310510241224568,0.0007310510241224568,69.24784212665827
1791090900,0.0007310510241224568,0.0007371426199200611,0.0007282079821182728,0.0007282079821182728,120.35772457466045
1791090960,0.0007282079821182728,0.0007380684064071046,0.000670780082261198,0.000670780082261198,2388.805499386652
1791091020,0.000670780082261198,0.0006871413054389269,0.000670780082261198,0.0006866530579241925,304.37865495020986
1791091080,0.0006866530579241925,0.0007020378028010833,0.0006788206283332768,0.0006788206283332768,1042.6518894191543
1791091140,0.0006788206283332768,0.0007010223826192022,0.0006788206283332768,0.0007010223826192022,602.9808385276323
1791091200,0.0007010223826192022,0.0007104736503269329,0.0007010223826192022,0.0007050985889422731,329.68881076016993
1791091260,0.0007050985889422731,0.0007050985889422731,0.0007011697954612282,0.0007011697954612282,149.1445966584747
1791091320,0.0007011697954612282,0.0008072317994341619,0.0007011697954612282,0.0007924284115366642,3781.5146035979647
1791091380,0.0007924284115366642,0.0008003854491245839,0.0007728368193522342,0.0007889663412325287,970.0584902940183
1791091440,0.0007889663412325287,0.0008496662190596091,0.0007889663412325287,0.00083960481560169,2848.879697778994
1791091500,0.00083960481560169,0.0008505772862419179,0.0008069168541390546,0.0008183073217573474,1919.9881498003758
1791091560,0.0008183073217573474,0.0008183073217573474,0.0007795915389971119,0.0007883642201160457,2852.505113438909
1791091620,0.0007883642201160457,0.0007883642201160457,0.0007731297692424935,0.0007733105666451175,253.10584092507045
1791091680,0.0007733105666451175,0.0007973462416025837,0.0007733105666451175,0.0007973462416025837,741.439866886772
1791091740,0.0007973462416025837,0.0007983235200111605,0.0007846170386135864,0.0007983235200111605,252.03862996905863
1791091800,0.0007983235200111605,0.000803194423089015,0.0007936201955795453,0.0007936201955795453,124.03004087915821
1791091860,0.0007936201955795453,0.0007937739347557421,0.0007916932136293221,0.0007916932136293221,74.09045917805582
1791091920,0.0007916932136293221,0.0008092901848708662,0.0007909721962706637,0.0008092901848708662,566.3928443592972
1791091980,0.0008092901848708662,0.0008092901848708662,0.0007909795433489663,0.0007909795433489663,554.9317089766706
1791092040,0.0007909795433489663,0.0007909795433489663,0.0007899565876537811,0.0007899565876537811,20.48238978329973
1791092100,0.0007899565876537811,0.0007902722004682003,0.0007899565876537811,0.0007902722004682003,8.619506008670257
1791092160,0.0007902722004682003,0.0008048415792618614,0.0007886529483573623,0.0008048415792618614,450.24175178392386
1791092220,0.0008048415792618614,0.0008048415792618614,0.0007878281189524002,0.0007878281189524002,449.7060198254557
1791092280,0.0007878281189524002,0.0007878281189524002,0.0007624892738942279,0.0007624892738942279,822.686104921272
1791092340,0.0007624892738942279,0.0007681782356295562,0.0007606444786218987,0.0007681782356295562,146.07827486884125
1791092400,0.0007681782356295562,0.0007681782356295562,0.0007560801242198527,0.0007560801242198527,101.43298258571448
1791092460,0.0007560801242198527,0.0007653304683234224,0.0007560801242198527,0.0007562695851938531,9.718553063398119
1791092520,0.0007562695851938531,0.0007562695851938531,0.0007551450485807361,0.0007551450485807361,8.144169460268992
1791092580,0.0007551450485807361,0.0007686445650987553,0.0007523832232089067,0.0007523832232089067,1085.4414855720215
1791092640,0.0007523832232089067,0.0007573788332427942,0.0007445845294568452,0.0007445845294568452,347.5243848246057
1791092700,0.0007445845294568452,0.0007507433992441963,0.0007405335455382048,0.0007405335455382048,36.023106438988385
1791092760,0.0007405335455382048,0.0007494892717345218,0.0007405335455382048,0.0007407419825672057,32.00877355905289
1791092820,0.0007407419825672057,0.000740776792309101,0.0007378242480414222,0.0007378242480414222,124.48586757769922
1791092880,0.0007378242480414222,0.0007378242480414222,0.0007361343987523466,0.0007367662743794636,8.481895274731984
1791092940,0.0007367662743794636,0.0007369400142966267,0.0007367662743794636,0.0007369400142966267,7.98858221975805
1791093000,0.0007369400142966267,0.0007519361151679183,0.0007369400142966267,0.0007519361151679183,321.0537102414574
1791093060,0.0007519361151679183,0.0007519361151679183,0.0007254650259671621,0.0007255766058067482,860.4157093974593
1791093120,0.0007255766058067482,0.0007255766058067482,0.0007167792487407688,0.0007167792487407688,7.722024679669525
1791093180,0.0007167792487407688,0.0007259229011375263,0.0007165280964771055,0.0007165280964771055,17.79858778511047
1791093240,0.0007165280964771055,0.0007251249070516641,0.0007161199355238473,0.0007251249070516641,52.16294343771736
1791093300,0.0007251249070516641,0.0007271960866186798,0.0007171396600079338,0.0007193353760874502,136.01822890836576
1791093360,0.0007193353760874502,0.0007193353760874502,0.0006877872919194278,0.0006877872919194278,2076.8853239702644
1791093420,0.0006877872919194278,0.0006949542648701561,0.0006866577619881463,0.0006949542648701561,61.79541418283246
1791093480,0.0006949542648701561,0.0006952976673111903,0.0006868825150781614,0.0006952913941367891,33.237143793729444
1791093540,0.0006952913941367891,0.0006952913941367891,0.0006703227987591288,0.0006703227987591288,637.1387021230503
1791093600,0.0006703227987591288,0.0006703227987591288,0.0006646114837396357,0.0006646114837396357,126.51972221250041
1791093660,0.0006646114837396357,0.0006879427314511991,0.0006646114837396357,0.0006827653267664363,636.7881845619038
1791093720,0.0006827653267664363,0.0006901637585411244,0.0006618917693595943,0.0006779519822953187,1805.6859488717287
1791093780,0.0006779519822953187,0.000688936765635155,0.0006779519822953187,0.0006836080930456437,193.39241949104476
1791093840,0.0006836080930456437,0.0006923272555671206,0.0006836080930456437,0.0006841152531255532,18.34889572284675
1791093900,0.0006841152531255532,0.0006841152531255532,0.0006838161802166055,0.0006838161802166055,7.561172885031985
1791093960,0.0006838161802166055,0.0006838161802166055,0.0006609610725187171,0.0006609610725187171,1031.185125239724
1791094020,0.0006609610725187171,0.0006750816098364946,0.0006599527695676091,0.0006750816098364946,276.75928393742356
1791094080,0.0006750816098364946,0.0006845197345254667,0.0006750816098364946,0.0006786299619902946,501.9679464613227
1791094200,0.0006786299619902946,0.0006869955641410339,0.0006771263721687645,0.0006869955641410339,127.19252510470837
1791094260,0.0006869955641410339,0.0006891831578964372,0.0006779903531955027,0.0006838987592663947,360.3356941080468
1791094320,0.0006838987592663947,0.0006985421084743287,0.0006838987592663947,0.0006985421084743287,331.54060241636006
1791094380,0.0006985421084743287,0.0007015228211387397,0.0006926093094507103,0.0006940512105259913,64.88522626060524
1791094440,0.0006940512105259913,0.0006940512105259913,0.0006936738748788591,0.0006936738748788591,7.5449274059941205
1791094500,0.0006936738748788591,0.0007017666837083295,0.0006911098637838197,0.0006911464800945838,105.75563478829777
1791094560,0.0006911464800945838,0.0006995378469289212,0.0006911464800945838,0.0006992145945514563,7.514113607589105
1791094620,0.0006992145945514563,0.0007063766156475935,0.0006906361410377456,0.0007063766156475935,267.955745324384
1791094680,0.0007063766156475935,0.0007063766156475935,0.0006950025997501309,0.0007033019949409107,140.65894094984318
1791094740,0.0007033019949409107,0.0007033019949409107,0.0006927629430658561,0.0006927629430658561,11.474145752046267
1791094800,0.0006927629430658561,0.0006927629430658561,0.0006791717143626385,0.0006791717143626385,494.6266965027701
1791094860,0.0006791717143626385,0.0006791717143626385,0.0006787523693132131,0.0006787523693132131,10.939996381165345
1791094920,0.0006787523693132131,0.0006787523693132131,0.0006779791367820762,0.0006781000489635532,9.251389538638165
1791094980,0.0006781000489635532,0.0006849136991645568,0.0006755537981787813,0.0006755537981787813,81.76286242611407
