ts,o,h,l,c,v
1790807040,9.060842179069777e-05,9.198773278058294e-05,8.910556817100452e-05,8.921773814855845e-05,518.8243112233938
1790807100,8.921773814855845e-05,9.121492714063652e-05,8.836460959902298e-05,8.889925056363048e-05,477.28484449358933
1790807160,8.889925056363048e-05,8.948496912047866e-05,8.556388934477513e-05,8.678983738636676e-05,467.2937680055508
1790807220,8.678983738636676e-05,9.009480085530374e-05,8.653048386120176e-05,8.821297083320853e-05,777.8589393392034
1790807280,8.821297083320853e-05,8.83370852773963e-05,8.662888170682135e-05,8.744740344877316e-05,299.93690395483804
1790807340,8.744740344877316e-05,9.209282473474752e-05,8.729346556410497e-05,9.209282473474752e-05,401.20709104005374
1790807400,9.209282473474752e-05,9.3091193426295e-05,9.159647085142832e-05,9.159647085142832e-05,118.76009437716405
1790807460,9.159647085142832e-05,9.540365051731148e-05,9.159647085142832e-05,9.485332824279073e-05,674.0714709948027
1790807520,9.485332824279073e-05,9.485332824279073e-05,9.32718253161513e-05,9.477629134151462e-05,130.39661317230212
1790807580,9.477629134151462e-05,9.477629134151462e-05,8.96843276855599e-05,8.96843276855599e-05,360.896212550373
1790807640,8.96843276855599e-05,9.108174510944964e-05,8.96843276855599e-05,9.108174510944964e-05,13.125083335473871
1790807700,9.108174510944964e-05,9.116531442114325e-05,8.939790592611387e-05,8.939790592611387e-05,93.45014779329708
1790807760,8.939790592611387e-05,9.017076821865008e-05,8.82003025161261e-05,8.999556472359208e-05,165.48690884748476
1790807820,8.999556472359208e-05,9.18036426777288e-05,8.900172910961891e-05,9.18036426777288e-05,249.19464251339477
1790807880,9.18036426777288e-05,9.947975181030977e-05,9.18036426777288e-05,9.80471348239754e-05,1011.1818593715046
1790807940,9.80471348239754e-05,0.00010254649963887662,9.80471348239754e-05,0.00010114914185110602,339.3627956282366
1790808000,0.00010114914185110602,0.00010249507731156133,0.00010114122287668033,0.00010249507731156133,13.899994257845561
1790808060,0.00010249507731156133,0.00010551252054486542,9.514982661956709e-05,9.514982661956709e-05,1316.6945867173122
1790808120,9.514982661956709e-05,0.00010251637465322128,9.445883586345625e-05,0.00010110041000135218,1111.8239588435663
1790808180,0.00010110041000135218,0.0001011436790349323,9.917428707521841e-05,0.00010036240682586007,324.0132373836031
1790808240,0.00010036240682586007,0.00010837335511129081,9.782421791174794e-05,0.00010772306495243346,1172.1571540081181
1790808300,0.00010772306495243346,0.00010772306495243346,0.0001045192826470777,0.0001045192826470777,322.7855731462391
1790808360,0.0001045192826470777,0.00011036151383303734,0.0001045192826470777,0.00011036151383303734,871.3427451287251
1790808420,0.00011036151383303734,0.00011527972789024686,0.00010580736297740094,0.00011527972789024686,1391.2811763571174
1790808480,0.00011527972789024686,0.00011527972789024686,0.00011219297633384763,0.00011439326498339184,241.27552492368423
1790808540,0.00011439326498339184,0.00011439326498339184,0.00011091888202105022,0.0001130782568139516,245.80488878489606
1790808600,0.0001130782568139516,0.00011328480518098143,0.00010990688625574892,0.00011136141052609275,243.15052080877084
1790808660,0.00011136141052609275,0.0001121198493034922,0.00011007911894890234,0.0001121198493034922,39.287017624484584
1790808720,0.0001121198493034922,0.00011298659879060204,0.00011139743592507038,0.00011298659879060204,92.54753539686071
1790808780,0.00011298659879060204,0.00011298659879060204,9.907315840517036e-05,0.00010076103159098558,1192.395173559978
1790808840,0.00010076103159098558,0.00010121225925618357,9.420531062009065e-05,9.624292741675627e-05,891.8949328562283
1790808900,9.624292741675627e-05,9.624292741675627e-05,9.486666031589385e-05,9.622123385130785e-05,34.07287406032075
1790808960,9.622123385130785e-05,9.64239073601118e-05,9.472818391829721e-05,9.472818391829721e-05,31.172244686852697
1790809020,9.472818391829721e-05,9.913710721947459e-05,9.472818391829721e-05,9.903208280046921e-05,422.86454141706395
1790809080,9.903208280046921e-05,0.00010889312430617579,9.772795081901084e-05,0.00010889312430617579,1015.739434487658
1790809140,0.00010889312430617579,0.00010889312430617579,0.0001066822785970745,0.0001066822785970745,95.05617508060689
1790809200,0.0001066822785970745,0.0001066822785970745,0.00010600346424347424,0.00010600346424347424,75.9048091090639
1790809260,0.00010600346424347424,0.00010600346424347424,0.00010425141777528277,0.00010425141777528277,146.93967964824606
1790809320,0.00010425141777528277,0.00010728953245528754,0.00010083224381839944,0.00010083224381839944,726.7137239059028
1790809380,0.00010083224381839944,0.00010272938522334903,0.00010006724382930275,0.00010112059107635692,365.6793767605413
1790809440,0.00010112059107635692,0.00010112059107635692,0.00010033277931618195,0.00010033277931618195,18.995697404355138
1790809500,0.00010033277931618195,0.00010183774388744407,0.00010033277931618195,0.00010181998178109152,26.820792392571743
1790809560,0.00010181998178109152,0.00010184640912619928,9.587323417565968e-05,9.68116197060771e-05,673.1284484163439
1790809620,9.68116197060771e-05,9.961216484362034e-05,9.68116197060771e-05,9.798053572328402e-05,329.7113290954443
1790809680,9.798053572328402e-05,9.798053572328402e-05,9.454878282629061e-05,9.454878282629061e-05,402.096724378075
1790809740,9.454878282629061e-05,9.49383754239333e-05,9.269654890620172e-05,9.269654890620172e-05,318.37561475937304
1790809800,9.269654890620172e-05,9.280117350708975e-05,8.866838445308003e-05,8.94646080039451e-05,791.0767624280163
1790809860,8.94646080039451e-05,9.314896486504696e-05,8.94646080039451e-05,9.314896486504696e-05,272.2892676796796
1790809920,9.314896486504696e-05,9.345722427070597e-05,8.993773957606222e-05,8.993773957606222e-05,288.3192313272866
1790809980,8.993773957606222e-05,9.147134933002631e-05,8.900091319479557e-05,9.147134933002631e-05,224.88697013314746
1790810040,9.147134933002631e-05,9.147134933002631e-05,8.755424801961557e-05,8.86509666889223e-05,419.5804156971778
1790810100,8.86509666889223e-05,8.877799697018321e-05,8.7431940611046e-05,8.7431940611046e-05,54.288673144186426
1790810160,8.7431940611046e-05,8.964704755986794e-05,8.7431940611046e-05,8.964704755986794e-05,116.00510383240362
1790810220,8.964704755986794e-05,9.047821131484794e-05,8.915991130343734e-05,9.047821131484794e-05,100.80661836128854
1790810280,9.047821131484794e-05,9.057041900875663e-05,8.558548243006867e-05,8.558548243006867e-05,505.1323525414618
1790810340,8.558548243006867e-05,8.558548243006867e-05,8.19602336398868e-05,8.368358373359592e-05,435.7216994574111
1790810400,8.368358373359592e-05,8.477599775035045e-05,8.342336522331332e-05,8.373702512179267e-05,201.4288556744461
1790810460,8.373702512179267e-05,8.968370905929857e-05,8.373702512179267e-05,8.912339286641939e-05,585.6156154245482
1790810580,8.912339286641939e-05,9.143769411751876e-05,8.86370546423159e-05,9.143769411751876e-05,294.873612315152
1790810640,9.143769411751876e-05,9.143769411751876e-05,8.873624031648635e-05,8.873624031648635e-05,270.9931128351181
1790810700,8.873624031648635e-05,8.946585827692273e-05,8.588221017429652e-05,8.588221017429652e-05,505.4491994002558
1790810760,8.588221017429652e-05,8.707675327465849e-05,8.474373881329914e-05,8.542893210232074e-05,197.29833700794615
1790810820,8.542893210232074e-05,8.779536092075712e-05,8.505095502067536e-05,8.779536092075712e-05,318.426722915501
1790810880,8.779536092075712e-05,8.913909207305927e-05,8.779536092075712e-05,8.806811964663781e-05,125.49274993292222
1790810940,8.806811964663781e-05,9.271804433259561e-05,8.78055140477892e-05,9.271804433259561e-05,371.46254198877597
1790811000,9.271804433259561e-05,9.304765666878165e-05,9.271804433259561e-05,9.304765666878165e-05,17.171287010685504
1790811060,9.304765666878165e-05,9.691114288970205e-05,9.184213592846833e-05,9.647106236529085e-05,577.0457800334613
1790811120,9.647106236529085e-05,9.866710467992781e-05,9.647106236529085e-05,9.863615913923563e-05,218.19264013601915
1790811180,9.863615913923563e-05,9.863615913923563e-05,9.559045790953567e-05,9.643136745253301e-05,324.09937395516494
1790811240,9.643136745253301e-05,9.925221585396075e-05,9.643136745253301e-05,9.787695068647698e-05,162.60452485910915
1790811300,9.787695068647698e-05,9.922601160526968e-05,9.679530325398705e-05,9.704955445353781e-05,217.15413131559706
1790811360,9.704955445353781e-05,9.704955445353781e-05,9.641055997017214e-05,9.641055997017214e-05,62.63427396929379
1790811420,9.641055997017214e-05,9.641055997017214e-05,9.594826523396655e-05,9.594826523396655e-05,42.84121793651777
1790811480,9.594826523396655e-05,9.893467350065528e-05,9.594826523396655e-05,9.755597415001547e-05,157.02310354443566
1790811540,9.755597415001547e-05,9.755597415001547e-05,9.677363607737619e-05,9.677363607737619e-05,95.49811146411862
1790811600,9.677363607737619e-05,0.00010065484808589009,9.677363607737619e-05,9.919148404152006e-05,372.2575218537199
1790811660,9.919148404152006e-05,0.00010180439117834787,9.818208717226279e-05,0.00010180439117834787,519.8860784723095
1790811720,0.00010180439117834787,0.00010200783288157927,8.758398294548307e-05,8.758398294548307e-05,1288.353168673677
1790811780,8.758398294548307e-05,8.888125304866998e-05,8.709477435996675e-05,8.854488655955462e-05,106.21560763910644
1790811840,8.854488655955462e-05,9.079304155004292e-05,8.738875115187666e-05,9.059476840474549e-05,576.9970873340523
1790811900,9.059476840474549e-05,9.285066968510448e-05,9.059476840474549e-05,9.285066968510448e-05,414.4371905227775
1790811960,9.285066968510448e-05,9.553756754196898e-05,9.285066968510448e-05,9.553756754196898e-05,98.95701026174982
1790812020,9.553756754196898e-05,0.00010232922641695339,9.553756754196898e-05,0.00010163157057953542,822.4558142528442
1790812080,0.00010163157057953542,0.00010405841401080956,0.00010163157057953542,0.00010173943298441999,245.12739709212642
1790812140,0.00010173943298441999,0.00010233406616049685,0.00010099474189770953,0.00010233406616049685,85.86464070449502
1790812200,0.00010233406616049685,0.00010233406616049685,9.860355175712455e-05,9.893365791392884e-05,361.9599230261224
1790812260,9.893365791392884e-05,9.893365791392884e-05,9.50961264390097e-05,9.694887192928216e-05,605.227777690101
1790812320,9.694887192928216e-05,9.694887192928216e-05,9.609186633593702e-05,9.609186633593702e-05,2.8632376241541015
1790812380,9.609186633593702e-05,9.828241908238478e-05,9.57666954337211e-05,9.828241908238478e-05,210.10701437434062
1790812440,9.828241908238478e-05,0.00010349478133909424,9.689921517739674e-05,0.00010349478133909424,566.7483279419828
1790812500,0.00010349478133909424,0.00010536426789353994,0.00010335952978926061,0.00010536426789353994,153.37803232332587
1790812560,0.00010536426789353994,0.00011083333998770902,0.00010536426789353994,0.00010965213851492106,616.0358133710664
1790812620,0.00010965213851492106,0.00011090119871301101,0.0001088081775744321,0.00011063158727230115,128.24549981495346
1790812680,0.00011063158727230115,0.00011063158727230115,0.0001075856281677912,0.0001075856281677912,159.33422628851844
1790812740,0.0001075856281677912,0.0001075856281677912,0.0001061060855526648,0.0001061060855526648,248.46791594015298
1790812800,0.0001061060855526648,0.00010651347765971551,0.00010475279849832195,0.00010477656671317757,93.64089206081005
1790812860,0.00010477656671317757,0.00010610167143497048,0.00010415271577958625,0.00010415271577958625,69.23979742711887
1790812920,0.00010415271577958625,0.00010415271577958625,0.00010262356740162504,0.00010300745708322229,257.4779449930073
1790812980,0.00010300745708322229,0.00010306541183846176,0.0001006732371983996,0.0001010797461144904,185.89550866470543
1790813040,0.0001010797461144904,0.00010177840501493172,0.00010018370106305343,0.00010177840501493172,113.09779830563188
1790813100,0.00010177840501493172,0.00010278925510156512,0.00010039960783711571,0.00010278925510156512,168.42327408294773
1790813160,0.00010278925510156512,0.00010386841244780691,0.00010215937128760119,0.00010386841244780691,42.13549433254533
1790813220,0.00010386841244780691,0.00010386841244780691,0.00010237869281019973,0.00010237869281019973,69.10494450743049
1790813280,0.00010237869281019973,0.00010391254170315762,0.00010237869281019973,0.00010250437410377986,23.798225496980162
1790813340,0.00010250437410377986,0.00010407170652175766,0.00010250437410377986,0.00010289001473279761,52.5601067113496
1790813400,0.00010289001473279761,0.00010289001473279761,0.00010093050411807985,0.00010093050411807985,163.29525426582728
1790813460,0.00010093050411807985,0.00010244653271350916,9.906035501406033e-05,9.91988680900335e-05,339.8997851351893
1790813520,9.91988680900335e-05,9.91988680900335e-05,9.605378707128253e-05,9.606929595906776e-05,273.08725691374264
1790813580,9.606929595906776e-05,9.778398160384983e-05,9.582287787794061e-05,9.6387132041245e-05,144.62145640405143
1790813640,9.6387132041245e-05,9.718098308127841e-05,9.567067869279096e-05,9.567067869279096e-05,97.32791399613875
1790813700,9.567067869279096e-05,9.849590321841868e-05,9.467029223716635e-05,9.708669193592606e-05,438.4751906013824
1790813760,9.708669193592606e-05,0.00010233290112951669,9.708669193592606e-05,0.00010106021492371885,494.4738858842258
1790813820,0.00010106021492371885,0.00010149237465199291,9.892631213786924e-05,9.910109029628401e-05,374.9006000541715
1790813880,9.910109029628401e-05,9.919423836426908e-05,9.728249198114206e-05,9.813585796429421e-05,409.67352082293786
1790813940,9.813585796429421e-05,9.813585796429421e-05,9.693911786509425e-05,9.716694029160928e-05,70.75317149165522
1790814000,9.716694029160928e-05,9.716694029160928e-05,9.62643001608906e-05,9.709822403122055e-05,97.22754438352793
1790814060,9.709822403122055e-05,9.770865113250175e-05,9.590073707668234e-05,9.679670911192832e-05,97.08618804140133
1790814120,9.679670911192832e-05,9.817139182354955e-05,9.672652302014143e-05,9.672652302014143e-05,15.170752521221669
1790814180,9.672652302014143e-05,9.672652302014143e-05,9.265504967533302e-05,9.313969410983903e-05,453.4458978188038
1790814240,9.313969410983903e-05,9.335198252946502e-05,9.038524595060672e-05,9.166801304071501e-05,349.1724319066095
1790814300,9.166801304071501e-05,9.166801304071501e-05,7.803569815181123e-05,8.777703991148746e-05,2668.2505199434554
1790814360,8.777703991148746e-05,8.777703991148746e-05,7.314964944923986e-05,7.998298584054473e-05,2820.9406059005164
1790814420,7.998298584054473e-05,8.129088527615199e-05,7.49243570711481e-05,7.951558341932193e-05,1341.4514459026138
1790814480,7.951558341932193e-05,8.450825328862927e-05,7.951558341932193e-05,8.3963935686039e-05,690.3489014818028
1790814540,8.3963935686039e-05,8.519434686145401e-05,8.092282177111583e-05,8.10368851164952e-05,358.87225281336873
1790814600,8.10368851164952e-05,8.22925546277794e-05,7.972558773045535e-05,8.097306753202744e-05,164.632692215573
1790814660,8.097306753202744e-05,8.100630405990414e-05,7.972762546414657e-05,7.972762546414657e-05,29.668292063207225
1790814720,7.972762546414657e-05,8.132093241664906e-05,7.972762546414657e-05,8.106554899285226e-05,55.45578007683179
1790814780,8.106554899285226e-05,8.799487651726347e-05,8.106554899285226e-05,8.799487651726347e-05,669.5613583280049
1790814840,8.799487651726347e-05,8.87594561282788e-05,8.342048386412554e-05,8.443733992913564e-05,472.5316144553972
1790814900,8.443733992913564e-05,8.561797346454524e-05,8.395533873540662e-05,8.464685365262044e-05,159.61823002455455
1790814960,8.464685365262044e-05,9.125442848501627e-05,8.464685365262044e-05,9.125442848501627e-05,563.2479241606526
1790815020,9.125442848501627e-05,9.226142756364323e-05,8.943520060551371e-05,8.943520060551371e-05,290.2094604550091
1790815080,8.943520060551371e-05,8.943520060551371e-05,8.8769348756034e-05,8.89515919904045e-05,57.39910681326271
1790815140,8.89515919904045e-05,8.998295138660736e-05,8.873502491346506e-05,8.998295138660736e-05,14.15518327234173
1790815200,8.998295138660736e-05,9.282823144959355e-05,8.887475340184013e-05,9.282823144959355e-05,331.10874284893686
1790815260,9.282823144959355e-05,9.367653885839091e-05,9.254158876703485e-05,9.254158876703485e-05,34.519017108817955
1790815320,9.254158876703485e-05,9.254158876703485e-05,9.250710506509521e-05,9.250710506509521e-05,1.907763932457083
1790815380,9.250710506509521e-05,9.25161976188875e-05,8.714643703392661e-05,8.863824967886728e-05,632.5886890917163
1790815440,8.863824967886728e-05,8.863824967886728e-05,8.528704988272187e-05,8.570801710495604e-05,176.9309631468348
1790815500,8.570801710495604e-05,8.89953155905721e-05,8.456896760773884e-05,8.89953155905721e-05,329.3617499606328
1790815560,8.89953155905721e-05,8.92199231794465e-05,8.778652958824204e-05,8.778652958824204e-05,83.42827048817809
1790815620,8.778652958824204e-05,8.778652958824204e-05,8.603379685198635e-05,8.768123558915572e-05,240.77437840385738
1790815680,8.768123558915572e-05,8.768123558915572e-05,8.550573683535775e-05,8.63002975969919e-05,160.18007686411167
1790815800,8.63002975969919e-05,8.63002975969919e-05,8.430890688501319e-05,8.515985527876219e-05,110.53026707279865
1790815920,8.515985527876219e-05,8.515985527876219e-05,8.274725694861783e-05,8.274725694861783e-05,116.53714555579941
1790815980,8.274725694861783e-05,8.390888237347525e-05,8.2225201528849e-05,8.2225201528849e-05,69.00605586370818
1790816040,8.2225201528849e-05,8.707984313652418e-05,8.185308721607563e-05,8.707984313652418e-05,550.0989369837628
1790816100,8.707984313652418e-05,8.858338622235773e-05,8.67204257433614e-05,8.67204257433614e-05,226.37356296814943
1790816160,8.67204257433614e-05,8.70851450754823e-05,8.18259107233554e-05,8.221114472445394e-05,640.8765012706656
1790816220,8.221114472445394e-05,8.278349570234198e-05,8.162139115035505e-05,8.278349570234198e-05,12.196325519061075
1790816280,8.278349570234198e-05,8.278349570234198e-05,8.112294786915257e-05,8.184210488274604e-05,114.27184759165338
1790816340,8.184210488274604e-05,8.184210488274604e-05,7.713984015240124e-05,7.713984015240124e-05,944.7561910423142
1790816400,7.713984015240124e-05,8.032382544917781e-05,7.713984015240124e-05,7.961745543485734e-05,669.8844317553718
1790816460,7.961745543485734e-05,7.974999720056763e-05,7.86395871297647e-05,7.86395871297647e-05,9.630495494036213
1790816520,7.86395871297647e-05,7.987488780188079e-05,7.86395871297647e-05,7.987488780188079e-05,12.170436673447025
1790816580,7.987488780188079e-05,7.987488780188079e-05,7.822534845552221e-05,7.822534845552221e-05,66.03858303835769
1790816640,7.822534845552221e-05,7.923375182112182e-05,7.785372361195776e-05,7.923375182112182e-05,82.61763238772069
1790816700,7.923375182112182e-05,7.948861607281673e-05,7.828566202609802e-05,7.828566202609802e-05,13.002085243230182
1790816760,7.828566202609802e-05,7.897107926331787e-05,7.705939918482558e-05,7.705939918482558e-05,147.6705362176953
1790816820,7.705939918482558e-05,7.992838972443995e-05,7.705939918482558e-05,7.805334780134254e-05,392.95344697617685
1790816880,7.805334780134254e-05,7.921208990825056e-05,7.783813497347022e-05,7.783813497347022e-05,33.185759607745695
1790816940,7.783813497347022e-05,8.056274300770798e-05,7.783813497347022e-05,8.056274300770798e-05,166.2119712007699
1790817000,8.056274300770798e-05,8.07586212165412e-05,7.980146493841533e-05,7.980146493841533e-05,70.14407220449272
1790817060,7.980146493841533e-05,8.228330430606311e-05,7.980146493841533e-05,8.228330430606311e-05,277.4434725535778
1790817120,8.228330430606311e-05,8.241000078821061e-05,8.228330430606311e-05,8.239762998242246e-05,5.787698494498342
1790817180,8.239762998242246e-05,8.843381552349808e-05,8.239762998242246e-05,8.843381552349808e-05,534.9924047147296
1790817240,8.843381552349808e-05,8.90483701953822e-05,8.721104635324281e-05,8.90483701953822e-05,117.5197778168679
1790817300,8.90483701953822e-05,8.90483701953822e-05,8.604480069712926e-05,8.684553666071515e-05,270.92389604810575
1790817360,8.684553666071515e-05,8.696330189568383e-05,8.575722475315717e-05,8.693478032806894e-05,33.526584316694816
1790817420,8.693478032806894e-05,8.750497333904088e-05,8.609982943165437e-05,8.736619638863913e-05,72.54383302966522
1790817480,8.736619638863913e-05,8.736619638863913e-05,8.147215240638063e-05,8.43308743430167e-05,869.0154292191379
1790817540,8.43308743430167e-05,8.557845804623931e-05,8.43308743430167e-05,8.557845804623931e-05,122.22582835665156
1790817600,8.557845804623931e-05,8.571129638556703e-05,8.557845804623931e-05,8.571129638556703e-05,5.426195476795925
1790817660,8.571129638556703e-05,8.595426350065219e-05,8.48634936849118e-05,8.48634936849118e-05,37.58038767577348
1790817720,8.48634936849118e-05,8.614492269061392e-05,8.48634936849118e-05,8.48956060297024e-05,60.300456607287366
1790817780,8.48956060297024e-05,9.007702509770875e-05,8.48956060297024e-05,9.007702509770875e-05,461.3461645831561
1790817840,9.007702509770875e-05,9.050557284448166e-05,8.900570077919474e-05,8.900570077919474e-05,34.13831809142386
1790817900,8.900570077919474e-05,9.02933191383877e-05,8.896330964371874e-05,8.896330964371874e-05,29.264439038031394
1790817960,8.896330964371874e-05,8.896330964371874e-05,8.824261817823652e-05,8.824261817823652e-05,67.72222142210883
1790818080,8.824261817823652e-05,8.937790611048532e-05,8.728101838227214e-05,8.77512771451359e-05,99.25995093880735
1790818140,8.77512771451359e-05,8.843550335743259e-05,8.77512771451359e-05,8.843550335743259e-05,11.379328787486822
1790818200,8.843550335743259e-05,8.843550335743259e-05,8.719210081933459e-05,8.719210081933459e-05,0.11630814779815397
1790818260,8.719210081933459e-05,8.822692064359358e-05,8.321862542702331e-05,8.444001432825359e-05,528.0964059329275
1790818320,8.444001432825359e-05,8.444001432825359e-05,7.993870904344887e-05,8.003999949027147e-05,483.38040392256534
1790818380,8.003999949027147e-05,8.214694012704886e-05,7.981697037493886e-05,8.214694012704886e-05,176.76522398554977
1790818440,8.214694012704886e-05,8.233087476906383e-05,8.117951915313781e-05,8.233087476906383e-05,11.677086261350851
1790818500,8.233087476906383e-05,8.302771976110397e-05,8.094128565851611e-05,8.302771976110397e-05,258.44694422434486
1790818560,8.302771976110397e-05,8.402925465162505e-05,8.205573410571068e-05,8.220820206466559e-05,216.28529257241496
1790818620,8.220820206466559e-05,8.230523279344723e-05,8.10383417414305e-05,8.10383417414305e-05,33.83646304338132
1790818680,8.10383417414305e-05,8.206851178087362e-05,7.962231597841192e-05,7.962231597841192e-05,229.40063019998618
1790818740,7.962231597841192e-05,8.043947151300013e-05,7.962231597841192e-05,8.043947151300013e-05,105.52146187938926
1790818800,8.043947151300013e-05,8.129840268081085e-05,8.003465310754519e-05,8.003465310754519e-05,58.09086732642437
1790818860,8.003465310754519e-05,8.231194288860483e-05,7.984883451420082e-05,8.231194288860483e-05,159.29505980431955
1790818920,8.231194288860483e-05,8.231194288860483e-05,8.130545665202145e-05,8.130545665202145e-05,11.665840046312786
1790818980,8.130545665202145e-05,8.328364757114289e-05,8.130545665202145e-05,8.258176232232698e-05,128.0880738171129
1790819040,8.258176232232698e-05,8.258176232232698e-05,8.256095767736164e-05,8.256095767736164e-05,3.016923303181054
1790819100,8.256095767736164e-05,8.394098778065797e-05,8.256095767736164e-05,8.394098778065797e-05,38.05460560149587
1790819160,8.394098778065797e-05,8.394098778065797e-05,8.226948247372892e-05,8.226948247372892e-05,69.9052382726683
1790819220,8.226948247372892e-05,8.384082700916345e-05,8.226948247372892e-05,8.384082700916345e-05,101.53223358771581
1790819280,8.384082700916345e-05,8.384082700916345e-05,8.118846401339831e-05,8.118846401339831e-05,196.66308769497215
1790819340,8.118846401339831e-05,8.159334924452499e-05,8.052299878003994e-05,8.052299878003994e-05,87.82102969297667
1790819400,8.052299878003994e-05,8.759298817447585e-05,8.052299878003994e-05,8.64099264690131e-05,639.6948448188838
1790819460,8.64099264690131e-05,8.64871549437062e-05,8.64099264690131e-05,8.64871549437062e-05,0.4407478406920263
1790819520,8.64871549437062e-05,8.771848389975539e-05,8.64871549437062e-05,8.663985027841045e-05,34.167508859971875
1790819580,8.663985027841045e-05,8.663985027841045e-05,8.42362486940245e-05,8.42362486940245e-05,246.11251573151623
1790819640,8.42362486940245e-05,8.531281608204466e-05,8.42362486940245e-05,8.531281608204466e-05,4.950444533956675
1790819760,8.531281608204466e-05,8.538445254899555e-05,8.405281329392318e-05,8.405281329392318e-05,36.01659761488912
1790819820,8.405281329392318e-05,8.405281329392318e-05,8.366620277917566e-05,8.366620277917566e-05,27.865776077872034
1790819940,8.366620277917566e-05,8.366620277917566e-05,8.340592770256358e-05,8.340592770256358e-05,20.421262529352948
1790820000,8.340592770256358e-05,8.479198080515096e-05,8.340592770256358e-05,8.479198080515096e-05,57.861855094246025
1790820060,8.479198080515096e-05,8.583946098228194e-05,8.458398692863335e-05,8.458398692863335e-05,74.88445511136757
1790820120,8.458398692863335e-05,8.506127092984344e-05,8.416575428640644e-05,8.506127092984344e-05,70.48794199037265
1790820180,8.506127092984344e-05,8.506127092984344e-05,8.370611090577916e-05,8.370611090577916e-05,37.41176848898802
1790820240,8.370611090577916e-05,8.609836027673421e-05,8.341647372278862e-05,8.478693078296662e-05,180.40451157374676
1790820360,8.478693078296662e-05,8.604004106213227e-05,8.460692307549883e-05,8.604004106213227e-05,152.70104952967827
1790820420,8.604004106213227e-05,8.604004106213227e-05,8.358137082360296e-05,8.358137082360296e-05,139.5362360236008
1790820480,8.358137082360296e-05,8.52183906713858e-05,8.358137082360296e-05,8.446146967281143e-05,75.66217884670066
1790820540,8.446146967281143e-05,8.657017512727578e-05,8.445340366598073e-05,8.657017512727578e-05,99.45498738375699
1790820600,8.657017512727578e-05,8.657017512727578e-05,8.464504384763886e-05,8.464504384763886e-05,135.96139082832934
1790820660,8.464504384763886e-05,8.585301123032985e-05,8.404903204225628e-05,8.585301123032985e-05,116.89141470986881
1790820780,8.585301123032985e-05,8.658138542407027e-05,8.515821967559651e-05,8.55607216312966e-05,78.20385733717232
1790820900,8.55607216312966e-05,8.8107872609428e-05,8.55607216312966e-05,8.8107872609428e-05,176.64029210151745
1790820960,8.8107872609428e-05,8.849700619450147e-05,8.725124951058157e-05,8.849700619450147e-05,6.989595135086233
1790821020,8.849700619450147e-05,8.867922427636162e-05,8.756941146328239e-05,8.756941146328239e-05,23.292088939790837
1790821080,8.756941146328239e-05,8.916046689550311e-05,8.756941146328239e-05,8.916046689550311e-05,59.626325313410426
1790821140,8.916046689550311e-05,8.930263805111923e-05,8.916046689550311e-05,8.930263805111923e-05,1.971122037654704
1790821200,8.930263805111923e-05,8.930263805111923e-05,8.927539995977254e-05,8.927539995977254e-05,1.1602370498367096
1790821320,8.927539995977254e-05,8.95095109515084e-05,8.815977000503754e-05,8.815977000503754e-05,66.60069093875951
1790821380,8.815977000503754e-05,8.815977000503754e-05,7.968317449831364e-05,8.199169223703184e-05,1539.8155250955713
1790821440,8.199169223703184e-05,8.211715473775049e-05,8.069176259615208e-05,8.100378760554006e-05,155.71294036234653
1790821500,8.100378760554006e-05,8.186258821270159e-05,8.100378760554006e-05,8.186258821270159e-05,11.672143479349483
1790821560,8.186258821270159e-05,8.186258821270159e-05,8.063608874018594e-05,8.063608874018594e-05,3.6235754863791048
1790821620,8.063608874018594e-05,8.198144996780485e-05,8.063608874018594e-05,8.198144996780485e-05,34.66963010336671
1790821680,8.198144996780485e-05,8.221336239333368e-05,8.069657860554534e-05,8.221336239333368e-05,103.42876475495878
1790821740,8.221336239333368e-05,8.367000870422006e-05,8.110990271714333e-05,8.367000870422006e-05,274.49130778276225
1790821800,8.367000870422006e-05,8.529051274927969e-05,8.367000870422006e-05,8.385926768032723e-05,52.40174076084444
1790821860,8.385926768032723e-05,8.406551769064135e-05,8.385926768032723e-05,8.387048745194222e-05,37.185390100701824
1790821920,8.387048745194222e-05,8.528866864972547e-05,8.387048745194222e-05,8.528866864972547e-05,35.500023080879366
1790822040,8.528866864972547e-05,8.528866864972547e-05,8.310988492136231e-05,8.310988492136231e-05,116.87081977770507
1790822100,8.310988492136231e-05,8.560070047638388e-05,8.310988492136231e-05,8.560070047638388e-05,209.69298867725368
1790822160,8.560070047638388e-05,8.996355780526563e-05,8.149941193209626e-05,8.149941193209626e-05,1277.5177209309481
1790822220,8.149941193209626e-05,8.23265579448366e-05,8.114898524669531e-05,8.114898524669531e-05,90.82822265886367
1790822280,8.114898524669531e-05,8.630729188126316e-05,8.114898524669531e-05,8.630729188126316e-05,418.5782683181125
1790822340,8.630729188126316e-05,8.63235807475055e-05,8.509772353900936e-05,8.509772353900936e-05,9.456457768014989
1790822400,8.509772353900936e-05,8.782047016904512e-05,8.509772353900936e-05,8.782047016904512e-05,278.5788762732473
1790822460,8.782047016904512e-05,8.782047016904512e-05,8.380913267933294e-05,8.606204703185065e-05,398.0874820853304
1790822520,8.606204703185065e-05,8.606204703185065e-05,8.228903842982296e-05,8.228903842982296e-05,38.83071206721853
1790822580,8.228903842982296e-05,8.317279939380995e-05,8.108326620258155e-05,8.317279939380995e-05,509.66676647047063
1790822640,8.317279939380995e-05,8.36354291769387e-05,8.278150930242034e-05,8.278150930242034e-05,85.49569971320956
1790822700,8.278150930242034e-05,8.278150930242034e-05,8.238413486491228e-05,8.238413486491228e-05,39.008891117008645
1790822760,8.238413486491228e-05,8.367305497438428e-05,8.232649213969287e-05,8.266959217544448e-05,68.99733626988602
1790822820,8.266959217544448e-05,8.391145220511274e-05,8.258851791148046e-05,8.258851791148046e-05,46.62468666893329
1790822880,8.258851791148046e-05,8.359374564819725e-05,8.248596565229083e-05,8.359374564819725e-05,4.495915467415284
1790822940,8.359374564819725e-05,8.375263945001912e-05,8.240621814953915e-05,8.375263945001912e-05,43.753075858856235
1790823000,8.375263945001912e-05,8.410018048332352e-05,8.076112202354075e-05,8.076112202354075e-05,363.95342216105917
1790823060,8.076112202354075e-05,8.099901608336957e-05,7.987185303404967e-05,8.099901608336957e-05,23.662109425963227
1790823120,8.099901608336957e-05,8.11511170676601e-05,8.012053054485086e-05,8.012053054485086e-05,50.984260310226674
1790823180,8.012053054485086e-05,8.167097823815627e-05,7.901175907919256e-05,8.07424204949731e-05,346.1233411134859
1790823240,8.07424204949731e-05,8.214488048687719e-05,8.07424204949731e-05,8.100975342946847e-05,26.846994162631546
1790823300,8.100975342946847e-05,8.100975342946847e-05,8.100542921785314e-05,8.100542921785314e-05,1.7178283151476872
1790823360,8.100542921785314e-05,8.100542921785314e-05,8.08904164137634e-05,8.08904164137634e-05,23.707882981797123
1790823420,8.08904164137634e-05,8.08904164137634e-05,7.988081422415551e-05,7.988081422415551e-05,140.85326974879715
1790823480,7.988081422415551e-05,7.988081422415551e-05,7.904325856100554e-05,7.904325856100554e-05,67.599549415948
1790823540,7.904325856100554e-05,7.982054413370895e-05,7.64083360368831e-05,7.64083360368831e-05,263.045356958272
1790823600,7.64083360368831e-05,7.773399810062664e-05,7.493577842806548e-05,7.493577842806548e-05,423.5731260747509
1790823660,7.493577842806548e-05,7.493577842806548e-05,7.103574746031778e-05,7.103574746031778e-05,511.0623843576812
1790823720,7.103574746031778e-05,7.405398106617414e-05,7.103574746031778e-05,7.384193501595182e-05,218.91551286773682
1790823780,7.384193501595182e-05,7.384193501595182e-05,7.257439795236677e-05,7.257439795236677e-05,56.47507077469694
1790823840,7.257439795236677e-05,7.257439795236677e-05,7.231631068892243e-05,7.231631068892243e-05,9.505347555882523
1790823900,7.231631068892243e-05,7.231631068892243e-05,7.187436990269339e-05,7.187436990269339e-05,76.70663962547019
1790823960,7.187436990269339e-05,7.252978662690447e-05,6.506139356436493e-05,6.653017125937054e-05,878.5152988211079
1790824020,6.653017125937054e-05,6.790535439469138e-05,6.576120126036326e-05,6.625042443325606e-05,696.18440598765
1790824080,6.625042443325606e-05,6.772968100461385e-05,6.625042443325606e-05,6.679373933253581e-05,22.943871314604987
1790824140,6.679373933253581e-05,6.876811154717153e-05,6.6180075849281e-05,6.876811154717153e-05,449.55793684883133
1790824200,6.876811154717153e-05,7.021465026126389e-05,6.8386482641149e-05,6.8386482641149e-05,127.02202193135325
1790824260,6.8386482641149e-05,6.8386482641149e-05,6.73733183438321e-05,6.828120529108664e-05,101.6566882651908
1790824320,6.828120529108664e-05,6.828120529108664e-05,6.718019016638874e-05,6.718019016638874e-05,32.35140734525092
1790824380,6.718019016638874e-05,6.795585092436378e-05,6.701277532456645e-05,6.795585092436378e-05,15.086621833228746
1790824440,6.795585092436378e-05,6.812278105992524e-05,6.710158377792961e-05,6.710158377792961e-05,25.546190432562508
1790824500,6.710158377792961e-05,6.813056033611385e-05,6.662494516559219e-05,6.662494516559219e-05,109.15071895787072
1790824560,6.662494516559219e-05,6.815979194623965e-05,6.649535085944866e-05,6.815979194623965e-05,102.35316908861479
1790824620,6.815979194623965e-05,6.816727388196049e-05,6.715778437116297e-05,6.816727388196049e-05,26.25505298080583
1790824740,6.816727388196049e-05,6.816727388196049e-05,6.446791367847936e-05,6.446791367847936e-05,310.10495703910874
1790824800,6.446791367847936e-05,6.64586171037718e-05,6.446791367847936e-05,6.551471533782655e-05,154.93366939110024
1790824860,6.551471533782655e-05,6.551471533782655e-05,6.421177696623884e-05,6.421177696623884e-05,255.00733617501103
1790824920,6.421177696623884e-05,6.421177696623884e-05,6.205887424391064e-05,6.288532623805148e-05,224.237490355309
1790824980,6.288532623805148e-05,6.320847884341876e-05,5.995147882670023e-05,6.24802353245361e-05,673.6055566698375
1790825040,6.24802353245361e-05,6.361605492873178e-05,6.21291883724901e-05,6.361605492873178e-05,125.6020452187148
1790825100,6.361605492873178e-05,6.564759254903111e-05,6.273005023507575e-05,6.532382135564548e-05,292.54027083287053
1790825160,6.532382135564548e-05,6.915232363877064e-05,6.532382135564548e-05,6.915232363877064e-05,442.5882297766631
1790825220,6.915232363877064e-05,7.015463227541137e-05,6.915232363877064e-05,7.013741256312788e-05,8.678799060281934
1790825280,7.013741256312788e-05,7.078316381203309e-05,7.013741256312788e-05,7.015273395600104e-05,117.52331514068935
1790825340,7.015273395600104e-05,7.056336938676936e-05,6.947630536303912e-05,7.056336938676936e-05,114.84703144019012
1790825400,7.056336938676936e-05,7.197874255987098e-05,7.056336938676936e-05,7.197874255987098e-05,144.8083382591246
1790825460,7.197874255987098e-05,7.197874255987098e-05,7.037434984479208e-05,7.146957453332128e-05,219.93083289460958
1790825520,7.146957453332128e-05,7.275299952676588e-05,7.146957453332128e-05,7.275299952676588e-05,127.19553128838628
1790825580,7.275299952676588e-05,7.290719495496279e-05,7.076237777184789e-05,7.131312823893949e-05,210.42268900428272
1790825640,7.131312823893949e-05,7.131312823893949e-05,7.019483316984046e-05,7.109170075474561e-05,26.611994569294456
1790825700,7.109170075474561e-05,7.109170075474561e-05,6.99154477975979e-05,7.095576700576012e-05,71.08490393824296
1790825760,7.095576700576012e-05,7.130915585672574e-05,7.095576700576012e-05,7.130915585672574e-05,15.358402203189357
1790825820,7.130915585672574e-05,7.130915585672574e-05,7.033182033565376e-05,7.033182033565376e-05,0.19626016832400897
1790825880,7.033182033565376e-05,7.033182033565376e-05,7.015729841955831e-05,7.015729841955831e-05,31.13168637215354
1790825940,7.015729841955831e-05,7.134912875012745e-05,7.015729841955831e-05,7.033595896886537e-05,38.60404576767672
1790826120,7.033595896886537e-05,7.033595896886537e-05,7.027726608254385e-05,7.027726608254385e-05,10.95196203607887
1790826180,7.027726608254385e-05,7.028019041991134e-05,7.027726608254385e-05,7.028019041991134e-05,7.76484242147837
1790826240,7.028019041991134e-05,7.028019041991134e-05,7.023156963769336e-05,7.023156963769336e-05,4.6032994579582995
1790826300,7.023156963769336e-05,7.094540952914874e-05,6.987493650338596e-05,6.987493650338596e-05,39.92435774084005
1790826420,6.987493650338596e-05,6.987493650338596e-05,6.974164132785028e-05,6.974164132785028e-05,3.208637849585373
1790826480,6.974164132785028e-05,7.075400121490781e-05,6.974164132785028e-05,7.075400121490781e-05,4.942616942031123
1790826540,7.075400121490781e-05,7.081686257615297e-05,7.075400121490781e-05,7.081686257615297e-05,9.794169137953062
1790826600,7.081686257615297e-05,7.081686257615297e-05,6.969268127716357e-05,7.077711832663444e-05,28.605688726175945
1790826720,7.077711832663444e-05,7.077711832663444e-05,6.989556304125092e-05,6.989556304125092e-05,5.834764575746314
1790826780,6.989556304125092e-05,7.113707079111844e-05,6.989556304125092e-05,7.015637348048905e-05,65.32551726573604
1790826840,7.015637348048905e-05,7.099720101436368e-05,6.672304815126274e-05,6.852655122801556e-05,563.3947209443069
1790826900,6.852655122801556e-05,6.939069912124661e-05,6.774013907233458e-05,6.774013907233458e-05,160.73986792611262
1790826960,6.774013907233458e-05,6.801785930181659e-05,6.67428330342616e-05,6.67428330342616e-05,85.368669061458
1790827020,6.67428330342616e-05,6.67428330342616e-05,6.612127206366883e-05,6.612127206366883e-05,52.49619659600027
1790827080,6.612127206366883e-05,6.690079986107382e-05,6.612127206366883e-05,6.690079986107382e-05,15.431492288383717
1790827140,6.690079986107382e-05,6.72376546373299e-05,6.624954482010524e-05,6.624954482010524e-05,32.30600954041365
1790827200,6.624954482010524e-05,6.715707944941893e-05,6.601001995214616e-05,6.715707944941893e-05,150.2847143307433
1790827260,6.715707944941893e-05,6.715707944941893e-05,6.658208842307841e-05,6.658208842307841e-05,24.398007148989706
1790827320,6.658208842307841e-05,6.658208842307841e-05,6.512273323224958e-05,6.512273323224958e-05,158.32207583266407
1790827380,6.512273323224958e-05,6.512273323224958e-05,6.502555722029463e-05,6.502555722029463e-05,6.224593631363928
1790827440,6.502555722029463e-05,6.616887940181304e-05,6.49889643092201e-05,6.526876783427561e-05,62.131070024727066
1790827500,6.526876783427561e-05,6.526876783427561e-05,6.503792768443176e-05,6.503792768443176e-05,8.966698480869466
1790827560,6.503792768443176e-05,6.597221069532505e-05,6.503792768443176e-05,6.597221069532505e-05,0.3504681085358102
1790827620,6.597221069532505e-05,6.601911930435545e-05,6.468419673167825e-05,6.601911930435545e-05,123.8128340302154
1790827680,6.601911930435545e-05,6.602281852853506e-05,6.508166523530766e-05,6.508166523530766e-05,123.45310133413504
1790827740,6.508166523530766e-05,6.511209905096132e-05,6.508166523530766e-05,6.51052322680351e-05,1.8385344553148382
1790827800,6.51052322680351e-05,6.611468646505266e-05,6.51052322680351e-05,6.611468646505266e-05,27.367806093416625
1790827860,6.611468646505266e-05,6.633157803047854e-05,6.611468646505266e-05,6.633157803047854e-05,23.351264453027095
1790827920,6.633157803047854e-05,6.633157803047854e-05,6.483190918031749e-05,6.483190918031749e-05,116.60315345005199
1790827980,6.483190918031749e-05,6.483190918031749e-05,6.459488139250444e-05,6.459488139250444e-05,48.82274039993327
1790828040,6.459488139250444e-05,6.525499842778513e-05,6.430763968748977e-05,6.525499842778513e-05,8.713104227442528
1790828100,6.525499842778513e-05,6.525499842778513e-05,6.394901089226102e-05,6.394901089226102e-05,64.04176122387128
1790828160,6.394901089226102e-05,6.461788099978012e-05,6.359112417555918e-05,6.443851025792888e-05,21.599878575135918
1790828220,6.443851025792888e-05,6.443851025792888e-05,6.326500831471278e-05,6.328436936957628e-05,33.4108970957042
1790828280,6.328436936957628e-05,6.422589955344074e-05,6.32552464909352e-05,6.422589955344074e-05,32.6464589377349
1790828340,6.422589955344074e-05,6.45412395968177e-05,6.341821204019127e-05,6.369302296381153e-05,87.44721985318817
1790828400,6.369302296381153e-05,6.369302296381153e-05,6.290589373325416e-05,6.312594694456954e-05,77.99457213315162
1790828460,6.312594694456954e-05,6.380952878857702e-05,6.174149674004508e-05,6.186526581762754e-05,228.76273077034386
1790828520,6.186526581762754e-05,6.332645166786822e-05,6.128284442260304e-05,6.332645166786822e-05,241.48946658740877
1790828580,6.332645166786822e-05,6.512368498352359e-05,6.22800565734762e-05,6.484301686893964e-05,369.1857674675061
1790828640,6.484301686893964e-05,6.784057948639218e-05,6.484301686893964e-05,6.784057948639218e-05,248.26410420288298
1790828700,6.784057948639218e-05,6.853508267495281e-05,6.683141047334815e-05,6.853508267495281e-05,146.13392074149453
1790828760,6.853508267495281e-05,6.899450023924128e-05,6.778708304788394e-05,6.868399506922859e-05,149.48160032819118
1790828820,6.868399506922859e-05,6.966613599782367e-05,6.793365460050493e-05,6.858647302421411e-05,111.40242428903176
1790828880,6.975370023624195e-05,6.975370023624195e-05,6.975370023624195e-05,6.975370023624195e-05,58.1238213973158
1790828940,6.975370023624195e-05,7.00757577655389e-05,6.975370023624195e-05,7.00757577655389e-05,11.717927491410988
1790829000,7.00757577655389e-05,7.027407071506592e-05,6.924339601860066e-05,7.027407071506592e-05,14.09123590844835
1790829060,7.027407071506592e-05,8.07382961948774e-05,6.927646291580076e-05,7.956093811049898e-05,1522.206593537484
1790829120,7.956093811049898e-05,7.956093811049898e-05,7.73693615353023e-05,7.73693615353023e-05,142.61634265092925
1790829180,7.73693615353023e-05,7.73693615353023e-05,7.562019663945247e-05,7.567348395554693e-05,219.41088687149804
1790829240,7.567348395554693e-05,7.7179004219117e-05,7.51656048285437e-05,7.7179004219117e-05,186.81221268102752
1790829300,7.7179004219117e-05,7.7179004219117e-05,7.57608310173689e-05,7.57608310173689e-05,84.82999528664836
1790829360,7.57608310173689e-05,7.655740167944911e-05,7.53573388707403e-05,7.633817694969903e-05,55.95358396205047
1790829420,7.633817694969903e-05,7.664604130855637e-05,7.546969751654096e-05,7.664604130855637e-05,41.38301358907597
1790829480,7.664604130855637e-05,7.689238048378587e-05,7.25273380166109e-05,7.25273380166109e-05,363.33098748277325
1790829600,7.25273380166109e-05,7.302548692607494e-05,7.063814511129033e-05,7.260957710825952e-05,566.07375394963
1790829660,7.260957710825952e-05,7.32468443250354e-05,7.260957710825952e-05,7.32468443250354e-05,11.01003231984955
1790829720,7.32468443250354e-05,7.32468443250354e-05,7.205397829330208e-05,7.205397829330208e-05,36.67660220025854
1790829780,7.205397829330208e-05,7.205397829330208e-05,7.124491217124794e-05,7.124491217124794e-05,104.89324950899919
1790829840,7.124491217124794e-05,7.213247324562007e-05,7.083052166571556e-05,7.213247324562007e-05,44.65537922743775
1790829900,7.213247324562007e-05,7.223842914454363e-05,7.211727860525165e-05,7.223842914454363e-05,10.778690560023
1790829960,7.223842914454363e-05,7.232751681716846e-05,7.116807543424175e-05,7.131382740869997e-05,38.16925968638181
1790830080,7.131382740869997e-05,7.249940086656813e-05,7.131382740869997e-05,7.249940086656813e-05,33.07839455139266
1790830140,7.249940086656813e-05,7.550271526702158e-05,7.249940086656813e-05,7.550271526702158e-05,330.88879664013604
1790830200,7.550271526702158e-05,7.550271526702158e-05,7.412802129648452e-05,7.476797199250353e-05,91.1080680755011
1790830260,7.476797199250353e-05,7.49607951241139e-05,7.476797199250353e-05,7.49607951241139e-05,22.806371428341613
1790830320,7.49607951241139e-05,7.524897025897268e-05,7.49607951241139e-05,7.524561233949161e-05,14.81896400608459
1790830380,7.524561233949161e-05,7.526715718677066e-05,7.401199657625099e-05,7.490369255259523e-05,33.868797384592725
1790830440,7.490369255259523e-05,7.490369255259523e-05,6.948225266872555e-05,6.948225266872555e-05,497.04115234491144
1790830500,6.948225266872555e-05,7.137344350530115e-05,6.948225266872555e-05,7.137344350530115e-05,129.44579057589672
1790830560,7.137344350530115e-05,7.209765505078283e-05,7.107544318762121e-05,7.107544318762121e-05,60.42654031526489
1790830620,7.107544318762121e-05,7.27308316736666e-05,7.101439438431207e-05,7.27308316736666e-05,162.74077999518283
1790830680,7.27308316736666e-05,7.395364432121531e-05,7.27308316736666e-05,7.395364432121531e-05,101.08515021179565
1790830800,7.395364432121531e-05,7.465606705364733e-05,7.339590053860726e-05,7.465606705364733e-05,46.07802341442051
1790830860,7.465606705364733e-05,7.48899128246068e-05,7.399306589152267e-05,7.399306589152267e-05,53.65393499829937
1790830980,7.399306589152267e-05,7.399306589152267e-05,7.368297961056558e-05,7.368297961056558e-05,78.23199604221614
1790831040,7.368297961056558e-05,7.368297961056558e-05,7.270279824242485e-05,7.270279824242485e-05,60.13863780568269
1790831100,7.270279824242485e-05,7.270279824242485e-05,7.155428616113606e-05,7.155428616113606e-05,138.75974449438002
1790831220,7.155428616113606e-05,7.50182239005492e-05,7.155428616113606e-05,7.356842245534441e-05,342.36441110381014
1790831280,7.356842245534441e-05,8.438557613324413e-05,7.356842245534441e-05,8.307809052948543e-05,1248.0970645741104
1790831340,8.307809052948543e-05,8.756177856595124e-05,8.299434012437896e-05,8.649857160220613e-05,867.7468847256322
1790831400,8.649857160220613e-05,8.649857160220613e-05,8.495741305444009e-05,8.632809441054395e-05,59.77679662780608
1790831460,8.632809441054395e-05,8.789406606068654e-05,8.533819259609294e-05,8.789406606068654e-05,258.9679630931846
1790831520,8.789406606068654e-05,8.820498859984321e-05,8.60169254607107e-05,8.60169254607107e-05,151.0607350981106
1790831580,8.60169254607107e-05,8.834301864593989e-05,8.595520881825343e-05,8.822473856779297e-05,244.8685891674318
1790831640,8.822473856779297e-05,8.822473856779297e-05,8.474155019204257e-05,8.484913459044407e-05,356.40709482633713
1790831700,8.484913459044407e-05,8.662427800534275e-05,8.477932059679509e-05,8.486618073912606e-05,134.65823897641397
1790831760,8.486618073912606e-05,9.143063014520758e-05,8.486618073912606e-05,8.719738922164574e-05,828.0256216745377
1790831820,8.719738922164574e-05,8.920613752845104e-05,8.707509267826707e-05,8.791645986654444e-05,102.53351870814322
1790831880,8.791645986654444e-05,8.922913107045895e-05,8.70244835870844e-05,8.703463514670553e-05,136.932644027638
1790831940,8.703463514670553e-05,9.048070679479819e-05,8.703463514670553e-05,9.048070679479819e-05,214.63968252974414
1790832000,9.048070679479819e-05,9.114738246678284e-05,8.995880694929277e-05,8.995880694929277e-05,70.29653957883846
1790832060,8.995880694929277e-05,9.092653472473292e-05,8.920010334911681e-05,9.092653472473292e-05,172.68874392324514
1790832120,9.092653472473292e-05,9.450116354034431e-05,9.092653472473292e-05,9.301435923445559e-05,404.60684501861846
1790832180,9.301435923445559e-05,9.470337195762467e-05,9.264523011077437e-05,9.288646862689737e-05,323.61430485424194
1790832240,9.288646862689737e-05,9.416225927097361e-05,9.243184965737601e-05,9.406556544325402e-05,83.74330531020625
1790832300,9.406556544325402e-05,9.41782492398286e-05,9.282225593207612e-05,9.417495543426307e-05,20.67343417864842
1790832360,9.417495543426307e-05,9.422640255080137e-05,8.805938869762978e-05,8.816602763339096e-05,591.1850133625377
1790832420,8.816602763339096e-05,8.958605083137129e-05,8.613842366650053e-05,8.613842366650053e-05,572.4637343769176
1790832480,8.613842366650053e-05,8.715506779274894e-05,8.446264236222662e-05,8.446264236222662e-05,147.5680869913264
1790832540,8.446264236222662e-05,8.446264236222662e-05,7.838086452805679e-05,8.187940817421291e-05,1283.3934125976111
1790832600,8.187940817421291e-05,8.400903248341384e-05,8.075181873562094e-05,8.36653309272701e-05,233.83091078256794
1790832660,8.36653309272701e-05,8.469182403701414e-05,8.191894399169877e-05,8.30627092586844e-05,254.79142095207564
1790832780,8.30627092586844e-05,8.385097921020065e-05,8.208170644438087e-05,8.385097921020065e-05,89.56461940238819
1790832840,8.385097921020065e-05,8.672301017146793e-05,8.385097921020065e-05,8.672301017146793e-05,301.16824768470343
1790832900,8.672301017146793e-05,8.672337846077818e-05,8.555311799764472e-05,8.560912063545394e-05,12.293563111000715
1790832960,8.560912063545394e-05,8.687632569884897e-05,8.560912063545394e-05,8.687632569884897e-05,9.917894839620251
1790833020,8.687632569884897e-05,8.698127234798086e-05,8.568372003274171e-05,8.688505175697744e-05,39.781653413915215
1790833080,8.688505175697744e-05,9.055663212860724e-05,8.522254838339504e-05,9.055663212860724e-05,464.3572380054841
1790833140,9.055663212860724e-05,9.061560027772152e-05,8.928021271444717e-05,8.928021271444717e-05,7.58883113498377
1790833200,8.928021271444717e-05,9.073794176781007e-05,8.928021271444717e-05,9.073794176781007e-05,21.24329067249999
1790833260,9.073794176781007e-05,9.099613341445714e-05,8.97479625846425e-05,8.97479625846425e-05,33.67545476500537
1790833320,8.97479625846425e-05,9.843392586568921e-05,8.73104493634713e-05,8.932828868128948e-05,2128.307353369144
1790833380,8.932828868128948e-05,8.932828868128948e-05,8.303719316806135e-05,8.505352496293533e-05,608.174285657952
1790833440,8.505352496293533e-05,9.162601297744446e-05,8.313569027930219e-05,9.162601297744446e-05,980.0389304566352
1790833500,9.162601297744446e-05,9.265952907270731e-05,8.93142466296963e-05,8.93142466296963e-05,263.2918366761231
1790833560,8.93142466296963e-05,8.980324142950328e-05,8.806630903195356e-05,8.806630903195356e-05,137.42132148552287
1790833620,8.806630903195356e-05,8.866562444457906e-05,8.757497146709397e-05,8.866562444457906e-05,46.085754457560604
1790833680,8.866562444457906e-05,8.866562444457906e-05,8.499951873533396e-05,8.499951873533396e-05,240.86223755204932
1790833740,8.499951873533396e-05,8.722412152804391e-05,8.499951873533396e-05,8.722412152804391e-05,105.52348858743858
1790833800,8.722412152804391e-05,8.722412152804391e-05,8.587587956593887e-05,8.636129366853507e-05,143.47274743015151
1790833860,8.636129366853507e-05,8.636129366853507e-05,8.597858412800063e-05,8.597858412800063e-05,65.24561284094666
1790833920,8.597858412800063e-05,8.597858412800063e-05,8.464145665044382e-05,8.585682107682913e-05,103.5297216924513
1790833980,8.585682107682913e-05,8.585682107682913e-05,8.246445545693527e-05,8.246445545693527e-05,332.15909651459947
1790834040,8.246445545693527e-05,8.331620311835177e-05,8.141406126469341e-05,8.331620311835177e-05,115.93959782225812
1790834100,8.331620311835177e-05,8.332360437772403e-05,7.972490111546062e-05,8.107599105764396e-05,332.4692047982077
1790834160,8.107599105764396e-05,8.141960261945076e-05,7.88811926790059e-05,7.953624235262819e-05,335.03396132575136
1790834220,7.953624235262819e-05,7.953624235262819e-05,7.682309138169906e-05,7.835537573246012e-05,316.0011606338304
1790834280,7.835537573246012e-05,7.904332049598595e-05,7.835537573246012e-05,7.904332049598595e-05,117.45185263761626
1790834340,7.904332049598595e-05,7.904332049598595e-05,7.847332752376533e-05,7.847332752376533e-05,9.535775118662535
1790834400,7.847332752376533e-05,7.975684256312932e-05,7.840318868749571e-05,7.882714388201398e-05,86.09861549495861
1790834460,7.882714388201398e-05,8.009828534418611e-05,7.867995401955796e-05,8.004269172129381e-05,121.77842792166457
1790834520,8.004269172129381e-05,8.011793084939461e-05,8.004269172129381e-05,8.011793084939461e-05,1.6011717122693483
1790834580,8.011793084939461e-05,8.011793084939461e-05,7.895227591042065e-05,7.895227591042065e-05,10.274311730969867
1790834640,7.895227591042065e-05,7.999785093865464e-05,7.895227591042065e-05,7.999785093865464e-05,4.922531529009754
1790834700,7.999785093865464e-05,8.136828977431222e-05,7.999785093865464e-05,8.060601292943174e-05,183.38563026879464
1790834760,8.060601292943174e-05,8.060601292943174e-05,8.033032008800001e-05,8.033032008800001e-05,34.10380432543363
1790834820,8.033032008800001e-05,8.033032008800001e-05,7.933764268908633e-05,7.933764268908633e-05,99.17097517608794
1790834880,7.933764268908633e-05,7.933764268908633e-05,7.904178033597077e-05,7.904178033597077e-05,35.42187540776403
1790834940,7.904178033597077e-05,7.904178033597077e-05,7.886735915507958e-05,7.886735915507958e-05,0.9878255523401404
1790835000,7.886735915507958e-05,7.998063856202542e-05,7.886735915507958e-05,7.998063856202542e-05,10.575267160568178
1790835060,7.998063856202542e-05,7.998063856202542e-05,7.892328281843912e-05,7.892328281843912e-05,0.9936036639547327
1790835120,7.892328281843912e-05,7.892328281843912e-05,7.860950459949806e-05,7.860950459949806e-05,84.69168101405424
1790835180,7.860950459949806e-05,7.937802491689866e-05,7.829217356003389e-05,7.829217356003389e-05,15.94295010366459
1790835240,7.829217356003389e-05,7.829217356003389e-05,7.717942193647284e-05,7.717942193647284e-05,210.97321072173145
1790835300,7.717942193647284e-05,7.717942193647284e-05,7.605036455891517e-05,7.605036455891517e-05,9.360693661880788
1790835360,7.605036455891517e-05,7.734864605074836e-05,7.59543754513758e-05,7.59543754513758e-05,106.70239675620819
1790835420,7.59543754513758e-05,7.727210341890623e-05,7.59543754513758e-05,7.608552094231213e-05,35.449146831005415
1790835600,7.608552094231213e-05,7.608552094231213e-05,7.592139578307925e-05,7.592139578307925e-05,0.6189981426518076
1790835660,7.592139578307925e-05,7.592139578307925e-05,7.514626049430786e-05,7.514626049430786e-05,81.07954473397439
1790835720,7.514626049430786e-05,7.665150765477584e-05,7.514626049430786e-05,7.559070199869599e-05,60.04066423200008
1790835780,7.559070199869599e-05,7.675256857525606e-05,7.54412077295037e-05,7.675256857525606e-05,107.27864586600893
1790835840,7.675256857525606e-05,7.721991606571092e-05,7.611551399394128e-05,7.716087856156076e-05,29.641119777467804
1790835900,7.716087856156076e-05,7.716087856156076e-05,7.609869581805547e-05,7.609869581805547e-05,4.871838506271911
1790835960,7.609869581805547e-05,7.716531324826104e-05,7.60716833872636e-05,7.716531324826104e-05,20.100070179068663
1790836020,7.716531324826104e-05,7.729113090703898e-05,7.716531324826104e-05,7.729113090703898e-05,19.680992244291858
1790836080,7.729113090703898e-05,7.729113090703898e-05,7.626340967546129e-05,7.626340967546129e-05,2.6469663305717446
1790836140,7.626340967546129e-05,7.626340967546129e-05,7.566641605716945e-05,7.566641605716945e-05,69.96677110288634
1790836260,7.566641605716945e-05,7.66194866506075e-05,7.538143929809747e-05,7.66194866506075e-05,112.82307119293561
1790836320,7.66194866506075e-05,7.81519205059203e-05,7.5844389197227e-05,7.81519205059203e-05,253.7552627548245
1790836380,7.81519205059203e-05,7.987375080341091e-05,7.81519205059203e-05,7.987375080341091e-05,107.04940371936975
1790836440,7.987375080341091e-05,8.03487553220828e-05,7.925443053535521e-05,7.925443053535521e-05,20.390184579806913
1790836500,7.925443053535521e-05,7.925443053535521e-05,7.896773621559536e-05,7.896773621559536e-05,55.27741535091675
1790836620,7.896773621559536e-05,7.977511751963815e-05,7.896773621559536e-05,7.977511751963815e-05,1.1110279491333095
1790836680,7.977511751963815e-05,8.99843694570191e-05,7.977511751963815e-05,8.99843694570191e-05,1078.6257797307348
1790836740,8.99843694570191e-05,8.99843694570191e-05,8.890569482841701e-05,8.890569482841701e-05,11.605487411071472
1790836800,8.890569482841701e-05,9.024926620414577e-05,8.868458946240508e-05,8.868458946240508e-05,58.105954854542034
1790836860,8.868458946240508e-05,9.019166800127194e-05,8.868458946240508e-05,9.019166800127194e-05,54.83018156923926
1790836920,9.019166800127194e-05,9.021007079199141e-05,8.834982735164464e-05,8.834982735164464e-05,128.60947123891847
1790836980,8.834982735164464e-05,8.834982735164464e-05,8.720447885121337e-05,8.720447885121337e-05,51.55837126226436
1790837040,8.720447885121337e-05,8.85051927128932e-05,8.715143978584792e-05,8.715143978584792e-05,25.803092334657908
1790837100,8.715143978584792e-05,8.715143978584792e-05,8.486923146342516e-05,8.486923146342516e-05,223.40818486993305
1790837160,8.486923146342516e-05,8.486923146342516e-05,8.418234119552111e-05,8.418234119552111e-05,49.70822255475807
1790837340,8.418234119552111e-05,8.46785744135848e-05,8.38207876069911e-05,8.38207876069911e-05,64.19611362179899
1790837400,8.38207876069911e-05,8.38207876069911e-05,7.254729662037016e-05,7.260682003841166e-05,1239.6656182963407
1790837460,7.260682003841166e-05,7.305633770393456e-05,7.152912455352899e-05,7.178858820698546e-05,111.08786703806331
1790837520,7.178858820698546e-05,7.325027885417803e-05,7.167467154840975e-05,7.325027885417803e-05,124.46214099488296
1790837580,7.325027885417803e-05,7.385333238681891e-05,7.279220376792952e-05,7.279220376792952e-05,5.950716385395985
1790837640,7.279220376792952e-05,7.402238574436392e-05,7.279220376792952e-05,7.298328123037052e-05,22.500904174859823
1790837700,7.298328123037052e-05,7.459038805176252e-05,7.298328123037052e-05,7.459038805176252e-05,64.62106513997898
1790837760,7.459038805176252e-05,7.725715285354366e-05,7.356848686095339e-05,7.725715285354366e-05,422.5373277904228
1790837820,7.725715285354366e-05,7.881923888718832e-05,7.725715285354366e-05,7.761933935031758e-05,221.49797056931354
1790837880,7.761933935031758e-05,7.81756167240369e-05,7.761933935031758e-05,7.81756167240369e-05,9.775938086257383
1790837940,7.81756167240369e-05,7.876997882154306e-05,7.700115202650357e-05,7.8322359487106e-05,214.88599142986763
1790838000,7.8322359487106e-05,7.936078389767996e-05,7.718227347191512e-05,7.821102359794918e-05,129.8097993295884
1790838060,7.821102359794918e-05,7.821102359794918e-05,7.608283432103969e-05,7.608283432103969e-05,245.53896430240022
1790838180,7.608283432103969e-05,7.608283432103969e-05,7.595109001406065e-05,7.595109001406065e-05,11.88297593703957
1790838240,7.595109001406065e-05,7.595109001406065e-05,7.249169473184621e-05,7.249169473184621e-05,364.1414346394177
1790838300,7.249169473184621e-05,7.376169876249268e-05,7.227192667299782e-05,7.376169876249268e-05,107.36371541014341
1790838360,7.376169876249268e-05,7.403778721647617e-05,7.263191092993121e-05,7.403778721647617e-05,102.14882713158619
1790838420,7.403778721647617e-05,7.424078774741785e-05,7.314704808076846e-05,7.424078774741785e-05,48.731825032432845
1790838480,7.424078774741785e-05,7.439839437549532e-05,7.424078774741785e-05,7.439839437549532e-05,21.670097092250145
1790838540,7.439839437549532e-05,7.554899974652686e-05,7.342310459147493e-05,7.554899974652686e-05,128.13455851464454
1790838600,7.554899974652686e-05,7.554899974652686e-05,7.396820966430459e-05,7.396820966430459e-05,79.34753139459953
1790838720,7.396820966430459e-05,7.481940583140741e-05,7.369115097773914e-05,7.481940583140741e-05,12.254534484660143
1790838780,7.481940583140741e-05,7.481940583140741e-05,7.36020227742789e-05,7.450240080174406e-05,30.51158170603783
1790838840,7.450240080174406e-05,7.450240080174406e-05,7.22394222657747e-05,7.22394222657747e-05,266.39830121151715
1790838900,7.22394222657747e-05,7.245873426747163e-05,7.22394222657747e-05,7.245873426747163e-05,22.308559724552065
1790838960,7.245873426747163e-05,7.29199056494334e-05,7.142432216140744e-05,7.29199056494334e-05,103.22601062769527
1790839020,7.29199056494334e-05,7.578576478671965e-05,7.29199056494334e-05,7.578576478671965e-05,279.6862847055679
1790839080,7.578576478671965e-05,7.588399216010548e-05,7.486268810023997e-05,7.588399216010548e-05,6.082929112112468
1790839140,7.588399216010548e-05,7.588399216010548e-05,7.584338627653518e-05,7.584338627653518e-05,11.430614656708217
1790839200,7.584338627653518e-05,7.584338627653518e-05,7.480954773942713e-05,7.480954773942713e-05,0.6931072568350058
1790839320,7.480954773942713e-05,7.480954773942713e-05,7.406750978421194e-05,7.406750978421194e-05,116.51555791287167
1790839380,7.406750978421194e-05,7.406750978421194e-05,7.346116942558449e-05,7.346116942558449e-05,6.23293057737958
1790839440,7.346116942558449e-05,7.346116942558449e-05,7.294414564265112e-05,7.294414564265112e-05,63.909193917829334
1790839500,7.294414564265112e-05,7.453791635349017e-05,7.236122001390937e-05,7.393627793270717e-05,208.72322745533023
1790839560,7.393627793270717e-05,7.393627793270717e-05,7.364037600572786e-05,7.364037600572786e-05,47.13912087101009
1790839620,7.364037600572786e-05,7.364037600572786e-05,7.320380826548068e-05,7.320380826548068e-05,9.316641536403802
1790839680,7.320380826548068e-05,7.442149069975024e-05,7.320380826548068e-05,7.351102458553475e-05,76.06728400043117
1790839800,7.351102458553475e-05,7.509578308482012e-05,7.349866803571346e-05,7.455729325184708e-05,141.09622876167896
1790839860,7.455729325184708e-05,7.605810500977172e-05,7.455729325184708e-05,7.514934453812944e-05,101.97418043429424
1790839920,7.514934453812944e-05,7.771549149721388e-05,7.514934453812944e-05,7.771549149721388e-05,159.75749253519214
1790839980,7.771549149721388e-05,7.805698269104212e-05,7.771549149721388e-05,7.805698269104212e-05,34.86814710483964
1790840040,7.805698269104212e-05,7.914664135536793e-05,7.805698269104212e-05,7.914664135536793e-05,175.78996613013624
1790840100,7.914664135536793e-05,7.914664135536793e-05,7.79313447199242e-05,7.79313447199242e-05,162.0775008314458
1790840160,7.79313447199242e-05,7.82040637424334e-05,7.79313447199242e-05,7.818733341744017e-05,7.091423753615155
1790840220,7.818733341744017e-05,7.819523752083923e-05,7.704218026557934e-05,7.819523752083923e-05,18.64881878253045
1790840280,7.819523752083923e-05,7.821887401303858e-05,7.819207392969075e-05,7.819207392969075e-05,4.879235898128932
1790840340,7.819207392969075e-05,7.825392033511626e-05,7.703152926176301e-05,7.825392033511626e-05,45.463728564617156
1790840400,7.825392033511626e-05,7.850005895086751e-05,7.825392033511626e-05,7.850005895086751e-05,34.91484705423108
1790840460,7.850005895086751e-05,7.868766433054193e-05,7.746225736757304e-05,7.868766433054193e-05,12.290838435971576
1790840520,7.868766433054193e-05,7.868766433054193e-05,7.760533061086785e-05,7.760533061086785e-05,12.324683074632434
1790840580,7.760533061086785e-05,7.760533061086785e-05,7.759822951840508e-05,7.759822951840508e-05,0.9483578000844641
1790840640,7.759822951840508e-05,7.759822951840508e-05,7.730320869670365e-05,7.730320869670365e-05,42.94671644827544
1790840760,7.730320869670365e-05,7.730320869670365e-05,7.71887483251634e-05,7.71887483251634e-05,5.438541125292884
1790840820,7.71887483251634e-05,7.827264926821323e-05,7.71887483251634e-05,7.827264926821323e-05,4.850167221325969
1790840880,7.827264926821323e-05,7.827264926821323e-05,7.699991951616742e-05,7.808850546948146e-05,28.396657807155236
1790841000,7.808850546948146e-05,7.808850546948146e-05,7.647082660351634e-05,7.647082660351634e-05,81.39018679943347
1790841060,7.647082660351634e-05,7.746144987160737e-05,7.350357656887145e-05,7.350357656887145e-05,411.75539693012456
1790841120,7.350357656887145e-05,7.350357656887145e-05,7.214987948424829e-05,7.214987948424829e-05,32.515538798169274
1790841180,7.214987948424829e-05,7.214987948424829e-05,7.09067915417701e-05,7.09067915417701e-05,147.19126162990392
1790841300,7.09067915417701e-05,7.09067915417701e-05,7.0356738699909e-05,7.0356738699909e-05,72.65685150600473
1790841360,7.0356738699909e-05,7.105795684258468e-05,6.993026438063123e-05,6.993026438063123e-05,50.647236772933326
1790841420,6.993026438063123e-05,7.109644601535618e-05,6.993026438063123e-05,6.99597245903263e-05,97.74145857573473
1790841480,6.99597245903263e-05,6.99597245903263e-05,6.474824770040645e-05,6.474824770040645e-05,552.9436391663235
1790841540,6.474824770040645e-05,6.474824770040645e-05,6.295657592870258e-05,6.301489104209615e-05,211.79407338124156
1790841600,6.301489104209615e-05,6.434598706809742e-05,6.28420624281536e-05,6.431916917531047e-05,90.04978689981026
1790841660,6.431916917531047e-05,6.58183398284898e-05,6.348379758409282e-05,6.58183398284898e-05,175.2252564935982
1790841720,6.58183398284898e-05,6.597970694344622e-05,6.491816898002071e-05,6.491816898002071e-05,72.53911842245225
1790841780,6.491816898002071e-05,6.586688318688559e-05,6.491816898002071e-05,6.586688318688559e-05,29.536958872288828
1790841840,6.586688318688559e-05,6.597481803836575e-05,6.586688318688559e-05,6.597481803836575e-05,5.018391253822527
1790841900,6.597481803836575e-05,6.963335540797084e-05,6.529681527287617e-05,6.963335540797084e-05,425.74812253888877
1790841960,6.963335540797084e-05,7.018962112729274e-05,6.487460522974982e-05,7.018962112729274e-05,1141.5621205194545
1790842020,7.018962112729274e-05,7.07316681471637e-05,7.018962112729274e-05,7.07316681471637e-05,49.345761494502455
1790842080,7.07316681471637e-05,7.07316681471637e-05,6.950519668387704e-05,6.950519668387704e-05,21.72728757921892
1790842140,6.950519668387704e-05,7.095163949686413e-05,6.950519668387704e-05,7.095163949686413e-05,118.33729617228092
1790842200,7.095163949686413e-05,7.228489906237345e-05,7.095163949686413e-05,7.154019020473035e-05,249.15951309014773
1790842260,7.154019020473035e-05,9.206590781979317e-05,7.012619940784272e-05,9.206590781979317e-05,2460.3079936177573
1790842320,9.206590781979317e-05,9.234653986413202e-05,8.807074485752505e-05,8.847775657056421e-05,430.5057611033148
1790842380,8.847775657056421e-05,8.860097670011266e-05,8.35828938372739e-05,8.443571114402451e-05,583.9506141636339
1790842440,8.443571114402451e-05,8.443571114402451e-05,8.143174967803985e-05,8.143174967803985e-05,372.64688233263945
1790842500,8.143174967803985e-05,8.176153196711721e-05,8.062660528415198e-05,8.064899530210513e-05,12.57740871934348
1790842560,8.064899530210513e-05,8.326698512494043e-05,8.058105866160824e-05,8.326698512494043e-05,303.1077639032361
1790842620,8.326698512494043e-05,8.38674329582962e-05,8.236762876035549e-05,8.236762876035549e-05,82.96238304350682
1790842680,8.236762876035549e-05,8.236762876035549e-05,7.185051213755445e-05,7.381316368719896e-05,1366.4341945309181
1790842740,7.381316368719896e-05,7.879542887278137e-05,7.381316368719896e-05,7.879542887278137e-05,513.8782267322247
1790842800,7.879542887278137e-05,7.879542887278137e-05,7.630888313156011e-05,7.630888313156011e-05,285.3337802745806
1790842860,7.630888313156011e-05,7.630888313156011e-05,7.463377764712095e-05,7.498130613699744e-05,114.14467166596091
1790842920,7.498130613699744e-05,7.536115292643103e-05,7.410333759904024e-05,7.410333759904024e-05,31.952149175799292
1790842980,7.410333759904024e-05,7.410333759904024e-05,7.397955928872017e-05,7.397955928872017e-05,12.336251587698662
1790843040,7.397955928872017e-05,7.505103361469598e-05,7.396034900993241e-05,7.505103361469598e-05,10.668835967372953
1790843100,7.505103361469598e-05,7.505103361469598e-05,7.388418499978018e-05,7.388418499978018e-05,22.46956621109239
1790843160,7.388418499978018e-05,7.603499323033622e-05,7.388418499978018e-05,7.603499323033622e-05,242.63958934230058
1790843220,7.603499323033622e-05,7.734271167186092e-05,7.603499323033622e-05,7.734271167186092e-05,7.81331851531691
1790843280,7.734271167186092e-05,7.734271167186092e-05,7.571219120202852e-05,7.571219120202852e-05,82.07918686335212
1790843400,7.571219120202852e-05,7.571219120202852e-05,7.309136315824714e-05,7.309136315824714e-05,232.4867740755773
1790843460,7.309136315824714e-05,7.407995230344818e-05,7.209380336377712e-05,7.209380336377712e-05,199.09835557354765
1790843520,7.209380336377712e-05,7.209380336377712e-05,7.113086104084032e-05,7.113086104084032e-05,17.793905378830388
1790843580,7.113086104084032e-05,7.273858022920705e-05,7.113086104084032e-05,7.273858022920705e-05,130.706121852727
1790843640,7.273858022920705e-05,8.003690927116642e-05,7.273858022920705e-05,7.710723310202194e-05,809.7143659137722
1790843700,7.710723310202194e-05,8.007286981372716e-05,7.710723310202194e-05,8.007286981372716e-05,122.041216031329
1790843760,8.007286981372716e-05,8.037847096869005e-05,7.905079228205327e-05,8.037847096869005e-05,55.902748852489474
1790843820,8.037847096869005e-05,8.174772715436892e-05,7.950310754420301e-05,8.174772715436892e-05,235.41532272361508
1790843880,8.174772715436892e-05,8.516010261015413e-05,8.174772715436892e-05,8.516010261015413e-05,213.44220821133828
1790843940,8.516010261015413e-05,8.531119700675085e-05,8.516010261015413e-05,8.531119700675085e-05,26.503199354498207
1790844000,8.531119700675085e-05,8.531119700675085e-05,8.02727274408474e-05,8.02727274408474e-05,460.43436981850056
1790844060,8.02727274408474e-05,8.12519316069181e-05,8.007436884489287e-05,8.007436884489287e-05,12.902131459743424
1790844120,8.007436884489287e-05,8.507581624976114e-05,8.002766349745626e-05,8.507581624976114e-05,390.074429916557
1790844180,8.507581624976114e-05,8.507581624976114e-05,8.235064722956607e-05,8.27201509533203e-05,274.8437522400273
1790844240,8.27201509533203e-05,8.27201509533203e-05,8.10442450179092e-05,8.10442450179092e-05,98.32982027268963
1790844300,8.10442450179092e-05,8.160593977797513e-05,8.044116314682604e-05,8.160593977797513e-05,37.60572196516696
1790844360,8.160593977797513e-05,8.160593977797513e-05,8.043693656111446e-05,8.043693656111446e-05,0.6802131413107328
1790844420,8.043693656111446e-05,8.167496898897194e-05,8.043693656111446e-05,8.162567019975399e-05,72.02624445900786
1790844480,8.162567019975399e-05,8.162567019975399e-05,8.057253292458653e-05,8.057253292458653e-05,2.0259190337022805
1790844540,8.057253292458653e-05,8.179352452892632e-05,7.847049909058189e-05,7.847049909058189e-05,354.5093276640848
1790844600,7.847049909058189e-05,7.861472572252463e-05,7.847049909058189e-05,7.861472572252463e-05,29.132995159835847
1790844660,7.861472572252463e-05,7.87623801696489e-05,7.762633485183561e-05,7.87623801696489e-05,8.452274452602214
1790844720,7.87623801696489e-05,7.87623801696489e-05,7.741012373325427e-05,7.820023059070716e-05,66.51793343210373
1790844840,7.820023059070716e-05,7.841554353365538e-05,7.730257373286284e-05,7.730257373286284e-05,35.90040753775568
1790844900,7.730257373286284e-05,7.841718529257706e-05,7.730257373286284e-05,7.841718529257706e-05,12.800454782338404
1790844960,7.841718529257706e-05,7.847878265486604e-05,7.841718529257706e-05,7.847878265486604e-05,2.3940299375191745
1790845020,7.847878265486604e-05,8.00620214949521e-05,7.847878265486604e-05,7.992769282089134e-05,313.80990545394104
1790845140,7.992769282089134e-05,7.992769282089134e-05,6.917831541686099e-05,7.306324085849048e-05,2072.412641699347
1790845200,7.306324085849048e-05,7.376551898536656e-05,7.236367686612859e-05,7.286408717607434e-05,266.12848520439206
1790845260,7.286408717607434e-05,7.395426166915069e-05,7.252862289060067e-05,7.252862289060067e-05,48.72573875632797
1790845320,7.252862289060067e-05,7.252862289060067e-05,7.092644424710054e-05,7.092644424710054e-05,162.3872743036551
1790845380,7.092644424710054e-05,7.192788971476774e-05,7.075252931803339e-05,7.082835718863694e-05,38.13019349019975
1790845440,7.082835718863694e-05,7.082835718863694e-05,6.774248781332985e-05,6.822583030541298e-05,510.9191771130731
1790845500,6.822583030541298e-05,7.649072750893464e-05,6.731673752596592e-05,7.544020209525574e-05,1222.0163710662362
1790845560,7.544020209525574e-05,7.569860943957433e-05,7.543549202182912e-05,7.569860943957433e-05,41.97305151845586
1790845740,7.569860943957433e-05,7.569860943957433e-05,7.453169905932128e-05,7.453169905932128e-05,39.19779324025979
1790845800,7.453169905932128e-05,7.567104244979887e-05,7.429817839309264e-05,7.471240899634296e-05,125.12713274590453
1790845860,7.471240899634296e-05,7.509331899123964e-05,6.94296850239301e-05,6.94342351789572e-05,630.0784941380202
1790845920,6.94342351789572e-05,7.045281014864302e-05,6.889761751668193e-05,6.980010873582608e-05,183.71474936319873
1790845980,6.980010873582608e-05,7.133651103037928e-05,6.980010873582608e-05,7.03545999182433e-05,76.2944555076397
1790846040,7.03545999182433e-05,7.25844551719717e-05,7.03545999182433e-05,7.25844551719717e-05,179.23853397151834
1790846100,7.25844551719717e-05,7.358003280976772e-05,7.21911049453525e-05,7.358003280976772e-05,102.73047580936534
1790846160,7.358003280976772e-05,7.509915428307039e-05,7.358003280976772e-05,7.509580991208987e-05,232.53368076025205
1790846220,7.509580991208987e-05,7.614669423455499e-05,7.342950399930374e-05,7.434228569010042e-05,313.41406448568347
1790846280,7.434228569010042e-05,7.53108490648642e-05,7.347222853488331e-05,7.53108490648642e-05,139.25571889354273
1790846340,7.53108490648642e-05,8.254821089071172e-05,7.53108490648642e-05,8.059902377686334e-05,853.9626001727142
1790846400,8.059902377686334e-05,8.177873365927228e-05,8.059902377686334e-05,8.080555893132391e-05,36.61557143479004
1790846520,8.080555893132391e-05,8.20794511839584e-05,8.080555893132391e-05,8.20794511839584e-05,17.486498203924498
1790846580,8.20794511839584e-05,8.243873781227463e-05,8.093488126067572e-05,8.243873781227463e-05,70.9401733466645
1790846640,8.243873781227463e-05,8.393521402048742e-05,8.243873781227463e-05,8.393521402048742e-05,192.7627127078238
1790846700,8.393521402048742e-05,8.393521402048742e-05,8.309008741272291e-05,8.309008741272291e-05,0.825438847523049
1790846760,8.309008741272291e-05,8.309008741272291e-05,8.218001758046604e-05,8.218001758046604e-05,122.80725203226349
1790846880,8.218001758046604e-05,8.218001758046604e-05,8.18208030119662e-05,8.18208030119662e-05,2.8095736638568662
1790846940,8.18208030119662e-05,8.301967966830974e-05,8.129591817661609e-05,8.129591817661609e-05,143.4878709479531
1790847000,8.129591817661609e-05,8.187660959772917e-05,8.129591817661609e-05,8.187660959772917e-05,8.263159848670917
1790847060,8.187660959772917e-05,8.187660959772917e-05,8.046690836806493e-05,8.046690836806493e-05,77.50938903067984
1790847300,8.046690836806493e-05,8.046690836806493e-05,8.008871972780295e-05,8.008871972780295e-05,3.468057769399072
1790847360,8.008871972780295e-05,8.008871972780295e-05,7.949567440268781e-05,7.949567440268781e-05,117.6469605825905
1790847480,7.949567440268781e-05,7.949567440268781e-05,7.874922700168103e-05,7.874922700168103e-05,29.182838558494847
1790847600,7.874922700168103e-05,7.874922700168103e-05,7.571000562854275e-05,7.571000562854275e-05,308.51763334992336
1790847660,7.571000562854275e-05,7.65906954241297e-05,7.500152177581028e-05,7.564757062439546e-05,100.59689603606715
1790847780,7.564757062439546e-05,7.571405121497589e-05,7.564757062439546e-05,7.571405121497589e-05,11.61856407058714
1790847840,7.571405121497589e-05,7.597763348362056e-05,7.571405121497589e-05,7.597763348362056e-05,35.826755427683786
1790847900,7.597763348362056e-05,7.650440963961407e-05,7.466767653737526e-05,7.466767653737526e-05,348.25481219683877
1790847960,7.466767653737526e-05,7.485809214276254e-05,7.462736768828734e-05,7.485809214276254e-05,44.006972136609406
1790848020,7.485809214276254e-05,7.750377599107296e-05,7.485809214276254e-05,7.750377599107296e-05,392.8284148683754
1790848080,7.750377599107296e-05,7.912041586346942e-05,7.750377599107296e-05,7.840494529651892e-05,143.60858329357413
1790848140,7.840494529651892e-05,7.961940217101993e-05,7.840494529651892e-05,7.961940217101993e-05,48.25303317885513
1790848200,7.961940217101993e-05,8.346067617254434e-05,7.961940217101993e-05,8.154444944543335e-05,377.6436618030454
1790848260,8.154444944543335e-05,8.425086157770503e-05,8.154444944543335e-05,8.425086157770503e-05,103.98113402557846
1790848320,8.425086157770503e-05,8.451928191236062e-05,8.18846967724691e-05,8.18846967724691e-05,156.27126308524336
1790848380,8.18846967724691e-05,8.31857885922523e-05,8.18846967724691e-05,8.31857885922523e-05,40.997656976058906
1790848440,8.31857885922523e-05,8.453086733607021e-05,8.31857885922523e-05,8.453086733607021e-05,195.28913547647585
1790848500,8.453086733607021e-05,8.524093122041887e-05,6.558773166421616e-05,6.941957628424567e-05,2459.4701731319096
1790848560,6.941957628424567e-05,7.145452248818928e-05,6.941957628424567e-05,7.145452248818928e-05,133.52959435608318
1790848620,7.145452248818928e-05,7.449796982713672e-05,7.145452248818928e-05,7.449796982713672e-05,348.9864027849403
1790848680,7.449796982713672e-05,7.449796982713672e-05,7.27967346855958e-05,7.27967346855958e-05,129.0426494478653
1790848740,7.27967346855958e-05,7.27967346855958e-05,7.105753795170368e-05,7.105753795170368e-05,162.58216873255174
1790848800,7.105753795170368e-05,7.106960702589597e-05,6.947500100570024e-05,6.947500100570024e-05,238.37122952139563
1790848860,6.947500100570024e-05,6.947500100570024e-05,6.873553804927884e-05,6.873553804927884e-05,2.4528652488142986
1790848920,6.873553804927884e-05,6.967713626725845e-05,6.859627656480442e-05,6.859627656480442e-05,6.88831362495244
1790848980,6.859627656480442e-05,6.980435404272611e-05,6.859627656480442e-05,6.980435404272611e-05,40.87484923758257
1790849040,6.980435404272611e-05,6.980435404272611e-05,6.567820737725753e-05,6.720516096057762e-05,509.35927936729234
1790849100,6.720516096057762e-05,6.863982208103887e-05,6.720516096057762e-05,6.863982208103887e-05,126.335735790128
1790849220,6.863982208103887e-05,7.80419504395473e-05,6.772668364951682e-05,7.80419504395473e-05,993.1587381415792
1790849280,7.80419504395473e-05,7.844519993010367e-05,7.663334672737497e-05,7.663334672737497e-05,265.02973833354895
1790849340,7.663334672737497e-05,7.663334672737497e-05,7.261008195047875e-05,7.363494317150447e-05,327.39543600582084
1790849400,7.363494317150447e-05,7.363494317150447e-05,7.187067565325072e-05,7.356805325951473e-05,166.55601236005597
1790849460,7.356805325951473e-05,7.375095798939642e-05,7.356805325951473e-05,7.375095798939642e-05,6.4378899791971
1790849520,7.375095798939642e-05,7.375095798939642e-05,7.266859084343111e-05,7.266859084343111e-05,8.714291632607054
1790849580,7.266859084343111e-05,7.375649190546783e-05,7.26250297501707e-05,7.375649190546783e-05,6.146096623111441
1790849640,7.375649190546783e-05,7.375649190546783e-05,7.374607624248606e-05,7.374607624248606e-05,0.9250429910205651
1790849760,7.374607624248606e-05,7.42080431100455e-05,7.374607624248606e-05,7.42080431100455e-05,59.062839782317475
1790849820,7.42080431100455e-05,7.42080431100455e-05,7.31651625115407e-05,7.418801480499972e-05,10.95477242863635
1790849880,7.418801480499972e-05,7.604315532724068e-05,7.418801480499972e-05,7.604315532724068e-05,299.93384160073003
1790850000,7.604315532724068e-05,8.04145780970651e-05,7.601513783825437e-05,8.04145780970651e-05,382.8845408466433
1790850060,8.04145780970651e-05,8.178286693864871e-05,7.788006320606022e-05,8.04246616078824e-05,507.6958069574252
1790850120,8.04246616078824e-05,8.04246616078824e-05,7.98785589542585e-05,7.98785589542585e-05,17.891111489329813
1790850180,7.98785589542585e-05,7.98785589542585e-05,7.822964459486705e-05,7.822964459486705e-05,240.60527058304498
1790850240,7.822964459486705e-05,7.822964459486705e-05,7.683734600558102e-05,7.683734600558102e-05,88.67496677515693
1790850300,7.683734600558102e-05,7.729760312795048e-05,7.63720844155573e-05,7.729760312795048e-05,51.74408434990735
1790850360,7.729760312795048e-05,7.729760312795048e-05,7.60496613829414e-05,7.682250381492013e-05,58.594959206872346
1790850420,7.682250381492013e-05,7.682250381492013e-05,7.678054844173949e-05,7.678054844173949e-05,1.1499377710631078
1790850480,7.678054844173949e-05,7.678054844173949e-05,7.397973904399507e-05,7.397973904399507e-05,289.54051792607623
1790850540,7.397973904399507e-05,7.397973904399507e-05,7.258707188498965e-05,7.347996706745649e-05,165.96281435765928
1790850600,7.347996706745649e-05,7.427640991959431e-05,7.347996706745649e-05,7.427640991959431e-05,73.23436448249514
1790850660,7.427640991959431e-05,7.462998274040496e-05,7.304237166199047e-05,7.304237166199047e-05,122.86144885557783
1790850720,7.304237166199047e-05,7.304237166199047e-05,7.249602664974984e-05,7.249602664974984e-05,4.338714942607915
1790850780,7.249602664974984e-05,7.250704693080599e-05,7.241110492230729e-05,7.241110492230729e-05,7.757785977345272
1790850900,7.241110492230729e-05,7.241110492230729e-05,7.237380335037444e-05,7.237380335037444e-05,7.304116632071746
1790850960,7.237380335037444e-05,7.347182802239204e-05,7.237380335037444e-05,7.250833285313282e-05,40.73717546330642
1790851020,7.250833285313282e-05,7.250833285313282e-05,6.60619897630742e-05,6.606860740154997e-05,792.059393224215
1790851080,6.606860740154997e-05,6.800556007510237e-05,6.606860740154997e-05,6.800556007510237e-05,252.1675786984691
1790851140,6.800556007510237e-05,6.819030621886257e-05,6.800556007510237e-05,6.819030621886257e-05,4.851670103281299
1790851200,6.819030621886257e-05,6.819030621886257e-05,6.68980282170502e-05,6.761997210927648e-05,66.33054110017186
1790851260,6.761997210927648e-05,6.793181077358313e-05,6.697547444085867e-05,6.697547444085867e-05,45.81618143005321
1790851380,6.697547444085867e-05,6.698097502338013e-05,6.697547444085867e-05,6.698097502338013e-05,3.4342245279352634
1790851440,6.698097502338013e-05,6.699066913288335e-05,6.588434656369036e-05,6.621923084487685e-05,275.0647753933232
1790851500,6.621923084487685e-05,6.726407269193397e-05,6.621923084487685e-05,6.726407269193397e-05,167.40814002578225
1790851560,6.726407269193397e-05,6.865500163502432e-05,6.686238860298029e-05,6.768830271456407e-05,95.45010717994279
1790851620,6.768830271456407e-05,6.838340381116898e-05,6.714555346481259e-05,6.714555346481259e-05,168.0384815660593
1790851680,6.714555346481259e-05,6.775656213212968e-05,6.65165601626866e-05,6.65165601626866e-05,117.44334168703068
1790851740,6.65165601626866e-05,6.69143010494384e-05,6.556121371535029e-05,6.69143010494384e-05,225.6323917987951
1790851800,6.69143010494384e-05,6.69143010494384e-05,6.494713825051213e-05,6.583717444973385e-05,121.27012095330382
1790851860,6.583717444973385e-05,6.596424214647925e-05,6.583717444973385e-05,6.585900117225338e-05,23.33707948894652
1790851920,6.585900117225338e-05,6.640549395734876e-05,6.366217439749005e-05,6.640549395734876e-05,432.31946773461124
1790851980,6.640549395734876e-05,6.672410655293014e-05,6.522999831634574e-05,6.522999831634574e-05,155.9964450347358
1790852040,6.522999831634574e-05,6.559140939595255e-05,6.522999831634574e-05,6.559140939595255e-05,23.246783857633705
1790852100,6.559140939595255e-05,6.786834056676597e-05,6.454816841652471e-05,6.786834056676597e-05,340.26222547157533
1790852160,6.786834056676597e-05,7.230074848033704e-05,6.786834056676597e-05,7.089466584936697e-05,680.7560017341257
1790852220,7.089466584936697e-05,7.108111113344733e-05,7.089466584936697e-05,7.108111113344733e-05,29.509779365994365
1790852280,7.108111113344733e-05,7.108111113344733e-05,7.003311005987748e-05,7.003311005987748e-05,23.90470133725466
1790852340,7.003311005987748e-05,7.003311005987748e-05,6.988697471431797e-05,6.988697471431797e-05,3.1058331062088462
1790852460,6.988697471431797e-05,7.053701602398386e-05,6.957232235501581e-05,6.962715433044632e-05,68.49444647862713
1790852520,6.962715433044632e-05,7.054928780628756e-05,6.960226310799363e-05,7.054928780628756e-05,14.770908124201894
1790852580,7.054928780628756e-05,7.054928780628756e-05,6.952880182870371e-05,6.952880182870371e-05,6.673409416448505
1790852640,6.952880182870371e-05,6.952880182870371e-05,6.929389764929931e-05,6.929389764929931e-05,49.17878926436405
1790852760,6.929389764929931e-05,7.011172388475216e-05,6.90207502427769e-05,6.908987243353239e-05,71.89261958081102
1790852820,6.908987243353239e-05,6.966647728838825e-05,6.866343968824774e-05,6.966647728838825e-05,24.11677199006455
1790852880,6.966647728838825e-05,6.966647728838825e-05,6.850720940052918e-05,6.940102580317913e-05,45.92603028850589
1790853000,6.940102580317913e-05,6.96656730688048e-05,6.835056613849659e-05,6.96656730688048e-05,117.1031904999028
1790853060,6.96656730688048e-05,6.96656730688048e-05,6.914354197863806e-05,6.914354197863806e-05,2.465367978000979
1790853120,6.914354197863806e-05,7.071130806069565e-05,6.914354197863806e-05,7.071130806069565e-05,87.72313531637036
1790853180,7.071130806069565e-05,7.11400542814072e-05,7.071130806069565e-05,7.11400542814072e-05,41.32910785928374
1790853240,7.11400542814072e-05,7.242353071485015e-05,7.11400542814072e-05,7.242353071485015e-05,234.94705197833866
1790853300,7.242353071485015e-05,7.60180234737767e-05,7.242353071485015e-05,7.60180234737767e-05,265.08230835368835
1790853360,7.60180234737767e-05,7.60180234737767e-05,7.28687393340022e-05,7.390031185416157e-05,224.65741931844573
1790853420,7.390031185416157e-05,7.390031185416157e-05,7.2815740148135e-05,7.2815740148135e-05,6.48230037857845
1790853480,7.2815740148135e-05,7.83727040301847e-05,7.2815740148135e-05,7.801585104760674e-05,651.0425673068322
1790853540,7.801585104760674e-05,7.909663170373502e-05,7.677802717993634e-05,7.909663170373502e-05,388.9418513449439
1790853600,7.909663170373502e-05,8.018543747272037e-05,7.609652326076547e-05,7.609652326076547e-05,595.9907266802298
1790853660,7.609652326076547e-05,7.66327706546082e-05,7.491655300638648e-05,7.616981670778404e-05,163.44404373135714
1790853720,7.616981670778404e-05,7.616981670778404e-05,7.597161129782735e-05,7.597161129782735e-05,39.498063613873896
1790853840,7.597161129782735e-05,7.597161129782735e-05,7.510163835960743e-05,7.510163835960743e-05,87.44710775075602
1790853900,7.510163835960743e-05,7.835262827688136e-05,7.510163835960743e-05,7.835262827688136e-05,493.3065000663394
1790853960,7.835262827688136e-05,7.96528006228399e-05,7.835262827688136e-05,7.946452796361893e-05,27.76133164444821
1790854020,7.946452796361893e-05,8.060795527323071e-05,7.944913470834142e-05,8.060795527323071e-05,14.067194690351355
1790854140,8.060795527323071e-05,8.060795527323071e-05,7.914179742467244e-05,7.914179742467244e-05,92.48724844033528
1790854200,7.914179742467244e-05,7.914179742467244e-05,7.774266605117342e-05,7.889630291969013e-05,120.60238314362952
1790854260,7.889630291969013e-05,7.889630291969013e-05,7.756837308711708e-05,7.756837308711708e-05,65.7564307435766
1790854320,7.756837308711708e-05,7.756837308711708e-05,7.238583525598659e-05,7.238583525598659e-05,492.0432693904281
1790854440,7.238583525598659e-05,7.347149466715446e-05,7.238583525598659e-05,7.347149466715446e-05,9.69868030596024
1790854500,7.347149466715446e-05,7.347149466715446e-05,7.250469122347403e-05,7.250469122347403e-05,1.2871939782700923
1790854560,7.250469122347403e-05,7.250469122347403e-05,7.245456428638758e-05,7.245456428638758e-05,5.449528163723217
1790854620,7.245456428638758e-05,7.245456428638758e-05,7.163764211355764e-05,7.179430372986207e-05,193.3950168989683
1790854740,7.179430372986207e-05,7.225389852548276e-05,7.179430372986207e-05,7.225389852548276e-05,83.67565712299785
1790854800,7.225389852548276e-05,7.395389509328606e-05,7.157888880237473e-05,7.395389509328606e-05,301.627155087461
1790854920,7.395389509328606e-05,7.426301560839097e-05,7.395389509328606e-05,7.42413645240185e-05,6.939730546852039
1790854980,7.42413645240185e-05,7.54215058355728e-05,7.42413645240185e-05,7.54215058355728e-05,41.299418722095695
1790855040,7.54215058355728e-05,7.54215058355728e-05,7.431052785066746e-05,7.431052785066746e-05,13.602472894336586
1790855100,7.431052785066746e-05,7.600986771123337e-05,7.431052785066746e-05,7.600986771123337e-05,89.56853336680877
1790855160,7.600986771123337e-05,7.600986771123337e-05,7.372077964121355e-05,7.372077964121355e-05,213.81603971566642
1790855220,7.372077964121355e-05,7.372077964121355e-05,7.141328001960587e-05,7.141328001960587e-05,168.30215722719626
1790855280,7.141328001960587e-05,7.311756432577963e-05,7.141328001960587e-05,7.311756432577963e-05,122.35823516159023
1790855340,7.311756432577963e-05,7.311756432577963e-05,7.192279332709327e-05,7.209720874235416e-05,40.74339636862655
1790855400,7.209720874235416e-05,7.25002856893423e-05,7.145898177655836e-05,7.25002856893423e-05,70.9576634791724
1790855460,7.25002856893423e-05,7.274900223262063e-05,7.25002856893423e-05,7.274900223262063e-05,18.99910659528504
1790855520,7.274900223262063e-05,7.274900223262063e-05,7.169128940164329e-05,7.169128940164329e-05,12.739202806135664
1790855580,7.169128940164329e-05,7.372059335973577e-05,7.169128940164329e-05,7.372059335973577e-05,139.22590743934975
1790855640,7.372059335973577e-05,7.394145616489784e-05,7.372059335973577e-05,7.394145616489784e-05,11.081715879233917
1790855820,7.394145616489784e-05,7.406245702984837e-05,7.394145616489784e-05,7.406245702984837e-05,4.9066741198604324
1790856000,7.406245702984837e-05,7.406245702984837e-05,7.248561150894597e-05,7.248561150894597e-05,56.012486975942174
1790856120,7.248561150894597e-05,7.248561150894597e-05,7.149336220038881e-05,7.149336220038881e-05,212.63063261197112
1790856240,7.149336220038881e-05,7.149336220038881e-05,6.854942208122247e-05,6.854942208122247e-05,235.95764393060944
1790856300,6.854942208122247e-05,6.896116880824342e-05,6.380084529433386e-05,6.631051404724349e-05,890.65949838888
1790856360,6.631051404724349e-05,6.659510286328895e-05,6.554021472576893e-05,6.631162988399483e-05,83.24150752438653
1790856420,6.631162988399483e-05,6.679762972263018e-05,6.582723898343161e-05,6.679762972263018e-05,97.91704328111258
1790856480,6.679762972263018e-05,6.679762972263018e-05,6.451430699852456e-05,6.451430699852456e-05,311.49209148919283
1790856540,6.451430699852456e-05,6.481153936497411e-05,6.240510863908527e-05,6.481153936497411e-05,499.28574618853486
1790856600,6.481153936497411e-05,6.615462657625887e-05,6.405331470633345e-05,6.516190574876442e-05,264.9456801464657
1790856660,6.516190574876442e-05,6.678434156156045e-05,6.516190574876442e-05,6.678434156156045e-05,82.8477511423673
1790856720,6.678434156156045e-05,7.154770114165962e-05,6.565339623155987e-05,7.154770114165962e-05,705.6772265633224
1790856780,7.154770114165962e-05,7.161857577501011e-05,7.152523259560538e-05,7.161857577501011e-05,8.055790413925465
1790856900,7.161857577501011e-05,7.166547918648754e-05,7.161857577501011e-05,7.166547918648754e-05,18.98213005013282
1790856960,7.166547918648754e-05,7.166547918648754e-05,6.969126998929887e-05,7.034502902040379e-05,154.6476529574851
1790857020,7.034502902040379e-05,7.060220598151734e-05,7.034502902040379e-05,7.060220598151734e-05,23.957810075533594
1790857080,7.060220598151734e-05,7.07609963585489e-05,6.967947866604687e-05,6.97143688443344e-05,10.360643069428034
1790857200,6.97143688443344e-05,6.97143688443344e-05,6.954562331772755e-05,6.954562331772755e-05,9.53790065534854
1790857320,6.954562331772755e-05,7.05390653153456e-05,6.954521623888254e-05,7.05390653153456e-05,5.56718353893774
1790857380,7.05390653153456e-05,7.05390653153456e-05,6.702308771974973e-05,6.702308771974973e-05,284.58223398713073
1790857440,6.702308771974973e-05,6.810647263376439e-05,6.702308771974973e-05,6.810647263376439e-05,34.91626695030378
1790857500,6.810647263376439e-05,6.810647263376439e-05,6.48721572844124e-05,6.573961031474089e-05,276.1659906111515
1790857560,6.573961031474089e-05,6.601289982222303e-05,6.573961031474089e-05,6.601289982222303e-05,26.521890511696427
1790857620,6.601289982222303e-05,6.635198117769535e-05,6.571571522402324e-05,6.571571522402324e-05,127.32277678990614
1790857680,6.571571522402324e-05,6.65465081339543e-05,6.571571522402324e-05,6.65465081339543e-05,7.87899318171855
1790857740,6.65465081339543e-05,6.74916913409162e-05,6.65465081339543e-05,6.74916913409162e-05,212.79766909748554
1790857920,6.74916913409162e-05,6.903840355078509e-05,6.74916913409162e-05,6.903840355078509e-05,119.21466114550988
1790857980,6.903840355078509e-05,6.950447714181601e-05,6.844373136592142e-05,6.950447714181601e-05,28.101002901687135
1790858100,6.950447714181601e-05,6.99057372741856e-05,6.356595379027744e-05,6.358173613619287e-05,736.6763885776799
1790858160,6.358173613619287e-05,6.404305660317817e-05,6.303773079048031e-05,6.404305660317817e-05,97.8061047691217
1790858220,6.404305660317817e-05,6.43566374499785e-05,6.327945586509496e-05,6.43566374499785e-05,66.81818916820501
1790858280,6.43566374499785e-05,6.43566374499785e-05,6.357408504309832e-05,6.357408504309832e-05,16.655062069912223
1790858340,6.357408504309832e-05,6.357408504309832e-05,6.355091858436684e-05,6.355091858436684e-05,4.9214044540280675
1790858400,6.355091858436684e-05,6.450800450701512e-05,6.355091858436684e-05,6.450800450701512e-05,5.2159700324056475
1790858460,6.450800450701512e-05,6.450800450701512e-05,6.349450485841186e-05,6.349450485841186e-05,30.992096483333214
1790858520,6.349450485841186e-05,6.431435995935992e-05,6.250139000668917e-05,6.262662119602692e-05,125.52463152896756
1790858580,6.262662119602692e-05,6.733953602613299e-05,6.221756486639139e-05,6.733953602613299e-05,507.84361255070525
1790858700,6.733953602613299e-05,6.733953602613299e-05,6.527737649180692e-05,6.527737649180692e-05,165.7875833660068
1790858760,6.527737649180692e-05,6.527737649180692e-05,6.48021181574193e-05,6.48021181574193e-05,35.2832008201396
1790858820,6.48021181574193e-05,7.295195422121784e-05,6.48021181574193e-05,6.837238770609366e-05,1404.0946625481079
1790858880,6.837238770609366e-05,6.875071098895313e-05,6.557329449637979e-05,6.557329449637979e-05,271.568784056234
1790858940,6.557329449637979e-05,6.612111389946751e-05,6.518992293498988e-05,6.518992293498988e-05,14.004213152053955
1790859000,6.518992293498988e-05,6.540295635338534e-05,6.438450548751126e-05,6.438450548751126e-05,98.28406195650675
1790859060,6.438450548751126e-05,6.518944857825119e-05,6.42143794003204e-05,6.518944857825119e-05,34.194004162171915
1790859120,6.518944857825119e-05,6.518944857825119e-05,6.370537819092952e-05,6.370537819092952e-05,88.52148523535128
1790859180,6.370537819092952e-05,6.469451271124191e-05,6.370537819092952e-05,6.393062679505075e-05,37.28438984976085
1790859300,6.393062679505075e-05,6.673879762711771e-05,6.393062679505075e-05,6.623356115430933e-05,317.4176042649425
1790859360,6.623356115430933e-05,6.671224952090041e-05,6.541274042990327e-05,6.541274042990327e-05,149.89507262076603
1790859480,6.541274042990327e-05,6.636140891079612e-05,6.0670495374242135e-05,6.152602134783185e-05,561.2392869541352
1790859540,6.152602134783185e-05,6.152602134783185e-05,6.060793773416747e-05,6.143774252456114e-05,27.881544809005277
1790859600,6.143774252456114e-05,6.38699915585397e-05,6.143774252456114e-05,6.38699915585397e-05,286.7836760186112
1790859660,6.38699915585397e-05,6.390216802246635e-05,6.235842119344522e-05,6.235842119344522e-05,135.69001906914448
1790859720,6.235842119344522e-05,6.235842119344522e-05,6.152079206220174e-05,6.152079206220174e-05,45.610913592886945
1790859780,6.152079206220174e-05,6.229360093496304e-05,6.143300386573983e-05,6.143300386573983e-05,41.674403204602335
1790859840,6.143300386573983e-05,6.226989385348264e-05,6.117910297478948e-05,6.11873027127673e-05,217.40513080576775
1790859900,6.11873027127673e-05,6.198371252747155e-05,6.065913969390895e-05,6.150566084333848e-05,144.8775124832387
1790859960,6.150566084333848e-05,6.150566084333848e-05,6.13255603479595e-05,6.136418801099682e-05,8.724519126174268
1790860080,6.136418801099682e-05,6.22666102147213e-05,6.136418801099682e-05,6.22666102147213e-05,11.865617572199806
1790860140,6.22666102147213e-05,6.233377888743842e-05,6.138593913282027e-05,6.233377888743842e-05,36.458324809762225
1790860260,6.233377888743842e-05,6.236988072157707e-05,6.148566027635675e-05,6.148566027635675e-05,29.449043188351308
1790860380,6.148566027635675e-05,6.148566027635675e-05,6.147135410552533e-05,6.147135410552533e-05,24.824433924491824
1790860440,6.147135410552533e-05,6.147135410552533e-05,6.121722426587076e-05,6.121722426587076e-05,8.662602983416848
1790860500,6.121722426587076e-05,6.153243543295101e-05,6.0914009999681326e-05,6.153243543295101e-05,61.32431937667699
1790860560,6.153243543295101e-05,6.176399927398566e-05,6.153243543295101e-05,6.176399927398566e-05,42.9170773338413
1790860620,6.176399927398566e-05,6.211925576923228e-05,6.114538537917819e-05,6.211925576923228e-05,23.36857769496696
1790860680,6.211925576923228e-05,6.211925576923228e-05,5.9702286082963056e-05,5.9702286082963056e-05,192.09375154836493
1790860740,5.9702286082963056e-05,6.0685499654148086e-05,5.875309505239382e-05,5.875309505239382e-05,169.37156608111624
1790860800,5.875309505239382e-05,5.875309505239382e-05,5.508741188851858e-05,5.508741188851858e-05,429.6322609480792
1790860860,5.508741188851858e-05,5.508741188851858e-05,4.4954098202238615e-05,4.958935818787155e-05,2876.296308177496
1790860920,4.958935818787155e-05,4.968612754225887e-05,3.999947139968027e-05,4.2090245560871664e-05,2696.029601430068
1790860980,4.2090245560871664e-05,4.48115545665056e-05,4.167314109952741e-05,4.48115545665056e-05,635.9630436915829
1790861040,4.48115545665056e-05,4.587511073478277e-05,4.4315933499641314e-05,4.587511073478277e-05,178.78637826574342
1790861100,4.587511073478277e-05,4.5922966565443126e-05,4.473251381471177e-05,4.538369677492969e-05,131.76244770724065
1790861160,4.538369677492969e-05,4.540027932199308e-05,4.415776797041676e-05,4.415776797041676e-05,148.79322275467723
1790861220,4.415776797041676e-05,4.423380041251265e-05,4.356001849212784e-05,4.423380041251265e-05,75.19890373252879
1790861280,4.423380041251265e-05,4.45394052105881e-05,4.349251575217747e-05,4.349251575217747e-05,109.2375763305754
1790861340,4.349251575217747e-05,4.349251575217747e-05,4.128289806688852e-05,4.1829090188171596e-05,303.2563725930499
1790861400,4.1829090188171596e-05,4.3180718100639055e-05,4.148544656421332e-05,4.2748528203538286e-05,257.18522348060634
1790861460,4.2748528203538286e-05,4.317821157817251e-05,4.259776946584642e-05,4.259776946584642e-05,21.91068060317009
1790861520,4.259776946584642e-05,4.2953560976057226e-05,4.2416774183130575e-05,4.2953560976057226e-05,37.24440239398746
1790861580,4.2953560976057226e-05,4.3327737929937486e-05,4.240161741230396e-05,4.268300948780544e-05,93.14240200353565
1790861640,4.268300948780544e-05,4.268300948780544e-05,3.8614464203878604e-05,3.920171576597399e-05,583.0585004107594
1790861700,3.920171576597399e-05,3.974428465342727e-05,3.808890656198999e-05,3.8337193851556995e-05,306.9806488348841
1790861760,3.8337193851556995e-05,3.890108566260912e-05,3.819190525811003e-05,3.874540133318379e-05,90.75768360294784
1790861820,3.874540133318379e-05,4.3520082384433975e-05,3.794728474218765e-05,4.299665181008985e-05,810.904946258661
1790861940,4.299665181008985e-05,4.4610795333418646e-05,4.266674535704412e-05,4.4610795333418646e-05,397.68744974147603
1790862000,4.4610795333418646e-05,4.493387422803013e-05,4.3249084610158004e-05,4.3249084610158004e-05,167.88196445062042
1790862060,4.3249084610158004e-05,4.389321239038567e-05,4.3249084610158004e-05,4.362342626318342e-05,62.24218983492291
1790862120,4.362342626318342e-05,4.5045882794702783e-05,4.3545947798516006e-05,4.435252823821009e-05,285.59465408606314
1790862180,4.435252823821009e-05,4.48361995554056e-05,4.425782310504018e-05,4.48361995554056e-05,3.1629027501123512
1790862240,4.48361995554056e-05,4.48361995554056e-05,4.4264929656142935e-05,4.4264929656142935e-05,8.186575498896728
1790862300,4.4264929656142935e-05,4.5134327910263685e-05,4.4264929656142935e-05,4.4700592254385903e-05,102.1499728706436
1790862360,4.4700592254385903e-05,4.513573965989894e-05,4.4700592254385903e-05,4.5115287928600366e-05,4.998270341768325
1790862420,4.5115287928600366e-05,4.684835251519263e-05,4.5115287928600366e-05,4.684835251519263e-05,226.2303939143998
1790862480,4.684835251519263e-05,4.9008133251700705e-05,4.607974786821513e-05,4.9008133251700705e-05,402.4464342980666
1790862540,4.9008133251700705e-05,4.9008133251700705e-05,4.7213892593273284e-05,4.817428084012549e-05,133.6260137002585
1790862600,4.817428084012549e-05,4.817428084012549e-05,4.516768419975734e-05,4.516768419975734e-05,353.2942860492935
1790862660,4.516768419975734e-05,4.5283181579121313e-05,4.4619173236413625e-05,4.474511102021231e-05,33.189762126757884
1790862720,4.474511102021231e-05,4.474511102021231e-05,4.383428956847524e-05,4.383428956847524e-05,155.4294982194776
1790862840,4.383428956847524e-05,4.4955058629700134e-05,4.383428956847524e-05,4.4881718614829304e-05,174.40441275619932
1790862900,4.4881718614829304e-05,4.495516150341371e-05,4.4881718614829304e-05,4.495516150341371e-05,1.445292600720254
1790862960,4.495516150341371e-05,4.495516150341371e-05,4.480310082681841e-05,4.480310082681841e-05,18.522285742169583
1790863080,4.480310082681841e-05,4.523449555158674e-05,4.4694554773954846e-05,4.523449555158674e-05,28.736659298614168
1790863140,4.523449555158674e-05,4.5358987659479736e-05,4.483400840091161e-05,4.483400840091161e-05,18.172001792804824
1790863200,4.483400840091161e-05,4.6516914086398635e-05,4.483400840091161e-05,4.6253091241518e-05,209.97653398893934
1790863260,4.6253091241518e-05,4.929144288256644e-05,4.597860615107438e-05,4.848691794984812e-05,457.4258140535436
1790863320,4.848691794984812e-05,4.848691794984812e-05,4.7760372438388754e-05,4.7760372438388754e-05,144.24909998716754
1790863380,4.7760372438388754e-05,4.7760372438388754e-05,4.7554006142599896e-05,4.7554006142599896e-05,33.58682371068759
1790863500,4.7554006142599896e-05,4.809139546757126e-05,4.7201146357792684e-05,4.7201146357792684e-05,68.95886108342292
1790863560,4.7201146357792684e-05,4.7719028731898406e-05,4.7201146357792684e-05,4.7719028731898406e-05,0.9273164775403994
1790863620,4.7719028731898406e-05,4.774299720763139e-05,4.7049088856377507e-05,4.7049088856377507e-05,27.67037413572761
1790863680,4.7049088856377507e-05,4.770105073507288e-05,4.7049088856377507e-05,4.719691211060608e-05,50.92370470437495
1790863800,4.719691211060608e-05,4.779631780723931e-05,4.719691211060608e-05,4.779631780723931e-05,23.189411971237774
1790863860,4.779631780723931e-05,4.7898821540051016e-05,4.779631780723931e-05,4.7898821540051016e-05,0.5325369407588592
1790863920,4.7898821540051016e-05,4.7898821540051016e-05,4.67575787563129e-05,4.67575787563129e-05,59.49563046242323
1790863980,4.67575787563129e-05,4.67575787563129e-05,4.6736926640189474e-05,4.6736926640189474e-05,0.2591756563812526
1790864040,4.6736926640189474e-05,4.6736926640189474e-05,4.6676908612110916e-05,4.6676908612110916e-05,2.653716207757456
1790864100,4.6676908612110916e-05,4.728151878215822e-05,4.6676908612110916e-05,4.728151878215822e-05,9.701439159621541
1790864220,4.728151878215822e-05,4.728151878215822e-05,4.671928625232587e-05,4.671928625232587e-05,3.5945974183231924
1790864280,4.671928625232587e-05,4.755580652692899e-05,4.671928625232587e-05,4.678953657268416e-05,104.37336681860866
1790864400,4.678953657268416e-05,4.678953657268416e-05,4.664658167614761e-05,4.664658167614761e-05,22.428458178018804
1790864460,4.664658167614761e-05,4.664658167614761e-05,4.6138186617969414e-05,4.6138186617969414e-05,117.45375053586014
1790864580,4.6138186617969414e-05,4.626199165092689e-05,4.559731940885428e-05,4.559731940885428e-05,78.22983996388277
1790864640,4.559731940885428e-05,4.6058163306566266e-05,4.313915817206752e-05,4.313915817206752e-05,339.9968123239257
1790864700,4.313915817206752e-05,4.3984729180716985e-05,4.313915817206752e-05,4.343890368687465e-05,148.34573178227816
1790864760,4.343890368687465e-05,4.3988392194018425e-05,4.315014851194559e-05,4.315014851194559e-05,48.7991895458433
1790864820,4.315014851194559e-05,4.786877856355676e-05,4.310261678812289e-05,4.7860260996988195e-05,806.6713631489575
1790864880,4.7860260996988195e-05,4.810406265801161e-05,4.7860260996988195e-05,4.810406265801161e-05,24.909008713404592
1790865000,4.810406265801161e-05,4.882138433810078e-05,4.744837254297942e-05,4.744837254297942e-05,326.6773672782902
1790865120,4.744837254297942e-05,4.744837254297942e-05,4.697005379521553e-05,4.697005379521553e-05,103.60436870830397
1790865180,4.697005379521553e-05,4.697005379521553e-05,4.594061105055885e-05,4.594061105055885e-05,97.01140862387416
1790865240,4.594061105055885e-05,4.6384494337878806e-05,4.577741696180957e-05,4.6384494337878806e-05,24.03459407760455
1790865300,4.6384494337878806e-05,4.6525021161191884e-05,4.5902223002564164e-05,4.6525021161191884e-05,10.691031440450844
1790865360,4.6525021161191884e-05,4.7187431520309456e-05,4.5375839047791036e-05,4.7187431520309456e-05,321.9292752168648
1790865420,4.7187431520309456e-05,4.741536122995783e-05,4.7187431520309456e-05,4.741536122995783e-05,24.837839062611103
1790865480,4.741536122995783e-05,4.741536122995783e-05,4.683258067943672e-05,4.683258067943672e-05,30.811126845129483
1790865540,4.683258067943672e-05,4.683258067943672e-05,4.636800531450105e-05,4.668657710117678e-05,102.58184293851431
1790865600,4.668657710117678e-05,4.668657710117678e-05,4.616934212358709e-05,4.616934212358709e-05,9.75621624232839
1790865660,4.616934212358709e-05,4.616934212358709e-05,4.587636818329549e-05,4.587636818329549e-05,30.602365094395992
1790865780,4.587636818329549e-05,4.639507403859955e-05,4.5730715111326706e-05,4.5730715111326706e-05,50.78237721468704
1790865900,4.5730715111326706e-05,4.5730715111326706e-05,4.553890932124333e-05,4.553890932124333e-05,5.885423230148051
1790865960,4.553890932124333e-05,4.553890932124333e-05,4.4722152223728587e-05,4.4722152223728587e-05,183.73182714034914
1790866020,4.4722152223728587e-05,4.4722152223728587e-05,4.1975310901408476e-05,4.1975310901408476e-05,287.6452588019812
1790866080,4.1975310901408476e-05,4.2678204008803435e-05,4.1975310901408476e-05,4.2678204008803435e-05,58.37017080303456
1790866200,4.2678204008803435e-05,4.299659481791422e-05,4.2678204008803435e-05,4.299659481791422e-05,62.39947833671683
1790866260,4.299659481791422e-05,4.351822537976877e-05,4.272825367474625e-05,4.351822537976877e-05,73.53959043285182
1790866320,4.351822537976877e-05,4.376089728170116e-05,4.2925180293017223e-05,4.2925180293017223e-05,84.40558852470117
1790866380,4.2925180293017223e-05,4.2925180293017223e-05,4.256304658160715e-05,4.256304658160715e-05,28.354468001381168
1790866440,4.256304658160715e-05,4.256304658160715e-05,4.24565628392176e-05,4.24565628392176e-05,2.455815632957272
1790866500,4.24565628392176e-05,4.3332739071582876e-05,4.24565628392176e-05,4.3332739071582876e-05,79.49289335253809
1790866560,4.3332739071582876e-05,4.373175542252828e-05,4.3291591972662034e-05,4.3291591972662034e-05,34.598372095931246
1790866620,4.3291591972662034e-05,4.386146403517189e-05,4.3291591972662034e-05,4.386146403517189e-05,3.005468737033234
1790866740,4.386146403517189e-05,4.389819128113031e-05,4.386146403517189e-05,4.389819128113031e-05,2.0496824380704277
1790866800,4.389819128113031e-05,4.389819128113031e-05,4.335669984163361e-05,4.336393901070803e-05,6.737185588134905
1790866980,4.336393901070803e-05,4.383631217280941e-05,4.2789984526421115e-05,4.2789984526421115e-05,71.43043788145485
1790867040,4.2789984526421115e-05,4.2789984526421115e-05,4.2642012031993446e-05,4.2642012031993446e-05,57.77906365941342
1790867100,4.2642012031993446e-05,4.2642012031993446e-05,3.7451912960293015e-05,4.121646960455042e-05,1655.8451718490899
1790867160,4.121646960455042e-05,4.18366716102979e-05,4.121646960455042e-05,4.127931589047984e-05,68.30583318121289
1790867220,4.127931589047984e-05,4.1797227233315924e-05,4.127931589047984e-05,4.1797227233315924e-05,33.85487311174285
1790867280,4.1797227233315924e-05,4.1797227233315924e-05,4.0362583221177405e-05,4.0362583221177405e-05,142.61154452081072
1790867340,4.0362583221177405e-05,4.104303027814247e-05,4.0287910172700496e-05,4.0619133829499605e-05,130.6108265920246
1790867400,4.0619133829499605e-05,4.131329626256962e-05,4.0548024005897603e-05,4.131329626256962e-05,63.388283721910156
1790867520,4.131329626256962e-05,4.131329626256962e-05,4.108736236324414e-05,4.108736236324414e-05,5.067634814801709
1790867580,4.108736236324414e-05,4.108736236324414e-05,4.1010133363606707e-05,4.1010133363606707e-05,20.167267220660243
1790867700,4.1010133363606707e-05,4.104309113786308e-05,4.1010133363606707e-05,4.104309113786308e-05,2.4003827593350104
1790867760,4.104309113786308e-05,4.104309113786308e-05,4.0871907658538684e-05,4.099837265862659e-05,37.12630714174703
1790867880,4.099837265862659e-05,4.286238779544349e-05,4.099837265862659e-05,4.2412419359001057e-05,310.02575576100804
1790867940,4.2412419359001057e-05,4.3391348599808144e-05,4.2412419359001057e-05,4.3391348599808144e-05,2.169226076152196
1790868000,4.3391348599808144e-05,4.341467188177552e-05,4.230651806300831e-05,4.230651806300831e-05,116.44077527920112
1790868060,4.230651806300831e-05,4.230651806300831e-05,4.211608980551283e-05,4.211608980551283e-05,46.51791713284002
1790868120,4.211608980551283e-05,4.211608980551283e-05,4.188706574120997e-05,4.188706574120997e-05,16.605214191264253
1790868180,4.188706574120997e-05,4.188706574120997e-05,4.182039919316419e-05,4.182039919316419e-05,3.765154941646179
1790868240,4.182039919316419e-05,4.235557270724779e-05,4.182039919316419e-05,4.235557270724779e-05,7.772437926160645
1790868360,4.235557270724779e-05,4.235557270724779e-05,4.162600236528424e-05,4.162600236528424e-05,37.171475763512895
1790868420,4.162600236528424e-05,4.210555304619717e-05,4.162600236528424e-05,4.210555304619717e-05,9.677250976209095
1790868480,4.210555304619717e-05,4.224434596102344e-05,4.210555304619717e-05,4.224434596102344e-05,29.032975667889282
1790868540,4.224434596102344e-05,4.2617079493827735e-05,4.1749643484430016e-05,4.2617079493827735e-05,131.37366261479914
1790868600,4.2617079493827735e-05,4.3045899377596315e-05,4.2617079493827735e-05,4.3045899377596315e-05,18.80400157459152
1790868660,4.3045899377596315e-05,4.305521562511974e-05,4.244918075382503e-05,4.300292354601199e-05,14.384199125808273
1790868720,4.300292354601199e-05,4.3150440008036176e-05,4.247116020485086e-05,4.3150440008036176e-05,34.85823398328473
1790868840,4.3150440008036176e-05,4.3150440008036176e-05,4.256752875600903e-05,4.256752875600903e-05,25.38081954911724
1790869140,4.256752875600903e-05,4.337368077123122e-05,4.256752875600903e-05,4.2824690531494454e-05,50.89932678008995
1790869200,4.2824690531494454e-05,4.382164608791715e-05,4.2824690531494454e-05,4.382164608791715e-05,126.21702657249635
1790869260,4.382164608791715e-05,4.605965138467784e-05,4.382164608791715e-05,4.605965138467784e-05,251.39672795621584
1790869320,4.605965138467784e-05,4.605965138467784e-05,4.5444106479208176e-05,4.5444106479208176e-05,25.23297879546571
1790869380,4.5444106479208176e-05,4.5444106479208176e-05,4.5406893012334577e-05,4.5406893012334577e-05,0.0514547431631495
1790869440,4.5406893012334577e-05,4.600599309123487e-05,4.5406893012334577e-05,4.600599309123487e-05,12.208981452880915
1790869500,4.600599309123487e-05,4.617168721629579e-05,4.600599309123487e-05,4.617168721629579e-05,19.732491786904077
1790869680,4.617168721629579e-05,4.617168721629579e-05,4.546454677221761e-05,4.546454677221761e-05,59.826311977480515
1790869800,4.546454677221761e-05,4.6098665460168007e-05,4.546454677221761e-05,4.6098665460168007e-05,57.65324614206607
1790869860,4.6098665460168007e-05,4.6098665460168007e-05,4.536497670676577e-05,4.585098626007437e-05,127.18519462943016
1790869980,4.585098626007437e-05,4.585098626007437e-05,4.539134290960421e-05,4.539134290960421e-05,4.475117853393611
1790870040,4.539134290960421e-05,4.539134290960421e-05,4.525040061709819e-05,4.525040061709819e-05,36.38635898557223
1790870100,4.525040061709819e-05,4.5816080052058335e-05,4.525040061709819e-05,4.5816080052058335e-05,17.05945119526543
1790870160,4.5816080052058335e-05,4.583137210502331e-05,4.526376782470503e-05,4.526376782470503e-05,0.8060750888684142
1790870220,4.526376782470503e-05,4.528051815916052e-05,4.526376782470503e-05,4.526890549968424e-05,6.443776916855609
1790870280,4.526890549968424e-05,4.6241819896356096e-05,4.526890549968424e-05,4.6241819896356096e-05,131.16520100040714
1790870340,4.6241819896356096e-05,4.6241819896356096e-05,4.5093629951638356e-05,4.5790147732944835e-05,159.4294818673602
1790870460,4.5790147732944835e-05,4.5790147732944835e-05,4.526528162848155e-05,4.526528162848155e-05,14.569646158399488
1790870520,4.526528162848155e-05,4.526528162848155e-05,4.499022306841819e-05,4.499022306841819e-05,58.94098615830806
1790870580,4.499022306841819e-05,4.499022306841819e-05,4.366266212144382e-05,4.366266212144382e-05,274.18538647479596
1790870640,4.366266212144382e-05,4.3991284572712406e-05,4.362728245971691e-05,4.362728245971691e-05,58.3112670194404
1790870700,4.362728245971691e-05,4.423362420891267e-05,4.362728245971691e-05,4.370799384989101e-05,8.20329928700228
1790870760,4.370799384989101e-05,4.446502331004791e-05,4.354316515478219e-05,4.435417062378061e-05,215.1069476681153
1790870820,4.435417062378061e-05,4.435417062378061e-05,4.415003982554677e-05,4.415003982554677e-05,16.391077083529844
1790870880,4.415003982554677e-05,4.468137371617624e-05,4.415003982554677e-05,4.468137371617624e-05,2.665921905164093
1790871000,4.468137371617624e-05,4.468137371617624e-05,4.392278524165807e-05,4.392278524165807e-05,27.038490205006863
1790871060,4.392278524165807e-05,4.392278524165807e-05,4.3769826053331254e-05,4.3769826053331254e-05,23.138435345135914
1790871120,4.3769826053331254e-05,4.44017190408402e-05,4.3381930378604355e-05,4.3381930378604355e-05,130.99745194750554
1790871240,4.3381930378604355e-05,4.3381930378604355e-05,4.33095728406796e-05,4.33095728406796e-05,7.258830783583399
1790871300,4.33095728406796e-05,4.336239268167584e-05,4.0853916189169964e-05,4.0853916189169964e-05,420.6291429545856
1790871360,4.0853916189169964e-05,4.0853916189169964e-05,3.9950273085071214e-05,3.9950273085071214e-05,116.00217400584067
1790871420,3.9950273085071214e-05,3.9950273085071214e-05,3.769054613711828e-05,3.811188280275655e-05,645.9894399503897
1790871480,3.811188280275655e-05,3.8254790786745395e-05,3.7894734428786185e-05,3.8254790786745395e-05,46.57349866973544
1790871540,3.8254790786745395e-05,3.8563897723240685e-05,3.8254790786745395e-05,3.8563897723240685e-05,77.16855332049015
1790871600,3.8563897723240685e-05,3.860528679768729e-05,3.820828553966794e-05,3.860528679768729e-05,31.159910802928117
1790871660,3.860528679768729e-05,3.8606094227628056e-05,3.860528679768729e-05,3.8606094227628056e-05,0.0527868786981636
1790871720,3.8606094227628056e-05,3.886873052039545e-05,3.8606094227628056e-05,3.886873052039545e-05,63.78207916247149
1790871960,3.886873052039545e-05,3.886873052039545e-05,3.802705502499582e-05,3.802705502499582e-05,94.99115543539472
1790872020,3.802705502499582e-05,3.842886466836032e-05,3.791801792144024e-05,3.791801792144024e-05,13.85665513872439
1790872080,3.791801792144024e-05,3.791801792144024e-05,3.5567375197073294e-05,3.5567375197073294e-05,372.4768358851664
1790872140,3.5567375197073294e-05,3.5567375197073294e-05,3.512975239429349e-05,3.512975239429349e-05,199.86080429689153
1790872200,3.512975239429349e-05,3.607238938067904e-05,3.512975239429349e-05,3.562755950858712e-05,140.97747245389664
1790872260,3.562755950858712e-05,3.562755950858712e-05,3.425422656519498e-05,3.425422656519498e-05,213.5201898435546
1790872320,3.425422656519498e-05,3.469424212120205e-05,3.252858746212469e-05,3.35038106797349e-05,528.3613796053895
1790872380,3.35038106797349e-05,3.356005368094991e-05,3.35038106797349e-05,3.356005368094991e-05,6.952434390340074
1790872440,3.356005368094991e-05,3.367083195672701e-05,3.3281916240690607e-05,3.3281916240690607e-05,14.397188196890568
1790872500,3.3281916240690607e-05,3.5331118801342866e-05,3.3281916240690607e-05,3.5331118801342866e-05,301.0270243188575
1790872560,3.5331118801342866e-05,3.5764082131764665e-05,3.5331118801342866e-05,3.5764082131764665e-05,19.300838726572643
1790872620,3.5764082131764665e-05,3.580772629334546e-05,3.5764082131764665e-05,3.580772629334546e-05,3.6489754604051505
1790872680,3.580772629334546e-05,3.580772629334546e-05,3.366860804991803e-05,3.366860804991803e-05,300.5897334082321
1790872740,3.366860804991803e-05,3.3837581743588273e-05,3.366860804991803e-05,3.3837581743588273e-05,20.235557893187924
1790872800,3.3837581743588273e-05,3.3837581743588273e-05,3.3359346642473166e-05,3.3359346642473166e-05,12.567420862711575
1790872860,3.3359346642473166e-05,3.376076900194477e-05,3.3359346642473166e-05,3.376076900194477e-05,5.594823440015038
1790872920,3.376076900194477e-05,3.37894854474234e-05,3.376076900194477e-05,3.37894854474234e-05,1.1451030508018336
1790872980,3.37894854474234e-05,3.37894854474234e-05,3.3366320574617645e-05,3.377856936066738e-05,9.07736555030533
1790873040,3.377856936066738e-05,3.4178668804649625e-05,3.377856936066738e-05,3.408865545291823e-05,116.44613443724472
1790873100,3.408865545291823e-05,3.490637289142634e-05,3.408865545291823e-05,3.490637289142634e-05,114.10031894581059
1790873220,3.490637289142634e-05,3.5275485358716444e-05,3.4826858215701855e-05,3.4826858215701855e-05,9.05154521480626
1790873280,3.4826858215701855e-05,3.592351973076281e-05,3.4826858215701855e-05,3.592351973076281e-05,206.13015414621083
1790873340,3.592351973076281e-05,3.691842355717775e-05,3.592351973076281e-05,3.691842355717775e-05,63.3908497615804
1790873400,3.691842355717775e-05,3.708558337414457e-05,3.669958903624967e-05,3.669958903624967e-05,66.21021508031784
1790873460,3.669958903624967e-05,3.9214619161691516e-05,3.669958903624967e-05,3.8790155386833906e-05,320.61702508552014
1790873700,3.8790155386833906e-05,3.8790155386833906e-05,3.702022579018181e-05,3.702022579018181e-05,270.67306847854655
1790873760,3.702022579018181e-05,3.702022579018181e-05,3.0287379191405028e-05,3.23074835137433e-05,1490.6312795820488
1790873820,3.23074835137433e-05,3.273248789618986e-05,3.215099743421581e-05,3.24868857313506e-05,101.74650218825884
1790873940,3.24868857313506e-05,3.24868857313506e-05,3.150090415917768e-05,3.1907933248073646e-05,116.97231458524517
1790874000,3.1907933248073646e-05,3.1907933248073646e-05,3.143474387924925e-05,3.143474387924925e-05,18.05333505251413
1790874060,3.143474387924925e-05,3.143474387924925e-05,3.1419230106051514e-05,3.1419230106051514e-05,3.524609713476953
1790874180,3.1419230106051514e-05,3.144517516627864e-05,3.0770416991809556e-05,3.078892340703176e-05,179.1610226855695
1790874240,3.078892340703176e-05,3.087155705830939e-05,2.8739201196790497e-05,2.9137882193324257e-05,356.8597857551067
1790874300,2.9137882193324257e-05,2.9137882193324257e-05,2.8247260511164052e-05,2.8247260511164052e-05,115.01927498108581
1790874360,2.8247260511164052e-05,2.8247260511164052e-05,2.819052190024833e-05,2.819052190024833e-05,6.043866238776509
1790874420,2.819052190024833e-05,2.872878304785202e-05,2.819052190024833e-05,2.871728835657141e-05,36.82417365909197
1790874480,2.871728835657141e-05,2.871728835657141e-05,2.721922786531505e-05,2.721922786531505e-05,422.39016801730827
1790874540,2.721922786531505e-05,2.758138802040452e-05,2.6315325516500986e-05,2.6967148573635783e-05,717.5968816290135
1790874660,2.6967148573635783e-05,2.7109109562091364e-05,2.6967148573635783e-05,2.7109109562091364e-05,5.1745315958801195
1790874780,2.7109109562091364e-05,2.7598844233538525e-05,2.7109109562091364e-05,2.7598844233538525e-05,42.87435442972731
1790874840,2.7598844233538525e-05,2.8563155258821977e-05,2.7598844233538525e-05,2.8563155258821977e-05,162.55250791483604
1790874900,2.8563155258821977e-05,2.879646770146975e-05,2.8563155258821977e-05,2.879646770146975e-05,19.75584336279736
1790875020,2.879646770146975e-05,2.887472866869029e-05,2.879646770146975e-05,2.887472866869029e-05,7.594092096537893
1790875080,2.887472866869029e-05,2.8885282532842925e-05,2.8532314657071063e-05,2.8532314657071063e-05,5.148103924368648
1790875140,2.8532314657071063e-05,2.8532314657071063e-05,2.6775336398571193e-05,2.6775336398571193e-05,313.1075648766454
1790875200,2.6775336398571193e-05,2.72937044096472e-05,2.6661531017434666e-05,2.72937044096472e-05,133.93703326115545
1790875440,2.72937044096472e-05,2.764840622265674e-05,2.72937044096472e-05,2.764840622265674e-05,3.6784523342511504
1790875500,2.764840622265674e-05,2.764840622265674e-05,2.6234417278893977e-05,2.6234417278893977e-05,374.0556256160698
1790875560,2.6234417278893977e-05,2.6234417278893977e-05,2.5565977131731776e-05,2.563784808102243e-05,31.4393729800826
1790875680,2.563784808102243e-05,2.563784808102243e-05,2.489815862939519e-05,2.489815862939519e-05,177.01630879572366
1790875740,2.489815862939519e-05,2.7792564314449042e-05,2.441334560442844e-05,2.7792564314449042e-05,616.9958514913184
1790875980,2.7792564314449042e-05,2.7792564314449042e-05,2.394030105563162e-05,2.427570141086313e-05,706.243357059671
1790876040,2.427570141086313e-05,2.4624295381452042e-05,2.427570141086313e-05,2.4624295381452042e-05,53.23462189015023
1790876100,2.4624295381452042e-05,2.4624295381452042e-05,2.4316289349720588e-05,2.4316289349720588e-05,3.1661586015058547
1790876160,2.4316289349720588e-05,2.4316289349720588e-05,2.424632391277589e-05,2.424632391277589e-05,17.38415696490729
1790876220,2.424632391277589e-05,2.424632391277589e-05,2.400819086515527e-05,2.400819086515527e-05,37.8021313209433
1790876280,2.400819086515527e-05,2.400819086515527e-05,2.351456098681242e-05,2.351456098681242e-05,107.70145908330382
1790876400,2.351456098681242e-05,2.383758641402516e-05,2.3468824700473076e-05,2.383758641402516e-05,17.70551983920563
1790876460,2.383758641402516e-05,2.3933081415129087e-05,2.361133592309221e-05,2.361133592309221e-05,35.316987878280536
1790876520,2.361133592309221e-05,2.361133592309221e-05,2.3461339540043137e-05,2.3461339540043137e-05,19.548308194107616
1790876580,2.3461339540043137e-05,2.4096816980016446e-05,2.3461339540043137e-05,2.4096816980016446e-05,111.38825358998201
1790876640,2.4096816980016446e-05,2.4096816980016446e-05,2.366884638332061e-05,2.366884638332061e-05,139.7051544220138
1790876700,2.366884638332061e-05,2.366884638332061e-05,2.3173871814588098e-05,2.3173871814588098e-05,25.205682378503617
1790876760,2.3173871814588098e-05,2.3727086882362377e-05,2.3173871814588098e-05,2.3679609258132007e-05,104.66318127613853
1790876820,2.3679609258132007e-05,2.3679609258132007e-05,2.3650449097774623e-05,2.3650449097774623e-05,0.26411347100621374
1790876880,2.3650449097774623e-05,2.393529805552528e-05,2.3648739597887763e-05,2.3648739597887763e-05,3.9423115963507835
1790876940,2.3648739597887763e-05,2.7263406575934134e-05,2.3585678323203812e-05,2.7263406575934134e-05,626.8820932219414
1790877000,2.7263406575934134e-05,2.7263406575934134e-05,2.6732748853306477e-05,2.6732748853306477e-05,55.2490317674105
1790877060,2.6732748853306477e-05,2.6732748853306477e-05,2.6230002545479135e-05,2.6230002545479135e-05,65.0849837266424
1790877120,2.6230002545479135e-05,2.6233942626755776e-05,2.6230002545479135e-05,2.6233942626755776e-05,1.5808542127885477
1790877180,2.6233942626755776e-05,2.6233942626755776e-05,2.6209386463529875e-05,2.6209386463529875e-05,3.9051985830659515
1790877240,2.6209386463529875e-05,2.6209386463529875e-05,2.6095630752164685e-05,2.6095630752164685e-05,10.597428641333597
1790877300,2.6095630752164685e-05,2.6613826612708252e-05,2.6095630752164685e-05,2.6613826612708252e-05,79.3839201957483
1790877360,2.6613826612708252e-05,2.6833471745276986e-05,2.6476234867333673e-05,2.652259630618281e-05,18.617887840425546
1790877480,2.652259630618281e-05,2.652259630618281e-05,2.6405045046656986e-05,2.6405045046656986e-05,28.657566045523875
1790877540,2.6405045046656986e-05,2.67500563467359e-05,2.6405045046656986e-05,2.67500563467359e-05,23.4118116467382
1790877600,2.67500563467359e-05,2.67500563467359e-05,2.4255695111413735e-05,2.4498852760833347e-05,414.9549603298775
1790877660,2.4498852760833347e-05,2.4498852760833347e-05,2.3785300361833794e-05,2.3785300361833794e-05,73.35243156415015
1790877720,2.3785300361833794e-05,2.5992016439367897e-05,2.3785300361833794e-05,2.5992016439367897e-05,371.348358570635
1790877780,2.5992016439367897e-05,2.5992016439367897e-05,2.5800091702997216e-05,2.5800091702997216e-05,0.035733647344900615
1790878440,2.5800091702997216e-05,2.5811666018844483e-05,2.5798925651113386e-05,2.5798925651113386e-05,10.188707990919154
1790878560,2.5798925651113386e-05,2.5798925651113386e-05,2.5772690182389366e-05,2.5772690182389366e-05,0.3232275311261628
1790878620,2.5772690182389366e-05,2.5772690182389366e-05,2.576431647817182e-05,2.576431647817182e-05,4.997745638148851
1790878740,2.576431647817182e-05,2.6231448382821557e-05,2.576431647817182e-05,2.6231448382821557e-05,46.78570278480631
1790878800,2.6231448382821557e-05,2.6231448382821557e-05,2.5979309697871646e-05,2.5979309697871646e-05,5.498906969671409
1790878920,2.5979309697871646e-05,2.5983966089062178e-05,2.5979309697871646e-05,2.5983966089062178e-05,0.18167633337795755
1790879040,2.5983966089062178e-05,2.773658219708496e-05,2.5983966089062178e-05,2.773658219708496e-05,293.9412353233726
1790879100,2.773658219708496e-05,2.790703117574065e-05,2.773658219708496e-05,2.790703117574065e-05,49.24392224540056
1790879160,2.790703117574065e-05,2.790703117574065e-05,2.7696029494761902e-05,2.7696029494761902e-05,1.5505710717226089
1790879220,2.7696029494761902e-05,2.8169496938743882e-05,2.7696029494761902e-05,2.8169496938743882e-05,44.22527346295025
1790879580,2.8169496938743882e-05,2.8169496938743882e-05,2.7791989092812274e-05,2.7791989092812274e-05,35.71410858435785
1790879640,2.7791989092812274e-05,2.807550964246177e-05,2.7710219016413963e-05,2.807550964246177e-05,19.700248171380554
1790879700,2.807550964246177e-05,2.8224723984051142e-05,2.807550964246177e-05,2.8224723984051142e-05,8.435784613229186
1790879820,2.8224723984051142e-05,2.8224723984051142e-05,2.7828068934319504e-05,2.7828068934319504e-05,2.6672994408247193
1790879880,2.7828068934319504e-05,2.7851501166578037e-05,2.7828068934319504e-05,2.7851501166578037e-05,1.8719064760424566
1790879940,2.7851501166578037e-05,2.7851501166578037e-05,2.7728472695585134e-05,2.7728472695585134e-05,59.51433160832329
1790880000,2.7728472695585134e-05,2.7728472695585134e-05,2.7157448285727374e-05,2.7157448285727374e-05,107.88543969065522
1790880060,2.7157448285727374e-05,2.721097960007611e-05,2.7157448285727374e-05,2.721097960007611e-05,1.6377332440523935
1790880300,2.721097960007611e-05,2.721097960007611e-05,2.5633071318292512e-05,2.5633071318292512e-05,224.21490464715166
1790880360,2.5633071318292512e-05,2.5633071318292512e-05,2.5519169211786063e-05,2.5519169211786063e-05,14.990979601108751
1790880420,2.5519169211786063e-05,2.5519169211786063e-05,2.5437757133568606e-05,2.5437757133568606e-05,3.1558704375822813
1790880540,2.5437757133568606e-05,2.5734114566049404e-05,2.5437757133568606e-05,2.5734114566049404e-05,2.6818858842801863
1790880600,2.5734114566049404e-05,2.57782021123243e-05,2.5734114566049404e-05,2.57782021123243e-05,16.042757439640905
1790880780,2.57782021123243e-05,2.57782021123243e-05,2.5262507224173724e-05,2.5262507224173724e-05,72.3767437337316
1790881080,2.5262507224173724e-05,2.5425315535711862e-05,2.5262507224173724e-05,2.5425315535711862e-05,2.331916621891375
1790881260,2.5425315535711862e-05,2.6897069804148098e-05,2.511376845498581e-05,2.6897069804148098e-05,272.6054205238273
1790881320,2.6897069804148098e-05,2.70530043764954e-05,2.6897069804148098e-05,2.70530043764954e-05,49.26136859761745
1790881380,2.70530043764954e-05,2.719739890010401e-05,2.70530043764954e-05,2.719739890010401e-05,0.7565035610690345
1790881440,2.719739890010401e-05,2.7356715489020723e-05,2.719739890010401e-05,2.7356715489020723e-05,49.269579544926565
1790881620,2.7356715489020723e-05,2.7356715489020723e-05,2.7180371206976206e-05,2.7180371206976206e-05,6.899921359667808
1790881800,2.7180371206976206e-05,2.7180371206976206e-05,2.7158707569985327e-05,2.7158707569985327e-05,3.4362149027905198
1790881980,2.7158707569985327e-05,2.7158707569985327e-05,2.7026884107556572e-05,2.7026884107556572e-05,28.668329524889298
1790882040,2.7026884107556572e-05,2.7026884107556572e-05,2.687831744397097e-05,2.687831744397097e-05,21.823276583104402
1790882160,2.687831744397097e-05,2.687831744397097e-05,2.679180084120869e-05,2.679180084120869e-05,19.273109022979558
1790882400,2.679180084120869e-05,2.679180084120869e-05,2.6637394594666542e-05,2.6637394594666542e-05,8.97406892563251
1790882460,2.6637394594666542e-05,2.6637394594666542e-05,2.619283452352448e-05,2.6320271278473432e-05,91.41107897845565
1790882520,2.6320271278473432e-05,2.6320271278473432e-05,2.5982804360340547e-05,2.5982804360340547e-05,40.79223106714226
1790882580,2.5982804360340547e-05,2.5982804360340547e-05,2.585691474204484e-05,2.585691474204484e-05,0.6799977480720986
1790882640,2.585691474204484e-05,2.5859206431235855e-05,2.5532344005716598e-05,2.5532344005716598e-05,106.25564884406208
1790882880,2.5532344005716598e-05,2.5532344005716598e-05,2.517251461624695e-05,2.517251461624695e-05,1.7651317292362665
1790883000,2.517251461624695e-05,2.517251461624695e-05,2.5034696468566126e-05,2.5034696468566126e-05,35.52423039337139
1790883060,2.5034696468566126e-05,2.5268664294131157e-05,2.494355955066642e-05,2.4964562164726577e-05,7.854241847576265
1790883240,2.4964562164726577e-05,2.4964562164726577e-05,2.4816649506169247e-05,2.4816649506169247e-05,44.69490817980273
1790883300,2.4816649506169247e-05,2.4816649506169247e-05,2.4643330515524537e-05,2.4643330515524537e-05,26.92505975753547
1790883360,2.4643330515524537e-05,2.508360954459704e-05,2.4643330515524537e-05,2.508360954459704e-05,73.02184102004863
1790883540,2.508360954459704e-05,2.508360954459704e-05,2.4828533775547166e-05,2.4828533775547166e-05,26.587529038366675
1790883660,2.4828533775547166e-05,2.5211402291411778e-05,2.4828533775547166e-05,2.5211402291411778e-05,13.906404263236288
1790883720,2.5211402291411778e-05,2.523486344300605e-05,2.5211402291411778e-05,2.523486344300605e-05,0.011541618745617294
1790883960,2.523486344300605e-05,2.5316065121276105e-05,2.523486344300605e-05,2.5316065121276105e-05,14.784424917958034
1790884020,2.5316065121276105e-05,2.5316065121276105e-05,2.502232573965343e-05,2.502232573965343e-05,2.0307930580179536
1790884260,2.502232573965343e-05,2.694951857893698e-05,2.502232573965343e-05,2.694951857893698e-05,283.21884660373024
1790884320,2.694951857893698e-05,2.700307742388963e-05,2.694951857893698e-05,2.700307742388963e-05,0.023167572755019038
1790884500,2.700307742388963e-05,2.700307742388963e-05,2.655608774620788e-05,2.6846535201199013e-05,17.22983387923845
1790884680,2.6846535201199013e-05,2.6846535201199013e-05,2.6537149605600786e-05,2.6537149605600786e-05,1.0249159589873675
1790885040,2.6537149605600786e-05,2.6537149605600786e-05,2.65316501729319e-05,2.65316501729319e-05,14.739835117081078
1790885400,2.65316501729319e-05,2.6913293988735396e-05,2.65316501729319e-05,2.6913293988735396e-05,28.902750824763896
1790885460,2.6913293988735396e-05,2.6913293988735396e-05,2.6562330542499226e-05,2.6562330542499226e-05,30.14507340194001
1790886240,2.6562330542499226e-05,2.684908549414709e-05,2.6562330542499226e-05,2.684908549414709e-05,1.1688613313210159
1790886300,2.684908549414709e-05,3.1292674080291156e-05,2.684908549414709e-05,3.090972851897665e-05,760.6772095636373
1790886360,3.090972851897665e-05,3.138057683988595e-05,3.090972851897665e-05,3.138057683988595e-05,5.838486654920607
1790886420,3.138057683988595e-05,3.138057683988595e-05,3.0928463324798686e-05,3.0928463324798686e-05,21.607918170570457
1790886480,3.0928463324798686e-05,3.2504853801141216e-05,3.0116432453096232e-05,3.218853304221664e-05,570.1061621746989
1790886540,3.218853304221664e-05,3.250130832534052e-05,3.218853304221664e-05,3.250130832534052e-05,0.01379565724288915
1790886600,3.250130832534052e-05,3.292772562844337e-05,3.250130832534052e-05,3.292772562844337e-05,2.560019961799053
1790886780,3.292772562844337e-05,3.292772562844337e-05,3.29230188921827e-05,3.29230188921827e-05,0.1167398317146798
1790886840,3.29230188921827e-05,3.29230188921827e-05,3.243936833664064e-05,3.284616794732774e-05,20.74176406655792
1790886960,3.284616794732774e-05,3.284616794732774e-05,3.241027027883803e-05,3.241027027883803e-05,3.354026280794923
1790887080,3.241027027883803e-05,3.300083799309546e-05,3.241027027883803e-05,3.300083799309546e-05,37.9844454429595
1790887140,3.300083799309546e-05,3.4126760030531374e-05,3.300083799309546e-05,3.410064645466282e-05,236.54486638895227
1790887200,3.410064645466282e-05,3.448307552612404e-05,3.39705093714101e-05,3.448307552612404e-05,48.87690831690395
1790887440,3.448307552612404e-05,3.448307552612404e-05,3.410569166592819e-05,3.410569166592819e-05,7.007924654036609
1790887560,3.410569166592819e-05,3.410569166592819e-05,3.4046015253170884e-05,3.4046015253170884e-05,3.5448073499150197
1790887680,3.4046015253170884e-05,3.4046015253170884e-05,3.106942848601317e-05,3.257077021048116e-05,490.23393652299086
1790887740,3.257077021048116e-05,3.257077021048116e-05,3.156168952492133e-05,3.156168952492133e-05,49.123469698336265
1790887860,3.156168952492133e-05,3.17528583020032e-05,3.134779273019601e-05,3.134779273019601e-05,6.991294813873093
1790887980,3.134779273019601e-05,3.203268004937625e-05,3.134779273019601e-05,3.203268004937625e-05,96.58791170423467
1790888040,3.203268004937625e-05,3.203268004937625e-05,3.1923839305756655e-05,3.1923839305756655e-05,0.41365395994681375
1790888220,3.1923839305756655e-05,3.2553215731396876e-05,3.1923839305756655e-05,3.2553215731396876e-05,73.41281616490626
1790888400,3.2553215731396876e-05,3.30228232556316e-05,3.2553215731396876e-05,3.30228232556316e-05,75.40333397895672
1790888460,3.30228232556316e-05,3.3938183864693625e-05,3.30228232556316e-05,3.3938183864693625e-05,140.85390608037633
1790888520,3.3938183864693625e-05,3.524413508655613e-05,3.3938183864693625e-05,3.493380783867187e-05,233.1167383438278
1790888580,3.493380783867187e-05,3.606462586581172e-05,3.493380783867187e-05,3.578907577698879e-05,85.17071480709174
1790888640,3.578907577698879e-05,3.6431342922793715e-05,3.578907577698879e-05,3.6078671161444464e-05,76.99340861884
1790888700,3.6078671161444464e-05,3.8064382542711836e-05,3.6078671161444464e-05,3.8064382542711836e-05,242.9561059045838
1790888820,3.8064382542711836e-05,3.8258774997886516e-05,3.767006423921914e-05,3.768138228458914e-05,151.59780989172853
1790888880,3.768138228458914e-05,3.818252238261244e-05,3.768138228458914e-05,3.818252238261244e-05,9.313513125287358
1790888940,3.818252238261244e-05,3.81904480782822e-05,3.770018304501232e-05,3.770018304501232e-05,5.323980639753591
1790889000,3.770018304501232e-05,3.770018304501232e-05,3.733922765407664e-05,3.733922765407664e-05,94.53654018860726
1790889060,3.733922765407664e-05,3.761111299401402e-05,3.733922765407664e-05,3.761111299401402e-05,23.31819710594595
1790889180,3.761111299401402e-05,3.766623385749095e-05,3.761111299401402e-05,3.766623385749095e-05,1.959116737845647
1790889240,3.766623385749095e-05,4.115810293712996e-05,3.766623385749095e-05,4.115810293712996e-05,508.32895005930806
1790889300,4.115810293712996e-05,4.115810293712996e-05,4.113167742564345e-05,4.114650492228848e-05,4.1875746437907715
1790889360,4.114650492228848e-05,4.1188947542896684e-05,4.053728260067667e-05,4.1046931722053364e-05,46.027559701056525
1790889480,4.1046931722053364e-05,4.104890337733014e-05,4.048605479136358e-05,4.048605479136358e-05,19.896590336686128
1790889540,4.048605479136358e-05,4.097874311237886e-05,4.048605479136358e-05,4.097874311237886e-05,13.040421307898582
1790889660,4.097874311237886e-05,4.1069728067702104e-05,4.097874311237886e-05,4.1069728067702104e-05,3.9115388289105053
1790889720,4.1069728067702104e-05,4.1086257019901814e-05,4.1069728067702104e-05,4.1086257019901814e-05,6.780313907241713
1790889780,4.1086257019901814e-05,4.1086257019901814e-05,4.060482186864481e-05,4.060482186864481e-05,0.8631891860817471
1790889840,4.060482186864481e-05,4.111039573585232e-05,4.060482186864481e-05,4.111039573585232e-05,3.890370896922065
1790889900,4.111039573585232e-05,4.15984882009551e-05,4.111039573585232e-05,4.15984882009551e-05,122.66769804095955
1790889960,4.15984882009551e-05,4.15984882009551e-05,4.132314207851711e-05,4.132314207851711e-05,35.59364307280203
1790890020,4.132314207851711e-05,4.132314207851711e-05,4.101845358481956e-05,4.101845358481956e-05,58.97132785223796
1790890200,4.101845358481956e-05,4.101845358481956e-05,4.074504513838555e-05,4.074504513838555e-05,0.12499982037154417
1790890260,4.074504513838555e-05,4.1269761568759025e-05,4.0716561092499334e-05,4.0716561092499334e-05,6.262441506094298
1790890320,4.0716561092499334e-05,4.0716561092499334e-05,4.043388949886494e-05,4.0677824892185723e-05,83.57433522439791
1790890440,4.0677824892185723e-05,4.0677824892185723e-05,3.997059926881804e-05,3.997059926881804e-05,58.89271410989476
1790890560,3.997059926881804e-05,3.997059926881804e-05,3.978267995264623e-05,3.978267995264623e-05,0.22967475715358382
1790890920,3.978267995264623e-05,3.978267995264623e-05,3.9465942692422545e-05,3.9465942692422545e-05,66.63422645010098
1790890980,3.9465942692422545e-05,3.9465942692422545e-05,3.9082557649779526e-05,3.9082557649779526e-05,42.61385720157833
1790891040,3.9082557649779526e-05,3.9082557649779526e-05,3.8730081059773365e-05,3.8730081059773365e-05,50.55036780955941
1790891100,3.8730081059773365e-05,3.8730081059773365e-05,3.8544578056125836e-05,3.8544578056125836e-05,1.694580012483623
1790891160,3.8544578056125836e-05,3.8579884724315935e-05,3.784851223373461e-05,3.784851223373461e-05,142.24108607813824
1790891220,3.784851223373461e-05,3.801996117581678e-05,3.75974580143865e-05,3.801996117581678e-05,20.804984803298698
1790891400,3.801996117581678e-05,3.801996117581678e-05,3.7497626350734676e-05,3.7497626350734676e-05,3.2034368199690118
1790891460,3.7497626350734676e-05,3.9659685267209806e-05,3.581906551260627e-05,3.581906551260627e-05,824.2427800944906
1790891580,3.581906551260627e-05,3.581906551260627e-05,3.435829615137707e-05,3.462549124808086e-05,218.49331286483044
1790891760,3.462549124808086e-05,3.462549124808086e-05,3.3961303360295674e-05,3.3961303360295674e-05,1.9438778607749416
1790891820,3.3961303360295674e-05,3.422530097314591e-05,3.378196293969223e-05,3.378196293969223e-05,25.087886323489315
1790891880,3.378196293969223e-05,3.442137821082043e-05,3.3770710429925354e-05,3.442137821082043e-05,76.42012995425908
1790891940,3.442137821082043e-05,3.485748614167491e-05,3.420327579163085e-05,3.485748614167491e-05,66.8045295352277
1790892000,3.485748614167491e-05,3.528653055304701e-05,3.485748614167491e-05,3.528653055304701e-05,72.85232188412107
1790892060,3.528653055304701e-05,3.5698812637746994e-05,3.528653055304701e-05,3.5698812637746994e-05,21.552121550399956
1790892240,3.5698812637746994e-05,3.5698812637746994e-05,3.531147375379242e-05,3.531147375379242e-05,8.524463197679717
1790892360,3.531147375379242e-05,3.576724721709809e-05,3.531147375379242e-05,3.576724721709809e-05,4.796246269131943
1790892480,3.576724721709809e-05,3.576724721709809e-05,3.526916167394349e-05,3.526916167394349e-05,8.464598801746439
1790892540,3.526916167394349e-05,3.526916167394349e-05,3.5216806446092674e-05,3.5216806446092674e-05,8.452033547062243
1790892600,3.5216806446092674e-05,3.566540573706531e-05,3.5216806446092674e-05,3.566540573706531e-05,4.173015922046266
1790892660,3.566540573706531e-05,3.566540573706531e-05,3.5155530252625104e-05,3.5155530252625104e-05,26.662059242032925
1790893020,3.5155530252625104e-05,3.5155530252625104e-05,3.502076436745679e-05,3.502076436745679e-05,19.78412039225787
1790893140,3.502076436745679e-05,3.502076436745679e-05,3.48956725924291e-05,3.48956725924291e-05,6.879936503989489
1790893200,3.48956725924291e-05,3.48956725924291e-05,3.4808715791480216e-05,3.4808715791480216e-05,25.89708406429691
1790893440,3.4808715791480216e-05,3.4808715791480216e-05,3.471431641192294e-05,3.471431641192294e-05,2.03360197805645
1790893620,3.471431641192294e-05,3.472378955001825e-05,3.471431641192294e-05,3.472378955001825e-05,1.77271965803045
1790893680,3.472378955001825e-05,3.472378955001825e-05,3.4720358677140776e-05,3.4720358677140776e-05,0.9852038330850983
1790893740,3.4720358677140776e-05,3.4720358677140776e-05,3.280569055262201e-05,3.280569055262201e-05,304.9410347411792
1790893800,3.280569055262201e-05,3.321766056583841e-05,3.27610041235975e-05,3.27610041235975e-05,21.24831009044376
1790893860,3.27610041235975e-05,3.321560848896134e-05,3.27610041235975e-05,3.321560848896134e-05,11.572574770118027
1790893920,3.321560848896134e-05,3.4159776052839595e-05,3.321560848896134e-05,3.4159776052839595e-05,287.2009681116364
1790894160,3.4159776052839595e-05,3.4629107766875654e-05,3.4159776052839595e-05,3.4629107766875654e-05,20.91490790958692
1790894280,3.4629107766875654e-05,3.4629107766875654e-05,3.4524692447196706e-05,3.4524692447196706e-05,14.432111653445146
1790894340,3.4524692447196706e-05,3.4524692447196706e-05,3.44708289590755e-05,3.44708289590755e-05,0.06959244755499668
1790894640,3.44708289590755e-05,3.4868746692211025e-05,3.44708289590755e-05,3.4868746692211025e-05,1.2946894553436286
1790894820,3.4868746692211025e-05,3.4868746692211025e-05,3.405518205272355e-05,3.418215934657589e-05,95.96094061228591
1790894940,3.418215934657589e-05,3.418215934657589e-05,3.3722342163007454e-05,3.3722342163007454e-05,4.056590319121502
1790895120,3.3722342163007454e-05,3.373719122382079e-05,3.3722342163007454e-05,3.373719122382079e-05,0.6188110236053587
1790895180,3.373719122382079e-05,3.375479771436763e-05,3.373719122382079e-05,3.375479771436763e-05,7.475785914733707
1790895300,3.375479771436763e-05,3.421485646209094e-05,3.375479771436763e-05,3.421485646209094e-05,7.001923637369853
1790895360,3.421485646209094e-05,3.428191842240996e-05,3.421485646209094e-05,3.428191842240996e-05,7.006355484155145
1790896020,3.428191842240996e-05,3.428191842240996e-05,3.343186737707566e-05,3.343186737707566e-05,124.75867250530696
1790896140,3.343186737707566e-05,3.348200709993909e-05,3.343186737707566e-05,3.348200709993909e-05,3.8293595119405333
1790896200,3.348200709993909e-05,3.348200709993909e-05,3.1428280818809705e-05,3.1428280818809705e-05,269.84875093329225
1790896260,3.1428280818809705e-05,3.1428280818809705e-05,3.12247278946056e-05,3.12247278946056e-05,43.72491811393601
1790896320,3.12247278946056e-05,3.12247278946056e-05,3.1083341040546064e-05,3.1083341040546064e-05,0.07221888226523364
1790896380,3.1083341040546064e-05,3.153549005679355e-05,3.1083341040546064e-05,3.153549005679355e-05,21.794830352830534
1790896500,3.153549005679355e-05,3.153549005679355e-05,3.094301337741963e-05,3.094301337741963e-05,89.17605041442121
1790896860,3.094301337741963e-05,3.1865761902018005e-05,3.094301337741963e-05,3.177010530585258e-05,282.13564727545526
1790896920,3.177010530585258e-05,3.245757133813233e-05,3.16878100212813e-05,3.245757133813233e-05,118.8215798732275
1790897160,3.245757133813233e-05,3.282999458053297e-05,3.245757133813233e-05,3.282999458053297e-05,4.951936913028396
1790897220,3.282999458053297e-05,3.294116279650165e-05,3.282999458053297e-05,3.294116279650165e-05,23.262077583730424
1790897280,3.294116279650165e-05,3.294116279650165e-05,3.2487423639739285e-05,3.2487423639739285e-05,17.49133910745993
1790897400,3.2487423639739285e-05,3.289906657085782e-05,3.2487423639739285e-05,3.289906657085782e-05,0.11688098061114216
1790897580,3.289906657085782e-05,3.289906657085782e-05,3.2477548451825494e-05,3.2477548451825494e-05,0.6473843327351054
1790897700,3.2477548451825494e-05,3.2477548451825494e-05,3.247208126641412e-05,3.247208126641412e-05,0.11536402386155054
1790897820,3.247208126641412e-05,3.3206950898540796e-05,3.247208126641412e-05,3.2754813113400584e-05,66.19718413427941
1790898000,3.2754813113400584e-05,3.2754813113400584e-05,3.254764338705261e-05,3.254764338705261e-05,51.67614341214411
1790898180,3.254764338705261e-05,3.254764338705261e-05,3.231424486896067e-05,3.2352309966154494e-05,12.018499706844036
1790898540,3.2352309966154494e-05,3.2352309966154494e-05,3.2063342178058865e-05,3.2216253596615676e-05,82.4669494139947
1790898660,3.2216253596615676e-05,3.2216253596615676e-05,3.182582618293659e-05,3.182582618293659e-05,0.3626091428931978
1790898720,3.182582618293659e-05,3.2254108683016925e-05,3.182582618293659e-05,3.182812691648122e-05,4.854024090831064
1790898840,3.182812691648122e-05,3.2435087499401364e-05,3.182812691648122e-05,3.2435087499401364e-05,53.62968324106171
1790898900,3.2435087499401364e-05,3.2435087499401364e-05,3.216996665843738e-05,3.216996665843738e-05,1.1952549121868956
1790898960,3.216996665843738e-05,3.216996665843738e-05,3.1857863183762176e-05,3.1857863183762176e-05,102.29912094935803
1790899020,3.1857863183762176e-05,3.209167795703902e-05,3.1857863183762176e-05,3.209167795703902e-05,30.103510237258
1790899200,3.209167795703902e-05,3.209167795703902e-05,3.166146389454041e-05,3.166146389454041e-05,4.766308753885465
1790899260,3.166146389454041e-05,3.166146389454041e-05,3.158673397342644e-05,3.158673397342644e-05,26.933536654869325
1790899380,3.158673397342644e-05,3.158673397342644e-05,3.1164195941838386e-05,3.123963391386237e-05,57.22838432690179
1790899440,3.123963391386237e-05,3.154025962309739e-05,3.123963391386237e-05,3.154025962309739e-05,0.03487046023436568
1790899500,3.154025962309739e-05,3.154025962309739e-05,3.116944885173503e-05,3.116944885173503e-05,3.262501797779487
1790899620,3.116944885173503e-05,3.116944885173503e-05,3.1054338956422125e-05,3.1054338956422125e-05,29.17334706491608
1790899680,3.1054338956422125e-05,3.108204121025206e-05,3.082260494742966e-05,3.082260494742966e-05,44.81019810228478
1790899800,3.082260494742966e-05,3.082260494742966e-05,3.0706495884215e-05,3.0706495884215e-05,1.349156136388136
1790899920,3.0706495884215e-05,3.0706495884215e-05,3.058333099373488e-05,3.058333099373488e-05,30.428411441190423
1790900040,3.058333099373488e-05,3.0894148817345e-05,3.058333099373488e-05,3.0894148817345e-05,1.5329124600873378
1790900100,3.0894148817345e-05,3.089856870153891e-05,3.0894148817345e-05,3.089856870153891e-05,2.3377398513926244
1790900280,3.089856870153891e-05,3.089856870153891e-05,3.05745958445343e-05,3.05745958445343e-05,2.313228545839772
1790900460,3.05745958445343e-05,3.089821782766686e-05,3.0506001088752185e-05,3.089821782766686e-05,11.65086376578004
1790900760,3.089821782766686e-05,3.089821782766686e-05,3.047989118181754e-05,3.047989118181754e-05,4.899512788702611
1790900820,3.047989118181754e-05,3.133026990830876e-05,3.047989118181754e-05,3.133026990830876e-05,155.22731234122935
1790901360,3.133026990830876e-05,3.137065292680445e-05,3.1325211352489386e-05,3.1325211352489386e-05,14.597074182120338
1790902080,3.1325211352489386e-05,3.140512145864618e-05,3.1325211352489386e-05,3.140512145864618e-05,10.770847908720757
1790902560,3.140512145864618e-05,3.140512145864618e-05,3.107099014186789e-05,3.107099014186789e-05,74.65170519796986
1790902680,3.107099014186789e-05,3.107099014186789e-05,3.060378016920827e-05,3.060378016920827e-05,85.0430645995453
1790902980,3.060378016920827e-05,3.060378016920827e-05,3.030880178178041e-05,3.030880178178041e-05,3.837811799685293
1790903340,3.030880178178041e-05,3.030880178178041e-05,3.0284410693390266e-05,3.0284410693390266e-05,0.14190348699131736
1790903580,3.0284410693390266e-05,3.071247662261551e-05,3.0253554354667425e-05,3.0253554354667425e-05,7.161928200517896
1790903820,3.0253554354667425e-05,3.026660904023391e-05,3.0253554354667425e-05,3.026660904023391e-05,0.8612262090915832
1790904060,3.026660904023391e-05,3.026660904023391e-05,2.991419492348209e-05,2.991419492348209e-05,76.92567349045119
1790904240,2.991419492348209e-05,2.991419492348209e-05,2.971109289402309e-05,2.971109289402309e-05,5.070426171347208
1790904360,2.971109289402309e-05,2.971109289402309e-05,2.9703502953806224e-05,2.9703502953806224e-05,0.359740575378777
1790904480,2.9703502953806224e-05,2.970482970260494e-05,2.9695982044789146e-05,2.9695982044789146e-05,2.543899960556894
1790904600,2.9695982044789146e-05,2.9704225486080405e-05,2.9695982044789146e-05,2.9704225486080405e-05,7.998097104338615
1790904840,2.9704225486080405e-05,2.9704225486080405e-05,2.9510934101425143e-05,2.9510934101425143e-05,52.634904928675894
1790905140,2.9510934101425143e-05,2.9510934101425143e-05,2.8560793336986166e-05,2.8560793336986166e-05,256.7071625106081
1790905200,2.8560793336986166e-05,2.8560793336986166e-05,2.665070261041204e-05,2.665070261041204e-05,392.58274366446415
1790905380,2.665070261041204e-05,2.665070261041204e-05,2.554145950131168e-05,2.554145950131168e-05,5.307792605869378
1790905500,2.554145950131168e-05,2.5898691224102555e-05,2.554145950131168e-05,2.5898691224102555e-05,16.967410192314173
1790905560,2.5898691224102555e-05,2.5898691224102555e-05,2.5602588963799863e-05,2.5602588963799863e-05,5.043890792307887
1790905680,2.5602588963799863e-05,2.5618194414081297e-05,2.5602588963799863e-05,2.5618194414081297e-05,0.06284914443360673
1790905740,2.5618194414081297e-05,2.5618718072013418e-05,2.5605119587025313e-05,2.5618718072013418e-05,1.9732800798360073
1790905800,2.5618718072013418e-05,2.5618718072013418e-05,2.3108093245717964e-05,2.3108093245717964e-05,633.8952769133414
1790906040,2.3108093245717964e-05,2.3108093245717964e-05,2.2890960751137077e-05,2.2890960751137077e-05,113.90074925352518
1790906340,2.2890960751137077e-05,2.2890960751137077e-05,2.259688168352119e-05,2.259688168352119e-05,0.14819195228983084
1790906460,2.259688168352119e-05,2.259688168352119e-05,2.25824366263415e-05,2.25824366263415e-05,2.1325014596999963
1790906580,2.25824366263415e-05,2.2857368412156642e-05,2.25824366263415e-05,2.2857368412156642e-05,2.3015236555360565
1790906820,2.2857368412156642e-05,2.2857368412156642e-05,2.2591286360970687e-05,2.2591286360970687e-05,15.323952699365872
1790906880,2.2591286360970687e-05,2.2923030289163857e-05,2.2591286360970687e-05,2.2905601034028802e-05,13.355545750882172
1790907000,2.2905601034028802e-05,2.3181778221732502e-05,2.2905601034028802e-05,2.3181778221732502e-05,68.63032467189372
1790907060,2.3181778221732502e-05,2.3181778221732502e-05,2.3023206655816692e-05,2.3023206655816692e-05,2.1516233853668876
1790907120,2.3023206655816692e-05,2.3638029848115173e-05,2.3006245427978074e-05,2.3638029848115173e-05,128.31441713044708
1790907240,2.3638029848115173e-05,2.4223259062435463e-05,2.3638029848115173e-05,2.387000741817002e-05,63.39366238565896
1790907300,2.387000741817002e-05,2.387000741817002e-05,2.3207106554056214e-05,2.3207106554056214e-05,221.77457769314177
1790907420,2.3207106554056214e-05,2.3391428605273858e-05,2.3207106554056214e-05,2.3391428605273858e-05,188.1178258897897
1790907600,2.3391428605273858e-05,2.3391428605273858e-05,2.3376650716867764e-05,2.3376650716867764e-05,85.64331715464918
1790907840,2.3376650716867764e-05,2.344173629432049e-05,2.3376650716867764e-05,2.344173629432049e-05,20.459296066165052
1790908260,2.344173629432049e-05,2.3556925144532593e-05,2.344173629432049e-05,2.3556925144532593e-05,11.725188184053007
1790908440,2.3556925144532593e-05,2.3556925144532593e-05,2.306950918038181e-05,2.306950918038181e-05,66.44756760799801
1790908620,2.306950918038181e-05,2.306950918038181e-05,2.2882160479371178e-05,2.2882160479371178e-05,2.6237767699563905
1790908680,2.2882160479371178e-05,2.2882160479371178e-05,2.2118644820584986e-05,2.2118644820584986e-05,290.7301710996288
1790908740,2.2118644820584986e-05,2.2118644820584986e-05,2.132224039390531e-05,2.170670499721186e-05,71.22673368298771
1790908800,2.170670499721186e-05,2.203408622720203e-05,2.170670499721186e-05,2.203408622720203e-05,71.46298994983185
1790908920,2.203408622720203e-05,2.203408622720203e-05,2.1286026224332875e-05,2.1351024293399445e-05,278.273503427205
1790908980,2.1351024293399445e-05,2.1576158253873356e-05,2.1351024293399445e-05,2.1576158253873356e-05,33.53905091842211
1790909040,2.1576158253873356e-05,2.1799083971096833e-05,2.1576158253873356e-05,2.1799083971096833e-05,49.23965051794466
1790909160,2.1799083971096833e-05,2.1799083971096833e-05,2.108492957631483e-05,2.108492957631483e-05,226.83322934244921
1790909400,2.108492957631483e-05,2.108492957631483e-05,2.0562973673253315e-05,2.0562973673253315e-05,5.698382185669946
1790909460,2.0562973673253315e-05,2.0562973673253315e-05,2.0230571083245737e-05,2.0230571083245737e-05,70.13686003650137
1790909700,2.0230571083245737e-05,2.0230571083245737e-05,1.994913041358983e-05,1.994913041358983e-05,98.83891542297238
1790909940,1.994913041358983e-05,1.998736384332354e-05,1.9019666475526323e-05,1.9019666475526323e-05,279.89534101443695
1790910000,1.9019666475526323e-05,1.9019666475526323e-05,1.8699800052261696e-05,1.871609196867647e-05,4.4393253443678296
1790910120,1.871609196867647e-05,1.8918700741402588e-05,1.84963413455255e-05,1.8918700741402588e-05,82.48871036221202
1790910240,1.8918700741402588e-05,1.915016102037853e-05,1.8918700741402588e-05,1.915016102037853e-05,62.98086328891651
1790910420,1.915016102037853e-05,1.9237601330514424e-05,1.8937167851425777e-05,1.8937167851425777e-05,36.95519479280356
1790910600,1.8937167851425777e-05,1.9711874962454216e-05,1.8937167851425777e-05,1.9711874962454216e-05,140.6807974860328
1790910660,1.9711874962454216e-05,2.0452315897360316e-05,1.9711874962454216e-05,2.0010240404864947e-05,178.69525607851025
1790910840,2.0010240404864947e-05,2.023924037843431e-05,2.0010240404864947e-05,2.0026940373252684e-05,81.4134289528873
1790911200,2.0026940373252684e-05,2.0278346781280132e-05,2.0026940373252684e-05,2.0278346781280132e-05,11.783565905079373
1790911320,2.0278346781280132e-05,2.0402215297467942e-05,2.0278346781280132e-05,2.0402215297467942e-05,34.32603298810251
1790911440,2.0402215297467942e-05,2.0501149505097588e-05,2.0402215297467942e-05,2.0501149505097588e-05,11.006446785026778
1790911560,2.0501149505097588e-05,2.0779143277715015e-05,2.0501149505097588e-05,2.0779143277715015e-05,97.79362167417996
1790911620,2.0779143277715015e-05,2.102132294143433e-05,2.0779143277715015e-05,2.102132294143433e-05,3.730588190744816
1790911680,2.102132294143433e-05,2.117311549283174e-05,2.102132294143433e-05,2.117311549283174e-05,28.68150919319015
1790912100,2.117311549283174e-05,2.117311549283174e-05,1.8778966903070243e-05,1.8778966903070243e-05,610.4275704460906
1790912160,1.8778966903070243e-05,1.9020718842400543e-05,1.8778966903070243e-05,1.9013988853192393e-05,15.596799150738056
1790912220,1.9013988853192393e-05,1.9013988853192393e-05,1.8743749373595654e-05,1.8743749373595654e-05,3.7609229707917198
1790912340,1.8743749373595654e-05,1.874851516854303e-05,1.8727206415963212e-05,1.8727206415963212e-05,14.01350532659861
1790912400,1.8727206415963212e-05,1.8980332935370436e-05,1.8727206415963212e-05,1.8946739736638546e-05,12.503395677771763
1790912520,1.8946739736638546e-05,1.8982153104251725e-05,1.8756617594244257e-05,1.8982153104251725e-05,6.495407938198426
1790912880,1.8982153104251725e-05,1.926266801321156e-05,1.8982153104251725e-05,1.926266801321156e-05,98.1590348866324
1790913120,1.926266801321156e-05,1.948286438477546e-05,1.926266801321156e-05,1.948286438477546e-05,8.259336666301563
1790913240,1.948286438477546e-05,1.948286438477546e-05,1.9371895591926617e-05,1.9371895591926617e-05,0.034045417328253454
1790913300,1.9371895591926617e-05,1.9662762939608756e-05,1.9371895591926617e-05,1.9662762939608756e-05,11.878450998807796
1790913420,1.9662762939608756e-05,2.138669314502205e-05,1.9662762939608756e-05,2.138669314502205e-05,344.84215571930616
1790913600,2.138669314502205e-05,2.138669314502205e-05,2.0673269021635365e-05,2.0673269021635365e-05,112.27950121969535
1790913900,2.0673269021635365e-05,2.0673269021635365e-05,2.0372366247922927e-05,2.0372366247922927e-05,83.50936598721509
1790913960,2.0372366247922927e-05,2.0516488424087384e-05,2.0088223532236254e-05,2.0516488424087384e-05,169.9617375714661
1790914440,2.0516488424087384e-05,2.0516488424087384e-05,2.0501894134082623e-05,2.0501894134082623e-05,2.8024016013920403
1790914500,2.0501894134082623e-05,2.0501894134082623e-05,2.0479381810779765e-05,2.0479381810779765e-05,0.1790903036678485
1790914620,2.0479381810779765e-05,2.0479381810779765e-05,2.043632449057078e-05,2.043632449057078e-05,30.676346144190934
1790914800,2.043632449057078e-05,2.075588507807614e-05,2.043632449057078e-05,2.075588507807614e-05,30.29054084344447
1790915040,2.075588507807614e-05,2.0951895900973254e-05,2.075588507807614e-05,2.0951895900973254e-05,2.865408855211176
1790915280,2.0951895900973254e-05,2.0951895900973254e-05,2.0759028542719826e-05,2.0759028542719826e-05,0.18135798597363192
1790915520,2.0759028542719826e-05,2.0759028542719826e-05,2.069704028867082e-05,2.069704028867082e-05,21.561291319799306
1790915700,2.069704028867082e-05,2.1122897545603807e-05,2.069704028867082e-05,2.1122897545603807e-05,97.81028399635468
1790916180,2.1122897545603807e-05,2.115669694402608e-05,2.1063478066034793e-05,2.1149286015684705e-05,19.97735400634597
1790916480,2.1149286015684705e-05,2.1427183070932366e-05,2.1149286015684705e-05,2.1427183070932366e-05,7.14219017856418
1790916600,2.1427183070932366e-05,2.1427183070932366e-05,2.1260230114823745e-05,2.1260230114823745e-05,0.1999108547918083
1790916660,2.1260230114823745e-05,2.1539056537490017e-05,2.1259758403116096e-05,2.1259758403116096e-05,1.991292888539686
1790916720,2.1259758403116096e-05,2.156313729433719e-05,2.1259758403116096e-05,2.156313729433719e-05,11.01660191643531
1790916900,2.156313729433719e-05,2.156313729433719e-05,2.1291204997444302e-05,2.1291204997444302e-05,2.089157684709968
1790916960,2.1291204997444302e-05,2.1291204997444302e-05,2.119541454614675e-05,2.119541454614675e-05,35.16461898226954
1790917080,2.119541454614675e-05,2.119541454614675e-05,2.1072504895958075e-05,2.108317234068354e-05,2.378061848320956
1790917440,2.108317234068354e-05,2.1385492436242265e-05,2.108317234068354e-05,2.1385492436242265e-05,2.414329934630533
1790917620,2.1385492436242265e-05,2.16213466178477e-05,2.1385492436242265e-05,2.16213466178477e-05,90.0772826018836
1790917920,2.16213466178477e-05,2.2545925357131485e-05,2.16213466178477e-05,2.215257784757321e-05,153.03867268967838
1790918160,2.215257784757321e-05,2.233095516554299e-05,2.215257784757321e-05,2.233095516554299e-05,0.10488982706951185
1790918520,2.233095516554299e-05,2.264541506227968e-05,2.233095516554299e-05,2.264541506227968e-05,33.31057276728509
1790918640,2.264541506227968e-05,2.264541506227968e-05,2.2424428560487906e-05,2.2424428560487906e-05,0.7587807188824386
1790918700,2.2424428560487906e-05,2.2424428560487906e-05,2.2394055651313096e-05,2.2394055651313096e-05,0.33436344681882935
1790918880,2.2394055651313096e-05,2.2394055651313096e-05,2.213702284978468e-05,2.213702284978468e-05,91.69845050338007
1790918940,2.213702284978468e-05,2.213702284978468e-05,2.1905931922700418e-05,2.1905931922700418e-05,0.0009588146007795817
1790919000,2.1905931922700418e-05,2.2364270556596293e-05,2.1905931922700418e-05,2.2364270556596293e-05,60.56395722129598
1790919120,2.2364270556596293e-05,2.2364270556596293e-05,2.2164545684373867e-05,2.2164545684373867e-05,30.814256759634514
1790919420,2.2164545684373867e-05,2.2164545684373867e-05,2.1256934440918656e-05,2.1256934440918656e-05,161.46325185359396
1790920020,2.1256934440918656e-05,2.1256934440918656e-05,2.1128488959150392e-05,2.1128488959150392e-05,0.7595875345126643
1790920200,2.1128488959150392e-05,2.2303980592885554e-05,2.1128488959150392e-05,2.1771673668604616e-05,207.50357337002131
1790920440,2.1771673668604616e-05,2.20080592721922e-05,2.1771673668604616e-05,2.20080592721922e-05,59.4219195645181
1790920500,2.20080592721922e-05,2.2190294311004654e-05,2.20080592721922e-05,2.2190294311004654e-05,19.084929214282962
1790920620,2.2190294311004654e-05,2.2190294311004654e-05,2.189828109677273e-05,2.189828109677273e-05,20.080283612674364
1790920980,2.189828109677273e-05,2.2164715296866063e-05,2.189828109677273e-05,2.2164715296866063e-05,4.838610481874265
1790921040,2.2164715296866063e-05,2.2164715296866063e-05,2.1863450372485288e-05,2.1863450372485288e-05,4.772843626699005
