ts,o,h,l,c,v
1790235180,0.00018132145511163026,0.00018346982977693826,0.00018130113503897642,0.00018130113503897642,57.58173872337725
1790235240,0.00018130113503897642,0.00018376795388116903,0.00018006697509921662,0.00018376795388116903,404.4003587998364
1790235300,0.00018376795388116903,0.0001856486173151248,0.00018376795388116903,0.0001856486173151248,4.818491081271693
1790235360,0.0001856486173151248,0.0001856486173151248,0.00018304504673998445,0.00018304504673998445,33.81324651751199
1790235420,0.00018304504673998445,0.00018609350436570623,0.00018304504673998445,0.00018609350436570623,69.7149141868076
1790235540,0.00018609350436570623,0.00018609350436570623,0.00018216267534908295,0.00018275331465401757,234.46202305043505
1790235600,0.00018275331465401757,0.0001837703080552593,0.0001812929916909188,0.0001837703080552593,62.39423622277371
1790235660,0.0001837703080552593,0.00018437750569221589,0.0001837703080552593,0.00018437750569221589,71.32545585104464
1790235840,0.00018437750569221589,0.00018503240085574675,0.00018244741671383824,0.00018503240085574675,15.891453420811784
1790235900,0.00018503240085574675,0.00018616167172337062,0.0001825636039017109,0.00018616167172337062,98.65409774987675
1790235960,0.00018616167172337062,0.0001863472403754462,0.00018362726781228841,0.00018362726781228841,43.93142654202635
1790236020,0.00018362726781228841,0.00018591728923940087,0.00018331134298463328,0.00018591728923940087,7.702452388754385
1790236080,0.00018591728923940087,0.0001860541057595085,0.00018591728923940087,0.0001860541057595085,4.415242623020636
1790236140,0.0001860541057595085,0.0001914532573395441,0.0001860541057595085,0.0001893088826299033,342.31456843121265
1790236200,0.0001893088826299033,0.00020347372071302243,0.0001893088826299033,0.00020066439766321193,1003.7798898334337
1790236260,0.00020066439766321193,0.00020074515351992169,0.00020066439766321193,0.00020074515351992169,3.4285229697481654
1790236320,0.00020074515351992169,0.0002009805520648424,0.00019803254203349662,0.00019803254203349662,30.80619594307477
1790236380,0.00019803254203349662,0.00020104190365221767,0.00019803254203349662,0.00020104190365221767,31.111248381413922
1790236440,0.00020104190365221767,0.0002064338082863942,0.00019824212616726213,0.0002064338082863942,483.41034106971927
1790236500,0.0002064338082863942,0.00021029029736548154,0.0002064338082863942,0.00021029029736548154,129.36787618202803
1790236560,0.00021029029736548154,0.00021029029736548154,0.0002072183138178903,0.0002072183138178903,34.90333039668193
1790236620,0.0002072183138178903,0.00021206207687006454,0.0002072183138178903,0.00021206207687006454,280.85718029056596
1790236680,0.00021206207687006454,0.00021229175631728832,0.00020940277211744677,0.00021229175631728832,127.16070199928937
1790236740,0.00021229175631728832,0.00021291335912706702,0.00021229175631728832,0.00021291335912706702,6.851422421327458
1790236800,0.00021291335912706702,0.0002129587414156015,0.00020651369661168237,0.00020991237409939315,306.99350375166796
1790236860,0.00020991237409939315,0.00021075426063413242,0.00020728546045268656,0.00021075426063413242,90.4344656875593
1790236920,0.00021075426063413242,0.00021075426063413242,0.00020257432240508276,0.00020263812605334202,493.9734746239052
1790236980,0.00020263812605334202,0.00020263812605334202,0.0001992388406578532,0.00020194966985466117,46.46553648888539
1790237040,0.00020194966985466117,0.00020214596058497602,0.00020194966985466117,0.00020214596058497602,8.502261025354622
1790237100,0.00020214596058497602,0.00020214596058497602,0.00019316363568778124,0.00019576520265784632,382.3859708422538
1790237160,0.00019576520265784632,0.00019582342646123183,0.00019576512000772203,0.00019582342646123183,6.932842960055638
1790237220,0.00019582342646123183,0.00019677220602007278,0.00019290304097719242,0.00019290304097719242,205.15391322292314
1790237340,0.00019290304097719242,0.00019431178942603088,0.00019134472325732074,0.00019431178942603088,89.70965144898074
1790237400,0.00019431178942603088,0.00019472585983224284,0.00019184444926872673,0.00019472585983224284,30.09913851346308
1790237460,0.00019472585983224284,0.00019474930312224367,0.00019459818982229052,0.00019464711361345563,4.052667428722827
1790237520,0.00019464711361345563,0.00019464711361345563,0.00019107730840736638,0.0001928695272071505,104.08622312088052
1790237580,0.0001928695272071505,0.0001928695272071505,0.00018980022699836114,0.00018980022699836114,45.261913914372506
1790237640,0.00018980022699836114,0.0001898044633353991,0.00018836945264240817,0.00018836945264240817,139.0814102351446
1790237700,0.00018836945264240817,0.00018961097449962221,0.00018715933120576716,0.00018942293665619143,15.626619013068078
1790237760,0.00018942293665619143,0.00019009839362728743,0.00018942293665619143,0.00019009839362728743,33.62160402586232
1790237820,0.00019009839362728743,0.00019063992905449289,0.0001876634247661653,0.00019054165563303264,40.65422568629656
1790237880,0.00019054165563303264,0.00019054165563303264,0.00018712557390250498,0.00018990007041013726,45.2661630279858
1790237940,0.00018990007041013726,0.00018990007041013726,0.00018241165877468142,0.0001828714022149255,421.76092651672434
1790238000,0.0001828714022149255,0.00018301666390197838,0.0001760557314008691,0.00018102869354560245,632.8595280616577
1790238060,0.00018102869354560245,0.00018205756203883448,0.00017904526783795143,0.00018198440983395274,131.18022695465666
1790238120,0.00018198440983395274,0.00018275341600605053,0.00018198440983395274,0.0001826736341162013,51.67561107217026
1790238180,0.0001826736341162013,0.0001843702951425689,0.0001826736341162013,0.0001843702951425689,177.14715061788928
1790238240,0.0001843702951425689,0.00018576354722984724,0.0001843702951425689,0.00018568946550127054,12.006167008254758
1790238300,0.00018568946550127054,0.00018568946550127054,0.00018241764375322015,0.00018241764375322015,86.7603638432313
1790238360,0.00018241764375322015,0.00018444000090142514,0.0001811356642990374,0.0001834226773451654,58.09581413320232
1790238420,0.0001834226773451654,0.00018365558546228026,0.0001834226773451654,0.00018365558546228026,17.81946858940615
1790238480,0.00018365558546228026,0.00018377604021225304,0.0001812071786296165,0.00018377604021225304,53.72711302852803
1790238540,0.00018377604021225304,0.00018444171728830146,0.00018195731362734204,0.00018195731362734204,44.85877303529861
1790238600,0.00018195731362734204,0.00018469951207572208,0.00018169774145744634,0.00018469951207572208,24.698007748738867
1790238660,0.00018469951207572208,0.00018471001507976771,0.00018205440350672076,0.00018445373080230707,31.778994084488808
1790238720,0.00018445373080230707,0.00018467116108632526,0.00018190205003907958,0.00018467116108632526,44.086990686530996
1790238840,0.00018467116108632526,0.00018478549489088226,0.00018467116108632526,0.00018478549489088226,0.9811503782066773
1790238900,0.00018478549489088226,0.00018478549489088226,0.0001807082416589684,0.0001834446495018072,78.90187651430074
1790238960,0.0001834446495018072,0.0001834446495018072,0.0001833041095540073,0.0001833041095540073,0.9791291621801745
1790239020,0.0001833041095540073,0.00018361111633981623,0.00018092628380328524,0.00018361111633981623,19.673448316868615
1790239080,0.00018361111633981623,0.00018462146251590678,0.00018361111633981623,0.00018455069520925967,57.99481311172923
1790239140,0.00018455069520925967,0.00019748413108221856,0.00018455069520925967,0.00019744954110219898,851.6823177279879
1790239200,0.00019744954110219898,0.00019744954110219898,0.00019260582449258875,0.00019524087383975187,140.6091333349487
1790239260,0.00019524087383975187,0.0001991460869496108,0.0001924654852319232,0.00019640611539024355,289.8601796145967
1790239320,0.00019640611539024355,0.00020032107450627514,0.00019635928962877103,0.00019843742829355076,322.52920764362676
1790239380,0.00019843742829355076,0.00020295883945274572,0.00019843742829355076,0.00020115986560858735,258.3238943008528
1790239440,0.00020115986560858735,0.00020115986560858735,0.000200357816934995,0.000200357816934995,27.322262640004332
1790239500,0.000200357816934995,0.000200357816934995,0.00019780128995518448,0.00019968177535394926,218.27645508861178
1790239560,0.00019968177535394926,0.00020078389047415766,0.0001978464780711051,0.0001978464780711051,137.03367939385893
1790239620,0.0001978464780711051,0.0001978464780711051,0.00019419506346394095,0.00019489183731110287,179.7712493151302
1790239680,0.00019489183731110287,0.00019489183731110287,0.00019269692907910828,0.00019269692907910828,88.94870252687375
1790239800,0.00019269692907910828,0.00019269692907910828,0.00017714084705175684,0.0001793068084162854,985.3107527088596
1790239860,0.0001793068084162854,0.00018196020488029166,0.00017921771072010537,0.00017951849146110625,211.05213524664654
1790239920,0.00017951849146110625,0.00017951849146110625,0.00017936519736151752,0.00017936519736151752,7.891898166573582
1790239980,0.00017936519736151752,0.00020035633463827188,0.00017936519736151752,0.0001839444398451626,2115.2369832612885
1790240040,0.0001839444398451626,0.0001839444398451626,0.000177914682651946,0.000177914682651946,373.1722766073494
1790240100,0.000177914682651946,0.0001797288302051941,0.0001774894049913172,0.00017968725336287925,37.50565419022267
1790240160,0.00017968725336287925,0.0001805130152846711,0.00017968725336287925,0.0001805130152846711,39.54897134478919
1790240220,0.0001805130152846711,0.00018106042309243853,0.00017807237276593537,0.00018106042309243853,76.83842832981964
1790240280,0.00018106042309243853,0.00018147478619946164,0.00017608288086210002,0.00017811440836537252,462.38476639638736
1790240340,0.00017811440836537252,0.0001786647623003696,0.00017624794542243672,0.00017624794542243672,35.79557797644384
1790240400,0.00017624794542243672,0.00018038880461060928,0.0001758427443478389,0.00018038880461060928,318.63916483594073
1790240460,0.00018038880461060928,0.00018197521607848236,0.00018038880461060928,0.00018197521607848236,68.76961905477036
1790240520,0.00018197521607848236,0.00018197521607848236,0.00017943190967304116,0.00017943190967304116,22.405384551942714
1790240580,0.00017943190967304116,0.00018335802827505756,0.00017943190967304116,0.00018335802827505756,112.57100364970806
1790240640,0.00018335802827505756,0.00018335802827505756,0.000180738451121961,0.000180738451121961,1.0507555096625383
1790240700,0.000180738451121961,0.0001829369342570103,0.000180738451121961,0.0001829369342570103,22.108910613972323
1790240760,0.0001829369342570103,0.00018309287702253133,0.00018035062351251746,0.00018035062351251746,21.476684283113947
1790240820,0.00018035062351251746,0.00018035062351251746,0.00017821886508996348,0.00017821886508996348,143.43092990146482
1790240880,0.00017821886508996348,0.0001821293831730668,0.00017812849687144847,0.0001821293831730668,187.30777234058377
1790240940,0.0001821293831730668,0.000186114796640467,0.0001821293831730668,0.00018375581279166082,163.2642734925436
1790241000,0.00018375581279166082,0.00018791595725542185,0.00018375581279166082,0.00018791595725542185,117.86579652369618
1790241060,0.00018791595725542185,0.0001884076167875774,0.00018791595725542185,0.0001884076167875774,51.46828839389007
1790241120,0.0001884076167875774,0.0001884076167875774,0.000185420450449106,0.000185420450449106,43.174990710603474
1790241180,0.000185420450449106,0.00018784577894698972,0.00018429341917440908,0.00018429341917440908,141.55467323529322
1790241240,0.00018429341917440908,0.00018676701381392305,0.00018429341917440908,0.00018676701381392305,109.87625071132221
1790241300,0.00018676701381392305,0.0001872335739141647,0.00018676701381392305,0.0001872335739141647,11.240488134527292
1790241360,0.0001872335739141647,0.00018733013609254986,0.00018411354998837504,0.00018411354998837504,79.22851929214218
1790241480,0.00018411354998837504,0.00018625250010190702,0.00018334347201653812,0.00018334347201653812,27.297121674948738
1790241540,0.00018334347201653812,0.00018451242958710792,0.00018196639503457164,0.00018196639503457164,76.94985341088469
1790241600,0.00018196639503457164,0.00018196639503457164,0.00017813722695278342,0.0001788257403543435,354.233950351176
1790241660,0.0001788257403543435,0.0001789480609722159,0.00017503072349674882,0.00017503072349674882,124.10802298395754
1790241720,0.00017503072349674882,0.0001781065722219365,0.00017379406637949108,0.0001781065722219365,346.60553646491434
1790241780,0.0001781065722219365,0.0001781065722219365,0.00017295949662246248,0.00017295949662246248,318.6124052031185
1790241840,0.00017295949662246248,0.000174427516933872,0.00017209354816837295,0.000174427516933872,52.67593183890202
1790241900,0.000174427516933872,0.00017624505808691424,0.0001717149627392524,0.00017624505808691424,314.35467438004105
1790241960,0.00017624505808691424,0.00018116625946648188,0.00017578333731409654,0.00018116625946648188,304.7558890427429
1790242020,0.00018116625946648188,0.00018298557528280637,0.00018116625946648188,0.00018298557528280637,101.44328435119719
1790242080,0.00018298557528280637,0.00018298557528280637,0.0001811818845228561,0.0001811818845228561,20.884196873096844
1790242200,0.0001811818845228561,0.00018311843623493854,0.0001811818845228561,0.00018311843623493854,2.4511604472538138
1790242260,0.00018311843623493854,0.00018361633183184995,0.00018288803574627698,0.00018361633183184995,50.546618451862635
1790242320,0.00018361633183184995,0.0001839132458135258,0.00018361633183184995,0.0001839132458135258,11.494522333736858
1790242380,0.0001839132458135258,0.00018404486953780226,0.0001839132458135258,0.00018404486953780226,39.86572958006906
1790242440,0.00018404486953780226,0.00018425392290277338,0.00018141698579454715,0.00018141698579454715,120.09480515760322
1790242500,0.00018141698579454715,0.00018297105268699244,0.0001806268720131445,0.0001812192083941433,43.393925327972134
1790242560,0.0001812192083941433,0.00018424793523254965,0.0001812192083941433,0.00018424793523254965,35.056331211344215
1790242620,0.00018424793523254965,0.0001850687488609909,0.00018424793523254965,0.0001850687488609909,3.6856448111487343
1790242680,0.0001850687488609909,0.00018634575342097552,0.00018278899071717835,0.00018634575342097552,313.5265780900523
1790242740,0.00018634575342097552,0.00018634575342097552,0.00018527011983654717,0.00018527011983654717,2.1517564416815413
1790242800,0.00018527011983654717,0.00018527011983654717,0.00018494512161258282,0.00018494512161258282,30.466214289027857
1790242860,0.00018494512161258282,0.00018494512161258282,0.00018452287807512572,0.00018452287807512572,12.222871902596086
1790242920,0.00018452287807512572,0.0001910086802759823,0.00018452287807512572,0.0001910086802759823,240.20654031233423
1790242980,0.0001910086802759823,0.0001910086802759823,0.0001881602277459724,0.0001881602277459724,30.995842275981744
1790243040,0.0001881602277459724,0.00018971784173860641,0.0001874615315894395,0.00018971784173860641,49.960291881055916
1790243160,0.00018971784173860641,0.0001905832252720303,0.00018971784173860641,0.0001905832252720303,73.30367709740023
1790243220,0.0001905832252720303,0.00019108777382957057,0.00018896435728382816,0.00018896435728382816,16.186285196861228
1790243280,0.00018896435728382816,0.00018896435728382816,0.00018693831772657443,0.00018693831772657443,104.66028790420893
1790243400,0.00018693831772657443,0.0001870818364112976,0.00018693831772657443,0.0001869581576367455,15.453858802162284
1790243460,0.0001869581576367455,0.00018782415190140046,0.00018529275553959434,0.00018782415190140046,141.02336118230988
1790243580,0.00018782415190140046,0.00020252814495786775,0.00018782415190140046,0.00019904486101809314,1470.2734571188548
1790243640,0.00019904486101809314,0.0002079531048269606,0.00019904486101809314,0.0002079531048269606,424.97292240425975
1790243700,0.0002079531048269606,0.0002079531048269606,0.00020421386152661574,0.000205068190579583,272.4061489184222
1790243760,0.000205068190579583,0.0002114794670252439,0.0002045211752257158,0.0002114794670252439,264.48227437594716
1790243820,0.0002114794670252439,0.00021319131403996176,0.000210139262107158,0.00021037901369608952,170.4254125954965
1790243880,0.00021037901369608952,0.00021358518044310623,0.00020971159957501741,0.00021139660497514624,235.00517246757283
1790243940,0.00021139660497514624,0.00021682700346694201,0.00021139660497514624,0.00021438415908620796,231.35425279976312
1790244000,0.00021438415908620796,0.00021705172165645625,0.00021303433118273054,0.00021303433118273054,386.8854634943752
1790244060,0.00021303433118273054,0.0002209176225231488,0.0002006697986073532,0.00020074989074417927,1703.5165260165272
1790244120,0.00020074989074417927,0.000201069690252102,0.00019819825822408585,0.0002006957092061041,73.58775810009286
1790244180,0.0002006957092061041,0.00020195428597982672,0.0001985645561885281,0.00020195428597982672,116.69730370828684
1790244240,0.00020195428597982672,0.000204257145635154,0.00020195428597982672,0.000204257145635154,124.34788491854967
1790244300,0.000204257145635154,0.0002057697904760148,0.00020423594461504142,0.00020442264539984923,205.44893888910275
1790244360,0.00020442264539984923,0.0002366843506924024,0.00020442264539984923,0.00023015585794075626,2367.9381110505215
1790244420,0.00023015585794075626,0.000244742902964574,0.0002293098238706829,0.00024349606352444309,1869.9398397358866
1790244480,0.00024349606352444309,0.00024349606352444309,0.00022940025361980096,0.0002339022897829425,834.1106088265411
1790244540,0.0002339022897829425,0.00024536158238993287,0.00022625406926001342,0.00022625406926001342,1591.850399516723
1790244600,0.00022625406926001342,0.00023113528149045778,0.00022625406926001342,0.00022746164688266469,187.97160686111482
1790244660,0.00022746164688266469,0.00024402843570047334,0.00022746164688266469,0.00023643848274584547,1259.9223430296981
1790244720,0.00023643848274584547,0.00023643848274584547,0.00023210267517244376,0.00023210267517244376,199.94251231168207
1790244780,0.00023210267517244376,0.00023485081909291816,0.0002232499338218279,0.0002258573773297949,601.6809975204463
1790244840,0.0002258573773297949,0.000226627283795422,0.0002258573773297949,0.000226627283795422,3.6469855758645546
1790244900,0.000226627283795422,0.0002279802962337125,0.000226627283795422,0.0002279802962337125,123.44157596280155
1790244960,0.0002279802962337125,0.0002279802962337125,0.0002219448824761472,0.0002219448824761472,299.8447001264213
1790245020,0.0002219448824761472,0.00022499125754831098,0.0002219448824761472,0.00022499125754831098,50.19844461391089
1790245080,0.00022499125754831098,0.00022499125754831098,0.00022079674926589094,0.00022079674926589094,47.75946649877938
1790245140,0.00022079674926589094,0.0002244357297870588,0.00022079674926589094,0.0002244357297870588,63.29669920152993
1790245200,0.0002244357297870588,0.0002244357297870588,0.000201633900702688,0.00020354450367006808,1625.1216251763142
1790245260,0.00020354450367006808,0.00020920700686001488,0.00020354450367006808,0.00020861222370485214,533.0730971030658
1790245320,0.00020861222370485214,0.00020868004584331215,0.0002047958020100593,0.0002047958020100593,421.51659818464526
1790245380,0.0002047958020100593,0.0002047958020100593,0.00019573821359337965,0.00019817885773174373,733.0023386784957
1790245440,0.00019817885773174373,0.0001988461959850976,0.00019425365592218337,0.00019425365592218337,280.59005188490147
1790245500,0.00019425365592218337,0.0001980066763483717,0.00019425365592218337,0.0001980066763483717,321.16031671081305
1790245560,0.0001980066763483717,0.0001980066763483717,0.00018847967675196216,0.00019423124847393696,912.20764425798
1790245620,0.00019423124847393696,0.00019423124847393696,0.00019144611213685588,0.00019408923473100229,6.817054139606194
1790245680,0.00019408923473100229,0.00019506969667961994,0.00019140527883147884,0.00019506969667961994,97.94725993142885
1790245740,0.00019506969667961994,0.00019613123344514394,0.0001934508553397445,0.00019613123344514394,62.32303247823655
1790245800,0.00019613123344514394,0.00019665928932132071,0.00019022163529789656,0.00019022163529789656,271.38372892728387
1790245860,0.00019022163529789656,0.00019550140317211334,0.0001901971682404197,0.00019550140317211334,180.95878566761695
1790245920,0.00019550140317211334,0.0001984972258985113,0.00019288820155017642,0.0001984972258985113,186.30379098552393
1790245980,0.0001984972258985113,0.00019891053981480156,0.00019614982446090873,0.00019891053981480156,34.739912321976085
1790246040,0.00019891053981480156,0.00019909672538158358,0.00019633538819429242,0.000199016112251362,26.87733154586751
1790246100,0.000199016112251362,0.000199016112251362,0.00019373199782263343,0.0001947754035623843,394.7823385242195
1790246160,0.0001947754035623843,0.0001947754035623843,0.00019286658544390902,0.00019286658544390902,9.63528848198937
1790246220,0.00019286658544390902,0.00019537342462424396,0.0001927316063009611,0.00019537342462424396,18.300606247878733
1790246280,0.00019537342462424396,0.0001956168649415995,0.0001865979802882728,0.00018767487989198293,690.6648496473766
1790246340,0.00018767487989198293,0.00018771080761219097,0.00018767487989198293,0.00018771080761219097,9.168392693192928
1790246400,0.00018771080761219097,0.00018771080761219097,0.00018367064466755313,0.00018367064466755313,123.47350311778547
1790246460,0.00018367064466755313,0.00018825525003349125,0.00018367064466755313,0.00018825525003349125,141.22804520442918
1790246520,0.00018825525003349125,0.00018825525003349125,0.00018601911269862248,0.00018601911269862248,13.1518338600298
1790246640,0.00018601911269862248,0.00019009560562949606,0.00018601911269862248,0.00019009560562949606,112.47865319530909
1790246760,0.00019009560562949606,0.0001903670452193587,0.00017965579591990445,0.00018196025886586025,606.0137605960533
1790246820,0.00018196025886586025,0.00018208197639011764,0.00018196025886586025,0.00018207462191666512,13.710300996905572
1790246940,0.00018207462191666512,0.00018306570400152667,0.00018207462191666512,0.00018306570400152667,34.25030741418784
1790247000,0.00018306570400152667,0.0001852713138357709,0.00018306570400152667,0.0001852713138357709,269.1595159613581
1790247060,0.0001852713138357709,0.00018766066487424467,0.0001852713138357709,0.00018766066487424467,9.653760268682296
1790247120,0.00018766066487424467,0.0001887624563172107,0.00018682620414758847,0.00018682620414758847,193.23610641403926
1790247180,0.00018682620414758847,0.00018817272803879474,0.00018502072037131735,0.00018817272803879474,152.28978289196021
1790247240,0.00018817272803879474,0.00018969490871420497,0.00018812314277174213,0.00018812314277174213,125.75927965052944
1790247300,0.00018812314277174213,0.00019058997571335661,0.00018812314277174213,0.00019058997571335661,9.875466364273512
1790247360,0.00019058997571335661,0.00019058997571335661,0.00018263856789004187,0.0001852812089876769,366.08346245100705
1790247420,0.0001852812089876769,0.0001852812089876769,0.00016793998246031713,0.00016793998246031713,1476.680851292791
1790247480,0.00016793998246031713,0.00017451175952502525,0.00016655715089521246,0.00017050864681759201,633.477255871796
1790247540,0.00017050864681759201,0.00017172138747689332,0.00016860506796826652,0.00017172138747689332,89.01263578268643
1790247600,0.00017172138747689332,0.00017172138747689332,0.00016666259342937832,0.00016853712186426032,393.79467908229606
1790247660,0.00016853712186426032,0.00016931345717701598,0.00016681147594514324,0.00016931345717701598,68.99537359207322
1790247720,0.00016931345717701598,0.00016934928462488218,0.00016675425427022537,0.00016675425427022537,55.36552589037717
1790247780,0.00016675425427022537,0.00016728110209664562,0.00016477200086191955,0.00016477200086191955,185.79345779722757
1790247840,0.00016477200086191955,0.00017446468992748728,0.00016461186735803514,0.0001722726200230949,633.5405088929274
1790247900,0.0001722726200230949,0.00018479884617759348,0.00017200969197456314,0.0001841813560691278,906.1914453482426
1790247960,0.0001841813560691278,0.0001841813560691278,0.00018410917465854523,0.00018410917465854523,12.700632883632908
1790248020,0.00018410917465854523,0.00018655473566973812,0.00018393077392936854,0.00018655473566973812,33.794822515343306
1790248080,0.00018655473566973812,0.00018699264666758236,0.0001830499937014736,0.000185537265795834,111.06494869047191
1790248140,0.000185537265795834,0.000185537265795834,0.00018246688592958476,0.00018444895004265499,87.23703451517642
1790248200,0.00018444895004265499,0.00018579203782852165,0.00018439713582489868,0.00018439713582489868,178.18229667215604
1790248260,0.00018439713582489868,0.00018439713582489868,0.00018409137767550615,0.00018409137767550615,19.95271061098738
1790248320,0.00018409137767550615,0.00018409137767550615,0.00018117696862199047,0.00018393860101559328,333.1918813916705
1790248380,0.00018393860101559328,0.00018393860101559328,0.00017829030463828107,0.00018122486374216298,125.98119387542913
1790248440,0.00018122486374216298,0.00018205053263672821,0.00018122486374216298,0.00018205053263672821,6.931443981062988
1790248500,0.00018205053263672821,0.00018222389362243223,0.00018205053263672821,0.00018222389362243223,19.397442900064902
1790248620,0.00018222389362243223,0.00019080701736419963,0.00018222389362243223,0.00018847609646105578,625.1974099072843
1790248680,0.00018847609646105578,0.00019284210335243117,0.00018847609646105578,0.00019270054201970158,101.48772937662127
1790248740,0.00019270054201970158,0.00019437958209682477,0.00018997158203877613,0.0001931384664213051,219.0564941570028
1790248800,0.0001931384664213051,0.0001959608522838439,0.0001931384664213051,0.00019344740115488426,23.879712068418964
1790248860,0.00019344740115488426,0.0001989872264344179,0.00019344740115488426,0.0001989872264344179,232.75313075560072
1790248920,0.0001989872264344179,0.00019958106886252245,0.0001969190904874421,0.00019958106886252245,6.932229688327834
1790248980,0.00019958106886252245,0.00019981005302079947,0.00019958106886252245,0.00019981005302079947,22.446127973010956
1790249040,0.00019981005302079947,0.00020006701571185703,0.0001973609435969576,0.00020006701571185703,7.0053621686412075
1790249100,0.00020006701571185703,0.00020013090537605144,0.00019367447600126373,0.00019367447600126373,384.53809501768865
1790249160,0.00019367447600126373,0.00019376867278274963,0.00019367447600126373,0.00019376867278274963,1.45819576703255
1790249220,0.00019376867278274963,0.00019376867278274963,0.00018956024042983622,0.00018956024042983622,201.36972192135255
1790249280,0.00018956024042983622,0.00019044870027210928,0.0001796891164702704,0.0001796891164702704,639.1029744993759
1790249340,0.0001796891164702704,0.00018003308658980799,0.0001796891164702704,0.00018003308658980799,29.68686255828018
1790249400,0.00018003308658980799,0.00018003308658980799,0.00018000452931878465,0.00018000452931878465,2.9698179292181672
1790249460,0.00018000452931878465,0.00018086700258289787,0.00018000452931878465,0.00018069106465911305,54.81859091173986
1790249520,0.00018069106465911305,0.00018069106465911305,0.00017818623757993917,0.00017818623757993917,53.428363167009394
1790249580,0.00017818623757993917,0.00017818623757993917,0.00016503959283002941,0.00016503959283002941,785.2678536821902
1790249640,0.00016503959283002941,0.00016759234479769324,0.00016503959283002941,0.00016759234479769324,23.18604758033363
1790249700,0.00016759234479769324,0.00017821155243985952,0.00016759234479769324,0.0001779842907971735,900.8308482702406
1790249760,0.0001779842907971735,0.00017895624776983183,0.0001779842907971735,0.00017895624776983183,56.52260766644605
1790249880,0.00017895624776983183,0.00017978010825754859,0.0001769903418511399,0.00017727317131539393,71.92070151950443
1790249940,0.00017727317131539393,0.00017881575610723132,0.00017686138006695732,0.00017881575610723132,62.53502411688193
1790250000,0.00017881575610723132,0.00017881575610723132,0.0001751121593447803,0.00017627682902385413,159.93029241282426
1790250060,0.00017627682902385413,0.00017640717517308996,0.00017627682902385413,0.00017640717517308996,5.401439673659447
1790250120,0.00017640717517308996,0.00017640717517308996,0.00016753794967359456,0.00017183684850692913,995.7763548432526
1790250180,0.00017183684850692913,0.00017183684850692913,0.0001716434143181354,0.0001716434143181354,2.998439414744202
1790250240,0.0001716434143181354,0.00017862052130927203,0.0001716434143181354,0.00017862052130927203,292.30160086433153
1790250300,0.00017862052130927203,0.00017862052130927203,0.0001761457062165368,0.0001761457062165368,24.34907325171518
1790250360,0.0001761457062165368,0.00018702694696340328,0.0001761457062165368,0.00018486998692469658,553.6189101494821
1790250480,0.00018486998692469658,0.00018756933971506349,0.00018415936952528446,0.0001864448248249055,266.3995621414505
1790250540,0.0001864448248249055,0.0001864448248249055,0.00017921893361876208,0.00017921893361876208,446.7800384543163
1790250600,0.00017921893361876208,0.00017921893361876208,0.00017862244849451556,0.00017862244849451556,20.50145040366812
1790250660,0.00017862244849451556,0.0001810230118153499,0.0001784733182578072,0.0001784733182578072,20.315037015365615
1790250720,0.0001784733182578072,0.00018666819981585594,0.0001784733182578072,0.0001843051715041437,433.56261539625893
1790250780,0.0001843051715041437,0.0001843051715041437,0.00018408474206869528,0.00018408474206869528,7.297356154129116
1790250840,0.00018408474206869528,0.00018633695178975026,0.00018357220629058014,0.0001840293236788527,70.42722195798771
1790250900,0.0001840293236788527,0.00018829622628112685,0.0001840293236788527,0.00018698549885708127,224.8490679793732
1790250960,0.00018698549885708127,0.0001962257366940935,0.00018698549885708127,0.0001962257366940935,592.7261984613485
1790251020,0.0001962257366940935,0.00019709235322504812,0.0001926058804616919,0.00019611725952476693,372.25574833819775
1790251080,0.00019611725952476693,0.00019908490317606053,0.00018298275767119295,0.000185340017405538,899.7525819142846
1790251140,0.000185340017405538,0.00018650518402889887,0.0001831264132256959,0.00018650518402889887,71.01229513772483
1790251200,0.00018650518402889887,0.00020464810032303328,0.00018650518402889887,0.00020410101749682668,1276.5936179822188
1790251260,0.00020410101749682668,0.0002066281240589938,0.00019904108792912091,0.0001996612730760647,392.7960133564436
1790251320,0.0001996612730760647,0.0001996612730760647,0.00019963633702264853,0.00019963633702264853,4.978084534514688
1790251380,0.00019963633702264853,0.00020395069844025983,0.00019963633702264853,0.00020395069844025983,96.32079032973162
1790251440,0.00020395069844025983,0.000205937872092027,0.00020395069844025983,0.000205937872092027,161.42665327199802
1790251500,0.000205937872092027,0.00020763627055807614,0.0002052695008921104,0.0002052695008921104,91.4793779616945
1790251560,0.0002052695008921104,0.0002052695008921104,0.00020489399631758883,0.00020489399631758883,17.46912441862947
1790251620,0.00020489399631758883,0.0002088249742742375,0.00020489399631758883,0.000206216157837549,189.90454952914652
1790251680,0.000206216157837549,0.00020928030567465538,0.000206216157837549,0.00020659549835448003,56.70061701477857
1790251740,0.00020659549835448003,0.00021002113786091394,0.00020659549835448003,0.00021002113786091394,38.29974145897748
1790251800,0.00021002113786091394,0.00021002113786091394,0.00020564993162559548,0.00020564993162559548,123.51724614226123
1790251860,0.00020564993162559548,0.00021184314932456755,0.00020564993162559548,0.00021184314932456755,257.8629528479971
1790251920,0.00021184314932456755,0.00021184314932456755,0.0001952229650713123,0.00019558919051280925,1281.205261274471
1790251980,0.00019558919051280925,0.00019558919051280925,0.00019240399310203283,0.00019488858919433706,22.97157198608732
1790252040,0.00019488858919433706,0.00019509831288723787,0.00019152039450291052,0.0001937165443449209,163.94144948826576
1790252100,0.0001937165443449209,0.00019416447854555584,0.00019134944424919171,0.00019416447854555584,14.094726732384967
1790252160,0.00019416447854555584,0.00019416447854555584,0.00019407876570598503,0.00019407876570598503,0.23837358054759464
1790252220,0.00019407876570598503,0.00019420918985915787,0.00019407876570598503,0.00019420918985915787,11.128331467919004
1790252280,0.00019420918985915787,0.00019723282500142447,0.00019420918985915787,0.00019723282500142447,345.3843274899555
1790252340,0.00019723282500142447,0.00019901926744449349,0.00019612061897189976,0.00019869219869148263,103.69282977092234
1790252400,0.00019869219869148263,0.00019869219869148263,0.00019601007023604557,0.00019601007023604557,12.891595169256888
1790252460,0.00019601007023604557,0.00019601007023604557,0.0001959427314682625,0.0001959427314682625,0.5521532867057137
1790252580,0.0001959427314682625,0.00021068921866434768,0.0001959427314682625,0.00021068921866434768,1072.9200517375755
1790252640,0.00021068921866434768,0.00021068921866434768,0.00020378507270889509,0.00020446171221520355,382.52532393229444
1790252700,0.00020446171221520355,0.00020446171221520355,0.00020431312939532445,0.00020431312939532445,0.11159678848273744
1790252760,0.00020431312939532445,0.00020431312939532445,0.00020142699620358218,0.00020142699620358218,2.2426781603775785
1790252820,0.00020142699620358218,0.00020421053406118045,0.00019675014625612468,0.00019766311611326283,452.9388775682205
1790252880,0.00019766311611326283,0.00019836211793277763,0.00019689785459516836,0.00019836211793277763,168.45156350741837
1790252940,0.00019836211793277763,0.00019982744751813463,0.00019836211793277763,0.00019982744751813463,3.6951857423262533
1790253000,0.00019982744751813463,0.00019982744751813463,0.00018993755578549683,0.00019162152666026398,791.926404753386
1790253060,0.00019162152666026398,0.00019162152666026398,0.00019120492506836357,0.00019120492506836357,19.753888413529154
1790253180,0.00019120492506836357,0.0001913132146948919,0.00018805939058650817,0.00018805939058650817,84.22311198952073
1790253240,0.00018805939058650817,0.00018805939058650817,0.00018717787814947874,0.00018717787814947874,27.760449272885662
1790253300,0.00018717787814947874,0.00018717787814947874,0.0001804907889287605,0.0001814236624036555,631.4807758477042
1790253360,0.0001814236624036555,0.0001814236624036555,0.00017785048001846306,0.00017907123281460895,207.9732296200017
1790253420,0.00017907123281460895,0.0001793861044682587,0.00017907123281460895,0.0001793861044682587,28.41875005069997
1790253480,0.0001793861044682587,0.0001793861044682587,0.00017678551249083823,0.00017678551249083823,38.1794720601716
1790253540,0.00017678551249083823,0.00017908644454498672,0.00017655844360760342,0.00017908644454498672,10.973257837771985
1790253600,0.00017908644454498672,0.00017908644454498672,0.00017542630295260887,0.00017542630295260887,163.20707937813435
1790253660,0.00017542630295260887,0.0001766577610910631,0.00017384655889475094,0.00017384655889475094,66.56024355705199
1790253720,0.00017384655889475094,0.0001761590199916345,0.00017337072147840567,0.0001757454371976579,146.53846601966887
1790253780,0.0001757454371976579,0.00017640149255472096,0.0001757454371976579,0.00017640149255472096,24.691573005583493
1790253840,0.00017640149255472096,0.00017711154470676505,0.00017481349419431065,0.00017704536063365618,143.95173487294988
1790253900,0.00017704536063365618,0.00017704536063365618,0.00017342362277542864,0.0001736981811366206,248.30280784755666
1790253960,0.0001736981811366206,0.0001736981811366206,0.00017096454481817152,0.00017096454481817152,19.82882026948984
1790254020,0.00017096454481817152,0.00017349975666689342,0.00017096454481817152,0.00017349975666689342,11.995851825373968
1790254080,0.00017349975666689342,0.0001739176180419889,0.00017117896955233896,0.00017117896955233896,109.62088548319754
1790254140,0.00017117896955233896,0.00017326964837097213,0.00017055547299903788,0.00017326964837097213,62.14143655684913
1790254200,0.00017326964837097213,0.00017402762850502606,0.00017109614771800743,0.00017402762850502606,40.09006957849569
1790254260,0.00017402762850502606,0.00017430024842435363,0.00017402762850502606,0.00017430024842435363,11.181537720405169
1790254320,0.00017430024842435363,0.00017466708807389446,0.00017426000815551755,0.00017466708807389446,17.506238604552166
1790254380,0.00017466708807389446,0.00017470155162299983,0.00017466708807389446,0.00017470155162299983,1.7318332324970749
1790254440,0.00017470155162299983,0.00018579706219191828,0.00017470155162299983,0.00018579706219191828,753.9228612435996
1790254500,0.00018579706219191828,0.0001879925408938828,0.000184427849126615,0.0001879925408938828,125.30098550208828
1790254560,0.0001879925408938828,0.0001879925408938828,0.00018596752231024498,0.00018596752231024498,44.76516894719879
1790254620,0.00018596752231024498,0.00018954407459745933,0.00018596752231024498,0.00018954407459745933,63.79144692928244
1790254740,0.00018954407459745933,0.00018954407459745933,0.0001862288449140232,0.0001862288449140232,56.02342424372409
1790254800,0.0001862288449140232,0.00019034800274489452,0.0001862288449140232,0.00019034800274489452,101.16601126464714
1790254860,0.00019034800274489452,0.0001905679191631131,0.00019034800274489452,0.0001905679191631131,6.592713818702896
1790254980,0.0001905679191631131,0.0001905679191631131,0.0001876847002501639,0.0001879827258045658,86.94447796140041
1790255040,0.0001879827258045658,0.0001879827258045658,0.00018573998946123715,0.0001857898883778129,136.84773740704588
1790255100,0.0001857898883778129,0.0001857898883778129,0.0001855502995480546,0.0001855502995480546,9.673048363850679
1790255160,0.0001855502995480546,0.00018559216658007164,0.00018246434876874093,0.00018246434876874093,332.7023807951928
1790255220,0.00018246434876874093,0.00018246434876874093,0.00017966586793777696,0.0001822409169950362,47.1008034283246
1790255280,0.0001822409169950362,0.00018276672990685626,0.00017988541090600726,0.00017988541090600726,58.1197591387597
1790255340,0.00017988541090600726,0.00018225320717419504,0.00017954022029622438,0.00017954022029622438,48.87993071618923
1790255400,0.00017954022029622438,0.00018289403686693142,0.00017954022029622438,0.00018045983249442992,70.4280602692273
1790255460,0.00018045983249442992,0.00018316697831068695,0.00018045983249442992,0.00018316697831068695,25.052700009126013
1790255520,0.00018316697831068695,0.00018343774564109314,0.00018316697831068695,0.00018343774564109314,19.139490790883794
1790255580,0.00018343774564109314,0.00019042585074451437,0.00018112432855427025,0.0001894271390894475,672.543760354296
1790255640,0.0001894271390894475,0.00019221498376583362,0.0001891297975785397,0.00019221498376583362,61.54215509682399
1790255700,0.00019221498376583362,0.00019328756495380641,0.0001914048890308092,0.0001914048890308092,74.29917341300971
1790255760,0.0001914048890308092,0.0001914048890308092,0.00019116935227986623,0.00019116935227986623,19.861256432522648
1790255820,0.00019116935227986623,0.00019116935227986623,0.00019105122336052642,0.00019105222422726714,5.546388562816705
1790255880,0.00019105222422726714,0.0001932249996342033,0.00019024588119708396,0.0001932249996342033,105.48149142558232
1790255940,0.0001932249996342033,0.00019368882705229277,0.00019052008703794758,0.00019052008703794758,61.61544995634052
1790256000,0.00019052008703794758,0.00019278586000480517,0.0001837890004966175,0.00018652186085881125,515.6285796151436
1790256060,0.00018637825155409194,0.00018637825155409194,0.00018374670175638747,0.00018374670175638747,36.46600376638952
1790256120,0.00018374670175638747,0.00018374670175638747,0.00018333107038193692,0.00018333107038193692,7.07229376670822
1790256180,0.00018333107038193692,0.00018652452227231522,0.00018333107038193692,0.00018652452227231522,112.15474637177603
1790256240,0.00018652452227231522,0.00018933462512642874,0.00018652452227231522,0.00018933462512642874,214.30892327867903
1790256300,0.00018933462512642874,0.00018933462512642874,0.00018855893872501167,0.00018855893872501167,0.21407845099852146
1790256360,0.00018855893872501167,0.00018876870543247477,0.00018855893872501167,0.00018876870543247477,0.002281486889162705
1790256420,0.00018876870543247477,0.0001931455077655496,0.00018876870543247477,0.0001931455077655496,185.84818597251856
1790256480,0.0001931455077655496,0.0002109508243833921,0.0001931455077655496,0.00020943409958733647,1646.3057238888364
1790256540,0.00020943409958733647,0.00021298595219084243,0.0002089158603786867,0.00021156877464097878,181.00187577361334
1790256600,0.00021156877464097878,0.00021156877464097878,0.0002049770464045713,0.00020571784030556413,623.6460760180405
1790256660,0.00020571784030556413,0.0002061188885171088,0.00020571784030556413,0.0002061188885171088,0.5611080847861877
1790256720,0.0002061188885171088,0.0002094005932144861,0.0002061188885171088,0.0002094005932144861,18.989084911931677
1790256780,0.0002094005932144861,0.0002439543968636883,0.0002094005932144861,0.00024293065866575974,2735.1112605548083
1790256840,0.00024293065866575974,0.00024293065866575974,0.00023260095547738755,0.00023379060775944,672.6700426415562
1790256900,0.00023379060775944,0.00023710861929826876,0.0002250731186527912,0.0002250731186527912,671.3574362337391
1790256960,0.0002250731186527912,0.0002283477112382301,0.0002247404106958395,0.0002247404106958395,93.14359643807813
1790257020,0.0002247404106958395,0.00022518994438254337,0.00020985555921014222,0.00020985555921014222,951.8250765742912
1790257080,0.00020985555921014222,0.00021772537669126945,0.0002097296543159005,0.00021772537669126945,343.9469455183275
1790257140,0.00021772537669126945,0.00021853570513633198,0.00021538501206771777,0.00021546014140812444,25.342332074575992
1790257200,0.00021546014140812444,0.00021840015356027568,0.00021397622518648743,0.0002166185550392521,398.87089482472265
1790257260,0.0002166185550392521,0.00021976346419569443,0.00021614530038868777,0.00021976346419569443,54.97021988962962
1790257320,0.00021976346419569443,0.00021976346419569443,0.00021631200936981907,0.00021932331468758046,18.975762802474872
1790257440,0.00021932331468758046,0.00021954556345737285,0.00021636840988121026,0.00021954556345737285,18.73081423949602
1790257500,0.00021954556345737285,0.00022175116479162372,0.00021658875663386752,0.00022175116479162372,259.0834474554277
1790257560,0.00022175116479162372,0.00022478349557148364,0.00022057981988058412,0.00022478349557148364,203.44671881312547
1790257620,0.00022478349557148364,0.00022478349557148364,0.00022305052934353382,0.00022305052934353382,2.0167907260067097
1790257680,0.00022305052934353382,0.0002282249862775801,0.00022305052934353382,0.0002282249862775801,131.8586683017736
1790257740,0.0002282249862775801,0.000228320603888772,0.00022478203907574996,0.00022478203907574996,25.66944961639369
1790257800,0.00022478203907574996,0.00022478203907574996,0.00022469111773384094,0.00022469111773384094,11.234555886692046
1790257860,0.00022469111773384094,0.00022870823390729853,0.0002244064007361794,0.00022870823390729853,61.24727416820383
1790257920,0.00022870823390729853,0.00022938361165541864,0.00022071724040026628,0.00022071724040026628,475.4994919823995
1790257980,0.00022071724040026628,0.00022071724040026628,0.0002205397027360863,0.0002205397027360863,0.6029007045698821
1790258040,0.0002205397027360863,0.0002206629034130492,0.0002205397027360863,0.0002206629034130492,4.504435718245053
1790258100,0.0002206629034130492,0.0002236093184519713,0.00021997999274612004,0.0002236093184519713,175.63968076374996
1790258160,0.0002236093184519713,0.00022506586753645626,0.0002236093184519713,0.00022506586753645626,52.47715466195983
1790258220,0.00022506586753645626,0.00022723829244057628,0.00022506586753645626,0.00022577350474316328,205.5439312256611
1790258280,0.00022577350474316328,0.00022863527203613638,0.00022540623372181042,0.00022540623372181042,47.67020191972034
1790258340,0.00022540623372181042,0.00022994797255450922,0.00022540623372181042,0.00022994797255450922,185.9338723570707
1790258400,0.00022994797255450922,0.00022994797255450922,0.00022827522522621176,0.00022827522522621176,28.261671897712418
1790258460,0.00022827522522621176,0.0002310890107540172,0.00022827522522621176,0.0002310890107540172,12.673548585408632
1790258520,0.0002310890107540172,0.0002310890107540172,0.00022112084540150528,0.00022445776011249634,540.572452985232
1790258580,0.00022445776011249634,0.00022563447727367512,0.00022445776011249634,0.00022563447727367512,23.80948281072284
1790258640,0.00022563447727367512,0.0002262268127428147,0.00022204481402729876,0.0002220642559192857,124.8757008563157
1790258700,0.0002220642559192857,0.0002220642559192857,0.00022178742436666733,0.00022178742436666733,4.226622483409792
1790258760,0.00022178742436666733,0.000224993277140872,0.00022000112909179094,0.00022145352455708671,296.99019291861003
1790258820,0.00022145352455708671,0.00022284541842359666,0.0002189036268762344,0.00022284541842359666,63.37481058663068
1790258880,0.00022284541842359666,0.0002238345618274439,0.00022284541842359666,0.0002238345618274439,56.815166041751816
1790258940,0.0002238345618274439,0.0002238345618274439,0.0002207164821250339,0.0002207164821250339,31.56409650554808
1790259000,0.0002207164821250339,0.0002231930041249074,0.00022017791232238295,0.0002231930041249074,16.413349276520854
1790259060,0.0002231930041249074,0.0002231930041249074,0.00021890603307998062,0.00021890603307998062,83.85258209105807
1790259120,0.00021890603307998062,0.00021890603307998062,0.0002179742963250646,0.0002179742963250646,46.34076410935302
1790259180,0.0002179742963250646,0.0002179742963250646,0.0002177972309835324,0.0002177972309835324,15.686733756786692
1790259240,0.0002177972309835324,0.0002177972309835324,0.0002172266110417701,0.00021724053789673282,27.120736598460162
1790259300,0.00021724053789673282,0.00022036868265369803,0.00021724053789673282,0.0002176446705141337,27.97840872938433
1790259360,0.0002176446705141337,0.00022052176191077462,0.0002176446705141337,0.00021770472459004784,21.1932905408758
1790259420,0.00021770472459004784,0.00021770472459004784,0.00021753865840568233,0.00021753865840568233,46.59362044031541
1790259480,0.00021753865840568233,0.00021753865840568233,0.00021599730097395225,0.00021599730097395225,65.18449599911709
1790259540,0.00021599730097395225,0.0002161167666527929,0.00021599730097395225,0.0002161167666527929,27.319937267454293
1790259600,0.0002161167666527929,0.00021873486402790694,0.00021514604657805252,0.00021800902751297705,102.87625311856398
1790259660,0.00021800902751297705,0.00021800902751297705,0.0002148925229122754,0.0002148925229122754,60.537233786053804
1790259720,0.0002148925229122754,0.0002179849396965123,0.00021412869685286283,0.0002179849396965123,82.66741864984907
1790259780,0.0002179849396965123,0.00022020408209585124,0.0002179849396965123,0.00022020408209585124,247.68986017411007
1790259840,0.00022020408209585124,0.00022256772094461752,0.00021982021806313614,0.00021982021806313614,3.6861406358424755
1790259900,0.00021982021806313614,0.0002233881488763053,0.00021982021806313614,0.0002233881488763053,17.20552037076972
1790260020,0.0002233881488763053,0.0002240960651593206,0.00022114209191401038,0.00022114209191401038,3.047599773180739
1790260080,0.00022114209191401038,0.00022163511040586525,0.00022114209191401038,0.00022163511040586525,11.451948433472177
1790260140,0.00022163511040586525,0.00022163511040586525,0.00021984063805947376,0.00021984063805947376,142.78659267441998
1790260200,0.00021984063805947376,0.00021984063805947376,0.0002176759824400103,0.00021769043733372632,67.16352855550164
1790260260,0.00021769043733372632,0.00022040102553182238,0.000217552324223138,0.000217552324223138,16.403259654474805
1790260320,0.000217552324223138,0.00022118855985452817,0.000217552324223138,0.00021808167345342263,7.147325898070599
1790260380,0.00021808167345342263,0.00022185631325472106,0.00021808167345342263,0.00021863369992799128,101.62522267522841
1790260440,0.00021863369992799128,0.00022132660586228822,0.00021822043833778266,0.00022132660586228822,13.47388138955203
1790260500,0.00022132660586228822,0.00022132660586228822,0.00021616301976350096,0.00021616301976350096,153.35834403339757
1790260560,0.00021616301976350096,0.00021844817092780104,0.00021535760076422372,0.00021535760076422372,6.24955091966106
1790260620,0.00021535760076422372,0.0002182190497816876,0.00021535760076422372,0.0002182190497816876,0.6801953441625092
1790260680,0.0002182190497816876,0.0002182190497816876,0.0002145667368129305,0.0002145667368129305,37.48308327062358
1790260740,0.0002145667368129305,0.0002145667368129305,0.00020384077244982058,0.0002060494532063423,651.4883377695178
1790260800,0.0002060494532063423,0.0002060494532063423,0.00020014432975535526,0.00020091621419938678,317.84611998649285
1790260860,0.00020091621419938678,0.00020091621419938678,0.00019635255972401018,0.00019748198185988783,199.04470632201776
1790260920,0.00019748198185988783,0.00020046682221435772,0.00019748198185988783,0.00020037143793279202,209.39329989885812
1790260980,0.00020037143793279202,0.00020148193610474438,0.00019802668931619483,0.00019802668931619483,321.2038102003366
1790261040,0.00019802668931619483,0.00019999913711404722,0.00019671504800202033,0.00019934891828888153,116.02815449871149
1790261100,0.00019934891828888153,0.0002012506915096188,0.00019660902764346162,0.0002012506915096188,167.60225115883682
1790261160,0.0002012506915096188,0.0002029990739156501,0.00019914486740979878,0.0002026710261627144,77.27137922887071
1790261280,0.0002026710261627144,0.0002026710261627144,0.00020209670993896625,0.00020209670993896625,9.816596431177912
1790261340,0.00020209670993896625,0.00020209670993896625,0.00019911869225574941,0.00019911869225574941,2.1498458108150773
1790261400,0.00019911869225574941,0.00020228379406705076,0.00019911869225574941,0.00019966922898946495,128.09356862972894
1790261460,0.00019966922898946495,0.00020269859978577732,0.00019966922898946495,0.00020269859978577732,21.581702333910556
1790261520,0.00020269859978577732,0.00020269859978577732,0.00019911659375945222,0.00019911659375945222,1.807707740314844
1790261580,0.00019911659375945222,0.00019989170613018297,0.00019494597196729977,0.0001951509612649285,395.53899040184257
1790261640,0.0001951509612649285,0.0001951509612649285,0.000191690805120705,0.000191690805120705,142.54856520448806
1790261700,0.000191690805120705,0.00019308845559200057,0.00019019694027541632,0.00019019694027541632,87.16710532102928
1790261760,0.00019019694027541632,0.00019219137658134464,0.00018776427008404095,0.0001887546751293976,206.97452120855914
1790261880,0.0001887546751293976,0.0001887546751293976,0.00018513400779888913,0.00018513400779888913,80.04706159787077
1790261940,0.00018513400779888913,0.00018513400779888913,0.0001796983695750503,0.00017996843935120006,474.6033570409709
1790262000,0.00017996843935120006,0.0001809387937660818,0.000177551273546213,0.0001809387937660818,43.008003432703966
1790262060,0.0001809387937660818,0.00018692277680642014,0.0001809387937660818,0.00018692277680642014,386.18067154342964
1790262120,0.00018692277680642014,0.0001871943509568877,0.00018460848609681783,0.0001871943509568877,10.365968006557335
1790262180,0.0001871943509568877,0.0001871943509568877,0.00014935945725216983,0.0001704702776912292,3894.490439743752
1790262240,0.0001704702776912292,0.0001704702776912292,0.0001668040430549223,0.00016963183477581843,242.34139278987158
1790262300,0.00016963183477581843,0.00017068154358463932,0.0001616695179345752,0.00016423067471126032,597.4812950021317
1790262360,0.00016423067471126032,0.00016588903418834514,0.0001625334457661503,0.0001639248922645234,165.7052436161212
1790262420,0.0001639248922645234,0.0001665549834190542,0.00016275781274389657,0.00016396174803989097,233.12161706282987
1790262480,0.00016396174803989097,0.00016452389288634559,0.0001609029031356977,0.00016452389288634559,448.239477054815
1790262540,0.00016452389288634559,0.00016452389288634559,0.000152935125382812,0.00015537031208644325,1124.8104987448721
1790262600,0.00015537031208644325,0.00015701359491894523,0.0001550986967256481,0.00015692157840900136,53.354016641311524
1790262660,0.00015692157840900136,0.00015728516819145874,0.00015528338622241476,0.00015528338622241476,102.10462578327015
1790262720,0.00015528338622241476,0.00015528338622241476,0.00014525731449708499,0.00014763776437141991,811.1778586929155
1790262780,0.00014763776437141991,0.00015769674124211633,0.00014763776437141991,0.00015769674124211633,593.8905060074302
1790262840,0.00015769674124211633,0.00015783214623269533,0.0001411294426199081,0.00014645696882853914,1928.0054723599408
1790262900,0.00014645696882853914,0.00014963511176268178,0.00014645696882853914,0.0001474777859388646,69.40860080602457
1790262960,0.0001474777859388646,0.00015117374799765307,0.00014697146123498578,0.0001483665568865238,611.8815193370021
1790263020,0.0001483665568865238,0.00015753902614571629,0.0001483665568865238,0.00015583844107279303,533.5966391054809
1790263080,0.00015583844107279303,0.00015897019397590246,0.00015571755529393755,0.0001558473684455076,256.73127468473643
1790263140,0.0001558473684455076,0.00015884260316901953,0.00015494632888540664,0.00015884260316901953,228.9010618781288
1790263200,0.00015884260316901953,0.00016315521716865898,0.0001571990757804066,0.00016048743595319887,341.9443721552122
1790263260,0.00016048743595319887,0.00017585121880181272,0.00016048743595319887,0.0001663292554914012,1698.267528071256
1790263320,0.0001663292554914012,0.00017103362119051964,0.0001663292554914012,0.00017103362119051964,197.92426423976278
1790263380,0.00017103362119051964,0.00017201477146574378,0.00016861549422482656,0.00016960861820232323,91.6239382665342
1790263440,0.00016960861820232323,0.00017504109382826565,0.0001696020261866846,0.00017246563228647918,582.4944972789852
1790263500,0.00017246563228647918,0.00017246563228647918,0.00016684232162722529,0.0001704109739037759,191.01436414758484
1790263560,0.0001704109739037759,0.0001729688139502446,0.00016859119053685723,0.0001723614762702877,428.38543140594896
1790263620,0.0001723614762702877,0.0001777778775742734,0.0001723614762702877,0.0001777778775742734,324.3848340717125
1790263680,0.0001777778775742734,0.0001786501376758256,0.000174514420855265,0.00017697679206928548,275.02370191900013
1790263740,0.00017697679206928548,0.00017959487058908285,0.00017694843610617148,0.00017959487058908285,18.578310159310707
1790263800,0.00017959487058908285,0.00017959487058908285,0.0001738770017168347,0.0001738770017168347,212.7851066872863
1790263860,0.0001738770017168347,0.0001763094505744032,0.00017340421726397772,0.0001763094505744032,83.73328637290936
1790263920,0.0001763094505744032,0.00017663015235555728,0.00017431293073480355,0.00017431293073480355,5.084992031789081
1790263980,0.00017431293073480355,0.00017788681372071666,0.00017431293073480355,0.00017788681372071666,115.56982744757411
1790264040,0.00017788681372071666,0.00017788681372071666,0.00017446921190064003,0.00017446921190064003,77.15909628805929
1790264100,0.00017446921190064003,0.00017446921190064003,0.00017444011873454646,0.00017444011873454646,2.697896006109067
1790264160,0.00017444011873454646,0.00017905723444784494,0.00017444011873454646,0.00017704432932325398,314.4965297121034
1790264220,0.00017704432932325398,0.00017733778210072003,0.00017680062431735006,0.00017733778210072003,3.737204981865278
1790264280,0.00017733778210072003,0.00017733778210072003,0.00017234234258443957,0.00017234234258443957,313.91404390014253
1790264340,0.00017234234258443957,0.00017234234258443957,0.0001701468759998787,0.0001706092513276074,106.77467239464087
1790264400,0.0001706092513276074,0.0001723852960058612,0.00016997133031165502,0.00016997133031165502,11.22795060980488
1790264460,0.00016997133031165502,0.00017252185151619514,0.00016997133031165502,0.00017004889983751606,35.100993851269045
1790264520,0.00017004889983751606,0.00017004889983751606,0.0001683572575031542,0.0001683572575031542,97.00931472093542
1790264580,0.0001683572575031542,0.0001683572575031542,0.0001681894446282664,0.0001681894446282664,2.632918023331888
1790264640,0.0001681894446282664,0.00016838840046301383,0.0001681894446282664,0.00016838840046301383,2.6339764677587896
1790264700,0.00016838840046301383,0.0001684298353690275,0.00016820387323229609,0.00016820387323229609,4.5417723925398015
1790264760,0.00016820387323229609,0.0001771918183866324,0.00016820387323229609,0.00017534212051795655,480.9261060311215
1790264820,0.00017534212051795655,0.00017902743939600602,0.00017501181839901255,0.00017902743939600602,100.01725944988141
1790264880,0.00017902743939600602,0.000179505633693063,0.00017629472984387548,0.000179505633693063,140.96457852286866
1790264940,0.000179505633693063,0.000182140184591342,0.00017947790626503688,0.000182140184591342,106.06361681353366
1790265000,0.000182140184591342,0.000182140184591342,0.00017951001117427653,0.00018195372195912331,18.149534388465167
1790265060,0.00018195372195912331,0.00018209419827269806,0.0001795253807496535,0.00017966462378751514,11.104731033050673
1790265180,0.00017966462378751514,0.00018207246240075405,0.00017956400545724986,0.00018207246240075405,10.549040955672707
1790265240,0.00018207246240075405,0.00018207246240075405,0.0001786730529248246,0.00017892132748029133,79.99651790187322
1790265300,0.00017892132748029133,0.00017906201741782672,0.00017892132748029133,0.00017906201741782672,4.652801134600962
1790265360,0.00017906201741782672,0.00017906319103693806,0.00017898570359566333,0.00017906319103693806,3.7308578651126116
1790265420,0.00017906319103693806,0.00017906319103693806,0.00017874914120761357,0.00017874914120761357,2.6891895104647845
1790265480,0.00017874914120761357,0.00017887621434177744,0.00017874914120761357,0.00017887621434177744,2.6890022019580986
1790265600,0.00017887621434177744,0.0001793384388430499,0.00017644921476363091,0.00017644921476363091,124.09333777272784
1790265660,0.00017644921476363091,0.00017913078386409424,0.00017644921476363091,0.00017913078386409424,4.395892623842019
1790265720,0.00017913078386409424,0.00017913078386409424,0.00017501778630993258,0.00017501778630993258,103.32964521304625
1790265780,0.00017501778630993258,0.00017789712157441714,0.00017280194529551698,0.00017280194529551698,258.7418225126492
1790265840,0.00017280194529551698,0.00017280194529551698,0.00017230900759431216,0.00017230900759431216,2.6247739365402665
1790265900,0.00017230900759431216,0.00017386780011414735,0.00017158468532846614,0.00017386780011414735,115.21234802035431
1790265960,0.00017386780011414735,0.00017437505374786163,0.000171766358089271,0.000171766358089271,60.17460887647316
1790266020,0.000171766358089271,0.000171766358089271,0.00014961602830309819,0.00015936731093143226,2255.189161674275
1790266080,0.00015936731093143226,0.0001593794983358321,0.00015697871838942819,0.0001593794983358321,12.843177408418295
1790266140,0.0001593794983358321,0.00015944792631660784,0.00015591765036394964,0.00015591765036394964,217.50868385466129
1790266200,0.00015591765036394964,0.00015645509134814525,0.0001538488243856146,0.0001538488243856146,64.89302594612532
1790266260,0.0001538488243856146,0.00015719198311341426,0.00015341833299053163,0.00015713291837185834,176.27132615331084
1790266320,0.00015713291837185834,0.00015713291837185834,0.00015500111882198856,0.00015500111882198856,4.985111777113594
1790266380,0.00015500111882198856,0.00015704604394094508,0.00015026014268799663,0.00015257622213433363,311.6795832977172
1790266440,0.00015257622213433363,0.00015501930481417442,0.00015257622213433363,0.00015312768729194292,195.904887426003
1790266500,0.00015312768729194292,0.00015315024083246612,0.00014738647461941918,0.00014738647461941918,451.68754628949904
1790266560,0.00014738647461941918,0.00015010378702829357,0.00014738647461941918,0.00015010378702829357,10.639431644283977
1790266620,0.00015010378702829357,0.00015010378702829357,0.0001417268595024397,0.0001417268595024397,543.5467180206158
1790266680,0.0001417268595024397,0.0001436575475032289,0.00014099355600487027,0.0001436575475032289,237.2230493844258
1790266740,0.0001436575475032289,0.0001436575475032289,0.0001427586287200728,0.0001427586287200728,2.5849634416382807
1790266800,0.0001427586287200728,0.0001427586287200728,0.000135295244714676,0.00013597855099908404,1245.5006103760377
1790266860,0.00013597855099908404,0.00013984529434377487,0.00013597855099908404,0.00013984529434377487,285.50828887613795
1790266920,0.00013984529434377487,0.00014583117704268836,0.00013984529434377487,0.0001437451646293144,315.1880410254675
1790266980,0.0001437451646293144,0.00014654520646839394,0.0001437451646293144,0.00014449271871285,54.53948122280406
1790267040,0.00014449271871285,0.00014449271871285,0.0001421904834384917,0.0001421904834384917,197.46433468382628
1790267100,0.0001421904834384917,0.00014662957681019873,0.0001397309417543604,0.00014651770495537276,627.3311591641265
1790267160,0.00014651770495537276,0.00014916937189781606,0.00014651770495537276,0.00014747615646614777,69.68530880841121
1790267220,0.00014747615646614777,0.00015010261485466796,0.00014747615646614777,0.00014822743311334842,61.13761151652385
1790267280,0.00014822743311334842,0.00014822743311334842,0.0001447093181412991,0.0001447093181412991,255.9810690838614
1790267340,0.0001447093181412991,0.0001469293993460072,0.0001447093181412991,0.0001469293993460072,17.617919502452033
1790267400,0.0001469293993460072,0.0001469293993460072,0.00013762448202027093,0.0001393346215588564,795.8684232411226
1790267460,0.0001393346215588564,0.00013935317678959798,0.00013722447886976657,0.00013935317678959798,37.247242288081814
1790267520,0.00013935317678959798,0.00013935317678959798,0.00013500351738429125,0.0001365194516013887,432.22013394173734
1790267580,0.0001365194516013887,0.00013849526253563362,0.0001344692958971564,0.00013649713355464075,208.36341103978987
1790267640,0.00013649713355464075,0.00013649713355464075,0.00013459421877989983,0.00013459421877989983,147.01942553521525
1790267700,0.00013459421877989983,0.0001367373776104138,0.00013282468225319573,0.0001367373776104138,476.95845421165797
1790267760,0.0001367373776104138,0.0001397320798243997,0.000135868807828615,0.000135868807828615,405.8624665058775
1790267820,0.000135868807828615,0.000136757274439426,0.00013480140750899276,0.000136757274439426,13.60255923982936
1790267880,0.000136757274439426,0.0001394837974465631,0.0001351619922827005,0.0001394837974465631,195.83428041857093
1790267940,0.0001394837974465631,0.0001394837974465631,0.00013613798556962934,0.00013615499753983696,141.32754147281088
1790268000,0.00013615499753983696,0.00013816879325963315,0.0001337369298517509,0.00013528918663123884,407.193422487527
1790268060,0.00013528918663123884,0.00014491633924048475,0.00013528918663123884,0.00013864165978900964,1002.0186936357422
1790268120,0.00013864165978900964,0.0001407543452386181,0.00013864165978900964,0.0001407543452386181,25.34804919809709
1790268180,0.0001407543452386181,0.0001407543452386181,0.00013839295119466273,0.00013839295119466273,33.40548015103285
1790268240,0.00013839295119466273,0.00013994469690088084,0.0001379404351355963,0.00013994469690088084,14.31682731551477
1790268300,0.00013994469690088084,0.0001414344428069517,0.0001374246945161527,0.0001414344428069517,223.15573578280905
1790268360,0.0001414344428069517,0.0001423589760633868,0.0001404236718689747,0.0001404236718689747,52.6754170145793
1790268420,0.0001404236718689747,0.00014269167022902462,0.0001404236718689747,0.00014075254826911163,20.23691565175204
1790268480,0.00014075254826911163,0.00014304609486253682,0.00014053228257973561,0.00014304609486253682,100.37873241973075
1790268540,0.00014304609486253682,0.00014304609486253682,0.00014146945862370135,0.00014146945862370135,5.752106162621219
1790268600,0.00014146945862370135,0.0001576296441029791,0.00014138658153751253,0.00015409818370603663,1433.9539007692263
1790268660,0.00015409818370603663,0.00015946184586893868,0.00015409818370603663,0.0001569744808930869,435.9957147797495
1790268720,0.0001569744808930869,0.00015818606102797886,0.0001547875166706824,0.00015663147832531283,202.13199767340626
1790268780,0.00015663147832531283,0.0001601617098385865,0.00015663147832531283,0.0001601617098385865,184.43149825923376
1790268840,0.0001601617098385865,0.0001601617098385865,0.00015882337334861878,0.00015882337334861878,54.50410078239128
1790268900,0.00015882337334861878,0.000167697112486248,0.00015882337334861878,0.000167697112486248,540.563936307244
1790268960,0.000167697112486248,0.00016788534617765316,0.00016558661773078166,0.00016788534617765316,45.44748317423591
1790269020,0.00016788534617765316,0.00016788534617765316,0.00016535022319694124,0.00016543665080868213,32.80188948944522
1790269140,0.00016543665080868213,0.00016780805826979654,0.00016421082290377347,0.00016421082290377347,109.00028421735998
1790269200,0.00016421082290377347,0.00016421082290377347,0.00016392814411306705,0.00016392814411306705,10.459959120303619
1790269260,0.00016392814411306705,0.00016396109430495099,0.00016365248745125297,0.00016365248745125297,30.186293552260608
1790269320,0.00016365248745125297,0.00016620758250808916,0.00016365248745125297,0.00016620758250808916,21.730793485337998
1790269380,0.00016620758250808916,0.00016620758250808916,0.000163645919099031,0.000163645919099031,65.89394516563829
1790269440,0.000163645919099031,0.00016698583364128326,0.0001627569803070368,0.0001663058366887359,277.3895575221761
1790269500,0.0001663058366887359,0.0001700832251642034,0.0001663058366887359,0.00016886806707843137,213.74943334641964
1790269560,0.00016886806707843137,0.00017125557199320477,0.00016862834662426996,0.00017125557199320477,37.092208250468246
1790269620,0.00017125557199320477,0.00017125557199320477,0.0001637637308362232,0.0001637637308362232,687.7801055783495
1790269680,0.0001637637308362232,0.0001637637308362232,0.0001607178334318648,0.00016109262591687372,19.14416880837386
1790269740,0.00016109262591687372,0.0001612621061267393,0.00016109262591687372,0.00016119570194031443,0.9154763552130514
1790269800,0.00016119570194031443,0.00016155255246531408,0.00016119570194031443,0.00016155255246531408,1.977052397204835
1790269860,0.00016155255246531408,0.00016155255246531408,0.0001587908724616266,0.0001587908724616266,62.926177452887856
1790269920,0.0001587908724616266,0.0001587908724616266,0.0001512071769136467,0.0001512071769136467,576.4014157628465
1790270040,0.0001512071769136467,0.00015300270628774848,0.0001512071769136467,0.00015300270628774848,3.612862077045796
1790270160,0.00015300270628774848,0.00015300270628774848,0.00014936229668287835,0.00014995551970419375,207.54452850827164
1790270220,0.00014995551970419375,0.00015007218774848273,0.00014995551970419375,0.0001500682198266624,6.224030591492951
1790270280,0.0001500682198266624,0.0001500682198266624,0.00014476219141815357,0.0001452273373903773,375.67522170854454
1790270340,0.0001452273373903773,0.0001452273373903773,0.0001428139109338508,0.0001448028134170758,59.524946844324276
1790270400,0.0001448028134170758,0.0001448120859132557,0.00014256180498450313,0.0001448120859132557,23.926108922878875
1790270460,0.0001448120859132557,0.00014516762700956192,0.0001426897588285022,0.0001440834544858389,115.39119087023025
1790270520,0.0001440834544858389,0.0001440834544858389,0.00014006413510342535,0.00014150004733334533,220.28430983557203
1790270580,0.00014150004733334533,0.00014366563073312506,0.00014150004733334533,0.00014350006353397015,149.87838582828655
1790270640,0.00014350006353397015,0.00014416138666642977,0.00014144501832645995,0.00014144501832645995,112.14181644149872
1790270700,0.00014144501832645995,0.00014405248110319906,0.00014012146749015262,0.00014203686744979253,195.88007347719142
1790270760,0.00014203686744979253,0.0001423822352302469,0.0001419938400496219,0.0001423822352302469,30.543150686871414
1790270820,0.0001423822352302469,0.0001423822352302469,0.0001397449341956923,0.0001397449341956923,113.40998268802176
1790270880,0.0001397449341956923,0.00014096711849430688,0.0001397449341956923,0.00014096711849430688,2.4948133599349083
1790270940,0.00014096711849430688,0.00014096711849430688,0.00013560113875331115,0.00013560113875331115,306.93407626870976
1790271000,0.00013560113875331115,0.00014032168799204766,0.00013560113875331115,0.00014032168799204766,229.9887350285978
1790271060,0.00014032168799204766,0.00014152144258611,0.00014032168799204766,0.00014152144258611,94.6619915487432
1790271180,0.00014152144258611,0.0001421822677142165,0.00014000683494513815,0.0001421822677142165,18.46211206074631
1790271240,0.0001421822677142165,0.0001421822677142165,0.0001401155933128958,0.0001401155933128958,1.608279466734585
1790271420,0.0001401155933128958,0.00014487855154318117,0.00013941877028765754,0.00014487855154318117,539.6151756944361
1790271480,0.00014487855154318117,0.00016205720011003448,0.00014484609953816687,0.00015989994252835324,1077.1720497013469
1790271540,0.00015989994252835324,0.00016072543314702475,0.000159142380353161,0.00016072543314702475,101.62767655549291
1790271600,0.00016072543314702475,0.00016072543314702475,0.00015725792978950266,0.00015725792978950266,151.79196363711253
1790271660,0.00015725792978950266,0.00015855034121727037,0.00015725792978950266,0.00015855034121727037,0.19727495544622667
1790271780,0.00015855034121727037,0.00015855034121727037,0.00015613723415758312,0.00015613723415758312,18.854509775291127
1790271840,0.00015613723415758312,0.00015613723415758312,0.00015178389859793337,0.00015215112267441474,472.90190111203833
1790271900,0.00015215112267441474,0.00015215112267441474,0.00014858034407755856,0.00014858628469264075,113.43094380780136
1790271960,0.00014858628469264075,0.00015100058535978548,0.00014850953692481704,0.00014853487515288725,65.75521627182702
1790272020,0.00014853487515288725,0.00014853487515288725,0.00014804618342225483,0.00014804618342225483,29.46310103258439
1790272080,0.00014804618342225483,0.0001502310175533801,0.00014785824186483367,0.0001502310175533801,60.86876542009753
1790272140,0.0001502310175533801,0.0001502310175533801,0.00014779212327571052,0.00014779212327571052,49.756334313418414
1790272200,0.00014779212327571052,0.00014779212327571052,0.000146674184937933,0.000146674184937933,147.7366139199904
1790272260,0.000146674184937933,0.0001478658200824616,0.000146674184937933,0.0001478658200824616,19.85797623959912
1790272320,0.0001478658200824616,0.00016912780848119983,0.0001478658200824616,0.00016912780848119983,1614.0857428837537
1790272380,0.00016912780848119983,0.00016912780848119983,0.0001613860487947481,0.0001613860487947481,465.95887487152515
1790272440,0.0001613860487947481,0.0001613860487947481,0.00015941507872773393,0.00015941507872773393,53.93028681511845
1790272500,0.00015941507872773393,0.00015941507872773393,0.00015905979989091587,0.00015905979989091587,5.433077666519038
1790272620,0.00015905979989091587,0.00015932695021228957,0.00015905979989091587,0.00015931985610402203,5.85227669628086
1790272680,0.00015931985610402203,0.00016162189212532511,0.00015931985610402203,0.00016162189212532511,22.708152834762583
1790272740,0.00016162189212532511,0.0001625606919591175,0.00016162189212532511,0.0001625606919591175,75.36462958491444
1790272800,0.0001625606919591175,0.00016438183760058404,0.00016053620115995273,0.00016438183760058404,250.03168982759442
1790272860,0.00016438183760058404,0.00016621220170928415,0.00016357940718334242,0.00016610443282988197,60.99003223790856
1790272920,0.00016610443282988197,0.0001665936204519846,0.00016408098966385815,0.00016408098966385815,118.4917535764924
1790272980,0.00016408098966385815,0.00016631968347149417,0.00016408098966385815,0.00016450808831902124,100.75433113432221
1790273040,0.00016450808831902124,0.0001645548380378729,0.00016426737718291763,0.00016426737718291763,22.41306818832333
1790273100,0.00016426737718291763,0.00017957791023995287,0.00016417635289223543,0.00017957791023995287,1155.2834839146335
1790273160,0.00017957791023995287,0.00017957791023995287,0.00017525039104540125,0.00017722180676853298,162.2217211546099
1790273220,0.00017722180676853298,0.00017722180676853298,0.00017165483610719683,0.00017165483610719683,253.58892905286837
1790273400,0.00017165483610719683,0.00018542629923086584,0.00017165483610719683,0.00018347861374473293,1049.8917055075433
1790273460,0.00018347861374473293,0.00019598253351610148,0.0001834498887262959,0.00019598253351610148,860.6419833170168
1790273520,0.00019598253351610148,0.00019598253351610148,0.00018876992528032207,0.00019491307565102384,499.92766996906624
1790273580,0.00019491307565102384,0.0001950511589006661,0.00019491307565102384,0.0001950511589006661,1.784322790051379
1790273640,0.0001950511589006661,0.00019748478227163052,0.0001947655627005966,0.00019482103169436455,264.95667207238455
1790273700,0.00019482103169436455,0.00019482103169436455,0.00018099783676550927,0.00018099783676550927,846.3479610154984
1790273760,0.00018099783676550927,0.0001837401624680907,0.00018099783676550927,0.0001837401624680907,10.414124477793044
1790273820,0.0001837401624680907,0.0001837401624680907,0.0001787768844287745,0.00017900179666848422,348.07028619074185
1790273940,0.00017900179666848422,0.00017948528157642042,0.00017900179666848422,0.00017948528157642042,17.291851949998986
1790274060,0.00017948528157642042,0.00017948528157642042,0.0001767460440312324,0.0001767460440312324,22.00928681235474
1790274120,0.0001767460440312324,0.00017995870787032532,0.0001767460440312324,0.00017995870787032532,60.32929738139942
1790274180,0.00017995870787032532,0.00018015697056593556,0.00017995870787032532,0.00018015697056593556,10.565238424782889
1790274240,0.00018015697056593556,0.00018098850306248358,0.0001776751960104457,0.00018098850306248358,113.84347332509283
1790274300,0.00018098850306248358,0.0001827277069829332,0.00018098850306248358,0.0001827277069829332,51.26194168115939
1790274420,0.0001827277069829332,0.00018286316792405285,0.0001802845883579736,0.00018268796944852748,23.91153876624057
1790274480,0.00018268796944852748,0.00018289232810693716,0.00018268796944852748,0.000182867932660313,5.806406614260692
1790274540,0.000182867932660313,0.000182867932660313,0.00017949299670473807,0.00018149738827176066,97.17908621754734
1790274600,0.00018149738827176066,0.00018174331636619358,0.00018139698062027274,0.00018174331636619358,14.200103986595343
1790274660,0.00018174331636619358,0.00018174331636619358,0.0001685478177457147,0.0001685478177457147,708.2386489090883
1790274720,0.0001685478177457147,0.000170493263158121,0.00016736472871343959,0.00016932108172828617,116.38258707135053
1790274780,0.00016932108172828617,0.000169394395345725,0.000167186958415218,0.000169394395345725,20.70528855362022
1790274840,0.000169394395345725,0.00016972645183461959,0.000169394395345725,0.00016972645183461959,28.831035093764168
1790274900,0.00016972645183461959,0.00017010078425563598,0.00016733525805676325,0.00016795623032463583,48.827240787133015
1790274960,0.00016795623032463583,0.00017031366350097924,0.00016795623032463583,0.00017031366350097924,1.1556213685943169
1790275020,0.00017031366350097924,0.00017252297345281525,0.00016803478311308803,0.00017252297345281525,259.8902919382653
1790275140,0.00017252297345281525,0.00017252297345281525,0.0001509124900849486,0.00015867211375717388,2098.7798886461287
1790275200,0.00015867211375717388,0.00015901478628860396,0.00015867211375717388,0.00015901478628860396,15.786432189958166
1790275260,0.00015901478628860396,0.00015901478628860396,0.00015684566512396363,0.00015684566512396363,6.728980751236521
1790275320,0.00015684566512396363,0.00015808343657933792,0.00015591324468147304,0.00015808343657933792,64.62015805436462
1790275380,0.00015808343657933792,0.00015847990452803372,0.000154786924833591,0.0001555755259827878,280.14941777639183
1790275440,0.0001555755259827878,0.0001559100967930361,0.00015338514512795595,0.00015387987326641656,88.65975030727414
1790275500,0.00015387987326641656,0.00015387987326641656,0.00014618054772049845,0.00014660313203373576,693.9528550227604
1790275560,0.00014660313203373576,0.00014946524885080324,0.00014496923264420119,0.00014946524885080324,376.5434262359594
1790275620,0.00014946524885080324,0.00014946524885080324,0.0001487986606791591,0.0001487986606791591,71.40628848073341
1790275680,0.0001487986606791591,0.0001512281927635284,0.00014834030430478155,0.00014905140804875213,159.47137539844587
1790275740,0.00014905140804875213,0.00015122574038367438,0.00014535865826023075,0.00014535865826023075,402.8845037034196
1790275800,0.00014535865826023075,0.0001457465838384247,0.00014366565748093936,0.0001457465838384247,25.89758430621596
1790275860,0.0001457465838384247,0.00014589815939213644,0.0001404911872603856,0.00014313957667093122,713.0426870197834
1790275920,0.00014313957667093122,0.00015639241062679433,0.00014286586226836708,0.00015362154652371279,943.9079981342882
1790275980,0.00015362154652371279,0.00015366944253837532,0.00014217208373505945,0.00015146262670563945,1433.433793991044
1790276040,0.00015146262670563945,0.00015362278986239642,0.00015146262670563945,0.00015362278986239642,4.9439404813359475
1790276100,0.00015362278986239642,0.00015362278986239642,0.00015101902018346266,0.00015101902018346266,65.21465092140298
1790276160,0.00015101902018346266,0.00015101902018346266,0.00015020358467684647,0.00015020358467684647,41.49947768382839
1790276220,0.00015020358467684647,0.00015020358467684647,0.0001433066047120244,0.0001436052331164053,657.8475282114722
1790276280,0.0001436052331164053,0.00014368494526608835,0.000139970421810143,0.000140035624001664,119.21582493898907
1790276340,0.000140035624001664,0.00014055879249613248,0.00013905194392797195,0.00014055728279008841,152.9919654363885
1790276400,0.00014055728279008841,0.0001409362076702657,0.00014055728279008841,0.0001409362076702657,48.50523705731901
1790276460,0.0001409362076702657,0.0001409362076702657,0.00012925642455959802,0.00012925642455959802,918.9929377110869
1790276520,0.00012925642455959802,0.0001314458316419424,0.0001245391592910356,0.0001314458316419424,904.9515235207995
1790276580,0.0001314458316419424,0.0001314458316419424,0.00011642046590406304,0.00012787913358600767,2095.592325282208
1790276640,0.00012787913358600767,0.00012851977971762394,0.00012584673140450073,0.00012744660773423322,152.87190584930792
1790276700,0.00012744660773423322,0.00012839872671434387,0.0001258933998417873,0.0001258933998417873,308.98939330862254
1790276760,0.0001258933998417873,0.0001258933998417873,0.00012328186233422856,0.00012330506804090086,124.48254453067615
1790276820,0.00012330506804090086,0.00012887616452628928,0.00012330506804090086,0.00012887616452628928,281.01961064750293
1790276880,0.00012887616452628928,0.00014387225647117413,0.000128843574190562,0.00014387225647117413,1710.4889625795938
1790276940,0.00014387225647117413,0.00014387225647117413,0.0001397051479337591,0.00014047628213997908,430.36337075086914
1790277000,0.00014047628213997908,0.00014161196933631319,0.0001393750628254715,0.0001393750628254715,26.03041536155824
1790277060,0.0001393750628254715,0.00014106019207601073,0.0001393750628254715,0.00014106019207601073,1.0609046252644139
1790277120,0.00014106019207601073,0.0001412403451802554,0.00014106019207601073,0.0001412403451802554,7.777496983610261
1790277180,0.0001412403451802554,0.0001413461446061908,0.00013924262082349922,0.0001413461446061908,10.154858066945062
1790277240,0.0001413461446061908,0.0001413461446061908,0.00013932872327233707,0.00013932872327233707,12.925879806510098
1790277300,0.00013932872327233707,0.0001413262543609807,0.00013932872327233707,0.00013949051116524946,25.432934038947025
1790277360,0.00013949051116524946,0.0001415076939134093,0.00013949051116524946,0.0001415076939134093,13.865848115347378
1790277420,0.0001415076939134093,0.0001415076939134093,0.00013840459939965956,0.00014019182331862,104.73075030343409
1790277480,0.00014019182331862,0.00014019182331862,0.000133871666824328,0.00013560928555688052,339.8417048836065
1790277540,0.00013560928555688052,0.00013614422686124617,0.00013430818446726988,0.00013430818446726988,65.99142886298337
1790277600,0.00013430818446726988,0.00013585006245224148,0.0001340164285394529,0.00013585006245224148,20.350103472936595
1790277660,0.00013585006245224148,0.0001364142071281851,0.00013585006245224148,0.0001364142071281851,38.39071761503256
1790277720,0.0001364142071281851,0.00013807047762089112,0.0001356021252496698,0.00013564719305418242,168.7470246778493
1790277780,0.00013564719305418242,0.00013753139447727732,0.00013553432448348019,0.00013553432448348019,1.5867228369571629
1790277840,0.00013553432448348019,0.00013919136443677312,0.00013553432448348019,0.00013919136443677312,123.23335126151852
1790277900,0.00013919136443677312,0.0001401064108022498,0.0001361196365025455,0.0001361196365025455,515.0702889065683
1790277960,0.0001361196365025455,0.0001361196365025455,0.00013275659056215922,0.00013468476101115452,59.23464500090687
1790278020,0.00013468476101115452,0.00013468476101115452,0.00013260637372645786,0.00013454930871663792,45.61409188424712
1790278080,0.00013454930871663792,0.00013680712474592926,0.00013291510965792437,0.00013680712474592926,329.50320183016396
1790278140,0.00013680712474592926,0.00013998380361356894,0.00013680712474592926,0.00013998380361356894,113.3505423289423
1790278200,0.00013998380361356894,0.00014066199943305762,0.0001387147895428066,0.0001387147895428066,12.147800785038935
1790278260,0.0001387147895428066,0.00014058119061791975,0.0001387147895428066,0.00014058119061791975,1.0460237960534684
1790278320,0.00014058119061791975,0.00014058119061791975,0.00013808484723727777,0.00013956179589009977,78.16005521153139
1790278380,0.00013956179589009977,0.00013956179589009977,0.0001378071197619148,0.0001378071197619148,1.699327806622379
1790278440,0.0001378071197619148,0.00013781331614135488,0.00013672350271463923,0.00013676546800543249,76.89383711276649
1790278500,0.00013676546800543249,0.00013738439308977232,0.00013557151485394381,0.00013738439308977232,81.96103239318003
1790278560,0.00013738439308977232,0.00013765424491680653,0.0001361279418569101,0.0001361279418569101,52.82934357003267
1790278620,0.0001361279418569101,0.00013923343243099254,0.0001361279418569101,0.00013923343243099254,192.42899378352533
1790278740,0.00013923343243099254,0.00013923343243099254,0.00013728113783459774,0.00013728113783459774,96.14703827407803
1790278860,0.00013728113783459774,0.00013942071518950716,0.00013728113783459774,0.0001375723208696841,27.423136506810778
1790278920,0.0001375723208696841,0.00013965436976062694,0.0001375723208696841,0.0001376434521914344,12.991830012782254
1790279100,0.0001376434521914344,0.00013764507427276945,0.0001376434521914344,0.00013764507427276945,9.565965096065234
1790279220,0.00013764507427276945,0.00013764507427276945,0.00013727159285585377,0.00013727159285585377,32.75449681017401
1790279280,0.00013727159285585377,0.00013727159285585377,0.000129830263835627,0.00012992196867080976,665.55637956015
1790279400,0.00012992196867080976,0.00012992196867080976,0.000127854070683828,0.000127854070683828,28.84276281816736
1790279460,0.000127854070683828,0.00012930037276344264,0.00012765767740190105,0.00012930037276344264,10.988605422189778
1790279520,0.00012930037276344264,0.00012930037276344264,0.0001274877389485777,0.0001274877389485777,15.286720917277727
1790279580,0.0001274877389485777,0.00012900853158325418,0.0001272459972962958,0.00012900853158325418,16.69010299997649
1790279640,0.00012900853158325418,0.00012900853158325418,0.00012719496371640162,0.00012719496371640162,17.217287762856238
1790279700,0.00012719496371640162,0.00012719496371640162,0.00012540614012723525,0.00012540614012723525,228.67460299182272
1790279760,0.00012540614012723525,0.00012566242399987966,0.00012540614012723525,0.00012566242399987966,0.6768617529015913
1790279880,0.00012566242399987966,0.00012566242399987966,0.0001226433558483077,0.00012296384736247765,321.83841334966235
1790279940,0.00012296384736247765,0.00012467655177574345,0.00012296384736247765,0.00012467655177574345,34.55517760006381
1790280000,0.00012467655177574345,0.000125126515835764,0.00012307629117150765,0.00012483846864313355,16.800792651457176
1790280120,0.00012483846864313355,0.00012483846864313355,0.00012317810070737098,0.00012317810070737098,0.31811198480568714
1790280180,0.00012317810070737098,0.000127484202576637,0.00012290083492639528,0.000127484202576637,485.0809835712608
1790280240,0.000127484202576637,0.00013003443924164488,0.000127484202576637,0.00013003443924164488,14.232043381150522
1790280300,0.00013003443924164488,0.00013063982317690893,0.0001299623388722194,0.00013063982317690893,76.59486569533372
1790280360,0.00013063982317690893,0.00013146335008451017,0.00012890602138011586,0.00013146335008451017,113.03868477661347
1790280420,0.00013146335008451017,0.00013146335008451017,0.00013042331665673613,0.00013042331665673613,13.000622682493937
1790280480,0.00013042331665673613,0.00013224333138642328,0.00013001990853099785,0.00013001990853099785,78.20285200583301
1790280540,0.00013001990853099785,0.00013200916653842892,0.00012925715980009522,0.00013200916653842892,188.77890120501317
1790280600,0.00013200916653842892,0.00013298284205662166,0.00013079331825182627,0.00013103061617339442,54.407941209058144
1790280660,0.00013103061617339442,0.00013263685522676825,0.00013103061617339442,0.00013263685522676825,12.440307958025409
1790280780,0.00013263685522676825,0.00014030424527463714,0.00013263685522676825,0.00013982196148987845,714.4191962201844
1790280900,0.00013982196148987845,0.00014157973876350325,0.00013982196148987845,0.00014157973876350325,1.1447871523497566
1790280960,0.00014157973876350325,0.0001416047863908236,0.00014157973876350325,0.0001416047863908236,4.022617188611709
1790281020,0.0001416047863908236,0.0001416047863908236,0.00013967898634716655,0.00013967898634716655,15.00506976726465
1790281080,0.00013967898634716655,0.00013967898634716655,0.00013961591366846068,0.00013961591366846068,0.1552968153961387
1790281140,0.00013961591366846068,0.00013961591366846068,0.000139537006642586,0.000139537006642586,6.97886701876474
1790281200,0.000139537006642586,0.000139537006642586,0.00013586543734161698,0.00013586543734161698,255.3874877929667
1790281260,0.00013586543734161698,0.00013797492758724342,0.00013586543734161698,0.00013797492758724342,28.076423477447847
1790281320,0.00013797492758724342,0.00013935270134762638,0.00013797492758724342,0.00013935270134762638,180.0579603644377
1790281440,0.00013935270134762638,0.00013935270134762638,0.0001385304035135191,0.0001385304035135191,3.3548327845822987
1790281500,0.0001385304035135191,0.0001404195004513043,0.0001385304035135191,0.0001404195004513043,2.338223764687431
1790281560,0.0001404195004513043,0.00014369902829402907,0.0001404195004513043,0.00014369902829402907,230.24187933501057
1790281620,0.00014369902829402907,0.00014369902829402907,0.00013928792646861554,0.00013928792646861554,208.73049092920027
1790281680,0.00013928792646861554,0.00013928792646861554,0.0001383851403112604,0.0001383851403112604,67.37764039511315
1790281860,0.0001383851403112604,0.00013989615430942557,0.0001383851403112604,0.00013989615430942557,8.653959202768117
1790281980,0.00013989615430942557,0.00013989615430942557,0.00013633246748908804,0.00013702440436569565,125.99947407407875
1790282040,0.00013702440436569565,0.00013854342542746672,0.00013702440436569565,0.00013854342542746672,48.53273755198307
1790282100,0.00013854342542746672,0.00013903031680071934,0.00013237418328787713,0.00013247533201831758,515.8973110247724
1790282160,0.00013247533201831758,0.00013247533201831758,0.00012811617516341768,0.00012835098084693292,358.8225306161281
1790282280,0.00012835098084693292,0.00012880811744724594,0.00012835098084693292,0.00012880811744724594,32.09095846824414
1790282340,0.00012880811744724594,0.00012922098904607132,0.00012880811744724594,0.00012922098904607132,4.969139575205341
1790282400,0.00012922098904607132,0.00012994490252342628,0.00012922098904607132,0.00012994490252342628,117.0895120459022
1790282580,0.00012994490252342628,0.0001307479494658315,0.00012888949908005634,0.0001307479494658315,24.092469062891283
1790282640,0.0001307479494658315,0.0001318770810971107,0.0001307479494658315,0.0001318770810971107,151.7585603585291
1790282700,0.0001318770810971107,0.0001318770810971107,0.00012896843335391485,0.00012896843335391485,306.68987767121115
1790282760,0.00012896843335391485,0.00013018369936669032,0.00012896843335391485,0.00013018369936669032,149.2744150628997
1790282880,0.00013018369936669032,0.00013121983732179064,0.00012885526280243906,0.00013121983732179064,48.38107680909579
1790283000,0.00013121983732179064,0.00013121983732179064,0.0001283518018413376,0.0001283518018413376,97.3720247278872
1790283060,0.0001283518018413376,0.0001283518018413376,0.00012810394347269395,0.00012810394347269395,0.5636833105191666
1790283120,0.00012810394347269395,0.00012810394347269395,0.00012773923692572113,0.00012773923692572113,51.741682858689835
1790283240,0.00012773923692572113,0.0001289057210965647,0.00012731495131338306,0.0001289057210965647,13.147771903235915
1790283420,0.0001289057210965647,0.0001289057210965647,0.00012677407243444426,0.00012843691730472263,42.09305584149744
1790283480,0.00012843691730472263,0.00012847688052402165,0.00012516213323033443,0.00012516213323033443,139.27206865441406
1790283660,0.00012516213323033443,0.00012742089747553694,0.00012516213323033443,0.00012742089747553694,98.98757490518737
1790283720,0.00012742089747553694,0.00012742089747553694,0.00012635613681866712,0.00012635613681866712,2.1351680636102635
1790283780,0.00012635613681866712,0.00012635613681866712,0.00012610456840436926,0.00012610456840436926,19.728332255212152
1790283840,0.00012610456840436926,0.00012610456840436926,0.0001255325098496543,0.000125645448209353,31.675933705854764
1790283900,0.000125645448209353,0.000125645448209353,0.000125547918438395,0.000125547918438395,1.6913549576156737
1790284020,0.000125547918438395,0.00012761697631770902,0.00012535324861909615,0.00012535324861909615,162.31460249709482
1790284140,0.00012535324861909615,0.00012535324861909615,0.00011858973998490014,0.00011858973998490014,810.2874349071245
1790284200,0.00011858973998490014,0.00012002655455443073,0.00011840706747880808,0.00012002655455443073,6.992614598308392
1790284260,0.00012002655455443073,0.00012065042399106271,0.00011893898241311613,0.00012059755002960015,57.23578608678431
1790284320,0.00012059755002960015,0.00012299123057036342,0.00011880826355747048,0.00012299123057036342,379.44324450441565
1790284380,0.00012299123057036342,0.00012576451559519658,0.00012299123057036342,0.00012576451559519658,57.19842704796532
1790284440,0.00012576451559519658,0.00012605278010513818,0.00012576451559519658,0.00012605278010513818,0.9730661402552012
1790284500,0.00012605278010513818,0.00012610622912041084,0.00012605278010513818,0.00012610622912041084,4.56635456950522
1790284560,0.00012610622912041084,0.00012632717033582175,0.00012444755308909763,0.00012632717033582175,16.116065623468167
1790284620,0.00012632717033582175,0.00012632717033582175,0.00012462972937164868,0.00012462972937164868,0.2231571884382879
1790284680,0.00012462972937164868,0.00012462972937164868,0.00012174356287755302,0.00012174356287755302,261.6064143285949
1790284740,0.00012174356287755302,0.00012174356287755302,0.00012018075956595384,0.00012018075956595384,89.43889528526924
1790284860,0.00012018075956595384,0.00012018075956595384,0.00012008828592806953,0.00012008828592806953,14.373934853084242
1790284920,0.00012008828592806953,0.00012008828592806953,0.00011971180225458292,0.00011971180225458292,14.404030258837263
1790284980,0.00011971180225458292,0.0001214249782883438,0.00011898399209932786,0.0001198896395195397,125.4464499264114
1790285040,0.0001198896395195397,0.0001198896395195397,0.00011804054497229406,0.00011804054497229406,21.58460728113988
1790285160,0.00011804054497229406,0.00011804054497229406,0.00011783789318642883,0.0001178573847422329,11.344073622237929
1790285220,0.0001178573847422329,0.00011924888227099417,0.00011763719697961975,0.00011924888227099417,19.98723833854107
1790285280,0.00011924888227099417,0.00011924888227099417,0.00011581792383323564,0.00011581792383323564,140.3878765672735
1790285340,0.00011581792383323564,0.00011873619600457857,0.00011581792383323564,0.00011846490164439254,104.26807788802397
1790285400,0.00011846490164439254,0.0001192409149901951,0.00011846490164439254,0.0001192409149901951,69.71663286127827
1790285460,0.0001192409149901951,0.00011969100261668239,0.0001177681017278122,0.0001177681017278122,52.89561537526078
1790285520,0.0001177681017278122,0.0001177681017278122,0.0001175470270329385,0.0001175470270329385,9.71853348466387
1790285580,0.0001175470270329385,0.0001175470270329385,0.0001174498568483096,0.0001174498568483096,22.971083957585808
1790285640,0.0001174498568483096,0.0001174498568483096,0.00011681803240816321,0.00011681803240816321,33.999791330652286
1790285700,0.00011681803240816321,0.00011681803240816321,0.00011642260792636257,0.00011642260792636257,52.90640548350938
1790285760,0.00011642260792636257,0.00011642260792636257,0.00011628486947903036,0.00011628486947903036,3.2096061975839634
1790285880,0.00011628486947903036,0.00011783366791530977,0.00011565449141176587,0.00011565449141176587,93.21338166857316
1790286360,0.00011565449141176587,0.00011565449141176587,0.00011515285764279445,0.00011515480552072838,5.164590812274905
1790286420,0.00011515480552072838,0.00011702172612050105,0.00011515480552072838,0.00011702172612050105,41.84532421853152
1790286480,0.00011702172612050105,0.00011720256041974969,0.00011702172612050105,0.00011720256041974969,0.15063599744461345
1790286540,0.00011720256041974969,0.00011727475841394103,0.00011720256041974969,0.00011722411486692965,7.875297195521548
1790286660,0.00011722411486692965,0.00011767817960423676,0.00011722411486692965,0.00011767817960423676,49.42472877263101
1790286720,0.00011767817960423676,0.00011812066427120749,0.00011767817960423676,0.00011812066427120749,11.237812524651682
1790286780,0.00011812066427120749,0.00011832215233957587,0.00011664996014838659,0.00011664996014838659,16.417505497339583
1790286840,0.00011664996014838659,0.00011665540019347993,0.00011664996014838659,0.00011665540019347993,2.061772656609032
1790286900,0.00011665540019347993,0.0001183872151668067,0.00011625029161189944,0.00011625029161189944,38.95795432679679
1790286960,0.00011625029161189944,0.00011625029161189944,0.00011603550302612773,0.00011603550302612773,21.087419622403864
1790287200,0.00011603550302612773,0.00011603550302612773,0.00011562673018945407,0.00011562673018945407,3.874530882527816
1790287260,0.00011562673018945407,0.00011730206257088823,0.00011562673018945407,0.00011730206257088823,0.14042184784257558
1790287320,0.00011730206257088823,0.00011730206257088823,0.00011504736298448418,0.00011504736298448418,99.63771204219178
1790287380,0.00011504736298448418,0.0001169709518765982,0.00011504736298448418,0.00011533473696240137,54.80246842601417
1790287500,0.00011533473696240137,0.00011533473696240137,0.00011406788967250036,0.00011406788967250036,122.96355063242261
1790287560,0.00011406788967250036,0.00011475614418540016,0.00011314740477479398,0.00011314740477479398,36.303239580398674
1790287680,0.00011314740477479398,0.00011408982967209682,0.00011283782228089506,0.00011408982967209682,51.28076193541356
1790287800,0.00011408982967209682,0.00011408982967209682,8.435147920914321e-05,9.939796499493885e-05,4932.431359294743
1790287860,9.939796499493885e-05,0.00010034686615064375,9.801161438885832e-05,9.890094370012227e-05,231.062337635814
1790287920,9.890094370012227e-05,9.890094370012227e-05,9.552822339750229e-05,9.552822339750229e-05,285.3837404223881
1790287980,9.552822339750229e-05,9.615210140916112e-05,9.327651762253731e-05,9.479797679975242e-05,319.6907767397066
1790288040,9.479797679975242e-05,9.479797679975242e-05,9.437465266742739e-05,9.437465266742739e-05,56.1590538294182
1790288100,9.437465266742739e-05,9.49786443407242e-05,9.318739598146099e-05,9.371912444111636e-05,296.67585738460025
1790288160,9.371912444111636e-05,9.371912444111636e-05,9.370578697333695e-05,9.370578697333695e-05,1.5766570805183928
1790288220,9.370578697333695e-05,9.370578697333695e-05,9.281791558104112e-05,9.344089151728397e-05,132.79310394948112
1790288280,9.344089151728397e-05,9.344089151728397e-05,9.123603724215691e-05,9.123603724215691e-05,123.53794011079896
1790288340,9.123603724215691e-05,9.281547096782043e-05,9.123603724215691e-05,9.147316647729776e-05,86.40285272104786
1790288400,9.147316647729776e-05,9.287656536263599e-05,9.147316647729776e-05,9.287656536263599e-05,4.944300291560107
1790288460,9.287656536263599e-05,9.291765858633261e-05,9.144550817873578e-05,9.291765858633261e-05,21.585083286772473
1790288520,9.291765858633261e-05,9.291765858633261e-05,9.06785018365806e-05,9.184909867529785e-05,123.58829255233539
1790288580,9.184909867529785e-05,9.184909867529785e-05,9.080062909605044e-05,9.080062909605044e-05,8.732559038563721
1790288640,9.080062909605044e-05,9.206379508657221e-05,9.080062909605044e-05,9.206379508657221e-05,4.588069792000155
1790288700,9.206379508657221e-05,9.206379508657221e-05,9.075867516172293e-05,9.075867516172293e-05,33.043072064409564
1790288760,9.075867516172293e-05,9.174483872883573e-05,9.048547012823454e-05,9.174483872883573e-05,6.55417968616107
1790288880,9.174483872883573e-05,9.174483872883573e-05,8.988146986254116e-05,8.988146986254116e-05,74.24721848159714
1790288940,8.988146986254116e-05,9.189828717954445e-05,8.381837708895212e-05,8.775950232423455e-05,1601.1129412027803
1790289000,8.775950232423455e-05,8.865609406458048e-05,8.367702627002372e-05,8.491129615901227e-05,788.7143705723776
1790289060,8.491129615901227e-05,8.525575292167464e-05,7.001192628613414e-05,7.054720841807287e-05,3423.567665245257
1790289120,7.054720841807287e-05,7.290659290453087e-05,7.00544393630333e-05,7.076073252096079e-05,428.1221615807332
1790289180,7.076073252096079e-05,7.076073252096079e-05,6.69722330913941e-05,6.76826241426855e-05,316.6551116879379
1790289240,6.76826241426855e-05,7.547035008662043e-05,6.76826241426855e-05,7.428957624960276e-05,919.69550071215
1790289300,7.428957624960276e-05,7.780750850171386e-05,7.428957624960276e-05,7.565906985852902e-05,497.5907998802037
1790289360,7.565906985852902e-05,7.656467895354316e-05,7.504650450204143e-05,7.504650450204143e-05,149.8093339965302
1790289420,7.504650450204143e-05,7.610782889238346e-05,7.457145056626842e-05,7.50173259690058e-05,88.0285870200162
1790289480,7.50173259690058e-05,7.5207381957078e-05,7.404684109362296e-05,7.419565664950727e-05,108.43257446038389
1790289540,7.419565664950727e-05,7.539919922068647e-05,7.419565664950727e-05,7.539919922068647e-05,48.537888367812414
1790289600,7.539919922068647e-05,7.539919922068647e-05,7.449832484872851e-05,7.449832484872851e-05,12.889931191933199
1790289660,7.449832484872851e-05,7.56700058039166e-05,7.445660982100865e-05,7.56700058039166e-05,48.725481064522796
1790289720,7.56700058039166e-05,7.655633976353379e-05,7.484036959135106e-05,7.594603285672391e-05,184.84676442116736
1790289780,7.594603285672391e-05,7.959565846568803e-05,7.594603285672391e-05,7.629046283320473e-05,608.8961967781261
1790289840,7.629046283320473e-05,7.764103298583573e-05,7.629046283320473e-05,7.764103298583573e-05,64.48278599882221
1790289900,7.764103298583573e-05,7.78202971971523e-05,7.652153084171228e-05,7.78202971971523e-05,106.39473415021169
1790289960,7.78202971971523e-05,7.78202971971523e-05,7.444748109470815e-05,7.444748109470815e-05,303.7296488800362
1790290020,7.444748109470815e-05,7.551845366188813e-05,7.425790431158149e-05,7.551845366188813e-05,50.32313515972077
1790290080,7.551845366188813e-05,7.551845366188813e-05,7.322491730818991e-05,7.349282050191448e-05,318.0620335306652
1790290140,7.349282050191448e-05,7.423788170440186e-05,7.349282050191448e-05,7.423788170440186e-05,69.38276377067629
1790290200,7.423788170440186e-05,7.430353367550274e-05,7.321997572679296e-05,7.430353367550274e-05,26.163744721484644
1790290260,7.430353367550274e-05,7.445516299000664e-05,7.323375244837848e-05,7.445516299000664e-05,83.85253542013751
1790290320,7.445516299000664e-05,7.479958377762193e-05,7.445516299000664e-05,7.47750080510652e-05,3.8215066643428477
1790290380,7.47750080510652e-05,7.47750080510652e-05,7.308274706873252e-05,7.308274706873252e-05,71.74781261061308
1790290440,7.308274706873252e-05,7.406362805999843e-05,7.308274706873252e-05,7.406362805999843e-05,0.9918027604010556
1790290500,7.406362805999843e-05,7.419938947501718e-05,7.291772685512742e-05,7.41350691522537e-05,75.41765395315326
1790290620,7.41350691522537e-05,7.420437794792038e-05,7.132682968279359e-05,7.244084176884787e-05,287.42044346685043
1790290740,7.244084176884787e-05,7.244084176884787e-05,7.160467957130312e-05,7.160467957130312e-05,32.20469210462691
1790290800,7.160467957130312e-05,7.224832317093504e-05,7.12696231062629e-05,7.224832317093504e-05,53.95582967063382
1790290860,7.224832317093504e-05,7.224832317093504e-05,7.098253678073253e-05,7.123642109390999e-05,52.067487056482584
1790290920,7.123642109390999e-05,7.199368732762307e-05,7.123642109390999e-05,7.199368732762307e-05,29.67715395282395
1790291040,7.199368732762307e-05,7.599918176605295e-05,6.958909798034908e-05,7.473782798885608e-05,1113.4680717833483
1790291100,7.473782798885608e-05,7.473782798885608e-05,7.452347668382893e-05,7.452347668382893e-05,8.527616194563198
1790291160,7.452347668382893e-05,7.452347668382893e-05,7.390772197505095e-05,7.390772197505095e-05,124.70528403182647
1790291220,7.390772197505095e-05,7.578258746020422e-05,7.390772197505095e-05,7.558684593467149e-05,303.1083074510761
1790291400,7.558684593467149e-05,7.558684593467149e-05,7.379525574710135e-05,7.379525574710135e-05,131.78811661759886
1790291520,7.379525574710135e-05,7.379525574710135e-05,7.283432021923446e-05,7.283432021923446e-05,182.14016230257425
1790291640,7.283432021923446e-05,7.285172983141172e-05,7.138824419290222e-05,7.138824419290222e-05,47.84200325775775
1790291700,7.138824419290222e-05,7.138824419290222e-05,7.11490454281287e-05,7.11490454281287e-05,40.72414500410469
1790291760,7.11490454281287e-05,7.11490454281287e-05,7.07804557020589e-05,7.07804557020589e-05,33.174846592572514
1790291820,7.07804557020589e-05,7.158056026980175e-05,7.051275513868614e-05,7.158056026980175e-05,20.801164139389194
1790291880,7.158056026980175e-05,7.301732628660906e-05,7.158056026980175e-05,7.301732628660906e-05,147.57118993986668
1790291940,7.301732628660906e-05,7.301732628660906e-05,7.16887572152855e-05,7.16887572152855e-05,54.275433064925224
1790292000,7.16887572152855e-05,7.371801154950834e-05,7.16887572152855e-05,7.261199185942149e-05,138.51650582743602
1790292060,7.261199185942149e-05,7.369475919641063e-05,7.261199185942149e-05,7.369475919641063e-05,5.500251036550365
1790292120,7.369475919641063e-05,7.369475919641063e-05,7.140942893594324e-05,7.140942893594324e-05,251.928145646173
1790292180,7.140942893594324e-05,7.140942893594324e-05,7.092719193535778e-05,7.092719193535778e-05,74.92339173604992
1790292240,7.092719193535778e-05,7.214094783151035e-05,7.055418233091162e-05,7.214094783151035e-05,74.85204216555327
1790292300,7.214094783151035e-05,7.231671853401125e-05,7.118056430488188e-05,7.118056430488188e-05,45.476924499988186
1790292360,7.118056430488188e-05,7.118056430488188e-05,7.101338205976877e-05,7.101338205976877e-05,10.85932146311126
1790292540,7.101338205976877e-05,7.207823353235542e-05,7.090859291701249e-05,7.090859291701249e-05,42.084744948731995
1790292600,7.090859291701249e-05,7.090859291701249e-05,6.884077749756358e-05,6.942327492274035e-05,415.88025354182605
1790292660,6.942327492274035e-05,7.041958045419414e-05,6.893923814116942e-05,7.000196669488448e-05,75.18620726355626
1790292720,7.000196669488448e-05,7.000196669488448e-05,6.877203899347282e-05,6.877203899347282e-05,135.77406962203682
1790292780,6.877203899347282e-05,6.877203899347282e-05,6.717895150991131e-05,6.835318251764534e-05,245.99196276199928
1790292840,6.835318251764534e-05,6.875316872795092e-05,6.757915548629075e-05,6.757915548629075e-05,216.1492198771845
1790292960,6.757915548629075e-05,6.835863333075741e-05,6.642417724654847e-05,6.783666110586622e-05,401.6899260758804
1790293020,6.783666110586622e-05,6.783666110586622e-05,6.763037413175618e-05,6.763037413175618e-05,0.4625345915117409
1790293140,6.763037413175618e-05,6.763037413175618e-05,6.760467783679132e-05,6.760467783679132e-05,13.006590979010209
1790293200,6.760467783679132e-05,6.896322225955524e-05,6.738906029487161e-05,6.838899481385278e-05,204.27394921936266
1790293260,6.838899481385278e-05,6.947696422913107e-05,6.838899481385278e-05,6.861032251074449e-05,43.0013944010251
1790293320,6.861032251074449e-05,6.861032251074449e-05,6.844528826978593e-05,6.850780010762241e-05,12.660115648743822
1790293380,6.850780010762241e-05,7.022763567554031e-05,6.850780010762241e-05,7.022763567554031e-05,178.71741456751192
1790293500,7.022763567554031e-05,7.122774130450873e-05,7.022763567554031e-05,7.122774130450873e-05,25.54932405273862
1790293620,7.122774130450873e-05,7.158798709838903e-05,7.03709924804355e-05,7.158798709838903e-05,45.89814366915523
1790293740,7.158798709838903e-05,7.168422810196418e-05,6.787617646173319e-05,6.787617646173319e-05,302.6400713961426
1790293800,6.787617646173319e-05,8.017407186998935e-05,6.787617646173319e-05,7.849439723186261e-05,1297.440310379636
1790293860,7.849439723186261e-05,7.849439723186261e-05,7.815926707899716e-05,7.815926707899716e-05,2.098904387638463
1790293920,7.815926707899716e-05,7.816709367291789e-05,7.813729878791914e-05,7.816709367291789e-05,3.396124989020389
1790293980,7.816709367291789e-05,7.816709367291789e-05,7.798457008068983e-05,7.798457008068983e-05,22.158104402271633
1790294040,7.798457008068983e-05,7.798457008068983e-05,7.584203220445102e-05,7.584203220445102e-05,287.4672565635504
1790294100,7.584203220445102e-05,7.584203220445102e-05,7.4320691967655e-05,7.4320691967655e-05,51.381673639972234
1790294220,7.4320691967655e-05,7.4320691967655e-05,7.412994183776747e-05,7.412994183776747e-05,29.981816619748155
1790294280,7.412994183776747e-05,7.556464639645371e-05,7.412994183776747e-05,7.556464639645371e-05,81.6178240164591
1790294340,7.556464639645371e-05,7.635134176455164e-05,7.556464639645371e-05,7.567150715800591e-05,85.3161498349707
1790294460,7.567150715800591e-05,8.486150757330703e-05,7.524266077396408e-05,8.420884689805875e-05,1144.7464951553757
1790294520,8.420884689805875e-05,8.420884689805875e-05,8.229064927807782e-05,8.31707947791105e-05,288.7391270683529
1790294580,8.31707947791105e-05,8.31707947791105e-05,8.229916672312654e-05,8.229916672312654e-05,142.37270598852297
1790294640,8.229916672312654e-05,8.334026317725379e-05,8.229916672312654e-05,8.334026317725379e-05,98.59313093838492
1790294700,8.334026317725379e-05,8.334026317725379e-05,8.217893120173832e-05,8.217893120173832e-05,85.788656254132
1790294760,8.217893120173832e-05,8.302687522010677e-05,8.171710177176268e-05,8.171710177176268e-05,42.757069874432204
1790294820,8.171710177176268e-05,8.479474448336561e-05,8.171710177176268e-05,8.346576075444075e-05,330.3149818008734
1790294880,8.346576075444075e-05,8.346576075444075e-05,8.302862420600477e-05,8.302862420600477e-05,1.104096973626333
1790294940,8.302862420600477e-05,8.312017029876519e-05,8.280614935413525e-05,8.280614935413525e-05,34.40341919548954
1790295000,8.280614935413525e-05,8.492570669477884e-05,8.280614935413525e-05,8.492570669477884e-05,127.29643716409117
1790295060,8.492570669477884e-05,8.524659378667623e-05,8.370393906277945e-05,8.370393906277945e-05,104.47427742651008
1790295120,8.370393906277945e-05,9.246271306861983e-05,8.370393906277945e-05,9.061685475706728e-05,1471.3624178546781
1790295180,9.061685475706728e-05,9.128192473752899e-05,8.959538678571743e-05,8.959538678571743e-05,121.26961323800334
1790295240,8.959538678571743e-05,9.061711186703925e-05,8.805365821641305e-05,8.912331324792546e-05,142.82246247417507
1790295300,8.912331324792546e-05,8.931770488558473e-05,8.716508787578752e-05,8.931770488558473e-05,367.486562560599
1790295420,8.931770488558473e-05,9.03489030227855e-05,8.931770488558473e-05,9.03489030227855e-05,8.632879259195406
1790295480,9.03489030227855e-05,9.03489030227855e-05,9.033398366520135e-05,9.033398366520135e-05,2.8021558173898535
1790295540,9.033398366520135e-05,9.05482361296875e-05,9.033398366520135e-05,9.05482361296875e-05,21.044182531988852
1790295600,9.05482361296875e-05,9.05858656609467e-05,9.05482361296875e-05,9.05858656609467e-05,0.2310185633646894
1790295660,9.05858656609467e-05,9.05858656609467e-05,9.05509616383268e-05,9.05509616383268e-05,5.696241821460393
1790295720,9.05509616383268e-05,9.061920436760947e-05,8.929794244911007e-05,9.061920436760947e-05,6.9883830813488474
1790295780,9.061920436760947e-05,9.071622238764098e-05,8.932094414051432e-05,9.071622238764098e-05,17.48903606601446
1790295840,9.071622238764098e-05,9.071622238764098e-05,8.938440410212102e-05,8.938440410212102e-05,3.0997896823049684
1790296020,8.938440410212102e-05,8.938440410212102e-05,8.9269934979087e-05,8.9269934979087e-05,10.13148511262155
1790296140,8.9269934979087e-05,8.9269934979087e-05,8.924911748773293e-05,8.924911748773293e-05,1.745722008633637
1790296200,8.924911748773293e-05,9.141199971216815e-05,8.897198150659704e-05,9.141199971216815e-05,265.6011201092604
1790296260,9.141199971216815e-05,9.141199971216815e-05,9.037365079699046e-05,9.037365079699046e-05,2.321308773400895
1790296380,9.037365079699046e-05,9.247726387953503e-05,9.037365079699046e-05,9.247726387953503e-05,139.0090079100604
1790296440,9.247726387953503e-05,9.247726387953503e-05,9.169270492823302e-05,9.169270492823302e-05,40.25699834257235
1790296560,9.169270492823302e-05,9.178415178843309e-05,9.035208414525663e-05,9.178415178843309e-05,386.3231099283768
1790296620,9.178415178843309e-05,9.178415178843309e-05,9.055166728130613e-05,9.055166728130613e-05,200.1881827802529
1790296680,9.055166728130613e-05,9.087915504809544e-05,9.055166728130613e-05,9.087915504809544e-05,8.383372983496425
1790296740,9.087915504809544e-05,9.087915504809544e-05,8.950532398159327e-05,8.950532398159327e-05,14.141741487095754
1790296800,8.950532398159327e-05,9.079248862877153e-05,8.950532398159327e-05,9.079248862877153e-05,5.802139717271826
1790296920,9.079248862877153e-05,9.079248862877153e-05,8.907708204703746e-05,8.907708204703746e-05,74.31927517913871
1790296980,8.907708204703746e-05,8.907708204703746e-05,8.849829646413036e-05,8.849829646413036e-05,22.33604764670625
1790297040,8.849829646413036e-05,8.96096718169266e-05,8.849829646413036e-05,8.96096718169266e-05,9.767540291145226
1790297100,8.96096718169266e-05,8.96096718169266e-05,8.831213036318611e-05,8.831213036318611e-05,16.8923967105326
1790297160,8.831213036318611e-05,8.831213036318611e-05,8.814412088388393e-05,8.814412088388393e-05,25.538979907087406
1790297280,8.814412088388393e-05,8.814412088388393e-05,8.300645223248113e-05,8.300645223248113e-05,525.1999420543278
1790297400,8.300645223248113e-05,8.300645223248113e-05,8.149519205513596e-05,8.149519205513596e-05,78.74998999187973
1790297520,8.149519205513596e-05,8.259393880080433e-05,8.149519205513596e-05,8.259393880080433e-05,3.8256074568870413
1790297580,8.259393880080433e-05,8.259393880080433e-05,8.146535680437692e-05,8.146535680437692e-05,2.436068992086954
1790297700,8.146535680437692e-05,8.187118802399267e-05,8.055740804740197e-05,8.187118802399267e-05,143.17006998588585
1790297760,8.187118802399267e-05,8.187118802399267e-05,8.071077052733938e-05,8.071077052733938e-05,1.8771742387174852
1790297820,8.071077052733938e-05,8.071077052733938e-05,8.061667868262133e-05,8.061667868262133e-05,21.222986086456466
1790297940,8.061667868262133e-05,8.17518714894289e-05,8.043708042257197e-05,8.043708042257197e-05,54.926546316868055
1790298060,8.043708042257197e-05,8.150438175254125e-05,8.043708042257197e-05,8.04379170552763e-05,32.923324774629016
1790298120,8.04379170552763e-05,8.171932624039086e-05,8.04379170552763e-05,8.171932624039086e-05,19.964385175258364
1790298180,8.171932624039086e-05,8.171932624039086e-05,8.051432346147868e-05,8.170754344882049e-05,107.9673018102643
1790298240,8.170754344882049e-05,8.180625344582288e-05,8.044964273071724e-05,8.044964273071724e-05,55.3002795957851
1790298360,8.044964273071724e-05,8.30084479834257e-05,8.044964273071724e-05,8.30084479834257e-05,301.7817367632034
1790298420,8.30084479834257e-05,8.496668215744395e-05,8.30084479834257e-05,8.496668215744395e-05,64.19777110288418
1790298480,8.496668215744395e-05,8.584180459630602e-05,8.496668215744395e-05,8.584180459630602e-05,51.4667815349681
1790298540,8.584180459630602e-05,8.665206161498468e-05,8.584180459630602e-05,8.665206161498468e-05,74.20384608056213
1790298600,8.665206161498468e-05,8.673402774144061e-05,8.665206161498468e-05,8.673402774144061e-05,4.761732970308883
1790298720,8.673402774144061e-05,8.673402774144061e-05,8.671325258748818e-05,8.671325258748818e-05,0.23311564985508187
1790298840,8.671325258748818e-05,8.671325258748818e-05,8.530429022048832e-05,8.530429022048832e-05,14.887092810328623
1790298960,8.530429022048832e-05,8.688037303325421e-05,8.530429022048832e-05,8.688037303325421e-05,57.76321442684381
1790299080,8.688037303325421e-05,8.688037303325421e-05,8.598056229016849e-05,8.598056229016849e-05,8.598056229016848
1790299140,8.598056229016849e-05,8.71127685486925e-05,8.598056229016849e-05,8.71127685486925e-05,0.9017923568986513
1790299380,8.71127685486925e-05,8.71127685486925e-05,8.699976637068416e-05,8.699976637068416e-05,1.9052764896793777
1790299440,8.699976637068416e-05,8.699976637068416e-05,8.691973083441864e-05,8.691973083441864e-05,0.4919424779943288
1790299560,8.691973083441864e-05,8.691973083441864e-05,8.564148192928176e-05,8.564148192928176e-05,24.111845936294365
1790299680,8.564148192928176e-05,8.564148192928176e-05,8.513186478355077e-05,8.513186478355077e-05,68.0007338502901
1790299740,8.513186478355077e-05,8.592761590510383e-05,8.513186478355077e-05,8.592761590510383e-05,0.23814412761943676
1790299800,8.592761590510383e-05,8.592761590510383e-05,8.43363124998136e-05,8.43363124998136e-05,54.229057133399564
1790299860,8.43363124998136e-05,8.43363124998136e-05,8.393856752930049e-05,8.393856752930049e-05,4.157101338573921
1790300160,8.393856752930049e-05,8.393856752930049e-05,8.370236809482848e-05,8.370236809482848e-05,46.41232235255781
1790300220,8.370236809482848e-05,8.46454011825951e-05,8.370236809482848e-05,8.46454011825951e-05,0.9901432523355549
1790300340,8.46454011825951e-05,8.467782166026626e-05,8.46454011825951e-05,8.467782166026626e-05,0.32301932366092634
1790300580,8.467782166026626e-05,8.467782166026626e-05,8.340464493804297e-05,8.340464493804297e-05,20.760219224735202
1790300760,8.340464493804297e-05,8.340464493804297e-05,8.2894633637232e-05,8.2894633637232e-05,86.47927590404983
1790300880,8.2894633637232e-05,8.2894633637232e-05,8.13701789800923e-05,8.145178332026503e-05,197.1750664305923
1790301000,8.145178332026503e-05,8.145178332026503e-05,8.019626254636088e-05,8.019626254636088e-05,35.15444507374909
1790301060,8.019626254636088e-05,8.115917746205442e-05,8.006843917577183e-05,8.006843917577183e-05,10.160657024083697
1790301120,8.006843917577183e-05,8.010859223757604e-05,8.006843917577183e-05,8.010859223757604e-05,1.253913574031561
1790301240,8.010859223757604e-05,8.112221161191775e-05,7.98421539826561e-05,7.98421539826561e-05,30.649042047549486
1790301300,7.98421539826561e-05,7.98421539826561e-05,7.944264735670352e-05,7.944264735670352e-05,29.536482492676008
1790301540,7.944264735670352e-05,7.944264735670352e-05,7.747883987913647e-05,7.747883987913647e-05,197.8781489863502
1790301720,7.747883987913647e-05,7.847848599454141e-05,7.739577756300304e-05,7.741735275604223e-05,8.814607604371407
1790301840,7.741735275604223e-05,7.883825981468347e-05,7.741735275604223e-05,7.883825981468347e-05,1.1678678346705684
1790301900,7.883825981468347e-05,7.908699547207604e-05,7.883825981468347e-05,7.908699547207604e-05,27.304824431283144
1790302320,7.908699547207604e-05,7.908699547207604e-05,7.611625958758553e-05,7.611625958758553e-05,300.1704286679274
1790302380,7.611625958758553e-05,7.611625958758553e-05,7.370527579720354e-05,7.370527579720354e-05,263.57191806032836
1790302440,7.370527579720354e-05,7.370527579720354e-05,7.230104137577697e-05,7.230104137577697e-05,2.9827509167112325
1790302500,7.230104137577697e-05,7.234919838050607e-05,7.230104137577697e-05,7.234919838050607e-05,6.496641114300508
1790302560,7.234919838050607e-05,7.354928041929947e-05,7.234919838050607e-05,7.354928041929947e-05,58.465367637572385
1790302620,7.354928041929947e-05,7.394509474265401e-05,7.354928041929947e-05,7.394509474265401e-05,1.9828319503949559
1790302740,7.394509474265401e-05,7.451112996422831e-05,7.394509474265401e-05,7.451112996422831e-05,98.04554769745657
1790302920,7.451112996422831e-05,7.451112996422831e-05,7.311370844561771e-05,7.311370844561771e-05,81.46474133437982
1790303040,7.311370844561771e-05,7.311370844561771e-05,7.296792836282475e-05,7.296792836282475e-05,2.263540722081226
1790303160,7.296792836282475e-05,7.482966672189781e-05,7.296792836282475e-05,7.482966672189781e-05,97.52204780718473
1790303220,7.482966672189781e-05,7.514106037018573e-05,7.482966672189781e-05,7.514106037018573e-05,23.347537304957967
1790303280,7.514106037018573e-05,7.701785831809447e-05,7.514106037018573e-05,7.649038382484957e-05,245.18286830876002
1790303340,7.649038382484957e-05,7.795159274922285e-05,7.649038382484957e-05,7.795159274922285e-05,91.19997242812872
1790303460,7.795159274922285e-05,7.795159274922285e-05,7.719026579709904e-05,7.719026579709904e-05,63.775891236855664
1790303700,7.719026579709904e-05,7.719026579709904e-05,7.666446885455663e-05,7.666446885455663e-05,3.990203866463043
1790304120,7.666446885455663e-05,7.666446885455663e-05,7.626623650743913e-05,7.626623650743913e-05,23.001616173577577
1790304180,7.626623650743913e-05,7.626623650743913e-05,7.613315061865558e-05,7.613315061865558e-05,2.215901460701972
1790304240,7.613315061865558e-05,7.613315061865558e-05,7.48321601458092e-05,7.575615391915972e-05,178.76831993582528
1790304300,7.575615391915972e-05,7.575615391915972e-05,7.422085062686193e-05,7.422085062686193e-05,22.38473532169967
1790304360,7.422085062686193e-05,7.422085062686193e-05,7.351101005917973e-05,7.351101005917973e-05,78.26651480631504
1790304420,7.351101005917973e-05,7.351101005917973e-05,7.307595228992945e-05,7.307595228992945e-05,1.254659848354197
1790304540,7.307595228992945e-05,7.412653502778701e-05,7.307595228992945e-05,7.412653502778701e-05,7.790579235446422
1790304660,7.412653502778701e-05,7.417218894515653e-05,7.412653502778701e-05,7.417218894515653e-05,26.192135332848995
1790304780,7.417218894515653e-05,7.53199450168747e-05,7.417218894515653e-05,7.53199450168747e-05,193.5587891570258
1790304840,7.53199450168747e-05,7.632719059595323e-05,7.53199450168747e-05,7.632719059595323e-05,6.223477246891168
1790304900,7.632719059595323e-05,7.632719059595323e-05,7.472440815567405e-05,7.472440815567405e-05,110.7567120047249
1790304960,7.472440815567405e-05,7.518702876227068e-05,7.472440815567405e-05,7.518702876227068e-05,3.4018661183167285
1790305140,7.518702876227068e-05,7.574559593323897e-05,7.518702876227068e-05,7.574559593323897e-05,101.1978326550267
1790305260,7.574559593323897e-05,7.574559593323897e-05,7.516721495129345e-05,7.516721495129345e-05,0.8971406563648436
1790305320,7.516721495129345e-05,8.723242709712972e-05,7.516721495129345e-05,8.471052612503994e-05,1111.002986955702
1790305380,8.471052612503994e-05,8.596325954895285e-05,8.471052612503994e-05,8.596325954895285e-05,11.490855595311043
1790305440,8.596325954895285e-05,9.489546055584744e-05,8.596325954895285e-05,9.307930681729109e-05,1113.0222535651744
1790305500,9.307930681729109e-05,9.456105591441244e-05,9.307930681729109e-05,9.456105591441244e-05,8.31078757157897
1790305620,9.456105591441244e-05,9.456105591441244e-05,9.121391135733332e-05,9.154821774903562e-05,184.26919982540295
1790305740,9.154821774903562e-05,9.291451140386043e-05,9.154821774903562e-05,9.291451140386043e-05,31.920241298957887
1790305800,9.291451140386043e-05,9.366736206812086e-05,9.291451140386043e-05,9.366736206812086e-05,115.83701325751241
1790305980,9.366736206812086e-05,9.366736206812086e-05,9.208397824612144e-05,9.240733606401331e-05,64.05266315070324
1790306220,9.240733606401331e-05,9.328410326387039e-05,9.240733606401331e-05,9.328410326387039e-05,1.5715745126893763
1790306280,9.328410326387039e-05,9.328410326387039e-05,9.066546940402233e-05,9.066546940402233e-05,237.79739315286977
1790306340,9.066546940402233e-05,9.066546940402233e-05,8.913800356953816e-05,8.913800356953816e-05,27.236605855241333
1790306400,8.913800356953816e-05,9.029786653544201e-05,8.913800356953816e-05,9.029786653544201e-05,9.899114137626416
1790306460,9.029786653544201e-05,9.03759009359904e-05,9.029786653544201e-05,9.03759009359904e-05,0.16472984123109297
1790306640,9.03759009359904e-05,9.03759009359904e-05,8.823936500500935e-05,8.880107829950773e-05,140.2324170627311
1790306700,8.880107829950773e-05,8.880107829950773e-05,8.422472675334572e-05,8.427973250183357e-05,427.2562739867992
1790306760,8.427973250183357e-05,8.427973250183357e-05,8.427581977477924e-05,8.427581977477924e-05,9.035043711673717
1790306880,8.427581977477924e-05,8.427581977477924e-05,8.308374656387676e-05,8.308374656387676e-05,2.342861020322728
1790307060,8.308374656387676e-05,8.308374656387676e-05,8.254235924738225e-05,8.254235924738225e-05,79.52965127267603
1790307180,8.254235924738225e-05,8.354554655357475e-05,8.254235924738225e-05,8.354554655357475e-05,26.057837715895065
1790307300,8.354554655357475e-05,8.373666836015922e-05,8.354554655357475e-05,8.373666836015922e-05,3.0154771132230507
1790307360,8.373666836015922e-05,8.373666836015922e-05,8.234392936142382e-05,8.234392936142382e-05,41.52487060852529
1790307420,8.234392936142382e-05,8.340652991516171e-05,8.234392936142382e-05,8.340652991516171e-05,11.576016001653725
1790307540,8.340652991516171e-05,8.349119093820442e-05,8.340652991516171e-05,8.349119093820442e-05,5.787350862851135
1790307660,8.349119093820442e-05,8.356577087777693e-05,8.242273902258425e-05,8.356577087777693e-05,5.620883655954418
1790308080,8.356577087777693e-05,8.356577087777693e-05,8.330124176570975e-05,8.330971917506179e-05,1.5564975994362356
1790308140,8.330971917506179e-05,8.332304519838768e-05,8.330971917506179e-05,8.332304519838768e-05,0.5884332062173361
1790308200,8.332304519838768e-05,8.342764629911973e-05,8.332304519838768e-05,8.342764629911973e-05,0.9905984391762752
1790308440,8.342764629911973e-05,8.345344781463848e-05,8.342764629911973e-05,8.345344781463848e-05,1.1540789081913188
1790308500,8.345344781463848e-05,8.345344781463848e-05,8.192760737375696e-05,8.192760737375696e-05,63.52010187934316
1790308680,8.192760737375696e-05,8.192760737375696e-05,8.158510964598034e-05,8.158510964598034e-05,7.969489721403052
1790308800,8.158510964598034e-05,8.158510964598034e-05,7.725459212908814e-05,7.725459212908814e-05,800.9873367111999
1790308860,7.725459212908814e-05,7.725459212908814e-05,7.212390895535544e-05,7.35344509878258e-05,350.21227834585915
1790309160,7.35344509878258e-05,7.419315336528563e-05,7.35344509878258e-05,7.419315336528563e-05,125.23431201942097
1790309220,7.419315336528563e-05,7.486689439045669e-05,7.419315336528563e-05,7.486689439045669e-05,1.1556817664479613
1790309280,7.486689439045669e-05,7.497030314776161e-05,7.486689439045669e-05,7.497030314776161e-05,4.611987685725701
1790309340,7.497030314776161e-05,7.593477083430189e-05,7.458537743840112e-05,7.475363516307904e-05,128.10611416567207
1790309400,7.475363516307904e-05,7.60496921092747e-05,7.475363516307904e-05,7.60496921092747e-05,40.44604079077311
1790309520,7.60496921092747e-05,7.60496921092747e-05,7.603394860890608e-05,7.603394860890608e-05,19.78114198797826
1790309580,7.603394860890608e-05,7.605247428558952e-05,7.486104809498362e-05,7.605247428558952e-05,39.23462577455202
1790309700,7.605247428558952e-05,7.605247428558952e-05,7.596087400735451e-05,7.596087400735451e-05,19.545734285460604
1790309760,7.596087400735451e-05,7.606957726170397e-05,7.596087400735451e-05,7.606957726170397e-05,0.5553295398305587
1790309820,7.606957726170397e-05,7.633762215022883e-05,7.508761559515255e-05,7.526785919724546e-05,22.224146519681018
1790309940,7.526785919724546e-05,7.526785919724546e-05,7.5175655350684e-05,7.5175655350684e-05,13.010645690103253
1790310000,7.5175655350684e-05,7.5175655350684e-05,7.498242842589563e-05,7.498242842589563e-05,20.279091419036998
1790310180,7.498242842589563e-05,7.498242842589563e-05,7.470009500575694e-05,7.470009500575694e-05,22.89728985376464
1790310240,7.470009500575694e-05,7.60879778645034e-05,7.465277047865751e-05,7.60879778645034e-05,79.24564585321556
1790310300,7.60879778645034e-05,7.60879778645034e-05,7.542130882612225e-05,7.542130882612225e-05,6.961159659426611
1790310480,7.542130882612225e-05,7.642104947347805e-05,7.542130882612225e-05,7.642104947347805e-05,3.818823711005375
1790310660,7.642104947347805e-05,7.642104947347805e-05,7.40035755856122e-05,7.40035755856122e-05,256.79656600023895
1790310720,7.40035755856122e-05,7.40035755856122e-05,7.384114202663329e-05,7.384114202663329e-05,0.6917940610523116
1790310840,7.384114202663329e-05,7.384114202663329e-05,7.284264484824421e-05,7.284264484824421e-05,5.795156659450162
1790310900,7.284264484824421e-05,7.284264484824421e-05,7.276937400390515e-05,7.276937400390515e-05,13.978963277331992
1790311020,7.276937400390515e-05,7.379354414156357e-05,7.276937400390515e-05,7.379354414156357e-05,2.720075670395382
1790311080,7.379354414156357e-05,7.38789225146052e-05,7.271438811484289e-05,7.38789225146052e-05,36.21799646415692
1790311200,7.38789225146052e-05,7.38789225146052e-05,7.286901458523495e-05,7.286901458523495e-05,17.291864219011444
1790311500,7.286901458523495e-05,7.386083187980403e-05,7.277262108627147e-05,7.386083187980403e-05,9.570273948124933
1790311560,7.386083187980403e-05,7.393718052692022e-05,7.273390294110074e-05,7.393718052692022e-05,81.51005679120405
1790311620,7.393718052692022e-05,7.474802500546793e-05,7.393718052692022e-05,7.474802500546793e-05,98.6105809949816
1790311860,7.474802500546793e-05,7.474802500546793e-05,7.378581112284306e-05,7.378581112284306e-05,43.5586830378634
1790311920,7.378581112284306e-05,7.467347038799691e-05,7.378581112284306e-05,7.467347038799691e-05,27.586592758705926
1790312040,7.467347038799691e-05,7.467347038799691e-05,7.364827007493695e-05,7.364827007493695e-05,32.60811533744847
1790312160,7.364827007493695e-05,7.364827007493695e-05,7.350537541711941e-05,7.350537541711941e-05,0.583968274307739
1790312280,7.350537541711941e-05,7.350537541711941e-05,7.31465649289118e-05,7.31465649289118e-05,6.812612938355051
1790312340,7.31465649289118e-05,7.31465649289118e-05,7.293110530180597e-05,7.293110530180597e-05,43.502953330420546
1790312520,7.293110530180597e-05,7.293110530180597e-05,7.268354876044188e-05,7.268354876044188e-05,6.548472306817206
1790312580,7.268354876044188e-05,7.268354876044188e-05,7.219946913953914e-05,7.219946913953914e-05,94.84683132432365
1790312760,7.219946913953914e-05,7.219946913953914e-05,7.161915493149334e-05,7.161915493149334e-05,7.52617517037598
1790312820,7.161915493149334e-05,7.161915493149334e-05,6.893834201430514e-05,6.953126263672686e-05,312.59193658446486
1790312880,6.953126263672686e-05,6.969326343360226e-05,6.953126263672686e-05,6.969326343360226e-05,17.138025692638205
1790313060,6.969326343360226e-05,6.98605000449948e-05,6.762402079846367e-05,6.880603426379093e-05,275.05928498694357
1790313240,6.880603426379093e-05,7.094778853698523e-05,6.880603426379093e-05,7.007138073053312e-05,121.10125372432242
1790313480,7.007138073053312e-05,7.12399590658917e-05,7.007138073053312e-05,7.12399590658917e-05,28.234708561722034
1790313660,7.12399590658917e-05,7.234245018248066e-05,7.12399590658917e-05,7.230830311765993e-05,200.56059280025258
1790313720,7.230830311765993e-05,7.374575840879782e-05,7.218318534197547e-05,7.374575840879782e-05,133.33834428134375
1790313840,7.374575840879782e-05,7.483706954414159e-05,7.374575840879782e-05,7.483706954414159e-05,81.43580957468986
1790314080,7.483706954414159e-05,7.483706954414159e-05,7.421537568812596e-05,7.421537568812596e-05,4.887532475736597
1790314140,7.421537568812596e-05,7.421537568812596e-05,7.396275083213465e-05,7.396275083213465e-05,32.68713171261096
1790314200,7.396275083213465e-05,7.494069110970587e-05,7.396275083213465e-05,7.494069110970587e-05,19.61881923738754
1790314440,7.494069110970587e-05,7.560619729830628e-05,7.494069110970587e-05,7.502343559040038e-05,155.11125839524016
1790314560,7.502343559040038e-05,7.502343559040038e-05,7.501148043600823e-05,7.501148043600823e-05,10.983160253270347
1790314740,7.501148043600823e-05,7.609864613662687e-05,7.501148043600823e-05,7.609864613662687e-05,13.065674318089398
1790315040,7.609864613662687e-05,7.609864613662687e-05,7.51549753222245e-05,7.51549753222245e-05,0.36541918583263167
1790315100,7.51549753222245e-05,7.518721423487796e-05,7.51549753222245e-05,7.518721423487796e-05,0.6133320244838774
1790315340,7.518721423487796e-05,7.518721423487796e-05,7.500172166613552e-05,7.500172166613552e-05,28.54167221945026
1790315520,7.500172166613552e-05,7.500172166613552e-05,7.437494441369608e-05,7.437494441369608e-05,81.38463239790632
1790315700,7.437494441369608e-05,7.535844021378653e-05,7.437494441369608e-05,7.535844021378653e-05,57.2991045417324
1790315760,7.535844021378653e-05,7.56501081862467e-05,7.535844021378653e-05,7.56501081862467e-05,1.1515827628439974
1790316120,7.56501081862467e-05,7.56501081862467e-05,7.459056097175749e-05,7.459056097175749e-05,0.15052277938009154
1790316180,7.459056097175749e-05,7.459056097175749e-05,7.436250189153443e-05,7.437368427844367e-05,25.388430608798654
1790316240,7.437368427844367e-05,7.437368427844367e-05,7.404811945711782e-05,7.404811945711782e-05,50.76476674796615
1790316300,7.404811945711782e-05,7.404811945711782e-05,7.380153032006921e-05,7.380153032006921e-05,4.615986563952848
1790316540,7.380153032006921e-05,7.380153032006921e-05,7.351701376659204e-05,7.351701376659204e-05,28.69439339007481
1790316600,7.351701376659204e-05,7.351701376659204e-05,7.332151636723247e-05,7.332151636723247e-05,10.056995630339209
1790316840,7.332151636723247e-05,7.332151636723247e-05,7.289637728145429e-05,7.289637728145429e-05,61.11080286232991
1790316960,7.289637728145429e-05,7.289637728145429e-05,7.187927030549402e-05,7.228335894607542e-05,136.70097099749427
1790317020,7.228335894607542e-05,7.228335894607542e-05,7.108677060548809e-05,7.108677060548809e-05,47.64607251472595
1790317080,7.108677060548809e-05,7.284173672251053e-05,7.108677060548809e-05,7.284173672251053e-05,91.73373084780901
1790317500,7.284173672251053e-05,7.284173672251053e-05,7.134791715867505e-05,7.134791715867505e-05,95.16103446761167
1790317620,7.134791715867505e-05,7.197090357048713e-05,7.134791715867505e-05,7.197090357048713e-05,35.00733351175046
1790317680,7.197090357048713e-05,7.220772660146566e-05,7.197090357048713e-05,7.220772660146566e-05,11.494822464360439
1790317800,7.220772660146566e-05,7.220772660146566e-05,7.120027447474642e-05,7.120027447474642e-05,12.322626785400576
1790317860,7.120027447474642e-05,7.120027447474642e-05,6.780381239277122e-05,6.783169826206336e-05,560.921871732202
1790318040,6.783169826206336e-05,6.797690692424026e-05,6.783169826206336e-05,6.797690692424026e-05,2.2491788782279007
1790318160,6.797690692424026e-05,6.963027441090538e-05,6.797690692424026e-05,6.913873993706723e-05,100.7391948269985
1790318280,6.913873993706723e-05,6.913873993706723e-05,6.88741603617767e-05,6.88741603617767e-05,3.6146223562128053
1790318400,6.88741603617767e-05,6.994202120966903e-05,6.844680179167827e-05,6.844680179167827e-05,87.6165007689423
1790318460,6.844680179167827e-05,6.918726214244423e-05,6.844680179167827e-05,6.918726214244423e-05,1.1490716392929956
1790318700,6.918726214244423e-05,6.919036154562313e-05,6.822095364436566e-05,6.919036154562313e-05,3.6059798482291385
1790318880,6.919036154562313e-05,7.346902840152543e-05,6.919036154562313e-05,7.346902840152543e-05,534.0888437312339
1790319000,7.346902840152543e-05,7.458249454316223e-05,7.346902840152543e-05,7.458249454316223e-05,13.406244356629394
1790319060,7.458249454316223e-05,7.520266909669897e-05,7.458249454316223e-05,7.520266909669897e-05,103.73998301659356
1790319360,7.520266909669897e-05,7.520266909669897e-05,7.339211487843826e-05,7.339211487843826e-05,171.22290585056487
1790319480,7.339211487843826e-05,7.339211487843826e-05,7.263505340324087e-05,7.263505340324087e-05,59.16691020960381
1790319600,7.263505340324087e-05,7.263505340324087e-05,7.20798679761096e-05,7.20798679761096e-05,53.21831649073434
1790319660,7.20798679761096e-05,7.20798679761096e-05,7.156133488501172e-05,7.169138715305564e-05,25.009552828374716
1790319720,7.169138715305564e-05,7.169138715305564e-05,7.149273102691095e-05,7.149273102691095e-05,9.76202146123138
1790319780,7.149273102691095e-05,7.149273102691095e-05,7.123926327160162e-05,7.123926327160162e-05,31.770148627102028
1790319840,7.123926327160162e-05,7.123926327160162e-05,7.094572162835902e-05,7.094572162835902e-05,36.44472178963091
1790319960,7.094572162835902e-05,7.094572162835902e-05,7.066855182178414e-05,7.066855182178414e-05,15.007107463792456
1790320440,7.066855182178414e-05,7.066855182178414e-05,7.036363185503053e-05,7.036363185503053e-05,13.61388744749803
1790320560,7.036363185503053e-05,7.036363185503053e-05,6.980916704342813e-05,6.980916704342813e-05,111.74745024079552
1790320620,6.980916704342813e-05,7.033868756986143e-05,6.980916704342813e-05,7.033868756986143e-05,19.04676914994429
1790320920,7.033868756986143e-05,7.033868756986143e-05,6.639933905087261e-05,6.639933905087261e-05,631.8429101859024
1790320980,6.639933905087261e-05,6.639933905087261e-05,6.382866490864581e-05,6.382866490864581e-05,120.60541748242505
1790321040,6.382866490864581e-05,6.463499938377625e-05,6.382866490864581e-05,6.463499938377625e-05,31.342749625749825
1790321100,6.463499938377625e-05,6.463499938377625e-05,6.041388454554555e-05,6.176105991584675e-05,656.0026838901191
1790321280,6.176105991584675e-05,6.176105991584675e-05,6.11590465022992e-05,6.11590465022992e-05,0.07870334726845052
1790321460,6.11590465022992e-05,6.209572277323764e-05,6.11590465022992e-05,6.209572277323764e-05,11.858887190311334
1790321580,6.209572277323764e-05,6.369331600580296e-05,5.8595623868209857e-05,5.8595623868209857e-05,1159.5137735269573
1790321640,5.8595623868209857e-05,5.882953237828112e-05,5.820761071831632e-05,5.820761071831632e-05,60.56853937467946
1790321760,5.820761071831632e-05,5.925874133222089e-05,5.820761071831632e-05,5.925874133222089e-05,44.74055738316488
1790321820,5.925874133222089e-05,6.951271315737255e-05,5.925874133222089e-05,6.655932567184779e-05,1476.7010477050303
1790321880,6.655932567184779e-05,6.742414030775794e-05,6.608113825771492e-05,6.608113825771492e-05,134.302723028637
1790321940,6.608113825771492e-05,6.693958842236165e-05,6.608113825771492e-05,6.693958842236165e-05,42.1253105786187
1790322000,6.693958842236165e-05,6.693958842236165e-05,6.565612926336661e-05,6.565612926336661e-05,80.44412874470017
1790322120,6.565612926336661e-05,6.565612926336661e-05,6.519328089407248e-05,6.519328089407248e-05,17.947577207290475
1790322300,6.519328089407248e-05,6.571241061067401e-05,6.493322328427509e-05,6.571241061067401e-05,84.43573524095585
1790322360,6.571241061067401e-05,6.571241061067401e-05,6.49310067325081e-05,6.49310067325081e-05,3.8751680500844095
1790322420,6.49310067325081e-05,6.60261635855288e-05,6.49310067325081e-05,6.60261635855288e-05,19.630970816296355
1790322540,6.60261635855288e-05,6.63750190154742e-05,6.571949604838732e-05,6.571949604838732e-05,57.73155284189015
1790322960,6.571949604838732e-05,6.672241160433987e-05,6.571949604838732e-05,6.672241160433987e-05,3.96871240776649
1790323020,6.672241160433987e-05,6.672241160433987e-05,6.577344771254329e-05,6.577344771254329e-05,1.4048708593318433
1790323080,6.577344771254329e-05,6.708044241036132e-05,6.577344771254329e-05,6.708044241036132e-05,73.23143785082497
1790323140,6.708044241036132e-05,6.708044241036132e-05,6.651733157913234e-05,6.651733157913234e-05,11.015431799833918
1790323200,6.651733157913234e-05,6.651733157913234e-05,6.631878552554351e-05,6.631878552554351e-05,11.948346713252441
1790323440,6.631878552554351e-05,6.639647768988615e-05,6.631676871859634e-05,6.631676871859634e-05,15.732277185859582
1790323500,6.631676871859634e-05,6.761804173237334e-05,6.631676871859634e-05,6.761804173237334e-05,80.38614737409148
1790323560,6.761804173237334e-05,6.840461855687264e-05,6.761804173237334e-05,6.840461855687264e-05,97.15122253963642
1790323620,6.840461855687264e-05,6.840461855687264e-05,6.76546611502362e-05,6.76546611502362e-05,65.39951476921213
1790323680,6.76546611502362e-05,6.76546611502362e-05,6.727131413959654e-05,6.727131413959654e-05,8.112280696693226
1790323800,6.727131413959654e-05,6.727131413959654e-05,6.697705531006837e-05,6.697705531006837e-05,24.07786371607078
1790323980,6.697705531006837e-05,6.698567936538218e-05,6.690321934758315e-05,6.698567936538218e-05,16.842525339329633
1790324160,6.698567936538218e-05,6.698567936538218e-05,6.676604131602137e-05,6.685600337825472e-05,18.473514210547293
1790324220,6.685600337825472e-05,6.685600337825472e-05,6.56682536650626e-05,6.56682536650626e-05,247.544893592017
1790324280,6.56682536650626e-05,6.56682536650626e-05,6.44005041301632e-05,6.44005041301632e-05,23.29043065490502
1790324520,6.44005041301632e-05,6.537147853530011e-05,6.44005041301632e-05,6.537147853530011e-05,0.463430762623897
1790324880,6.537147853530011e-05,6.537147853530011e-05,6.44842286781232e-05,6.44842286781232e-05,17.426290789881545
1790324940,6.44842286781232e-05,6.584907956163243e-05,6.44842286781232e-05,6.584907956163243e-05,127.24847630206189
1790325000,6.584907956163243e-05,6.677772573148102e-05,6.584907956163243e-05,6.603423821450299e-05,53.90049895174778
1790325060,6.603423821450299e-05,6.603423821450299e-05,6.574222693088747e-05,6.574222693088747e-05,23.14907657005947
1790325240,6.574222693088747e-05,6.574222693088747e-05,6.517815195131062e-05,6.539407245310975e-05,61.26428151598266
1790325540,6.539407245310975e-05,6.607676871254106e-05,6.539407245310975e-05,6.607676871254106e-05,16.777633541379533
1790325600,6.607676871254106e-05,6.607676871254106e-05,6.227416244020535e-05,6.246025243876242e-05,434.34451740984827
1790325660,6.246025243876242e-05,6.283578121041243e-05,6.198359576084371e-05,6.198359576084371e-05,33.636140367934374
1790325720,6.198359576084371e-05,6.28056837149254e-05,6.198359576084371e-05,6.28056837149254e-05,1.0412691801696667
1790325900,6.28056837149254e-05,6.28056837149254e-05,6.177626038850011e-05,6.177626038850011e-05,28.022184095827317
1790325960,6.177626038850011e-05,6.343508550291136e-05,6.169301417128548e-05,6.343508550291136e-05,186.96238046906657
1790326020,6.343508550291136e-05,6.343508550291136e-05,5.66942544151042e-05,5.66942544151042e-05,951.5137586322817
1790326140,5.66942544151042e-05,5.9598902716323886e-05,5.66942544151042e-05,5.9598902716323886e-05,199.84487109683826
1790326320,5.9598902716323886e-05,5.9598902716323886e-05,5.8020992505027535e-05,5.8188322792491174e-05,226.29204319489955
1790326440,5.8188322792491174e-05,6.085673067886008e-05,5.8188322792491174e-05,5.970513905365687e-05,249.25283167374687
1790326500,5.970513905365687e-05,5.998208706017967e-05,5.96311197770112e-05,5.96311197770112e-05,59.04006499568349
1790326560,5.96311197770112e-05,6.043396844870542e-05,5.952990453463307e-05,6.037596589292909e-05,15.044646737368703
1790326620,6.037596589292909e-05,6.061091067093972e-05,5.972716546527456e-05,5.972716546527456e-05,9.924204827242189
1790326680,5.972716546527456e-05,5.972716546527456e-05,5.958885708499605e-05,5.958885708499605e-05,23.380100876512557
1790326740,5.958885708499605e-05,5.958885708499605e-05,5.889510466381364e-05,5.889510466381364e-05,74.08744575421588
1790326800,5.889510466381364e-05,5.889510466381364e-05,5.876511506370754e-05,5.876511506370754e-05,18.99833107080259
1790326980,5.876511506370754e-05,5.876511506370754e-05,5.87358358445437e-05,5.87358358445437e-05,13.58711495177892
1790327220,5.87358358445437e-05,5.961784157735471e-05,5.87358358445437e-05,5.961784157735471e-05,10.393344526945238
1790327280,5.961784157735471e-05,5.977627039363147e-05,5.961784157735471e-05,5.977627039363147e-05,16.262519845501075
1790327520,5.977627039363147e-05,5.977627039363147e-05,5.874866769558702e-05,5.874866769558702e-05,16.474764895115616
1790327700,5.874866769558702e-05,5.9907103597845906e-05,5.874866769558702e-05,5.9907103597845906e-05,69.65940152396169
1790327820,5.9907103597845906e-05,5.9907103597845906e-05,5.873623380164388e-05,5.873623380164388e-05,127.95280027011631
1790328000,5.873623380164388e-05,5.8979073036455605e-05,5.873623380164388e-05,5.8979073036455605e-05,3.3404316026425307
1790328420,5.8979073036455605e-05,5.9479869524397564e-05,5.8979073036455605e-05,5.9479869524397564e-05,57.72463076239578
1790328480,5.9479869524397564e-05,5.9995258271388106e-05,5.9479869524397564e-05,5.9995258271388106e-05,24.09358744610056
1790328540,5.9995258271388106e-05,6.007090504910519e-05,5.9995258271388106e-05,6.007090504910519e-05,5.226905151560764
1790328660,6.007090504910519e-05,6.050387255697316e-05,6.007090504910519e-05,6.050387255697316e-05,15.506048355158034
1790328840,6.050387255697316e-05,6.050387255697316e-05,5.9601490895678965e-05,5.9601490895678965e-05,25.277924142909622
1790329200,5.9601490895678965e-05,6.029202068290027e-05,5.9601490895678965e-05,6.029202068290027e-05,1.731617163190396
1790329320,6.029202068290027e-05,6.0688318916303345e-05,6.029202068290027e-05,6.0688318916303345e-05,100.00234655982196
1790329380,6.0688318916303345e-05,6.133663384351427e-05,6.0688318916303345e-05,6.133663384351427e-05,41.022590418236085
1790329500,6.133663384351427e-05,6.133663384351427e-05,6.05367344942722e-05,6.05367344942722e-05,15.239788319616785
1790329680,6.05367344942722e-05,6.05367344942722e-05,6.0230204665979366e-05,6.0230204665979366e-05,43.98778803616789
1790329740,6.0230204665979366e-05,6.0230204665979366e-05,6.007147294459693e-05,6.007147294459693e-05,3.185201110802058
1790329860,6.007147294459693e-05,6.007147294459693e-05,5.959313044178723e-05,5.959313044178723e-05,77.6238769186527
1790329980,5.959313044178723e-05,5.959313044178723e-05,5.922924026929369e-05,5.922924026929369e-05,5.192806931050792
1790330040,5.922924026929369e-05,6.0292700927538583e-05,5.922924026929369e-05,6.0292700927538583e-05,60.042235844626845
1790330580,6.0292700927538583e-05,6.0957242509247316e-05,6.0292700927538583e-05,6.0957242509247316e-05,96.44658781701335
1790330640,6.0957242509247316e-05,6.178674322686744e-05,6.0957242509247316e-05,6.178674322686744e-05,85.775851750686
1790330760,6.178674322686744e-05,6.178674322686744e-05,6.1337130337354e-05,6.1337130337354e-05,0.6172222768355925
1790330880,6.1337130337354e-05,6.1337130337354e-05,6.130599775039117e-05,6.130599775039117e-05,2.9789670710501204
1790331180,6.130599775039117e-05,6.236974471362871e-05,6.130599775039117e-05,6.236974471362871e-05,23.392848900696073
1790331360,6.236974471362871e-05,6.236974471362871e-05,6.141471104709224e-05,6.148157448772759e-05,14.40101603977572
1790331480,6.148157448772759e-05,6.229222299716619e-05,6.148157448772759e-05,6.229222299716619e-05,0.051463509333866446
1790331600,6.229222299716619e-05,6.229222299716619e-05,6.22915568612074e-05,6.22915568612074e-05,1.1638929954404873
1790331660,6.22915568612074e-05,6.236985240050764e-05,6.22915568612074e-05,6.236985240050764e-05,6.831951865127269
1790331840,6.236985240050764e-05,6.250190209003522e-05,6.236985240050764e-05,6.250190209003522e-05,2.5651640230160617
1790332080,6.250190209003522e-05,6.291365190531867e-05,6.250190209003522e-05,6.291365190531867e-05,13.643562253278002
1790332140,6.291365190531867e-05,6.291365190531867e-05,6.186224997660198e-05,6.186224997660198e-05,42.664962428244884
1790332260,6.186224997660198e-05,6.186224997660198e-05,6.137113892660459e-05,6.150994705511804e-05,28.29826870888444
1790332380,6.150994705511804e-05,6.246878187323422e-05,6.150994705511804e-05,6.246878187323422e-05,37.671412941394365
1790332500,6.246878187323422e-05,6.246878187323422e-05,6.152696537317812e-05,6.152696537317812e-05,30.635686483647916
1790332560,6.152696537317812e-05,6.152696537317812e-05,6.126071157915989e-05,6.126071157915989e-05,30.50311261615126
1790332740,6.126071157915989e-05,6.126071157915989e-05,6.111831243179285e-05,6.111831243179285e-05,3.832970789931835
1790332800,6.111831243179285e-05,6.202732267895857e-05,6.111831243179285e-05,6.202732267895857e-05,4.600492177955749
1790332860,6.202732267895857e-05,6.202732267895857e-05,6.012480122755785e-05,6.012480122755785e-05,124.95183666890762
1790332980,6.012480122755785e-05,6.012480122755785e-05,6.001979747680129e-05,6.001979747680129e-05,9.74422562801448
1790333040,6.001979747680129e-05,6.214483497355817e-05,6.001979747680129e-05,6.214483497355817e-05,296.8715724872283
1790333100,6.214483497355817e-05,6.263707229241681e-05,6.214483497355817e-05,6.241080826097103e-05,40.18922034879343
1790333220,6.241080826097103e-05,6.322568299652166e-05,6.241080826097103e-05,6.322568299652166e-05,6.7169280995632725
1790333280,6.322568299652166e-05,6.322568299652166e-05,6.236241837430887e-05,6.236241837430887e-05,0.023099283291087756
1790333340,6.236241837430887e-05,6.236241837430887e-05,6.223413156558418e-05,6.223413156558418e-05,14.968971629433288
1790333520,6.223413156558418e-05,6.32166713836258e-05,6.223413156558418e-05,6.32166713836258e-05,11.715653649223896
1790333700,6.32166713836258e-05,6.32166713836258e-05,6.230582899657985e-05,6.230582899657985e-05,32.15923616902851
1790333940,6.230582899657985e-05,6.303753162025044e-05,6.230582899657985e-05,6.303753162025044e-05,4.927356783102495
1790334240,6.303753162025044e-05,6.303753162025044e-05,6.20961369018413e-05,6.20961369018413e-05,31.580456458160576
1790334300,6.20961369018413e-05,6.21144229665512e-05,6.20961369018413e-05,6.21144229665512e-05,0.8882456381347732
1790334900,6.21144229665512e-05,6.302731089805672e-05,6.21144229665512e-05,6.302731089805672e-05,28.954049139873387
1790335140,6.302731089805672e-05,6.302731089805672e-05,6.269682272972511e-05,6.269682272972511e-05,16.76192068769463
1790335320,6.269682272972511e-05,6.269682272972511e-05,6.238626261611911e-05,6.238626261611911e-05,9.20726965617636
1790335380,6.238626261611911e-05,6.238626261611911e-05,6.156344468584423e-05,6.156344468584423e-05,79.87513444221564
1790335440,6.156344468584423e-05,6.156344468584423e-05,6.134900668762011e-05,6.134900668762011e-05,2.41951324963118
1790335620,6.134900668762011e-05,6.134900668762011e-05,6.0742656397604994e-05,6.0742656397604994e-05,169.59502185093046
1790335800,6.0742656397604994e-05,6.0742656397604994e-05,5.9975021402247556e-05,5.9975021402247556e-05,12.249282295010504
1790335860,5.9975021402247556e-05,5.9975021402247556e-05,5.9933331215469545e-05,5.9933331215469545e-05,0.08210495257345775
1790335920,5.9933331215469545e-05,5.9933331215469545e-05,5.9754251745419294e-05,5.9754251745419294e-05,24.11044419747639
1790336220,5.9754251745419294e-05,5.981907935310361e-05,5.9754251745419294e-05,5.981907935310361e-05,4.590392960537915
1790336340,5.981907935310361e-05,5.981907935310361e-05,5.9759923969599645e-05,5.9759923969599645e-05,5.033792681899549
1790336640,5.9759923969599645e-05,5.9759923969599645e-05,5.944796000233225e-05,5.944796000233225e-05,30.70817592548802
1790336760,5.944796000233225e-05,6.139717104018929e-05,5.944796000233225e-05,6.139717104018929e-05,290.85924836213303
1790336940,6.139717104018929e-05,6.296532401409511e-05,6.139717104018929e-05,6.296532401409511e-05,33.84148787115732
1790337240,6.296532401409511e-05,6.309511537162316e-05,6.296532401409511e-05,6.309511537162316e-05,14.651794825257571
1790337300,6.309511537162316e-05,6.316661320999627e-05,6.231468767526995e-05,6.231468767526995e-05,3.0592147301720813
1790337600,6.231468767526995e-05,6.338535560884243e-05,6.231468767526995e-05,6.338535560884243e-05,23.79511403406803
1790338140,6.338535560884243e-05,6.338535560884243e-05,6.335108179166425e-05,6.335108179166425e-05,0.1615978713254164
1790338200,6.335108179166425e-05,6.335108179166425e-05,6.067676752939865e-05,6.1142560550244e-05,294.471825706981
1790338260,6.1142560550244e-05,6.1142560550244e-05,5.913670188019717e-05,5.913670188019717e-05,82.80032749127707
1790338380,5.913670188019717e-05,5.972079247192118e-05,5.913670188019717e-05,5.972079247192118e-05,7.320542250827604
1790338500,5.972079247192118e-05,5.972079247192118e-05,5.868603252625845e-05,5.868603252625845e-05,2.4709109056810625
1790338680,5.868603252625845e-05,5.868603252625845e-05,5.821148385090929e-05,5.821148385090929e-05,1.2333869104329678
1790338740,5.821148385090929e-05,5.908344452271488e-05,5.821148385090929e-05,5.908344452271488e-05,32.68476598677724
1790338980,5.908344452271488e-05,5.908344452271488e-05,5.8809958475749905e-05,5.8809958475749905e-05,2.148290015481431
1790339100,5.8809958475749905e-05,5.88351689505157e-05,5.8809958475749905e-05,5.88351689505157e-05,37.3070740018017
1790339160,5.88351689505157e-05,5.88351689505157e-05,5.855579962343161e-05,5.855579962343161e-05,34.17053754649666
1790339460,5.855579962343161e-05,5.855579962343161e-05,5.851788225249336e-05,5.851788225249336e-05,30.33883104394791
1790339580,5.851788225249336e-05,5.851788225249336e-05,5.835729984087304e-05,5.835729984087304e-05,4.884440260684241
1790340000,5.835729984087304e-05,5.940717020348031e-05,5.835729984087304e-05,5.940717020348031e-05,7.093189184871885
1790340060,5.940717020348031e-05,5.940717020348031e-05,5.8443780514604746e-05,5.8443780514604746e-05,9.632782665067532
1790340120,5.8443780514604746e-05,5.8443780514604746e-05,5.769639431878098e-05,5.769639431878098e-05,155.70217787979587
1790340300,5.769639431878098e-05,5.769639431878098e-05,5.6670590739782156e-05,5.7300072098211025e-05,54.44449644226005
1790340540,5.7300072098211025e-05,5.737020988949964e-05,5.7300072098211025e-05,5.737020988949964e-05,5.941233271191598
1790340600,5.737020988949964e-05,5.740843760253398e-05,5.737020988949964e-05,5.740843760253398e-05,0.33714693542211766
1790340720,5.740843760253398e-05,5.8525024016701455e-05,5.740843760253398e-05,5.8525024016701455e-05,255.56711691113125
1790341080,5.8525024016701455e-05,6.0099650555832425e-05,5.8525024016701455e-05,6.0099650555832425e-05,52.274126721742284
1790341200,6.0099650555832425e-05,6.179861606139285e-05,6.0099650555832425e-05,6.179861606139285e-05,270.3735147232057
1790341620,6.179861606139285e-05,6.179861606139285e-05,6.148988631354105e-05,6.148988631354105e-05,34.43893936641987
1790341800,6.148988631354105e-05,6.148988631354105e-05,6.14878832370787e-05,6.14878832370787e-05,5.4155628429193845
1790341860,6.14878832370787e-05,6.244411381413151e-05,6.14878832370787e-05,6.244411381413151e-05,22.310087734699234
1790341920,6.244411381413151e-05,6.244411381413151e-05,6.165267651870511e-05,6.165267651870511e-05,2.999173046673848
1790341980,6.165267651870511e-05,6.165267651870511e-05,6.157172935509013e-05,6.157172935509013e-05,15.749606303533525
1790342400,6.157172935509013e-05,6.157172935509013e-05,6.110170511590345e-05,6.110170511590345e-05,5.595899460031934
1790342520,6.110170511590345e-05,6.110170511590345e-05,6.1028614240250133e-05,6.1028614240250133e-05,0.16233164273970027
1790342820,6.1028614240250133e-05,6.295340890153356e-05,6.1028614240250133e-05,6.175200558437277e-05,421.45052464527157
1790343180,6.175200558437277e-05,6.175200558437277e-05,6.112708956671343e-05,6.112708956671343e-05,45.966342878342694
1790343300,6.112708956671343e-05,6.225175877874922e-05,6.112708956671343e-05,6.225175877874922e-05,9.366277995500726
1790343420,6.225175877874922e-05,6.225175877874922e-05,6.122712438816627e-05,6.122712438816627e-05,0.7170916175897804
1790343780,6.122712438816627e-05,6.122712438816627e-05,6.105380338477815e-05,6.105380338477815e-05,2.2504970721338715
1790343900,6.105380338477815e-05,6.18759862885389e-05,6.105380338477815e-05,6.18759862885389e-05,5.872187654370927
1790344020,6.18759862885389e-05,6.18759862885389e-05,6.159777883907907e-05,6.159777883907907e-05,2.0298970893277053
1790344200,6.159777883907907e-05,6.159777883907907e-05,6.089169226578814e-05,6.089169226578814e-05,2.276239966560587
1790344560,6.089169226578814e-05,6.213964927727887e-05,6.089169226578814e-05,6.213964927727887e-05,0.9882888216802265
1790344740,6.213964927727887e-05,6.213964927727887e-05,6.194204132636854e-05,6.194204132636854e-05,2.352054323640085
1790344860,6.194204132636854e-05,6.194204132636854e-05,6.115883147416183e-05,6.115883147416183e-05,2.2776484914200466
1790344920,6.115883147416183e-05,6.206289731245118e-05,6.115883147416183e-05,6.206289731245118e-05,19.7776252577436
1790345280,6.206289731245118e-05,6.206289731245118e-05,6.114425629823903e-05,6.114425629823903e-05,2.8509415008803174
1790345400,6.114425629823903e-05,6.114425629823903e-05,6.093739780045495e-05,6.093739780045495e-05,25.03839117708177
1790345520,6.093739780045495e-05,6.104073356850681e-05,6.093139697686716e-05,6.093139697686716e-05,26.12758014110019
1790345700,6.093139697686716e-05,6.093139697686716e-05,5.94197235929476e-05,5.94197235929476e-05,230.2846543524954
1790345760,5.94197235929476e-05,5.94197235929476e-05,5.852893074343122e-05,5.852893074343122e-05,57.989107568193404
1790345880,5.852893074343122e-05,5.852893074343122e-05,5.80568720034325e-05,5.80568720034325e-05,0.23147683605564504
1790346300,5.80568720034325e-05,5.80568720034325e-05,5.369510560266906e-05,5.369510560266906e-05,621.8138886379409
1790346360,5.369510560266906e-05,5.378579626397578e-05,5.369510560266906e-05,5.378579626397578e-05,9.895060552841304
1790346420,5.378579626397578e-05,5.4146593350896526e-05,5.363365475178524e-05,5.363365475178524e-05,103.81049555090662
1790346480,5.363365475178524e-05,5.456269938573618e-05,5.363365475178524e-05,5.456269938573618e-05,41.72873585154581
1790346720,5.456269938573618e-05,5.4951890762754535e-05,5.456269938573618e-05,5.4951890762754535e-05,0.9943940813573038
1790346840,5.4951890762754535e-05,5.509673783953064e-05,5.4951890762754535e-05,5.509673783953064e-05,5.263785403574626
1790346900,5.509673783953064e-05,5.6485501948902147e-05,5.509673783953064e-05,5.6303407847041776e-05,186.97632128582012
1790347020,5.6303407847041776e-05,5.673968787484879e-05,5.6303407847041776e-05,5.673968787484879e-05,2.2756391658965462
1790347080,5.673968787484879e-05,5.673968787484879e-05,5.5790555895048735e-05,5.5790555895048735e-05,13.64898826379731
1790347260,5.5790555895048735e-05,5.724765211084935e-05,5.5790555895048735e-05,5.724765211084935e-05,115.8834146194824
1790347380,5.724765211084935e-05,5.724765211084935e-05,5.660817517449847e-05,5.660817517449847e-05,0.28481791189564204
1790347440,5.660817517449847e-05,5.660817517449847e-05,5.649115024446208e-05,5.649115024446208e-05,2.471343047562387
1790347500,5.649115024446208e-05,5.649115024446208e-05,5.638959427517328e-05,5.638959427517328e-05,0.10275599196360745
1790347560,5.638959427517328e-05,5.64597891096951e-05,5.638959427517328e-05,5.64597891096951e-05,21.60578499243963
1790347620,5.64597891096951e-05,5.64597891096951e-05,5.635183591736174e-05,5.635183591736174e-05,1.5454027105824484
1790347740,5.635183591736174e-05,5.749875286596086e-05,5.635183591736174e-05,5.749875286596086e-05,42.71246305408217
1790347860,5.749875286596086e-05,5.749875286596086e-05,5.664198546512681e-05,5.664198546512681e-05,27.71513535029629
1790348520,5.664198546512681e-05,5.750033677002956e-05,5.656568366138481e-05,5.750033677002956e-05,88.35716865730647
1790348580,5.750033677002956e-05,5.758054760753866e-05,5.652848585632051e-05,5.758054760753866e-05,115.04594675821257
1790348640,5.758054760753866e-05,5.758054760753866e-05,5.714370911152805e-05,5.714370911152805e-05,5.178930155343718
1790348700,5.714370911152805e-05,5.8181324177437685e-05,5.714370911152805e-05,5.8181324177437685e-05,65.99117631032816
1790348940,5.8181324177437685e-05,5.944202871081185e-05,5.8181324177437685e-05,5.944202871081185e-05,168.09627494997733
1790349000,5.944202871081185e-05,6.0253042768645844e-05,5.944202871081185e-05,6.0253042768645844e-05,10.057698732135147
1790349180,6.0253042768645844e-05,6.0253042768645844e-05,5.9462783056441643e-05,5.9462783056441643e-05,14.856529399438331
1790349360,5.9462783056441643e-05,5.9462783056441643e-05,5.942281278201889e-05,5.942281278201889e-05,0.04385223763939234
1790349420,5.942281278201889e-05,6.021922009487882e-05,5.942281278201889e-05,6.021922009487882e-05,1.4907828744642344
1790349540,6.021922009487882e-05,6.021922009487882e-05,5.904757769847389e-05,5.904757769847389e-05,22.109203259167252
1790349600,5.904757769847389e-05,5.9788554121065585e-05,5.8918730951642313e-05,5.9788554121065585e-05,4.976122716732905
1790349780,5.9788554121065585e-05,5.9788554121065585e-05,5.383826456974333e-05,5.597071900541688e-05,693.0990672049144
1790349840,5.597071900541688e-05,5.597071900541688e-05,4.5204241343829303e-05,4.6335289389093576e-05,1878.2596310982706
1790349900,4.6335289389093576e-05,4.6335289389093576e-05,4.461346606173528e-05,4.5517377514243734e-05,297.6544088918904
1790349960,4.5517377514243734e-05,4.772820197600567e-05,4.5517377514243734e-05,4.772820197600567e-05,362.0655153708176
1790350020,4.772820197600567e-05,4.78502986503521e-05,4.740876849910816e-05,4.740876849910816e-05,95.05003706909903
1790350080,4.740876849910816e-05,4.7869881838757126e-05,4.702234353387063e-05,4.702234353387063e-05,87.30403786234857
1790350140,4.702234353387063e-05,4.884109613178897e-05,4.702234353387063e-05,4.884109613178897e-05,241.57546237991147
1790350200,4.884109613178897e-05,4.9603172823608275e-05,4.884109613178897e-05,4.9603172823608275e-05,58.637043030212986
1790350260,4.9603172823608275e-05,5.0102986836751105e-05,4.941735892826442e-05,4.941735892826442e-05,83.04106637541983
