ts,o,h,l,c,v
1790461440,0.0004445831296439878,0.00045333061468600294,0.0004445831296439878,0.00045333061468600294,131.53474935167125
1790461500,0.00045333061468600294,0.00045921098178919144,0.00044720359768433873,0.00044720359768433873,1178.7402473903187
1790461560,0.00044720359768433873,0.0004576376152134441,0.00044720359768433873,0.0004576376152134441,406.0795527912408
1790461620,0.0004576376152134441,0.000464245666372002,0.00045636481877443054,0.000464245666372002,221.86743839338365
1790461680,0.000464245666372002,0.00046672141406446996,0.00046041566826541803,0.00046116257331689525,77.23935129122555
1790461740,0.00046116257331689525,0.00046116257331689525,0.0004591520702093114,0.0004591520702093114,111.96744067174359
1790461800,0.0004591520702093114,0.0004595588864353254,0.00045252047498735466,0.0004595588864353254,353.41643038844416
1790461860,0.0004595588864353254,0.0004640338418599754,0.0004595588864353254,0.00046066195954949944,248.3355553529457
1790461920,0.00046066195954949944,0.00046066195954949944,0.0004477178069267825,0.0004477178069267825,574.9974677406044
1790461980,0.0004477178069267825,0.00045287977469377056,0.0004469198580195456,0.0004472896374216983,113.62288558372886
1790462040,0.0004472896374216983,0.0004525179329831164,0.0004468987186249391,0.0004468987186249391,26.40283156293076
1790462100,0.0004468987186249391,0.0004468987186249391,0.0004087664056329564,0.0004141394783772518,2414.9694999089743
1790462160,0.0004141394783772518,0.0004228699234502043,0.000409279274388636,0.0004228699234502043,443.51294967888725
1790462220,0.0004228699234502043,0.0004228699234502043,0.00040734070011648834,0.00040734070011648834,460.1285583325719
1790462280,0.00040734070011648834,0.00041498633373764494,0.00040734070011648834,0.0004079050771431309,393.4660328556363
1790462340,0.0004079050771431309,0.0004137731172359915,0.0004079050771431309,0.0004137731172359915,17.994582155876813
1790462400,0.0004137731172359915,0.0004137731172359915,0.00039506990620756527,0.00039506990620756527,757.5172264099103
1790462460,0.00039506990620756527,0.00039506990620756527,0.0003626658397172099,0.0003828338971185186,3611.3151413543233
1790462520,0.0003828338971185186,0.0003828338971185186,0.0003776518225919448,0.00037778010981725753,64.76487120513727
1790462580,0.00037778010981725753,0.00037778010981725753,0.00036112659112361867,0.0003680158353690528,1305.2159658908456
1790462640,0.0003680158353690528,0.0003776237448211875,0.0003601716877133574,0.0003763221823164917,958.3340540276234
1790462700,0.0003763221823164917,0.00037709622728662805,0.0003711505446030082,0.0003721820538860579,162.27423733527294
1790462760,0.0003721820538860579,0.00038561922671480553,0.0003721820538860579,0.00037841818443420217,797.2814970880249
1790462820,0.00037841818443420217,0.00037841818443420217,0.0003727272550889448,0.0003727272550889448,73.35408311345083
1790462880,0.0003727272550889448,0.00037531472656406213,0.00037000405157618874,0.00037531472656406213,199.89142967066536
1790462940,0.00037531472656406213,0.00037840625168704373,0.0003703146170038364,0.00037840625168704373,261.27826628558756
1790463000,0.00037840625168704373,0.00037840625168704373,0.0003652449464867358,0.00036529480770841925,426.99086502081923
1790463060,0.00036529480770841925,0.00037418492092304345,0.00036529480770841925,0.00036906830773348714,226.48267101874887
1790463120,0.00036906830773348714,0.0003744129160433418,0.0003638188930515505,0.0003641308665367922,489.1688249727178
1790463180,0.0003641308665367922,0.0003688044067005,0.000363991449778903,0.0003688044067005,22.588205662961304
1790463240,0.0003688044067005,0.000371321126610399,0.00036401199447506666,0.0003675483304482539,255.46309626020644
1790463300,0.0003675483304482539,0.0003675483304482539,0.0003502630428760312,0.0003502630428760312,1053.9976594164887
1790463360,0.0003502630428760312,0.0003537385652895857,0.00034908866108498743,0.00034908866108498743,186.31745046256003
1790463420,0.00034908866108498743,0.0003555340305218524,0.00034908866108498743,0.00035041616428706744,149.5132134686099
1790463480,0.00035041616428706744,0.00035457668887172144,0.0003495730921809246,0.00035427098969748115,108.70384035635368
1790463540,0.00035427098969748115,0.00035427098969748115,0.0003441324486597519,0.0003441324486597519,457.63758360603236
1790463600,0.0003441324486597519,0.00034555829957897083,0.0003393009443473768,0.00034525406817312315,321.8786257548073
1790463660,0.00034525406817312315,0.0003472488463201879,0.0003351998363799034,0.0003472488463201879,1165.4670678542445
1790463720,0.0003472488463201879,0.00035607668193747734,0.0002984147564115041,0.0003273134609995779,8352.859901410025
1790463780,0.0003273134609995779,0.00033051187434331267,0.00031309019515503213,0.00031309019515503213,1157.3045062958392
1790463840,0.00031309019515503213,0.00031309019515503213,0.00023073123832362326,0.0002416721318338942,22657.741198100754
1790463900,0.0002416721318338942,0.00025053981230852793,0.00022259538110908493,0.00023338552420641335,5147.26774819059
1790463960,0.00023338552420641335,0.0002506538921311677,0.00021628370023841305,0.00024398118986674385,5055.511025867204
1790464020,0.00024398118986674385,0.00025493862417990884,0.00023766011589261356,0.00024883245832969846,2047.5752780010787
1790464080,0.00024883245832969846,0.00025922838549477924,0.00024733102316626556,0.000258586075208271,2303.788586806481
1790464140,0.000258586075208271,0.0002592722385084357,0.00021949901331519805,0.0002250596805556997,4327.579922277103
1790464200,0.0002250596805556997,0.0002345666065226035,0.0002250596805556997,0.00022938799935127735,1305.7635339977612
1790464260,0.00022938799935127735,0.00023512483158721607,0.00022654171950272115,0.00023287969655071638,734.6565243893562
1790464320,0.00023287969655071638,0.00023595252046452173,0.0002231923853783749,0.0002231923853783749,1476.9818763390795
1790464380,0.0002231923853783749,0.00022523161642155784,0.00021913231601080496,0.00021913231601080496,807.1419968423203
1790464440,0.00021913231601080496,0.00022651559724349855,0.00021913231601080496,0.0002235193979086332,533.3132564001511
1790464500,0.0002235193979086332,0.00022708049974834975,0.00022348848312069627,0.00022700997981376617,265.35023185923984
1790464560,0.00022700997981376617,0.00024731284425313297,0.00022385709664534816,0.00024731284425313297,1471.7451115910976
1790464620,0.00024731284425313297,0.0002499402998707802,0.00023548837856048762,0.0002495216137418413,1096.8925327031243
1790464680,0.0002495216137418413,0.0002621244438250502,0.00024329441280252853,0.00025476869650488426,1992.6356710180903
1790464740,0.00025476869650488426,0.000263470442537294,0.00025476869650488426,0.0002577477231883428,777.3296201492237
1790464800,0.0002577477231883428,0.00026602193045081814,0.00025465585975723503,0.00025818025257424114,1417.2646429828794
1790464860,0.00025818025257424114,0.00025818025257424114,0.00024994907990076587,0.0002501140387159536,421.92738298382307
1790464920,0.0002501140387159536,0.0002648266767245074,0.0002501140387159536,0.00026284633454361087,851.7645076455317
1790464980,0.00026284633454361087,0.0002637396336867265,0.0002600940250806654,0.00026022176230056977,152.4548683504562
1790465040,0.00026022176230056977,0.00026364287431277243,0.00024862400773993757,0.00024981921377419255,2422.2587593916423
1790465100,0.00024981921377419255,0.0002504528351810545,0.00024591612890061023,0.0002504528351810545,281.67952549969226
1790465160,0.0002504528351810545,0.00025885668149577037,0.0002504528351810545,0.00025885668149577037,677.3857465705706
1790465220,0.00025885668149577037,0.00025885668149577037,0.00023939057096255176,0.00023939057096255176,952.350689707298
1790465280,0.00023939057096255176,0.0002461644298937536,0.00023352028768600227,0.00024509129015164106,1681.4541293807172
1790465340,0.00024509129015164106,0.00024509129015164106,0.00022850310405038787,0.00023105690715218854,1370.5541677388128
1790465400,0.00023105690715218854,0.00023105690715218854,0.00021242846287243544,0.00021512646141131535,2014.6996904032858
1790465460,0.00021512646141131535,0.00021512646141131535,0.0002068006633609235,0.00021015570802969256,1142.6923602561667
1790465520,0.00021015570802969256,0.00021099826473957827,0.00019713149831869942,0.00020770161948024108,1583.0641922794987
1790465580,0.00020770161948024108,0.00020790405289145865,0.00016379987270517213,0.0001947418205368841,8013.713043646162
1790465640,0.0001947418205368841,0.00019995656170440664,0.0001933473215096126,0.00019939190494419132,886.8176895614805
1790465700,0.00019939190494419132,0.00020751465396594298,0.00018481637391400322,0.00020461055822004314,1287.8762458756853
1790465760,0.00020461055822004314,0.00020831971316419244,0.0002007411585457121,0.00020347955025560587,1085.5714429449158
1790465820,0.00020347955025560587,0.00020347955025560587,0.0001972807028983353,0.0001972807028983353,539.5618554185378
1790465880,0.0001972807028983353,0.0002002357668827102,0.00016251780436269572,0.00017774897419268651,5944.02295479052
1790465940,0.00017774897419268651,0.0001828300448079623,0.00017583951314198077,0.00018121107137162736,1214.852529922494
1790466000,0.00018121107137162736,0.00018927971960500293,0.00017621205038746276,0.00018069209624738258,2064.371811708095
1790466060,0.00018069209624738258,0.00018498529191042054,0.00018069209624738258,0.00018299820481690063,374.69773630328535
1790466120,0.00018299820481690063,0.00018299820481690063,0.00017466705190142227,0.00018087446606069533,1379.4299384739215
1790466180,0.00018087446606069533,0.00018087446606069533,0.00017625373488234597,0.00017792647579324,684.7872347863912
1790466240,0.00017792647579324,0.00018146322147980504,0.00017608927229061845,0.00018146322147980504,473.7143916125986
1790466300,0.00018146322147980504,0.00018602693579899073,0.00018146322147980504,0.00018487258429856666,464.277470628243
1790466360,0.00018487258429856666,0.00019052398008167145,0.00018433327369965732,0.00019034084705057416,296.7830809244634
1790466420,0.00019034084705057416,0.00019468725063513933,0.00018834700978616884,0.00018842734591481894,1188.9265049488195
1790466480,0.00018842734591481894,0.0001906310337525766,0.00018741441557785347,0.00018754445388530558,109.32103741416881
1790466540,0.00018754445388530558,0.00019156617862066462,0.0001867555274616209,0.00019156617862066462,369.0615721887607
1790466600,0.00019156617862066462,0.00019530688190864156,0.00019156617862066462,0.00019238847625485545,300.38553849492735
1790466660,0.00019238847625485545,0.00019238847625485545,0.00018875842494156617,0.00018913010764108664,426.73599437169895
1790466720,0.00018913010764108664,0.00018913010764108664,0.00018379668578193055,0.00018789058416073063,579.5586364475238
1790466780,0.00018789058416073063,0.00018789058416073063,0.0001835293587167097,0.000183652959866287,193.92485981529398
1790466840,0.000183652959866287,0.000185915373052409,0.000182490650424652,0.000185915373052409,211.3874425407557
1790466900,0.000185915373052409,0.00019122969091168397,0.000185915373052409,0.00019122969091168397,481.7153323639056
1790466960,0.00019122969091168397,0.00019376122696692662,0.00018456146135648746,0.00019376122696692662,1094.4365826483604
1790467020,0.00019376122696692662,0.00019909441656172305,0.00019318443750742083,0.00019589928152350191,319.5664197365473
1790467080,0.00019589928152350191,0.00019589928152350191,0.00018622474993402257,0.0001897317933675491,892.2780140383953
1790467140,0.0001897317933675491,0.00018987306811153094,0.00018658696164588101,0.00018658696164588101,155.04969833086474
1790467200,0.00018658696164588101,0.00018916660922657844,0.00018413286700984789,0.00018707272072862653,216.87180999058626
1790467260,0.00018707272072862653,0.00018708225739654444,0.00018426577136578768,0.00018426577136578768,119.37867899946954
1790467320,0.00018426577136578768,0.0001861786913435459,0.00018293692550622428,0.0001854512333951729,199.64435451793625
1790467380,0.0001854512333951729,0.00019446515076273634,0.00018301108125135613,0.00019335778302054528,1848.1840034448885
1790467440,0.00019335778302054528,0.00021373259407829758,0.00019335778302054528,0.00020990251250780663,2096.4784953491735
1790467500,0.00020990251250780663,0.0002173216896585966,0.00020990251250780663,0.0002173216896585966,666.4963356590094
1790467560,0.0002173216896585966,0.00021961414292452085,0.0002129813133583785,0.0002132602224896816,389.12725525923605
1790467620,0.0002132602224896816,0.0002132602224896816,0.00021186376900289222,0.00021186376900289222,85.06597435287084
1790467680,0.00021186376900289222,0.00021186376900289222,0.00021018790436867763,0.00021018790436867763,105.45081434158088
1790467740,0.00021018790436867763,0.00021557104665546537,0.00021018790436867763,0.00021238884793110327,163.80225588457753
1790467800,0.00021238884793110327,0.00023009411194667727,0.00021238884793110327,0.00022775876514750037,1373.407262979212
1790467860,0.00022775876514750037,0.00022775876514750037,0.00022157941825012595,0.0002217212583336325,308.93941559697544
1790467920,0.0002217212583336325,0.00022496212590064597,0.00022155516620817818,0.00022164426193811736,61.39503624295322
1790467980,0.00022164426193811736,0.00022653097239327564,0.0002214055469505112,0.00022465052289750306,344.24597348580755
1790468040,0.00022465052289750306,0.00022465052289750306,0.0002112286047844648,0.0002112286047844648,905.4659444135149
1790468100,0.0002112286047844648,0.00022000134012935076,0.00021100036036075378,0.0002147045551441554,621.5666212084595
1790468160,0.0002147045551441554,0.0002198238170294836,0.00021034266994895395,0.00021183879301616367,739.6184310756244
1790468220,0.00021183879301616367,0.00021471682759597062,0.00020865018626577372,0.00021471682759597062,553.3458574038232
1790468280,0.00021471682759597062,0.00022620999892642807,0.0002083838307224425,0.00021722278169429508,1697.0754068597694
1790468340,0.00021722278169429508,0.00022357327898220902,0.00021722278169429508,0.00022300724558222085,67.80952512866119
1790468400,0.00022300724558222085,0.0002278455342923524,0.00022283343250972118,0.00022440244179534996,518.6411530647489
1790468460,0.00022440244179534996,0.00022900665145683894,0.0002239850109740078,0.0002271211125535367,338.81132137643056
1790468520,0.0002271211125535367,0.0002271211125535367,0.0002268992163142041,0.0002268992163142041,3.8652481415486175
1790468580,0.0002268992163142041,0.0002268992163142041,0.0002222502489257584,0.0002222502489257584,308.79136129434625
1790468640,0.0002222502489257584,0.0002222502489257584,0.00021557593861562622,0.00021557593861562622,388.2839758489864
1790468700,0.00021557593861562622,0.00021824791404377505,0.00021514896663540488,0.00021824791404377505,60.61641743841681
1790468760,0.00021824791404377505,0.00021824791404377505,0.0002152312864499995,0.0002152312864499995,18.354033647184288
1790468820,0.0002152312864499995,0.00021821577468799925,0.0002150132821443945,0.00021520627492091534,59.24074333921353
1790468880,0.00021520627492091534,0.00021520627492091534,0.00021517781307649355,0.00021517781307649355,2.1772294733121966
1790468940,0.00021517781307649355,0.00021887882040039095,0.00021210920925236176,0.00021210920925236176,357.48174076168664
1790469000,0.00021210920925236176,0.00021518789837450934,0.00021209079222923733,0.00021209079222923733,21.978719647593575
1790469060,0.00021209079222923733,0.0002158575404487224,0.00021205203405626067,0.00021538410374093294,174.89161029831638
1790469120,0.00021538410374093294,0.00022054307288202422,0.0002127821716977408,0.00022054307288202422,515.8935978622134
1790469180,0.00022054307288202422,0.0002206308581310131,0.00022033733618983552,0.00022050354043072097,14.338541767188547
1790469240,0.00022050354043072097,0.00022493853528595645,0.00022050354043072097,0.00022240674926292625,143.43215483090324
1790469300,0.00022240674926292625,0.00022961693318737417,0.00022240674926292625,0.00022392258921132696,558.8884047042793
1790469360,0.00022392258921132696,0.00022633404414205648,0.0002213737036261069,0.0002234226469577113,313.50414342031496
1790469420,0.0002234226469577113,0.00023782295096260315,0.0002234226469577113,0.00023398711414304366,1514.8492880855367
1790469480,0.00023398711414304366,0.00024194923976213144,0.00023150313467058744,0.00024194923976213144,756.8007659475887
1790469540,0.00024194923976213144,0.00024362801647939472,0.00023851127094597408,0.00024362801647939472,212.2595259277035
1790469600,0.00024362801647939472,0.00025132702327118134,0.00024362801647939472,0.00024769960207611004,496.3111629819369
1790469660,0.00024769960207611004,0.00024799110438327294,0.0002447493559861985,0.0002447493559861985,155.33825593462146
1790469720,0.0002447493559861985,0.0002447493559861985,0.00024468977032220563,0.00024468977032220563,2.9117368081231016
1790469780,0.00024468977032220563,0.00024468977032220563,0.00023806186293227305,0.00023806186293227305,424.2933057771936
1790469840,0.00023806186293227305,0.00023806186293227305,0.00022771201403789433,0.00022771201403789433,603.7584761993658
1790469900,0.00022771201403789433,0.00022771201403789433,0.00022770514610556333,0.00022770514610556333,3.7892184902299606
1790469960,0.00022770514610556333,0.0002307089369462153,0.00022751746859530836,0.0002307089369462153,13.105298534141793
1790470020,0.0002307089369462153,0.0002307089369462153,0.00022734605817724656,0.00022734605817724656,7.768352749991873
1790470140,0.00022734605817724656,0.00023510774759981135,0.0002270679412610156,0.00023510774759981135,384.0989280721161
1790470200,0.00023510774759981135,0.00023619388421954838,0.00023185701850425122,0.0002338030448610962,280.2969379369999
1790470260,0.0002338030448610962,0.00023860483288856853,0.00023357563453390684,0.0002370359540078248,251.17647648168366
1790470320,0.0002370359540078248,0.00024013923965926013,0.00023650784471742714,0.0002396455909943051,59.22828865208037
1790470380,0.0002396455909943051,0.00023997633940476558,0.00023598515779386342,0.00023747846861057396,123.73625525823394
1790470440,0.00023747846861057396,0.00024124906553353383,0.0002373501068084395,0.00024124906553353383,69.38103059753698
1790470500,0.00024124906553353383,0.00024124906553353383,0.00023832879426301297,0.00023839605443917093,5.2621743914067105
1790470560,0.00023839605443917093,0.00023839605443917093,0.00022354109447146898,0.00022354109447146898,890.2312407811262
1790470620,0.00022354109447146898,0.00022354109447146898,0.00021009904266182356,0.0002129498894522732,844.7538920915187
1790470680,0.0002129498894522732,0.0002129498894522732,0.00019912025399139801,0.00019912025399139801,882.9420678094203
1790470740,0.00019912025399139801,0.0002024251065321439,0.0001987999096598313,0.00020002897001009706,424.02459707580306
1790470800,0.00020002897001009706,0.0002099001803083346,0.00019999363092671344,0.00020979072411953203,655.7305306888367
1790470860,0.00020979072411953203,0.00021149478799522452,0.00020857843503637352,0.00021127186404918823,94.62745354208212
1790470920,0.00021127186404918823,0.00021426538845975942,0.00020848549041778194,0.0002126707729287522,523.3856871015532
1790470980,0.0002126707729287522,0.00021268446781661196,0.0002126707729287522,0.00021268446781661196,3.5957945825107474
1790471040,0.00021268446781661196,0.00021586741688580117,0.0002115109338969638,0.0002115109338969638,179.42247972183128
1790471100,0.0002115109338969638,0.00022173718839674152,0.0002115109338969638,0.00022168253158042267,470.92905904921076
1790471160,0.00022168253158042267,0.00022168253158042267,0.00021619167127805454,0.00021914475273445693,168.9512480995639
1790471220,0.00021914475273445693,0.00022366972501079537,0.00021817978110782972,0.00022341788708179702,453.2228802180019
1790471280,0.00022341788708179702,0.00022621364162978062,0.00022312858683614783,0.00022621364162978062,14.467771716620787
1790471340,0.00022621364162978062,0.00022621364162978062,0.00022331329683795823,0.00022331329683795823,3.678859161902179
1790471400,0.00022331329683795823,0.0002234124075846983,0.00022331329683795823,0.00022332721699083795,14.141382080093743
1790471460,0.00022332721699083795,0.00022657564220624133,0.00020533978469930206,0.00020533978469930206,1565.165375370753
1790471520,0.00020533978469930206,0.00020839431482203187,0.00020533978469930206,0.00020556922618656038,8.679425812385734
1790471580,0.00020556922618656038,0.00020556922618656038,0.00020548301753592937,0.00020548301753592937,6.249382506730889
1790471640,0.00020548301753592937,0.00020800650867379325,0.00020512180800203055,0.00020800650867379325,27.200473824576665
1790471700,0.00020800650867379325,0.0002081884791321038,0.0002052697529791493,0.00020541279628386337,33.32596610405689
1790471760,0.00020541279628386337,0.00020830209543024078,0.00020538665637336942,0.00020830209543024078,5.788612742472458
1790471820,0.00020830209543024078,0.00020830209543024078,0.00019948422030621982,0.00019948422030621982,428.2127322421854
1790471880,0.00019948422030621982,0.00020115657710263488,0.00019826615570310755,0.00019826615570310755,140.4486497259465
1790471940,0.00019826615570310755,0.00019826615570310755,0.00019064183531112907,0.0001935455784741796,898.2190839043822
1790472000,0.0001935455784741796,0.0001942292658213746,0.00019128170309143237,0.00019128170309143237,33.22925023543962
1790472060,0.00019128170309143237,0.0001939183443876409,0.0001856498835750405,0.00019190619551792215,681.5932195617532
1790472120,0.00019190619551792215,0.00019190619551792215,0.0001887244077606218,0.0001887244077606218,62.06356916676827
1790472180,0.0001887244077606218,0.0001887244077606218,0.00018239779328061342,0.000182530153957612,605.7870773284836
1790472240,0.000182530153957612,0.00018308678770303485,0.00018062052497291634,0.00018062052497291634,40.41790318251735
1790472300,0.00018062052497291634,0.00018062052497291634,0.00018052203318807077,0.00018052203318807077,4.971587415694902
1790472360,0.00018052203318807077,0.00018052203318807077,0.00015932343799481428,0.00016756510590458477,3724.5793903345952
1790472420,0.00016756510590458477,0.0001682376630526818,0.0001595026992112198,0.0001650481966013429,824.9203964923149
1790472480,0.0001650481966013429,0.0001650481966013429,0.0001550196030688142,0.00015775616199772014,839.6893646989097
1790472540,0.00015775616199772014,0.00015882811664543478,0.00015625393227340563,0.00015882811664543478,49.52445254899025
1790472600,0.00015882811664543478,0.00015882811664543478,0.000156005159309913,0.00015615836131360023,115.45380514082034
1790472660,0.00015615836131360023,0.00016111449834679597,0.00015615836131360023,0.00015783266284062421,463.2319831790999
1790472720,0.00015783266284062421,0.00015783266284062421,0.00015453768734302763,0.00015453768734302763,159.64889077349062
1790472780,0.00015453768734302763,0.0001577843780470822,0.00015270353880764397,0.0001577843780470822,476.9102800672086
1790472840,0.0001577843780470822,0.0001594049103937768,0.0001565478783807063,0.0001594049103937768,101.16573803943032
1790472900,0.0001594049103937768,0.0001597130921325268,0.00015735593912032323,0.00015754150438877231,36.79991860555025
1790472960,0.00015754150438877231,0.00015754150438877231,0.00015560125494829149,0.00015560125494829149,136.55934960025067
1790473020,0.00015560125494829149,0.00015798496123451433,0.00015538384037044542,0.00015538384037044542,49.269044386981
1790473080,0.00015538384037044542,0.00015538384037044542,0.00015340457466241024,0.00015340457466241024,223.1307289044625
1790473140,0.00015340457466241024,0.00015340457466241024,0.0001503101016672941,0.0001527116830012432,369.00862108167007
1790473200,0.0001527116830012432,0.0001527116830012432,0.00014988457747180446,0.0001514345593938793,190.16958037986956
1790473260,0.0001514345593938793,0.0001514345593938793,0.00014274774551836325,0.00015043706892784884,1086.5875780799374
1790473320,0.00015043706892784884,0.00015451385612250116,0.00015043706892784884,0.00015234342090174799,243.7012540574593
1790473380,0.00015234342090174799,0.00015768853129849656,0.00015229244728998494,0.00015405938820225114,377.55738278401384
1790473440,0.00015405938820225114,0.00015405938820225114,0.00015334147700112649,0.00015334147700112649,65.49368710818173
1790473500,0.00015334147700112649,0.00015334147700112649,0.0001441130179593502,0.00014705359096559744,915.3519036383009
1790473560,0.00014705359096559744,0.00014790242112707494,0.00014641829241824662,0.00014789012579980517,93.48047864537465
1790473620,0.00014789012579980517,0.00014789012579980517,0.00014116240326329896,0.00014637396967309823,962.2868392029865
1790473680,0.00014637396967309823,0.00014974889982577824,0.0001441065421617421,0.0001441065421617421,572.1419846710646
1790473740,0.0001441065421617421,0.00015150030001518958,0.0001441065421617421,0.00014942642513526158,497.1809591292863
1790473800,0.00014942642513526158,0.00015348807630880708,0.0001492891809166242,0.00015348807630880708,278.78559812953404
1790473860,0.00015348807630880708,0.0001553213538811328,0.00015146393800976373,0.00015302377706596207,157.63297228296744
1790473920,0.00015302377706596207,0.00016006345106084425,0.00015302377706596207,0.00015770973928981536,345.45455516402467
1790473980,0.00015770973928981536,0.00016038735709973895,0.00015770973928981536,0.0001582707423298063,50.70186817174088
1790474040,0.0001582707423298063,0.00016867227778536467,0.0001582707423298063,0.0001673929944165416,1045.9601948016875
1790474100,0.0001673929944165416,0.00016756660338012949,0.00016525939024692618,0.00016525939024692618,70.0590164399504
1790474160,0.00016525939024692618,0.00016770201728494988,0.00016329902920183436,0.00016329902920183436,169.96742470563908
1790474220,0.00016329902920183436,0.00017013178722942974,0.0001631642353232299,0.00017013178722942974,495.79078916515584
1790474280,0.00017013178722942974,0.00017013178722942974,0.00016963005931933602,0.00016963005931933602,23.94551813292513
1790474340,0.00016963005931933602,0.00016967830703840518,0.0001694295426508152,0.0001694295426508152,14.886525580045161
1790474400,0.0001694295426508152,0.0001694295426508152,0.00016903977197652836,0.0001690993109434631,32.8268483172328
1790474460,0.0001690993109434631,0.00017157286865763737,0.0001689750326972722,0.00016937834017130207,39.35903348274351
1790474520,0.00016937834017130207,0.00016937834017130207,0.00016856644504616202,0.00016856644504616202,50.72721116857541
1790474580,0.00016856644504616202,0.0001892599049118391,0.00016856644504616202,0.00018761614525151022,1753.8309672745722
1790474640,0.00018761614525151022,0.00019015261102132882,0.00018753391717911126,0.00018753391717911126,1.8510815091326325
1790474700,0.00018753391717911126,0.00018753391717911126,0.00017607965521478607,0.00017715874916120368,905.837920775268
1790474760,0.00017715874916120368,0.00017715874916120368,0.0001743426202873221,0.00017437100382035038,39.68027684023997
1790474820,0.00017437100382035038,0.0001801432333805765,0.00017437100382035038,0.00017446600221749945,456.24818120963346
1790474880,0.00017446600221749945,0.00017446600221749945,0.00017018816338020134,0.00017018816338020134,303.0540222860964
1790474940,0.00017018816338020134,0.00017278126696034773,0.00017018816338020134,0.00017023027140311139,9.061009112225493
1790475000,0.00017023027140311139,0.00017023027140311139,0.00016994354465730118,0.00016994354465730118,27.71055890870928
1790475060,0.00016994354465730118,0.00017001009683992758,0.00016887100176142468,0.00016887100176142468,143.076514407626
1790475120,0.00016887100176142468,0.00016887100176142468,0.00016771281537176713,0.00016771281537176713,14.00337363803035
1790475180,0.00016771281537176713,0.00016771281537176713,0.00016744606192383804,0.00016744606192383804,6.5045338087710824
1790475240,0.00016744606192383804,0.00016744606192383804,0.00016668837448532924,0.00016668837448532924,93.45277983973389
1790475300,0.00016668837448532924,0.0001675270772777815,0.00016518936527545468,0.00016518936527545468,75.70917354982035
1790475360,0.00016518936527545468,0.00016528226776987753,0.0001651171427562331,0.0001651171427562331,4.144797102909249
1790475420,0.0001651171427562331,0.0001651171427562331,0.0001559435614728648,0.0001572907481115435,761.3433415258521
1790475480,0.0001572907481115435,0.0001572907481115435,0.00015519304595783712,0.00015519541035024609,4.012036330010448
1790475540,0.00015519541035024609,0.00016055832548988194,0.00015501800809250278,0.00015873448325177375,278.96569322177226
1790475600,0.00015873448325177375,0.0001609019771021941,0.00015826619644045486,0.0001589829628624376,85.17648034638272
1790475660,0.0001589829628624376,0.00016349833043945126,0.00015880727565710306,0.0001612249948938537,206.69975141028831
1790475720,0.0001612249948938537,0.0001612249948938537,0.00016096321606438527,0.00016096321606438527,21.90592220245181
1790475780,0.00016096321606438527,0.00016096321606438527,0.00016080755764037925,0.00016080755764037925,13.003108139308797
1790475840,0.00016080755764037925,0.00016339264518817803,0.00016065363101307496,0.0001607228570883348,99.47294288979653
1790475900,0.0001607228570883348,0.00016272458811925772,0.00016014132558078958,0.0001607978503869944,65.59887330585302
1790475960,0.0001607978503869944,0.00016301418856090575,0.0001607498447327504,0.00016301418856090575,3.888664544347261
1790476020,0.00016301418856090575,0.00016301418856090575,0.00016078446796724506,0.00016078446796724506,4.066817467910417
1790476080,0.00016078446796724506,0.00016078446796724506,0.00015808806707153961,0.00015813432342928643,195.57213842843595
1790476140,0.00015813432342928643,0.00016035003228154763,0.000152519894050839,0.00015479004262175397,410.55997724304405
1790476200,0.00015479004262175397,0.00017053832462180996,0.00015258833632651468,0.0001681556521250537,1970.9802217563235
1790476260,0.00016815022013055476,0.00016815022013055476,0.00016650536576822352,0.00016650536576822352,230.58514057216547
1790476320,0.00016650536576822352,0.00016677766683155295,0.00016188180868653612,0.00016677766683155295,612.1350488385921
1790476380,0.00016677766683155295,0.00016703361591537895,0.00015957655607645106,0.00015957655607645106,634.50721993781
1790476500,0.00015957655607645106,0.0001617705998334832,0.00015827903371123795,0.00015827903371123795,251.26525580830787
1790476560,0.00015827903371123795,0.00015947586731652328,0.00015710267182012734,0.0001571327035073194,7.566211138054768
1790476620,0.0001571327035073194,0.0001591606614140361,0.0001571327035073194,0.0001591606614140361,1.1885440682479922
1790476680,0.0001591606614140361,0.0001591606614140361,0.00015688323652777853,0.00015688323652777853,20.272855218770044
1790476740,0.00015688323652777853,0.00015887243182677863,0.00015660309707127878,0.00015887243182677863,27.590676547896503
1790476800,0.00015887243182677863,0.00015940113305744504,0.0001567037163741893,0.0001567037163741893,186.95392244370947
1790476920,0.0001567037163741893,0.0001567037163741893,0.0001554075559493443,0.0001554075559493443,61.96716848062873
1790476980,0.0001554075559493443,0.00015771622253260583,0.0001554075559493443,0.00015771622253260583,97.02037686024202
1790477160,0.00015771622253260583,0.0001594993730495823,0.00015684075369835695,0.00015684075369835695,352.24340448813723
1790477220,0.00015684075369835695,0.0001576057724585036,0.00015530037330755035,0.00015530037330755035,30.628498354696465
1790477280,0.00015530037330755035,0.00015530037330755035,0.00015485604357116483,0.00015485604357116483,12.521180819836824
1790477340,0.00015485604357116483,0.00015576900514914152,0.0001535698434043443,0.00015576900514914152,100.66221530393005
1790477400,0.00015576900514914152,0.00015772909988793983,0.00015354077571321428,0.00015552771172139656,260.28797465420854
1790477460,0.00015552771172139656,0.00015552771172139656,0.00015546892504737905,0.00015546892504737905,7.682131885379601
1790477520,0.00015546892504737905,0.00015546892504737905,0.0001550225281181403,0.0001550225281181403,20.417701354335296
1790477580,0.0001550225281181403,0.0001550225281181403,0.00015457880639562968,0.00015457880639562968,55.45600375135604
1790477700,0.00015457880639562968,0.00015887384553974718,0.00015406632088938279,0.00015887384553974718,404.3467265229338
1790477760,0.00015887384553974718,0.00015887384553974718,0.0001534877521638079,0.00015583642818116364,405.01282325962205
1790477820,0.00015583642818116364,0.00015652930698751162,0.0001534479064054152,0.00015435969239742408,128.47037767233027
1790477880,0.00015435969239742408,0.0001563364466830211,0.00015393661892721465,0.0001563364466830211,64.53498613570366
1790477940,0.0001563364466830211,0.00015746427761742683,0.00015429432399103736,0.00015746427761742683,149.00308565250137
1790478000,0.00015746427761742683,0.00015774775088396465,0.00015460806283634852,0.00015577323894128869,193.68691328005977
1790478060,0.00015577323894128869,0.00015983993964724922,0.00015577323894128869,0.00015983993964724922,215.7395567116699
1790478120,0.00015983993964724922,0.00015983993964724922,0.0001584833535560721,0.0001584833535560721,32.2502114816355
1790478180,0.0001584833535560721,0.0001584833535560721,0.0001570945539551071,0.0001570945539551071,159.04880633816944
1790478240,0.0001570945539551071,0.0001582208703583623,0.0001544733888764137,0.0001563465923835306,193.45042949014015
1790478300,0.0001563465923835306,0.0001563465923835306,0.00013381784658611393,0.00013579564948231536,2589.673657155335
1790478360,0.00013579564948231536,0.00013857283145243894,0.00013433842701884751,0.00013634428275752597,789.2547390329222
1790478420,0.00013634428275752597,0.00014190303084368972,0.0001356121471163142,0.00014150839782206824,349.7368198747383
1790478480,0.00014150839782206824,0.00014201954917017107,0.00013661455444230892,0.00013661455444230892,416.9236329520575
1790478540,0.00013661455444230892,0.00013661455444230892,0.0001328803409872711,0.0001347984539276517,307.9081563535595
1790478600,0.0001347984539276517,0.0001347984539276517,0.00013118925286723985,0.00013118925286723985,511.81800661866305
1790478660,0.00013118925286723985,0.00013294823038533418,0.00012970799298126656,0.00013294823038533418,213.2674541693585
1790478720,0.00013294823038533418,0.00013428852394824814,0.00013215163281464208,0.00013428852394824814,24.254594819210993
1790478780,0.00013428852394824814,0.00013645623114358541,0.00013428852394824814,0.00013593890196014166,161.10396999785465
1790478840,0.00013593890196014166,0.00013661352450062466,0.0001304209574543069,0.0001304209574543069,405.7016617877254
1790478900,0.0001304209574543069,0.00013855720398757069,0.0001304209574543069,0.00013757769275128502,966.7957751986114
1790478960,0.00013757769275128502,0.00014162708229242308,0.00013757769275128502,0.00013934838562993073,381.69020954479276
1790479020,0.00013934838562993073,0.00014310974522582494,0.00013934838562993073,0.00014310974522582494,396.33517420530774
1790479080,0.00014310974522582494,0.00014549847853968266,0.00014268949732362595,0.00014495682090004581,165.53725929709677
1790479140,0.00014495682090004581,0.00014606649608102186,0.00014495682090004581,0.00014606649608102186,41.38787375507446
1790479260,0.00014606649608102186,0.00014913057096232354,0.00014606649608102186,0.00014913057096232354,301.9141426627469
1790479320,0.00014913057096232354,0.00014913057096232354,0.0001459095251865487,0.00014613252989187242,169.01882893160402
1790479380,0.00014613252989187242,0.00014613252989187242,0.00014526627178979785,0.00014526627178979785,65.75479037367867
1790479440,0.00014526627178979785,0.00014526627178979785,0.00014246412329732227,0.00014387643941970868,292.3935539783248
1790479500,0.00014387643941970868,0.00014387643941970868,0.00014095784872074439,0.00014095784872074439,151.96510930665647
1790479620,0.00014095784872074439,0.0001419420982372138,0.00013999113314064018,0.00013999113314064018,2.6674092021871387
1790479680,0.00013999113314064018,0.00013999113314064018,0.0001386704898163735,0.0001386704898163735,112.0321970492002
1790479740,0.0001386704898163735,0.0001386704898163735,0.0001376998292185459,0.00013813551560784397,67.88769455457818
1790479800,0.00013813551560784397,0.00014190736627642245,0.00013813551560784397,0.00014190736627642245,346.91453676398055
1790479860,0.00014190736627642245,0.0001421317913216558,0.00014190736627642245,0.00014192037050715466,12.07919715848354
1790479980,0.00014192037050715466,0.00014227662715512088,0.0001400214285836401,0.00014182579067113,194.84031320133212
1790480040,0.00014182579067113,0.00014182579067113,0.00013918904617655416,0.00013918904617655416,73.32940559389824
1790480100,0.00013918904617655416,0.00014073292781600468,0.0001390141320682014,0.00014073292781600468,56.511098225604606
1790480160,0.00014073292781600468,0.00014073292781600468,0.00013880329566375073,0.00013886323894144676,7.919854058605603
1790480220,0.00013886323894144676,0.0001413242029256113,0.00013814585837412558,0.0001392219343011973,161.94932144123555
1790480280,0.0001392219343011973,0.00013922431207970273,0.00013863799274636658,0.00013863799274636658,94.00741031251518
1790480340,0.00013863799274636658,0.0001398155965252038,0.00013787712928492826,0.0001398155965252038,51.66939522596668
1790480400,0.0001398155965252038,0.00014152674530656782,0.00013923439341214985,0.00013923439341214985,172.27533251396912
1790480460,0.00013923439341214985,0.00013923439341214985,0.0001370706797246443,0.0001370706797246443,283.82473062315387
1790480580,0.0001370706797246443,0.0001370706797246443,0.00013479517942598657,0.00013479517942598657,85.61987612174168
1790480640,0.00013479517942598657,0.00013479517942598657,0.00012962349305640388,0.00012962349305640388,362.85145759600687
1790480700,0.00012962349305640388,0.00013180296364867394,0.00012962349305640388,0.00013180296364867394,47.57246753471846
1790480760,0.00013180296364867394,0.00013180296364867394,0.0001298974754300651,0.0001298974754300651,42.78630881996139
1790480940,0.0001298974754300651,0.0001298974754300651,0.0001290429206668809,0.0001290429206668809,103.66598736267699
1790481000,0.0001290429206668809,0.0001299069797078548,0.00012727191783033637,0.00012727191783033637,156.5971291613225
1790481060,0.00012727191783033637,0.00012961227507481745,0.00012727191783033637,0.00012939340260612183,112.58187399749147
1790481120,0.00012939340260612183,0.0001298852163522534,0.00012758784909208375,0.0001298852163522534,66.68874963220887
1790481180,0.0001298852163522534,0.0001298852163522534,0.00012718978560736897,0.00012718978560736897,172.56212615091403
1790481240,0.00012718978560736897,0.0001305928797202036,0.00012718978560736897,0.0001305928797202036,407.86927141001854
1790481300,0.0001305928797202036,0.000131166986564941,0.0001305928797202036,0.000131166986564941,10.989675015292425
1790481360,0.000131166986564941,0.00013274982970875703,0.00013088620960414343,0.0001313546067258473,122.90430041037244
1790481420,0.0001313546067258473,0.00013355225291451965,0.0001313546067258473,0.0001333291308798833,35.46753221961601
1790481480,0.0001333291308798833,0.0001333291308798833,0.00011921171646209243,0.0001237807972015867,2165.744156594506
1790481540,0.0001237807972015867,0.00012417024268489906,0.0001220941034087543,0.00012417024268489906,51.31401382786941
1790481600,0.00012417024268489906,0.00012417024268489906,0.0001221220935903976,0.0001221220935903976,39.38933467375412
1790481660,0.0001221220935903976,0.00012500691264595026,0.000122033213931918,0.00012332567610529572,153.69862914436845
1790481720,0.00012332567610529572,0.00012332567610529572,0.00012318148490315768,0.00012318148490315768,19.055209521694888
1790481780,0.00012318148490315768,0.00012501992807674558,0.00012318148490315768,0.00012501992807674558,42.79096673006639
1790481840,0.00012501992807674558,0.00012553109815131703,0.00012199511950164911,0.00012199511950164911,215.8059891800813
1790481900,0.00012199511950164911,0.00012442781317174894,0.00012199511950164911,0.00012442781317174894,121.05207623717892
1790481960,0.00012442781317174894,0.00012442781317174894,0.00012181118061756935,0.00012181118061756935,191.8720711076484
1790482020,0.00012181118061756935,0.0001231965672535351,0.00012059250429525506,0.00012168635765063627,314.68744445794897
1790482080,0.00012168635765063627,0.00012168635765063627,0.00011727061212965113,0.00011727061212965113,439.00504299296375
1790482140,0.00011727061212965113,0.000121641780891978,0.00011727061212965113,0.00012012823716777889,239.85412495460233
1790482200,0.00012012823716777889,0.00012217533756070777,0.00012012823716777889,0.00012051884083116701,62.16780705848414
1790482260,0.00012051884083116701,0.00012233618430102126,0.00012051884083116701,0.00012098555909817931,54.12230068120989
1790482320,0.00012098555909817931,0.00012098555909817931,0.00012097247730839747,0.00012097247730839747,14.677786420780627
1790482380,0.00012097247730839747,0.00012263408375041024,0.0001208963242596348,0.00012263408375041024,4.908838546533337
1790482440,0.00012263408375041024,0.00012271179958965229,0.00011822495727324755,0.00011822495727324755,454.88201102823757
1790482500,0.00011822495727324755,0.00011822495727324755,0.00011578929223406138,0.00011733239580598886,29.877047085482378
1790482560,0.00011733239580598886,0.00011748508423919676,0.00011733239580598886,0.00011748508423919676,24.23970138606761
1790482680,0.00011748508423919676,0.00011897572885621128,0.0001131233552078573,0.0001139342914303924,879.4681597792045
1790482740,0.0001139342914303924,0.00011487946986725582,0.00011233174294108287,0.00011431549110886109,346.65852310326017
1790482800,0.00011431549110886109,0.00011564004177821598,0.00011431118632797419,0.00011564004177821598,229.8600911650733
1790482860,0.00011564004177821598,0.00011737788540091854,0.00011474219966066632,0.00011737788540091854,572.333953071962
1790482920,0.00011737788540091854,0.00012111905600094094,0.00011737788540091854,0.00012111905600094094,161.37024743967734
1790483040,0.00012111905600094094,0.0001218172253099685,0.00012111905600094094,0.0001218172253099685,38.03744536360448
1790483100,0.0001218172253099685,0.00012222185753947353,0.00012028459758098662,0.00012199795148017953,103.84133320525332
1790483160,0.00012199795148017953,0.00012266768464324146,0.00012009067499125687,0.00012114572834175714,156.03382555903642
1790483220,0.00012114572834175714,0.00012114572834175714,0.00012100470096449925,0.00012100470096449925,4.108128586468106
1790483280,0.00012100470096449925,0.00012269423141220048,0.00012100470096449925,0.00012269423141220048,2.9689167458355343
1790483340,0.00012269423141220048,0.0001230161063926198,0.00012269423141220048,0.0001230161063926198,59.13827029710255
1790483520,0.0001230161063926198,0.0001230161063926198,0.00012157444864976497,0.00012157444864976497,15.686862026146931
1790483580,0.00012157444864976497,0.00012157444864976497,0.00012143654633704161,0.00012143654633704161,2.722525826785775
1790483700,0.00012143654633704161,0.00012143654633704161,0.00012124744559802603,0.00012124744559802603,14.17637979249831
1790483760,0.00012124744559802603,0.00012124744559802603,0.00012104681229729359,0.00012104681229729359,15.108014566095425
1790483820,0.00012104681229729359,0.00012104681229729359,0.00012099049511112878,0.00012099049511112878,1.4444716475438406
1790483880,0.00012099049511112878,0.00012323985447519492,0.00012084133127025488,0.00012323985447519492,124.14525183535281
1790483940,0.00012323985447519492,0.00012323985447519492,0.00012211108980008813,0.00012211108980008813,19.740135869360092
1790484060,0.00012211108980008813,0.00012305422517665894,0.00012040146448569429,0.00012040146448569429,197.83543712510783
1790484180,0.00012040146448569429,0.00012040146448569429,0.00011771727634068395,0.00011771727634068395,158.41028642386047
1790484240,0.00011771727634068395,0.00012072868924851055,0.00011771727634068395,0.00012072868924851055,121.07757610453405
1790484300,0.00012072868924851055,0.00012072868924851055,0.00011863541747993816,0.00011863541747993816,87.56754034719846
1790484360,0.00011863541747993816,0.00012078309174704553,0.00011863541747993816,0.00012078309174704553,171.26763330723625
1790484420,0.00012078309174704553,0.00012078309174704553,0.00011917189644442191,0.00012052159363132581,112.337517404303
1790484480,0.00012052159363132581,0.00012062553019519388,0.00011895996475329342,0.00011895996475329342,6.667743808881063
1790484600,0.00011895996475329342,0.00012101106730150149,0.00011876893681213724,0.00012101106730150149,143.588197577995
1790484660,0.00012101106730150149,0.00012296044642917602,0.00012101106730150149,0.00012296044642917602,115.38477301497156
1790484720,0.00012296044642917602,0.00012375950612535596,0.00012296044642917602,0.00012375950612535596,124.34200543321568
1790484780,0.00012375950612535596,0.00012482189621728198,0.00012339599028132455,0.00012339599028132455,70.16815197176186
1790484840,0.00012339599028132455,0.00012339599028132455,9.997956848049851e-05,0.00010489797288666508,3221.5991972086363
1790484900,0.00010489797288666508,0.00010556044468568263,0.00010252673396105758,0.00010556044468568263,468.9394904099704
1790484960,0.00010556044468568263,0.00010556044468568263,9.832872784624607e-05,0.00010075405577866614,1005.3754615953428
1790485020,0.00010075405577866614,0.0001027210376468705,9.947517940784663e-05,0.00010158660235959298,614.3971658707445
1790485080,0.00010158660235959298,0.00010289783825193568,0.00010087286899583453,0.00010208369725321531,203.15927426436238
1790485140,0.00010208369725321531,0.00010280816629895937,0.00010126766002732983,0.00010126766002732983,100.43331750163038
1790485200,0.00010126766002732983,0.00010126766002732983,9.829446338260006e-05,9.829446338260006e-05,261.1107769272762
1790485260,9.829446338260006e-05,0.00010037994866386128,9.829446338260006e-05,9.995587459667068e-05,104.38290268838153
1790485320,9.995587459667068e-05,9.995587459667068e-05,9.836372346729503e-05,9.836372346729503e-05,38.45091934393967
1790485440,9.836372346729503e-05,9.836372346729503e-05,9.729131549793274e-05,9.775319101696708e-05,188.58538935808778
1790485500,9.775319101696708e-05,0.00010086712765158399,9.775319101696708e-05,9.972407312500742e-05,335.5318537622316
1790485560,9.972407312500742e-05,9.972407312500742e-05,9.967215582348292e-05,9.967215582348292e-05,8.250244469078183
1790485620,9.967215582348292e-05,9.967215582348292e-05,9.895860836965174e-05,9.895860836965174e-05,120.90978792753401
1790485680,9.895860836965174e-05,9.91071650854786e-05,9.798566108422007e-05,9.91071650854786e-05,62.39346840681867
1790485800,9.91071650854786e-05,9.91071650854786e-05,9.764857527815442e-05,9.772335311726308e-05,15.405280057526
1790485860,9.772335311726308e-05,9.86609588918355e-05,9.749768876634854e-05,9.86609588918355e-05,46.817124096998356
1790485920,9.86609588918355e-05,9.86609588918355e-05,9.695775446953554e-05,9.695775446953554e-05,74.41605756429348
1790485980,9.695775446953554e-05,9.695775446953554e-05,9.474379999401867e-05,9.474379999401867e-05,198.59029213876764
1790486040,9.474379999401867e-05,9.618950523698259e-05,9.474379999401867e-05,9.618950523698259e-05,13.119026971449808
1790486100,9.618950523698259e-05,9.618950523698259e-05,9.461278784837701e-05,9.461278784837701e-05,22.492228508455437
1790486160,9.461278784837701e-05,9.660003232008011e-05,9.457011163478435e-05,9.660003232008011e-05,148.63263199073407
1790486220,9.660003232008011e-05,0.00010006638210098856,9.660003232008011e-05,9.848328079607144e-05,328.6447353063273
1790486280,9.848328079607144e-05,0.00010129783507184665,9.778341051069634e-05,0.00010105530357525021,485.45706032141703
1790486400,0.00010105530357525021,0.00010105530357525021,0.00010080474696095842,0.00010080474696095842,35.47923958935813
1790486460,0.00010080474696095842,0.00010080474696095842,0.00010054724112049548,0.00010054724112049548,18.883148940463425
1790486520,0.00010054724112049548,0.00010054724112049548,0.00010050538157267396,0.00010050538157267396,2.4690575954771807
1790486580,0.00010050538157267396,0.00010301555581730667,0.00010050538157267396,0.00010301555581730667,197.0834277962595
1790486640,0.00010301555581730667,0.00010681105708976138,0.00010301555581730667,0.00010542448408757302,255.98923039799462
1790486700,0.00010542448408757302,0.00010765000372663539,0.00010466251749838306,0.00010466251749838306,358.02079807105963
1790486760,0.00010466251749838306,0.00010613508573139822,0.00010466251749838306,0.00010613508573139822,8.882412452725664
1790486880,0.00010613508573139822,0.00010840681482103853,0.00010613508573139822,0.00010840681482103853,401.31421203632306
1790486940,0.00010840681482103853,0.00011065868239581628,0.00010840681482103853,0.00010903586096527255,16.20965143710025
1790487000,0.00010903586096527255,0.00011059822258532968,0.00010903586096527255,0.00011059822258532968,2.373418448130888
1790487120,0.00011059822258532968,0.00011059822258532968,0.00010715745850456471,0.00010715745850456471,168.57749592959112
1790487180,0.00010715745850456471,0.00010913530240672881,0.00010701714398023439,0.00010701714398023439,188.908233877072
1790487240,0.00010701714398023439,0.00010789072288086548,0.00010701714398023439,0.00010789072288086548,20.330313006220095
1790487300,0.00010789072288086548,0.00010822751168406761,0.00010789072288086548,0.00010822751168406761,29.912170274418077
1790487360,0.00010822751168406761,0.0001085525033106519,0.00010822751168406761,0.0001085525033106519,18.388413620448315
1790487480,0.0001085525033106519,0.00010958745320700871,0.00010670372508098427,0.00010791828979536787,257.8082706946739
1790487600,0.00010791828979536787,0.00010921571071366997,0.00010791828979536787,0.00010921571071366997,14.377441898646945
1790487660,0.00010921571071366997,0.00011040630412075072,0.00010821922419121208,0.0001096374829429253,310.52645014062665
1790487720,0.0001096374829429253,0.00012319360523299814,0.0001096374829429253,0.00012030034209585523,2199.7773143735803
1790487780,0.00012030034209585523,0.00012290380271914162,0.00012030034209585523,0.00012053480203481733,353.97797693732787
1790487840,0.00012053480203481733,0.00012053480203481733,0.00011906609677159864,0.00011967982789857748,192.83814693597782
1790487900,0.00011967982789857748,0.00011967982789857748,0.0001170819580934119,0.0001170819580934119,163.62864446773045
1790488020,0.0001170819580934119,0.0001170819580934119,0.00011577661950039538,0.00011577661950039538,77.2213842291971
1790488080,0.00011577661950039538,0.00011727059327391736,0.00011577661950039538,0.00011727059327391736,65.76976859257961
1790488140,0.00011727059327391736,0.00011797941204261111,0.00011727059327391736,0.00011797941204261111,22.952368669566322
1790488200,0.00011797941204261111,0.00011797941204261111,0.00011600660818599427,0.00011600660818599427,66.65533465399346
1790488260,0.00011600660818599427,0.00011689638871358436,0.00011528098225304608,0.00011689638871358436,66.03559948148481
1790488380,0.00011689638871358436,0.00011689638871358436,0.00011384920270483543,0.00011384920270483543,145.7573326220389
1790488500,0.00011384920270483543,0.00011536647474880942,0.00011359169220658572,0.00011359169220658572,31.567848963562955
1790488560,0.00011359169220658572,0.00011545046487940686,0.00011359169220658572,0.00011545046487940686,49.19820118495475
1790488800,0.00011545046487940686,0.00011545046487940686,0.00011406753165500472,0.00011406753165500472,6.2399315454488065
1790488860,0.00011406753165500472,0.00011577193080228934,0.00011406158892731632,0.00011406158892731632,22.56268927281298
1790488920,0.00011406158892731632,0.00011550638920816823,0.00011385410728842433,0.00011550638920816823,16.514512439156118
1790489040,0.00011550638920816823,0.00011550638920816823,0.00011355597999458474,0.0001151285826715503,58.24943561526875
1790489100,0.0001151285826715503,0.0001151285826715503,0.00011306348343682216,0.00011510807246334527,177.80405441590915
1790489160,0.00011510807246334527,0.00011647850813338698,0.00011510807246334527,0.00011647850813338698,123.72153302357471
1790489220,0.00011647850813338698,0.00011706530538126518,0.00011504737718864577,0.00011706530538126518,104.33276972455994
1790489280,0.00011706530538126518,0.0001173889146741704,0.00011706530538126518,0.0001173889146741704,29.49714909674011
1790489340,0.0001173889146741704,0.0001173889146741704,0.00011549928008576528,0.00011549928008576528,44.308574001539185
1790489400,0.00011549928008576528,0.00011719371933212589,0.00011549928008576528,0.00011719371933212589,17.872133761953695
1790489460,0.00011719371933212589,0.00011719371933212589,0.00011484176655687752,0.00011484176655687752,146.63288334631986
1790489520,0.00011484176655687752,0.00011568917698230996,0.00011354858673911647,0.00011478097295100052,160.5729772407926
1790489640,0.00011478097295100052,0.00011518192116686034,0.00011478097295100052,0.00011518192116686034,33.614089555828905
1790489700,0.00011518192116686034,0.00011595171615399201,0.00011458866272807924,0.00011458866272807924,76.14516008485892
1790489760,0.00011458866272807924,0.00011919179799690672,0.00011458866272807924,0.00011919179799690672,268.5825559371608
1790489820,0.00011919179799690672,0.0001193572429765835,0.00011752314325439396,0.00011752314325439396,34.81909058963938
1790489880,0.00011752314325439396,0.00011752314325439396,0.0001168983555315789,0.0001168983555315789,56.27675161038305
1790490120,0.0001168983555315789,0.00011835321714580188,0.0001168983555315789,0.00011835321714580188,5.959561850932459
1790490180,0.00011835321714580188,0.00011835321714580188,0.00011673234016963311,0.00011673234016963311,0.36543187530697535
1790490240,0.00011673234016963311,0.00011852208449841007,0.00011673234016963311,0.00011852208449841007,25.386213848021733
1790490360,0.00011852208449841007,0.00011929373869994899,0.00011813366375045807,0.00011813366375045807,101.52214756175184
1790490420,0.00011813366375045807,0.00011816427298017216,0.00011773421473825065,0.00011773421473825065,62.75713231129181
1790490600,0.00011773421473825065,0.00011902600384760487,0.00011731825235084284,0.00011902600384760487,5.610585066560666
1790490660,0.00011902600384760487,0.00011902600384760487,0.00011901672339238788,0.00011901672339238788,0.360690887342118
1790490720,0.00011901672339238788,0.00011901672339238788,0.0001168044826649093,0.0001168044826649093,59.86434189260944
1790490780,0.0001168044826649093,0.00011812695883997488,0.00011649499950217406,0.00011812695883997488,23.195916946464934
1790490840,0.00011812695883997488,0.00011834213110700137,0.00011812695883997488,0.00011834213110700137,4.850904878025186
1790491020,0.00011834213110700137,0.00011834213110700137,0.00011481473675778335,0.00011481473675778335,228.53837516412548
1790491080,0.00011481473675778335,0.00011569785362821614,0.00011401118072637172,0.00011401118072637172,9.667038055999441
1790491140,0.00011401118072637172,0.00011534196962593897,0.0001138375008352169,0.00011534196962593897,14.66268939415664
1790491320,0.00011534196962593897,0.00011570544496966789,0.00011435655176072699,0.00011435655176072699,73.6237879813439
1790491380,0.00011435655176072699,0.00011588782268907128,0.00011424181783216678,0.00011424181783216678,5.320956815471296
1790491440,0.00011424181783216678,0.00011561406596999742,0.00011409156227889185,0.00011561406596999742,25.303773533932937
1790491500,0.00011561406596999742,0.00011561406596999742,0.0001137508998528381,0.00011534351553743732,16.507128668278447
1790491560,0.00011534351553743732,0.00011534351553743732,0.00011359357493219721,0.0001152515766035627,49.559167707140425
1790491620,0.0001152515766035627,0.00013313249643053668,0.0001152515766035627,0.00013178742062791706,2067.4695713230462
1790491680,0.00013178742062791706,0.0001319931017478754,0.00012867761000465744,0.00012867761000465744,256.3777201399103
1790491740,0.00012867761000465744,0.00013043391416424582,0.00012842383543294232,0.00013043391416424582,17.752638786906807
1790491800,0.00013043391416424582,0.00013080279362593576,0.00012797283008705965,0.00012797283008705965,274.09971239392473
1790491860,0.00012797283008705965,0.00012877883271452165,0.00012694227719821775,0.00012877883271452165,32.38505301904056
1790491920,0.00012877883271452165,0.00013204135139649058,0.00012877883271452165,0.00013204135139649058,277.13092668584807
1790492040,0.00013204135139649058,0.0001324708003274014,0.00013204135139649058,0.0001324708003274014,7.5538506630834865
1790492100,0.0001324708003274014,0.00014013221203468238,0.0001324708003274014,0.00014013221203468238,794.1033862505891
1790492160,0.00014013221203468238,0.00014013221203468238,0.0001346483844554562,0.0001346483844554562,354.2591535856516
1790492220,0.0001346483844554562,0.00013677033743532876,0.00013137792292048435,0.00013308957907082113,324.0582303731836
1790492280,0.00013308957907082113,0.0001331102050124046,0.00012775878453457314,0.00012775878453457314,342.2146509896901
1790492340,0.00012775878453457314,0.00012775878453457314,0.00012458825915156964,0.00012458825915156964,250.8752356732294
1790492400,0.00012458825915156964,0.0001255751387138565,0.0001238139240534327,0.0001255751387138565,78.27144841666944
1790492460,0.0001255751387138565,0.00012588072080988954,0.00012411347008013267,0.00012588072080988954,47.356949034536484
1790492520,0.00012588072080988954,0.00012588072080988954,0.000123063982017635,0.000123063982017635,184.93763886018104
1790492580,0.000123063982017635,0.000123063982017635,0.00011958844543670368,0.00011958844543670368,263.74869502818177
1790492640,0.00011958844543670368,0.00011958844543670368,0.0001181052705778672,0.0001181052705778672,97.66931595866488
1790492700,0.0001181052705778672,0.00012074962775612195,0.0001181052705778672,0.00012074962775612195,137.43149494058662
1790492760,0.00012074962775612195,0.00012074962775612195,0.00011906363613190687,0.00011906363613190687,27.04356352678781
1790492880,0.00011906363613190687,0.00011906363613190687,0.00011899619740019131,0.00011899619740019131,5.3628103571723775
1790492940,0.00011899619740019131,0.0001198846532041574,0.000118253457869197,0.000118253457869197,70.49684164029362
1790493000,0.000118253457869197,0.000118253457869197,0.00011813321508023467,0.00011813321508023467,16.119961686472305
1790493060,0.00011813321508023467,0.00011973607771148962,0.00011813321508023467,0.00011815161847193239,22.495579138904475
1790493300,0.00011815161847193239,0.00011982461232131768,0.00011815161847193239,0.00011982461232131768,9.696510304334204
1790493360,0.00011982461232131768,0.00011982461232131768,0.00011675177048459145,0.00011675177048459145,124.27569708340616
1790493420,0.00011675177048459145,0.00011842359200395632,0.00011539411375984943,0.00011539411375984943,119.13865329758374
1790493540,0.00011539411375984943,0.00011539411375984943,0.0001150317953118179,0.0001150317953118179,61.33691668091971
1790493660,0.0001150317953118179,0.00011876099154109915,0.00011452912484515497,0.00011876099154109915,494.9136231077564
1790493720,0.00011876099154109915,0.00012204810233264555,0.00011876099154109915,0.00012204810233264555,89.43797058681776
1790493840,0.00012204810233264555,0.00012204810233264555,0.00012042418845589539,0.00012042418845589539,100.09392781095279
1790494200,0.00012042418845589539,0.00012042418845589539,0.00011981117843384426,0.00011981117843384426,20.103451946573262
1790494320,0.00011981117843384426,0.00012146316887153924,0.00011981117843384426,0.00012146316887153924,0.982299916967497
1790494380,0.00012146316887153924,0.00012146316887153924,0.00011995576022914269,0.00011995576022914269,1.0712123221232863
1790494440,0.00011995576022914269,0.0001225603173242736,0.00011995576022914269,0.0001225603173242736,115.82042971483126
1790494500,0.0001225603173242736,0.0001225603173242736,0.00012144797259637329,0.00012144797259637329,2.0998279141094818
1790494620,0.00012144797259637329,0.00012144797259637329,0.00012130704305912098,0.00012130704305912098,0.3951388632432489
1790494680,0.00012130704305912098,0.00012130704305912098,0.0001209523173453736,0.0001209523173453736,65.57002553181871
1790494740,0.0001209523173453736,0.0001209523173453736,0.00012029191214954023,0.00012029191214954023,18.302943942811268
1790494800,0.00012029191214954023,0.00012029191214954023,0.00012003327094698962,0.00012003327094698962,51.1511237231193
1790494860,0.00012003327094698962,0.00012003327094698962,0.00011999119317555915,0.00011999119317555915,0.1876211693135459
1790494920,0.00011999119317555915,0.00011999119317555915,0.00011964044997139023,0.00011964044997139023,59.30401716034578
1790494980,0.00011964044997139023,0.00012193782460077785,0.00011964044997139023,0.00012193782460077785,154.7215390789817
1790495040,0.00012193782460077785,0.00012193782460077785,0.00012104665979575797,0.00012104665979575797,23.43242882162486
1790495100,0.00012104665979575797,0.00012286063354492954,0.00012091471429285112,0.00012133083461690081,51.89795150961807
1790495220,0.00012133083461690081,0.00012133083461690081,0.0001204272049949725,0.0001204272049949725,60.32030700019682
1790495280,0.0001204272049949725,0.00012536811081801915,0.0001204272049949725,0.00012536811081801915,282.5203314299367
1790495460,0.00012536811081801915,0.00012536811081801915,0.0001241892908732564,0.0001241892908732564,0.8610304652920178
1790495640,0.0001241892908732564,0.0001241892908732564,0.00012293653750919273,0.00012293653750919273,186.78661694266893
1790495760,0.00012293653750919273,0.00012293653750919273,0.00011946912406497787,0.00011946912406497787,432.0506184717903
1790495820,0.00011946912406497787,0.00011946912406497787,0.00011924426859863946,0.00011928612140823226,7.285760272369713
1790496060,0.00011928612140823226,0.0001198229042575584,0.00011801132416427332,0.0001198229042575584,119.02411593635097
1790496120,0.0001198229042575584,0.0001198229042575584,0.0001182955653614111,0.0001182955653614111,2.147264449624067
1790496180,0.0001182955653614111,0.00011830009037759067,0.0001182955653614111,0.00011830009037759067,0.09000704859808649
1790496240,0.00011830009037759067,0.00011847188553352704,0.00011830009037759067,0.00011847188553352704,2.2865672194546818
1790496360,0.00011847188553352704,0.00011847188553352704,0.00011842901098369793,0.00011842901098369793,4.509333343765028
1790496480,0.00011842901098369793,0.00011862063353932338,0.00011837115811919289,0.00011837115811919289,19.084812925967793
1790496540,0.00011837115811919289,0.00012024779614150892,0.00011837115811919289,0.00012024779614150892,60.97867468231747
1790496600,0.00012024779614150892,0.00012024779614150892,0.00011863443533841605,0.00011890611662765196,28.31778267675107
1790496720,0.00011890611662765196,0.00012051328867660087,0.00011890611662765196,0.00012051328867660087,16.142781765070488
1790496780,0.00012051328867660087,0.00012051328867660087,0.000118676708145498,0.000118676708145498,4.734198531147986
1790496840,0.000118676708145498,0.00012081950120555609,0.000118676708145498,0.00012081950120555609,79.69577178701286
1790496900,0.00012081950120555609,0.00012081950120555609,0.00011956994780678424,0.00011956994780678424,10.271536309385596
1790496960,0.00011956994780678424,0.00012001534622976145,0.00011956994780678424,0.00012001534622976145,1.399760541794397
1790497020,0.00012001534622976145,0.00012157278602341841,0.00011958445559737485,0.00012157278602341841,90.61632567212499
1790497080,0.00012157278602341841,0.00012186339893243363,0.00011948675413813002,0.00011948675413813002,69.35571693089963
1790497140,0.00011948675413813002,0.00011948675413813002,0.00011912042274499001,0.00011912042274499001,0.6130447647533578
1790497260,0.00011912042274499001,0.00011930024328888394,0.00011912042274499001,0.00011930024328888394,12.11215630139227
1790497500,0.00011930024328888394,0.00012324854843498236,0.00011895802996768237,0.00012324854843498236,432.4542916419437
1790497560,0.00012324854843498236,0.00012601047142150095,0.00012324854843498236,0.00012601047142150095,19.813912312984108
1790497620,0.00012601047142150095,0.000131841216629381,0.00012363974911515317,0.00013180107843499984,644.1043242276933
1790497680,0.00013180107843499984,0.00013180107843499984,0.00012927493306781805,0.00012927493306781805,116.87598927419981
1790497740,0.00012927493306781805,0.00012927493306781805,0.0001283930285783803,0.0001283930285783803,46.1032189878215
1790497860,0.0001283930285783803,0.0001306109519324978,0.00012808002242553106,0.0001306109519324978,134.0949871759191
1790497920,0.0001306109519324978,0.0001306109519324978,0.00012962091451090217,0.00012962091451090217,0.1673326407428355
1790497980,0.00012962091451090217,0.00012962091451090217,0.000129363939257122,0.000129363939257122,41.57868613099033
1790498040,0.000129363939257122,0.000129363939257122,0.00012881296613784335,0.00012881296613784335,12.163472019547411
1790498100,0.00012881296613784335,0.0001306505132527313,0.00012881296613784335,0.0001306505132527313,9.845676037112357
1790498160,0.0001306505132527313,0.00013142273301656006,0.0001306505132527313,0.00013142273301656006,64.59612417764025
1790498220,0.00013142273301656006,0.00013142273301656006,0.00012877860820022062,0.00012877860820022062,132.44159683082174
1790498340,0.00012877860820022062,0.00012877860820022062,0.00012495819135189523,0.00012495819135189523,261.03223801275686
1790498400,0.00012495819135189523,0.0001273668546260073,0.00012495819135189523,0.0001273668546260073,127.65917006789984
1790498520,0.0001273668546260073,0.0001273668546260073,0.00012563117757457605,0.00012563117757457605,110.77139252624465
1790498640,0.00012563117757457605,0.00012563117757457605,0.00012465564875268644,0.00012465564875268644,20.238084877890262
1790498760,0.00012465564875268644,0.00012465564875268644,0.00012454418148982507,0.00012454418148982507,6.725385800450554
1790498820,0.00012454418148982507,0.00012454418148982507,0.00012347791488440986,0.00012444199401911757,180.90141733401657
1790498940,0.00012444199401911757,0.00012490265971927392,0.00012444199401911757,0.00012490265971927392,14.661598335997246
1790499120,0.00012490265971927392,0.00012543516138167343,0.00012490265971927392,0.00012543516138167343,37.91097571624209
1790499240,0.00012543516138167343,0.00012600033192836432,0.00012543516138167343,0.00012600033192836432,95.02836248374658
1790499300,0.00012600033192836432,0.00012676322826977483,0.00012481124906537375,0.00012676322826977483,84.3958694306516
1790499360,0.00012676322826977483,0.00012676322826977483,0.00012517314625848863,0.00012517314625848863,28.69297087572346
1790499480,0.00012517314625848863,0.00012517314625848863,0.00012500571967546202,0.00012500571967546202,6.244035697789328
1790499720,0.00012500571967546202,0.00012500571967546202,0.00012459536548389323,0.00012459536548389323,17.853142521924234
1790499780,0.00012459536548389323,0.00012459536548389323,0.00011794352150157217,0.00011794352150157217,600.4039923044963
1790499840,0.00011794352150157217,0.00011908930456718031,0.00011766914371150247,0.00011908930456718031,59.20816918018194
1790499900,0.00011908930456718031,0.00011908930456718031,0.00011581360081131339,0.00011581360081131339,269.9406353832184
1790499960,0.00011581360081131339,0.00011581360081131339,0.00011395143249236734,0.00011395143249236734,4.638248617386869
1790500020,0.00011395143249236734,0.00011395143249236734,0.00011376318512168216,0.00011376318512168216,27.919602716003116
1790500140,0.00011376318512168216,0.00011442092584398093,0.00011328077722058222,0.00011442092584398093,72.59882902303404
1790500200,0.00011442092584398093,0.00011442092584398093,0.00011277668759015222,0.00011277668759015222,22.31471632389412
1790500320,0.00011277668759015222,0.00011452296904195956,0.00011277668759015222,0.00011452296904195956,25.553762493246666
1790500380,0.00011452296904195956,0.00011452296904195956,0.00011242142761193436,0.00011242142761193436,110.77307406822845
1790500440,0.00011242142761193436,0.00011242142761193436,0.00011190081940930749,0.00011190081940930749,5.679770732285835
1790500560,0.00011190081940930749,0.00011190081940930749,0.00011176482315869034,0.00011176482315869034,0.0635272746894385
1790500680,0.00011176482315869034,0.00011505723082854391,0.00011176482315869034,0.00011346288380521966,148.9894000809789
1790500860,0.00011346288380521966,0.00011502414269896022,0.0001129902941350642,0.0001129902941350642,42.17671421522021
1790501040,0.0001129902941350642,0.0001129902941350642,0.00011194804247801841,0.00011194804247801841,165.84562424338947
1790501220,0.00011194804247801841,0.00011288474808245538,0.00011194804247801841,0.00011288474808245538,20.77470143979258
1790501340,0.00011288474808245538,0.00011288474808245538,0.00011093011704898026,0.00011093011704898026,48.265345928163235
1790501400,0.00011093011704898026,0.00011268099101963717,0.00011093011704898026,0.0001125849490253937,16.87479087992931
1790501520,0.0001125849490253937,0.0001125849490253937,0.0001111264178803959,0.0001111264178803959,11.943597574175028
1790501760,0.0001111264178803959,0.0001111264178803959,0.00011089777411904092,0.00011089777411904092,28.57285829264693
1790501820,0.00011089777411904092,0.00011539776447864542,0.00011089777411904092,0.00011334730020546224,362.16215898720355
1790501880,0.00011334730020546224,0.00011487467254324085,0.00011334730020546224,0.00011487467254324085,2.0195964402814823
1790501940,0.00011487467254324085,0.00012073628793674012,0.00011373935791868386,0.00012073628793674012,965.8862860372338
1790502000,0.00012073628793674012,0.00012073628793674012,0.0001205264604541354,0.0001205264604541354,0.12406894453029407
1790502060,0.0001205264604541354,0.0001239929340954978,0.0001205264604541354,0.0001239929340954978,312.3165408335088
1790502180,0.0001239929340954978,0.00012556750850889532,0.0001239929340954978,0.00012556750850889532,11.870177719627366
1790502240,0.00012556750850889532,0.00012556750850889532,0.0001191240373332873,0.00012401494189991807,951.6982763383871
1790502300,0.00012401494189991807,0.00012670732015769218,0.00012401494189991807,0.00012670732015769218,18.816392133604552
1790502360,0.00012670732015769218,0.00012684094211152668,0.00012670732015769218,0.00012684094211152668,9.907762189351383
1790502660,0.00012684094211152668,0.00012684094211152668,0.00012507090862285073,0.00012507090862285073,13.023461261875658
1790502720,0.00012507090862285073,0.00012689849132515126,0.00012507090862285073,0.00012518293190043268,16.16737661133387
1790502780,0.00012518293190043268,0.0001280930182589952,0.00012518293190043268,0.0001280930182589952,207.86593919337633
1790502840,0.0001280930182589952,0.0001292700289761766,0.0001280930182589952,0.0001292700289761766,0.8134814028958718
1790503020,0.0001292700289761766,0.00014596484360768601,0.0001292700289761766,0.0001363636779596674,2541.3990864747575
1790503140,0.0001363636779596674,0.0001363636779596674,0.00013635918006300892,0.00013635918006300892,5.751879047925708
1790503200,0.00013635918006300892,0.00013636027459549638,0.00013444959988309453,0.00013444959988309453,14.948502747354382
1790503260,0.00013444959988309453,0.00013598512260633807,0.000134046137534664,0.00013450777830305866,123.11228701176371
1790503560,0.00013450777830305866,0.00013450777830305866,0.0001343582049653536,0.0001343582049653536,5.259075927632709
1790503620,0.0001343582049653536,0.0001343582049653536,0.0001316038614094698,0.0001316038614094698,233.51167977777433
1790503680,0.0001316038614094698,0.0001316038614094698,0.00012816720012557317,0.00012816720012557317,559.9071844289864
1790503860,0.00012816720012557317,0.00012816720012557317,0.00012446441719267192,0.00012446441719267192,79.80125421746025
1790503920,0.00012446441719267192,0.00012446441719267192,0.00012241072892515,0.00012241072892515,244.71107994774508
1790503980,0.00012241072892515,0.00012707994483087434,0.00012241072892515,0.00012707994483087434,553.6636363620165
1790504040,0.00012707994483087434,0.00012707994483087434,0.00012665783745685464,0.00012665783745685464,15.665000406319358
1790504100,0.00012665783745685464,0.00012679613130578082,0.00012665783745685464,0.00012679613130578082,1.803715721369295
1790504160,0.00012679613130578082,0.00012679613130578082,0.0001266105749736988,0.0001266105749736988,4.00974496307624
1790504340,0.0001266105749736988,0.0001266105749736988,0.00012593832869452342,0.00012593832869452342,39.333644912859135
1790504400,0.00012593832869452342,0.00012994044720837864,0.00012579702473976867,0.00012977480755832187,420.3878886666024
1790504460,0.00012977480755832187,0.00013602052714011822,0.00012977480755832187,0.0001355037163121586,589.9121562303296
1790504640,0.0001355037163121586,0.00013745677330290917,0.0001355037163121586,0.00013745677330290917,0.7661431231997454
1790504700,0.00013745677330290917,0.00013745677330290917,0.00013537853675586617,0.00013537853675586617,8.98376187589627
1790504820,0.00013537853675586617,0.00013537853675586617,0.00012971679944120344,0.00012971679944120344,877.4019982993331
1790504880,0.00012971679944120344,0.00012971679944120344,0.0001245247741241345,0.0001245247741241345,0.4894330193595366
1790504940,0.0001245247741241345,0.00012633554277423234,0.0001245247741241345,0.00012633554277423234,17.196967483014387
1790505060,0.00012633554277423234,0.00012639298830908834,0.00012633554277423234,0.00012639298830908834,4.923092507435195
1790505240,0.00012639298830908834,0.00012665723625442929,0.00012639298830908834,0.00012665723625442929,18.478668521819845
1790505360,0.00012665723625442929,0.00012687975117482413,0.00012665723625442929,0.00012687975117482413,24.563003083560428
1790505420,0.00012687975117482413,0.00012687975117482413,0.00012508045273796497,0.00012508045273796497,9.161773620337508
1790505600,0.00012508045273796497,0.0001275007281130846,0.00012508045273796497,0.0001275007281130846,122.66488804359712
1790505780,0.0001275007281130846,0.0001275007281130846,0.00012650278313880767,0.00012650278313880767,0.9951362163095324
1790505960,0.00012650278313880767,0.00012650278313880767,0.00012631606142104416,0.00012631606142104416,15.320339334842371
1790506140,0.00012631606142104416,0.00012631606142104416,0.00012599874743685462,0.00012623426281312245,37.215937433948035
1790506260,0.00012623426281312245,0.00012776635901333414,0.00012623426281312245,0.00012776635901333414,9.80398287599154
1790506380,0.00012776635901333414,0.0001278297772833562,0.00012776635901333414,0.0001278297772833562,16.490145099545206
1790506440,0.0001278297772833562,0.00012792759532945182,0.0001278297772833562,0.00012792759532945182,1.7203640352013556
1790506560,0.00012792759532945182,0.00012792759532945182,0.00012605221224865358,0.00012605221224865358,1.1859295479304717
1790506620,0.00012605221224865358,0.00012605221224865358,0.00012492299436900177,0.00012492299436900177,193.44459189652557
1790506680,0.00012492299436900177,0.00012492299436900177,0.00012280541841952193,0.00012280541841952193,119.55746902584494
1790506920,0.00012280541841952193,0.00012422731039147256,0.00012280541841952193,0.00012422731039147256,12.271703693306797
1790507700,0.00012422731039147256,0.00012462073593869885,0.00012422731039147256,0.00012462073593869885,30.378248475304712
1790507760,0.00012462073593869885,0.00012462073593869885,0.00010766581425246014,0.00011338131065047539,2157.4293403786746
1790507820,0.00011338131065047539,0.0001176077916395146,0.00011066537807682818,0.00011665910690270524,812.8675255760717
1790507880,0.00011665910690270524,0.00011665910690270524,0.0001126258618933446,0.0001126258618933446,429.5356468864601
1790507940,0.0001126258618933446,0.0001126258618933446,0.0001070298743280554,0.00010831916321639296,626.3362549218629
1790508060,0.00010831916321639296,0.00010831916321639296,0.00010549127821652905,0.00010549127821652905,60.43915703694987
1790508120,0.00010549127821652905,0.00010678389048756007,0.00010549127821652905,0.00010678389048756007,19.16548541650242
1790508180,0.00010678389048756007,0.00010678389048756007,0.00010433838895293264,0.00010433838895293264,195.47546115473966
1790508300,0.00010433838895293264,0.00010579811472509525,0.00010433838895293264,0.00010579811472509525,190.58312525756148
1790508360,0.00010579811472509525,0.00010710119656816023,0.00010579811472509525,0.00010710119656816023,30.691180325698753
1790508540,0.00010710119656816023,0.00010720058038351922,0.00010710119656816023,0.00010720058038351922,4.931171649179052
1790508600,0.00010720058038351922,0.00010779474956659893,0.00010720058038351922,0.00010779474956659893,98.45306827770851
1790508660,0.00010779474956659893,0.00010845534422864611,0.00010685685509958678,0.00010845534422864611,12.35351891737245
1790508720,0.00010845534422864611,0.00010856475545153848,0.0001070928112333339,0.0001070928112333339,29.659293229695088
1790508840,0.0001070928112333339,0.0001070928112333339,0.00010698215568930718,0.00010698215568930718,1.323575746781135
1790508900,0.00010698215568930718,0.00010698215568930718,0.00010662917373103414,0.00010662917373103414,59.0810274523053
1790508960,0.00010662917373103414,0.00010777114944491312,0.00010662917373103414,0.00010777114944491312,2.587121750964491
1790509080,0.00010777114944491312,0.00010777114944491312,0.00010613998568259076,0.00010613998568259076,15.269339455719399
1790509140,0.00010613998568259076,0.00010613998568259076,0.0001059146086771893,0.0001059146086771893,14.759749568986239
1790509200,0.0001059146086771893,0.00010760053214949889,0.0001059146086771893,0.00010614081866753454,41.637953321181215
1790509260,0.00010614081866753454,0.00010614619675637235,0.00010614081866753454,0.00010614619675637235,0.9443675231268351
1790509320,0.00010614619675637235,0.0001076528888026226,0.00010614619675637235,0.00010614851779052929,0.1949030133309275
1790509380,0.00010614851779052929,0.00010614851779052929,0.00010268578617832632,0.00010268578617832632,623.2189328555044
1790509440,0.00010268578617832632,0.00010268578617832632,0.00010074387965752276,0.00010074387965752276,10.864219494969108
1790509500,0.00010074387965752276,0.00010153792899773284,0.00010074387965752276,0.00010153792899773284,58.408041733261776
1790509560,0.00010153792899773284,0.00010153792899773284,9.988812874573857e-05,9.988812874573857e-05,4.99166209845164
1790509620,9.988812874573857e-05,9.988812874573857e-05,9.977902742997621e-05,9.977902742997621e-05,15.25116444512214
1790509680,9.977902742997621e-05,0.00010187996812028772,9.977902742997621e-05,0.00010187996812028772,121.44735268518053
1790509800,0.00010187996812028772,0.00010187996812028772,9.717754855332445e-05,9.717754855332445e-05,735.5565246763762
1790509860,9.717754855332445e-05,9.717754855332445e-05,9.66229576474073e-05,9.66229576474073e-05,9.7804130813735
1790509920,9.66229576474073e-05,9.66229576474073e-05,9.654982775471953e-05,9.654982775471953e-05,10.820855841142263
1790509980,9.654982775471953e-05,9.654982775471953e-05,9.647537791840599e-05,9.647537791840599e-05,8.018686423155735
1790510040,9.647537791840599e-05,9.647537791840599e-05,9.640000939862016e-05,9.640000939862016e-05,8.182423708827134
1790510100,9.640000939862016e-05,9.779609289791397e-05,9.55457004696433e-05,9.55457004696433e-05,97.76676711581686
1790510220,9.55457004696433e-05,9.866099632749745e-05,9.55457004696433e-05,9.866099632749745e-05,343.0336297048104
1790510280,9.866099632749745e-05,0.0001003954881443642,9.866099632749745e-05,0.0001003954881443642,4.697697161963919
1790510460,0.0001003954881443642,0.00010352067908107299,9.90171679676318e-05,0.00010352067908107299,301.03027559088036
1790510580,0.00010352067908107299,0.00010377933890360162,0.00010352067908107299,0.00010377933890360162,19.394136742128474
1790510760,0.00010377933890360162,0.00010377933890360162,0.00010238871664589592,0.00010241980083949469,5.591239103727547
1790510820,0.00010241980083949469,0.00010490246305860373,0.00010225685436403762,0.00010490246305860373,272.1023090401134
1790510880,0.00010490246305860373,0.00010490246305860373,0.00010458321865382959,0.00010458321865382959,16.19014948854783
1790511000,0.00010458321865382959,0.00010632410904623914,0.00010458321865382959,0.00010632410904623914,57.35314546291676
1790511120,0.00010632410904623914,0.00010632410904623914,0.00010514018873468684,0.00010514018873468684,0.9092808958462899
1790511180,0.00010514018873468684,0.00010514018873468684,0.00010479393997040099,0.00010479393997040099,73.82188802922148
1790511240,0.00010479393997040099,0.00010479393997040099,0.00010427267221452892,0.00010427267221452892,21.142941469025896
1790511300,0.00010427267221452892,0.00010427267221452892,0.00010368301890971692,0.000103901631828433,38.10276424143473
1790511360,0.000103901631828433,0.00010523615308556279,0.000103901631828433,0.00010523615308556279,16.782360375736133
1790511480,0.00010523615308556279,0.00010603317815906335,0.00010347648888934061,0.00010576442095783475,364.0499400572012
1790511660,0.00010576442095783475,0.00010576442095783475,0.00010516408715217703,0.00010516408715217703,54.035611902567666
1790511780,0.00010516408715217703,0.00010635885134321112,0.00010455056879287129,0.00010477382562170515,46.424585065337
1790511840,0.00010477382562170515,0.00010477382562170515,0.00010408682014483913,0.00010408682014483913,49.82433108827526
1790511900,0.00010408682014483913,0.00010536440732356452,9.697722574551967e-05,9.697722574551967e-05,657.3657311018417
1790511960,9.697722574551967e-05,9.939857944379184e-05,9.697722574551967e-05,9.939857944379184e-05,196.22716571469704
1790512020,9.939857944379184e-05,0.0001014328341228313,9.939857944379184e-05,0.0001003952780171985,288.8061525284578
1790512080,0.0001003952780171985,0.0001003952780171985,9.928758733183055e-05,0.00010006164499238673,132.6726182587517
1790512140,0.00010006164499238673,0.00010835575456186768,0.00010006164499238673,0.00010835575456186768,1091.1286215024718
1790512260,0.00010835575456186768,0.00010835575456186768,0.0001077664959997187,0.0001077664959997187,5.69287435948909
1790512380,0.0001077664959997187,0.0001077664959997187,0.00010758017160559637,0.00010758017160559637,14.390750705296846
1790512800,0.00010758017160559637,0.00010769965665316644,0.00010758017160559637,0.00010769965665316644,8.287369032088375
1790512860,0.00010769965665316644,0.00010913023519119626,0.00010769965665316644,0.00010913023519119626,1.4149616143887902
1790512980,0.00010913023519119626,0.00011414772619700473,0.00010913023519119626,0.00011212427568373087,911.7079479783639
1790513100,0.00011212427568373087,0.00011520763110155896,0.00011212427568373087,0.00011254877430888961,198.00631350042852
1790513160,0.00011254877430888961,0.00011367876171835077,0.00011114821477324319,0.00011367876171835077,130.77147179128147
1790513340,0.00011367876171835077,0.00011374173139131067,0.00011367876171835077,0.00011374173139131067,16.583581889370016
1790513400,0.00011374173139131067,0.00011374173139131067,0.00011218911999684252,0.00011218911999684252,1.9484357488350719
1790513460,0.00011218911999684252,0.00011381178379705985,0.00011218911999684252,0.00011224575993244253,10.476451659828129
1790513520,0.00011224575993244253,0.00011224575993244253,0.00010877126591729822,0.00010877126591729822,564.2639788619456
1790513580,0.00010877126591729822,0.00010877126591729822,0.00010772960299122496,0.00010772960299122496,61.31703426047432
1790513760,0.00010772960299122496,0.00010772960299122496,0.0001042868527722821,0.0001042868527722821,389.98132782366906
1790513820,0.0001042868527722821,0.00010492789365736769,0.0001042868527722821,0.00010492789365736769,255.79655843893542
1790513880,0.00010492789365736769,0.00010492789365736769,0.00010464526750947723,0.00010464526750947723,2.781946358099167
1790514000,0.00010464526750947723,0.00010464526750947723,0.00010446089047141282,0.00010446089047141282,0.8631372936839244
1790514060,0.00010446089047141282,0.0001127352188672914,0.00010446089047141282,0.0001127352188672914,739.8323791035789
1790514180,0.0001127352188672914,0.0001127352188672914,0.0001115744867029827,0.0001115744867029827,185.50990621799764
1790514240,0.0001115744867029827,0.0001118690813630384,0.00011020494321646563,0.0001118690813630384,14.858873016396094
1790514300,0.0001118690813630384,0.0001118690813630384,0.00010883602563606166,0.00010883602563606166,267.490864776679
1790514420,0.00010883602563606166,0.00010922404455673297,0.00010883602563606166,0.00010922404455673297,46.49222583659636
1790514480,0.00010922404455673297,0.00010955902132352044,0.00010803082315519924,0.00010803082315519924,1.7256033657435248
1790514540,0.00010803082315519924,0.00010939292045982219,0.00010757758984468396,0.00010774531076429894,34.45974204979476
1790514600,0.00010774531076429894,0.00010774531076429894,0.00010058189412678687,0.00010058189412678687,720.3089420711036
1790514660,0.00010058189412678687,0.0001015079720934671,0.00010058189412678687,0.0001015079720934671,48.25919861517193
1790514720,0.0001015079720934671,0.0001015079720934671,9.991272682483986e-05,9.991272682483986e-05,9.691488461425644
1790514780,9.991272682483986e-05,0.00010010787829426278,9.913307481429932e-05,9.913307481429932e-05,146.0603923612439
1790514840,9.913307481429932e-05,9.913307481429932e-05,9.851949304470639e-05,9.851949304470639e-05,20.397071254025782
1790514900,9.851949304470639e-05,0.00010319596058223244,9.851949304470639e-05,0.00010319596058223244,363.19553364749794
1790514960,0.00010319596058223244,0.00010366207637391277,0.00010319596058223244,0.00010366207637391277,2.8217708867354365
1790515020,0.00010366207637391277,0.00010366207637391277,0.00010225566853754523,0.00010225566853754523,0.1890153136663572
1790515140,0.00010225566853754523,0.00010225566853754523,0.00010214036362492488,0.00010215002414451901,8.482981134977022
1790515260,0.00010215002414451901,0.0001036992728996203,0.00010147196915041357,0.00010147196915041357,145.85422017808165
1790515320,0.00010147196915041357,0.00010147196915041357,0.00010077355835271646,0.00010077355835271646,7.62798742422534
1790515500,0.00010077355835271646,0.00010077355835271646,0.00010017353807618958,0.00010017353807618958,79.62720893400959
1790515620,0.00010017353807618958,0.00010017353807618958,9.370952171833868e-05,9.370952171833868e-05,600.7562003455646
1790515680,9.370952171833868e-05,9.487142780630055e-05,9.370952171833868e-05,9.487142780630055e-05,0.7050535849425175
1790515740,9.487142780630055e-05,9.487142780630055e-05,9.285205100914649e-05,9.285205100914649e-05,96.33811818974749
1790515800,9.285205100914649e-05,9.443578348828536e-05,9.247936240164696e-05,9.443578348828536e-05,86.9867544720989
1790515860,9.443578348828536e-05,9.460594174237632e-05,9.443578348828536e-05,9.460594174237632e-05,24.338573219196423
1790515980,9.460594174237632e-05,9.49777940957806e-05,8.090218266438608e-05,8.600007582716625e-05,3062.550957697398
1790516040,8.600007582716625e-05,8.62660559939294e-05,8.314851827373405e-05,8.314851827373405e-05,373.61962216726107
1790516100,8.314851827373405e-05,8.314851827373405e-05,8.021336375755689e-05,8.021336375755689e-05,263.2816200312597
1790516160,8.021336375755689e-05,8.123987142566184e-05,7.975178002624847e-05,8.123987142566184e-05,131.3462588702633
1790516220,8.123987142566184e-05,8.123987142566184e-05,7.986333083319243e-05,8.122464584933577e-05,91.4141188756979
1790516280,8.122464584933577e-05,8.122464584933577e-05,7.729832788403248e-05,7.774911783529616e-05,610.2670996113179
1790516340,7.774911783529616e-05,7.774911783529616e-05,7.675193886939485e-05,7.675193886939485e-05,0.9133834825900596
1790516400,7.675193886939485e-05,7.928614780356522e-05,7.675193886939485e-05,7.879950725525329e-05,290.8152854191458
1790516460,7.879950725525329e-05,7.879950725525329e-05,7.867053740634371e-05,7.867053740634371e-05,19.711245482160283
1790516520,7.867053740634371e-05,7.974374946130912e-05,7.864480969797734e-05,7.974374946130912e-05,3.8322804016697747
1790516580,7.974374946130912e-05,8.193093405573523e-05,7.85273847815255e-05,7.85273847815255e-05,692.3784952208186
1790516640,7.85273847815255e-05,7.85273847815255e-05,7.504021599261493e-05,7.504021599261493e-05,336.5835361785563
1790516700,7.504021599261493e-05,7.516512626005875e-05,7.471564949391196e-05,7.516512626005875e-05,53.22373195455238
1790516760,7.516512626005875e-05,7.516512626005875e-05,7.4032706691535e-05,7.407390662456077e-05,8.460762560108883
1790516820,7.407390662456077e-05,7.743333242503103e-05,7.394143022402874e-05,7.743333242503103e-05,551.7197677550902
1790516880,7.743333242503103e-05,8.401483668344356e-05,7.743333242503103e-05,8.288417449462653e-05,653.2843227907119
1790516940,8.288417449462653e-05,8.346835775180325e-05,8.288417449462653e-05,8.346835775180325e-05,99.05325185534356
1790517000,8.346835775180325e-05,8.346835775180325e-05,6.427599526459597e-05,6.981669952826403e-05,2966.718634816426
1790517060,6.981669952826403e-05,6.985330947977878e-05,6.687796953314213e-05,6.83009484768925e-05,1163.9624508505588
1790517120,6.83009484768925e-05,6.83009484768925e-05,6.747047258276837e-05,6.747047258276837e-05,162.06422653034514
1790517180,6.747047258276837e-05,6.773583576254672e-05,6.653169299605312e-05,6.659329274356805e-05,135.83893441203563
1790517240,6.659329274356805e-05,6.659329274356805e-05,6.21634505409874e-05,6.21634505409874e-05,605.2015877797488
1790517300,6.21634505409874e-05,6.453498417594338e-05,6.21634505409874e-05,6.404628776782369e-05,309.41753488943556
1790517360,6.404628776782369e-05,7.321724366789515e-05,6.404628776782369e-05,6.944378074138615e-05,995.8911725920756
1790517420,6.944378074138615e-05,7.838262538264062e-05,6.944378074138615e-05,7.38300304531518e-05,1649.6764339742308
1790517480,7.38300304531518e-05,7.430443607767318e-05,7.265794548906214e-05,7.265794548906214e-05,155.73400954894245
1790517540,7.265794548906214e-05,7.265794548906214e-05,7.154310689816805e-05,7.154310689816805e-05,94.16296675377376
1790517600,7.154310689816805e-05,7.448845271607362e-05,7.154310689816805e-05,7.337277282915934e-05,281.1408123779062
1790517660,7.337277282915934e-05,7.426938689986098e-05,7.307251855048209e-05,7.307251855048209e-05,30.482680701748897
1790517720,7.307251855048209e-05,7.72130892066946e-05,7.307251855048209e-05,7.72130892066946e-05,519.3862805134336
1790517780,7.72130892066946e-05,7.72130892066946e-05,7.387013008972893e-05,7.387013008972893e-05,414.9171962346232
1790517900,7.387013008972893e-05,7.425069711713464e-05,7.387013008972893e-05,7.425069711713464e-05,1.881200088521507
1790518140,7.425069711713464e-05,7.451005671835282e-05,7.425069711713464e-05,7.451005671835282e-05,29.442409242389065
1790518440,7.451005671835282e-05,7.451005671835282e-05,7.3370653582522e-05,7.3370653582522e-05,35.97855702547494
1790518500,7.3370653582522e-05,7.43099730171653e-05,7.184783179726832e-05,7.184783179726832e-05,331.779618974314
1790518560,7.184783179726832e-05,7.184783179726832e-05,7.041067938881255e-05,7.041067938881255e-05,3.449880040447053
1790518680,7.041067938881255e-05,7.041067938881255e-05,6.988399534481263e-05,6.988399534481263e-05,82.7187883641323
1790518800,6.988399534481263e-05,6.988399534481263e-05,6.873883127500618e-05,6.897547745328146e-05,180.2832992934904
1790518860,6.897547745328146e-05,7.001385076855987e-05,6.897547745328146e-05,6.949761589966971e-05,105.56624288121513
1790518920,6.949761589966971e-05,6.949761589966971e-05,6.643000555821779e-05,6.70884287017563e-05,627.662042209964
1790518980,6.70884287017563e-05,6.847586932653335e-05,6.622417773277924e-05,6.847586932653335e-05,384.8316953786328
1790519100,6.847586932653335e-05,7.005799008189768e-05,6.847586932653335e-05,6.918645198276647e-05,139.83552833776062
1790519160,6.918645198276647e-05,7.07037313496633e-05,6.918645198276647e-05,7.07037313496633e-05,319.4480154940515
1790519220,7.07037313496633e-05,7.430811363272745e-05,7.07037313496633e-05,7.430811363272745e-05,264.53137850070783
1790519340,7.430811363272745e-05,7.596615291773097e-05,7.291037168159994e-05,7.543241833098759e-05,446.5365765834315
1790519400,7.543241833098759e-05,7.562993578101037e-05,7.535897250743234e-05,7.535897250743234e-05,54.367575679131924
1790519580,7.535897250743234e-05,7.535897250743234e-05,7.446458062731496e-05,7.481237339841898e-05,185.60966077710634
1790519640,7.481237339841898e-05,7.482719748358754e-05,7.375911147263273e-05,7.375911147263273e-05,41.55341321794125
1790519820,7.375911147263273e-05,7.375911147263273e-05,7.356328354035057e-05,7.356328354035057e-05,17.76392210313125
1790519880,7.356328354035057e-05,7.356328354035057e-05,7.317023682042368e-05,7.317023682042368e-05,30.98301128332369
1790520120,7.317023682042368e-05,7.317023682042368e-05,7.19969733086774e-05,7.19969733086774e-05,252.15701580098226
1790520180,7.19969733086774e-05,7.19969733086774e-05,7.07843612384404e-05,7.174308421677756e-05,23.87051058012429
1790520360,7.174308421677756e-05,7.251686902230077e-05,7.174308421677756e-05,7.251686902230077e-05,157.05371137879558
1790520420,7.251686902230077e-05,7.279299724939796e-05,7.191825805707836e-05,7.279299724939796e-05,49.12655100025975
1790520480,7.279299724939796e-05,7.279299724939796e-05,7.267903395028654e-05,7.267903395028654e-05,0.5086984808317534
1790520540,7.267903395028654e-05,7.275127026273371e-05,7.155206430852475e-05,7.155206430852475e-05,67.75606813094575
1790520600,7.155206430852475e-05,7.249023380343482e-05,7.122969126972215e-05,7.122969126972215e-05,45.39556927329274
1790520660,7.122969126972215e-05,7.199720199062457e-05,7.122969126972215e-05,7.199720199062457e-05,0.9787707015333723
1790520720,7.199720199062457e-05,7.212242590722358e-05,7.199720199062457e-05,7.212242590722358e-05,2.9388896037217243
1790520780,7.212242590722358e-05,7.217144301144466e-05,7.108241165431904e-05,7.217144301144466e-05,16.745707441657604
1790520840,7.217144301144466e-05,7.217144301144466e-05,7.110304192274394e-05,7.110304192274394e-05,16.04956644141906
1790521020,7.110304192274394e-05,7.205368762302415e-05,7.110304192274394e-05,7.205368762302415e-05,5.116903710299881
1790521080,7.205368762302415e-05,7.227319139901543e-05,7.205368762302415e-05,7.227319139901543e-05,23.39143872539829
1790521200,7.227319139901543e-05,7.227319139901543e-05,7.21969551387824e-05,7.21969551387824e-05,4.067116574086884
1790521440,7.21969551387824e-05,7.21969551387824e-05,7.085279338416303e-05,7.085279338416303e-05,49.98545805531533
1790521560,7.085279338416303e-05,7.217677823748297e-05,7.085279338416303e-05,7.217677823748297e-05,98.00667834057803
1790521620,7.217677823748297e-05,7.217677823748297e-05,6.912387030303965e-05,7.006847911455915e-05,281.97308682824854
1790521680,7.006847911455915e-05,7.458787358922457e-05,7.006847911455915e-05,7.407139706815668e-05,558.432746444955
1790521860,7.407139706815668e-05,7.407139706815668e-05,7.397138566855127e-05,7.397138566855127e-05,0.9590987419826689
1790521920,7.397138566855127e-05,7.532821396828033e-05,7.361287536625785e-05,7.532821396828033e-05,162.7196165888702
1790521980,7.532821396828033e-05,7.532821396828033e-05,7.477011615415172e-05,7.477011615415172e-05,14.148639167779383
1790522040,7.477011615415172e-05,7.577421885902885e-05,7.475665559296715e-05,7.475665559296715e-05,21.883965419622772
1790522280,7.475665559296715e-05,7.592276863474446e-05,7.475665559296715e-05,7.592276863474446e-05,10.781894110405952
1790522340,7.592276863474446e-05,7.592276863474446e-05,7.421216028796615e-05,7.421216028796615e-05,132.3140895415984
1790522400,7.421216028796615e-05,7.441319417564583e-05,7.327626626353643e-05,7.327626626353643e-05,45.64304108105777
1790522460,7.327626626353643e-05,7.38037374200966e-05,7.280827343593286e-05,7.38037374200966e-05,68.64720595294698
1790522580,7.38037374200966e-05,7.38037374200966e-05,7.273763630892321e-05,7.279696093354752e-05,5.896955645414868
1790522640,7.279696093354752e-05,7.417444062118542e-05,7.279696093354752e-05,7.417444062118542e-05,98.01425299729277
1790522760,7.417444062118542e-05,7.470653341613807e-05,7.357253803127636e-05,7.357253803127636e-05,10.917203975305561
1790522820,7.357253803127636e-05,7.357253803127636e-05,7.350345534586504e-05,7.350345534586504e-05,1.6190980558421295
1790523060,7.350345534586504e-05,7.350345534586504e-05,7.349743663453895e-05,7.349743663453895e-05,11.908890956691856
1790523240,7.349743663453895e-05,7.349743663453895e-05,7.342710577508204e-05,7.342710577508204e-05,5.0177290949692495
1790523300,7.342710577508204e-05,7.342710577508204e-05,7.340620873466402e-05,7.340620873466402e-05,1.3098417306382395
1790523360,7.340620873466402e-05,7.494560595439877e-05,7.340620873466402e-05,7.494560595439877e-05,49.62034088609813
1790523480,7.494560595439877e-05,7.494560595439877e-05,7.379043127653301e-05,7.379043127653301e-05,13.37990250797395
1790523540,7.379043127653301e-05,7.477318404379915e-05,7.364934261485653e-05,7.364934261485653e-05,6.826789021640944
1790523660,7.364934261485653e-05,7.367504850944402e-05,7.364934261485653e-05,7.367504850944402e-05,6.060430293982869
1790523720,7.367504850944402e-05,7.469242341794248e-05,7.367504850944402e-05,7.469242341794248e-05,2.7024839197635964
1790523780,7.469242341794248e-05,7.469242341794248e-05,7.35823958241444e-05,7.35823958241444e-05,14.278612696180565
1790523900,7.35823958241444e-05,7.433780342967052e-05,7.318083215199548e-05,7.318083215199548e-05,58.1257757476918
1790523960,7.318083215199548e-05,7.318083215199548e-05,7.284179111640663e-05,7.284179111640663e-05,20.340077369026837
1790524140,7.284179111640663e-05,7.292893279048079e-05,7.284179111640663e-05,7.292893279048079e-05,1.9769028012056284
1790524200,7.292893279048079e-05,7.292893279048079e-05,7.285195182601457e-05,7.285195182601457e-05,2.576235016352388
1790524440,7.285195182601457e-05,7.285195182601457e-05,7.270156480557313e-05,7.270156480557313e-05,26.151500130795963
1790524740,7.270156480557313e-05,7.37546573923991e-05,7.270156480557313e-05,7.37546573923991e-05,7.263945420416929
1790524860,7.37546573923991e-05,7.438782506428612e-05,7.319287291296466e-05,7.337364341348862e-05,119.34375359862717
1790524980,7.337364341348862e-05,7.434931077704692e-05,7.337364341348862e-05,7.434931077704692e-05,9.091107378900517
1790525040,7.434931077704692e-05,7.560423405216193e-05,7.434931077704692e-05,7.560423405216193e-05,238.88793422417737
1790525220,7.560423405216193e-05,7.684625432333655e-05,7.560423405216193e-05,7.684625432333655e-05,0.17413945599324437
1790525280,7.684625432333655e-05,7.684625432333655e-05,7.555430405907466e-05,7.555430405907466e-05,31.91648610502363
1790525340,7.555430405907466e-05,7.555430405907466e-05,7.505998320140014e-05,7.505998320140014e-05,49.52834893197998
1790525520,7.505998320140014e-05,7.608067361294205e-05,7.499707142174267e-05,7.499707142174267e-05,33.11160766392718
1790525580,7.499707142174267e-05,7.714437526233185e-05,7.499707142174267e-05,7.714437526233185e-05,240.16105234732643
1790525640,7.714437526233185e-05,7.714437526233185e-05,7.709622290636781e-05,7.709622290636781e-05,11.161385060427554
1790525700,7.709622290636781e-05,7.825459778483296e-05,7.709622290636781e-05,7.825459778483296e-05,11.145670130535077
1790525760,7.825459778483296e-05,7.825459778483296e-05,7.824260223232785e-05,7.824260223232785e-05,0.8226062171147478
1790525820,7.824260223232785e-05,7.830383404303135e-05,7.698345699460973e-05,7.830383404303135e-05,135.8669895057165
1790525940,7.830383404303135e-05,7.877510895342845e-05,7.763332843726884e-05,7.877510895342845e-05,20.373811955743076
1790526000,7.877510895342845e-05,7.878509469816386e-05,7.877510895342845e-05,7.878509469816386e-05,12.082753422062696
1790526060,7.878509469816386e-05,7.967618898949173e-05,7.878509469816386e-05,7.967618898949173e-05,144.99644255989412
1790526120,7.967618898949173e-05,8.143273110429673e-05,7.967618898949173e-05,8.12721198863994e-05,258.800039641368
1790526240,8.12721198863994e-05,8.12721198863994e-05,8.105732764474268e-05,8.105732764474268e-05,24.654784495401785
1790526480,8.105732764474268e-05,8.105732764474268e-05,8.091890917570537e-05,8.091890917570537e-05,4.038582317413897
1790526600,8.091890917570537e-05,8.091890917570537e-05,8.041556566613249e-05,8.041556566613249e-05,45.87527269497184
1790526660,8.041556566613249e-05,8.041556566613249e-05,7.948564545299055e-05,7.948564545299055e-05,189.35619891093293
1790526720,7.948564545299055e-05,7.948564545299055e-05,7.850202817861927e-05,7.850202817861927e-05,5.178287022124467
1790527020,7.850202817861927e-05,7.96925109913991e-05,7.84991019210994e-05,7.96925109913991e-05,5.445291263398146
1790527200,7.96925109913991e-05,7.96925109913991e-05,7.856814602838063e-05,7.856814602838063e-05,0.1619328622081417
1790527260,7.856814602838063e-05,7.976462338738071e-05,7.856814602838063e-05,7.976462338738071e-05,14.841593733011557
1790527320,7.976462338738071e-05,7.977451267510557e-05,7.976462338738071e-05,7.977451267510557e-05,5.83231025721338
1790527560,7.977451267510557e-05,8.028034333900093e-05,7.977451267510557e-05,8.028034333900093e-05,46.68271315671265
1790527800,8.028034333900093e-05,8.028034333900093e-05,7.912205326766597e-05,7.912205326766597e-05,5.249618094593789
1790527860,7.912205326766597e-05,8.62195816402246e-05,7.912205326766597e-05,8.62195816402246e-05,609.7081603068823
1790527920,8.62195816402246e-05,8.625362524347322e-05,8.514275381433318e-05,8.514275381433318e-05,18.622723367476947
1790527980,8.514275381433318e-05,8.514275381433318e-05,8.493259880687804e-05,8.493259880687804e-05,38.66047549452041
1790528040,8.493259880687804e-05,8.58875876098189e-05,8.493259880687804e-05,8.58875876098189e-05,6.025503686474125
1790528100,8.58875876098189e-05,8.789448053789268e-05,8.58875876098189e-05,8.789448053789268e-05,203.95178758167378
1790528160,8.789448053789268e-05,9.117251945537903e-05,8.673304809025725e-05,9.017832476270477e-05,502.13718157107377
1790528220,9.017832476270477e-05,9.147467038683307e-05,8.62575178847126e-05,8.780599292104534e-05,512.9927544495678
1790528280,8.780599292104534e-05,8.952042827101633e-05,8.780599292104534e-05,8.952042827101633e-05,115.2266920824097
1790528400,8.952042827101633e-05,8.952042827101633e-05,8.832312188204612e-05,8.832312188204612e-05,2.1713380207566244
1790528520,8.832312188204612e-05,8.832312188204612e-05,8.669952219576835e-05,8.669952219576835e-05,155.59408680685496
1790528640,8.669952219576835e-05,8.804820746647376e-05,8.669952219576835e-05,8.804820746647376e-05,4.527720231405915
1790528700,8.804820746647376e-05,8.877705919757595e-05,8.751559370360251e-05,8.751559370360251e-05,76.27977214003961
1790528820,8.751559370360251e-05,8.854394788101361e-05,8.751559370360251e-05,8.854394788101361e-05,2.144464923656313
1790528880,8.854394788101361e-05,8.863134331093968e-05,8.854394788101361e-05,8.863134331093968e-05,1.1434697096228352
1790529060,8.863134331093968e-05,8.863134331093968e-05,8.738207201770148e-05,8.738207201770148e-05,24.01623456959827
1790529180,8.738207201770148e-05,8.848354028704676e-05,8.738207201770148e-05,8.848354028704676e-05,2.3510199259716256
1790529240,8.848354028704676e-05,8.850822165173793e-05,8.848354028704676e-05,8.850822165173793e-05,6.0907413411599665
1790529540,8.850822165173793e-05,8.866808010995396e-05,8.850822165173793e-05,8.866808010995396e-05,0.7381992600357051
1790529660,8.866808010995396e-05,8.866808010995396e-05,8.684471504974245e-05,8.684471504974245e-05,105.62517496175803
1790529780,8.684471504974245e-05,8.75604593960483e-05,8.684471504974245e-05,8.75604593960483e-05,1.9619614235767555
1790530140,8.75604593960483e-05,8.75604593960483e-05,8.474984266918465e-05,8.474984266918465e-05,295.66506433495
1790530200,8.474984266918465e-05,8.474984266918465e-05,8.29549889377285e-05,8.29549889377285e-05,77.50250924027296
1790530320,8.29549889377285e-05,8.29549889377285e-05,8.251197635038453e-05,8.251197635038453e-05,9.849735715858513
1790530440,8.251197635038453e-05,8.251197635038453e-05,8.091666933252134e-05,8.091666933252134e-05,238.17219364795747
1790530560,8.091666933252134e-05,8.130016631956585e-05,8.091666933252134e-05,8.130016631956585e-05,2.8692056558391688
1790530620,8.130016631956585e-05,8.142322877400406e-05,8.020499382024438e-05,8.142322877400406e-05,24.27238729137639
1790530680,8.142322877400406e-05,8.142322877400406e-05,8.01451236670166e-05,8.01451236670166e-05,47.66599105213326
1790530740,8.01451236670166e-05,8.01451236670166e-05,7.914693209148606e-05,7.914693209148606e-05,154.1726616802621
1790530920,7.914693209148606e-05,7.914693209148606e-05,7.83540379577763e-05,7.83540379577763e-05,0.9054807413623641
1790531040,7.83540379577763e-05,7.839287929449956e-05,7.79145270122288e-05,7.79145270122288e-05,62.58995414783682
1790531100,7.79145270122288e-05,7.79145270122288e-05,7.772822517017597e-05,7.772822517017597e-05,12.659362502589534
1790531280,7.772822517017597e-05,7.900516666426119e-05,7.772822517017597e-05,7.900516666426119e-05,38.787804604930514
1790531340,7.900516666426119e-05,7.924248484153095e-05,7.811137877369336e-05,7.811137877369336e-05,11.761020951646247
1790531400,7.811137877369336e-05,7.811137877369336e-05,7.804835402151493e-05,7.804835402151493e-05,7.6093026120578795
1790531580,7.804835402151493e-05,7.91823902699923e-05,7.804835402151493e-05,7.91823902699923e-05,7.250836850810399
1790531700,7.91823902699923e-05,7.91823902699923e-05,7.914159011081092e-05,7.914159011081092e-05,1.2880469962879728
1790531820,7.914159011081092e-05,7.914159011081092e-05,7.716049992051215e-05,7.716049992051215e-05,148.7092578371484
1790531880,7.716049992051215e-05,7.716049992051215e-05,7.649417561109372e-05,7.649417561109372e-05,23.562257729653677
1790532000,7.649417561109372e-05,7.649417561109372e-05,7.635929042636349e-05,7.637642849262725e-05,5.326682921431887
1790532240,7.637642849262725e-05,7.637642849262725e-05,7.631366439129606e-05,7.631366439129606e-05,2.0373618376605713
1790532360,7.631366439129606e-05,7.631366439129606e-05,7.60174242265262e-05,7.60174242265262e-05,65.05901161642556
1790532420,7.60174242265262e-05,7.60174242265262e-05,7.557319195207244e-05,7.557319195207244e-05,10.661589495629363
1790532480,7.557319195207244e-05,7.66742124458843e-05,7.557319195207244e-05,7.561684573711743e-05,0.7840569211789066
1790532540,7.561684573711743e-05,7.561684573711743e-05,7.501162462160768e-05,7.550336896550854e-05,132.5299141032808
1790532600,7.550336896550854e-05,7.550336896550854e-05,7.43247183086699e-05,7.43247183086699e-05,32.27751751672536
1790532660,7.43247183086699e-05,7.539150369264255e-05,7.43247183086699e-05,7.539150369264255e-05,24.496913724847083
1790532720,7.539150369264255e-05,7.556046827067204e-05,7.367159432436328e-05,7.367159432436328e-05,211.2306197580089
1790532780,7.367159432436328e-05,7.367159432436328e-05,7.350045371132544e-05,7.350045371132544e-05,25.40469252247599
1790532840,7.350045371132544e-05,7.443756807249828e-05,7.350045371132544e-05,7.443756807249828e-05,0.09792605758188941
1790532900,7.443756807249828e-05,7.453622940547799e-05,7.349995059724553e-05,7.453622940547799e-05,1.188154172074229
1790532960,7.453622940547799e-05,7.453622940547799e-05,7.297826050912453e-05,7.297826050912453e-05,107.69854792796067
1790533080,7.297826050912453e-05,7.297826050912453e-05,7.264500609080307e-05,7.264500609080307e-05,10.31641465933575
1790533260,7.264500609080307e-05,7.264500609080307e-05,7.18825541454567e-05,7.18825541454567e-05,142.14170214033393
1790533560,7.18825541454567e-05,7.18825541454567e-05,7.116949464768396e-05,7.116949464768396e-05,10.702853632227097
1790533620,7.116949464768396e-05,7.30767054605389e-05,7.116949464768396e-05,7.30767054605389e-05,203.26442222814867
1790533680,7.30767054605389e-05,7.30767054605389e-05,7.298622082603997e-05,7.298622082603997e-05,1.2161958684128455
1790534040,7.298622082603997e-05,7.298622082603997e-05,7.292822733885556e-05,7.292822733885556e-05,33.75035917274158
1790534100,7.292822733885556e-05,7.292822733885556e-05,7.274887529336047e-05,7.274887529336047e-05,2.9789363670409856
1790534280,7.274887529336047e-05,7.274887529336047e-05,7.265240968430114e-05,7.265240968430114e-05,3.788258730084654
1790534460,7.265240968430114e-05,7.265240968430114e-05,7.264273780159984e-05,7.264273780159984e-05,2.353997614232343
1790534520,7.264273780159984e-05,7.363760363939117e-05,7.263654719401418e-05,7.363760363939117e-05,16.803093213376354
1790534640,7.363760363939117e-05,7.363760363939117e-05,7.218558240827935e-05,7.218558240827935e-05,64.03645807567933
1790534880,7.218558240827935e-05,7.320297245865484e-05,7.120415055924522e-05,7.120415055924522e-05,123.20758652954169
1790535540,7.120415055924522e-05,7.228146166369286e-05,7.120415055924522e-05,7.228146166369286e-05,14.680525853687387
1790536020,7.228146166369286e-05,7.228146166369286e-05,7.111901015183939e-05,7.111901015183939e-05,0.15705980178149287
1790536080,7.111901015183939e-05,7.111901015183939e-05,7.068645778448928e-05,7.068645778448928e-05,104.96503683193721
1790536440,7.068645778448928e-05,7.068645778448928e-05,7.03264451703132e-05,7.03264451703132e-05,6.865598665779683
1790536500,7.03264451703132e-05,7.179832637359535e-05,7.03264451703132e-05,7.11503271407746e-05,144.97087352650635
1790536560,7.11503271407746e-05,7.233340227215444e-05,7.11503271407746e-05,7.131913936193006e-05,76.35462053945868
1790536800,7.131913936193006e-05,7.131913936193006e-05,7.122131924659322e-05,7.122131924659322e-05,1.0338396574104818
1790536860,7.122131924659322e-05,7.122131924659322e-05,7.113065665829053e-05,7.113065665829053e-05,0.08634062647497985
1790536980,7.113065665829053e-05,7.113065665829053e-05,7.100652602343834e-05,7.100652602343834e-05,6.736048155733482
1790537100,7.100652602343834e-05,7.104149023116777e-05,7.098169259270602e-05,7.098169259270602e-05,4.130478399155363
1790537160,7.098169259270602e-05,7.19810823626277e-05,7.098169259270602e-05,7.19810823626277e-05,3.1870151077266904
1790537220,7.19810823626277e-05,7.19810823626277e-05,7.079909408582194e-05,7.079909408582194e-05,20.883008456444404
1790537520,7.079909408582194e-05,7.079909408582194e-05,7.073655671708569e-05,7.073655671708569e-05,3.9446778742548494
1790537580,7.073655671708569e-05,7.073655671708569e-05,7.053294894706875e-05,7.053294894706875e-05,30.725944222384392
1790537760,7.053294894706875e-05,7.053294894706875e-05,7.036499508422035e-05,7.036499508422035e-05,0.08892130630680006
1790537820,7.036499508422035e-05,7.044400226724368e-05,7.032789278266249e-05,7.032789278266249e-05,25.634133649511703
1790537940,7.032789278266249e-05,7.032789278266249e-05,7.023839539729333e-05,7.023839539729333e-05,9.458092695320351
1790538060,7.023839539729333e-05,7.140568188438584e-05,7.023839539729333e-05,7.140568188438584e-05,44.93045526961267
1790538120,7.140568188438584e-05,7.140568188438584e-05,7.060403345141738e-05,7.060403345141738e-05,1.838439772820383
1790538180,7.060403345141738e-05,7.160914701885572e-05,7.0512653185983e-05,7.0512653185983e-05,11.938881683362382
1790538300,7.0512653185983e-05,7.0512653185983e-05,7.050851929832415e-05,7.050851929832415e-05,9.274374546847516
1790538360,7.050851929832415e-05,7.050851929832415e-05,6.985343177430373e-05,7.028532510529015e-05,152.76235874937728
1790538600,7.028532510529015e-05,7.060832340698188e-05,7.028532510529015e-05,7.060832340698188e-05,50.002442706950205
1790538660,7.060832340698188e-05,7.060832340698188e-05,6.983987880325078e-05,6.983987880325078e-05,2.182932650594534
1790538960,6.983987880325078e-05,6.983987880325078e-05,6.980440877963849e-05,6.980440877963849e-05,2.126345121419232
1790539020,6.980440877963849e-05,6.980440877963849e-05,6.970520774053494e-05,6.970520774053494e-05,2.8696138250607413
1790539140,6.970520774053494e-05,6.970520774053494e-05,6.911012612948512e-05,6.911012612948512e-05,94.3446189647621
1790539200,6.911012612948512e-05,6.98697169448208e-05,6.911012612948512e-05,6.98697169448208e-05,19.77965720437678
1790539260,6.98697169448208e-05,6.98697169448208e-05,6.838969198672687e-05,6.838969198672687e-05,103.96066470885413
1790539320,6.838969198672687e-05,6.838969198672687e-05,6.804698199508073e-05,6.804698199508073e-05,2.994746200031336
1790539380,6.804698199508073e-05,6.929638407767183e-05,6.804698199508073e-05,6.929638407767183e-05,33.39305487402487
1790539560,6.929638407767183e-05,6.929638407767183e-05,6.830186149800865e-05,6.918415550287725e-05,6.194677740670211
1790539740,6.918415550287725e-05,6.941549798958528e-05,6.918415550287725e-05,6.941549798958528e-05,38.93863938602112
1790539800,6.941549798958528e-05,7.000727273226037e-05,6.904928111726106e-05,6.904928111726106e-05,50.60843638573614
1790539980,6.904928111726106e-05,7.01052241203023e-05,6.904928111726106e-05,7.01052241203023e-05,12.967873625836212
1790540100,7.01052241203023e-05,7.01052241203023e-05,6.874288811665555e-05,6.874288811665555e-05,108.08851667218158
1790540340,6.874288811665555e-05,6.918063470718198e-05,6.874288811665555e-05,6.918063470718198e-05,0.9816040538783621
1790540400,6.918063470718198e-05,6.918063470718198e-05,6.642044086938758e-05,6.678380939900556e-05,332.3082685370193
1790540460,6.678380939900556e-05,6.678380939900556e-05,6.640992463347805e-05,6.640992463347805e-05,5.14712014235648
1790540940,6.640992463347805e-05,6.640992463347805e-05,6.633563560916663e-05,6.633563560916663e-05,13.821230371665195
1790541120,6.633563560916663e-05,6.651263498274327e-05,6.633563560916663e-05,6.651263498274327e-05,0.9817200686215165
1790541180,6.651263498274327e-05,6.651263498274327e-05,6.547121596065857e-05,6.547121596065857e-05,10.043203056442183
1790541300,6.547121596065857e-05,6.54817437148005e-05,6.547121596065857e-05,6.54817437148005e-05,1.7664194132155917
1790541360,6.54817437148005e-05,6.54817437148005e-05,6.546449167717367e-05,6.546449167717367e-05,0.563238107365293
1790541420,6.546449167717367e-05,6.653301396357744e-05,6.546449167717367e-05,6.653301396357744e-05,48.530906444494406
1790541480,6.653301396357744e-05,6.653301396357744e-05,6.579528084333897e-05,6.579528084333897e-05,0.19964410737310936
1790541600,6.579528084333897e-05,6.58575600022597e-05,6.579528084333897e-05,6.58575600022597e-05,0.17582936071635183
1790541840,6.58575600022597e-05,6.58575600022597e-05,6.513770337407248e-05,6.513770337407248e-05,174.33970595990934
1790542140,6.513770337407248e-05,6.513770337407248e-05,6.42734685354627e-05,6.42734685354627e-05,0.20048385003724117
1790542440,6.42734685354627e-05,6.533878371923693e-05,6.42734685354627e-05,6.533878371923693e-05,49.21770618761691
1790542500,6.533878371923693e-05,6.559855935220696e-05,6.533878371923693e-05,6.559855935220696e-05,12.120759939224856
1790542560,6.559855935220696e-05,6.603678382506847e-05,6.55081481549013e-05,6.55081481549013e-05,116.61208974614831
1790542620,6.55081481549013e-05,6.638492812288014e-05,6.55081481549013e-05,6.638492812288014e-05,1.1085911268847546
1790542680,6.638492812288014e-05,6.638492812288014e-05,6.49993352068994e-05,6.507150921546447e-05,54.684656842408636
1790543040,6.507150921546447e-05,6.606812457278715e-05,6.507150921546447e-05,6.606812457278715e-05,4.631394701394949
1790543220,6.606812457278715e-05,6.606812457278715e-05,6.40241191003971e-05,6.40241191003971e-05,241.40970318699894
1790543520,6.40241191003971e-05,6.40241191003971e-05,6.290443987817872e-05,6.290443987817872e-05,55.832478677847135
1790543700,6.290443987817872e-05,6.37469689179096e-05,6.282690074440955e-05,6.37469689179096e-05,6.799927202048296
1790543760,6.37469689179096e-05,6.37469689179096e-05,6.28355789510526e-05,6.28355789510526e-05,3.1762760059478925
1790543940,6.28355789510526e-05,6.28355789510526e-05,6.002652614479792e-05,6.0065891606673124e-05,428.12302084461714
1790544000,6.0065891606673124e-05,6.0157446892026084e-05,6.0065891606673124e-05,6.0157446892026084e-05,9.163447825404889
1790544060,6.0157446892026084e-05,6.121996814364308e-05,6.014201587071094e-05,6.11276416864655e-05,132.70577997287654
1790544120,6.11276416864655e-05,6.11276416864655e-05,6.031357161225679e-05,6.031357161225679e-05,16.532203584701737
1790544240,6.031357161225679e-05,6.031357161225679e-05,5.9957734432675546e-05,5.9957734432675546e-05,88.92784138363118
1790544300,5.9957734432675546e-05,6.096953349532419e-05,5.9957734432675546e-05,6.096953349532419e-05,63.391876282792126
1790544420,6.096953349532419e-05,6.096953349532419e-05,5.999484183526941e-05,5.999484183526941e-05,3.2671255360555476
1790544480,5.999484183526941e-05,6.105668916771264e-05,5.999484183526941e-05,6.105668916771264e-05,29.679864048398084
1790544720,6.105668916771264e-05,6.105668916771264e-05,6.0254618980356435e-05,6.0254618980356435e-05,2.8714124124056872
1790544840,6.0254618980356435e-05,6.10461116038457e-05,6.0254618980356435e-05,6.10461116038457e-05,1.7571682419741548
1790544900,6.10461116038457e-05,6.10461116038457e-05,6.0071112368884605e-05,6.0071112368884605e-05,22.659904550227722
1790544960,6.0071112368884605e-05,6.128651127122927e-05,6.0071112368884605e-05,6.120447494296995e-05,71.17347118663587
1790545020,6.120447494296995e-05,6.126725564318239e-05,6.120447494296995e-05,6.125032835808805e-05,1.0047269446098561
1790545080,6.125032835808805e-05,6.127423677877036e-05,6.125032835808805e-05,6.127423677877036e-05,0.6001485240257799
1790545200,6.127423677877036e-05,6.148370423631134e-05,6.127423677877036e-05,6.148370423631134e-05,27.847035672948692
1790545440,6.148370423631134e-05,6.148370423631134e-05,5.391026305699047e-05,5.4099119814432205e-05,946.9224009145115
1790545500,5.4099119814432205e-05,5.472701841716645e-05,4.970360830641427e-05,5.3923396307554656e-05,1631.0917935028997
1790545560,5.3923396307554656e-05,5.3923396307554656e-05,5.2182619832835546e-05,5.2182619832835546e-05,239.54994035789665
1790545620,5.2182619832835546e-05,5.2182619832835546e-05,5.1223593119720615e-05,5.1223593119720615e-05,37.95416708399401
1790545680,5.1223593119720615e-05,5.1223593119720615e-05,5.101131513751163e-05,5.101131513751163e-05,23.95303853986729
1790545740,5.101131513751163e-05,5.101131513751163e-05,5.052205130168035e-05,5.052205130168035e-05,74.77494973728122
1790545860,5.052205130168035e-05,5.052205130168035e-05,5.037568998039855e-05,5.037568998039855e-05,5.58869804365224
1790545920,5.037568998039855e-05,5.101414197630229e-05,5.0359095312553304e-05,5.038034476978376e-05,8.967481936490866
1790545980,5.038034476978376e-05,5.215686757334305e-05,5.038034476978376e-05,5.215686757334305e-05,151.6429339046884
1790546040,5.215686757334305e-05,5.215686757334305e-05,5.147497575558863e-05,5.147497575558863e-05,0.38836248008377694
1790546100,5.147497575558863e-05,5.1491911004398084e-05,5.147497575558863e-05,5.1491911004398084e-05,1.4030663412661895
1790546280,5.1491911004398084e-05,5.1491911004398084e-05,5.1003789929796616e-05,5.1003789929796616e-05,57.37216914231141
1790546340,5.1003789929796616e-05,5.203756488552941e-05,5.1003789929796616e-05,5.140822838463708e-05,79.61289366295763
1790546400,5.140822838463708e-05,5.140822838463708e-05,5.0525696508580454e-05,5.0525696508580454e-05,158.16399463249675
1790546460,5.0525696508580454e-05,5.061013057569816e-05,4.997095951920185e-05,5.061013057569816e-05,2.3275468511596666
1790546520,5.061013057569816e-05,5.061013057569816e-05,4.8993943872135226e-05,4.8993943872135226e-05,243.11923928751767
1790546580,4.8993943872135226e-05,4.9068603554418566e-05,4.7670563484449906e-05,4.9068603554418566e-05,301.0292294759372
1790546700,4.9068603554418566e-05,4.9176017750535625e-05,4.9068603554418566e-05,4.9176017750535625e-05,2.8704768960348206
1790546760,4.9176017750535625e-05,4.968848247056938e-05,4.9176017750535625e-05,4.968848247056938e-05,119.46784656017704
1790546820,4.968848247056938e-05,5.0351303171493857e-05,4.968848247056938e-05,5.0351303171493857e-05,59.24082702380378
1790546880,5.0351303171493857e-05,5.081816835659211e-05,5.0351303171493857e-05,5.081816835659211e-05,49.7569704223423
1790547060,5.081816835659211e-05,5.081816835659211e-05,4.997572123576281e-05,4.997572123576281e-05,46.29147540788562
1790547120,4.997572123576281e-05,4.997572123576281e-05,4.982233875239849e-05,4.982233875239849e-05,0.012409323600298908
1790547180,4.982233875239849e-05,4.982233875239849e-05,4.959178146292049e-05,4.959178146292049e-05,49.12858864274977
1790547240,4.959178146292049e-05,4.959178146292049e-05,4.868945835191746e-05,4.868945835191746e-05,92.40301166524405
1790547300,4.868945835191746e-05,4.868945835191746e-05,4.8097128915408124e-05,4.831735695073038e-05,133.7547219600288
1790547360,4.831735695073038e-05,4.8317725602643195e-05,4.829164843720389e-05,4.829164843720389e-05,1.131912884838735
1790547480,4.829164843720389e-05,4.843343338536907e-05,4.829164843720389e-05,4.843343338536907e-05,0.5960648513657546
1790547780,4.843343338536907e-05,4.870654040700339e-05,4.806141302958368e-05,4.806141302958368e-05,104.73358974096477
1790548140,4.806141302958368e-05,4.806141302958368e-05,4.787313688149586e-05,4.787313688149586e-05,12.301126172363896
1790548200,4.787313688149586e-05,4.787313688149586e-05,4.773128432049953e-05,4.773128432049953e-05,13.144805352797176
1790548380,4.773128432049953e-05,5.4180049524663504e-05,4.773128432049953e-05,5.4180049524663504e-05,802.6212880188945
1790548500,5.4180049524663504e-05,5.4419145307136815e-05,5.4180049524663504e-05,5.4419145307136815e-05,5.457283549923526
1790548740,5.4419145307136815e-05,5.4419145307136815e-05,5.43515995706942e-05,5.43515995706942e-05,0.8032352548087408
1790548860,5.43515995706942e-05,5.43515995706942e-05,5.343284702606067e-05,5.343284702606067e-05,28.558969437746942
1790549040,5.343284702606067e-05,5.343284702606067e-05,5.285862328495362e-05,5.285862328495362e-05,81.70286336837127
1790549100,5.285862328495362e-05,5.285862328495362e-05,5.2639602453103906e-05,5.2639602453103906e-05,0.7713220577198846
1790549280,5.2639602453103906e-05,5.352605521519827e-05,5.2636925360794876e-05,5.352605521519827e-05,31.13658067103814
1790549400,5.352605521519827e-05,5.438542039252601e-05,5.352605521519827e-05,5.438542039252601e-05,85.31291476509475
1790549580,5.438542039252601e-05,5.438542039252601e-05,5.3670899470937226e-05,5.3670899470937226e-05,4.746939955412615
1790549760,5.3670899470937226e-05,5.490305054671315e-05,5.3670899470937226e-05,5.490305054671315e-05,61.46612463977051
1790549820,5.490305054671315e-05,5.549301576406931e-05,5.490305054671315e-05,5.549301576406931e-05,132.0978485580787
1790549880,5.549301576406931e-05,5.549301576406931e-05,5.5089801744508464e-05,5.5089801744508464e-05,28.520129823405867
1790550000,5.5089801744508464e-05,5.607092902876092e-05,5.4929623546190785e-05,5.525303770005208e-05,201.7695166921288
1790550120,5.525303770005208e-05,5.571900242734533e-05,5.525303770005208e-05,5.571900242734533e-05,8.239627970050734
1790550180,5.571900242734533e-05,5.571900242734533e-05,5.497970776700198e-05,5.497970776700198e-05,0.5073534122669783
1790550240,5.497970776700198e-05,5.497970776700198e-05,5.492630155714611e-05,5.492630155714611e-05,1.3267580482756667
1790550540,5.492630155714611e-05,5.492630155714611e-05,5.4632095506604586e-05,5.4632095506604586e-05,50.694724690656635
1790550900,5.4632095506604586e-05,5.4632095506604586e-05,5.387640357368801e-05,5.387640357368801e-05,142.38151994113517
1790551200,5.387640357368801e-05,5.387640357368801e-05,5.342114277716704e-05,5.342114277716704e-05,4.458909495106722
1790551260,5.342114277716704e-05,5.437309348842193e-05,5.342114277716704e-05,5.3781899573156436e-05,54.82645343408722
1790551380,5.3781899573156436e-05,5.3781899573156436e-05,5.373244894813633e-05,5.373244894813633e-05,11.641539799013882
1790551440,5.373244894813633e-05,5.373244894813633e-05,5.345806220184891e-05,5.345806220184891e-05,30.268346059395082
1790551500,5.345806220184891e-05,5.348410191058775e-05,5.345806220184891e-05,5.348410191058775e-05,0.9508619463665253
1790551740,5.348410191058775e-05,5.454049916822998e-05,5.348410191058775e-05,5.454049916822998e-05,76.68794785392038
1790551800,5.454049916822998e-05,5.544592177187914e-05,5.454049916822998e-05,5.515908047276165e-05,174.53206754900967
1790551860,5.515908047276165e-05,5.577394838627978e-05,5.4736901973719807e-05,5.577394838627978e-05,116.58765413605252
1790551920,5.577394838627978e-05,5.6218270902221956e-05,5.577394838627978e-05,5.6218270902221956e-05,26.08021366461476
1790551980,5.6218270902221956e-05,5.6218270902221956e-05,5.411029864718632e-05,5.440447788590147e-05,266.7370159781273
1790552160,5.440447788590147e-05,5.440447788590147e-05,5.302370303829502e-05,5.366183368741759e-05,110.39303845836653
1790552400,5.366183368741759e-05,5.366183368741759e-05,5.307837814367751e-05,5.307837814367751e-05,6.3099512130093105
1790552580,5.307837814367751e-05,5.307837814367751e-05,5.295534532010356e-05,5.295534532010356e-05,11.502736159259081
1790552760,5.295534532010356e-05,5.295534532010356e-05,5.259706836497992e-05,5.2810508701252804e-05,54.34565345025039
1790552820,5.2810508701252804e-05,5.327624400422146e-05,5.25439081586447e-05,5.327624400422146e-05,2.2322235833849446
1790552880,5.327624400422146e-05,5.333552567444411e-05,5.327624400422146e-05,5.333552567444411e-05,9.69168145382503
1790553000,5.333552567444411e-05,5.333552567444411e-05,5.254096261304723e-05,5.254096261304723e-05,20.442495600952654
1790553060,5.254096261304723e-05,5.254096261304723e-05,5.252556284587337e-05,5.252556284587337e-05,0.9515757196959643
1790553120,5.252556284587337e-05,5.343137493178915e-05,4.9377185386046275e-05,4.9377185386046275e-05,609.3490923200475
1790553180,4.9377185386046275e-05,4.9377185386046275e-05,4.831767049875339e-05,4.831767049875339e-05,1.0638879860648713
1790553300,4.831767049875339e-05,4.90768125731664e-05,4.831767049875339e-05,4.90768125731664e-05,26.13059024665416
1790553360,4.90768125731664e-05,4.90768125731664e-05,4.848885730048543e-05,4.848885730048543e-05,3.1567091422927103
1790553420,4.848885730048543e-05,4.912146725075429e-05,4.8479831643606155e-05,4.8479831643606155e-05,26.573274055470225
1790553480,4.8479831643606155e-05,4.885540213948864e-05,4.8301590961559565e-05,4.885540213948864e-05,20.70903103019225
1790553540,4.885540213948864e-05,4.885540213948864e-05,4.817507359327617e-05,4.817507359327617e-05,18.95148171542251
1790553600,4.817507359327617e-05,4.88131217978114e-05,4.6342611084567874e-05,4.6342611084567874e-05,538.0909349266304
1790553660,4.6342611084567874e-05,4.7798270727115746e-05,4.5067724980491046e-05,4.721256719750284e-05,375.93212636254447
1790553960,4.721256719750284e-05,4.721256719750284e-05,4.712913980475723e-05,4.712913980475723e-05,0.853811795600529
1790554020,4.712913980475723e-05,4.71332359255129e-05,4.712913980475723e-05,4.71332359255129e-05,3.069970199316402
1790554140,4.71332359255129e-05,4.71332359255129e-05,4.685932550934428e-05,4.685932550934428e-05,37.22895378639857
1790554200,4.685932550934428e-05,4.800627461673003e-05,4.670289076470388e-05,4.800627461673003e-05,102.6976019101024
1790554260,4.800627461673003e-05,4.800627461673003e-05,4.7981841809524174e-05,4.7981841809524174e-05,2.3964114028404118
1790554320,4.7981841809524174e-05,4.8015960103927175e-05,4.737711454604594e-05,4.8015960103927175e-05,10.50593541631672
1790554500,4.8015960103927175e-05,4.8015960103927175e-05,4.7046695774325195e-05,4.733951800991734e-05,133.2522663165858
1790554920,4.733951800991734e-05,4.733951800991734e-05,4.719224538799467e-05,4.719224538799467e-05,9.40861022759154
1790554980,4.719224538799467e-05,4.719224538799467e-05,4.664143586080917e-05,4.664143586080917e-05,63.39749833910517
1790555040,4.664143586080917e-05,4.664143586080917e-05,4.660245810830381e-05,4.660245810830381e-05,2.3309969447695527
1790555160,4.660245810830381e-05,4.695009435582735e-05,4.6509537390735615e-05,4.6509537390735615e-05,35.00855860597309
1790555220,4.6509537390735615e-05,4.6509537390735615e-05,4.631870361003791e-05,4.631870361003791e-05,2.6970726102662588
1790555340,4.631870361003791e-05,4.631870361003791e-05,4.6127719828662565e-05,4.6127719828662565e-05,54.43823374017899
1790555400,4.6127719828662565e-05,4.6550470862624505e-05,4.6127719828662565e-05,4.6550470862624505e-05,12.048387018109816
1790555520,4.6550470862624505e-05,4.6550470862624505e-05,4.57197880060696e-05,4.652457054834611e-05,66.64683061855033
1790555580,4.652457054834611e-05,4.652457054834611e-05,4.6068954798963593e-05,4.6068954798963593e-05,5.659038979939789
1790555760,4.6068954798963593e-05,4.6068954798963593e-05,4.5451337121015954e-05,4.5451337121015954e-05,129.05493362550115
1790555820,4.5451337121015954e-05,4.5451337121015954e-05,4.4549191131558256e-05,4.4549191131558256e-05,126.49337222461298
1790555940,4.4549191131558256e-05,4.4549191131558256e-05,4.3660251527336853e-05,4.3660251527336853e-05,118.1975535450594
1790556000,4.3660251527336853e-05,4.87346510727457e-05,4.3660251527336853e-05,4.87346510727457e-05,872.0326745243816
1790556120,4.87346510727457e-05,5.2897964229018534e-05,4.87346510727457e-05,5.2897964229018534e-05,330.8137772037684
1790556180,5.2897964229018534e-05,5.2929683026996684e-05,5.2897964229018534e-05,5.2929683026996684e-05,3.701264245284581
1790556240,5.2929683026996684e-05,5.2929683026996684e-05,5.152967066562553e-05,5.152967066562553e-05,173.78679237701604
1790556300,5.152967066562553e-05,5.478136704398556e-05,5.152967066562553e-05,5.478136704398556e-05,420.53393532433404
1790556360,5.478136704398556e-05,5.522358935698889e-05,5.4564112521324894e-05,5.4564112521324894e-05,29.81728239588377
1790556540,5.4564112521324894e-05,5.5464243598875964e-05,5.4564112521324894e-05,5.5464243598875964e-05,0.3811721253836037
1790556600,5.5464243598875964e-05,5.5464243598875964e-05,5.546085586991778e-05,5.546085586991778e-05,4.74830449958779
1790556720,5.546085586991778e-05,5.5622217173005515e-05,5.546085586991778e-05,5.5622217173005515e-05,9.84680628317503
1790556780,5.5622217173005515e-05,5.749096309554719e-05,5.5622217173005515e-05,5.749096309554719e-05,484.887778702579
1790556840,5.749096309554719e-05,5.946646122651778e-05,5.749096309554719e-05,5.946646122651778e-05,0.5518202215137448
1790556900,5.946646122651778e-05,5.975651202932699e-05,5.922194246826802e-05,5.922194246826802e-05,116.08178494167265
1790556960,5.922194246826802e-05,5.922194246826802e-05,5.6680200496464963e-05,5.6680200496464963e-05,296.6637466526905
1790557020,5.6680200496464963e-05,5.7494133458960526e-05,5.6680200496464963e-05,5.7494133458960526e-05,19.39617869826487
1790557080,5.7494133458960526e-05,6.311070310872025e-05,5.676609447876685e-05,6.311070310872025e-05,841.2620013427864
1790557140,6.311070310872025e-05,6.389446561966355e-05,6.28220039960878e-05,6.352126221372139e-05,179.6337327150552
1790557200,6.352126221372139e-05,6.352126221372139e-05,6.248069550665971e-05,6.332111246089072e-05,36.041425112148055
1790557260,6.332111246089072e-05,6.332111246089072e-05,6.209743187347248e-05,6.292898264362698e-05,124.1072693803028
1790557320,6.292898264362698e-05,6.292898264362698e-05,6.205292516302942e-05,6.205292516302942e-05,35.15177664611722
1790557380,6.205292516302942e-05,6.525674388540386e-05,6.205292516302942e-05,6.447094400431578e-05,494.9661741822694
1790557440,6.447094400431578e-05,6.580453413685083e-05,6.394216775646493e-05,6.580453413685083e-05,239.93828800679157
1790557500,6.580453413685083e-05,6.665430404227832e-05,6.580453413685083e-05,6.665430404227832e-05,154.62264944024054
1790557560,6.665430404227832e-05,6.765416407010929e-05,6.563805340277596e-05,6.641437606140462e-05,194.6857163112526
1790557620,6.641437606140462e-05,6.788374529838475e-05,6.641437606140462e-05,6.788374529838475e-05,52.286304813006886
1790557680,6.788374529838475e-05,6.836313945417188e-05,6.688714749692502e-05,6.75477883502351e-05,176.9499169595439
1790557740,6.75477883502351e-05,6.843053856547571e-05,6.740746604728753e-05,6.836742348904677e-05,61.175816748047545
1790557800,6.836742348904677e-05,6.9678947965046e-05,6.836742348904677e-05,6.9678947965046e-05,150.12428923769824
1790557920,6.9678947965046e-05,6.97171141476018e-05,6.865637239243319e-05,6.865637239243319e-05,71.18682660365482
1790557980,6.865637239243319e-05,6.934057564274617e-05,6.865637239243319e-05,6.934057564274617e-05,1.9666125427213368
1790558040,6.934057564274617e-05,6.934057564274617e-05,6.933457454080553e-05,6.933457454080553e-05,3.201034530782394
1790558220,6.933457454080553e-05,6.933457454080553e-05,6.837735924099909e-05,6.837735924099909e-05,6.93191034833482
1790558280,6.837735924099909e-05,6.837735924099909e-05,6.695318650546107e-05,6.695318650546107e-05,230.67382658043888
1790558340,6.695318650546107e-05,6.695318650546107e-05,6.631846626109324e-05,6.631846626109324e-05,27.425572757855715
1790558400,6.631846626109324e-05,6.737003002824505e-05,6.631846626109324e-05,6.737003002824505e-05,12.22892856496206
1790558520,6.737003002824505e-05,6.760264182499871e-05,6.737003002824505e-05,6.760264182499871e-05,0.7616300126050243
1790558700,6.760264182499871e-05,6.760264182499871e-05,6.754373103286593e-05,6.754373103286593e-05,10.073139862187325
1790558820,6.754373103286593e-05,6.754373103286593e-05,6.654200117660612e-05,6.654200117660612e-05,30.515776491814773
1790558880,6.654200117660612e-05,6.654200117660612e-05,6.636188533332312e-05,6.636188533332312e-05,12.654157997919748
1790558940,6.636188533332312e-05,6.639083108743706e-05,6.623074542406314e-05,6.623074542406314e-05,25.515085999696975
1790559000,6.623074542406314e-05,6.7079918322815e-05,6.623074542406314e-05,6.7079918322815e-05,4.217950035241262
1790559060,6.7079918322815e-05,6.7079918322815e-05,6.607670722927571e-05,6.607670722927571e-05,5.347413452215421
1790559180,6.607670722927571e-05,6.607670722927571e-05,6.451858599180683e-05,6.451858599180683e-05,197.72462502162793
1790559240,6.451858599180683e-05,6.451858599180683e-05,6.40796212967609e-05,6.40796212967609e-05,49.357066265661985
1790559300,6.40796212967609e-05,6.40796212967609e-05,6.36001849180321e-05,6.36001849180321e-05,17.463833557138237
1790559420,6.36001849180321e-05,6.36001849180321e-05,6.287703849087104e-05,6.287703849087104e-05,156.8275964834587
1790559480,6.287703849087104e-05,6.287703849087104e-05,6.176491121317048e-05,6.176491121317048e-05,57.32290798951359
1790559540,6.176491121317048e-05,6.25486812229884e-05,6.156400537722728e-05,6.156400537722728e-05,38.83914294509226
1790559600,6.156400537722728e-05,6.156400537722728e-05,6.104049000755233e-05,6.104049000755233e-05,38.85660826514013
1790559960,6.104049000755233e-05,6.104049000755233e-05,6.0555870713257814e-05,6.0555870713257814e-05,40.24024584285923
1790560140,6.0555870713257814e-05,6.0555870713257814e-05,6.023091387719577e-05,6.023091387719577e-05,1.3630174499277978
1790560260,6.023091387719577e-05,6.119919922311982e-05,6.023091387719577e-05,6.030921574710363e-05,27.97183385198908
1790560500,6.030921574710363e-05,6.183549032801592e-05,6.030921574710363e-05,6.183549032801592e-05,147.50139246862918
1790560560,6.183549032801592e-05,6.244009794771189e-05,6.0592301982630103e-05,6.244009794771189e-05,510.3444159940916
1790560620,6.244009794771189e-05,7.122074290835902e-05,6.244009794771189e-05,6.992671769096938e-05,946.6128923288743
1790560680,6.992671769096938e-05,7.186611010827981e-05,6.992671769096938e-05,7.186611010827981e-05,151.2635226812681
1790560800,7.186611010827981e-05,7.50907083648441e-05,7.186611010827981e-05,7.50907083648441e-05,294.25471743466335
1790560860,7.50907083648441e-05,7.53432600002013e-05,7.50907083648441e-05,7.53432600002013e-05,25.060884502330143
1790560920,7.53432600002013e-05,7.543610658905062e-05,7.53432600002013e-05,7.543610658905062e-05,1.1085694663786563
1790561040,7.543610658905062e-05,7.543610658905062e-05,6.705055027854909e-05,6.705055027854909e-05,838.6720514919185
1790561100,6.705055027854909e-05,6.808252437564614e-05,6.705055027854909e-05,6.808252437564614e-05,47.50315151576839
1790561220,6.808252437564614e-05,6.846020771704256e-05,6.657664760813435e-05,6.674814133017932e-05,315.5049488390305
1790561280,6.674814133017932e-05,6.688048007053885e-05,6.53850404027295e-05,6.600477366296029e-05,164.7189925244234
1790561580,6.600477366296029e-05,6.630868068708972e-05,6.600477366296029e-05,6.630868068708972e-05,9.682407015254107
1790561700,6.630868068708972e-05,6.630868068708972e-05,6.236900869991725e-05,6.23869564197393e-05,457.64055533209756
1790562000,6.23869564197393e-05,6.23869564197393e-05,6.131708437877985e-05,6.131708437877985e-05,14.033930338566604
1790562120,6.131708437877985e-05,6.219845137499707e-05,6.131708437877985e-05,6.219845137499707e-05,32.019038579585825
1790562180,6.219845137499707e-05,6.272057495510865e-05,6.219845137499707e-05,6.272057495510865e-05,97.9902865686627
1790562360,6.272057495510865e-05,6.363240738383064e-05,6.272057495510865e-05,6.281087630299904e-05,59.06798634495877
1790562420,6.281087630299904e-05,6.373146398185759e-05,6.281087630299904e-05,6.373146398185759e-05,9.241704716995548
1790562480,6.373146398185759e-05,6.63012157316543e-05,6.373146398185759e-05,6.63012157316543e-05,331.33673178052436
1790562600,6.63012157316543e-05,6.665354305609307e-05,6.63012157316543e-05,6.665354305609307e-05,41.53844277626784
1790562900,6.665354305609307e-05,6.676249458160486e-05,6.665354305609307e-05,6.676249458160486e-05,2.9773799173577777
1790563020,6.676249458160486e-05,6.676249458160486e-05,6.555089640781715e-05,6.555089640781715e-05,27.029506382586668
1790563380,6.555089640781715e-05,6.763765761463144e-05,6.555089640781715e-05,6.750358844168016e-05,254.4985861415537
1790563680,6.750358844168016e-05,6.750358844168016e-05,6.747136607423686e-05,6.747136607423686e-05,5.010578104847042
1790563740,6.747136607423686e-05,6.87663291780275e-05,6.747136607423686e-05,6.87663291780275e-05,69.58332025537489
1790563980,6.87663291780275e-05,6.87663291780275e-05,6.775859287951778e-05,6.775859287951778e-05,48.186122029742364
1790564040,6.775859287951778e-05,6.775859287951778e-05,6.712999092872341e-05,6.712999092872341e-05,122.00686482504986
1790564100,6.712999092872341e-05,6.712999092872341e-05,6.374143299194369e-05,6.374143299194369e-05,349.01173149449437
1790564160,6.374143299194369e-05,6.374143299194369e-05,6.176333625114283e-05,6.226336936909484e-05,320.3605097924891
1790564340,6.226336936909484e-05,6.226336936909484e-05,6.090276279114178e-05,6.090276279114178e-05,0.701904011501254
1790564460,6.090276279114178e-05,6.104676256588176e-05,6.090276279114178e-05,6.104676256588176e-05,9.104213937495548
1790564640,6.104676256588176e-05,6.104676256588176e-05,6.0916548360755943e-05,6.0916548360755943e-05,2.716670622640906
1790564700,6.0916548360755943e-05,6.0916548360755943e-05,6.074315047907877e-05,6.074315047907877e-05,32.92488258411748
1790564820,6.074315047907877e-05,6.155370072093009e-05,6.074315047907877e-05,6.155370072093009e-05,4.908896618813613
1790564940,6.155370072093009e-05,6.186276461525055e-05,6.155370072093009e-05,6.186276461525055e-05,74.81102715391158
1790565000,6.186276461525055e-05,6.186276461525055e-05,6.133454748851495e-05,6.133454748851495e-05,1.1706055773551074
1790565120,6.133454748851495e-05,6.215316268573564e-05,6.126341345759866e-05,6.215316268573564e-05,10.794668105393416
1790565480,6.215316268573564e-05,6.50564563915974e-05,6.215316268573564e-05,6.50564563915974e-05,334.4501031770893
1790565540,6.50564563915974e-05,6.979641652925893e-05,6.50564563915974e-05,6.979641652925893e-05,573.6215537388478
1790565600,6.979641652925893e-05,6.979641652925893e-05,6.806466000434443e-05,6.806466000434443e-05,247.82658594368854
1790565660,6.806466000434443e-05,6.806466000434443e-05,6.63799345579456e-05,6.63799345579456e-05,116.39355067142613
1790565720,6.63799345579456e-05,6.78152643162089e-05,6.63799345579456e-05,6.78152643162089e-05,242.87959901326892
1790565780,6.78152643162089e-05,6.888383621904472e-05,6.778100300578249e-05,6.778100300578249e-05,37.047684839139826
1790565900,6.778100300578249e-05,6.778100300578249e-05,6.693296290517746e-05,6.716971090397972e-05,67.90689336164309
1790566020,6.716971090397972e-05,6.716971090397972e-05,6.185422487709533e-05,6.189042089698837e-05,695.4533730663537
1790566080,6.189042089698837e-05,6.189042089698837e-05,5.980593201580912e-05,5.997892663897141e-05,246.52001853904196
1790566140,5.997892663897141e-05,6.027718239244107e-05,5.997892663897141e-05,6.027718239244107e-05,118.62272023247588
1790566200,6.027718239244107e-05,6.098005392522498e-05,6.027718239244107e-05,6.098005392522498e-05,50.15728738544479
1790566320,6.098005392522498e-05,6.098005392522498e-05,6.0012693685092204e-05,6.0012693685092204e-05,43.030820293771676
1790566500,6.0012693685092204e-05,6.0012693685092204e-05,5.975770975403679e-05,5.975770975403679e-05,42.882502348488984
1790566560,5.975770975403679e-05,5.975770975403679e-05,5.954504972328399e-05,5.954504972328399e-05,17.80080772989725
1790566620,5.954504972328399e-05,5.954504972328399e-05,5.728241896407446e-05,5.728241896407446e-05,311.90522827630286
1790566680,5.728241896407446e-05,5.728241896407446e-05,5.6967319882215035e-05,5.6967319882215035e-05,29.813400054786644
1790566740,5.6967319882215035e-05,5.7638240454193326e-05,5.6967319882215035e-05,5.7638240454193326e-05,1.8628703671562934
1790566860,5.7638240454193326e-05,5.7638240454193326e-05,5.6826243129077236e-05,5.6826243129077236e-05,0.7544927439309855
1790566920,5.6826243129077236e-05,5.7699335232808944e-05,5.6826243129077236e-05,5.7699335232808944e-05,2.533374598783884
1790567100,5.7699335232808944e-05,5.7699335232808944e-05,5.241969953526853e-05,5.347703037093645e-05,889.5625769242812
1790567160,5.347703037093645e-05,5.352682985274812e-05,5.286024063505471e-05,5.286024063505471e-05,26.526208429063374
1790567280,5.286024063505471e-05,5.286024063505471e-05,5.2834475148519775e-05,5.2834475148519775e-05,9.402085579375424
1790567400,5.2834475148519775e-05,5.370588862583644e-05,5.2834475148519775e-05,5.370588862583644e-05,42.40005272650652
1790567520,5.370588862583644e-05,5.770984223654118e-05,5.370588862583644e-05,5.770984223654118e-05,975.4581151267029
1790567700,5.770984223654118e-05,6.191303322043134e-05,5.770984223654118e-05,6.094871135873653e-05,65.25058739231734
1790567820,6.094871135873653e-05,6.154841934831192e-05,6.094871135873653e-05,6.154841934831192e-05,5.484947588825781
1790567940,6.154841934831192e-05,6.154841934831192e-05,6.0378405715089024e-05,6.0378405715089024e-05,73.41500676213742
1790568000,6.0378405715089024e-05,6.093404305792651e-05,6.0378405715089024e-05,6.093404305792651e-05,3.4202556214245003
1790568480,6.093404305792651e-05,6.093404305792651e-05,6.083324408418048e-05,6.083324408418048e-05,3.533686734582503
1790568660,6.083324408418048e-05,6.083324408418048e-05,5.8994516315656114e-05,5.8994516315656114e-05,238.695068588007
1790568720,5.8994516315656114e-05,5.8994516315656114e-05,5.7651122692616525e-05,5.7651122692616525e-05,42.83453028210688
1790568900,5.7651122692616525e-05,5.854770959913893e-05,5.7651122692616525e-05,5.7737362469298696e-05,7.066490109457979
1790568960,5.7737362469298696e-05,5.7737362469298696e-05,5.7569177500111333e-05,5.7569177500111333e-05,20.730441486822947
1790569140,5.7569177500111333e-05,6.001918043000509e-05,5.7569177500111333e-05,6.001918043000509e-05,356.3129439597842
1790569440,6.001918043000509e-05,6.047748562349941e-05,6.001918043000509e-05,6.047748562349941e-05,41.537429213076784
1790569500,6.047748562349941e-05,6.514592061601855e-05,6.0326178565797644e-05,6.45008118962035e-05,842.2797422888576
1790569560,6.45008118962035e-05,6.508113444734007e-05,6.45008118962035e-05,6.508113444734007e-05,1.1585452638390443
1790569740,6.508113444734007e-05,6.834093051715831e-05,6.508113444734007e-05,6.834093051715831e-05,281.8602477038181
1790569860,6.834093051715831e-05,6.834093051715831e-05,6.731145634289794e-05,6.731145634289794e-05,35.82906010095922
1790569920,6.731145634289794e-05,6.731145634289794e-05,6.681727550119229e-05,6.681727550119229e-05,80.80254820339097
1790570040,6.681727550119229e-05,6.739428494280444e-05,6.631331897735129e-05,6.631331897735129e-05,45.09575067697384
1790570160,6.631331897735129e-05,6.631331897735129e-05,6.611398042390635e-05,6.611398042390635e-05,11.808176535741037
1790570220,6.611398042390635e-05,6.716162582994175e-05,6.611398042390635e-05,6.716162582994175e-05,41.502604065372104
1790570340,6.716162582994175e-05,6.744739016701605e-05,6.66144459401298e-05,6.66144459401298e-05,12.483648375038465
1790570400,6.66144459401298e-05,6.66144459401298e-05,6.649201456434073e-05,6.649201456434073e-05,19.319644184104966
1790570520,6.649201456434073e-05,6.85511303908011e-05,6.649201456434073e-05,6.85511303908011e-05,129.45355070679824
1790570580,6.85511303908011e-05,6.870018385911949e-05,6.85511303908011e-05,6.870018385911949e-05,15.524101609378276
1790570640,6.870018385911949e-05,6.879015341010009e-05,6.78193320899946e-05,6.78193320899946e-05,9.076336611405385
1790570760,6.78193320899946e-05,6.867065297206549e-05,6.78193320899946e-05,6.867065297206549e-05,3.9235015365049946
1790570820,6.867065297206549e-05,6.867065297206549e-05,6.754049805994829e-05,6.754049805994829e-05,36.23938664129025
1790571300,6.754049805994829e-05,6.754049805994829e-05,6.716757580217649e-05,6.716757580217649e-05,44.72318200083638
1790571420,6.716757580217649e-05,6.716757580217649e-05,6.693640544952353e-05,6.693640544952353e-05,10.805179791178107
1790571540,6.693640544952353e-05,6.693640544952353e-05,6.63086736443293e-05,6.63086736443293e-05,141.97269488767117
1790571660,6.63086736443293e-05,6.71449234777951e-05,6.567422920578182e-05,6.71449234777951e-05,116.45026946083031
1790571900,6.71449234777951e-05,6.756797482173813e-05,6.71449234777951e-05,6.756797482173813e-05,13.593298688193851
1790571960,6.756797482173813e-05,6.756797482173813e-05,6.565228465032802e-05,6.565228465032802e-05,223.4333606758826
1790572080,6.565228465032802e-05,6.565228465032802e-05,6.422029916559631e-05,6.422029916559631e-05,78.20460648290538
1790572140,6.422029916559631e-05,6.485172703798507e-05,6.422029916559631e-05,6.485172703798507e-05,4.9081887169650695
1790572440,6.485172703798507e-05,6.535575350957714e-05,6.485172703798507e-05,6.52444301212547e-05,159.78929621006026
1790572740,6.52444301212547e-05,6.615817479405538e-05,6.52444301212547e-05,6.615817479405538e-05,9.697156274849917
1790572800,6.615817479405538e-05,6.615817479405538e-05,6.496759690715186e-05,6.496759690715186e-05,56.14026027171889
1790573040,6.496759690715186e-05,6.496759690715186e-05,6.397356899193375e-05,6.397356899193375e-05,155.16660280988938
1790573220,6.397356899193375e-05,6.397356899193375e-05,6.327995787955955e-05,6.327995787955955e-05,3.6189428231572833
1790573340,6.327995787955955e-05,6.327995787955955e-05,6.258797744137818e-05,6.258797744137818e-05,149.32721615488862
1790573400,6.258797744137818e-05,6.258797744137818e-05,6.177127754019103e-05,6.177127754019103e-05,15.767606708010508
1790573580,6.177127754019103e-05,6.177127754019103e-05,6.04399139824579e-05,6.04399139824579e-05,237.57527097991465
1790573940,6.04399139824579e-05,6.04399139824579e-05,6.042504085736668e-05,6.042504085736668e-05,49.20122701649979
1790574000,6.042504085736668e-05,6.0784812353746486e-05,6.042504085736668e-05,6.0784812353746486e-05,11.5878045141998
1790574120,6.0784812353746486e-05,6.0784812353746486e-05,6.0092878993489465e-05,6.0092878993489465e-05,4.588596553150241
1790574600,6.0092878993489465e-05,6.10612278426276e-05,6.0092878993489465e-05,6.017036874528322e-05,3.328971359950523
1790574660,6.017036874528322e-05,6.153117537227584e-05,6.017036874528322e-05,6.153117537227584e-05,116.45824249559165
1790574840,6.153117537227584e-05,6.153117537227584e-05,6.120391017376019e-05,6.120391017376019e-05,0.0762970942605654
1790574900,6.120391017376019e-05,6.120391017376019e-05,6.118685256618339e-05,6.118685256618339e-05,11.58040573532488
1790574960,6.118685256618339e-05,6.249625131557318e-05,6.118685256618339e-05,6.249625131557318e-05,105.8511573917534
1790575080,6.249625131557318e-05,6.363312679963963e-05,6.20364397910872e-05,6.363312679963963e-05,156.9313814479359
1790575200,6.363312679963963e-05,6.447848992001505e-05,6.363312679963963e-05,6.447848992001505e-05,49.01485876975153
1790575260,6.447848992001505e-05,6.447848992001505e-05,6.350609282914438e-05,6.350609282914438e-05,51.70998059551516
1790575320,6.350609282914438e-05,6.350609282914438e-05,6.284555373593181e-05,6.284555373593181e-05,106.46992872426662
1790575500,6.284555373593181e-05,6.284555373593181e-05,6.13749240572862e-05,6.223174022889113e-05,354.07851583974684
1790575680,6.223174022889113e-05,6.223174022889113e-05,5.9346809024007337e-05,5.9346809024007337e-05,467.7973066750336
1790575740,5.9346809024007337e-05,5.977287299045707e-05,5.9346809024007337e-05,5.977287299045707e-05,353.99061932242626
1790575800,5.977287299045707e-05,6.016177898227055e-05,5.977287299045707e-05,5.980034811517847e-05,90.85684123870166
1790575920,5.980034811517847e-05,6.061127718123005e-05,5.980034811517847e-05,6.061127718123005e-05,2.6268836854662214
1790575980,6.061127718123005e-05,6.067580148477981e-05,6.061127718123005e-05,6.067580148477981e-05,19.3832437104997
1790576040,6.067580148477981e-05,6.067580148477981e-05,5.9827845226787244e-05,5.9827845226787244e-05,4.754432221555618
1790576220,5.9827845226787244e-05,5.9827845226787244e-05,5.967429658764527e-05,5.967429658764527e-05,13.66664008548909
1790576280,5.967429658764527e-05,5.967429658764527e-05,5.931987989144061e-05,5.931987989144061e-05,63.50453678031779
1790576340,5.931987989144061e-05,5.931987989144061e-05,5.902210029348578e-05,5.902210029348578e-05,3.764998699689979
1790576520,5.902210029348578e-05,5.902210029348578e-05,5.776150548611055e-05,5.776150548611055e-05,263.5568456333837
1790576580,5.776150548611055e-05,5.776150548611055e-05,5.663356295548767e-05,5.663356295548767e-05,16.403246233724058
