ts,o,h,l,c,v
1790893560,0.0014000187471132895,0.0014009039524607418,0.0014000187471132895,0.0014009039524607418,0.07711125069054868
1790893620,0.0014009039524607418,0.0014016672454427756,0.0014009039524607418,0.0014016672454427756,0.12110241986724936
1790893680,0.0014016672454427756,0.0014016672454427756,0.0014008612781534688,0.0014010581153841085,16.728161161302456
1790893800,0.0014010581153841085,0.0014321394096750374,0.001395046646179584,0.0014210691220282305,295.74756787224857
1790893860,0.0014210691220282305,0.0014210691220282305,0.0013894690783703822,0.0013894690783703822,85.69878054828945
1790893980,0.0013894690783703822,0.0014243738199864434,0.0013894690783703822,0.0013973017541056621,235.13134743913787
1790894040,0.0013973017541056621,0.0013975070861450647,0.0013756595827588633,0.0013756595827588633,594.142512109036
1790894100,0.0013756595827588633,0.0013955693296845832,0.001352156764757089,0.001352156764757089,398.4210551560734
1790894160,0.001352156764757089,0.0013792310773116968,0.0013404872826660887,0.0013561419826016666,631.0142823752751
1790894220,0.0013561419826016666,0.0013608366499127714,0.0013561419826016666,0.0013608366499127714,119.02916993795397
1790894280,0.0013608366499127714,0.0013639091710422253,0.0013608366499127714,0.0013639091710422253,5.750014724387087
1790894340,0.0013639091710422253,0.0013788031442768837,0.0013639091710422253,0.0013788031442768837,351.1013949879477
1790894460,0.0013788031442768837,0.0013802495280546463,0.0013491086510370918,0.0013491086510370918,326.3664211713675
1790894520,0.0013491086510370918,0.001373496417509269,0.0013379457493741045,0.0013395876205840444,1272.20408064749
1790894580,0.0013395876205840444,0.0013632596520613105,0.0013395876205840444,0.0013632596520613105,177.30877758507037
1790894760,0.0013632596520613105,0.0013632596520613105,0.0013604308809797557,0.0013604308809797557,3.9573996297004346
1790894880,0.0013604308809797557,0.0013608302986723544,0.0013602575042896276,0.0013602575042896276,18.281874925188195
1790894940,0.0013602575042896276,0.0013696389755073993,0.0013602575042896276,0.0013696389755073993,185.51209094164028
1790895000,0.0013696389755073993,0.0013696389755073993,0.0013384991815761627,0.0013402111783606017,77.89933678548192
1790895060,0.0013402111783606017,0.0013669366733867596,0.0013384067027044542,0.0013669366733867596,33.713457720159994
1790895120,0.0013669366733867596,0.0013669366733867596,0.0013086069577410034,0.0013274078673575493,1061.817239211698
1790895180,0.0013274078673575493,0.0013288505457714943,0.001279341768651195,0.001314807589265098,969.821972213038
1790895240,0.001314807589265098,0.0013305919086389738,0.0013133422030617919,0.0013133422030617919,671.1757516755921
1790895360,0.0013133422030617919,0.0013587072038261738,0.0013133422030617919,0.0013587072038261738,475.24656834335843
1790895420,0.0013587072038261738,0.0013587072038261738,0.0013242410357524959,0.0013449334603812175,732.9030853348526
1790895540,0.0013449334603812175,0.001367028990040553,0.0013449334603812175,0.0013517966002179298,598.0096895823505
1790895600,0.0013517966002179298,0.0013822392691939152,0.0013509631943787234,0.0013822392691939152,115.17384075677158
1790895660,0.0013822392691939152,0.0014008801812670166,0.0013678717253816943,0.0013678717253816943,1155.7876408493005
1790895720,0.0013678717253816943,0.0013678717253816943,0.0013675881330274418,0.0013675881330274418,0.0024424727455311535
1790895780,0.0013675881330274418,0.0013686807714723903,0.0013537582174151833,0.0013686807714723903,607.6184216947674
1790895840,0.0013686807714723903,0.0013701595399003156,0.0013367088286539602,0.0013367088286539602,261.4834150748589
1790895900,0.0013367088286539602,0.0013711847492486559,0.0013289409414938527,0.0013711847492486559,678.6132910268808
1790895960,0.0013711847492486559,0.0013720339939008886,0.0013409452880855453,0.0013409452880855453,90.7717158548884
1790896140,0.0013409452880855453,0.0013678457254783425,0.0013409452880855453,0.0013678457254783425,4.899642122678479
1790896200,0.0013678457254783425,0.001380589339702834,0.0013049838522487345,0.0013347998888453407,2967.5972630127476
1790896260,0.0013347998888453407,0.0013442738185841486,0.0013347998888453407,0.0013442738185841486,32.64591634561388
1790896320,0.0013442738185841486,0.0013466829624212277,0.0013169852010864911,0.0013169852010864911,73.86271762262609
1790896500,0.0013169852010864911,0.001349678847233382,0.0013169852010864911,0.001320138504389058,96.31411153953393
1790896560,0.001320138504389058,0.001350551824995348,0.001320138504389058,0.001350551824995348,65.38506442596382
1790896620,0.001350551824995348,0.001350551824995348,0.001311774837297234,0.001311774837297234,544.4919730305525
1790896800,0.001311774837297234,0.001311774837297234,0.001290427588040835,0.001290427588040835,194.98994011946766
1790896860,0.001290427588040835,0.0013180927372331349,0.001290427588040835,0.0013180927372331349,0.11829654550242391
1790896980,0.0013180927372331349,0.001332910161050119,0.0013180927372331349,0.00131849690643524,593.8340063385403
1790897100,0.00131849690643524,0.00131849690643524,0.0013007259300076605,0.0013007259300076605,713.2320879474257
1790897220,0.0013007259300076605,0.0013224933526297194,0.0013007259300076605,0.0013041208099916438,431.2421102259798
1790897280,0.0013041208099916438,0.001339864104188551,0.0013041208099916438,0.0013211193835164221,361.9280373807952
1790897340,0.0013211193835164221,0.0013211193835164221,0.001318547741545433,0.001318547741545433,96.30377664686645
1790897400,0.001318547741545433,0.0013513392822118058,0.001318547741545433,0.0013277689835349844,377.0445785591914
1790897460,0.0013277689835349844,0.0013546639776025095,0.0013277689835349844,0.0013546639776025095,39.17959452016056
1790897520,0.0013546639776025095,0.0013546639776025095,0.0013086269737063515,0.0013175627685989672,746.1242570977636
1790897640,0.0013175627685989672,0.0013175627685989672,0.0012902423560548805,0.0012902423560548805,2.2079007392526173
1790897820,0.0012902423560548805,0.001318468262937439,0.0012902423560548805,0.001318468262937439,35.47351808659675
1790897880,0.001318468262937439,0.0013197090948497603,0.001318468262937439,0.0013197090948497603,14.170680555345264
1790898000,0.0013197090948497603,0.00132049690151557,0.0013197090948497603,0.00132049690151557,4.895043365614905
1790898120,0.00132049690151557,0.0013207254783453698,0.00132049690151557,0.0013207254783453698,4.428756927617305
1790898180,0.0013207254783453698,0.0013230123552357726,0.0013207254783453698,0.0013230123552357726,44.21023112976835
1790898360,0.0013230123552357726,0.0013232692847434367,0.0013223443279518352,0.0013232692847434367,3.584728160364256
1790898480,0.0013232692847434367,0.0013232692847434367,0.00132222239155474,0.00132222239155474,0.9908524263173174
1790898540,0.00132222239155474,0.0013246895022810418,0.001294295701730819,0.0013246895022810418,58.847405717879056
1790898600,0.0013246895022810418,0.0013322577987552324,0.001308771904893116,0.001308771904893116,239.96908471519524
1790898660,0.001308771904893116,0.0013492473375170371,0.001308771904893116,0.0013378892685694866,473.0496619988568
1790898780,0.0013378892685694866,0.0013378892685694866,0.0013317476716637555,0.0013317476716637555,2.2446384137919746
1790898900,0.0013317476716637555,0.0013608748850958453,0.0013317476716637555,0.0013608748850958453,59.155636268924816
1790898960,0.0013608748850958453,0.0013674942811350943,0.0013608748850958453,0.0013674942811350943,175.77384296969493
1790899020,0.0013674942811350943,0.0013674942811350943,0.0013293140218018618,0.0013431333841550086,565.1252049589956
1790899080,0.0013431333841550086,0.0013431333841550086,0.0013047459272083333,0.0013262218228609491,369.2904938668865
1790899140,0.0013262218228609491,0.0013268334518586335,0.0013262218228609491,0.0013268334518586335,7.6251801569578035
1790899260,0.0013268334518586335,0.0013268334518586335,0.0012983400222675093,0.001325547137537309,1.7090058267144272
1790899320,0.001325547137537309,0.001325715876433457,0.001325547137537309,0.001325715876433457,6.718879491660746
1790899440,0.001325715876433457,0.001325715876433457,0.0012968050210996841,0.0012968050210996841,54.09647100195715
1790899560,0.0012968050210996841,0.0012968050210996841,0.0012938891619118577,0.0012938891619118577,103.98503062806282
1790899680,0.0012938891619118577,0.0012938891619118577,0.0012845571902307229,0.0012845571902307229,266.39059484746093
1790899740,0.0012845571902307229,0.0013024240556727127,0.001273788811495872,0.0012752335629764868,315.800012194598
1790899800,0.0012752335629764868,0.0013095688792912833,0.0012752335629764868,0.0013095688792912833,271.73743339968627
1790899920,0.0013095688792912833,0.0013168523549745034,0.001257859690508418,0.001274291465347812,1574.061507460736
1790899980,0.001274291465347812,0.0012999030244452534,0.001274291465347812,0.0012999030244452534,9.56761079890576
1790900040,0.0012999030244452534,0.001300556650911506,0.0012999030244452534,0.001300556650911506,4.995717237226193
1790900100,0.001300556650911506,0.001300556650911506,0.0012703816397410038,0.0012703816397410038,82.539223436079
1790900160,0.0012703816397410038,0.0012703816397410038,0.0012689348604698748,0.0012689348604698748,7.4530321117901295
1790900220,0.0012689348604698748,0.0013025737395017797,0.001268578938586492,0.0012978600577694902,150.5647635361122
1790900460,0.0012978600577694902,0.0013185788487737392,0.0012765599844093427,0.0013063880570442145,638.5913653404523
1790900520,0.0013063880570442145,0.0013348741585494568,0.0013058317298246718,0.0013072518735349865,12.41209496348224
1790900580,0.0013072518735349865,0.001307878303489769,0.0013064160698931621,0.001307114070776719,1.691681302739245
1790900700,0.001307114070776719,0.001333438506393286,0.0013054627549798537,0.001333438506393286,65.99724639343233
1790900760,0.001333438506393286,0.001334693660375627,0.001333438506393286,0.001334693660375627,39.80508102854392
1790900820,0.001334693660375627,0.001361942170636633,0.001334693660375627,0.0013593119118896285,1100.931795435558
1790900880,0.0013593119118896285,0.0013969632174672697,0.0013593119118896285,0.001375635177945429,342.0915911492532
1790900940,0.001375635177945429,0.0014057675255075516,0.001374806321233006,0.0014057675255075516,36.05199183192652
1790901000,0.0014057675255075516,0.0014057675255075516,0.001357619004552328,0.001357619004552328,722.5324181698347
1790901060,0.001357619004552328,0.001357619004552328,0.0013229368477683098,0.0013229368477683098,485.36953760360757
1790901120,0.0013229368477683098,0.001348774813707587,0.0013229368477683098,0.001327108999900641,285.60138905056306
1790901180,0.001327108999900641,0.001327108999900641,0.001324546485635664,0.001324546485635664,89.92458813197817
1790901240,0.001324546485635664,0.001324546485635664,0.0013199186999632302,0.0013199186999632302,34.3250047708269
1790901360,0.0013199186999632302,0.0013208033492717168,0.0013199186999632302,0.0013208033492717168,18.645767039649723
1790901420,0.0013208033492717168,0.0013815318493850275,0.0013208033492717168,0.0013815318493850275,725.3557032324495
1790901480,0.0013815318493850275,0.0013815318493850275,0.0013540006183382393,0.0013540006183382393,0.5195026631463874
1790901540,0.0013540006183382393,0.0013540006183382393,0.0013536167580483905,0.0013536167580483905,5.616656182580811
1790901600,0.0013536167580483905,0.0013550927918994102,0.0013536167580483905,0.0013550259463349088,3.5187399583613588
1790901660,0.0013550259463349088,0.001355380090355931,0.0013533854932930493,0.0013533854932930493,120.30797175665825
1790901720,0.0013533854932930493,0.0013533854932930493,0.0013486250625488006,0.0013486250625488006,15.820353012678055
1790901780,0.0013486250625488006,0.0013486250625488006,0.0013408597808559411,0.0013424981563122241,160.59789207391174
1790901840,0.0013424981563122241,0.0013744141099606727,0.0013424981563122241,0.0013744141099606727,59.15436195094339
1790901900,0.0013744141099606727,0.0013786952965508781,0.0013744141099606727,0.0013786952965508781,59.416814249127114
1790902260,0.0013786952965508781,0.0013817256856745895,0.0013786952965508781,0.0013817256856745895,98.90213878580536
1790902500,0.0013817256856745895,0.0013817256856745895,0.001342509320790051,0.0013612799248914165,559.6871984592851
1790902560,0.0013612799248914165,0.0013695760379263727,0.0013612799248914165,0.0013695760379263727,285.2998394036303
1790902620,0.0013695760379263727,0.0013838412921003721,0.0013451520549514649,0.0013659998674696399,705.1721668351757
1790902680,0.0013659998674696399,0.0013659998674696399,0.0013594743521262176,0.0013594743521262176,97.48423670042466
1790902740,0.0013594743521262176,0.0013594743521262176,0.0013577564876072986,0.0013577564876072986,4.592316098265317
1790902800,0.0013577564876072986,0.0013577564876072986,0.0013391305589688382,0.0013391305589688382,599.1568474206036
1790902860,0.0013391305589688382,0.001380776565302386,0.0013391305589688382,0.001380776565302386,1202.856823114342
1790902920,0.001380776565302386,0.001380776565302386,0.0013650038625432933,0.0013650038625432933,6.149599528199744
1790902980,0.0013650038625432933,0.0013650038625432933,0.001363871824455777,0.001363871824455777,0.4774948353814017
1790903100,0.001363871824455777,0.001364887695723234,0.001363871824455777,0.001364887695723234,0.9145595238497974
1790903160,0.001364887695723234,0.001364887695723234,0.0013637560113333427,0.0013637560113333427,6.356654450454158
1790903280,0.0013637560113333427,0.0013934072454289505,0.0013637560113333427,0.0013934072454289505,29.408077266463668
1790903340,0.0013934072454289505,0.0013955165467257596,0.0013934072454289505,0.0013955165467257596,58.75844932740846
1790903400,0.0013955165467257596,0.0013955165467257596,0.0013668433126165587,0.0013668433126165587,48.309789745853735
1790904060,0.0013668433126165587,0.0014158730922938533,0.0013668433126165587,0.0014082892661596788,1114.370423521956
1790904120,0.0014082892661596788,0.0014381418532502571,0.001406001214639829,0.0014106139207138387,396.32533122364293
1790904300,0.0014106139207138387,0.0014113785219554344,0.0014106139207138387,0.0014113785219554344,38.4223146962805
1790904360,0.0014113785219554344,0.0015566028475815165,0.0014113785219554344,0.0015516855468940551,3077.0530769770703
1790904420,0.0015516855468940551,0.0015519860574271394,0.0015336332368760975,0.0015336332368760975,323.9629293411083
1790904480,0.0015336332368760975,0.0015338919002604924,0.0015311314389075384,0.0015311314389075384,68.19926197315932
1790904540,0.0015311314389075384,0.0015311314389075384,0.0015292795065812504,0.0015292795065812504,35.84538124058388
1790904600,0.0015292795065812504,0.0015292795065812504,0.0014790154103557324,0.001510106346952086,1079.1061187789542
1790904660,0.001510106346952086,0.0015143226327888825,0.001481422920082797,0.001481422920082797,45.098146166825835
1790904780,0.001481422920082797,0.001481816915698296,0.001481422920082797,0.001481816915698296,7.320571968838151
1790904840,0.001481816915698296,0.001481816915698296,0.0014568707988707158,0.0014568707988707158,479.5248686976719
1790904960,0.0014568707988707158,0.0014859220521021078,0.0014554085864165716,0.0014554085864165716,24.753184716858048
1790905080,0.0014554085864165716,0.0014554085864165716,0.0014535178417028364,0.0014535178417028364,61.25832139986989
1790905380,0.0014472152179227705,0.0014472152179227705,0.0014472152179227705,0.0014472152179227705,86.80134894821231
1790905440,0.0014472152179227705,0.001505796000623748,0.0014472152179227705,0.001505796000623748,554.8320285514885
1790905500,0.001505796000623748,0.001510042218455498,0.001505796000623748,0.001510042218455498,120.52510357130988
1790905560,0.001510042218455498,0.001510042218455498,0.0014806124463238519,0.0014806124463238519,0.11461471139754867
1790905620,0.0014806124463238519,0.0015149666178504659,0.0014806124463238519,0.0015149666178504659,22.630773526335247
1790905860,0.0015149666178504659,0.00151946882021713,0.0015149666178504659,0.00151946882021713,24.12709582225105
1790905920,0.00151946882021713,0.0015233936858352014,0.00151946882021713,0.0015233936858352014,7.206555299274662
1790906040,0.0015233936858352014,0.0015272453672819358,0.0015233936858352014,0.0015272453672819358,45.94514173317215
1790906100,0.0015272453672819358,0.0015272453672819358,0.001474335186976044,0.001474335186976044,387.4856274525387
1790906160,0.001474335186976044,0.001477931752703614,0.001474335186976044,0.0014743546516584214,54.80573318500755
1790906220,0.0014743546516584214,0.0015078926829676321,0.001465235191657782,0.001465235191657782,481.0925433465259
1790906400,0.001465235191657782,0.001465235191657782,0.0014258863508043863,0.0014258863508043863,535.850130851752
1790906460,0.0014258863508043863,0.0014570064758677806,0.0014160844004731678,0.0014160844004731678,493.39566796215513
1790906820,0.0014160844004731678,0.0014425569086788461,0.0014160844004731678,0.0014425569086788461,119.71228645439605
1790906880,0.0014425569086788461,0.0014496065878593755,0.0014425569086788461,0.0014496065878593755,77.5814738621699
1790907120,0.0014496065878593755,0.0014504607666938278,0.0014496065878593755,0.0014504607666938278,4.742478985948071
1790907540,0.0014504607666938278,0.0014504607666938278,0.001406049692501506,0.001406049692501506,298.5783917251882
1790907780,0.001406049692501506,0.0014261967204258074,0.0013737938616525845,0.0013817557010287532,701.0727837467564
1790908200,0.0013817557010287532,0.0013817557010287532,0.0013652109953064793,0.0013652109953064793,242.1284387074219
1790908260,0.0013652109953064793,0.0013717726777190313,0.0013507367502939292,0.0013717726777190313,300.8483094095978
1790908380,0.0013717726777190313,0.001373015133150714,0.0013717726777190313,0.001373015133150714,29.1230343474548
1790908740,0.001373015133150714,0.001373015133150714,0.0013399955248575668,0.0013399955248575668,62.90474505353215
1790908980,0.0013399955248575668,0.0013399955248575668,0.0013399789601328995,0.0013399789601328995,7.094689655417856
1790909100,0.0013399789601328995,0.0013835132144559678,0.0013399789601328995,0.0013774579304419825,355.0475810581363
1790909160,0.0013774579304419825,0.0013910481945130758,0.00135932246118169,0.0013649583013068138,133.91786180876798
1790909220,0.0013649583013068138,0.0013652722251528827,0.0013649583013068138,0.0013652722251528827,14.10556518062423
1790909340,0.0013652722251528827,0.0014010324057834678,0.0013645038598068576,0.001379034053876275,250.69734337208703
1790909460,0.001379034053876275,0.001406237712264046,0.001376799927798706,0.001406237712264046,133.8056821818316
1790909520,0.001406237712264046,0.0014082720435420486,0.0013805309412331112,0.0013812706400318877,63.57955566764907
1790909580,0.0013812706400318877,0.0014252471156614556,0.0013812706400318877,0.0014252471156614556,451.99751757566975
1790909700,0.0014252471156614556,0.0014252471156614556,0.001399950487320749,0.001399950487320749,124.46787425344621
1790909880,0.001399950487320749,0.0014278256899682784,0.001399950487320749,0.0014278256899682784,23.147187137094672
1790910000,0.0014278256899682784,0.0014278256899682784,0.0013782702908762907,0.0013915400832512574,735.3692418549733
1790910060,0.0013915400832512574,0.001406496602787147,0.0013915400832512574,0.001406496602787147,480.7019025875687
1790910120,0.001406496602787147,0.001417670387486962,0.0013872213025568345,0.001417670387486962,127.02477653687924
1790910180,0.001417670387486962,0.001417670387486962,0.0013875601021073405,0.0013875601021073405,47.65614109509295
1790910240,0.0013875601021073405,0.0013875601021073405,0.0013777738321142452,0.0013777738321142452,226.89743063554477
1790910300,0.0013777738321142452,0.0013860311894147142,0.0013490486889321549,0.0013633708579264261,1290.961440262124
1790910360,0.0013633708579264261,0.0013633708579264261,0.0013325800420506272,0.0013579628066098283,78.18948548325316
1790910420,0.0013579628066098283,0.0013864619312803444,0.0013579628066098283,0.0013864619312803444,659.1597810152136
1790910480,0.0013864619312803444,0.0013864619312803444,0.0013611771988407148,0.0013611771988407148,78.70245953149885
1790910540,0.0013611771988407148,0.0013904722176371514,0.0013611771988407148,0.0013904722176371514,77.69994285117734
1790910780,0.0013904722176371514,0.0013970557016128834,0.0013446937340896139,0.0013446937340896139,1014.7201750251614
1790910840,0.0013446937340896139,0.001351439295713487,0.0013218602762266358,0.0013218602762266358,254.13641758592345
1790911080,0.0013218602762266358,0.0014411644656265644,0.0013218602762266358,0.0014411644656265644,3492.3349230260246
1790911140,0.0014411644656265644,0.0014559392676799375,0.0014411644656265644,0.0014559392676799375,110.71384139060561
1790911200,0.0014559392676799375,0.0014568476654960633,0.001425305652889625,0.0014543983525994594,69.83251255863169
1790911260,0.0014543983525994594,0.0014588320875623237,0.0014543983525994594,0.0014588320875623237,86.38441933487442
1790911320,0.0014588320875623237,0.0014606770073097555,0.0014588320875623237,0.0014606770073097555,24.410526679493305
1790911380,0.0014606770073097555,0.0014617694234459627,0.0014606770073097555,0.0014617694234459627,33.02615925899948
1790911620,0.0014617694234459627,0.0014625326809691458,0.0014617694234459627,0.0014625326809691458,17.97619747198873
1790911680,0.0014625326809691458,0.001516849919077258,0.0014625326809691458,0.001514075296577168,1727.0586784747506
1790911740,0.001514075296577168,0.0015149934900623762,0.001514075296577168,0.0015149934900623762,2.5796690332007826
1790911800,0.0015149934900623762,0.0015149934900623762,0.0014436196628392288,0.0014436196628392288,1394.1835692634784
1790911860,0.0014436196628392288,0.0014764083547264583,0.0014436196628392288,0.0014764083547264583,14.999186087933003
1790911980,0.0014764083547264583,0.0014827666638326034,0.0014764083547264583,0.0014827666638326034,251.76288202156005
1790912040,0.0014827666638326034,0.0014918573551729883,0.0014637728841080894,0.0014637728841080894,122.32631530900353
1790912160,0.0014637728841080894,0.0015062259235237103,0.0014637728841080894,0.0014848515550877673,385.17618612022477
1790912220,0.0014848515550877673,0.0014848515550877673,0.0014828235815023583,0.00148298943390509,6.2460070273453745
1790912280,0.00148298943390509,0.001515740886080898,0.00148298943390509,0.001515740886080898,9.565023194473525
1790912340,0.001515740886080898,0.001515740886080898,0.0014848292555129196,0.0014848292555129196,1.9651027705919897
1790912400,0.0014848292555129196,0.0015174274201357062,0.0014848292555129196,0.0014855792308685618,50.39971685762465
1790912460,0.0014855792308685618,0.0014855792308685618,0.0014801032912371416,0.0014801032912371416,113.42164433551382
1790912580,0.0014801032912371416,0.0015122130373229057,0.0014801032912371416,0.0015122130373229057,27.414205547035497
1790912640,0.0015122130373229057,0.0015122130373229057,0.0014801756881011607,0.0014801756881011607,10.382145064784389
1790912700,0.0014801756881011607,0.0014801756881011607,0.0014797419904931449,0.0014797419904931449,52.995659814987285
1790912820,0.0014797419904931449,0.001513222862024542,0.0014797419904931449,0.001513222862024542,34.10498027044781
1790913000,0.001513222862024542,0.001513222862024542,0.0014773292161229953,0.0014773292161229953,87.35941983473347
1790913360,0.0014773292161229953,0.001483912434527906,0.0014773292161229953,0.001483912434527906,48.120192565327955
1790913600,0.001483912434527906,0.001483912434527906,0.0014711117077783112,0.0014711117077783112,414.236284008797
1790913720,0.0014711117077783112,0.0014711117077783112,0.0014624865989839677,0.0014624865989839677,18.633564617475585
1790913780,0.0014624865989839677,0.001462492515355143,0.0014624865989839677,0.001462492515355143,29.9245786848488
1790914020,0.001462492515355143,0.001490201143569848,0.0014611690692668477,0.0014611690692668477,111.41251307403816
1790914080,0.0014611690692668477,0.0014611690692668477,0.001458502404029699,0.001458502404029699,74.99698398641088
1790914560,0.001458502404029699,0.001458502404029699,0.0014535917314806599,0.0014535917314806599,58.81230854199856
1790914680,0.0014535917314806599,0.001454212986310237,0.0014535917314806599,0.001454212986310237,8.1085999751095
1790915040,0.001454212986310237,0.0014935581710676913,0.001454212986310237,0.0014935581710676913,55.688136323544256
1790915100,0.0014935581710676913,0.0015134593880998795,0.0014827815777880178,0.0014827815777880178,314.9679249731361
1790915160,0.0014827815777880178,0.0014855381073694642,0.0014827815777880178,0.0014855381073694642,9.88104463334441
1790915220,0.0014855381073694642,0.0015148060720191169,0.0014855381073694642,0.0015148060720191169,53.59548743844352
1790915280,0.0015148060720191169,0.0015261397223352469,0.0015148060720191169,0.0015261397223352469,266.9618269640951
1790915400,0.0015261397223352469,0.0015261397223352469,0.001501913299938329,0.001501913299938329,59.22735211466453
1790915460,0.001501913299938329,0.0015593637483958965,0.001501913299938329,0.0015423724247686148,1088.764845251983
1790915700,0.0015423724247686148,0.001569156162273393,0.0015423724247686148,0.001569156162273393,49.413286083279324
1790915760,0.001569156162273393,0.001569156162273393,0.0015369473004725666,0.0015369473004725666,13.547374160974082
1790915820,0.0015369473004725666,0.001539347245253452,0.0015369473004725666,0.001539347245253452,1.9919794861150657
1790915880,0.001539347245253452,0.001539347245253452,0.001537186799989025,0.001537186799989025,30.7437359997805
1790916060,0.001537186799989025,0.0015746583683218438,0.001537186799989025,0.0015734416378849808,33.49489592302069
1790916120,0.0015734416378849808,0.0015771034585574935,0.0015734416378849808,0.0015771034585574935,13.467791654937301
1790916180,0.0015771034585574935,0.0015771034585574935,0.0015421025013923689,0.0015421025013923689,33.71275761661817
1790916240,0.0015421025013923689,0.0015815924585987496,0.0015421025013923689,0.0015815924585987496,267.01094508029684
1790916300,0.0015815924585987496,0.0015815924585987496,0.0015510498911650095,0.0015510498911650095,105.234771965927
1790916360,0.0015510498911650095,0.0015903771049933565,0.0015510498911650095,0.0015903771049933565,260.8582855056615
1790916840,0.0015903771049933565,0.0015903771049933565,0.0015628522067163187,0.0015628522067163187,461.4355453781612
1790916900,0.0015628522067163187,0.001604552247127663,0.0015628522067163187,0.001604552247127663,483.1863429867439
1790916960,0.001604552247127663,0.001637254004304592,0.0015918479082924915,0.001637254004304592,547.8773354301184
1790917020,0.001637254004304592,0.001637254004304592,0.0016365338146094339,0.0016365338146094339,8.00658376410008
1790917080,0.0016365338146094339,0.0016388036338734816,0.0016365338146094339,0.0016388036338734816,59.7062724607613
1790917260,0.0016388036338734816,0.001654361914864295,0.0016237228743912946,0.0016237228743912946,324.56622845836375
1790917320,0.0016237228743912946,0.0016567085974608091,0.0016113959836937949,0.0016113959836937949,356.96746804765695
1790917380,0.0016113959836937949,0.0016113959836937949,0.0015968937830772617,0.0015968937830772617,145.04279008042457
1790917440,0.0015968937830772617,0.0015968937830772617,0.001586617508661774,0.001586617508661774,298.0681485286761
1790917500,0.001586617508661774,0.001586617508661774,0.0015688295426160043,0.0015688295426160043,307.7153519185636
1790917560,0.0015688295426160043,0.0015688295426160043,0.0015544010113787304,0.0015544010113787304,268.80154099305634
1790917980,0.0015544010113787304,0.0015544010113787304,0.0015470355050368938,0.0015470355050368938,45.75828061412776
1790918220,0.0015470355050368938,0.0015470355050368938,0.0015414106492118356,0.0015414106492118356,52.88438662689717
1790918340,0.0015414106492118356,0.0015414106492118356,0.0015330559440144853,0.0015330559440144853,152.8124949378893
1790918400,0.0015330559440144853,0.0015330559440144853,0.0015298338318185118,0.0015298338318185118,16.86690656353162
1790918460,0.0015298338318185118,0.0015298338318185118,0.0015204031209360288,0.0015247333048919584,163.29744194197016
1790918520,0.0015247333048919584,0.0015247333048919584,0.0015164812086873411,0.0015164812086873411,98.53493230130796
1790918640,0.0015164812086873411,0.0015164812086873411,0.0015118653204070716,0.0015118653204070716,97.33261348885321
1790919180,0.0015118653204070716,0.0015118653204070716,0.0015027366110829036,0.0015027366110829036,153.63470807296068
1790919240,0.0015027366110829036,0.0015027366110829036,0.0014991999477086387,0.0014991999477086387,29.730428952521173
1790919300,0.0014991999477086387,0.0014991999477086387,0.0014955238587133922,0.0014955238587133922,74.2263370913219
1790919360,0.0014955238587133922,0.0014955238587133922,0.0014904914316023771,0.0014904914316023771,61.998177364725926
1790919420,0.0014904914316023771,0.001558727376275715,0.0014785234489731742,0.001558727376275715,2485.385404151489
1790919480,0.001558727376275715,0.001605564718727893,0.001558727376275715,0.0015706771321289392,1118.5609144725174
1790919600,0.0015706771321289392,0.0016166370928718072,0.0015706771321289392,0.001593728746330497,719.4876802086656
1790919660,0.001593728746330497,0.001594343374383428,0.001593728746330497,0.001594343374383428,2.051357543715652
1790919720,0.001594343374383428,0.00163721010855943,0.001594343374383428,0.00163721010855943,210.99198819357204
1790919780,0.00163721010855943,0.0016438878083026424,0.0015905068891295536,0.0015905068891295536,859.6675685170178
1790919840,0.0015905068891295536,0.0016019331491760398,0.0015665170605661438,0.0016019331491760398,140.28335621477228
1790920020,0.0016019331491760398,0.0016019331491760398,0.001599967835654505,0.001599967835654505,32.784590335444314
1790920140,0.001599967835654505,0.001599967835654505,0.0015671647222776175,0.0015671647222776175,15.799438197217277
1790920320,0.0015671647222776175,0.0015671647222776175,0.0015483188472345556,0.0015483188472345556,685.4813082006438
1790920380,0.0015483188472345556,0.0015483188472345556,0.0015282761435743834,0.0015282761435743834,1.83170990982214
1790920500,0.0015282761435743834,0.0015282761435743834,0.001525018093218865,0.001525018093218865,138.36949526136675
1790920980,0.001525018093218865,0.001525018093218865,0.0015113407187839598,0.0015113407187839598,452.52181030610836
1790921100,0.0015113407187839598,0.0015326536623775364,0.0015113407187839598,0.0015326536623775364,64.90995800939454
1790921220,0.0015326536623775364,0.0015326536623775364,0.0014916798839375346,0.0014916798839375346,332.0930844775276
1790921280,0.0014916798839375346,0.0015217013820734168,0.0014916798839375346,0.0015217013820734168,328.30983034090025
1790921340,0.0015217013820734168,0.0015217013820734168,0.0014955331114019994,0.0014955331114019994,1.5518735197289006
1790921460,0.0014955331114019994,0.0014955331114019994,0.0014924544275302157,0.0014924544275302157,166.29006294613453
1790921520,0.0014924544275302157,0.0015251977951141929,0.0014924544275302157,0.0015251977951141929,247.68541917182387
1790921580,0.0015251977951141929,0.0015341529126433144,0.0015251977951141929,0.0015341529126433144,26.7352326949857
1790921760,0.0015341529126433144,0.0015429009593801964,0.0015341529126433144,0.0015429009593801964,274.3182895402667
1790921820,0.0015429009593801964,0.0015429009593801964,0.0015179226774797202,0.001531981812832294,29.26698849074244
1790921880,0.001531981812832294,0.001531981812832294,0.0015210822439493548,0.0015210822439493548,404.2613111254889
1790922000,0.0015210822439493548,0.001542305670292746,0.0015210822439493548,0.001542305670292746,9.404723401016161
1790922060,0.001542305670292746,0.001543135906344006,0.001542305670292746,0.001543135906344006,2.2262304724002275
1790922240,0.001543135906344006,0.001543135906344006,0.0015116381691573388,0.0015116381691573388,8.564553754857188
1790922420,0.0015116381691573388,0.00154575058060103,0.0015116381691573388,0.00154575058060103,5.4942565308403255
1790922480,0.00154575058060103,0.00154575058060103,0.0015140573285291393,0.0015140573285291393,7.097525709003755
1790922600,0.0015140573285291393,0.001546285932746621,0.0014969016920107403,0.0015226754023454259,426.01984027669204
1790922660,0.0015226754023454259,0.0015226754023454259,0.0014786251265314506,0.0014786251265314506,253.25134361313243
1790922720,0.0014786251265314506,0.0015022260313064775,0.0014729177157562974,0.0014729177157562974,107.93937495814686
1790922840,0.0014729177157562974,0.0014737093234977504,0.0014729177157562974,0.0014737093234977504,11.833264145092375
1790922960,0.0014737093234977504,0.0014737093234977504,0.0014677503418993021,0.0014677503418993021,50.19149526886523
1790923140,0.0014677503418993021,0.00146776138058807,0.0014545745846263453,0.0014545745846263453,554.920559727065
1790923440,0.0014545745846263453,0.0014716163059038784,0.0014545745846263453,0.0014713764654765962,6.103139625779845
1790923500,0.0014713764654765962,0.0014713764654765962,0.0014220583091030935,0.0014220583091030935,458.86904782155426
1790923560,0.0014220583091030935,0.001445675073073601,0.0014144263903235375,0.0014440747105780403,130.62596256209463
1790923620,0.0014440747105780403,0.0014440747105780403,0.0013909128089295427,0.0014107758985262766,1266.028529350695
1790923680,0.0014107758985262766,0.0014107758985262766,0.0013678458523435789,0.0013707047792990256,1340.5120771010352
1790923740,0.0013707047792990256,0.0014136339908880434,0.0013707047792990256,0.0014134497311193406,498.31373591909016
1790923800,0.0014134497311193406,0.0014134497311193406,0.0013687557310882044,0.0013687557310882044,346.34478911548393
1790923860,0.0013687557310882044,0.0014266162405946149,0.0013687557310882044,0.0014266162405946149,527.9938544033441
1790923920,0.0014266162405946149,0.0014266162405946149,0.0013770709426199589,0.001389324912099044,707.257891055351
1790923980,0.001389324912099044,0.001403503753996084,0.001389324912099044,0.001403503753996084,293.9689375698895
1790924040,0.001403503753996084,0.0014193174700046168,0.001403503753996084,0.0014193174700046168,362.72637877586556
1790924160,0.0014193174700046168,0.0014193174700046168,0.0013924141832812077,0.001393111111354462,28.023005555260088
1790924220,0.001393111111354462,0.001393111111354462,0.0013909860853961763,0.0013909860853961763,1.3470455322958257
1790924280,0.0013909860853961763,0.0013909860853961763,0.0013898717508375187,0.0013900435549057078,31.132617004530637
1790924400,0.0013900435549057078,0.0013900435549057078,0.001387580375761123,0.001387580375761123,3.4582507937205746
1790924460,0.001387580375761123,0.001387580375761123,0.0013829207712416248,0.0013829207712416248,128.33664523395754
1790924580,0.0013829207712416248,0.0014085801378166994,0.001381988324551105,0.001381988324551105,34.01065681629535
1790924640,0.001381988324551105,0.001381988324551105,0.0013811360095536149,0.0013811360095536149,48.19374815883953
1790924820,0.0013811360095536149,0.0013811360095536149,0.0013802287783222327,0.0013802287783222327,27.172164001655325
1790924880,0.0013802287783222327,0.0013802287783222327,0.0013782561746756578,0.0013782561746756578,9.116480156219644
1790924940,0.0013782561746756578,0.0014030766396852738,0.0013742289108596851,0.0014030766396852738,176.89506697282872
1790925000,0.0014030766396852738,0.0014036560509710788,0.0013753525558417266,0.0014036560509710788,109.15115521214834
1790925120,0.0014036560509710788,0.0014052032240025115,0.0014036560509710788,0.0014052032240025115,24.302527627128754
1790925360,0.0014052032240025115,0.0014052032240025115,0.0013657006899117875,0.0013657006899117875,200.81998651352555
1790925420,0.0013657006899117875,0.0013936455289590038,0.0013644707025167405,0.0013925625709660598,117.78174561175193
1790925600,0.0013925625709660598,0.0013925625709660598,0.001392444523918146,0.001392444523918146,53.17419180591922
1790925660,0.001392444523918146,0.001392444523918146,0.0013600991375628557,0.0013600991375628557,135.84464388153208
1790925780,0.0013600991375628557,0.001393231370827425,0.0013600991375628557,0.001393231370827425,285.1495950929267
1790926080,0.001393231370827425,0.001393231370827425,0.0013707555222815158,0.0013707555222815158,60.1307612460651
1790926140,0.0013707555222815158,0.0014025242638786347,0.0013657040294363858,0.0014025242638786347,412.71938830872926
1790926200,0.0014025242638786347,0.0014025242638786347,0.0013736297199184477,0.0013736297199184477,10.272698114551098
1790926320,0.0013736297199184477,0.0013754666432584004,0.0013736297199184477,0.0013754666432584004,0.19263342115688392
1790926380,0.0013754666432584004,0.001410041006097691,0.0013754666432584004,0.001410041006097691,235.59061368139973
1790926620,0.001410041006097691,0.001410041006097691,0.001367772657779478,0.001367772657779478,493.5043912591914
1790926860,0.001367772657779478,0.0013930367558033022,0.001367772657779478,0.0013930367558033022,133.22485511586103
1790927040,0.0013930367558033022,0.0014035424509879994,0.0013930367558033022,0.0014035424509879994,239.45744262583398
1790927100,0.0014035424509879994,0.0014035424509879994,0.0013799904606062265,0.0013799904606062265,1.812786175220078
1790927160,0.0013799904606062265,0.0014104579332555123,0.0013799904606062265,0.0014104579332555123,4.911797839630861
1790927220,0.0014104579332555123,0.0014104579332555123,0.0014096815491392606,0.0014096815491392606,12.105222497586821
1790927280,0.0014096815491392606,0.0014101963667885122,0.0014096815491392606,0.0014101963667885122,10.746393936250719
1790927400,0.0014101963667885122,0.0014101963667885122,0.001378529792537534,0.001378529792537534,96.55689403893426
1790927460,0.001378529792537534,0.001378529792537534,0.0013772156414596564,0.0013772156414596564,10.495064493745982
1790927520,0.0013772156414596564,0.0013772156414596564,0.0013759415367707102,0.0013759415367707102,28.858600519380847
1790927700,0.0013759415367707102,0.001377708683330222,0.0013759415367707102,0.0013768276994168,19.704855285810613
1790927940,0.0013768276994168,0.0014331607616809368,0.0013768276994168,0.001420986249255627,1138.2214632297414
1790928000,0.001420986249255627,0.0014231925370127184,0.001420986249255627,0.0014231925370127184,4.020374098681133
1790928060,0.0014231925370127184,0.0014231925370127184,0.0014202382475702136,0.0014202382475702136,99.61827371405803
1790928180,0.0014202382475702136,0.0014202382475702136,0.001412512353867589,0.001412512353867589,168.2425846978493
1790928360,0.001412512353867589,0.001412512353867589,0.0014090366901536137,0.0014090366901536137,18.11222154197382
1790928480,0.0014090366901536137,0.0014097827733998598,0.0014090366901536137,0.0014097827733998598,10.883260461161898
1790928540,0.0014097827733998598,0.0014097827733998598,0.00140811746089317,0.00140811746089317,0.32592932090065635
1790928660,0.00140811746089317,0.0014333361869036793,0.0013992577958506292,0.0014333361869036793,642.6943197778272
1790928720,0.0014333361869036793,0.001435071957777251,0.0014333361869036793,0.001435071957777251,35.701831921446946
1790928780,0.001435071957777251,0.0014383888884441705,0.001435071957777251,0.0014383888884441705,129.8490781628472
1790928900,0.0014383888884441705,0.0014473353527637437,0.0014383888884441705,0.0014473353527637437,185.32094170642867
1790929020,0.0014473353527637437,0.001463524742126316,0.0014473353527637437,0.001463524742126316,101.43049963720547
1790929380,0.001463524742126316,0.001463524742126316,0.0014307095286725127,0.0014307095286725127,40.213417994859874
1790929440,0.0014307095286725127,0.0014307095286725127,0.0014285306615284675,0.0014285306615284675,34.31149225597365
1790929500,0.0014285306615284675,0.0014285306615284675,0.0014252004097643856,0.0014252004097643856,50.054942033962945
1790929620,0.0014252004097643856,0.00145872071970028,0.0014252004097643856,0.001430756514925048,126.99580341064562
1790929680,0.001430756514925048,0.001462789450641409,0.0014182076022759775,0.0014182076022759775,336.1892395431369
1790929800,0.0014182076022759775,0.0014504216854629678,0.0014097473716371692,0.0014097473716371692,535.6937274963558
1790929860,0.0014097473716371692,0.00144694554096755,0.0014097473716371692,0.00144694554096755,637.8653530461559
1790929920,0.00144694554096755,0.0014788671709161129,0.00144694554096755,0.0014788671709161129,638.6282799694673
1790930220,0.0014788671709161129,0.0014788671709161129,0.0014646322373947074,0.0014646322373947074,32.0400534084503
1790930580,0.0014646322373947074,0.0015099960356824058,0.0014646322373947074,0.0014861954251698256,759.7407484343072
1790930700,0.0014861954251698256,0.0014861954251698256,0.0014775509697269565,0.0014775509697269565,136.47639796042026
1790931000,0.0014775509697269565,0.0014775509697269565,0.001474532795412833,0.001474532795412833,46.72363538920353
1790931180,0.001474532795412833,0.0015086297054485776,0.001474532795412833,0.0015086297054485776,80.25235523845376
1790931240,0.0015086297054485776,0.0015112576739623003,0.0015086297054485776,0.0015112576739623003,86.6521460653448
1790931300,0.0015112576739623003,0.00151631274343133,0.0015112576739623003,0.00151631274343133,63.86110404604351
1790931360,0.00151631274343133,0.0015164030199056732,0.0014827406232439575,0.0014827406232439575,164.37640833672825
1790931420,0.0014827406232439575,0.0015117342295637459,0.0014780365304183879,0.0014780365304183879,106.40840872203626
1790931480,0.0014780365304183879,0.0015094617636602233,0.0014780365304183879,0.0015094617636602233,86.97849650570161
1790931540,0.0015094617636602233,0.0015094617636602233,0.0014768754882855122,0.0015077999687325564,86.19841581197187
1790931600,0.0015077999687325564,0.0015500039949921892,0.0015077999687325564,0.0015500039949921892,1253.4211077205823
1790931660,0.0015500039949921892,0.001648659114635914,0.0015439951262390384,0.001648659114635914,5745.265409608207
1790931720,0.001648659114635914,0.001648659114635914,0.0016228037023100245,0.0016228037023100245,116.01835580442906
1790931780,0.0016228037023100245,0.0016541194727558777,0.0016186755720729161,0.0016186755720729161,49.128486798258095
1790931840,0.0016186755720729161,0.0016186755720729161,0.001616135742304075,0.0016163136836848124,17.33466190370461
1790931900,0.0016163136836848124,0.0016171200623081507,0.0016163136836848124,0.0016171200623081507,17.839336014040416
1790932080,0.0016171200623081507,0.0016171200623081507,0.0016142057119449278,0.0016142057119449278,78.50252153608898
1790932320,0.0016142057119449278,0.0016698075420637656,0.0016142057119449278,0.0016698075420637656,423.2471877084415
1790932380,0.0016698075420637656,0.001673227769899736,0.0016383280300738873,0.001639253287967058,81.97505667444466
1790932440,0.001639253287967058,0.0016722114141204788,0.0016385718008226494,0.0016721602002027398,29.75035314766155
1790932500,0.0016721602002027398,0.0016721602002027398,0.0015877732880562345,0.0015959874502587711,1793.8035696095421
1790932560,0.0015959874502587711,0.0015986979862957673,0.001565629114922904,0.0015986979862957673,13.876872300461876
1790932680,0.0015986979862957673,0.0015986979862957673,0.0015533878329076643,0.0015746469566192017,475.67446056362866
1790932740,0.0015746469566192017,0.0016029905350725638,0.0015746469566192017,0.0016029905350725638,1212.537509407192
1790932860,0.0016029905350725638,0.0016029905350725638,0.0015891252372268406,0.0015891252372268406,54.37895772972685
1790932920,0.0015891252372268406,0.0015891252372268406,0.0015860340811815357,0.0015860340811815357,104.51809612494009
1790933040,0.0015860340811815357,0.0015860340811815357,0.001570447458132188,0.001570447458132188,412.08324124523716
1790933100,0.001570447458132188,0.001570447458132188,0.001557349111884311,0.001557349111884311,61.92497714353689
1790933160,0.001557349111884311,0.0015884095938396776,0.0015529735018032732,0.0015529735018032732,132.60441665262724
1790933220,0.0015529735018032732,0.0015529735018032732,0.001548691799615321,0.0015492459147430323,19.760325153738833
1790933280,0.0015492459147430323,0.0015492459147430323,0.0015469822293034438,0.0015469822293034438,1.5111482284174647
1790933340,0.0015469822293034438,0.0015478324940607802,0.001546524927626435,0.0015478324940607802,6.571535698487098
1790933460,0.0015478324940607802,0.001584349036470688,0.0015478324940607802,0.001584349036470688,26.124006270362848
1790933520,0.001584349036470688,0.0015862079373993225,0.0015511531540765473,0.0015511531540765473,130.33211991877116
1790933580,0.0015511531540765473,0.0015815767786402605,0.0015457712737697354,0.0015797177962496615,201.02501522647418
1790933640,0.0015797177962496615,0.0015797177962496615,0.0015406069031386647,0.0015406069031386647,285.7348826006903
1790933820,0.0015406069031386647,0.001563594004974087,0.0015299882020384445,0.0015607675669068314,69.46830593214783
1790933880,0.0015607675669068314,0.0015607675669068314,0.001529581392687072,0.001529581392687072,15.367715212271873
1790933940,0.001529581392687072,0.001529581392687072,0.0015290421528327627,0.0015290421528327627,33.47841307060393
1790934120,0.0015290421528327627,0.0015290421528327627,0.0015258360391883358,0.0015258360391883358,4.239227405208544
1790934180,0.0015258360391883358,0.0015258360391883358,0.0015219500691073728,0.0015219500691073728,156.2170845348594
1790934240,0.0015219500691073728,0.001528605027981572,0.0015064587606991495,0.001528605027981572,439.80005461828455
1790934300,0.001528605027981572,0.0015288628269373254,0.0014974662566285748,0.0014974662566285748,28.721270761196834
1790934360,0.0014974662566285748,0.0015308316297935273,0.0014974662566285748,0.0015308316297935273,44.06909065844689
1790934600,0.0015308316297935273,0.0015308316297935273,0.0014980244597032827,0.001528331885968824,61.022600157618946
1790934660,0.001528331885968824,0.001528331885968824,0.0014806272322008445,0.0014806272322008445,593.4598756439974
1790934720,0.0014806272322008445,0.0014974239957214685,0.001452555377566084,0.0014827070987175643,829.857404814217
1790934780,0.0014827070987175643,0.0014857677400776476,0.0014827070987175643,0.0014857677400776476,38.92848787903341
1790934840,0.0014857677400776476,0.0015079717577662435,0.0014857677400776476,0.0015079717577662435,812.5018982636459
1790934900,0.0015079717577662435,0.0015297906443058782,0.0015079717577662435,0.0015297906443058782,1.673308542570832
1790934960,0.0015297906443058782,0.0015357386512248525,0.0015289843622390985,0.0015357386512248525,151.82320580047642
1790935020,0.0015357386512248525,0.0015392801630243643,0.0015357386512248525,0.0015392801630243643,30.871818332682736
1790935080,0.0015392801630243643,0.0015428439651945039,0.0015083164781147507,0.0015428439651945039,150.08886772916654
1790935200,0.0015428439651945039,0.0015428439651945039,0.0015070816251802409,0.0015070816251802409,112.93869503870779
1790935260,0.0015070816251802409,0.001539296123722729,0.0015070816251802409,0.001539296123722729,14.474375273255566
1790935320,0.001539296123722729,0.0015403041459800173,0.001539296123722729,0.0015395817431974775,37.201476027208976
1790935380,0.0015395817431974775,0.0015442654516578153,0.0015395817431974775,0.0015442654516578153,116.29063644244553
1790935440,0.0015442654516578153,0.001550138445388648,0.0015442654516578153,0.001550138445388648,68.09720705919514
1790935500,0.001550138445388648,0.0015521204215378113,0.0015096280670517154,0.0015338858404672097,353.848198133105
1790935560,0.0015338858404672097,0.0015348740288446195,0.0015338858404672097,0.001534820263168637,28.232038172188638
1790935620,0.001534820263168637,0.0015372384710645895,0.0015339219125403347,0.0015372384710645895,35.02691737485143
1790935680,0.0015372384710645895,0.0015372384710645895,0.0014896310410313165,0.001504764713126655,635.8052536121767
1790935740,0.001504764713126655,0.001504764713126655,0.0014707281613912126,0.0014707281613912126,71.40462148814237
1790935800,0.0014707281613912126,0.0014707281613912126,0.001468059675999709,0.001468059675999709,20.38539360692385
1790935920,0.001468059675999709,0.001468059675999709,0.0014679598865825739,0.0014679598865825739,11.24016885156277
1790936040,0.0014679598865825739,0.0014988858698553717,0.0014669644072331704,0.0014965604370653835,44.153757188487056
1790936100,0.0014965604370653835,0.0014965604370653835,0.001444306688352015,0.0014758759387270258,466.862192222619
1790936160,0.0014758759387270258,0.0014777657874303883,0.0014758759387270258,0.0014777657874303883,19.700101819702393
1790936220,0.0014777657874303883,0.0014781943421395384,0.0014777657874303883,0.0014781943421395384,6.053497135864026
1790936280,0.0014781943421395384,0.0014794043925058214,0.0014470267696054721,0.0014794043925058214,18.92221981491908
1790936400,0.0014794043925058214,0.0014822305579955993,0.0014793063852300643,0.0014822305579955993,60.616331190787534
1790936460,0.0014822305579955993,0.0014965653361846114,0.0014805693003114454,0.0014965653361846114,585.5857050801354
1790936520,0.0014965653361846114,0.001514246820660981,0.0014965653361846114,0.0015142433388638087,47.70116335211404
1790936580,0.0015142433388638087,0.0015147216788725252,0.0015133009870620783,0.0015142297783930843,43.66301562219585
1790936640,0.0015142297783930843,0.0015149094648152055,0.0015139369448037058,0.0015145865917525626,42.82960226081692
1790936700,0.0015145865917525626,0.001518178339858762,0.0015145865917525626,0.001518178339858762,12.472193607396843
1790936760,0.001518178339858762,0.001519748599965164,0.001518178339858762,0.001519748599965164,25.85566258176488
1790936820,0.001519748599965164,0.0015210724280808434,0.001519748599965164,0.0015210724280808434,17.614610880061203
1790936880,0.0015210724280808434,0.0015210724280808434,0.001488801855387266,0.001520004971532187,119.45353258818506
1790936940,0.001520004971532187,0.001522259370514694,0.001520004971532187,0.001522259370514694,19.313337542324746
1790937000,0.001522259370514694,0.001526896840211399,0.0015220026629111593,0.001526896840211399,90.10723882093784
1790937060,0.001526896840211399,0.001527219797727295,0.0015259539978850862,0.0015259539978850862,16.7864639614087
1790937120,0.0015259539978850862,0.0015273971387681474,0.0014916088621798472,0.0014916088621798472,171.90182413215572
1790937240,0.0014916088621798472,0.0014916088621798472,0.0014880414728243438,0.0014880414728243438,27.434991312605206
1790937300,0.0014880414728243438,0.0014880414728243438,0.0014852593611873576,0.0014852593611873576,21.473290072283994
1790937360,0.0014852593611873576,0.001486058068409254,0.0014844599052848504,0.0014844599052848504,24.616492426919677
1790937480,0.0014844599052848504,0.0015145933944250406,0.0014844599052848504,0.0015145933944250406,7.5925701711634455
1790937540,0.0015145933944250406,0.0015168452380237593,0.0015145933944250406,0.0015164695734458593,20.952057186837205
1790937660,0.0015164695734458593,0.0015203692304139663,0.001482904568673739,0.0015203692304139663,309.9215773654205
1790937720,0.0015203692304139663,0.0015284453372102374,0.0015203692304139663,0.0015284453372102374,150.0895955349259
1790937780,0.0015284453372102374,0.0015284453372102374,0.0014930946704992958,0.0014930946704992958,150.1060199875833
1790937900,0.0014930946704992958,0.0015220026197445148,0.0014930946704992958,0.0015220026197445148,5.06555140267405
1790938020,0.0015220026197445148,0.0015234569893382622,0.0014879077295829413,0.0014959717647446027,259.20062180422946
1790938080,0.0014959717647446027,0.001527637333926284,0.0014959717647446027,0.001527637333926284,3.589285800304153
1790938140,0.001527637333926284,0.0015285055855249505,0.0014940320639600588,0.0014940320639600588,62.361336894780365
1790938200,0.0014940320639600588,0.0014940320639600588,0.001489774529011069,0.001489774529011069,72.82939482460219
1790938260,0.001489774529011069,0.001519503668042127,0.001489774529011069,0.001519503668042127,9.222458892340144
1790938320,0.001519503668042127,0.0015203822084855453,0.0015191120585756638,0.001519330370569655,29.31022442916379
1790938380,0.001519330370569655,0.0015212288005808125,0.001519330370569655,0.0015212288005808125,36.29055814474101
1790938560,0.0015212288005808125,0.0015212288005808125,0.0014921674954381152,0.0014921674954381152,42.00431748583241
1790938620,0.0014921674954381152,0.0014921674954381152,0.0014901816498970497,0.0014901816498970497,19.740568975137055
1790938680,0.0014901816498970497,0.0014901816498970497,0.001488191056126354,0.001488191056126354,4.3458517506232495
1790938860,0.001488191056126354,0.0014883612844607465,0.001488191056126354,0.0014883612844607465,29.671966061739834
1790938980,0.0014883612844607465,0.0014883612844607465,0.001486951998588808,0.001486951998588808,9.256154729489605
1790939040,0.001486951998588808,0.0015209831535349127,0.001486951998588808,0.0015209831535349127,9.801664852866491
1790939100,0.0015209831535349127,0.0015232091467278328,0.001490567790463123,0.0015227499764098272,54.800006223205585
1790939160,0.0015227499764098272,0.0015272861250510573,0.0015227499764098272,0.0015272244182586037,65.12002308815275
1790939220,0.0015272244182586037,0.0015296870891941979,0.001497798013657888,0.001497798013657888,43.06648138117519
1790939340,0.001497798013657888,0.0015418359962084242,0.001497798013657888,0.0015418359962084242,337.77993439470123
1790939700,0.0015418359962084242,0.0015418359962084242,0.001513191419921153,0.001513191419921153,66.33081544648232
1790939760,0.001513191419921153,0.001513191419921153,0.0015054235160552362,0.0015054235160552362,226.56776492810081
1790939820,0.0015054235160552362,0.001534288041448802,0.0015054235160552362,0.001534288041448802,100.06482332722508
1790939940,0.001534288041448802,0.0015404041242567934,0.0015088935270948668,0.0015088935270948668,250.97110613230677
1790940000,0.0015088935270948668,0.0015088935270948668,0.0015045425109039474,0.0015045425109039474,49.01679645358648
1790940120,0.0015045425109039474,0.0015339491281988564,0.0015045425109039474,0.0015339491281988564,1.7658137455539495
1790940180,0.0015339491281988564,0.0015375104482140496,0.0015339491281988564,0.0015375104482140496,94.78889755094572
1790940240,0.0015375104482140496,0.001539784108053308,0.0015375104482140496,0.001539784108053308,12.170841416360195
1790940300,0.001539784108053308,0.001539924215830905,0.001539784108053308,0.001539924215830905,1.2436490272384162
1790940360,0.001539924215830905,0.0015404069217298953,0.001539924215830905,0.0015404069217298953,16.572187765502672
1790940420,0.0015404069217298953,0.001540702698572469,0.001540155859206295,0.0015406598121848413,25.098768661719067
1790940480,0.0015406598121848413,0.001541307234769127,0.0015406598121848413,0.001541307234769127,6.286472496474196
1790940540,0.001541307234769127,0.0015436310642199698,0.0015105702057643877,0.0015436310642199698,49.56477080719537
1790940600,0.0015436310642199698,0.0015436310642199698,0.0015430007899477811,0.0015430007899477811,10.759321224825248
1790940660,0.0015430007899477811,0.0015572442070932513,0.0015111922084588912,0.001528926059438161,340.82509796503064
1790940720,0.001528926059438161,0.001528926059438161,0.0015272128104134985,0.0015272128104134985,34.69697894796471
1790941080,0.0015272128104134985,0.0015841351157505376,0.0015272128104134985,0.001548161354292485,832.2959215838347
1790941380,0.001548161354292485,0.0015786433056011353,0.001546032245653731,0.0015778731632310253,22.425190022163534
1790941440,0.0015778731632310253,0.001579796937385157,0.0015775426798971292,0.001579796937385157,35.44163973845592
1790941500,0.001579796937385157,0.0015811566397735493,0.001579796937385157,0.0015811566397735493,11.824337483135695
1790941560,0.0015811566397735493,0.0015835851923072597,0.0015811566397735493,0.0015835851923072597,47.55798102889855
1790941620,0.0015835851923072597,0.0015835851923072597,0.0015832004068851158,0.0015833971920054747,30.01112734362231
1790941680,0.0015833971920054747,0.0015868978553767335,0.0015833971920054747,0.0015868978553767335,30.627339578899015
1790941740,0.0015868978553767335,0.0015868978553767335,0.0015515077979228152,0.0015843595539860261,74.73347435310998
1790941800,0.0015843595539860261,0.0015873598394468913,0.0015843595539860261,0.0015873598394468913,27.40808783830696
1790941860,0.0015873598394468913,0.0015892386572161864,0.0015872900259427314,0.0015892386572161864,21.593513930402036
1790941920,0.0015892386572161864,0.0015921554087307479,0.001588588785127203,0.0015921554087307479,46.963663088571046
1790941980,0.0015921554087307479,0.001593360904791912,0.0015551086272697408,0.0015551086272697408,80.01651216605642
1790942040,0.0015551086272697408,0.0015551086272697408,0.0015454943438756752,0.0015454943438756752,383.4575937185456
1790942220,0.0015454943438756752,0.0015454943438756752,0.0015282966859182369,0.0015282966859182369,81.57096568713018
1790942400,0.0015282966859182369,0.0015282966859182369,0.0015234007654846926,0.0015234007654846926,175.86665323148947
1790942460,0.0015234007654846926,0.0015234007654846926,0.0015135566834161708,0.0015135566834161708,107.4760696864259
1790942640,0.0015135566834161708,0.001547044917474637,0.0015135566834161708,0.001547044917474637,120.41976613016966
1790942700,0.001547044917474637,0.001551554470144599,0.001547044917474637,0.001551554470144599,12.54566964816022
1790942820,0.001551554470144599,0.0015528145892327845,0.001551554470144599,0.0015528145892327845,49.99673872583951
1790942880,0.0015528145892327845,0.0015534966065913227,0.0015528145892327845,0.0015534966065913227,5.885455744762283
1790943060,0.0015534966065913227,0.001555363044909087,0.0015534966065913227,0.001555363044909087,12.298756370316944
1790943120,0.001555363044909087,0.0015584671043409708,0.0015202402318596853,0.0015584671043409708,355.3666090475744
1790943180,0.0015584671043409708,0.0015622595525248966,0.0015584671043409708,0.0015622595525248966,25.91908810230625
1790943240,0.0015622595525248966,0.0015635682670187636,0.0015622595525248966,0.0015635682670187636,5.601267214260968
1790943360,0.0015635682670187636,0.0015635682670187636,0.0015312262237811801,0.0015312262237811801,9.973375907511869
1790943420,0.0015312262237811801,0.0015312262237811801,0.0015279244211475285,0.0015279244211475285,58.61191492521643
1790943480,0.0015279244211475285,0.0015288174862085108,0.0015174530578766284,0.0015174530578766284,223.52601421192543
1790943540,0.0015174530578766284,0.0015544732521587813,0.0015174530578766284,0.001525826077691972,200.73758613821838
1790943600,0.001525826077691972,0.001525826077691972,0.001523884282840798,0.001523884282840798,52.503247656807744
1790943720,0.001523884282840798,0.0015586611881595826,0.001523884282840798,0.0015586611881595826,32.945944506016374
1790943780,0.0015586611881595826,0.0015605073239407096,0.00152525419230401,0.0015605073239407096,79.26764348878793
1790943900,0.0015605073239407096,0.0015605073239407096,0.0015590952601581105,0.0015590952601581105,9.931269397794509
1790944020,0.0015590952601581105,0.0015590952601581105,0.0015252778123994652,0.0015252778123994652,142.39408512861485
1790944140,0.0015252778123994652,0.0015252778123994652,0.0015228483237859733,0.0015228483237859733,5.365493344021361
1790944200,0.0015228483237859733,0.0015260368827400028,0.0015228483237859733,0.0015260368827400028,24.52114394507224
1790944260,0.0015260368827400028,0.0015764628612691528,0.0015260368827400028,0.0015764628612691528,480.06409626585867
1790944380,0.0015764628612691528,0.0015764628612691528,0.0015453804770785625,0.0015453804770785625,219.81491905965473
1790944440,0.0015453804770785625,0.0015741899114290997,0.0015453804770785625,0.0015741899114290997,188.9322041049928
1790944620,0.0015741899114290997,0.0015832563920900515,0.0015741899114290997,0.0015832563920900515,1.159232881372266
1790944800,0.0015832563920900515,0.0015832563920900515,0.0015434835853488209,0.0015434835853488209,116.92146823096576
1790944860,0.0015434835853488209,0.001578577587396301,0.0015434835853488209,0.001578577587396301,136.0513628491049
1790944980,0.001578577587396301,0.001587306843866612,0.0015520688669670528,0.001587306843866612,349.85425535506187
1790945040,0.001587306843866612,0.001587306843866612,0.0015829953697423468,0.0015829953697423468,1.8985444460280567
1790945100,0.0015829953697423468,0.0015846637307705832,0.0015823009884953602,0.0015846637307705832,5.379848878042598
1790945160,0.0015846637307705832,0.0015846637307705832,0.0015533829129656543,0.0015533829129656543,18.87701794913437
1790945220,0.0015533829129656543,0.0015868712905014353,0.0015533829129656543,0.0015868712905014353,5.918248363987658
1790945280,0.0015868712905014353,0.0015868712905014353,0.0015267337869835724,0.0015267337869835724,719.5722915536303
1790945400,0.0015267337869835724,0.0015267337869835724,0.0015050551429825869,0.0015050551429825869,464.22841357550163
1790945460,0.0015050551429825869,0.0015050551429825869,0.001488628499737398,0.001488628499737398,49.519110151744115
1790945520,0.001488628499737398,0.001515996363878719,0.0014767115797362368,0.0015050399594758437,1218.4678905785977
1790945640,0.0015050399594758437,0.001505249171882143,0.0015048132062663983,0.0015048683721814219,16.40689026713106
1790945700,0.0015048683721814219,0.001505365626532925,0.001500646131271562,0.001500646131271562,138.29983686773176
1790945760,0.001500646131271562,0.001500646131271562,0.0014991217338123793,0.0014991217338123793,1.18028795080066
1790945820,0.0014991217338123793,0.0014992983023918885,0.001498984900286111,0.001498984900286111,0.34056251137191335
1790945880,0.001498984900286111,0.001498984900286111,0.0014967565701468333,0.0014967565701468333,66.34148716213555
1790946000,0.0014967565701468333,0.0014967565701468333,0.0014912830146184464,0.0014912830146184464,72.7356842765559
1790946120,0.0014912830146184464,0.0015246158539926379,0.0014912830146184464,0.0015246158539926379,9.80216296948263
1790946240,0.0015246158539926379,0.001535273065872398,0.001503709890871144,0.001503709890871144,167.09647847924666
1790946300,0.001503709890871144,0.0015342129278784265,0.0015017116344412792,0.001534103517947085,47.84510648845545
1790946420,0.001534103517947085,0.001534103517947085,0.0014882915704903356,0.0014882915704903356,290.06371697580596
1790946480,0.0014882915704903356,0.001523221589215514,0.0014800510487530288,0.0014800510487530288,569.546122577659
1790946540,0.0014800510487530288,0.0014800510487530288,0.0014690415401348719,0.0014690415401348719,1.2637455410333034
1790946600,0.0014690415401348719,0.001469485672198884,0.0014690415401348719,0.001469485672198884,2.769637550876147
1790946660,0.001469485672198884,0.001469485672198884,0.0014569639319502743,0.0014569639319502743,238.00479766928134
1790946720,0.0014569639319502743,0.0014569639319502743,0.0014546641035159268,0.0014546641035159268,28.01445887237257
1790946840,0.0014546641035159268,0.001490842754247195,0.0014427712689025682,0.0014520221267104972,1208.1999906534659
1790946900,0.0014520221267104972,0.0014736578540253192,0.0014520221267104972,0.0014736578540253192,503.6085993622193
1790947020,0.0014736578540253192,0.0015010052204268085,0.0014736578540253192,0.0014887055823055116,777.3581108577536
1790947080,0.0014887055823055116,0.0014887055823055116,0.0014883643386166454,0.0014883643386166454,2.289774037861468
1790947140,0.0014883643386166454,0.0014883643386166454,0.00148721803677834,0.00148721803677834,97.17767132878456
1790947260,0.00148721803677834,0.0015159699582623324,0.001483481470137815,0.0015159699582623324,44.632251150099634
1790947320,0.0015159699582623324,0.0015187911442397157,0.0015159699582623324,0.0015187911442397157,64.86989882801512
1790947380,0.0015187911442397157,0.0015194310129470207,0.0015187911442397157,0.0015194310129470207,7.160189022814259
1790947440,0.0015194310129470207,0.0015194310129470207,0.0014358428957736383,0.0014361023648839556,1014.0933437925235
1790947500,0.0014361023648839556,0.0014662611200803451,0.0014361023648839556,0.0014662611200803451,22.801221366938837
1790947560,0.0014662611200803451,0.001467509749897919,0.0014662611200803451,0.0014664374046181295,27.201323949286234
1790947620,0.0014664374046181295,0.0014664989342647713,0.0014664374046181295,0.0014664989342647713,6.016636940508494
1790947680,0.0014664989342647713,0.0014704407696438863,0.001435680912433309,0.0014704407696438863,356.6181453915616
1790947740,0.0014704407696438863,0.0014704407696438863,0.0014304277360760842,0.0014304277360760842,615.1684955032018
1790947800,0.0014304277360760842,0.0014575281326588813,0.0014127903993747207,0.0014575281326588813,678.1302171104082
1790947860,0.0014575281326588813,0.001478601854246753,0.0014445862365587033,0.0014483413908939673,72.28334367086407
1790947920,0.0014483413908939673,0.0014483413908939673,0.0014150827898475413,0.001429668497736193,1491.6833122628495
1790948040,0.001429668497736193,0.001433054734275513,0.001429668497736193,0.001433054734275513,9.931597913696919
1790948100,0.001433054734275513,0.001437416008899416,0.001433054734275513,0.001437416008899416,42.06496446367885
1790948160,0.001437416008899416,0.0014382971128667872,0.001437416008899416,0.0014382971128667872,49.67348299208513
1790948220,0.0014382971128667872,0.0014425281940495924,0.0014382971128667872,0.0014425281940495924,16.372816714336718
1790948340,0.0014425281940495924,0.0014425281940495924,0.0014115615224652238,0.0014115615224652238,19.385860207802097
1790948400,0.0014115615224652238,0.001432578406357312,0.0014048391333102569,0.001432578406357312,177.2670883653409
1790948460,0.001432578406357312,0.001432578406357312,0.0013954615276617107,0.0014269511729026526,518.0110231314637
1790948520,0.0014269511729026526,0.00143916568723819,0.0014269511729026526,0.00143916568723819,502.9704878674955
1790948580,0.00143916568723819,0.001452840640660972,0.00143916568723819,0.001452840640660972,2.9977010112520004
1790948700,0.001452840640660972,0.001452840640660972,0.001422832888133594,0.001422832888133594,8.826064752280484
1790948760,0.001422832888133594,0.0014271511366000323,0.0014041224992971152,0.0014271511366000323,481.2534836088587
1790948820,0.0014271511366000323,0.0014292072399536256,0.0014271511366000323,0.0014292072399536256,21.98212743123163
1790948880,0.0014292072399536256,0.0014292072399536256,0.0014289843109103692,0.0014289843109103692,99.50887705655369
1790948940,0.0014289843109103692,0.0014289843109103692,0.001377960914837395,0.0013911217599044108,924.1166141115856
1790949000,0.0013911217599044108,0.0013929285126040726,0.0013911217599044108,0.0013929285126040726,53.52765824653741
1790949060,0.0013929285126040726,0.001397952022699111,0.0013929285126040726,0.001397952022699111,155.86553963623055
1790949120,0.001397952022699111,0.0014069914223530234,0.001397952022699111,0.0014069914223530234,270.88378004271937
1790949180,0.0014069914223530234,0.0014144051659190145,0.0013849058360415813,0.0013849058360415813,20.849554816255594
1790949240,0.0013849058360415813,0.0014145405147101993,0.0013849058360415813,0.0014145405147101993,24.478195748161436
1790949300,0.0014145405147101993,0.0014145405147101993,0.0013830194230985153,0.0013830194230985153,32.036769522123805
1790949360,0.0013830194230985153,0.0013830194230985153,0.001379752176375796,0.001379752176375796,35.274085482028404
1790949420,0.001379752176375796,0.0014128008901191137,0.0013685825351057764,0.0013747780917986439,517.5295252270133
1790949540,0.0013747780917986439,0.0014044753659106265,0.0013747780917986439,0.0014044753659106265,275.16639030550357
1790949600,0.0014044753659106265,0.001405814300000388,0.001377757914765726,0.001405814300000388,125.7694920284545
1790949660,0.001405814300000388,0.001405814300000388,0.001375665622779334,0.0013766015883528045,13.52842926610933
1790949720,0.0013766015883528045,0.0013774906511110523,0.0013766015883528045,0.0013774906511110523,11.099024018410342
1790949780,0.0013774906511110523,0.0014120852448875811,0.0013753408672877545,0.001380194829979543,896.1480450009059
1790949840,0.001380194829979543,0.0014091996940915944,0.0013772807489692593,0.0014091996940915944,346.10818651479644
1790949960,0.0014091996940915944,0.0014091996940915944,0.0013743831453486167,0.0013743831453486167,414.48117273518426
1790950020,0.0013743831453486167,0.0013743831453486167,0.0013592893702682705,0.0013592893702682705,86.59940985799088
1790950080,0.0013592893702682705,0.0013592893702682705,0.0013144977857690765,0.001332553231694069,1155.3900262455952
1790950140,0.001332553231694069,0.0013484212867022588,0.001332553231694069,0.0013484212867022588,245.88943486731543
1790950200,0.0013484212867022588,0.0013484212867022588,0.001301894394824525,0.0013435033617163156,1394.178259916274
1790950260,0.0013435033617163156,0.0013588524240534352,0.001328819747644096,0.0013529818154751378,388.664557058771
1790950320,0.0013529818154751378,0.0013571955319743754,0.0013529818154751378,0.0013571955319743754,98.96156967538305
1790950440,0.0013571955319743754,0.0013571955319743754,0.0013293914234400732,0.0013293914234400732,129.730285954552
1790950500,0.0013293914234400732,0.0013527384393915284,0.001290635380156671,0.0012911397882144455,1303.8407652547114
1790950560,0.0012911397882144455,0.0012962665638943489,0.0012911397882144455,0.0012962665638943489,55.52049813042896
1790950620,0.0012962665638943489,0.0012976790855736985,0.0012695394750159303,0.0012976790855736985,57.25930395968495
1790950680,0.0012976790855736985,0.0012998808459213729,0.0012976790855736985,0.0012998808459213729,3.677933858475637
1790950740,0.0012998808459213729,0.0012998808459213729,0.0012728329163389496,0.0012728329163389496,17.00724098676103
1790950860,0.0012728329163389496,0.0012733087444104082,0.001272255819682824,0.001272872951210017,36.70694516461379
1790950920,0.001272872951210017,0.0012997243095053434,0.0012690058145880527,0.0012690058145880527,137.65194506113153
1790950980,0.0012690058145880527,0.001307706542479547,0.0012651593679448565,0.001307706542479547,494.6567016662556
1790951040,0.001307706542479547,0.0013446641769694287,0.0012825604454667805,0.0013257372274613317,1349.531554644771
1790951100,0.0013257372274613317,0.0013396707445989052,0.0013111811566120907,0.0013396707445989052,368.3590657425827
1790951160,0.0013396707445989052,0.0013396707445989052,0.001290838341108853,0.00129486859439531,437.83155500830975
1790951220,0.00129486859439531,0.001304931820633535,0.0012772870009591306,0.0013036270608118706,317.89006071058117
1790951280,0.0013036270608118706,0.0013241965126387742,0.0013036270608118706,0.0013241965126387742,525.0931851172029
1790951340,0.0013241965126387742,0.0013241965126387742,0.0012836288604332487,0.0013047511199099934,492.14706253860396
1790951400,0.0013047511199099934,0.0013167924998964005,0.0012851561845815254,0.0013167924998964005,380.10443456783224
1790951460,0.0013167924998964005,0.0013167924998964005,0.001264411085813223,0.0012922529750974856,1638.7394908952647
1790951520,0.0012922529750974856,0.0012922529750974856,0.0012455470128776285,0.0012808149854027166,1088.0973741523621
1790951580,0.0012808149854027166,0.0012881064633450368,0.0012808149854027166,0.0012881064633450368,140.8412393170075
1790951640,0.0012881064633450368,0.0012881064633450368,0.0012612981562424718,0.0012874678787292801,54.40789997913577
1790951700,0.0012874678787292801,0.0012874678787292801,0.0012600819125258688,0.0012852673011857071,117.00194979028488
1790952000,0.0012852673011857071,0.001285650673443698,0.0012852673011857071,0.001285650673443698,4.258737681801285
1790952180,0.001285650673443698,0.001285650673443698,0.0012381849195837271,0.0012708825868350021,662.5521312395464
1790952240,0.0012708825868350021,0.0012831803748480876,0.0012525374808999398,0.0012525374808999398,814.6012377318124
1790952300,0.0012525374808999398,0.0012909207496182872,0.0012525374808999398,0.0012909207496182872,353.4176148842513
1790952360,0.0012909207496182872,0.0012909207496182872,0.001254999149022874,0.0012666618034302816,814.8148266620456
1790952540,0.0012666618034302816,0.001311631471439341,0.001264846726258941,0.0012958015878541803,699.750680603232
1790952600,0.0012958015878541803,0.0012958015878541803,0.0012939138408376311,0.0012939138408376311,2.951579537540943
1790952660,0.0012939138408376311,0.0012939138408376311,0.0012933076905300544,0.0012933076905300544,0.2796029223748426
1790952720,0.0012933076905300544,0.0012933076905300544,0.0012918081163475668,0.0012918081163475668,1.51049171251638
1790952780,0.0012918081163475668,0.0012918081163475668,0.0012809247593508041,0.0012809247593508041,369.00830885831283
1790952840,0.0012809247593508041,0.0013002812288700873,0.0012809247593508041,0.0013002812288700873,82.31484441402074
1790952900,0.0013002812288700873,0.0013002812288700873,0.0012650586682076842,0.001289361021672126,147.78737441595683
1790952960,0.001289361021672126,0.0012910212115111665,0.001289361021672126,0.0012910212115111665,5.281419937580188
1790953020,0.0012910212115111665,0.0012910212115111665,0.00126434957184692,0.00126434957184692,75.92664227588672
1790953080,0.00126434957184692,0.00126434957184692,0.001262857587566915,0.001262857587566915,6.614944810138149
1790953140,0.001262857587566915,0.001262857587566915,0.0012618143946777204,0.0012623597511320353,10.498780396253185
1790953200,0.0012623597511320353,0.0012623597511320353,0.0012400260467021502,0.0012400260467021502,892.7138664948343
1790953260,0.0012400260467021502,0.00128196220268672,0.0012400260467021502,0.0012814362893189496,324.2163009800867
1790953320,0.0012814362893189496,0.0012814362893189496,0.001253087120569057,0.0012773135260319363,224.9539114258511
1790953440,0.0012773135260319363,0.0012798889641611887,0.0012523028660683469,0.0012798889641611887,106.89344541262523
1790953500,0.0012798889641611887,0.0012938935243600764,0.0012798889641611887,0.0012938935243600764,445.68174175135346
1790953560,0.0012938935243600764,0.0013025190764275102,0.0012680671679314755,0.0013025190764275102,329.62979634854474
1790953620,0.0013025190764275102,0.0013025190764275102,0.0012524064978939417,0.0012734742425238854,814.7106331617199
1790953680,0.0012734742425238854,0.0012858090076923677,0.0012492046013880926,0.0012781859627810106,493.6628972160438
1790953740,0.0012781859627810106,0.0012800774929329704,0.0012314297071684586,0.001264615123458043,569.6928620604658
1790953800,0.001264615123458043,0.0012652440981934662,0.0012339196421897111,0.0012652440981934662,257.95448355333576
1790953860,0.0012652440981934662,0.0012652440981934662,0.0012378219309072604,0.0012642669888721504,147.93407798262558
1790953920,0.0012642669888721504,0.0012678601479927344,0.0012372189702377176,0.0012644662576201263,146.21242245648
1790953980,0.0012644662576201263,0.0012734502896939426,0.0012644662576201263,0.0012734502896939426,416.2665809938885
1790954100,0.0012734502896939426,0.0012890918569279514,0.0012653832465149178,0.0012653832465149178,104.58070309134555
1790954160,0.0012653832465149178,0.001289438893084711,0.0012653832465149178,0.001289438893084711,4.7697992184171545
1790954220,0.001289438893084711,0.0013031761961653163,0.001289438893084711,0.0013031761961653163,336.67872822902115
1790954280,0.0013031761961653163,0.0013031761961653163,0.0012779991053035772,0.001278906465588947,23.67565257862411
1790954340,0.001278906465588947,0.0012926327826261552,0.0012724123420926122,0.0012926327826261552,273.80358875757736
1790954400,0.0012926327826261552,0.0012926327826261552,0.0012639677006856943,0.0012639677006856943,53.57977664669429
1790954460,0.0012639677006856943,0.0012905695398834948,0.0012639677006856943,0.0012905695398834948,2.5762884341436814
1790954640,0.0012905695398834948,0.0012905695398834948,0.0012592060757719433,0.0012592060757719433,39.75772933913479
1790954700,0.0012592060757719433,0.0012592060757719433,0.0012590196473531926,0.0012590196473531926,8.743887921835853
1790954760,0.0012590196473531926,0.001260522064940809,0.0010407087951181805,0.00122392130261136,9749.386285765777
1790954820,0.00122392130261136,0.001230178357805934,0.0011870077109043444,0.001230178357805934,1300.2165925978934
1790954880,0.001230178357805934,0.001261029762833443,0.001230178357805934,0.001261029762833443,510.4617621908823
1790954940,0.001261029762833443,0.001261029762833443,0.0012327407849399596,0.0012327407849399596,0.0005351081199267377
1790955000,0.0012327407849399596,0.0012742414011739315,0.0012327407849399596,0.0012742414011739315,621.7208531280373
1790955060,0.0012742414011739315,0.0012742414011739315,0.0012620710402008514,0.0012620710402008514,0.012118729218194867
1790955120,0.0012620710402008514,0.0012988878518891112,0.0012620710402008514,0.0012988878518891112,431.3588830165318
1790955420,0.0012988878518891112,0.0013116621414765127,0.001282843180851683,0.0013116621414765127,121.52259628181831
1790955480,0.0013116621414765127,0.0013195820540344632,0.0013116621414765127,0.0013195820540344632,147.5105388787996
1790955660,0.0013195820540344632,0.00132347428583165,0.0012970828121333941,0.0012970828121333941,130.17331475070728
1790955780,0.0012970828121333941,0.001331962689893752,0.0012970828121333941,0.0013031141695351589,163.85311657013904
1790955840,0.0013031141695351589,0.0013305211738095725,0.0013031141695351589,0.0013305211738095725,93.75405684011197
1790955900,0.0013305211738095725,0.0013345573109026273,0.0013060380836494153,0.0013060380836494153,52.94108845825552
1790955960,0.0013060380836494153,0.001334754075050854,0.0013060380836494153,0.001334754075050854,17.507713757685007
1790956080,0.001334754075050854,0.001334754075050854,0.001303818535158594,0.001303818535158594,191.33932532450834
1790956140,0.001303818535158594,0.001326771252781169,0.0012978576382597763,0.001326771252781169,6.3016481144041725
1790956200,0.001326771252781169,0.0013278010013713264,0.001326771252781169,0.0013278010013713264,11.111210319414427
1790956260,0.0013278010013713264,0.0013299237498566006,0.0013275751578563505,0.0013299237498566006,41.629683162794606
1790956320,0.0013299237498566006,0.0013299237498566006,0.0012891671651052005,0.0013107383013525097,639.0121776520091
1790956380,0.0013107383013525097,0.0013146600609145326,0.001310495765554516,0.0013146600609145326,114.97231774720944
1790956500,0.0013146600609145326,0.0013146600609145326,0.0012855540616640605,0.0013130097300267153,32.5241846497972
1790956560,0.0013130097300267153,0.0013130097300267153,0.001280258135715094,0.001280258135715094,198.8992810075564
1790956620,0.001280258135715094,0.001280258135715094,0.0012759951204315305,0.0012759951204315305,1.2635244526329585
1790956800,0.0012759951204315305,0.0013044086800786873,0.0012739332887359298,0.0012739332887359298,110.1372820892603
1790956860,0.0012739332887359298,0.001300420619603674,0.0012715756755485223,0.001300420619603674,22.325687736610206
1790956920,0.001300420619603674,0.001300420619603674,0.0012733640115218888,0.0012733640115218888,83.98990903134678
1790956980,0.0012733640115218888,0.0012733640115218888,0.00126735307093468,0.00126735307093468,160.60175121892536
1790957040,0.00126735307093468,0.00126735307093468,0.0012601906499386092,0.0012601906499386092,82.68383574683652
1790957100,0.0012601906499386092,0.0012601906499386092,0.001257592903737221,0.001257592903737221,96.08095861127461
1790957220,0.001257592903737221,0.001257592903737221,0.0012527698106606256,0.0012527698106606256,31.521098834540656
1790957280,0.0012527698106606256,0.0012527698106606256,0.0012504567621960021,0.0012504567621960021,3.9458586396001256
1790957340,0.0012504567621960021,0.0012506853784935595,0.0012502931474051265,0.0012502931474051265,12.309145383934037
1790957400,0.0012502931474051265,0.0012579416751230337,0.0012454970349871036,0.0012575821000428914,122.44850483570802
1790957460,0.0012575821000428914,0.0012579768011633367,0.0012531565909932483,0.0012531565909932483,193.6705136911774
1790957520,0.0012531565909932483,0.0012531565909932483,0.0012461640988055758,0.0012461640988055758,49.706554361693634
1790957580,0.0012461640988055758,0.0012461640988055758,0.0012450955904821604,0.0012450955904821604,38.04415390164533
1790957640,0.0012450955904821604,0.0012450955904821604,0.0012447107866114264,0.0012447107866114264,12.74646112769556
1790957880,0.0012447107866114264,0.0012776517196549822,0.0012447107866114264,0.001267992871879848,338.13941028661213
1790957940,0.001267992871879848,0.0012688435346559393,0.001267992871879848,0.0012688435346559393,32.71881651948775
1790958180,0.0012688435346559393,0.0012688435346559393,0.00123567542611536,0.00123567542611536,72.83898373942267
1790958240,0.00123567542611536,0.00123567542611536,0.0012345996174606543,0.0012345996174606543,38.01572083138073
1790958300,0.0012345996174606543,0.0012525358810426734,0.0012277724019255172,0.0012525358810426734,173.85648565792334
1790958360,0.0012525358810426734,0.0012551278451231054,0.0012525358810426734,0.0012551278451231054,131.29877639955112
1790958420,0.0012551278451231054,0.001260498827086899,0.0012551278451231054,0.001260498827086899,52.02596608565723
1790958480,0.001260498827086899,0.0012756659283207313,0.0012329578343851849,0.0012756659283207313,193.62220425232186
1790958540,0.0012756659283207313,0.0012756659283207313,0.0012490873624945403,0.0012490873624945403,6.284654470847311
1790958600,0.0012490873624945403,0.0012490873624945403,0.0012471369672604883,0.0012471369672604883,62.045064121209286
1790958720,0.0012471369672604883,0.0012471369672604883,0.0012294593398075925,0.0012294593398075925,524.4332814569486
1790958780,0.0012294593398075925,0.0012294593398075925,0.0012108987471303547,0.0012108987471303547,175.02400237157116
1790958840,0.0012108987471303547,0.0012108987471303547,0.001207495026305203,0.001207495026305203,92.38577097125277
1790958900,0.001207495026305203,0.0012325902957847263,0.0012004460133760973,0.0012193815622032335,351.5597774315718
1790958960,0.0012193815622032335,0.001224140119489701,0.0012193815622032335,0.001224140119489701,80.7041499234102
1790959020,0.001224140119489701,0.0012422003269760664,0.001224140119489701,0.0012301747967788275,1028.1301225017205
1790959080,0.0012301747967788275,0.0012455032015831773,0.0012184248462435727,0.0012455032015831773,162.86063225197822
1790959140,0.0012455032015831773,0.0012455032015831773,0.0012198304999282905,0.0012198304999282905,34.095201400928126
1790959200,0.0012198304999282905,0.0012198304999282905,0.0012174842724595209,0.0012174842724595209,27.798252539305274
1790959380,0.0012174842724595209,0.0012174842724595209,0.0012129125070630517,0.0012129125070630517,127.82237491560595
1790959440,0.0012129125070630517,0.0012131722609269077,0.0012065337785361113,0.0012131722609269077,278.22272733776146
1790959560,0.0012131722609269077,0.0012272769454778737,0.0012131722609269077,0.0012272769454778737,0.01890643330042934
1790959680,0.0012272769454778737,0.0012272769454778737,0.0012012058627028208,0.0012012058627028208,6.020252483424461
1790959800,0.0012012058627028208,0.0012286527611229082,0.0012012058627028208,0.0012286527611229082,29.70282069434096
1790959860,0.0012286527611229082,0.0012286527611229082,0.0011998786900499763,0.0011998786900499763,85.83706016219034
1790960040,0.0011998786900499763,0.0011998786900499763,0.0011977113435449503,0.0011977113435449503,23.47826572512272
1790960100,0.0011977113435449503,0.0011977113435449503,0.0011961221595170968,0.001196320735381593,28.33909376690128
1790960160,0.001196320735381593,0.001196320735381593,0.001193865673198526,0.001193865673198526,32.38394021833756
1790960220,0.001193865673198526,0.001193865673198526,0.0011930079194558303,0.0011930079194558303,29.652226663584077
1790960280,0.0011930079194558303,0.001193090495930481,0.0011930079194558303,0.001193090495930481,5.857666375619936
1790960340,0.001193090495930481,0.001193090495930481,0.0011887369870870147,0.0011887369870870147,94.62309447026114
1790960400,0.0011887369870870147,0.0011899761692501488,0.0011666340355666188,0.0011876760343812126,684.6952502964712
1790960460,0.0011876760343812126,0.0011902860023550487,0.0011876760343812126,0.0011902860023550487,5.9363093135283505
1790960520,0.0011902860023550487,0.0012033605969286442,0.001189340816886284,0.001189340816886284,479.08417849685145
1790960640,0.001189340816886284,0.001189340816886284,0.0011506606176471567,0.0011884721382247273,1065.107272402487
1790960700,0.0011884721382247273,0.0011884721382247273,0.001161246884738184,0.001161246884738184,41.23278583602696
1790960820,0.001161246884738184,0.001187666651858795,0.0011423838618580132,0.0011424572536246546,1447.685639779163
1790960880,0.0011424572536246546,0.0011424572536246546,0.0011097224139174076,0.0011243073572017902,467.2517889992482
1790960940,0.0011243073572017902,0.001127807834290177,0.0011044783574932389,0.001127807834290177,76.50015958966384
1790961000,0.001127807834290177,0.001127807834290177,0.0011026638757888662,0.0011235495282578075,132.61919675267563
1790961060,0.0011235495282578075,0.0011235495282578075,0.0010994648662642074,0.001122691419436932,38.58117114829789
1790961120,0.001122691419436932,0.001122691419436932,0.0011007787040041015,0.0011007787040041015,6.02730213872954
1790961180,0.0011007787040041015,0.0011007787040041015,0.0010997294418316297,0.0010997294418316297,14.268226185559818
1790961240,0.0010997294418316297,0.001123816112517279,0.0010987474657733452,0.001123816112517279,112.37133678528106
1790961300,0.001123816112517279,0.001123816112517279,0.0010655629787137547,0.0010820397042400043,1103.416124148068
1790961360,0.0010820397042400043,0.0010820397042400043,0.0010527743614894556,0.0010527743614894556,286.15516092645197
1790961420,0.0010527743614894556,0.0010731858160279069,0.0010461708956229594,0.001063065715005102,203.7366480941432
1790961480,0.001063065715005102,0.001080074363514535,0.001063065715005102,0.0010690126799287726,833.8883759354616
1790961540,0.0010690126799287726,0.0010924049667228022,0.0010690126799287726,0.001070826598664565,47.96625065932079
1790961600,0.001070826598664565,0.001093865758662701,0.001070826598664565,0.001093865758662701,79.29565566086983
1790961660,0.001093865758662701,0.0010972766873498581,0.0010765806798746533,0.0010765806798746533,93.41218552587969
1790961720,0.0010765806798746533,0.0010998013044036174,0.001076216846113253,0.0010998013044036174,15.257032287527368
1790961780,0.0010998013044036174,0.0010998013044036174,0.0010676749167612529,0.0010913003955000215,231.0484116202336
1790961840,0.0010913003955000215,0.0010961154334478774,0.0010913003955000215,0.0010961154334478774,200.9790350784455
1790961960,0.0010961154334478774,0.0011012129913616662,0.0010961154334478774,0.0011012129913616662,9.630945478374377
1790962020,0.0011012129913616662,0.0011012129913616662,0.0010744241837178858,0.0010744241837178858,72.90792844280973
1790962140,0.0010744241837178858,0.0010749280384926003,0.0010744241837178858,0.0010749280384926003,1.6294286158693865
1790962200,0.0010749280384926003,0.00111568768535819,0.0010749280384926003,0.00111568768535819,386.6591430565945
1790962260,0.00111568768535819,0.0011249117676810814,0.001106573025463762,0.001106573025463762,478.37102803374484
1790962380,0.001106573025463762,0.0011480461336606587,0.001106573025463762,0.0011480461336606587,464.0730102720037
1790962440,0.0011480461336606587,0.001150004383428294,0.0011480461336606587,0.001150004383428294,10.823769485053532
1790962500,0.001150004383428294,0.001150004383428294,0.0011250237484470456,0.0011496865979392916,13.427854034048774
1790962620,0.0011496865979392916,0.0011496865979392916,0.0011210948333520382,0.0011210948333520382,160.36112651971507
1790962800,0.0011210948333520382,0.0011383617094552756,0.0011210948333520382,0.0011383617094552756,1.8986315522632693
1790962860,0.0011383617094552756,0.0011383617094552756,0.0011028742026124928,0.0011028742026124928,487.2030855137901
1790962980,0.0011028742026124928,0.0011154573979757138,0.0011028742026124928,0.0011154573979757138,2.362061644280609
1790963040,0.0011154573979757138,0.0011154573979757138,0.001086100322383833,0.0010870896208186912,130.78596836571376
1790963400,0.0010870896208186912,0.0010888008252383716,0.0010870896208186912,0.0010888008252383716,24.778165923742783
1790963520,0.0010888008252383716,0.0011124375333583308,0.0010888008252383716,0.0011124375333583308,53.502173263326505
1790963820,0.0011124375333583308,0.0011137919385985052,0.0011124375333583308,0.0011137919385985052,11.01347370826303
1790963880,0.0011137919385985052,0.0011159012632316796,0.0011137919385985052,0.001113924024902713,0.2697631902455801
1790963940,0.001113924024902713,0.001113924024902713,0.0010871406616980407,0.0010871406616980407,191.14637852132287
1790964000,0.0010871406616980407,0.0011173501856486154,0.0010871406616980407,0.0011173501856486154,248.59497954074757
1790964120,0.0011173501856486154,0.0011176924897556518,0.0011172544767460246,0.0011176924897556518,18.885703008686058
1790964180,0.0011176924897556518,0.0011176924897556518,0.0010945487234471352,0.0010945487234471352,5.86080123739562
1790964240,0.0010945487234471352,0.0011118112845453065,0.0010902225197923503,0.0011118112845453065,291.0250727117176
1790964300,0.0011118112845453065,0.0011118112845453065,0.0010870423664133492,0.0010870423664133492,172.60204413679645
1790964360,0.0010870423664133492,0.0010870423664133492,0.0010706353546519904,0.0010706353546519904,289.3831026607135
1790964420,0.0010706353546519904,0.0010943550449953056,0.0010447742505494087,0.0010447742505494087,995.6331377789592
1790964480,0.0010447742505494087,0.00107007353508244,0.0010384255478023362,0.0010384255478023362,700.2384806196111
1790964660,0.0010384255478023362,0.0010474265141138096,0.0010384255478023362,0.0010474265141138096,39.4900297812317
1790964720,0.0010474265141138096,0.0010540084493878814,0.0010474265141138096,0.0010540084493878814,118.12485744836107
1790964780,0.0010540084493878814,0.001057343433902847,0.0010540084493878814,0.001057343433902847,112.89636491646274
1790964900,0.001057343433902847,0.001057343433902847,0.0010352204065907206,0.0010352204065907206,61.642284954773594
1790964960,0.0010352204065907206,0.0010352204065907206,0.0010323027450201132,0.0010323027450201132,6.644305124080669
1790965020,0.0010323027450201132,0.0010690980063055532,0.0010323027450201132,0.0010690980063055532,335.47344382789566
1790965380,0.0010690980063055532,0.0010741630903157151,0.0010690980063055532,0.0010741630903157151,235.7266505097932
1790965500,0.0010741630903157151,0.0010741630903157151,0.0010533210448939608,0.0010533210448939608,13.714816884229275
1790965680,0.0010533210448939608,0.0010533210448939608,0.001050543245197814,0.001050543245197814,45.040284066400545
1790965800,0.001050543245197814,0.0010738684889654293,0.001050543245197814,0.0010738684889654293,57.28542977986978
1790966100,0.0010738684889654293,0.0010738684889654293,0.0010502332124730784,0.0010502332124730784,9.665512041606974
1790966160,0.0010502332124730784,0.0011352932972648123,0.0010502332124730784,0.0011041772901083798,3746.4552371298328
1790966280,0.0011041772901083798,0.0011041772901083798,0.0011026792931523868,0.0011026792931523868,1.1629960622022466
1790966340,0.0011026792931523868,0.0011403741566790224,0.0011000413816622697,0.0011403741566790224,801.1077321193251
1790966400,0.0011403741566790224,0.0011403741566790224,0.0011095973297634487,0.0011276930133006433,1404.74887396923
1790966460,0.0011276930133006433,0.0011635575466072189,0.0011276930133006433,0.0011635575466072189,613.6981609052308
1790966520,0.0011635575466072189,0.0011810617652937081,0.0011635575466072189,0.0011810617652937081,267.6932980819221
1790966580,0.0011810617652937081,0.0011865144825496934,0.0011589890399294354,0.0011589890399294354,22.307960897671013
1790966640,0.0011589890399294354,0.0011951749778614288,0.0011589890399294354,0.0011717623096867678,278.2729838419
1790966700,0.0011717623096867678,0.0011979269482743737,0.001170288082684281,0.0011730306169871257,63.653602607520014
1790966760,0.0011730306169871257,0.0012039043463177137,0.0011730306169871257,0.0012039043463177137,306.83004476681947
1790966880,0.0012039043463177137,0.001218153605647631,0.0011942921735711603,0.001218153605647631,469.1106690617346
1790966940,0.001218153605647631,0.0012206476985970282,0.0011934137634214887,0.0011965933731141781,118.57417081931129
1790967060,0.0011965933731141781,0.0012481416664922346,0.0011769430732741976,0.0012481416664922346,2445.03361275359
1790967120,0.0012481416664922346,0.0012636664035897021,0.0012432090846780635,0.0012432090846780635,342.1260617363629
1790967180,0.0012432090846780635,0.0012705125492894404,0.0011451146348958833,0.0011678752712559679,3234.7755620967923
1790967240,0.0011678752712559679,0.0011690712762622982,0.0011678752712559679,0.0011690712762622982,13.764014782688431
1790967360,0.0011690712762622982,0.0012405278588596394,0.0011690712762622982,0.0012405278588596394,1598.381552204348
1790967420,0.0012405278588596394,0.0012607872524710883,0.0012405278588596394,0.0012607872524710883,290.50872678241274
1790967540,0.0012607872524710883,0.0012607872524710883,0.0012361197607457988,0.0012361197607457988,23.469699006594674
1790967600,0.0012361197607457988,0.0012361197607457988,0.0012203106307653922,0.0012203106307653922,668.3756279260367
1790967720,0.0012203106307653922,0.0012303627992818332,0.0012059271999587862,0.0012303627992818332,19.056323141308233
1790967840,0.0012303627992818332,0.0012303627992818332,0.0012025052182089782,0.0012025052182089782,46.08438668517151
1790967900,0.0012025052182089782,0.0012056884519405459,0.0011913556035549398,0.0012056884519405459,473.5073789570293
1790968140,0.0012056884519405459,0.0012056884519405459,0.0011722826993554284,0.0011722826993554284,197.05041815169565
1790968200,0.0011722826993554284,0.0011722826993554284,0.0011506665093008767,0.0011506665093008767,382.3044004418913
1790968260,0.0011506665093008767,0.0011506665093008767,0.0011436389333389788,0.0011436389333389788,150.89550064851025
1790968320,0.0011436389333389788,0.0011532130738058032,0.0011257971299048232,0.001127717441927579,459.80910570114327
1790968440,0.001127717441927579,0.0011337472116804668,0.0011183241845661152,0.0011337472116804668,334.51381218296575
1790968680,0.0011337472116804668,0.0011337472116804668,0.0011094630664694753,0.0011094630664694753,3.5755034695796155
1790968800,0.0011094630664694753,0.0011094630664694753,0.0010855447789559775,0.0010855447789559775,919.5644534007912
1790968860,0.0010855447789559775,0.0010922483150987072,0.0010653822666068734,0.0010653822666068734,198.17192522942597
1790968980,0.0010653822666068734,0.0010881658744065277,0.0010509485096209614,0.0010509485096209614,488.53032444916624
1790969040,0.0010509485096209614,0.0010701215388471217,0.0010427185347317632,0.0010580026891412312,317.34867365565924
1790969100,0.0010580026891412312,0.0010580641738738733,0.0010570283336880806,0.0010570283336880806,6.816068491670557
1790969160,0.0010570283336880806,0.001059547922344807,0.0010570283336880806,0.001059547922344807,97.8374735330001
1790969280,0.001059547922344807,0.0010629980295592861,0.001059547922344807,0.0010629980295592861,49.73647776015447
1790969340,0.0010629980295592861,0.0010629980295592861,0.0010374633822867517,0.0010374633822867517,231.18449406403994
1790969400,0.0010374633822867517,0.0010588734893304556,0.0010374633822867517,0.0010588734893304556,229.27415628213006
1790969460,0.0010588734893304556,0.0010788186803702962,0.0010588734893304556,0.0010697163877063669,625.0645561485499
1790969520,0.0010697163877063669,0.0010925306341447107,0.0010697163877063669,0.0010925306341447107,20.420735135234963
1790969580,0.0010925306341447107,0.0010925306341447107,0.0010653577229369712,0.0010849822147148839,276.5014799095044
1790969640,0.0010849822147148839,0.001088595919902328,0.0010849822147148839,0.001088595919902328,83.67059202420178
1790969760,0.001088595919902328,0.0010909644488794514,0.001088595919902328,0.0010909644488794514,11.678892138136634
1790969820,0.0010909644488794514,0.0010911972744747185,0.0010691868305974209,0.0010691868305974209,19.942451252046315
1790969880,0.0010691868305974209,0.001092134137465861,0.0010691868305974209,0.001092134137465861,17.8540697643376
1790969940,0.001092134137465861,0.0010928415793477783,0.001092134137465861,0.0010928415793477783,12.856117383429199
1790970180,0.0010928415793477783,0.0010928415793477783,0.00106675979056757,0.00106675979056757,120.01049464310746
1790970360,0.00106675979056757,0.00106675979056757,0.0010635807363879657,0.0010635807363879657,4.516829170025011
1790970480,0.0010635807363879657,0.0010873577541324181,0.0010635807363879657,0.0010873577541324181,53.15652997753796
1790970540,0.0010873577541324181,0.001090055688135976,0.0010873577541324181,0.001090055688135976,33.65156726583099
1790970900,0.001090055688135976,0.0010905524512221537,0.0010900149685720225,0.0010900149685720225,23.342439544723447
1790971200,0.0010900149685720225,0.0010946503992533857,0.0010900149685720225,0.0010946503992533857,105.83771519932704
1790971440,0.0010946503992533857,0.0010946503992533857,0.0010715421791334322,0.0010715421791334322,20.886204826077503
1790971500,0.0010715421791334322,0.0010715421791334322,0.0010465976208221329,0.0010465976208221329,862.4898064169912
1790971560,0.0010465976208221329,0.0010465976208221329,0.0010298970806721733,0.0010298970806721733,101.15395315956789
1790971620,0.0010298970806721733,0.0010473859716365838,0.0010241674599127657,0.0010473859716365838,202.9575678983881
1790971680,0.0010473859716365838,0.0010570010296499072,0.0010349915581807077,0.0010534037599813917,756.0319148656483
1790971860,0.0010534037599813917,0.0010576703229735903,0.0010534037599813917,0.0010576703229735903,11.681871131290956
1790971920,0.0010576703229735903,0.0010686782823109901,0.0010576703229735903,0.0010686782823109901,230.65702284524124
1790972040,0.0010686782823109901,0.0010686782823109901,0.00104222973179552,0.0010641740463897932,239.4736660945754
1790972100,0.0010641740463897932,0.001065274622507731,0.0010420238208392815,0.0010645369054373768,96.25163564963178
1790972160,0.0010645369054373768,0.0010659734146934738,0.0010645369054373768,0.0010659734146934738,40.10532653165234
1790972220,0.0010659734146934738,0.0010673227489174822,0.0010659734146934738,0.0010673227489174822,34.656020532626414
1790972280,0.0010673227489174822,0.0010673227489174822,0.0010441892252943815,0.0010441892252943815,38.846932285583485
1790972340,0.0010441892252943815,0.0010441892252943815,0.0010430463526642803,0.0010430463526642803,10.037961986155118
1790972400,0.0010430463526642803,0.0010433334387169968,0.0010423766883134373,0.0010423766883134373,20.710096680531844
1790972520,0.0010423766883134373,0.0010718959197558327,0.0010423766883134373,0.0010718959197558327,349.4546997696485
1790972580,0.0010718959197558327,0.001078441538154735,0.0010560396763322983,0.001078441538154735,109.92946626393145
1790972640,0.001078441538154735,0.001078441538154735,0.0010362365180775208,0.0010362365180775208,506.01176400476953
1790972700,0.0010362365180775208,0.001056603998503948,0.0010362365180775208,0.001056603998503948,7.139079658354276
1790972820,0.001056603998503948,0.0010566316780747458,0.001056603998503948,0.0010566316780747458,7.230761682716008
1790973060,0.0010566316780747458,0.0010566316780747458,0.0009888867810992318,0.0010131467054473435,1145.842422964027
1790973120,0.0010131467054473435,0.0010131467054473435,0.0009871320386102584,0.0010072773091132472,334.0563992492415
1790973180,0.0010072773091132472,0.0010122869309721525,0.0009907886406318582,0.0009907886406318582,86.68006751139399
1790973240,0.0009907886406318582,0.0010126687770919097,0.0009907886406318582,0.0010126687770919097,68.04409755776912
1790973300,0.0010126687770919097,0.0010149349255179638,0.0010126687770919097,0.0010149349255179638,82.94273874501478
1790973360,0.0010149349255179638,0.0010266762215015769,0.0010149349255179638,0.0010266762215015769,452.8320620628085
1790973480,0.0010266762215015769,0.0010266762215015769,0.001013821260099481,0.001013821260099481,2.317257383454905
1790973540,0.001013821260099481,0.001013821260099481,0.0009933924611788192,0.0009955126054524894,1033.9921471237992
1790973600,0.0009955126054524894,0.0009955126054524894,0.0009738827411762356,0.0009951064658097614,23.07379793801478
1790973660,0.0009951064658097614,0.0009952361355933786,0.0009743225111047008,0.0009743225111047008,29.251178365633198
1790973840,0.0009743225111047008,0.000995279669830608,0.0009728023696588309,0.000995279669830608,148.55867447847152
1790973900,0.000995279669830608,0.0010038831729987908,0.0009764814522098531,0.0009904515089064132,418.6224279762478
1790973960,0.0009904515089064132,0.0010342638382828647,0.0009904515089064132,0.0010342638382828647,651.4193589010735
1790974020,0.0010342638382828647,0.0010342638382828647,0.0010062791369884242,0.0010062791369884242,147.0487687069908
1790974080,0.0010062791369884242,0.0010062791369884242,0.000994936653139079,0.0009955571274930979,245.32689083651758
1790974200,0.0009955571274930979,0.0010196159672701014,0.0009955571274930979,0.0010196159672701014,176.53225144677964
1790974320,0.0010196159672701014,0.0010196159672701014,0.0010030658565326497,0.0010030658565326497,25.410294401129313
1790974380,0.0010030658565326497,0.0010030658565326497,0.001002177129971532,0.001002177129971532,4.427878422739675
1790974440,0.001002177129971532,0.001002177129971532,0.0009878790116289512,0.0009878790116289512,661.431612369284
1790974620,0.0009878790116289512,0.0009878790116289512,0.0009707790793167449,0.0009707790793167449,62.98369867947083
1790974800,0.0009707790793167449,0.0010001987643878936,0.0009707790793167449,0.0010001987643878936,398.3701971950045
1790974860,0.0010001987643878936,0.0010001987643878936,0.0009881461757409403,0.0009881461757409403,48.11894252931697
1790974920,0.0009881461757409403,0.0010119196855406375,0.0009881461757409403,0.0010119196855406375,139.89547165880302
1790975160,0.0010119196855406375,0.0010207644713795968,0.0010119196855406375,0.0010207644713795968,264.2702230204048
1790975220,0.0010207644713795968,0.0010207644713795968,0.001001379182680061,0.001001379182680061,159.41845594698125
1790975280,0.001001379182680061,0.0010240332038478244,0.001001379182680061,0.0010240332038478244,233.4808276623877
1790975340,0.0010240332038478244,0.0010299804615740043,0.0009963183775803274,0.0009963183775803274,377.6649764882354
1790975460,0.0009963183775803274,0.0010173832735647281,0.0009963183775803274,0.0010173832735647281,0.8052782462473769
1790975760,0.0010173832735647281,0.0010240568014718543,0.0010173832735647281,0.0010240568014718543,305.0344346724167
1790975820,0.0010240568014718543,0.001031129762532068,0.001009967987401794,0.001009967987401794,85.82919497753934
1790976300,0.001009967987401794,0.001009967987401794,0.00100176531778299,0.00100176531778299,253.311028235836
1790976360,0.00100176531778299,0.0010172196009707011,0.0009951410552846056,0.0009951410552846056,7.895534460016013
1790976420,0.0009951410552846056,0.0009951410552846056,0.0009879861478230278,0.0009879861478230278,311.79329986720893
1790976480,0.0009879861478230278,0.0009879861478230278,0.0009814461704395541,0.0009814461704395541,16.261391393745143
1790976600,0.0009814461704395541,0.0010092284418417913,0.0009814461704395541,0.0010092284418417913,380.3111829549959
1790976720,0.0010092284418417913,0.0010092284418417913,0.0009970428499996773,0.0009970428499996773,47.15374573074474
1790976960,0.0009970428499996773,0.0009970428499996773,0.0009970339152171306,0.0009970339152171306,0.7540874138567784
1790977260,0.0009970339152171306,0.0009972042449972152,0.0009970339152171306,0.0009972042449972152,11.05056520096199
1790977320,0.0009972042449972152,0.0010203216461282302,0.0009972042449972152,0.0010005396332540674,84.29788623884222
1790977380,0.0010005396332540674,0.0010005396332540674,0.0010000920620578573,0.0010000920620578573,12.98342467776399
1790977440,0.0010000920620578573,0.001020868592052677,0.0010000920620578573,0.001020868592052677,25.061491430012378
1790977500,0.001020868592052677,0.001020868592052677,0.000985760571721361,0.000985760571721361,386.46298724497626
1790977620,0.000985760571721361,0.000985760571721361,0.0009837740304650569,0.0009837740304650569,11.20397592391489
1790977740,0.0009837740304650569,0.001008859802900144,0.0009837740304650569,0.0010054537138485201,116.89414932280955
1790977800,0.0010054537138485201,0.0010054537138485201,0.0009800397948316944,0.0009800397948316944,312.1030338871677
1790977980,0.0009800397948316944,0.0009965744987318165,0.0009768117922362863,0.0009768117922362863,35.67949999426003
1790978100,0.0009768117922362863,0.0009863690074255371,0.0009608939627660418,0.0009608939627660418,493.2627182479266
1790978160,0.0009608939627660418,0.0009947956580472438,0.0009608939627660418,0.000976896901790383,958.4678010165054
1790978220,0.000976896901790383,0.001008736670930874,0.0009706161354880557,0.001008736670930874,414.78300990921065
1790978460,0.001008736670930874,0.0010097938559879447,0.0009839582479062125,0.0009839582479062125,111.16975596095571
1790978520,0.0009839582479062125,0.0010042358635560492,0.0009839582479062125,0.0010042358635560492,0.5845687189259255
1790978700,0.0010042358635560492,0.0010042358635560492,0.0009806254360179166,0.0009806254360179166,93.12935809569278
1790978760,0.0009806254360179166,0.0009996193820410897,0.0009806254360179166,0.0009996193820410897,10.620781919444934
1790978880,0.0009996193820410897,0.0010028334427657174,0.0009996193820410897,0.0010028334427657174,116.87885282130323
1790978940,0.0010028334427657174,0.0010028334427657174,0.00098410994432274,0.00098410994432274,3.0653480352712226
1790979060,0.00098410994432274,0.00098410994432274,0.0009836338743932744,0.0009836338743932744,12.607576098872688
1790979360,0.0009836338743932744,0.0009836338743932744,0.0009825294498893506,0.0009825294498893506,25.139273514861948
1790979540,0.0009825294498893506,0.0009825294498893506,0.0009820719063830315,0.0009820719063830315,5.0065800775091756
1790979720,0.0009820719063830315,0.0010058166095425003,0.0009819766213035354,0.0010058166095425003,106.77181357456853
1790979780,0.0010058166095425003,0.001015273849877329,0.0010058166095425003,0.001015273849877329,171.90868053355373
1790979900,0.001015273849877329,0.001015273849877329,0.000994139587807963,0.000994139587807963,15.897069138900651
1790979960,0.000994139587807963,0.0010164488075072907,0.000994139587807963,0.0010164488075072907,59.05197074705639
1790980080,0.0010164488075072907,0.0010164488075072907,0.0009851133934270177,0.0009964462052629958,592.9276308131398
1790980320,0.0009964462052629958,0.0010019408788078507,0.0009964462052629958,0.0010019408788078507,134.7728068726058
1790980680,0.0010019408788078507,0.0010019408788078507,0.0009850767876360463,0.0009850767876360463,0.0880629519426015
1790980800,0.0009850767876360463,0.001005190194159005,0.0009850767876360463,0.001005190194159005,9.987759917977332
1790980860,0.001005190194159005,0.001005190194159005,0.0009848139425593003,0.0009848139425593003,9.78529762756828
1790981040,0.0009848139425593003,0.0009848139425593003,0.0009794726481235584,0.0009794726481235584,205.5314339674919
1790981100,0.0009794726481235584,0.0009794726481235584,0.0009704715721325009,0.0009704715721325009,222.0329057413451
1790981220,0.0009704715721325009,0.0009704715721325009,0.0009276873838813696,0.0009276873838813696,1405.5050110276388
1790981280,0.0009276873838813696,0.0009437003857671766,0.0009276873838813696,0.0009437003857671766,97.30643010265024
1790981340,0.0009437003857671766,0.0009505001792689631,0.0009437003857671766,0.0009505001792689631,140.73573596558023
1790981400,0.0009505001792689631,0.0009627535544262881,0.0009505001792689631,0.0009537960857803503,527.3110495809225
1790981520,0.0009537960857803503,0.0009765325734793064,0.0009537960857803503,0.0009765325734793064,44.56106779018395
1790981640,0.0009765325734793064,0.0009765325734793064,0.0009560574189463179,0.0009560574189463179,10.949626730349108
1790981760,0.0009560574189463179,0.0009803718186078669,0.0009560574189463179,0.0009803718186078669,170.8081676167328
1790981880,0.0009803718186078669,0.0009877475852575772,0.0009803718186078669,0.0009877475852575772,142.272918865977
1790982060,0.0009877475852575772,0.0009899055242739423,0.0009877475852575772,0.0009899055242739423,14.141407545089224
1790982300,0.0009899055242739423,0.0009899055242739423,0.0009508901060012176,0.0009508901060012176,453.5333493657561
1790982360,0.0009508901060012176,0.0009508901060012176,0.0009496174952801402,0.0009496174952801402,19.127522659089543
1790982480,0.0009496174952801402,0.0010059478837420278,0.0009496174952801402,0.0010059478837420278,953.4501503492037
1790982660,0.0010059478837420278,0.00101532147197071,0.0009875872882360677,0.0010008839073959008,317.74910264516643
1790982720,0.0010008839073959008,0.0010230172943465814,0.0010008839073959008,0.0010230172943465814,23.658908135932283
1790982780,0.0010230172943465814,0.0010264115535318801,0.0010230172943465814,0.0010264115535318801,172.62291969858904
1790982840,0.0010264115535318801,0.0010264115535318801,0.0010094722959581037,0.0010094722959581037,0.006708472370124682
1790983020,0.0010094722959581037,0.0010094722959581037,0.0010032858595226061,0.0010032858595226061,145.16973534651777
1790983080,0.0010032858595226061,0.0010040897033472967,0.0010032858595226061,0.0010040897033472967,1.5379009931784082
1790983320,0.0010040897033472967,0.0010040897033472967,0.0010018545882707853,0.0010018545882707853,84.44826044540234
1790983380,0.0010018545882707853,0.0010018545882707853,0.0009961301147952979,0.0009961301147952979,206.7811192728455
1790983440,0.0009961301147952979,0.0009961301147952979,0.0009882567095790503,0.0009882567095790503,118.27221436192586
1790983500,0.0009882567095790503,0.001006776768400053,0.0009848057121568654,0.0009848057121568654,50.60323570147767
1790983560,0.0009848057121568654,0.0009848057121568654,0.0009796089478865894,0.0009796089478865894,228.77052972376688
1790983740,0.0009796089478865894,0.0009962304450225772,0.0009796089478865894,0.0009962304450225772,37.915030878752475
1790983800,0.0009962304450225772,0.0009962304450225772,0.0009736164829727802,0.0009736164829727802,128.46445375847048
1790983860,0.0009736164829727802,0.0009736164829727802,0.0009554710706512203,0.0009727003240646299,470.6471011878259
1790983920,0.0009727003240646299,0.0009727003240646299,0.0009522625640273883,0.0009522625640273883,29.27816558306311
1790984040,0.0009522625640273883,0.0009724387463463795,0.0009522625640273883,0.0009724387463463795,44.636895036146946
1790984100,0.0009724387463463795,0.0009759614253803735,0.0009724387463463795,0.0009759614253803735,104.0580919005259
1790984160,0.0009759614253803735,0.0009759614253803735,0.0009524575041810633,0.0009524575041810633,137.47079267970872
1790984220,0.0009524575041810633,0.0009524575041810633,0.0009493480211821954,0.0009493480211821954,62.346358590445554
1790984400,0.0009493480211821954,0.0009493480211821954,0.0008662373134637338,0.0008932079421731368,2483.933078255603
1790984460,0.0008932079421731368,0.0009199088702649942,0.0008932079421731368,0.0009199088702649942,631.0967579989266
1790984520,0.0009199088702649942,0.0009311996439810943,0.0009007674136292502,0.0009311996439810943,285.0637210193869
1790984640,0.0009311996439810943,0.0009311996439810943,0.0009114950700035307,0.0009114950700035307,61.41090896015615
1790984880,0.0009114950700035307,0.0009114950700035307,0.0009093955279165878,0.0009093955279165878,66.15269456758146
1790984940,0.0009093955279165878,0.0009093955279165878,0.000895357602460592,0.0009017470107654425,625.6211912144255
1790985000,0.0009017470107654425,0.0009121334040050901,0.0009017470107654425,0.0009121334040050901,517.2704475630013
1790985120,0.0009121334040050901,0.0009311645874077811,0.0009121334040050901,0.0009311645874077811,209.2030617902508
1790985180,0.0009311645874077811,0.0009392980799116109,0.0009123055566655629,0.0009392980799116109,328.11963418720404
1790985360,0.0009392980799116109,0.0009392980799116109,0.0009245890532179218,0.0009245890532179218,4.312069764137094
1790985540,0.0009245890532179218,0.0009245890532179218,0.0009096213784315596,0.0009096213784315596,363.23829224818536
1790985600,0.0009096213784315596,0.0009409433793864767,0.0009091054745828769,0.0009338134858927767,620.402039490078
1790985720,0.0009338134858927767,0.0009568373887843413,0.0009338109976610134,0.0009568373887843413,231.66029253248635
1790985780,0.0009568373887843413,0.0009607561164617142,0.0009402424105329861,0.0009607561164617142,28.50431277602762
1790985900,0.0009607561164617142,0.0009772037034343985,0.0009499655727747134,0.0009772037034343985,538.1219730511829
1790985960,0.0009772037034343985,0.0009839777609403635,0.0009772037034343985,0.0009839777609403635,71.99454287395112
1790986020,0.0009839777609403635,0.0009989397399896975,0.0009839777609403635,0.0009989397399896975,342.11935587083497
1790986080,0.0009989397399896975,0.0009989397399896975,0.0009767105760143111,0.0009767105760143111,92.52535283866638
1790986140,0.0009767105760143111,0.0009948390841457513,0.0009767105760143111,0.0009948390841457513,10.869631827652393
1790986200,0.0009948390841457513,0.0009948390841457513,0.0009741724042948154,0.0009741724042948154,4.918307203401653
1790986260,0.0009741724042948154,0.000987289340666609,0.0009689314410566826,0.000987289340666609,200.59995326534724
1790986320,0.000987289340666609,0.000987289340666609,0.0009548657493190057,0.0009548657493190057,553.884685576319
1790986380,0.0009548657493190057,0.0009777912777539667,0.0009548657493190057,0.0009777912777539667,183.805056716374
1790986440,0.0009777912777539667,0.0009777912777539667,0.0009574562985017902,0.0009574562985017902,221.21983026621163
1790986500,0.0009574562985017902,0.0009795672907348895,0.0009574562985017902,0.0009653670005927655,297.20377562958214
1790986560,0.0009653670005927655,0.000993569959004899,0.0009653670005927655,0.000993569959004899,355.34197718454965
1790986620,0.000993569959004899,0.0010082652200352653,0.0009784921975589504,0.0010082652200352653,340.77853372682625
1790986680,0.0010082652200352653,0.0010107134119695044,0.0010082652200352653,0.0010107134119695044,30.77413038865009
1790987040,0.0010107134119695044,0.0010113358931466525,0.0010107134119695044,0.0010113358931466525,0.49506155835994303
1790987160,0.0010113358931466525,0.0010135652152558205,0.0010113358931466525,0.0010135652152558205,29.682736516047783
1790987220,0.0010135652152558205,0.001015011282658746,0.0010135652152558205,0.001015011282658746,24.74003003544142
1790987280,0.001015011282658746,0.001015011282658746,0.000994198800723356,0.000994198800723356,13.601618655025295
1790987340,0.000994198800723356,0.000994198800723356,0.0009939012482768094,0.0009939012482768094,2.218353793511397
1790987400,0.0009939012482768094,0.0010155244647863859,0.0009939012482768094,0.0009942221031664883,62.1241360289464
1790987520,0.0009942221031664883,0.0009942221031664883,0.0009939949749282243,0.0009939949749282243,0.403608070253751
1790987640,0.0009939949749282243,0.0009939949749282243,0.0009895041964721114,0.0009895041964721114,258.09003842758756
1790987700,0.0009895041964721114,0.0010054891627806282,0.000985138948154728,0.000985138948154728,29.965909191702632
1790987760,0.000985138948154728,0.0010058860198865747,0.000985138948154728,0.0010058860198865747,17.824402556915924
1790987880,0.0010058860198865747,0.0010062307944118576,0.0010058860198865747,0.0010062307944118576,6.808460889300988
1790987940,0.0010062307944118576,0.0010062307944118576,0.001005730350503769,0.001006001952875784,6.795421965216147
1790988060,0.001006001952875784,0.0010062770657273618,0.001006001952875784,0.0010062770657273618,9.881427734449783
1790988120,0.0010062770657273618,0.0010062770657273618,0.0009788843923669857,0.00098389176007038,203.0653660470375
1790988240,0.00098389176007038,0.0010007729540388805,0.00098389176007038,0.0010007729540388805,119.05055420193771
1790988480,0.0010007729540388805,0.0010041025097391387,0.0010007729540388805,0.0010041025097391387,61.477361660439705
1790988600,0.0010041025097391387,0.0010041025097391387,0.0009845223841952516,0.0009845223841952516,38.58810168549345
1790988660,0.0009845223841952516,0.0009845223841952516,0.0009830282684910915,0.0009830282684910915,30.311682973896406
1790988780,0.0009830282684910915,0.0009830282684910915,0.0009817998045569703,0.0009817998045569703,16.20238909999526
1790989020,0.0009817998045569703,0.0009817998045569703,0.0009798586427950129,0.0009798586427950129,11.590175424767045
1790989140,0.0009798586427950129,0.0009798586427950129,0.0009793551101863198,0.0009793551101863198,33.73280681198326
1790989200,0.0009793551101863198,0.0009793551101863198,0.000977633688758382,0.000977633688758382,2.0055605066725897
1790989320,0.000977633688758382,0.000977633688758382,0.0009758836810080813,0.0009758836810080813,63.53130801936444
1790989440,0.0009758836810080813,0.0009971318020967057,0.0009748583698911096,0.0009971318020967057,86.34512059641477
1790989500,0.0009971318020967057,0.0009971318020967057,0.0009770116665130547,0.0009770116665130547,34.60517657411256
1790989560,0.0009770116665130547,0.0009770116665130547,0.0009764465581920925,0.0009764465581920925,1.9748934289045783
1790989680,0.0009764465581920925,0.0009764465581920925,0.0009725500929062543,0.0009725500929062543,168.62947743323215
1790989740,0.0009725500929062543,0.0009914027675659855,0.0009725500929062543,0.0009914027675659855,0.6745966939738091
1790989860,0.0009914027675659855,0.0009915976741166463,0.0009914027675659855,0.0009915976741166463,4.988905670128667
1790990040,0.0009915976741166463,0.0010818064006639476,0.0009915976741166463,0.001052012543000721,4261.966704549239
1790990100,0.001052012543000721,0.001052012543000721,0.0010270640868330586,0.0010495638205999765,622.3360573956597
1790990160,0.0010495638205999765,0.0010652067791963335,0.0010495638205999765,0.0010534355918667918,646.3119561034491
1790990460,0.0010534355918667918,0.0010785583776864315,0.0010534355918667918,0.0010785583776864315,127.62949034359326
1790990520,0.0010785583776864315,0.0010785583776864315,0.001043966571405779,0.001043966571405779,570.6587539115349
1790990580,0.001043966571405779,0.001054240889328386,0.0010184817311178114,0.0010184817311178114,423.8829823203793
1790990640,0.0010184817311178114,0.0010446099315101097,0.0010184817311178114,0.0010446099315101097,96.67626056249229
1790990700,0.0010446099315101097,0.0010485331313084534,0.0010446099315101097,0.0010485331313084534,212.65667387222283
1790990760,0.0010485331313084534,0.0010561108823289487,0.0010366534649545814,0.0010366534649545814,117.98464762474667
1790990820,0.0010366534649545814,0.001072405133110011,0.0010366534649545814,0.0010630034337299086,624.4578505200702
1790990880,0.0010630034337299086,0.0010870309503341069,0.0010247916580606604,0.0010296942200759506,1744.4406920605002
1790990940,0.0010296942200759506,0.0010322976546889102,0.0010296942200759506,0.0010322976546889102,59.60709245910343
1790991000,0.0010322976546889102,0.0010345479955672114,0.0010322976546889102,0.0010345479955672114,11.86940754108054
1790991060,0.0010345479955672114,0.0010345479955672114,0.0010124639783589623,0.0010124639783589623,37.06796150381808
1790991120,0.0010124639783589623,0.0010331698215601006,0.0010124639783589623,0.0010331698215601006,7.771410546803213
1790991480,0.0010331698215601006,0.0010629521272510851,0.001033113833671274,0.0010629521272510851,862.3615884451337
1790991540,0.0010629521272510851,0.0010629521272510851,0.0010490558108361924,0.0010490558108361924,42.58013957448811
1790991600,0.0010490558108361924,0.0010490558108361924,0.0010478732736101508,0.0010480208068398631,3.8793946098015737
1790991660,0.0010480208068398631,0.0010480208068398631,0.0010478768500103144,0.0010478768500103144,0.0014564566083515363
1790991780,0.0010478768500103144,0.0010478768500103144,0.0010357646791184906,0.0010357646791184906,516.5634183317597
1790991900,0.0010357646791184906,0.001047310020005001,0.0010357646791184906,0.001047310020005001,23.864060566529204
1790991960,0.001047310020005001,0.0010526259787644984,0.001047310020005001,0.0010526259787644984,222.17096476137158
1790992200,0.0010526259787644984,0.0010567928470724681,0.0010024351358430548,0.0010037583305263621,1924.2257218239583
1790992320,0.0010037583305263621,0.001012733873670909,0.0010037583305263621,0.001012733873670909,9.7437749027375
1790992380,0.001012733873670909,0.0010176526269877932,0.001012733873670909,0.0010176526269877932,100.00987842730767
1790992740,0.0010176526269877932,0.0010176526269877932,0.0010168329116323717,0.0010168329116323717,9.902825434589074
1790992800,0.0010168329116323717,0.0010182860629033385,0.0009930385984320382,0.0009930385984320382,185.32590721588141
1790992920,0.0009930385984320382,0.0010133584914958495,0.0009922062215918619,0.0009922062215918619,18.095476218751593
1790992980,0.0009922062215918619,0.0010136002094606202,0.0009922062215918619,0.0010136002094606202,5.952007725321601
1790993040,0.0010136002094606202,0.0010136002094606202,0.0009925028937603523,0.0009929947891171883,5.944484911496344
1790993160,0.0009929947891171883,0.0009929947891171883,0.0009909758505516262,0.0009909758505516262,28.257221078588987
1790993640,0.0009909758505516262,0.0010159458971371821,0.0009909758505516262,0.0010159458971371821,130.59063364894325
1790993760,0.0010159458971371821,0.0010159458971371821,0.0009959441254792293,0.0009959441254792293,70.07704057748151
1790993880,0.0009959441254792293,0.0009959441254792293,0.0009939223213114793,0.0009939223213114793,12.359748740173726
1790993940,0.0009939223213114793,0.0010168196873937643,0.0009939223213114793,0.0010168196873937643,74.27263958212106
1790994000,0.0010168196873937643,0.001021954101209637,0.0010168196873937643,0.001021954101209637,130.21699239779417
1790994060,0.001021954101209637,0.0010307827307962545,0.001021954101209637,0.0010307827307962545,168.10378838191954
1790994120,0.0010307827307962545,0.0010326182076612143,0.0010307827307962545,0.0010326182076612143,16.018156004844556
1790994300,0.0010326182076612143,0.0010326182076612143,0.0010092782105516592,0.0010092782105516592,40.58095240244693
1790994360,0.0010092782105516592,0.0010175576671862272,0.001000437290675812,0.0010175576671862272,475.2225479718676
1790994420,0.0010175576671862272,0.0010175576671862272,0.0009965877292740617,0.0009965877292740617,87.71191141786423
1790994480,0.0009965877292740617,0.0009965877292740617,0.0009926795904414973,0.0009926795904414973,117.36368362929993
1790994600,0.0009926795904414973,0.0009926795904414973,0.0009867675464527994,0.0009867675464527994,137.0316059086335
1790994720,0.0009867675464527994,0.0009867675464527994,0.0009840040473746154,0.0009840040473746154,15.419837997344137
1790994780,0.0009840040473746154,0.0009840040473746154,0.0009829528967249567,0.0009829528967249567,11.847899853869023
1790994900,0.0009829528967249567,0.0010059072236443996,0.0009829528967249567,0.0009863013477794322,108.99834852142105
1790995020,0.0009863013477794322,0.0009863013477794322,0.0009848741256029882,0.0009848741256029882,3.6371302971105797
1790995080,0.0009848741256029882,0.0009848741256029882,0.0009824765398978265,0.0009824765398978265,93.106706890153
1790995440,0.0009824765398978265,0.0009824765398978265,0.0009808162388895473,0.0009808162388895473,0.02996931293269726
1790995560,0.0009808162388895473,0.001001509380724884,0.0009791418531617374,0.0009791418531617374,81.25082070697954
1790995800,0.0009791418531617374,0.0009791418531617374,0.0009765542169123086,0.0009765542169123086,64.0536284774302
1790996220,0.0009765542169123086,0.0009765542169123086,0.0009730375088722339,0.0009730375088722339,47.670285936079
1790996280,0.0009730375088722339,0.0010147880127462441,0.0009730375088722339,0.0010147880127462441,783.9271977728059
1790996340,0.0010147880127462441,0.0010297689811900198,0.0010147880127462441,0.0010297689811900198,148.2132480037334
1790996400,0.0010297689811900198,0.0010392024814070981,0.001010586591542946,0.0010184191603353357,926.241591019527
1790997540,0.0010184191603353357,0.001019932179605478,0.0010184191603353357,0.001019932179605478,23.73439278051341
1790997660,0.001019932179605478,0.0010202710486501634,0.001019932179605478,0.0010202710486501634,3.436423263481985
1790997900,0.0010202710486501634,0.0010220213161952073,0.0010202710486501634,0.0010220213161952073,31.95056651911187
1790998200,0.0010220213161952073,0.0010220213161952073,0.0009929277959538213,0.0009929277959538213,399.2617216620257
1790998260,0.0009929277959538213,0.0010051192753572614,0.0009839829362292898,0.0009839829362292898,12.148692844666567
1790998560,0.0009839829362292898,0.0010068665381560637,0.0009839829362292898,0.0010068665381560637,47.72252025021509
1790998860,0.0010068665381560637,0.0010068665381560637,0.000984856928918751,0.000984856928918751,53.58188790975702
1790998920,0.000984856928918751,0.000984856928918751,0.0009842775952648537,0.0009842775952648537,1.35063274494874
1790998980,0.0009842775952648537,0.0009842775952648537,0.0009823939374137142,0.0009823939374137142,90.08812758160265
1790999040,0.0009823939374137142,0.0009823939374137142,0.000977003937256472,0.000977003937256472,138.50875044667424
1790999280,0.000977003937256472,0.000977003937256472,0.000974606974030457,0.000974606974030457,11.019116099018353
1790999400,0.000974606974030457,0.0010155233593738958,0.000974606974030457,0.0010155233593738958,994.9329328093374
1790999580,0.0010155233593738958,0.0010155233593738958,0.0010136992507765999,0.0010136992507765999,5.424871125772935
1790999700,0.0010136992507765999,0.0010136992507765999,0.001013654589724795,0.001013654589724795,6.719518940183582
1791000000,0.001013654589724795,0.0010378309024059468,0.001013654589724795,0.0010184097855665487,123.86960069670381
1791000120,0.0010184097855665487,0.0010289456013623192,0.0010163431680521701,0.0010289456013623192,48.954707981684315
1791000180,0.0010289456013623192,0.001062486421015341,0.0010289456013623192,0.0010508454644164084,573.4417782113574
1791000240,0.0010508454644164084,0.0010508454644164084,0.0010505805076361943,0.0010505805076361943,8.280896283950815
1791000540,0.0010505805076361943,0.0010505805076361943,0.0010489843911438495,0.0010489843911438495,19.01189595381474
1791000660,0.0010489843911438495,0.001072119100423488,0.0010489843911438495,0.0010503242365234886,77.21232442982826
1791000720,0.0010503242365234886,0.0010762041888405314,0.0010503242365234886,0.0010762041888405314,112.4652597581063
1791000960,0.0010762041888405314,0.0010762041888405314,0.0010540513344366596,0.0010540513344366596,35.49460512933708
1791001020,0.0010540513344366596,0.001075907447555451,0.0010540513344366596,0.001075907447555451,4.225314636665377
1791001140,0.001075907447555451,0.001075907447555451,0.0010488542213663952,0.0010488542213663952,178.02402116226764
1791001260,0.0010488542213663952,0.0010488542213663952,0.0010438466862157754,0.0010438466862157754,30.737141475500632
1791001320,0.0010438466862157754,0.0010438466862157754,0.0010385660473569915,0.0010385660473569915,236.0240423959127
1791001380,0.0010385660473569915,0.0010385660473569915,0.0010217646273509465,0.0010326742850369016,510.3108340793998
1791001620,0.0010326742850369016,0.0010334821057120106,0.0010326742850369016,0.0010334821057120106,35.184043505818025
1791001680,0.0010334821057120106,0.0010348135817270945,0.0010334821057120106,0.0010348135817270945,1.9001843837102443
1791001740,0.0010348135817270945,0.0010348548492085331,0.0010348135817270945,0.0010348548492085331,0.8908135352086181
1791001980,0.0010348548492085331,0.0010348548492085331,0.001012364738685814,0.001012364738685814,21.136270973429774
1791002160,0.001012364738685814,0.0010447047498228243,0.001012364738685814,0.0010447047498228243,522.5229024459088
1791002340,0.0010447047498228243,0.0010607264298530903,0.0010447047498228243,0.0010607264298530903,182.51459467046072
1791002460,0.0010607264298530903,0.0010607264298530903,0.0010416495362566447,0.0010416495362566447,7.185832019407712
1791002640,0.0010416495362566447,0.0010656452122299147,0.0010416495362566447,0.0010656452122299147,39.286095479502436
1791002940,0.0010656452122299147,0.0010674253701529932,0.0010454594499696337,0.0010454594499696337,78.80349914171123
1791003180,0.0010454594499696337,0.0010713085428228724,0.0010454594499696337,0.0010713085428228724,176.44381433486777
1791003600,0.0010713085428228724,0.0010713085428228724,0.001045509381416692,0.001045509381416692,302.0874600921073
1791003960,0.001045509381416692,0.001045509381416692,0.0010365053750538977,0.0010365053750538977,72.0412218970973
1791004020,0.0010365053750538977,0.0010365053750538977,0.0010295359329283622,0.0010295359329283622,280.66042931508906
1791004080,0.0010295359329283622,0.0010295359329283622,0.0010213630086881107,0.0010213630086881107,82.34138216568851
1791004320,0.0010213630086881107,0.0010213630086881107,0.001017136891605048,0.001017136891605048,135.92000282518256
1791004440,0.001017136891605048,0.0010360791486411286,0.001017136891605048,0.0010360791486411286,13.867371266887918
1791004620,0.0010360791486411286,0.0010360791486411286,0.0010153941551750098,0.0010153941551750098,22.937854489424833
1791004980,0.0010153941551750098,0.0010153941551750098,0.0010109966272708914,0.0010109966272708914,230.55722168104617
1791005040,0.0010109966272708914,0.0010270530908063904,0.0010109966272708914,0.0010270530908063904,12.613481361157465
1791005160,0.0010270530908063904,0.0010270530908063904,0.0009960902473713429,0.0009960902473713429,481.53744933734754
1791005220,0.0009960902473713429,0.0010111760249168133,0.0009925682864116558,0.0009925682864116558,178.68999819164188
1791005280,0.0009925682864116558,0.0010210079742365282,0.0009925682864116558,0.0010210079742365282,315.6370740923259
1791005340,0.0010210079742365282,0.0010283367446305765,0.0010210079742365282,0.0010283367446305765,22.82968158464693
1791005820,0.0010283367446305765,0.0010283367446305765,0.0010055714757250423,0.0010055714757250423,99.36051751639143
1791005880,0.0010055714757250423,0.0010055714757250423,0.0009881287948749957,0.0009881287948749957,755.2620403893048
1791006300,0.0009881287948749957,0.0009881287948749957,0.0009698701531822729,0.0009698701531822729,128.13919873448754
1791006660,0.0009698701531822729,0.0009698701531822729,0.0009570266701868497,0.0009570266701868497,296.15090321195146
1791006780,0.0009570266701868497,0.0009735480044364057,0.0009502261001549876,0.0009681785719132047,258.38282526908745
1791006840,0.0009681785719132047,0.0009681785719132047,0.0009467254652055787,0.0009467254652055787,46.711420491335524
1791006900,0.0009467254652055787,0.0009672290152909324,0.0009467254652055787,0.0009672290152909324,9.80482939785583
1791006960,0.0009672290152909324,0.0009672290152909324,0.000948024565836782,0.000948024565836782,9.799222511646075
1791007080,0.000948024565836782,0.000968214614275667,0.0009474879717448355,0.0009474879717448355,29.913824470630832
1791007140,0.0009474879717448355,0.0009474879717448355,0.0009444424984968348,0.0009444424984968348,129.59461074592156
1791007200,0.0009444424984968348,0.0009674969859462649,0.0009444424984968348,0.0009674969859462649,232.0362383442635
1791007260,0.0009674969859462649,0.0009899548165717123,0.0009674969859462649,0.0009899548165717123,449.3642045751426
1791007560,0.0009899548165717123,0.0010282189091655302,0.0009699967749966089,0.0010282189091655302,1546.3757195354526
1791007680,0.0010282189091655302,0.0010602043084146518,0.0010258405499276137,0.0010602043084146518,385.07135445703403
1791007740,0.0010602043084146518,0.0010602043084146518,0.0010392389889505838,0.0010392389889505838,34.330435745951135
1791007860,0.0010392389889505838,0.0010609057514203559,0.0010392389889505838,0.0010609057514203559,11.819223262787572
1791007920,0.0010609057514203559,0.0010615947276916436,0.001026231234734439,0.0010472623381085908,777.9405479343413
1791007980,0.0010472623381085908,0.0010618636094039285,0.0010326411005243071,0.0010326411005243071,278.56564718807783
1791008040,0.0010326411005243071,0.0010326411005243071,0.0010284442369459718,0.0010284442369459718,9.784244718241606
1791008100,0.0010284442369459718,0.001050647116170105,0.0010284442369459718,0.0010291505775950548,84.36313893975881
1791008220,0.0010291505775950548,0.0010564708964976865,0.0010291505775950548,0.0010564708964976865,215.03103870640754
1791008280,0.0010564708964976865,0.0010564708964976865,0.001026684301155263,0.0010311888024482829,334.7245756684383
1791008340,0.0010311888024482829,0.0010435938288024444,0.0010219534950140982,0.0010219534950140982,113.46360099582047
1791008460,0.0010219534950140982,0.0010448106911100314,0.0010219534950140982,0.0010259347506189921,98.61686207337385
