ts,o,h,l,c,v
1791152700,0.0003019791410336755,0.0003222757177398535,0.0002987617680533745,0.0003191146437949125,1741.4107199170085
1791152760,0.0003191146437949125,0.0003212125864853764,0.0003139993352141163,0.0003212125864853764,904.571741205074
1791152820,0.0003212125864853764,0.00032187926724939195,0.0003144228639152084,0.0003203034266400409,900.4994493774111
1791152880,0.0003203034266400409,0.0003229499435636118,0.0003152487949328555,0.00032032714008428757,922.9230505173331
1791152940,0.00032032714008428757,0.00032361177076002396,0.0003173260963107349,0.0003219047390676164,696.1685790038299
1791153000,0.0003219047390676164,0.00032575249867301825,0.0003178936363346947,0.0003223527840881274,982.5818111145977
1791153060,0.0003223527840881274,0.0003291398594326397,0.00032128352044866263,0.0003254417602164992,849.0672688479706
1791153120,0.0003254417602164992,0.0003281874298123836,0.00032088145082831654,0.00032315907542167205,917.8844128825363
1791153180,0.00032315907542167205,0.00032542674914045775,0.0003185704681819909,0.0003239234060178417,945.5635177956763
1791153240,0.0003239234060178417,0.00032910816236065557,0.0003177009135322502,0.00032910816236065557,1077.7308624892817
1791153300,0.00032910816236065557,0.0003333956151641099,0.0003254860514031415,0.00032971964244671927,829.7474873518161
1791153360,0.00032971964244671927,0.00033337820723834156,0.0003256149726090512,0.0003256149726090512,737.9730021159602
1791153420,0.0003256149726090512,0.00034648743879669655,0.00032226881916913054,0.0003231664036021623,2328.1983893621086
1791153480,0.0003231664036021623,0.00033002597373084537,0.0003224802232043606,0.00032683758413565024,835.0216601170641
1791153540,0.00032683758413565024,0.00036439154970609346,0.00032683758413565024,0.00034354815889292404,3934.7695342583456
1791153600,0.00034354815889292404,0.0003659850016994157,0.00034354815889292404,0.00036359179615091377,1683.7774122627222
1791153660,0.00036359179615091377,0.0003686616999188997,0.00035889307569094336,0.0003621643952377434,1178.1044918239406
1791153720,0.0003621643952377434,0.00037393239000818005,0.0003577450754363389,0.0003685925943363795,1155.0507485696976
1791153780,0.0003685925943363795,0.0003774472081951029,0.0003681432968692901,0.0003710999944715171,996.6943398561108
1791153840,0.0003710999944715171,0.0003795282158981209,0.00036900105828261093,0.0003795282158981209,933.7315315885986
1791153900,0.0003795282158981209,0.00038246925621091595,0.0003654379914537899,0.00038246925621091595,1266.8174799556655
1791153960,0.00038246925621091595,0.00038509801494641065,0.0003774400574213274,0.00037905463354283715,1188.110710499215
1791154020,0.00037905463354283715,0.00038444385633544986,0.0003768702817063363,0.0003768702817063363,700.0888124005908
1791154080,0.0003768702817063363,0.0003870552059936504,0.0003768702817063363,0.0003805565497489172,1080.6314953934495
1791154140,0.0003805565497489172,0.00038957568415282133,0.00037978875065464716,0.00038145560999004784,842.3560903983648
1791154200,0.00038145560999004784,0.00039666726250423435,0.00038023913950504374,0.00039467827594779557,1653.3208808460358
1791154260,0.00039467827594779557,0.0004191720195507659,0.00038308735045460186,0.0004191720195507659,3732.5162950524523
1791154320,0.0004191720195507659,0.00043856012734359986,0.0004191720195507659,0.0004322292302073603,1908.5461625702712
1791154380,0.0004322292302073603,0.00044790673650187135,0.00042489050998145966,0.0004294920303994503,1985.8675937271228
1791154440,0.0004294920303994503,0.0004352614341814077,0.0004094576605006982,0.000412037845303345,1630.7126485775257
1791154500,0.000412037845303345,0.0004182342664446842,0.00038284905680209774,0.00038284905680209774,2057.5643624745253
1791154560,0.00038284905680209774,0.00038284905680209774,0.00037422683129678636,0.00037576987517899663,902.9439556441741
1791154620,0.00037576987517899663,0.0003841485717558875,0.00037576987517899663,0.00038149595815995397,1172.9921669250184
1791154680,0.00038149595815995397,0.00038149595815995397,0.0003722664634686548,0.00037687206733927906,1156.0057607092072
1791154740,0.00037687206733927906,0.00038079515585641324,0.0003726647343094249,0.000379085743186065,879.6996882327038
1791154800,0.000379085743186065,0.0003891147784651185,0.00037582467409457706,0.0003877413380675955,1076.091544887326
1791154860,0.0003877413380675955,0.00039268794232946236,0.000383473675708347,0.00038963197363932664,1053.686645841855
1791154920,0.00038963197363932664,0.00041098573063054104,0.0003867137267390056,0.0004081174271864798,2423.4476579566735
1791154980,0.0004081174271864798,0.0004197115723834696,0.0004081174271864798,0.0004171678942995355,785.6574854239436
1791155040,0.0004171678942995355,0.00042011339652410447,0.0004107189788287068,0.0004158261649684304,942.8836241513812
1791155100,0.0004158261649684304,0.0004185200271348207,0.0004078753098727861,0.0004135548833632101,935.9237523284045
1791155160,0.0004135548833632101,0.00041602548285496,0.00040668003079731205,0.00041321774912370687,1011.5625036772836
1791155220,0.00041321774912370687,0.00042543121823857634,0.0004079893491798357,0.0004155596924553093,1436.6929178044613
1791155280,0.0004155596924553093,0.0004180266068178969,0.00040898987186482834,0.00040932979468660683,868.2582546745712
1791155340,0.00040932979468660683,0.00041944602606077975,0.0004088860520552561,0.0004168876335211266,859.3461466390002
1791155400,0.0004168876335211266,0.0004224894870760409,0.00041279061448597134,0.0004197841285898227,1182.2968749353636
1791155460,0.0004197841285898227,0.00042262462978710655,0.0004141365480104862,0.00041616423264913483,688.5376214337704
1791155520,0.00041616423264913483,0.0004322324264958019,0.00041463383458355507,0.0004322324264958019,1851.1551801610292
1791155580,0.0004322324264958019,0.0004335329714520106,0.00042511216701271334,0.00042519072478691173,733.9380557253482
1791155640,0.00042519072478691173,0.0004368628758377002,0.00042519072478691173,0.0004341580146714527,1102.5259006853241
1791155700,0.0004341580146714527,0.00043478996680428305,0.0004254048816242512,0.0004329264861276425,987.2552536153673
1791155760,0.0004329264861276425,0.00043433097362887107,0.0004248684980676881,0.00042966981796628995,769.9085488560002
1791155820,0.00042966981796628995,0.0004349429421917397,0.0004213547777733256,0.00042767080617506497,1326.5066480887876
1791155880,0.00042767080617506497,0.00043087692341704336,0.00042254165536720947,0.00043087692341704336,813.8358842812312
1791155940,0.00043087692341704336,0.0004312032020525312,0.0004220277791875394,0.0004312032020525312,934.8685687957891
1791156000,0.0004312032020525312,0.00043139544040857793,0.0004222199498916103,0.00043139544040857793,1008.2885705282101
1791156060,0.00043139544040857793,0.000463915854028043,0.00042352028855589536,0.00045383076942471655,3662.9572483760203
1791156120,0.00045383076942471655,0.00045627039465511257,0.0004469191768848268,0.00044933041828729587,1461.4729164173589
1791156180,0.00044933041828729587,0.00045792628669884754,0.00042196539446627616,0.00042328072768082803,2533.101864606098
1791156240,0.00042328072768082803,0.0004303900361300354,0.000420253238822206,0.0004261705272015189,1663.4325825453175
1791156300,0.0004261705272015189,0.00042863247360315276,0.00041925966853806075,0.00042148900095545754,1518.3357441868004
1791156360,0.00042148900095545754,0.00042893883494762327,0.00041849498854631067,0.0004266168377151126,1843.8858402996862
1791156420,0.0004266168377151126,0.0004295350583207032,0.0004188542139809926,0.0004295350583207032,1691.9772273410995
1791156480,0.0004295350583207032,0.0004295350583207032,0.0004185797343602521,0.0004274571296364015,2462.3356377293153
1791156540,0.0004274571296364015,0.00042753311827336567,0.000419099765244309,0.00041991343735874194,1436.7402968698339
1791156600,0.00041991343735874194,0.0004287513528854124,0.0004192843125924436,0.00042732195599254027,2055.6463952196013
1791156660,0.00042732195599254027,0.0004289711820444026,0.00041997488925583015,0.0004269998702004181,1471.5435292469913
1791156720,0.0004269998702004181,0.0004276991074514167,0.0004158515780632809,0.00042152091750835796,1738.0239630498877
1791156780,0.00042152091750835796,0.00042504705106757027,0.00041623563116441597,0.0004213700662223721,1343.1981520096424
1791156840,0.0004213700662223721,0.00042407381932179516,0.0004161820236360711,0.00042100665935686823,816.9151422838794
1791156900,0.00042100665935686823,0.0004244792695127502,0.00041594037824647386,0.0004162549466576561,886.0296578611659
1791156960,0.0004162549466576561,0.00042496372976279033,0.00039141866862916255,0.00039141866862916255,1999.2788714196106
1791157020,0.00039141866862916255,0.00039314374685908433,0.00037529126696723107,0.00038771802615654406,2231.533637102122
1791157080,0.00038771802615654406,0.00038771802615654406,0.00037984415171022447,0.0003844068194895821,735.8898457003227
1791157140,0.0003844068194895821,0.000386972545311483,0.0003706215902358297,0.0003706215902358297,1199.819660746717
1791157200,0.0003706215902358297,0.0003706215902358297,0.000340796111257931,0.000340796111257931,1997.2917219282158
1791157260,0.000340796111257931,0.0003463617198456665,0.00028761856367590295,0.00028761856367590295,2940.081480212633
1791157320,0.00028761856367590295,0.00029424591871221324,0.0002870901541781348,0.00029290455213738765,1066.0057305841642
1791157380,0.00029290455213738765,0.00031319764242018435,0.0002866650354537808,0.00031319764242018435,2843.9662355327314
1791157440,0.00031319764242018435,0.0003413702061812139,0.00031319764242018435,0.00033111663843847863,1162.544710098161
1791157500,0.00033111663843847863,0.00035289355762242524,0.00033111663843847863,0.0003463371631304697,1452.3076915095683
1791157560,0.0003463371631304697,0.0003576779987285465,0.00034473115808537116,0.00035479547113453485,1396.8439417331003
1791157620,0.00035479547113453485,0.00035772152011677617,0.000350875996783991,0.0003544932373838327,763.6015139482234
1791157680,0.0003544932373838327,0.000357188405458329,0.00035034697603975593,0.00035268111735446006,952.4783826657413
1791157740,0.00035268111735446006,0.00035736733223277865,0.0003499784716245928,0.00035162278253185046,742.9299018022367
1791157800,0.00035162278253185046,0.0003571403300621687,0.0003472221106852949,0.0003551752293701535,1052.0798769584792
1791157860,0.0003551752293701535,0.00035667141197763893,0.00034988684468367434,0.0003548801226957139,930.3100075183664
1791157920,0.0003548801226957139,0.0003611987066482605,0.00033643885971609746,0.00033643885971609746,1762.4613769701482
1791157980,0.00033643885971609746,0.000341116083335769,0.0003119018651706606,0.0003119018651706606,1841.2641594040529
1791158040,0.0003119018651706606,0.0003154070982436463,0.00030887637321306974,0.0003130883586921329,669.1863539931165
1791158100,0.0003130883586921329,0.0003147049639533709,0.0002872375229834769,0.00029090921462957844,1798.5667761519796
1791158160,0.00029090921462957844,0.00029090921462957844,0.00026740178519542963,0.00026740178519542963,1407.9234755701002
1791158220,0.00026740178519542963,0.00027423606608476144,0.00026740178519542963,0.00027288432698821736,718.249457760197
1791158280,0.00027288432698821736,0.00027304046384938615,0.0002578233527186211,0.000266994690806271,1093.598652436915
1791158340,0.000266994690806271,0.00027030308394995685,0.0002543383748391158,0.00025761934546211817,703.034172537866
1791158400,0.00025761934546211817,0.00027899039717737444,0.00025129452576752505,0.00027899039717737444,1420.3838643481215
1791158460,0.00027899039717737444,0.0003249598721049795,0.00027899039717737444,0.0003249598721049795,2784.3608148232884
1791158520,0.0003249598721049795,0.0003385284274253456,0.0003249598721049795,0.0003385284274253456,52.8154970782465
1791158580,0.0003385284274253456,0.0003385284274253456,0.0003383579109995002,0.0003383579109995002,1.1265073083035226
1791158640,0.0003383579109995002,0.0003383579109995002,0.0003319983011636071,0.0003319983011636071,97.05657592301688
1791158700,0.0003319983011636071,0.00033933286759368155,0.0003319983011636071,0.00033819495280284324,426.5911456262503
1791158760,0.00033819495280284324,0.00034031510463503913,0.0003287593070173099,0.0003331023528985495,1153.981930883818
1791158820,0.0003331023528985495,0.000336067738230902,0.00032843095073417655,0.00032955575814573503,691.317549854538
1791158880,0.00032955575814573503,0.0003367578833723709,0.00032955575814573503,0.0003332659314255906,1142.6454909809434
1791158940,0.0003332659314255906,0.00033679788124124687,0.00032583108448614443,0.00032583108448614443,1052.4748247800455
1791159000,0.00032583108448614443,0.0003321667713804304,0.00032257008396178083,0.0003321667713804304,799.9215325904071
1791159060,0.0003321667713804304,0.0003344363748543405,0.0003261436830215809,0.0003322945103636159,1034.6689543384857
1791159120,0.0003322945103636159,0.00033365088678230303,0.00032580635402582877,0.00032809771803748327,845.15497653208
1791159180,0.00032809771803748327,0.0003329698103370407,0.00032504669765718143,0.00032576987219841197,1032.1883695299157
1791159240,0.00032576987219841197,0.00033286693423233556,0.0003253632443461412,0.00033119619973263583,765.1802280048341
1791159300,0.00033119619973263583,0.0003333455462989081,0.00032576995673591034,0.0003284339223417553,809.5091435661905
1791159360,0.0003284339223417553,0.0003325171915121669,0.00032584711932753135,0.00033152005478656024,857.5753044536742
1791159420,0.00033152005478656024,0.00033295586455548494,0.00032615261056269065,0.00033037695397409634,546.7460747279633
1791159480,0.00033037695397409634,0.0003338054982179224,0.0003262116702222098,0.000330247302196991,1217.2973842818333
1791159540,0.000330247302196991,0.0003331475537428209,0.00032665270747514496,0.0003319344393799104,602.4969381998532
1791159600,0.0003319344393799104,0.00033522504628272925,0.0003266858900570754,0.00033300909757808433,885.5571871865441
1791159660,0.00033300909757808433,0.0003362374475506874,0.0003285333070555469,0.00033049376610449127,667.9070852302186
1791159720,0.00033049376610449127,0.0003363940042752632,0.0003288247413440378,0.0003326216092231368,815.67670149439
1791159780,0.0003326216092231368,0.00033546738645059455,0.00032921214825502924,0.00033062765667888,860.0247804850164
1791159840,0.00033062765667888,0.00033537968783702206,0.00029934022444531606,0.00029934022444531606,2453.0661970923456
1791159900,0.00029934022444531606,0.00030490627120877476,0.0002950603409044277,0.000300617569622897,798.9232520106146
1791159960,0.000300617569622897,0.000300617569622897,0.00028073982102847135,0.00028571787510897183,1457.4895932328157
1791160020,0.00028571787510897183,0.0002892652327103483,0.00028373563097219465,0.0002876618237508753,892.2540771442721
1791160080,0.0002876618237508753,0.0002894376645653276,0.0002834500582603161,0.00028433612832296553,696.2080247824161
1791160140,0.00028433612832296553,0.00028870611320215095,0.00027689180942272614,0.0002785587234402971,1159.9168877186519
1791160200,0.0002785587234402971,0.0002817466987200318,0.0002762320911916523,0.00028139940102523363,554.4509955283835
1791160260,0.00028139940102523363,0.00028251774314289773,0.0002756123500556754,0.0002795446957680374,1119.449798246014
1791160320,0.0002795446957680374,0.0002814168182050175,0.0002760366475332034,0.00027712052054055484,682.7850469297866
1791160380,0.00027712052054055484,0.00028179416256478073,0.0002758087144433547,0.0002815253824947485,781.625987114172
1791160440,0.0002815253824947485,0.00028326346161399086,0.00026051653762762235,0.00026051653762762235,1811.8997077020338
1791160500,0.00026051653762762235,0.00026300518850880396,0.00024810194312972474,0.0002558959504891853,1349.7454992269782
1791160560,0.0002558959504891853,0.0002629442193072021,0.0002474022116628922,0.0002585215860812077,2192.0114041934935
1791160620,0.0002585215860812077,0.0002732402366445419,0.0002585215860812077,0.00026788298780598804,1229.2073515418213
1791160680,0.00026788298780598804,0.00027363365225134794,0.0002671698321060299,0.00027363365225134794,956.2499575297618
1791160740,0.00027363365225134794,0.00027363365225134794,0.000267192092936001,0.00027179907732661763,546.9429438709693
1791160800,0.00027179907732661763,0.0002837010538451136,0.0002674931264638879,0.0002802427480214925,1353.7592625193138
1791160860,0.0002802427480214925,0.00029012515122390847,0.0002774643214562119,0.0002890375893444518,1043.2424366891196
1791160920,0.0002890375893444518,0.00029863214637826277,0.00028553491215090255,0.0002923567358848663,1317.4307548418376
1791160980,0.0002923567358848663,0.00030673989744231745,0.0002923567358848663,0.0003003617829559121,1098.9056402301624
1791161040,0.0003003617829559121,0.00031201704344241654,0.0003003617829559121,0.00030533682817779963,974.8451497646541
1791161100,0.00030533682817779963,0.00031262386730126086,0.0003052059527364853,0.0003070820309986432,1003.9960511722031
1791161160,0.0003070820309986432,0.00031215743653233656,0.00030547107469541015,0.00030976801424026867,694.8740870150782
1791161220,0.00030976801424026867,0.0003118550429454007,0.00030530349816376484,0.0003061098774531806,828.4895066062714
1791161280,0.0003061098774531806,0.00031341143568612106,0.0003061098774531806,0.00031014610011123345,793.0215847817027
1791161340,0.00031014610011123345,0.0003131269648458893,0.0003058538538546475,0.00031051599517310926,896.6416097095432
1791161400,0.00031051599517310926,0.00031319206026582126,0.0003064498893013371,0.00031200409128590657,569.5814650820345
1791161460,0.00031200409128590657,0.0003137203206950655,0.00030654021809049613,0.0003137203206950655,1086.2209288743957
1791161520,0.0003137203206950655,0.0003137203206950655,0.00030664749094264126,0.00031185430880245244,708.1067161465744
1791161580,0.00031185430880245244,0.0003137392846382065,0.000306200309970277,0.0003119879522596824,682.4027573597693
1791161640,0.0003119879522596824,0.00031337777090607367,0.0003056838507243682,0.00031337777090607367,1102.7104399153116
1791161700,0.00031337777090607367,0.00031337777090607367,0.00030606634500552466,0.0003071704767481379,797.7642249501454
1791161760,0.0003071704767481379,0.0003128561519190476,0.0003059407205215879,0.00031015084914658576,983.1032293299089
1791161820,0.00031015084914658576,0.0003128819274741607,0.0003062468728880364,0.00030666993994674514,708.4799316230077
1791161880,0.00030666993994674514,0.0003130103220463201,0.00030602237293836474,0.0003080399873691887,960.4668623446585
1791161940,0.0003080399873691887,0.00031273794587294697,0.0003063787920815269,0.0003099838491683204,737.1085006190631
1791162000,0.0003099838491683204,0.0003174217461203028,0.0003065457754791637,0.0003153591316797047,1223.006629841341
1791162060,0.0003153591316797047,0.00031969061327612153,0.00031148802534257695,0.0003173025514256752,799.3281489049955
1791162120,0.0003173025514256752,0.0003360022495955479,0.00031459125812151453,0.0003360022495955479,1616.5997142789379
1791162180,0.0003360022495955479,0.00034460788319641377,0.0003360022495955479,0.00033859631176306706,898.9517070778265
1791162240,0.00033859631176306706,0.0003514756723089274,0.00033832043790528286,0.0003514756723089274,1319.5073669799642
1791162300,0.0003514756723089274,0.0003627701069220647,0.0003499538566647587,0.00036071056330958277,1028.9695577547818
1791162360,0.00036071056330958277,0.0003652696432606714,0.0003571115303028153,0.0003619039400901939,852.4911918841486
1791162420,0.0003619039400901939,0.00036483057881513565,0.000357847600816474,0.000357847600816474,1154.5080974769376
1791162480,0.000357847600816474,0.0003647967202069267,0.000357847600816474,0.0003608381666919884,693.7348845384638
1791162540,0.0003608381666919884,0.0003649581909673085,0.00035789604101276617,0.0003625513840966283,425.4229620281682
1791162600,0.0003625513840966283,0.0003653135669702987,0.0003570836842039569,0.0003622289375493962,840.9175344273849
1791162660,0.0003622289375493962,0.0003649862254589335,0.0003566721202395628,0.0003566721202395628,505.1770014762972
1791162720,0.0003566721202395628,0.000364137957889613,0.0003522411734918079,0.0003583398539774246,788.2803145898591
1791162780,0.0003583398539774246,0.0003590365558493523,0.0003512172666786604,0.0003581954960963569,881.4658047777748
1791162840,0.0003581954960963569,0.0003596448873966347,0.0003512800154807951,0.0003512800154807951,551.7875541183047
1791162900,0.0003512800154807951,0.00035899365106000246,0.0003510808057211861,0.00035684745429817897,662.9244785684098
1791162960,0.00035684745429817897,0.0003620159070101368,0.0003542836291175336,0.00035887194749515143,803.5571515799011
1791163020,0.00035887194749515143,0.0003610631350250364,0.00035475699612671173,0.00035475699612671173,172.41606981115342
1791163080,0.00035475699612671173,0.00036218683258247553,0.00035475699612671173,0.00035952658335158675,713.4100887910631
1791163140,0.00035952658335158675,0.0003633244189636771,0.0003553735768675646,0.0003633244189636771,683.3903648619186
1791163200,0.0003633244189636771,0.00036752140072578594,0.000360160827180568,0.00036620630395901925,717.5768386239196
1791163260,0.00036620630395901925,0.0003665075017705851,0.0003600533349619122,0.0003600533349619122,335.7688752795773
1791163320,0.0003600533349619122,0.00036735147601876393,0.0003600533349619122,0.00036039895951449054,396.66351601535496
1791163380,0.00036039895951449054,0.00036846629874082897,0.00035958763907389,0.00036734995301573945,724.1184826620321
1791163440,0.00036734995301573945,0.00036892824584770876,0.0003626195345181704,0.00036892824584770876,466.6566136464016
1791163500,0.00036892824584770876,0.0003708035340327159,0.0003624214396622953,0.0003673889118144591,592.6758143381086
1791163560,0.0003673889118144591,0.0003705752269559455,0.0003630059040369263,0.00036461285798487515,795.2250779412867
1791163620,0.00036461285798487515,0.00037037880667643006,0.00036391365333559526,0.0003702704897757464,528.6049679423427
1791163680,0.0003702704897757464,0.00037106843295052,0.0003642461180384375,0.00037106843295052,395.44760321162164
1791163740,0.00037106843295052,0.0003718678597018312,0.00036446113234395253,0.00036645173248758914,711.3748842613091
1791163800,0.00036645173248758914,0.00037112510994111826,0.00036324740110435386,0.0003648563619119797,504.2703563369523
1791163860,0.0003648563619119797,0.00037017019563825984,0.00036362034734633224,0.00036785282061072407,387.74797591429325
1791163920,0.00036785282061072407,0.00037114057252943077,0.00036449664699712055,0.0003680225765542686,647.761851220442
1791163980,0.0003680225765542686,0.000370319052183385,0.00036271560147615285,0.0003692115583508262,732.5565417676772
1791164040,0.0003692115583508262,0.0003697123401284612,0.00036298820388456105,0.00036419491926354373,398.2259276331314
1791164100,0.00036419491926354373,0.0003724881243094519,0.0003625684438655832,0.00036870774159510967,753.1050775331613
1791164160,0.00036870774159510967,0.00037241304007155744,0.0003647047920546697,0.00037080760960493865,663.4896772115044
1791164220,0.00037080760960493865,0.00037245634599469607,0.0003654985498967584,0.00036938602159092206,556.4292716214718
1791164280,0.00036938602159092206,0.0003724212993348226,0.00036613487405191423,0.0003707868568457691,425.3039222389039
1791164340,0.0003707868568457691,0.0003750053872805473,0.0003671018739052185,0.0003715063467570034,823.258439078857
1791164400,0.0003715063467570034,0.00037549311975832117,0.00036750384494900864,0.00036797662757389845,477.08304384799027
1791164460,0.00036797662757389845,0.0003739598073898084,0.00036580475050184547,0.0003701475885695742,554.3120268487505
1791164520,0.0003701475885695742,0.0003849620133637056,0.00036656773951159886,0.0003849620133637056,1864.2973637789316
1791164580,0.0003849620133637056,0.0003901808043976386,0.0003780920271157038,0.00038885343345824243,786.6901012989313
1791164640,0.00038885343345824243,0.0003933120079064873,0.00038393790620641134,0.0003899178534517538,587.6360359226394
1791164700,0.0003899178534517538,0.0003943214522864075,0.0003865794735130071,0.00039276688141991087,830.5460211005714
1791164760,0.00039276688141991087,0.0003930463483374206,0.0003857055983742159,0.0003857055983742159,398.81269487194993
1791164820,0.0003857055983742159,0.00039465198362158933,0.0003857055983742159,0.0003860070295914003,476.4276128824321
1791164880,0.0003860070295914003,0.0003938232644313609,0.00038568921558458424,0.000387199612388075,702.5940573000564
1791164940,0.000387199612388075,0.0003923653452765195,0.00038379640998256027,0.0003906618879460072,660.5818275429868
1791165000,0.0003906618879460072,0.0003966133668233406,0.0003837972886439507,0.0003883677755406211,663.3937127263328
1791165060,0.0003883677755406211,0.00039670084018875927,0.0003883677755406211,0.0003895169863997891,778.4340697607248
1791165120,0.0003895169863997891,0.00039634218615633616,0.0003894879718618107,0.0003943242344731189,450.9712611798279
1791165180,0.0003943242344731189,0.0003971116912533283,0.00038909644975121713,0.0003955042943910333,368.3361720267809
1791165240,0.0003955042943910333,0.00039751386160150455,0.0003895597081060443,0.00039064347167320465,552.5583530057254
1791165300,0.00039064347167320465,0.0004036128227560579,0.00038982499699431636,0.0004036128227560579,1624.2089665640635
1791165360,0.0004036128227560579,0.00040750295476324407,0.00039962491848992437,0.0004044522454290857,555.5302373339114
1791165420,0.0004044522454290857,0.0004084592233442745,0.0003995173654721822,0.0003995173654721822,547.113133542341
1791165480,0.0003995173654721822,0.0004079527482876492,0.0003988880338361015,0.000406922506826506,770.337899401107
1791165540,0.000406922506826506,0.0004078755672302598,0.0003963076591538517,0.0003963076591538517,714.7879073962768
1791165600,0.0003963076591538517,0.0004025911098593009,0.00039447011036823165,0.0004011788553442405,495.74560542041974
1791165660,0.0004011788553442405,0.000403786569953673,0.0003863646897519163,0.0003920672282834267,1046.57169797091
1791165720,0.0003920672282834267,0.0003920672282834267,0.0003816799129237547,0.0003884392158839474,692.758544628584
1791165780,0.0003884392158839474,0.0003890328468077364,0.0003817179774479722,0.00038661880340239076,503.88820399074956
1791165840,0.00038661880340239076,0.0003887316480085251,0.0003822009780652746,0.0003866774359625102,558.8904068774683
1791165900,0.0003866774359625102,0.00039165074089338056,0.0003823573388218809,0.0003823573388218809,516.8534548159437
1791165960,0.0003823573388218809,0.00039046283848977816,0.0003823573388218809,0.000389234598526637,487.13832838335577
1791166020,0.000389234598526637,0.00039073535290179407,0.00038265767948571596,0.00038747314300711705,659.6141948118607
1791166080,0.00038747314300711705,0.00039219572312206843,0.0003825197496952728,0.0003902842364755929,587.2285988949982
1791166140,0.0003902842364755929,0.00039211234872537243,0.00038510382765265526,0.0003899608744699141,390.5884492078062
1791166200,0.0003899608744699141,0.0003921197999054934,0.00038486645087897585,0.0003921197999054934,596.4118921174136
1791166260,0.0003921197999054934,0.0003932163071138903,0.0003856347858432527,0.0003911978837638284,567.1568936092748
1791166320,0.0003911978837638284,0.00039393649367986837,0.00038622994652184666,0.0003900543629039016,526.01155604824
1791166380,0.0003900543629039016,0.0003940044382845193,0.00038501882341167125,0.0003898931527932169,591.9902760966711
1791166440,0.0003898931527932169,0.0003931833362327123,0.00038547004917028954,0.00039277104545826875,785.0790412105647
1791166500,0.00039277104545826875,0.00039277104545826875,0.00038532045733451393,0.00038532045733451393,373.4504181424148
1791166560,0.00038532045733451393,0.00039408502206621297,0.00038532045733451393,0.0003920222026080406,460.41541894945186
1791166620,0.0003920222026080406,0.00039580626908321194,0.00038803886499671087,0.0003929342923074211,797.4044225900134
1791166680,0.0003929342923074211,0.00039586295628250205,0.00038897471736129845,0.0003890968492929119,580.9227653076385
1791166740,0.0003890968492929119,0.00039708811227112033,0.0003890968492929119,0.00039502546152057205,619.289402766048
1791166800,0.00039502546152057205,0.0003989284006209475,0.00039058628993015666,0.00039323625249625886,1580.8901712566706
1791166860,0.00039323625249625886,0.00039920460823816194,0.0003903320561706684,0.0003959187226456118,1317.7678751729152
1791166920,0.0003959187226456118,0.00040656421264480914,0.0003919398779623862,0.0004004815109842582,1735.4804238894808
1791166980,0.0004004815109842582,0.0004072122088809327,0.00039871341893618986,0.00040390656244661743,1317.4324674208178
1791167040,0.00040390656244661743,0.0004091220196884826,0.0003993614628185932,0.0004026946313639367,1429.147432340039
1791167100,0.0004026946313639367,0.00041128444098750166,0.00040202624484524525,0.0004074034881047447,1327.42047454099
1791167160,0.0004074034881047447,0.0004117392712612595,0.00040305279368063216,0.00040347904343912165,1751.4130198630296
1791167220,0.00040347904343912165,0.000413982103687478,0.00040329882864658707,0.0004113740750143956,1353.5920436460176
1791167280,0.0004113740750143956,0.00041511579699260567,0.0004065182079566276,0.00041158834784496887,1415.474994057835
1791167340,0.00041158834784496887,0.000415240495619426,0.00040622047819775033,0.00041184849656521427,1368.713553796242
1791167400,0.00041184849656521427,0.00041817865769892663,0.0004087073962822424,0.0004153814263634589,1546.1733254601868
1791167460,0.0004153814263634589,0.0004204307948802423,0.0004102895827715615,0.0004172272992517944,1840.0985310500537
1791167520,0.0004172272992517944,0.00042254501257129706,0.00041340488306807166,0.000419759313696182,1170.5978266767652
1791167580,0.000419759313696182,0.00042882883094560336,0.00041529567690328585,0.00042882883094560336,2175.8081416824457
1791167640,0.00042882883094560336,0.00042988395330813246,0.00042017807960021385,0.0004257210432273447,1411.9796466729404
1791167700,0.0004257210432273447,0.00042985675425498215,0.00042123764617868183,0.00042797024642166314,1304.3997156314733
1791167760,0.00042797024642166314,0.00043253543733015246,0.00042090793423695336,0.00042676555666453143,1522.0149694311363
1791167820,0.00042676555666453143,0.000432204587292118,0.0004213068897944407,0.0004277774105611934,1438.685699309532
1791167880,0.0004277774105611934,0.0004348583604548766,0.0004237539071305687,0.00043262214546557363,1511.1894968208744
1791167940,0.00043262214546557363,0.0004351773856694479,0.00042529009076721535,0.0004332956703244607,1506.4512540857736
1791168000,0.0004332956703244607,0.00043771263323240443,0.00042602567803162885,0.00043512327052389955,1731.1120855197225
1791168060,0.00043512327052389955,0.00044057145728037416,0.0004314829042630889,0.00043974943215226256,1268.6979376460247
1791168120,0.00043974943215226256,0.00044414106177343365,0.00043292989783719655,0.00043800220455251354,1756.7228309998645
1791168180,0.00043800220455251354,0.0004467719019500084,0.00043692275098923533,0.0004431531071380785,1343.973729881202
1791168240,0.0004431531071380785,0.0004474914138190593,0.00043729420624969096,0.00044551062624333907,1469.1171246906506
1791168300,0.00044551062624333907,0.0004510012622816162,0.00043782447943684327,0.00044713772510134074,1433.4300400931047
1791168360,0.00044713772510134074,0.0004538851638067118,0.0004438421723886857,0.00045137130921800884,1720.0473795897578
1791168420,0.00045137130921800884,0.00045975001507160605,0.0004431231872752936,0.00045707360225113054,1821.0900170591963
1791168480,0.00045707360225113054,0.00047570297766980595,0.00045157835886215956,0.00047403519165315297,2019.9713953338842
1791168540,0.00047403519165315297,0.0004764480439701504,0.0004663074669305804,0.0004738904827207038,1405.9907027085492
1791168600,0.0004738904827207038,0.0004751791906071097,0.000464977018236551,0.0004721553868454967,1443.5724717794733
1791168660,0.0004721553868454967,0.0004758780841540139,0.00046611195396069474,0.00047301893820682757,1299.1589251055873
1791168720,0.00047301893820682757,0.00047651811845681656,0.00046665452277365455,0.0004750663821951961,1592.617083106281
1791168780,0.0004750663821951961,0.00048022501843677736,0.0004699011697434404,0.00047876202563789776,1616.3381174737963
1791168840,0.00047876202563789776,0.00047903368931993346,0.0004589681307261448,0.00046503666739885986,1484.7575815843668
1791168900,0.00046503666739885986,0.00046932764170393463,0.00045939143437511234,0.00046710691748901907,1839.5569307745925
1791168960,0.00046710691748901907,0.00046879794530886576,0.00045967719267721893,0.00045967719267721893,1426.2662752585923
1791169020,0.00045967719267721893,0.000468853398150844,0.0004589847440046472,0.0004678670954871318,1155.188988877119
1791169080,0.0004678670954871318,0.00046857299859039825,0.00045923325431603955,0.00045923325431603955,1463.289906511568
1791169140,0.00045923325431603955,0.0004671435161927366,0.00043797845131057946,0.00043797845131057946,2569.3556029330707
1791169200,0.00043797845131057946,0.00043797845131057946,0.00039594088053106636,0.00040118637732400303,2149.2873645102927
1791169260,0.00040118637732400303,0.00040464618863077077,0.00039599881460257636,0.0003962908629884645,1322.3521780972746
1791169320,0.0003962908629884645,0.0004043430211616658,0.00039559412174354974,0.00040166105739408345,1721.7650021417655
1791169380,0.00040166105739408345,0.0004061774827486861,0.0003954875486361923,0.0003954875486361923,1454.3604271368451
1791169440,0.0003954875486361923,0.000403223464911453,0.000394744546586867,0.0004005984502865091,1709.4167880063153
1791169500,0.0004005984502865091,0.00040368047916538295,0.0003949432960291327,0.0004034804730357751,1237.4362968277244
1791169560,0.0004034804730357751,0.0004034804730357751,0.0003945743143000264,0.00039488830796578864,907.6385607921343
1791169620,0.00039488830796578864,0.0004063407062233572,0.00039094613794389706,0.0003990772268308025,1996.722758609747
1791169680,0.0003990772268308025,0.0004055748362434869,0.00039677717356495127,0.0004036361399386269,1479.2381401526163
1791169740,0.0004036361399386269,0.0004046363086279911,0.0003910041334684581,0.00039155831448250695,1492.7984400912023
1791169800,0.00039155831448250695,0.0003970303005373919,0.00034650915084523723,0.00034650915084523723,2880.065887162786
1791169860,0.00034650915084523723,0.0003499314440805546,0.0003210016794872639,0.0003210016794872639,2402.0474519388167
1791169920,0.0003210016794872639,0.00032611392182572437,0.00031668813127825105,0.00031788939553732345,1598.5039040167705
1791169980,0.00031788939553732345,0.000324703573250512,0.0003171425783596146,0.00032361724919015007,1370.5465400783169
1791170040,0.00032361724919015007,0.0003248181267077072,0.00031766647834974727,0.0003248181267077072,1362.2989732275907
1791170100,0.0003248181267077072,0.0003248181267077072,0.00031763450199269444,0.00031926772333109086,1160.2483150953462
1791170160,0.00031926772333109086,0.00032375210311959,0.0002876345510931836,0.0002921880099675455,2568.8935490642575
1791170220,0.0002921880099675455,0.000294056408043219,0.00026486290777723065,0.0002681809044329469,2453.1227665715724
1791170280,0.0002681809044329469,0.00027188266987295434,0.0002648488154859315,0.0002690490195791832,1147.6081082808064
1791170340,0.0002690490195791832,0.00027603142049398695,0.0002657609958767961,0.00027445804097506193,1551.5574208737917
1791170400,0.00027445804097506193,0.000279513377045832,0.0002719560241015686,0.000279513377045832,1556.5576903306796
1791170460,0.000279513377045832,0.0002796743188007143,0.00027348720338810106,0.000273828930081805,785.4298112996
1791170520,0.000273828930081805,0.0002795627232061681,0.00027353817347648457,0.00027767848037155884,423.5343655242976
1791170580,0.00027767848037155884,0.000280543060850673,0.00027399942839862373,0.000277738160070005,658.3646258066389
1791170640,0.000277738160070005,0.00027983934712150346,0.0002743422331538076,0.0002777742040903945,358.3610201026798
1791170700,0.0002777742040903945,0.0002808352629938213,0.00027301558034605023,0.00027648803593335544,604.8308079389094
1791170760,0.00027648803593335544,0.00027847821657342843,0.00027261238879547724,0.000274572303014651,426.53227360520253
1791170820,0.000274572303014651,0.00027913290463308185,0.00027314453808463654,0.00027739891613088637,708.8061468598344
1791170880,0.00027739891613088637,0.00027819681464771434,0.00027273552863985555,0.0002763371731879358,404.38347990473557
1791170940,0.0002763371731879358,0.0002791618984379557,0.0002730356119910045,0.0002773300973053346,473.11968503067277
1791171000,0.0002773300973053346,0.00027921581012433727,0.000273592675925414,0.000274265645115037,652.8212299508714
1791171060,0.000274265645115037,0.0002800479893438957,0.00027380267963895494,0.0002778595416754493,520.8627729243917
1791171120,0.0002778595416754493,0.0002799290117301254,0.00027197096537454583,0.00027197096537454583,624.8439644138984
1791171180,0.00027197096537454583,0.00027749638958947495,0.0002703809455772949,0.00027044619449865295,673.7237235436546
1791171240,0.00027044619449865295,0.0002758230299451058,0.0002702706397061941,0.0002702706397061941,392.57468458873603
1791171300,0.0002702706397061941,0.00027695889457283416,0.0002699911976375386,0.000276381686059232,516.0670581816968
1791171360,0.000276381686059232,0.000276381686059232,0.00026942665272495516,0.000269913935325819,682.613603019776
1791171420,0.000269913935325819,0.0002748173484495514,0.0002687111657048714,0.000273115324288958,598.7347257709556
1791171480,0.000273115324288958,0.00028308949090563536,0.000273115324288958,0.00027995219806206515,930.5212908474907
1791171540,0.00027995219806206515,0.0002833668201944226,0.0002766045528102608,0.00028047158645490056,728.7457397126346
1791171600,0.00028047158645490056,0.0002826537811436581,0.00027708085790275705,0.0002805249664509312,367.6090745309684
1791171660,0.0002805249664509312,0.0002824708908452629,0.00027728116161762997,0.0002819830907135922,470.87998987965386
1791171720,0.0002819830907135922,0.00028241914159931735,0.00027680703792358935,0.00027717441203487425,384.7635022542321
1791171780,0.00027717441203487425,0.0002830894011443997,0.0002764374615068971,0.0002782565059940356,730.8700202671464
1791171840,0.0002782565059940356,0.00028309719500680113,0.00027614615899171233,0.00027614615899171233,462.53553620041663
1791171900,0.00027614615899171233,0.0002823968041035139,0.00027614615899171233,0.0002787026339784163,471.81305551649297
1791171960,0.0002787026339784163,0.0002822950983036439,0.0002765542345879181,0.00028209567996555896,675.6568621328926
1791172020,0.00028209567996555896,0.00028209567996555896,0.00027702256144566625,0.0002816518431117012,328.76739801478044
1791172080,0.0002816518431117012,0.00028360584401384035,0.0002770685748360915,0.000280339851233384,630.0486258821793
1791172140,0.000280339851233384,0.0002827624899815257,0.00027763244950318173,0.0002822104996456601,740.2018980807285
1791172200,0.0002822104996456601,0.00028383096545297955,0.00027701425230103777,0.0002805071448918653,533.7189640360883
1791172260,0.0002805071448918653,0.00028200040428486066,0.0002761368550387145,0.0002777358870061748,452.54167084382794
1791172320,0.0002777358870061748,0.00028194761624415385,0.0002752893594161054,0.00027744376150846473,722.7242270285601
1791172380,0.00027744376150846473,0.0002813301526508891,0.00027550114144457257,0.00027690516026042064,551.8406751865057
1791172440,0.00027690516026042064,0.00028172411663866115,0.0002744205271698243,0.00028172411663866115,645.7612474394434
1791172500,0.00028172411663866115,0.00028172411663866115,0.0002751250604971531,0.0002798042376672199,743.9592678204909
1791172560,0.0002798042376672199,0.0002813977946920813,0.00027486633014396763,0.00027486633014396763,507.478232302858
1791172620,0.00027486633014396763,0.0002798859360658723,0.00027435776680697336,0.00027795684439129614,457.4010448631322
1791172680,0.00027795684439129614,0.0002801867574040449,0.0002738282241987391,0.0002738282241987391,851.3368404347856
1791172740,0.0002738282241987391,0.00028031592220727913,0.0002738282241987391,0.0002776373237420418,1131.0212673309638
1791172800,0.0002776373237420418,0.00029274991992104795,0.00027460499314778706,0.0002873570221548641,1656.7744225728875
1791172860,0.0002873570221548641,0.0002934697691359219,0.0002869096650222121,0.00029113964917304154,1391.212808980004
1791172920,0.00029113964917304154,0.0002933072576211123,0.00028652368836170656,0.00029059541239627034,1303.0805283976258
1791172980,0.00029059541239627034,0.0003047399181027397,0.00029059541239627034,0.0003046038636544669,1744.7949733826354
1791173040,0.0003046038636544669,0.00030714519437183117,0.0002995336785677756,0.00030714519437183117,1379.5237406036929
1791173100,0.00030714519437183117,0.0003088684712393567,0.0003017419093759855,0.0003031282360579091,1352.136265108672
1791173160,0.0003031282360579091,0.00030920140940129964,0.0003023006321899574,0.00030920140940129964,958.954580822071
1791173220,0.00030920140940129964,0.00031020582898401503,0.0003031652179259022,0.00030636347188346956,1383.986176889529
1791173280,0.00030636347188346956,0.0003098984550077708,0.00030261185359721927,0.00030445379014026994,1394.6679318856338
1791173340,0.00030445379014026994,0.0003122499693708704,0.00030250870628085894,0.0003122499693708704,1646.3853198101015
1791173400,0.0003122499693708704,0.000320342051610578,0.0003122499693708704,0.00031947034606242164,1214.637446833985
1791173460,0.00031947034606242164,0.0003204445108879719,0.00031380289632213025,0.0003180089830730269,1314.37183593899
1791173520,0.0003180089830730269,0.00032051352277640493,0.0003132741177498125,0.0003173662101359261,1136.151052520109
1791173580,0.0003173662101359261,0.0003201503277224391,0.000313700011751643,0.0003153740739696857,698.7204014315914
1791173640,0.0003153740739696857,0.000321218832349978,0.0003144257081515738,0.0003161651487565734,837.5566053653341
1791173700,0.0003161651487565734,0.0003200006017830958,0.00031380054122691196,0.00031775470908209215,497.3433481414902
1791173760,0.00031775470908209215,0.0003201399756341964,0.0003135410742413641,0.0003198722978649653,641.5689405893054
1791173820,0.0003198722978649653,0.00032028256281179274,0.0003136403945537071,0.0003196715994144706,582.5296345250423
1791173880,0.0003196715994144706,0.00032034672718384287,0.0003138305088865436,0.0003146368106862643,661.1666767968821
1791173940,0.0003146368106862643,0.000319941174317122,0.00031324791360715033,0.00031390789499054645,695.030977428175
1791174000,0.00031390789499054645,0.00032040922915412007,0.0003137526363283257,0.00031389346440271814,695.8279484012369
1791174060,0.00031389346440271814,0.0003205065728214265,0.00031379339333758883,0.0003140199047448622,846.6192788042608
1791174120,0.0003140199047448622,0.00031962754123963726,0.0003134579551294135,0.00031904901129326056,692.2130945638148
1791174180,0.00031904901129326056,0.00032049752157207193,0.0003135758264277825,0.0003182101898843975,796.0184401193181
1791174240,0.0003182101898843975,0.0003206975318659001,0.00031348903959100123,0.0003206975318659001,486.19923975277857
1791174300,0.0003206975318659001,0.0003206975318659001,0.00031432660999300925,0.00031516658117150884,453.9400332424002
1791174360,0.00031516658117150884,0.000321055837073941,0.0003144661387148116,0.00031820600064136036,997.4167984194987
1791174420,0.00031820600064136036,0.00032514665549533803,0.0003143955177319571,0.0003234821089682625,990.6130816366789
1791174480,0.0003234821089682625,0.0003322769928751157,0.0003234821089682625,0.000327060270381029,1008.0521994183877
1791174540,0.000327060270381029,0.00033301229515418006,0.0003252891072098631,0.0003252891072098631,820.104714667183
1791174600,0.0003252891072098631,0.00033319679760450204,0.0003252891072098631,0.0003315415123602419,672.1584325689267
1791174660,0.0003315415123602419,0.00033325672439677155,0.0003134418634999423,0.0003134418634999423,1438.593816128489
1791174720,0.0003134418634999423,0.000319038697885052,0.0003126287621096789,0.00031784390833118284,714.6653936444147
1791174780,0.00031784390833118284,0.0003199994309082838,0.000313393137645315,0.0003170769215592566,854.8653174702877
1791174840,0.0003170769215592566,0.0003202026072491517,0.0003128597085033443,0.00031970092560970164,549.3272508640113
1791174900,0.00031970092560970164,0.00031970092560970164,0.00031309605945525486,0.00031699269491221484,702.8698620621773
1791174960,0.00031699269491221484,0.00031986225152202144,0.0003130330011212554,0.00031986225152202144,639.1185844490368
1791175020,0.00031986225152202144,0.0003200810945919308,0.0003137510629115923,0.00031793728384875425,794.0924078433947
1791175080,0.00031793728384875425,0.00032056532676557036,0.0003130438155430575,0.00031359172864169657,744.8463987435674
1791175140,0.00031359172864169657,0.0003220284314077015,0.00031288762137702793,0.00031694275574929796,931.5080488330135
1791175200,0.00031694275574929796,0.0003229308797628903,0.000315866822885305,0.000315866822885305,723.1532456026596
1791175260,0.000315866822885305,0.0003226114605123166,0.000315866822885305,0.0003162177366358422,646.0023624489263
1791175320,0.0003162177366358422,0.00032350480046458867,0.0003162177366358422,0.00031716753307349803,802.083713766302
1791175380,0.00031716753307349803,0.00033719468110135655,0.0003165209704239128,0.00033196968445530216,1020.5907713628945
1791175440,0.00033196968445530216,0.0003386946138688046,0.00033113562146071517,0.0003365820277381627,821.4353013523463
1791175500,0.0003365820277381627,0.0003418316406761446,0.00033362880656612393,0.0003383191044362282,782.4632556584769
1791175560,0.0003383191044362282,0.00034159278121678163,0.00033364823776825927,0.0003378558199081956,696.6362610339902
1791175620,0.0003378558199081956,0.0003417034380677113,0.00033419649778454073,0.00033419649778454073,849.8739802584762
1791175680,0.00033419649778454073,0.00034079550508072135,0.00033419649778454073,0.00033581650590510775,738.0750763788557
1791175740,0.00033581650590510775,0.00034656964313653396,0.00033581650590510775,0.0003402134059629539,844.0980629728282
1791175800,0.0003402134059629539,0.0003451379964612529,0.00033820694985056725,0.00033820694985056725,675.1045415179085
1791175860,0.00033820694985056725,0.00034473319057117495,0.0003377470542034712,0.00033843698707905495,768.2284202882967
1791175920,0.00033843698707905495,0.00034453325601291535,0.00033843698707905495,0.000339039851836382,618.3634882249424
1791175980,0.000339039851836382,0.0003449476391285187,0.0003376968258853073,0.0003376968258853073,444.25081573164044
1791176040,0.0003376968258853073,0.0003457772614032966,0.0003376968258853073,0.0003395479445102227,731.216346513019
1791176100,0.0003395479445102227,0.00034824407275735623,0.0003379597142477669,0.0003457933260216561,956.4524278862439
1791176160,0.0003457933260216561,0.00034858745495024423,0.0003417734480128971,0.00034191098138831183,550.3524431691411
1791176220,0.00034191098138831183,0.0003496334090807393,0.00034191098138831183,0.0003463184305695532,574.0400540362382
1791176280,0.0003463184305695532,0.0003495437464132782,0.0003424677129683861,0.00034344538502543536,669.3293425437998
1791176340,0.00034344538502543536,0.0003501169497155194,0.00034270570032955537,0.0003447031453588261,710.7370356067623
1791176400,0.0003447031453588261,0.00035162422853193066,0.00034339413301818757,0.0003508282096438935,967.6687643251421
1791176460,0.0003508282096438935,0.00035191050911546727,0.0003416593977721123,0.00034805710943015464,830.741371172145
1791176520,0.00034805710943015464,0.00034805710943015464,0.00033315263252336677,0.00033315263252336677,1053.4568477438818
1791176580,0.00033315263252336677,0.00033315263252336677,0.00032551586512208634,0.0003268469156839788,705.7090700437193
1791176640,0.0003268469156839788,0.000339599086810626,0.00032639128366090345,0.0003321449168395855,942.3766918708453
1791176700,0.0003321449168395855,0.000340530970350453,0.0003321449168395855,0.0003378850379142764,728.0713130065856
1791176760,0.0003378850379142764,0.0003386661298356343,0.0003324386980456764,0.0003367861417069801,503.87062772552895
1791176820,0.0003367861417069801,0.0003409181924904846,0.0003336663994532856,0.0003408731344324769,766.9549926221118
1791176880,0.0003408731344324769,0.0003410946637031556,0.0003344585906558579,0.0003403422687789648,700.3270507176079
1791176940,0.0003403422687789648,0.0003418425227319303,0.0003339255652740723,0.00033947884919064076,727.9215010002422
1791177000,0.00033947884919064076,0.0003409150156166353,0.0003334238500693757,0.00033829530275716066,748.1056987321443
1791177060,0.00033829530275716066,0.0003406806774329709,0.0003344588327337342,0.0003406806774329709,429.0038987859361
1791177120,0.0003406806774329709,0.00034147736490380875,0.000334158269829412,0.0003403456023609253,815.854829680091
1791177180,0.0003403456023609253,0.00034108343354813847,0.0003336924935258967,0.0003348030915295442,788.1737578918396
1791177240,0.0003348030915295442,0.00034046953375835423,0.00033329147887929206,0.0003377978894970786,750.2976163744447
1791177300,0.0003377978894970786,0.0003411325678633825,0.0003341253523456623,0.0003377414848201914,713.6090093801901
1791177360,0.0003377414848201914,0.00034090671975318525,0.00033323370753636316,0.00034090671975318525,657.2571243371633
1791177420,0.00034090671975318525,0.0003409147279990016,0.00033322914150177004,0.0003385137395757634,686.9057035862686
1791177480,0.0003385137395757634,0.0003421851411532296,0.0003339253056751011,0.0003398915643336194,764.6652677766264
1791177540,0.0003398915643336194,0.00034082218701342185,0.00033376612913226704,0.00033853647025196244,715.4003689698355
1791177600,0.00033853647025196244,0.00034193067572001916,0.00033366469466530174,0.00033993400187239575,788.0876068829494
1791177660,0.00033993400187239575,0.00033997764389357327,0.00033341486221898103,0.00033341486221898103,364.00646335052966
1791177720,0.00033341486221898103,0.00034023630922694673,0.00033327856287039125,0.00033327856287039125,604.4864449505291
1791177780,0.00033327856287039125,0.0003414771224575076,0.0003332210399219134,0.00033763641359164833,751.8392266780586
1791177840,0.00033763641359164833,0.0003409506542858984,0.0003330699840267945,0.0003342020908197867,851.0315670140438
1791177900,0.0003342020908197867,0.00034123493334035026,0.0003337270273817044,0.00033949558251139826,649.7895695159775
1791177960,0.00033949558251139826,0.0003429048757274903,0.00033603760088126924,0.0003425841595346565,761.0396230948398
1791178020,0.0003425841595346565,0.0003433162061010804,0.0003361360375294028,0.0003365149513498593,477.14135787321067
1791178080,0.0003365149513498593,0.00034606113318643794,0.00033571678701274616,0.0003446017184338245,921.1693612908283
1791178140,0.0003446017184338245,0.00034602859970066024,0.000338630267368425,0.0003444226636931172,649.806938522325
1791178200,0.0003444226636931172,0.00034588163553016173,0.0003388531192572309,0.00034588163553016173,452.97064282719106
1791178260,0.00034588163553016173,0.000346170835464913,0.0003389973361786098,0.0003399687895012438,754.9596367043625
1791178320,0.0003399687895012438,0.0003476518993251261,0.0003387479359913862,0.00034059471539114986,784.18160985344
1791178380,0.00034059471539114986,0.0003487445276396983,0.00034059471539114986,0.00034807511953853157,871.2007334341833
1791178440,0.00034807511953853157,0.00034807511953853157,0.00034168980205874565,0.0003477867146027518,685.8526711144705
1791178500,0.0003477867146027518,0.00034853601706371094,0.00034197884987422145,0.00034853601706371094,653.0466452012245
1791178560,0.00034853601706371094,0.00034959339138937304,0.00034150230903758804,0.0003461739598427858,877.672174078384
1791178620,0.0003461739598427858,0.0003494505749927006,0.00034162414549537997,0.0003494505749927006,770.2685209211958
1791178680,0.0003494505749927006,0.00035002098259757843,0.000342249668775553,0.0003480346220481238,833.410447444207
1791178740,0.0003480346220481238,0.0003487196209907771,0.0003417236057051112,0.0003472724052176582,472.95705655923985
1791178800,0.0003472724052176582,0.00034944626126554826,0.0003428545098433805,0.0003470498830048747,794.2007229881677
1791178860,0.0003470498830048747,0.0003497974053870101,0.0003420693985762695,0.0003489330192566569,768.2954043708366
1791178920,0.0003489330192566569,0.00035362008683931256,0.0003416705500455082,0.00035362008683931256,1351.5300811441593
1791178980,0.00035362008683931256,0.0003621934747778181,0.00035360632283529795,0.00035565657980566196,728.7454491056802
1791179040,0.00035565657980566196,0.0003623842683727584,0.00035398789409782426,0.0003592053017622422,656.4515667176872
1791179100,0.0003592053017622422,0.0003624277998473274,0.00035385218897760455,0.0003574886844658184,912.9314913302018
1791179160,0.0003574886844658184,0.00036250076692312465,0.00035523784896456494,0.00036090915286826576,925.129512712131
1791179220,0.00036090915286826576,0.0003642384912113016,0.00035705543949221183,0.00036106882710765725,777.0551455582299
1791179280,0.00036106882710765725,0.0003638548782845706,0.00035602513765241995,0.0003618308722130024,712.4470484213666
1791179340,0.0003618308722130024,0.0003637994305499649,0.00035604163299140303,0.000356120593182163,433.25248545619417
1791179400,0.000356120593182163,0.00036327233891152134,0.00034298551615469643,0.00034298551615469643,1683.8642997256018
1791179460,0.00034298551615469643,0.00034298551615469643,0.00033166950899896904,0.00033166950899896904,860.0011613453389
1791179520,0.00033166950899896904,0.0003391388593166496,0.00033166950899896904,0.00033372060970592417,789.2215761226714
1791179580,0.00033372060970592417,0.0003398606688287459,0.00033235275933999524,0.00033960735012846926,700.0203008432458
1791179640,0.00033960735012846926,0.00033960735012846926,0.00033203266770515116,0.0003374318005070334,608.2154278119856
1791179700,0.0003374318005070334,0.00033872866959282075,0.000331883066339972,0.0003384406261155629,622.8042557397348
1791179760,0.0003384406261155629,0.00033871423675686915,0.00033198970924868033,0.000337137509587851,529.420661603942
1791179820,0.000337137509587851,0.000339829996388859,0.00033183927723407403,0.0003340204963462154,667.8713847474885
1791179880,0.0003340204963462154,0.0003387462149198998,0.0003322288464520773,0.0003322288464520773,358.1959909205491
1791179940,0.0003322288464520773,0.000339930968145602,0.00033075156665611147,0.0003369794974381546,844.5939425576989
1791180000,0.0003369794974381546,0.000338650171271398,0.000329780825167352,0.0003369552706145649,893.7684785444974
1791180060,0.0003369552706145649,0.00033708949160895,0.0003292657221625804,0.00033413990812087484,665.7017146160002
1791180120,0.00033413990812087484,0.00033725374567981697,0.000328532588070035,0.0003298167704977492,715.3586483324767
1791180180,0.0003298167704977492,0.0003367353630050192,0.00032881108515051737,0.0003356696742763294,731.2247466048485
1791180240,0.0003356696742763294,0.0003357681133281694,0.0003292101111028921,0.00033576792180660484,638.551712002921
1791180300,0.00033576792180660484,0.0003358846195384064,0.0003285334640897842,0.0003294866184755507,681.8306388834852
1791180360,0.0003294866184755507,0.000335942225963198,0.00032859760161307514,0.0003336570331216059,876.5202331728932
1791180420,0.0003336570331216059,0.0003365827928445593,0.0003282798114634136,0.0003302171426568958,705.4162610607157
1791180480,0.0003302171426568958,0.0003356452891972598,0.00032821098734570135,0.00033265517382511674,487.72247285392416
1791180540,0.00033265517382511674,0.0003356332359829726,0.000328499622977267,0.000333797860540324,762.9275029401153
1791180600,0.000333797860540324,0.0003354635819492699,0.0003279071010088133,0.0003298805170910545,804.8294442289921
1791180660,0.0003298805170910545,0.00033495053247972826,0.00032834308280357876,0.00033349064322590926,520.0728950376551
1791180720,0.00033349064322590926,0.0003361255535392257,0.00032880767041506463,0.0003361255535392257,710.930641477757
1791180780,0.0003361255535392257,0.00033613996391016176,0.00032928669868656746,0.0003330805735718053,767.0103185330297
1791180840,0.0003330805735718053,0.00033536237209562424,0.0003290839690021406,0.0003333582577330456,653.2343474687156
1791180900,0.0003333582577330456,0.0003356487116225192,0.0003290132230496989,0.0003356487116225192,685.4217265330464
1791180960,0.0003356487116225192,0.0003365522735937582,0.00032980491696538394,0.00033368253137482096,826.5588406452376
1791181020,0.00033368253137482096,0.00033645423579745375,0.0003291959433815836,0.0003339272983981226,504.8116764429068
1791181080,0.0003339272983981226,0.00033592228406562096,0.0003295220211342036,0.000333952388356954,529.7287314495044
1791181140,0.000333952388356954,0.00033730504591842383,0.0003303852533264935,0.0003361080499629304,933.892197292161
1791181200,0.0003361080499629304,0.0003365118720392141,0.00033000979819500025,0.0003355856120810387,627.7408844525104
1791181260,0.0003355856120810387,0.0003370890045891138,0.00032900044805695875,0.0003370890045891138,870.8946416671657
1791181320,0.0003370890045891138,0.0003370890045891138,0.00032950624519696183,0.00033050337767370996,811.6122132886713
1791181380,0.00033050337767370996,0.0003358972752619041,0.00032900741961084333,0.0003315721982002745,775.9543445945777
1791181440,0.0003315721982002745,0.00033712367264124754,0.00032931728434948865,0.00033373149064058847,820.3766066754885
1791181500,0.00033373149064058847,0.0003368771455676469,0.00032951262000359817,0.00033356206566853076,657.8957735620909
1791181560,0.00033356206566853076,0.00033685753067151447,0.0003295974281761548,0.0003295974281761548,549.5845236453154
1791181620,0.0003295974281761548,0.0003365057165032189,0.0003294054051354202,0.0003308262059568859,679.4379542845958
1791181680,0.0003308262059568859,0.00033576760637670644,0.00032986971717841935,0.0003345611867361649,536.9554857965048
1791181740,0.0003345611867361649,0.00033802926902865845,0.00033016355704791855,0.0003375339546320526,878.7421355336321
1791181800,0.0003375339546320526,0.0003378122981876044,0.000330710824226201,0.00033622042671466694,665.6191336965766
1791181860,0.00033622042671466694,0.00033723325742173306,0.0003307615879443991,0.00033699318956634304,653.2632996734765
1791181920,0.00033699318956634304,0.0003373715137094398,0.00033013895099595153,0.00033604373187020746,613.0250124548652
1791181980,0.00033604373187020746,0.0003363336604470641,0.00033016457497207877,0.0003344917930719206,468.859979550211
1791182040,0.0003344917930719206,0.0003375410803415274,0.00033068968181181155,0.0003350082409892774,728.7876283827579
1791182100,0.0003350082409892774,0.00033641622877789173,0.0003301918031782344,0.0003345356997416056,605.1619272157889
1791182160,0.0003345356997416056,0.0003373542354857553,0.000330252262490389,0.0003318912136238111,458.1680854974107
1791182220,0.0003318912136238111,0.00033658994258907373,0.0003308319175194718,0.00033589012469843857,596.1023549772085
1791182280,0.00033589012469843857,0.00033791080001660653,0.000330252311212794,0.0003317373759637184,783.2084902649794
1791182340,0.0003317373759637184,0.0003371321312524619,0.0003303311189110914,0.00033485888297598286,592.3176812201602
1791182400,0.00033485888297598286,0.0003378209257424151,0.00033056215772037984,0.00033603187948716315,832.5527730715465
1791182460,0.00033603187948716315,0.0003383431659528359,0.00033052537988598153,0.00033207512282367325,848.5508828956808
1791182520,0.00033207512282367325,0.0003378668915055052,0.0003314821408073624,0.0003358655845989931,860.017717247875
1791182580,0.0003358655845989931,0.00033759448649579854,0.00033159873939854175,0.0003369368217499745,552.8664763648004
1791182640,0.0003369368217499745,0.00033799626508115084,0.00033045328845428707,0.000334850544270521,846.2429940787323
1791182700,0.000334850544270521,0.00033809922270291244,0.00033112388668685985,0.000335460185891472,467.04885915567223
1791182760,0.000335460185891472,0.0003402440977445856,0.00033084240479275685,0.0003371656847703861,742.4219301568207
1791182820,0.0003371656847703861,0.0003407419437525649,0.0003336579344371901,0.00033369958592113997,735.8589697804694
1791182880,0.00033369958592113997,0.00034102640798017555,0.00033369958592113997,0.0003384362607220235,746.5747546165225
1791182940,0.0003384362607220235,0.00034025334997011186,0.00033443891416590893,0.0003381393541518556,639.9909329980875
1791183000,0.0003381393541518556,0.00034079023850399736,0.0003343509060270759,0.0003359184430404965,677.7191453870472
1791183060,0.0003359184430404965,0.00034032812972459997,0.0003334998789476962,0.0003348014482642536,599.6301043491684
1791183120,0.0003348014482642536,0.0003419983605318193,0.0003340137294017455,0.00033559424084209685,758.7544699522125
1791183180,0.00033559424084209685,0.00034196678747070114,0.00033445735024396466,0.0003361532986068682,595.18906501123
1791183240,0.0003361532986068682,0.0003424328902314317,0.0003361247878197035,0.0003361247878197035,528.246476627993
1791183300,0.0003361247878197035,0.000343200804878728,0.000335016074334358,0.0003416696463981801,891.3569408493823
1791183360,0.0003416696463981801,0.00034528309371274036,0.0003380495513830837,0.0003380495513830837,759.1580465936885
1791183420,0.0003380495513830837,0.0003450285110949417,0.00033789189910446617,0.00034350566721293375,779.5881404137865
1791183480,0.00034350566721293375,0.0003446083869060882,0.0003380205955598586,0.0003392949047986606,665.9404192059728
1791183540,0.0003392949047986606,0.00034486479049595527,0.00033595269800552473,0.00034028342453404137,776.3775715918196
1791183600,0.00034028342453404137,0.00034300319985980767,0.0003355661410984511,0.00033617084421214556,704.3183417140735
1791183660,0.00033617084421214556,0.0003423742900003125,0.00033559460451341116,0.0003423742900003125,690.7698230171923
1791183720,0.0003423742900003125,0.00034332498905180817,0.00033576937537016565,0.000342037046617776,680.095819581515
1791183780,0.000342037046617776,0.00034355314186574124,0.00033656969845644903,0.0003409826979391881,683.980407195435
1791183840,0.0003409826979391881,0.0003439155050997525,0.0003371667315868799,0.0003437080051555804,394.7344358506163
1791183900,0.0003437080051555804,0.00034446185056681946,0.00033700849553921423,0.00034446185056681946,886.4648899670599
1791183960,0.00034446185056681946,0.0003449976129340427,0.0003361746893559848,0.0003365086396465529,671.704565573234
1791184020,0.0003365086396465529,0.0003424099465607486,0.0003365086396465529,0.000340982801967493,602.5328974475871
1791184080,0.000340982801967493,0.00034397830345618297,0.00033651803836715473,0.0003382970937515765,776.4299273253589
1791184140,0.0003382970937515765,0.0003437169774910691,0.00033571343239069705,0.00033571343239069705,790.081063935251
1791184200,0.00033571343239069705,0.00034307230461842677,0.00033571343239069705,0.00033691873101687167,646.6810539376864
1791184260,0.00033691873101687167,0.0003418358119674232,0.0003350911804495956,0.00033579053066583276,575.9899877173093
1791184320,0.00033579053066583276,0.0003473497820786446,0.00033579053066583276,0.000346193346596286,840.4039389737343
1791184380,0.000346193346596286,0.0003477537778923069,0.0003409513595041835,0.0003409513595041835,462.865597164033
1791184440,0.0003409513595041835,0.0003475016169570675,0.0003409513595041835,0.000344996383766636,639.8781389759954
1791184500,0.000344996383766636,0.0003474835627382654,0.00034089097773064856,0.00034089097773064856,680.3460053952542
1791184560,0.00034089097773064856,0.00034781694201111015,0.0003403419145173822,0.0003403419145173822,870.7144730697911
1791184620,0.0003403419145173822,0.00034779449827547395,0.0003403419145173822,0.00034779449827547395,786.4904630073797
1791184680,0.00034779449827547395,0.0003484914906677947,0.000338687966376572,0.0003422814803442818,886.5798714789563
1791184740,0.0003422814803442818,0.00034465993661828486,0.0003377555528619098,0.0003377555528619098,725.7699185550897
1791184800,0.0003377555528619098,0.00034457393933907526,0.0003377555528619098,0.0003392557673793574,581.3452325312583
1791184860,0.0003392557673793574,0.0003443590048767093,0.0003372869591731234,0.00034371600141446483,727.6653700103868
1791184920,0.00034371600141446483,0.0003449740830480197,0.00033762358190866037,0.0003396103264387723,748.1978593021398
1791184980,0.0003396103264387723,0.00034556199512902474,0.0003392825088050945,0.0003420311249238759,630.1987709223279
1791185040,0.0003420311249238759,0.00034591471256269674,0.0003370280237957103,0.00034382170740620915,924.041250061634
1791185100,0.00034382170740620915,0.00034763939050749793,0.00034090432919602407,0.00034517777436728953,669.648060398226
1791185160,0.00034517777436728953,0.0003484742950439334,0.0003418443856375788,0.0003468807997193463,709.339531163462
1791185220,0.0003468807997193463,0.0003483992059412458,0.0003415954742769665,0.00034745414355428274,664.7997623527411
1791185280,0.00034745414355428274,0.0003491806076126231,0.00034113509246155085,0.0003472928032977141,805.8276987921561
1791185340,0.0003472928032977141,0.0003478584546281278,0.0003407519788026071,0.0003450857371339255,839.8135970503613
1791185400,0.0003450857371339255,0.0003495592772802397,0.00034147691579453017,0.00034809092587441924,748.1154121342574
1791185460,0.00034809092587441924,0.00034998405012321977,0.0003426222330925506,0.00034998405012321977,686.7833975959728
1791185520,0.00034998405012321977,0.0003506250434528913,0.0003435292275188408,0.0003506250434528913,567.527646672667
1791185580,0.0003506250434528913,0.0003506250434528913,0.0003420827164303568,0.0003488069096506407,566.7378474201159
1791185640,0.0003488069096506407,0.00034947482572099186,0.00034185613376140725,0.00034639964216868336,732.6619311402001
1791185700,0.00034639964216868336,0.0003497977409784313,0.0003423657761745684,0.00034389042383156616,837.3035996924685
1791185760,0.00034389042383156616,0.0003495432412102178,0.000342055830484892,0.00034745032502833906,657.712865009718
1791185820,0.00034745032502833906,0.0003496273643158654,0.00034327852393123295,0.00034838585358632173,686.5984774005507
1791185880,0.00034838585358632173,0.00035032281732465335,0.000342846613254085,0.00034649859767841396,757.2630721870344
1791185940,0.00034649859767841396,0.0003515952077116814,0.00034265759339167657,0.0003515952077116814,763.7378956884017
1791186000,0.0003515952077116814,0.0003521940980351351,0.0003452479513926948,0.0003508827253840967,653.4998294208215
1791186060,0.0003508827253840967,0.0003516805811211627,0.0003452302135871834,0.000349528993395366,555.8292354303203
1791186120,0.000349528993395366,0.0003523873297949644,0.00034488134871140134,0.0003504872905203671,701.4931632206373
1791186180,0.0003504872905203671,0.0003521183347683958,0.00034524884733561,0.00035069311819837737,653.010447303362
1791186240,0.00035069311819837737,0.00035336639415646927,0.0003449781056512438,0.0003514808844681297,774.703816320224
1791186300,0.0003514808844681297,0.00035554806200374385,0.00034689303338635984,0.00035519989080427236,805.0513058868822
1791186360,0.00035519989080427236,0.00035645054644355974,0.00034812569294823765,0.0003526195808747009,721.490635138708
1791186420,0.0003526195808747009,0.000354765991406701,0.000348503504668179,0.00034899159947177663,479.8099519313088
1791186480,0.00034899159947177663,0.00035523675411410464,0.0003471922970386312,0.00035179051143048037,757.5260985851359
1791186540,0.00035179051143048037,0.0003545447081156007,0.0003484296079190013,0.00035270492593961883,725.7567709377859
1791186600,0.00035270492593961883,0.00035493683283149423,0.0003480227572182438,0.00035190745587371605,685.9181894117655
1791186660,0.00035190745587371605,0.00035551525361768175,0.00034705243440144893,0.0003524253398369338,707.7550781008582
1791186720,0.0003524253398369338,0.00035552329574406303,0.000348716162247452,0.00034899218870974006,664.2956570396948
1791186780,0.00034899218870974006,0.0003554767375870277,0.00034899218870974006,0.0003535058922392845,762.5482387357522
1791186840,0.0003535058922392845,0.0003571820839392746,0.00034979607531401797,0.0003571820839392746,809.5762999270033
1791186900,0.0003571820839392746,0.0003571820839392746,0.00034878829944999046,0.00035403174448960146,682.3604339505683
1791186960,0.00035403174448960146,0.0003553122106207369,0.0003495002575888541,0.0003549930536090942,700.5950230583276
1791187020,0.0003549930536090942,0.00035587122749955696,0.00034850523780295136,0.0003540165865233442,621.5313435140829
1791187080,0.0003540165865233442,0.0003567837804286178,0.0003499296124866991,0.0003522669871579816,793.6831457429494
1791187140,0.0003522669871579816,0.0003576311001191855,0.00035013105623855347,0.0003549843644292474,727.6250554032745
1791187200,0.0003549843644292474,0.0003573899539880891,0.0003498037667832892,0.00035074960778528805,651.0434947350259
1791187260,0.00035074960778528805,0.0003601734404371732,0.00035074960778528805,0.00035709117482450483,678.7825542769996
1791187320,0.00035709117482450483,0.00036072529289565673,0.00035238520561561187,0.0003570386026906314,889.6779222053096
1791187380,0.0003570386026906314,0.0003600360106060264,0.0003531816699993277,0.00035736305707032554,777.7876458134335
1791187440,0.00035736305707032554,0.0003610166661174208,0.0003529277323457938,0.0003551433660251942,782.0261633402126
1791187500,0.0003551433660251942,0.00036082019550620284,0.0003531326954171717,0.0003582430100989533,754.6476933389977
1791187560,0.0003582430100989533,0.0003634805666603747,0.0003559919538974807,0.00036343273783127103,746.2511509673644
1791187620,0.00036343273783127103,0.00036343273783127103,0.0003557097555513758,0.00036064045379544265,661.2834711565472
1791187680,0.00036064045379544265,0.00036309660729161227,0.0003559790618209209,0.0003621260308243555,698.653256984979
1791187740,0.0003621260308243555,0.0003680606179730655,0.00035615272876547525,0.0003670097384047728,833.8343713794061
1791187800,0.0003670097384047728,0.0003684423719134199,0.0003614053324648857,0.0003670395677047386,463.99105576770785
1791187860,0.0003670395677047386,0.0003694923308871155,0.00036194535796877465,0.0003636735006190064,840.6083305208143
1791187920,0.0003636735006190064,0.0003695522471304208,0.00036229152052678903,0.00036385221310371654,734.0295451509357
1791187980,0.00036385221310371654,0.0003693770715338838,0.00036118756116163903,0.00036314564601820653,818.9726213038913
1791188040,0.00036314564601820653,0.0003677273856955937,0.00036101311396530576,0.00036101311396530576,603.1070746212886
1791188100,0.00036101311396530576,0.00036892790402203715,0.00036101311396530576,0.000363866811655627,760.8459859428001
1791188160,0.000363866811655627,0.00036881762069920017,0.00036153215230306975,0.00036613875265222967,705.7357448557239
1791188220,0.00036613875265222967,0.00036816388547124935,0.0003610743047436547,0.00036188495157061964,622.203595772275
1791188280,0.00036188495157061964,0.0003679767279683926,0.0003617671623631002,0.00036574118902168545,730.2448520379494
1791188340,0.00036574118902168545,0.00036921084097706525,0.0003611538069675585,0.00036582893826844027,509.9906286119565
1791188400,0.00036582893826844027,0.0003695239930738161,0.00036127702494730314,0.00036914268348030863,795.5099343540586
1791188460,0.00036914268348030863,0.0003722001968830321,0.00036629169613488366,0.0003706633670988832,804.0897697525762
1791188520,0.0003706633670988832,0.00037293732247209124,0.000365495766724963,0.00036641781878762696,576.7998208718617
1791188580,0.00036641781878762696,0.0003730252376389736,0.0003620430390152852,0.00036252859156166335,912.6016095715383
1791188640,0.00036252859156166335,0.0003687775868902908,0.0003603232851967655,0.0003612113124907898,636.902844846976
1791188700,0.0003612113124907898,0.0003676828172901335,0.000359710595758175,0.0003642886164080265,834.4057349554871
1791188760,0.0003642886164080265,0.0003677980961537829,0.0003597801782684569,0.00036564004111370394,823.4433255190954
1791188820,0.00036564004111370394,0.00036661944375560967,0.0003598292768690789,0.0003617463739592818,608.9628842259997
1791188880,0.0003617463739592818,0.0003672059027658094,0.0003595948459167987,0.0003639651891840906,473.1913426987766
1791188940,0.0003639651891840906,0.00036722858411049764,0.00035985473366135357,0.0003653798182158376,788.868062319871
1791189000,0.0003653798182158376,0.00036675970497096634,0.0003592903587777869,0.0003592903587777869,731.3968417519266
1791189060,0.0003592903587777869,0.0003671856690582818,0.0003592903587777869,0.00036400250690823277,704.2584139906764
1791189120,0.00036400250690823277,0.0003667588871248832,0.000359623944595903,0.00036623726602740854,706.6199648845958
1791189180,0.00036623726602740854,0.00036709692243544484,0.0003598117041217838,0.00036418363785628105,769.7890464160544
1791189240,0.00036418363785628105,0.0003672392116047346,0.0003594447153079854,0.0003643571456831858,738.7852588541019
1791189300,0.0003643571456831858,0.0003679985334599073,0.0003595986485350221,0.00036569757837775184,643.6933257766608
1791189360,0.00036569757837775184,0.00036720954185192413,0.00035983115683371346,0.00036720954185192413,775.4730246927118
1791189420,0.00036720954185192413,0.00036720954185192413,0.00035992750092204794,0.0003662607906826811,566.7761959079
1791189480,0.0003662607906826811,0.00036726813498844986,0.0003603626914650524,0.0003655458968093763,563.0845070618345
1791189540,0.0003655458968093763,0.00036813775415019573,0.00036014650369095986,0.00036813775415019573,794.5990603978335
1791189600,0.00036813775415019573,0.00036813775415019573,0.0003596264980781184,0.00036441226576993643,725.7000379015778
1791189660,0.00036441226576993643,0.00036731002234762725,0.00035956491191245043,0.0003607195416605867,641.5413538135072
1791189720,0.0003607195416605867,0.00036699235396626495,0.0003599697207538111,0.00036660289646128265,700.0935512489331
1791189780,0.00036660289646128265,0.00036812494957562023,0.00036006910390743493,0.00036677998148539385,802.5647596613989
1791189840,0.00036677998148539385,0.00036756399412406725,0.00036000706790679545,0.00036503506933010133,730.0052804692481
1791189900,0.00036503506933010133,0.0003677602159605652,0.0003592578145712032,0.0003677602159605652,810.6013985822033
1791189960,0.0003677602159605652,0.0003677602159605652,0.00035827103093192305,0.00036070535745257314,836.673102542405
1791190020,0.00036070535745257314,0.00036813453150529333,0.00036070535745257314,0.00036813453150529333,488.616880308287
1791190080,0.00036813453150529333,0.00036848542278625614,0.0003603964312902078,0.00036522834075629346,815.2055024641555
1791190140,0.00036522834075629346,0.00036859762494693906,0.0003611463158064307,0.00036859762494693906,589.30790240954
1791190200,0.00036859762494693906,0.00036859762494693906,0.00036063643862649115,0.0003657944594406554,892.4532002846831
1791190260,0.0003657944594406554,0.00036866225197178763,0.00036206261876484336,0.0003680284465516905,740.0189258221573
1791190320,0.0003680284465516905,0.0003681549478197919,0.0003618523795851223,0.0003666651503287481,564.02392131918
1791190380,0.0003666651503287481,0.0003684862350454378,0.0003618122248529999,0.0003657392128197716,670.4236392246878
1791190440,0.0003657392128197716,0.00036943656992075274,0.0003620246234763061,0.0003627618646427567,476.9415173646929
1791190500,0.0003627618646427567,0.0003692471786259272,0.0003621427869804782,0.0003621427869804782,1116.6687498446752
1791190560,0.0003621427869804782,0.0003685674970275568,0.00036099742320008446,0.00036099742320008446,789.5530719035479
1791190620,0.00036099742320008446,0.0003687138635282026,0.00036099742320008446,0.0003672237077855565,498.13283039228384
1791190680,0.0003672237077855565,0.0003688772603027455,0.00036153060485381833,0.00036153060485381833,637.5969432450771
1791190740,0.00036153060485381833,0.0003683387776152874,0.00036153060485381833,0.00036579730442064457,542.7952260006904
1791190800,0.00036579730442064457,0.00037052495148901746,0.0003625462462960806,0.00036672755825422167,847.6604039257379
1791190860,0.00036672755825422167,0.00037093568295756184,0.0003618196487206584,0.00036629501630618203,712.3931918696561
1791190920,0.00036629501630618203,0.0003702808807030402,0.0003631677479013973,0.0003686449647844757,679.4812874431908
1791190980,0.0003686449647844757,0.00037063017199270875,0.0003624362114862754,0.0003674049338642917,650.1486862771654
1791191040,0.0003674049338642917,0.0003705278591507862,0.00036329124882941905,0.00036741694903284376,714.8169633965947
1791191100,0.00036741694903284376,0.00037120594770025735,0.00036285852058485693,0.00036965870829632104,676.6540846409573
1791191160,0.00036965870829632104,0.00036965870829632104,0.00036286354989578434,0.0003651365650813713,432.4705436238615
1791191220,0.0003651365650813713,0.000370212041723768,0.00036390279719791753,0.0003677319103201717,663.1302713480834
1791191280,0.0003677319103201717,0.00036958767690236093,0.0003630318284521862,0.0003686170151389409,586.6954588605296
1791191340,0.0003686170151389409,0.00037078876006937234,0.0003629932281875321,0.0003680075328208938,851.2919726967598
1791191400,0.0003680075328208938,0.00037047967292443444,0.0003631266085962118,0.00036408004580809253,804.065046828987
1791191460,0.00036408004580809253,0.00037064681281042235,0.0003629363750952235,0.0003678383026092301,648.6573129153679
1791191520,0.0003678383026092301,0.00037079657571557445,0.00036254475493401744,0.0003676980211459749,756.8588361169523
1791191580,0.0003676980211459749,0.0003707934102920572,0.0003628956842684909,0.00036904316799783434,654.2933167625365
1791191640,0.00036904316799783434,0.00037049527100152177,0.0003626968659633787,0.0003690350143262488,905.9849834328161
1791191700,0.0003690350143262488,0.00036996819129310417,0.00036268382144295525,0.00036727955377764237,430.1999687179698
1791191760,0.00036727955377764237,0.00036899764630119516,0.0003625007341452974,0.000367186235176185,628.118244126844
1791191820,0.000367186235176185,0.00037061722537445755,0.0003625645373597757,0.00036415874421144497,761.0288452767047
1791191880,0.00036415874421144497,0.0003708389505514672,0.0003623536898993692,0.0003667211169832139,650.5187444852096
1791191940,0.0003667211169832139,0.00036968180420121307,0.00036246787033312783,0.0003668966563190927,641.1574354892683
1791192000,0.0003668966563190927,0.00036986524570342867,0.000362933148097334,0.00036402418713852116,763.3705897166031
1791192060,0.00036402418713852116,0.0003704813218903536,0.00036311236695587147,0.00036906085865110946,715.7136010708508
1791192120,0.00036906085865110946,0.0003708335299553029,0.0003624634820399606,0.00036528186822429537,747.5655144894055
1791192180,0.00036528186822429537,0.0003698115323365797,0.0003634377993456847,0.0003634377993456847,576.7202077710374
1791192240,0.0003634377993456847,0.00036970505919709656,0.0003626722766539689,0.00036970505919709656,569.1225854435984
1791192300,0.00036970505919709656,0.00036970505919709656,0.0003580723209545727,0.00036236959851730063,553.0465566901554
1791192360,0.00036236959851730063,0.00036570155158182797,0.0003580990201159926,0.000362576834844175,681.4532596748146
1791192420,0.000362576834844175,0.0003665971635648036,0.0003582640443710365,0.00036129151563445356,823.8916854448141
1791192480,0.00036129151563445356,0.0003651112522076374,0.0003580306882010692,0.00036427885540037233,505.8920630970021
1791192540,0.00036427885540037233,0.0003659403973171019,0.00035795966208602205,0.00035838522469953005,674.2017203163759
1791192600,0.00035838522469953005,0.00036438471002279966,0.00035827682333251445,0.0003590786380562613,481.30390491792696
1791192660,0.0003590786380562613,0.00036547614728886215,0.00035775046124027123,0.00035850346238980047,761.2374430339952
1791192720,0.00035850346238980047,0.0003648902293339984,0.0003579107352320258,0.0003634310963868329,689.4486605489794
1791192780,0.0003634310963868329,0.00036452380770698534,0.00035833835359008113,0.00036434087367697614,592.7520680955326
1791192840,0.00036434087367697614,0.0003649003231164054,0.00035792109587719104,0.0003600226668932794,435.1876734374556
1791192900,0.0003600226668932794,0.00036557477292066965,0.0003584467353200492,0.00036245842995052626,806.4391508661703
1791192960,0.00036245842995052626,0.0003650431321864262,0.0003388160689405793,0.0003388160689405793,1688.7980112793255
1791193020,0.0003388160689405793,0.00034715445536109997,0.0003388160689405793,0.00034715445536109997,842.219707175781
1791193080,0.00034715445536109997,0.00034715445536109997,0.0003395859032788792,0.0003458646459788892,663.5657435786032
1791193140,0.0003458646459788892,0.00034669818886897677,0.0003394408433915171,0.00034250827756720636,799.3167498940483
1791193200,0.00034250827756720636,0.00034631858872202965,0.00033939935797510924,0.0003461470289001925,816.3527769346575
1791193260,0.0003461470289001925,0.0003461470289001925,0.0003386020042960032,0.00034301620139930877,718.497617099928
1791193320,0.00034301620139930877,0.0003461209531727212,0.000338124029865606,0.0003387991542519201,809.795395785922
1791193380,0.0003387991542519201,0.00033967905357045104,0.00033134613782164445,0.00033201330035653704,1004.3894123441044
1791193440,0.00033201330035653704,0.00033358660627264307,0.0003269645228443537,0.00033091785417145434,611.3658854541766
1791193500,0.00033091785417145434,0.000334354042231729,0.0003263810582450612,0.00032903564397240777,689.1813351925255
1791193560,0.00032903564397240777,0.0003345003119537824,0.0003270419523503109,0.000332760433657981,642.1210515186444
1791193620,0.000332760433657981,0.00033524010900075585,0.0003267968115368537,0.0003267968115368537,991.982549024837
1791193680,0.0003267968115368537,0.00033377939010502953,0.0003267968115368537,0.0003318559683331223,629.44195201037
1791193740,0.0003318559683331223,0.0003329156200380925,0.00032719297140586397,0.0003314861660170086,467.4639798052704
1791193800,0.0003314861660170086,0.0003340215392867201,0.00032747224799534435,0.00032893236015783063,708.1119871955877
1791193860,0.00032893236015783063,0.00033476433472929537,0.0003273747726157214,0.00032746324361689196,623.3343076667628
1791193920,0.00032746324361689196,0.0003347957313707751,0.0003270625613721162,0.00033330564756685923,632.7402595391907
1791193980,0.00033330564756685923,0.00033394602251156835,0.0003273086265555559,0.00033175559231558095,491.2023848580471
1791194040,0.00033175559231558095,0.00033467575363818055,0.00032338334601044366,0.00032338334601044366,937.7443239770287
1791194100,0.00032338334601044366,0.00033095478231213456,0.0003227005345330974,0.0003286267707488836,913.4104337271126
1791194160,0.0003286267707488836,0.00032925683332266407,0.00032184702204257604,0.00032651468966933415,746.5562797811066
1791194220,0.00032651468966933415,0.0003287148529810314,0.0003192878795920615,0.0003192878795920615,876.4301869497659
1791194280,0.0003192878795920615,0.00032531001729731813,0.0003183159851810058,0.0003183159851810058,598.8677091541281
1791194340,0.0003183159851810058,0.00032566874527787065,0.0003183159851810058,0.00032122066971814687,616.6163998133612
1791194400,0.00032122066971814687,0.0003251399213816559,0.0003186146324924051,0.00032434531716258843,625.3813110512108
1791194460,0.00032434531716258843,0.00032434531716258843,0.0003046458881473895,0.0003054776140259614,1240.8186913450852
1791194520,0.0003054776140259614,0.0003119372905233537,0.00030537794082125176,0.0003104512186483423,610.2027381710799
1791194580,0.0003104512186483423,0.00031233937245050676,0.00030509371598471595,0.0003089629435569603,811.7906960208626
1791194640,0.0003089629435569603,0.00031168121528337583,0.0003053707641536224,0.0003090958766569499,667.5886107935742
1791194700,0.0003090958766569499,0.00031242082971597387,0.00030455415551315776,0.0003060957342859431,836.4239075629151
1791194760,0.0003060957342859431,0.00031091472630705505,0.0003048133241747741,0.0003091071871758149,713.7788848070795
1791194820,0.0003091071871758149,0.0003111173058693692,0.00030502833843355494,0.0003111173058693692,722.4735187463496
1791194880,0.0003111173058693692,0.0003118788312541544,0.00030462585368341843,0.00030940948821518916,782.7747902033906
1791194940,0.00030940948821518916,0.0003120817449171866,0.0003057445843788726,0.0003086884103539329,955.0143033684682
1791195000,0.0003086884103539329,0.0003119149125795208,0.0003047180230765697,0.0003086339460698635,699.6188229396785
1791195060,0.0003086339460698635,0.00031017110249701227,0.0003036537551084158,0.00030888606948623336,494.79155748912603
1791195120,0.00030888606948623336,0.00031224846707455427,0.00030566415609870236,0.00030566415609870236,654.2578494962524
1791195180,0.00030566415609870236,0.0003126016479113426,0.00030566415609870236,0.00031099346834455305,709.4325816968638
1791195240,0.00031099346834455305,0.0003128780828738338,0.00030616497758267973,0.0003076251734219584,774.3977599156239
1791195300,0.0003076251734219584,0.0003134484804869229,0.00030598287897995214,0.0003102635651056729,674.1681290171233
1791195360,0.0003102635651056729,0.000313333458625093,0.00030577647131732464,0.0003116305676436448,917.864221328154
1791195420,0.0003116305676436448,0.000313336820886845,0.0003061863755340951,0.00030714261879844174,671.2996633622108
1791195480,0.00030714261879844174,0.0003132975831121379,0.000307124169312184,0.0003103878491213919,770.0079133781704
1791195540,0.0003103878491213919,0.00032253969591744037,0.00030593798403985415,0.0003204523365812149,960.7817443136881
1791195600,0.0003204523365812149,0.000323621314986816,0.0003172173603703666,0.0003212346299503905,782.6634561667644
1791195660,0.0003212346299503905,0.0003233379357805309,0.0003170699351784447,0.0003218591894756841,474.8326862569419
1791195720,0.0003218591894756841,0.0003236719580332754,0.0003164440035215305,0.0003164440035215305,615.8740828883107
1791195780,0.0003164440035215305,0.0003232101432372523,0.0003164440035215305,0.0003171649379654359,662.5301468109932
1791195840,0.0003171649379654359,0.0003244044211440549,0.0003171649379654359,0.0003219544776120208,704.4474715897634
1791195900,0.0003219544776120208,0.000322699655398261,0.0003169124295298072,0.0003212190396984902,528.9697912035801
1791195960,0.0003212190396984902,0.00032411230260499796,0.00031721444164323155,0.00032180137405793966,796.9413335117044
1791196020,0.00032180137405793966,0.0003239234745742568,0.00031650823809678167,0.00031705815324324665,686.3393903318155
1791196080,0.00031705815324324665,0.0003230800828085017,0.0003070953761969099,0.00031094555991636005,1093.0483184618483
1791196140,0.00031094555991636005,0.00031358274429532564,0.00030692448404148054,0.00030692448404148054,704.1467539739255
1791196200,0.00030692448404148054,0.0003121196763229701,0.0003047906200403073,0.0003060215668460214,835.287828972279
1791196260,0.0003060215668460214,0.0003114796724498431,0.0003060215668460214,0.0003113875447533268,579.4984258563843
1791196320,0.0003113875447533268,0.0003113875447533268,0.00030524812170720436,0.0003054531397655182,626.6221135227077
1791196380,0.0003054531397655182,0.0003115189165626322,0.00030467397363919383,0.0003111858934325283,731.3767511289533
1791196440,0.0003111858934325283,0.00031175707220587086,0.00030528403200651437,0.00031175707220587086,658.274374754569
1791196500,0.00031175707220587086,0.00031260046769231793,0.0003054689134556741,0.0003103586149712483,758.7658933285202
1791196560,0.0003103586149712483,0.00031172424088238146,0.00030537745450837485,0.00031072736733559137,696.882903263831
1791196620,0.00031072736733559137,0.00031212304806745576,0.0003055549676088965,0.00030925907804716464,638.2886812217397
1791196680,0.00030925907804716464,0.00031117123249903885,0.00030510693256045624,0.0003098139695034659,508.6550103199791
1791196740,0.0003098139695034659,0.00031213869231474996,0.0003049170911826899,0.000306553704670689,597.231251833106
1791196800,0.000306553704670689,0.00031152423033997104,0.00030553286290038316,0.00030916476908531026,303.0964489072953
1791196860,0.00030916476908531026,0.0003124187240590712,0.0003048108007994467,0.00030899123560399584,914.2996265751207
1791196920,0.00030899123560399584,0.00031156836255063407,0.00030486209092000854,0.0003097178559294432,612.7177166399086
1791196980,0.0003097178559294432,0.00031160667466407257,0.0003047834012327145,0.00030985340998787765,679.4128580192612
1791197040,0.00030985340998787765,0.00031162131281813234,0.0003052511263366445,0.0003091915331624081,695.7564020405433
1791197100,0.0003091915331624081,0.0003115252704107861,0.00029697442446944964,0.00029973071633385986,1140.2565115658872
1791197160,0.00029973071633385986,0.0003023771188620633,0.00029615391066066565,0.0003022703035644402,674.2236205302859
1791197220,0.0003022703035644402,0.0003032462241019755,0.00029674511914723294,0.0002987919341372103,850.343521774719
1791197280,0.0002987919341372103,0.0003038236262240295,0.000296984345829732,0.0002999879004244901,751.0450950489865
1791197340,0.0002999879004244901,0.0003046923808845847,0.000298710971472951,0.0003036702323325056,416.55957140867247
1791197400,0.0003036702323325056,0.0003047939950662587,0.00029852394604803703,0.0003034409673851946,787.1341313052404
1791197460,0.0003034409673851946,0.00030443204491672614,0.00029811648958841957,0.000302808752104591,713.0265559029766
1791197520,0.000302808752104591,0.0003045197793425096,0.00029814408389115804,0.0003033025868933827,693.178000006952
1791197580,0.0003033025868933827,0.0003046551557950188,0.0002984700847653742,0.0003039335277008059,655.8363697881302
1791197640,0.0003039335277008059,0.0003046587753860985,0.00029171851709846463,0.00029558062224056386,960.0770911254339
1791197700,0.00029558062224056386,0.00029815120324688045,0.00029188379669280444,0.0002971646032301991,703.3488792631621
1791197760,0.0002971646032301991,0.0002976140396416179,0.000291749918458408,0.0002957052372826042,576.4249415279612
1791197820,0.0002957052372826042,0.00029875669144769994,0.00029154471014770255,0.0002974198030384779,799.2624693419305
1791197880,0.0002974198030384779,0.00029842455618133996,0.0002917593987306879,0.0002980441827440477,816.3188996765359
1791197940,0.0002980441827440477,0.0002980441827440477,0.00029138504029633687,0.0002925391394533142,376.0711085515577
1791198000,0.0002925391394533142,0.00029778208414205044,0.0002913060915263278,0.00029545839618169614,825.5397423523206
1791198060,0.00029545839618169614,0.0002972832753283791,0.0002917804681828994,0.00029693296001358124,597.4150819110349
1791198120,0.00029693296001358124,0.00029811402652279626,0.0002911687969902469,0.0002953315557590268,791.1799298146587
1791198180,0.0002953315557590268,0.00029741784150593125,0.00029100723656910624,0.0002948757612549528,703.4923423494001
1791198240,0.0002948757612549528,0.0002975334495915354,0.0002907239254556115,0.0002908369087895121,756.3763812957354
1791198300,0.0002908369087895121,0.000297838084130647,0.0002908369087895121,0.00029670855242013017,692.848231886201
1791198360,0.00029670855242013017,0.0002993186768981648,0.0002923722597037891,0.00029589623779520234,753.4935573130143
1791198420,0.00029589623779520234,0.00029748880530029443,0.00029189761395964826,0.00029651613975039233,565.9764236353751
1791198480,0.00029651613975039233,0.0002986686729154367,0.0002915911324973026,0.0002956185274459496,451.5452695584188
1791198540,0.0002956185274459496,0.0002981881477750098,0.00029164895406919294,0.000296137413814391,700.7982053551527
1791198600,0.000296137413814391,0.00029947462844942546,0.00029380067559799415,0.0002984831599881052,763.8908469067236
1791198660,0.0002984831599881052,0.00029876023664566955,0.00029296543292502527,0.00029755025852274715,620.9237132798867
1791198720,0.00029755025852274715,0.00030088638836868367,0.0002932610917589794,0.0002953331009219607,933.1350631036755
1791198780,0.0002953331009219607,0.0003017051398442123,0.0002940961310836583,0.00029580792068692685,877.2890426936729
1791198840,0.00029580792068692685,0.0003016704019962426,0.0002950471744197773,0.0003004180259356235,716.4184629406914
1791198900,0.0003004180259356235,0.0003004180259356235,0.00029347739691897853,0.00029743153324876385,569.7044389875158
1791198960,0.00029743153324876385,0.00030006843215135546,0.00029293914528864665,0.0002942514536263776,696.8580681362288
1791199020,0.0002942514536263776,0.0002990835714574658,0.00029354578129140086,0.0002973928989469513,597.3314525182234
1791199080,0.0002973928989469513,0.0002999818645286612,0.0002928763154265735,0.00029694028050957795,560.3294351212334
1791199140,0.00029694028050957795,0.00029872205924562595,0.00029265221184709414,0.00029807508991988954,683.4278031539449
1791199200,0.00029807508991988954,0.00030103716674226115,0.000293118003896746,0.0002995104930918116,812.443516192131
1791199260,0.0002995104930918116,0.00030235352283788876,0.0002958285741422669,0.00029972184030592583,732.7753400528787
1791199320,0.00029972184030592583,0.00030413607059704946,0.00029653459076787054,0.00029807683581618274,753.2135824538651
1791199380,0.00029807683581618274,0.0003041037867102622,0.00029710705852713796,0.00029710705852713796,704.4046490940481
1791199440,0.00029710705852713796,0.00030387433164157297,0.00029710705852713796,0.0003018358983720865,405.39768399976145
1791199500,0.0003018358983720865,0.0003040783299466502,0.0002975567839312904,0.00030158415962119515,982.3727135998922
1791199560,0.00030158415962119515,0.0003046277191735805,0.0002971986641763892,0.00029766501193959365,697.3551264313057
1791199620,0.00029766501193959365,0.00030446346472691834,0.00029766501193959365,0.00029787325619458636,436.71763593731566
1791199680,0.00029787325619458636,0.0003046349076607426,0.0002973381808920925,0.00030177877804497805,716.0138558464099
1791199740,0.00030177877804497805,0.0003036651491521679,0.0002975819500793196,0.000303103295325929,645.3688910061777
1791199800,0.000303103295325929,0.0003048301579092751,0.0002980613708334346,0.00029986380459217634,816.6965450481654
1791199860,0.00029986380459217634,0.0003042016682002886,0.000297739093488095,0.00030300468335014183,624.4597005769576
1791199920,0.00030300468335014183,0.00030376378540050724,0.00029772309773102115,0.0003023994930747159,741.074807544041
1791199980,0.0003023994930747159,0.0003050670836049585,0.00029785348562470825,0.00030230240931130583,670.510916386748
1791200040,0.00030230240931130583,0.00030392795772834184,0.0002983737820264036,0.00030294367809418244,583.6244135966276
1791200100,0.00030294367809418244,0.0003048214247479464,0.00029822310825449437,0.0003048214247479464,748.6352714853936
1791200160,0.0003048214247479464,0.0003048214247479464,0.00029722937861096244,0.00029722937861096244,454.1005661165055
1791200220,0.00029722937861096244,0.0003089351117697548,0.00029717487522267497,0.0003072737922598668,1058.7056343039835
1791200280,0.0003072737922598668,0.0003086394800659452,0.00030227389160010515,0.00030264011701786145,697.2570361449716
1791200340,0.00030264011701786145,0.0003090467888522902,0.00030195812638439515,0.00030195812638439515,771.5610965545271
1791200400,0.00030195812638439515,0.00030878300698437963,0.0003010147737089839,0.00030619285079996325,692.919477025248
1791200460,0.00030619285079996325,0.00030799296589579617,0.0003010966756608682,0.00030234600032398665,768.6045919746612
1791200520,0.00030234600032398665,0.0003074288338766657,0.0003014731050912798,0.0003025896307028129,636.4518419420309
1791200580,0.0003025896307028129,0.00030747577609032463,0.00030125602474373827,0.00030244773699998715,556.2425003867384
1791200640,0.00030244773699998715,0.00030811900736925433,0.0003009208031516864,0.0003009208031516864,818.5028407430982
1791200700,0.0003009208031516864,0.00030628472325064225,0.0003009208031516864,0.0003062303020100552,575.188152129824
1791200760,0.0003062303020100552,0.0003062303020100552,0.0003011751009675811,0.0003049062750053586,386.91180068787133
1791200820,0.0003049062750053586,0.0003074981418046299,0.0003014350621931947,0.00030572164821152185,675.2824786007739
1791200880,0.00030572164821152185,0.0003086756741338302,0.0003017794210915136,0.00030692114607056427,860.5170067808249
1791200940,0.00030692114607056427,0.00030768411000169614,0.00030200578856641474,0.00030525650343825295,774.2587291434556
1791201000,0.00030525650343825295,0.00030882956199676726,0.00030217716917049813,0.0003035987364271316,702.9106829322473
1791201060,0.0003035987364271316,0.00031012156902131375,0.0003032815219536347,0.00030705290792212186,954.9226926424825
1791201120,0.00030705290792212186,0.0003100911624105934,0.00030401804012114114,0.00030569229227343054,726.4453719631056
1791201180,0.00030569229227343054,0.0003093625232416099,0.0003032311504018521,0.00030403390515294196,603.497848217738
1791201240,0.00030403390515294196,0.00031021809373500984,0.00030330805243062214,0.00030358753909804075,832.1650102011561
1791201300,0.00030358753909804075,0.00030897483465905156,0.00030358753909804075,0.00030758795419353165,154.48700640277158
1791201360,0.00030758795419353165,0.00030983784923444387,0.00030372769642314013,0.00030784261397237973,917.5854792555348
1791201420,0.00030784261397237973,0.00031008827996282975,0.0003037449737777679,0.0003037449737777679,597.4556460032463
1791201480,0.0003037449737777679,0.0003105968464278519,0.0003035599064410444,0.0003078271903239204,757.3369307366041
1791201540,0.0003078271903239204,0.00031175874942044126,0.0003042897350493527,0.0003057987243235204,783.0987318370512
1791201600,0.0003057987243235204,0.0003108185549726513,0.0003041244443140312,0.0003054648468984643,721.0053743034374
1791201660,0.0003054648468984643,0.00031045015356621864,0.00030338766837459104,0.00031045015356621864,727.6299283996505
1791201720,0.00031045015356621864,0.00031045015356621864,0.00030373122959712474,0.00030477319498587786,634.1825800340557
1791201780,0.00030477319498587786,0.00031481994138989457,0.0003046934318925543,0.000309748984152336,908.7702658332483
1791201840,0.000309748984152336,0.00031482751656789756,0.0003091535277126313,0.00031474092982588077,457.6603541489616
1791201900,0.00031474092982588077,0.00031476702844789435,0.00030870590899368847,0.00031285545999803013,661.9381744348534
1791201960,0.00031285545999803013,0.0003155863809702901,0.00030970022083628854,0.0003128055479826133,948.0645208858249
1791202020,0.0003128055479826133,0.00031552976652704257,0.00030796416021026935,0.00030796416021026935,893.8914039887644
1791202080,0.00030796416021026935,0.00031478733609638794,0.00030796416021026935,0.0003139946576390412,767.2825702760788
1791202140,0.0003139946576390412,0.00031439615657676814,0.0003081358365418234,0.00030902460453998337,743.8342841083889
1791202200,0.00030902460453998337,0.00031604120814076377,0.00030884108852659016,0.00031478206568653254,844.4189157817196
1791202260,0.00031478206568653254,0.0003184475612391761,0.0003114702336216952,0.00031430092799664323,799.4654779632318
1791202320,0.00031430092799664323,0.00031838394950122286,0.00031138798781777353,0.0003156744357943958,638.7719948142618
1791202380,0.0003156744357943958,0.0003181022071649221,0.000311166520332251,0.0003124782784124075,671.9430448490783
1791202440,0.0003124782784124075,0.0003176221238898261,0.00031109447102107277,0.0003176221238898261,426.8303363327111
1791202500,0.0003176221238898261,0.00031860915206944213,0.00031180074930612424,0.00031446098902151407,808.7587360876715
1791202560,0.00031446098902151407,0.00031750868229305976,0.00031124704144533594,0.0003173126281781713,626.9303102835986
1791202620,0.0003173126281781713,0.0003178642886078546,0.00031152581988770064,0.00031537815618996195,589.4078491927476
1791202680,0.00031537815618996195,0.00031744991828446797,0.0003113469930407103,0.0003160960029168344,521.5259830594746
1791202740,0.0003160960029168344,0.00031817541141194745,0.0003118074294384089,0.0003131551716498755,628.5590560168733
1791202800,0.0003131551716498755,0.0003181518908991552,0.0003106406227117003,0.00031620516494758186,925.9505503265966
1791202860,0.00031620516494758186,0.00032022024790190427,0.0003132107660908977,0.00032022024790190427,716.9826901511872
1791202920,0.00032022024790190427,0.0003209407390467034,0.00031415534540866883,0.0003188613142301342,783.087481490044
1791202980,0.0003188613142301342,0.0003215327062178423,0.00031605042870806467,0.0003198294777893294,525.018547812076
1791203040,0.0003198294777893294,0.00032239326614151597,0.00031556545622290626,0.00031984175363289287,658.3126880954061
1791203100,0.00031984175363289287,0.000322637891590906,0.00031583531749095056,0.000316098114611486,656.6800993552447
1791203160,0.000316098114611486,0.0003239367158392131,0.00031584777276046165,0.00031785943769515636,641.6934115371305
1791203220,0.00031785943769515636,0.0003230999727035756,0.00031599710911587204,0.0003215288332602183,803.2040930508723
1791203280,0.0003215288332602183,0.00033059662162496597,0.0003170969922179516,0.00032780100270093145,1150.4411699595228
1791203340,0.00032780100270093145,0.0003302001423531775,0.0003240407729273723,0.0003250156801553072,635.6752265355351
1791203400,0.0003250156801553072,0.00033722750007034874,0.0003246171827701411,0.0003342290180247176,1041.840985641592
1791203460,0.0003342290180247176,0.00033759299725188166,0.00032539251880156294,0.0003315015374638414,1108.0851063045643
1791203520,0.0003315015374638414,0.0003323439731152675,0.00032445766935093097,0.0003288695680368248,953.8676799650827
1791203580,0.0003288695680368248,0.00033211951413504126,0.00032617510655008565,0.00032617510655008565,634.5219610404245
1791203640,0.00032617510655008565,0.0003324834759425403,0.0003244103456021324,0.00032899080714215084,657.7343172472937
1791203700,0.00032899080714215084,0.0003319342422720973,0.00032475210050999717,0.0003294286015933888,579.4398822228703
1791203760,0.0003294286015933888,0.00033171173727772677,0.00032509019187937935,0.0003314147295830638,579.9188482831554
1791203820,0.0003314147295830638,0.00033210715091474923,0.0003251017685283014,0.00032948816988840344,677.1179706244912
1791203880,0.00032948816988840344,0.0003314498796271657,0.0003251192254740504,0.0003266461773755835,844.994154709316
1791203940,0.0003266461773755835,0.0003305670003356962,0.00032482083084155313,0.0003291047146220742,505.4564661602319
1791204000,0.0003291047146220742,0.0003320545650383823,0.00032486999021426983,0.0003300450729715259,711.2897620973216
1791204060,0.0003300450729715259,0.0003317233621207487,0.0003248438315598964,0.0003317233621207487,690.784288860722
1791204120,0.0003317233621207487,0.0003317233621207487,0.00032487311385761175,0.0003302264333070774,390.2125348904614
1791204180,0.0003302264333070774,0.00033225866470485517,0.00032484438424498606,0.0003293435538129745,621.4878091735989
1791204240,0.0003293435538129745,0.0003317318940450636,0.0003239037131943801,0.0003310151051072775,871.2375636458632
1791204300,0.0003310151051072775,0.0003310151051072775,0.0003235833298994151,0.00033013926575449666,694.8998992538479
1791204360,0.00033013926575449666,0.00033013926575449666,0.00032260050450275336,0.00032260050450275336,712.969149563301
1791204420,0.00032260050450275336,0.0003302742624116831,0.00032254587157518153,0.0003248434702336405,692.6607731479102
1791204480,0.0003248434702336405,0.0003299729030205164,0.0003220786278159596,0.0003220786278159596,711.0777182635095
1791204540,0.0003220786278159596,0.00032912127038772494,0.0003220786278159596,0.0003264921988994569,719.0544544180374
1791204600,0.0003264921988994569,0.00032941255093793325,0.0003222091291550984,0.00032941255093793325,718.9620374064192
1791204660,0.00032941255093793325,0.0003301485770735675,0.0003220987179362775,0.00032677673254169145,502.508293894049
1791204720,0.00032677673254169145,0.0003303097843222732,0.00032254595219598095,0.0003232047800850502,711.8499108352646
1791204780,0.0003232047800850502,0.00033100449466064787,0.00032309135670982196,0.00032309135670982196,720.2043907063533
1791204840,0.00032309135670982196,0.0003303407799085432,0.00032309135670982196,0.0003287308949017456,498.80365196578776
1791204900,0.0003287308949017456,0.0003312387657451069,0.0003233651272832453,0.000329151900105018,973.2108762212254
1791204960,0.000329151900105018,0.00033062716180828856,0.00032350101924508493,0.00032735743786398483,647.362435549176
1791205020,0.00032735743786398483,0.00032967287641133303,0.00032325650665424244,0.0003286030805139012,589.8636116109409
1791205080,0.0003286030805139012,0.0003305109489137618,0.0003237296916257415,0.00032386195593022825,717.5930394269012
1791205140,0.00032386195593022825,0.00033012280922724345,0.0003232531536133049,0.00032767344856674273,612.3908633085623
1791205200,0.00032767344856674273,0.0003312367309100001,0.0003234232072259626,0.00032415119109755895,885.2776462760056
1791205260,0.00032415119109755895,0.0003294660438263643,0.00032380282193329436,0.00032746091831686923,399.9522534113477
1791205320,0.00032746091831686923,0.00032995442926634505,0.000322840991565477,0.00032751331070457424,758.7298246146103
1791205380,0.00032751331070457424,0.0003306947503559578,0.0003234568007126599,0.0003242244443216185,811.9146746538919
1791205440,0.0003242244443216185,0.00033091234831550393,0.00032329911215866304,0.00032330852805419137,742.2697951018994
1791205500,0.00032330852805419137,0.00033108977056799945,0.000323256486418048,0.0003262750840389214,797.6625593727035
1791205560,0.0003262750840389214,0.0003293960185671874,0.0003236077312093321,0.0003276233961496134,727.0382990508633
1791205620,0.0003276233961496134,0.0003301054612948275,0.00032385920425478617,0.0003251459517670415,734.6280346262209
1791205680,0.0003251459517670415,0.00033161814387793636,0.0003238103955882268,0.00033020935208000863,879.9701317248674
1791205740,0.00033020935208000863,0.00033178350074968406,0.000324069358904546,0.0003247503808196542,742.130367020658
1791205800,0.0003247503808196542,0.00033137965872463037,0.0003243801441209495,0.00032866354143389656,532.1096099738766
1791205860,0.00032866354143389656,0.0003311997934779353,0.0003248837215372933,0.0003260450041380373,678.2347424329882
1791205920,0.0003260450041380373,0.0003310066694794953,0.00032436314391023495,0.00032436314391023495,576.0605988991852
1791205980,0.00032436314391023495,0.00033114213023189063,0.00032436314391023495,0.000325389947970814,573.1357336862217
1791206040,0.000325389947970814,0.00033232220681562205,0.0003244193585293648,0.0003297641373709627,804.5760794713242
1791206100,0.0003297641373709627,0.0003319341625619013,0.0003245555856974471,0.000331472610500709,818.6353891966381
1791206160,0.000331472610500709,0.0003334737305078473,0.0003257767218579078,0.00032635289101186495,704.5611478319837
1791206220,0.00032635289101186495,0.0003336716583936563,0.00032614540253879225,0.0003336716583936563,823.1434711915248
1791206280,0.0003336716583936563,0.0003336716583936563,0.0003271644560797177,0.0003271644560797177,695.3498707295264
1791206340,0.0003271644560797177,0.00033393146468633497,0.0003271644560797177,0.00033083008514351523,594.3074358709654
1791206400,0.00033083008514351523,0.00033364339060348337,0.0003263592337915177,0.00033364339060348337,738.1140398985004
1791206460,0.00033364339060348337,0.0003347597482487871,0.0003149894144686229,0.0003149894144686229,1491.7167465803152
1791206520,0.0003149894144686229,0.00031996861840596983,0.0003132813318345882,0.0003146280801862469,593.9373365875169
1791206580,0.0003146280801862469,0.0003199962673669089,0.00031319725934485763,0.00031319725934485763,759.0923983031882
1791206640,0.00031520566935514747,0.0003199633710206264,0.0003129508507718807,0.00031707802635520474,911.5720126213579
1791206700,0.00031707802635520474,0.0003198853779324398,0.00031377143610092524,0.0003173989681596831,720.1022053544815
1791206760,0.0003173989681596831,0.00032095448941256877,0.0003133466563531289,0.0003176979550772092,710.9854139930999
1791206820,0.0003176979550772092,0.0003199329462698687,0.00031295782799727035,0.00031295782799727035,369.15918964724744
1791206880,0.00031295782799727035,0.0003202185292932959,0.00031285834489683815,0.00031745646065197775,871.2879126854306
1791206940,0.00031745646065197775,0.00031943181424424176,0.0003132694465981543,0.00031933311021002084,489.04154899195925
1791207000,0.00031933311021002084,0.0003201047482456523,0.0003125178759390456,0.00031671180615756335,827.7661446955875
1791207060,0.00031671180615756335,0.00031878674173202855,0.00031244831047715066,0.00031773038260637243,530.8497069592498
1791207120,0.00031773038260637243,0.0003215910303039845,0.00031270042080252765,0.000320580358553217,719.9422168045189
1791207180,0.000320580358553217,0.0003212216743744451,0.0003135724640802091,0.00031449828377041127,635.8282444218665
1791207240,0.00031449828377041127,0.00032136647767328625,0.00031442897459491124,0.00031442897459491124,904.6204872047022
1791207300,0.00031442897459491124,0.000320322142469242,0.00031442897459491124,0.00031876551720277197,559.2242397744833
1791207360,0.00031876551720277197,0.00032353913864199103,0.0003153397971347049,0.0003232118632720445,711.1537717040179
1791207420,0.0003232118632720445,0.0003232118632720445,0.000315038808271,0.00031623309798752187,784.6012257393785
1791207480,0.00031623309798752187,0.00032577330018328644,0.0003156083474486476,0.00032319825087620145,700.006213483321
1791207540,0.00032319825087620145,0.0003260920724954131,0.00031866038756396867,0.00032516708154907724,624.1775045376897
1791207600,0.00032516708154907724,0.0003255267707212278,0.0003153564372535181,0.0003153564372535181,1006.9873739642211
1791207660,0.0003153564372535181,0.0003223328166318213,0.0003153564372535181,0.0003206188168189574,726.8786536063357
1791207720,0.0003206188168189574,0.0003229715211701071,0.00031544035556936855,0.0003225403554403014,867.9347124460095
1791207780,0.0003225403554403014,0.0003225403554403014,0.0003155088521934536,0.0003193476283795542,603.449294639662
1791207840,0.0003193476283795542,0.0003232160973862663,0.0003146413248113337,0.0003201127641570917,693.9220179935481
1791207900,0.0003201127641570917,0.0003201127641570917,0.0003146121338068916,0.00031843373716350555,449.0824314463993
1791207960,0.00031843373716350555,0.0003190248150020227,0.0003130660924456149,0.00031760718405987983,628.6350539723295
1791208020,0.00031760718405987983,0.000327427953022329,0.00031437695067205757,0.000327427953022329,1048.6634130180526
1791208080,0.000327427953022329,0.00032787975039594254,0.0003217294974372295,0.0003217294974372295,454.7494968686844
1791208140,0.0003217294974372295,0.00032832215273462793,0.0003211890627569041,0.00032530600949321896,707.9533086812088
1791208200,0.00032530600949321896,0.0003270503608275136,0.000320743472181934,0.0003270503608275136,606.104469979253
1791208260,0.0003270503608275136,0.0003284758519156245,0.00032107785680116996,0.00032254266628064057,764.6561832502974
1791208320,0.00032254266628064057,0.00032773276150197754,0.00032077979243347294,0.0003263155083373421,718.7601143404519
1791208380,0.0003263155083373421,0.00032950717395891356,0.0003219769321926277,0.0003288124951534898,739.3817911073879
1791208440,0.0003288124951534898,0.0003288124951534898,0.0003216307866908434,0.00032178482723882516,741.0828778516152
1791208500,0.00032178482723882516,0.0003397868650718613,0.00032177411408263666,0.00033474176186309903,1334.2885317082257
1791208560,0.00033474176186309903,0.0003502365325313445,0.00033333239851021944,0.0003483335686637285,1089.0707504642915
1791208620,0.0003483335686637285,0.0003491598651194447,0.00034188974583866617,0.00034685532545720386,409.3978483091559
1791208680,0.00034685532545720386,0.0003619208771492765,0.00034301641638697907,0.00036035464457125587,1280.429383077553
1791208740,0.00036035464457125587,0.0003637933442819613,0.00035691605752078624,0.00035691605752078624,718.6694708553177
1791208800,0.00035691605752078624,0.00036312345498490655,0.0003563119733095105,0.0003563119733095105,538.5839489373911
1791208860,0.0003563119733095105,0.000364887727844154,0.0003563119733095105,0.00036331578013813835,756.9083493119285
1791208920,0.00036331578013813835,0.0003666787678490779,0.00035863837128806447,0.00036360009854333755,690.1206363159234
1791208980,0.00036360009854333755,0.00036603264783849777,0.0003583877403807233,0.00036299978987980054,718.8335844990497
1791209040,0.00036299978987980054,0.0003680480231434842,0.00035861581875251913,0.00036013477331550133,745.9209803751187
1791209100,0.00036013477331550133,0.000369753745758376,0.0003599114803526367,0.00036254595406714054,759.9828336217491
1791209160,0.00036254595406714054,0.0003697816716459807,0.00036120208520787095,0.00036120208520787095,482.71374713348973
1791209220,0.00036120208520787095,0.00037149145544048296,0.00036120208520787095,0.00036360838010193335,834.6313514672845
1791209280,0.00036360838010193335,0.00037184681616660143,0.0003633083415334178,0.0003690645706489643,882.378837302748
1791209340,0.0003690645706489643,0.0003714290984556832,0.00036402151768110915,0.00036443753107058124,642.6304480017058
1791209400,0.00036443753107058124,0.0003743322407629536,0.00036443753107058124,0.00036892612782680773,832.1941325076036
1791209460,0.00036892612782680773,0.00037978845904772593,0.0003687737364744754,0.0003733871615503411,1155.7331840864354
1791209520,0.0003733871615503411,0.0003733871615503411,0.0003605601396374046,0.0003676853386547633,1187.3935992674967
1791209580,0.0003676853386547633,0.0003682331317509503,0.00036032457655457765,0.0003668665438880109,837.2575591109987
1791209640,0.0003668665438880109,0.0003686922487639383,0.00036038920931402913,0.00036109483761361606,690.5303932689014
1791209700,0.00036109483761361606,0.00036644512954503563,0.0003582734832060124,0.0003638412965854178,774.395551800048
1791209760,0.0003638412965854178,0.00036626270601660364,0.0003581199431863428,0.0003587185719730903,476.63051238368405
1791209820,0.0003587185719730903,0.0003793439675855143,0.0003578387824155224,0.0003705308222506492,1326.0277900423982
1791209880,0.0003705308222506492,0.0003783812699170677,0.00037030943449338114,0.0003728273669842741,824.9038135901989
1791209940,0.0003728273669842741,0.00038039260606156645,0.0003703189684989774,0.00037366767083824894,888.8581928242285
1791210000,0.00037366767083824894,0.00037366767083824894,0.0003639573350107262,0.0003655973978580312,1035.6787550795525
1791210060,0.0003655973978580312,0.00037095880314647896,0.00036457054357261405,0.00036913867363605306,474.92252935725986
1791210120,0.00036913867363605306,0.0003737363391578768,0.0003651015788530825,0.00036800713186959126,930.0211257498704
1791210180,0.00036800713186959126,0.0003731386856211722,0.0003661730127349587,0.00037232167072293444,644.3023651083391
1791210240,0.00037232167072293444,0.0003731335938434206,0.0003660795060326779,0.00036820541579755034,614.4232458130318
1791210300,0.00036820541579755034,0.00037413083006303835,0.000366662030173776,0.0003710515960952775,411.31336141727667
1791210360,0.0003710515960952775,0.0003737311672899132,0.00036692159610650507,0.0003722720079290871,627.9504812984079
1791210420,0.0003722720079290871,0.00037401199349853663,0.00036613374048402933,0.00036613374048402933,798.9299601850781
1791210480,0.00036613374048402933,0.00037404616190167675,0.0003659210287178171,0.00036726670763565205,785.8821417992431
1791210540,0.00036726670763565205,0.00037399368370023367,0.00036651569657968357,0.0003714857956796343,696.1237393543079
1791210600,0.0003714857956796343,0.00037535585102442916,0.0003668819884906174,0.0003722046546370209,774.7939214337815
1791210660,0.0003722046546370209,0.0003759437183488913,0.0003677124575115381,0.00037411117671172587,813.6608152061618
1791210720,0.00037411117671172587,0.0003748219701898335,0.0003671925326119564,0.00037214500903171217,841.8192358935462
1791210780,0.00037214500903171217,0.00037481178671041037,0.0003618900707364936,0.0003633642188524089,926.0125097320497
1791210840,0.0003633642188524089,0.00036862548131274246,0.00036188175931862364,0.0003677480149666651,696.5374955094724
1791210900,0.0003677480149666651,0.0003698051889476129,0.0003623111118284839,0.0003635803946780299,441.25455790644963
1791210960,0.0003635803946780299,0.00037077350217896353,0.0003624028198959294,0.00036736503278395456,826.3064282405502
1791211020,0.00036736503278395456,0.0003706307832553395,0.00036269022739381595,0.00036581224598864707,607.6409603476346
1791211080,0.00036581224598864707,0.0003706582954348,0.0003629502025181481,0.0003706582954348,765.459263447346
1791211140,0.0003706582954348,0.0003706582954348,0.0003628180912380467,0.00036936075326760785,453.680555716237
1791211200,0.00036936075326760785,0.00037207472838771843,0.00036266092132822335,0.00037207472838771843,907.2873016514834
1791211260,0.00037207472838771843,0.0003937394165285162,0.0003660985451473479,0.0003918644984501081,1507.2323223215851
1791211320,0.0003918644984501081,0.00039498342784412196,0.00038508848652163554,0.00038678263825743503,906.1709040407076
1791211380,0.00038678263825743503,0.0003925805717132995,0.0003848847997976955,0.00038690834559013327,723.0833079769515
1791211440,0.00038690834559013327,0.0004053274328210552,0.00038690834559013327,0.00040246007944073355,959.0170479641656
1791211500,0.00040246007944073355,0.00040542737127083925,0.00039678690790061937,0.0004014330024519025,694.6689607684963
1791211560,0.0004014330024519025,0.0004164204933768408,0.0004014330024519025,0.0004145147456181082,1211.5201879899068
1791211620,0.0004145147456181082,0.0004170120642245326,0.00040723563030723527,0.0004134739096837825,958.1260821145988
1791211680,0.0004134739096837825,0.00041819705248974273,0.0004088643403858954,0.00041819705248974273,743.915291741544
1791211740,0.00041819705248974273,0.00041956975970628915,0.0004106180187516135,0.00041794069222757696,900.9800994898236
1791211800,0.00041794069222757696,0.000422802478343874,0.0004147150452243364,0.0004169504181268897,745.5324830417176
1791211860,0.0004169504181268897,0.00042314805826166484,0.00041419546924106355,0.00041492826626480004,724.3564442036181
1791211920,0.00041492826626480004,0.00042146136911712514,0.0004138281935869092,0.0004145171905172179,730.5383720257404
1791211980,0.0004145171905172179,0.0004232861788570038,0.0004138275959129265,0.0004196512777020477,653.328833657459
1791212040,0.0004196512777020477,0.0004229037281073829,0.0004148010667596704,0.0004229037281073829,615.4213633357659
1791212100,0.0004229037281073829,0.0004244409887713152,0.00041527623739621517,0.0004211832965570433,702.0433156609613
1791212160,0.0004211832965570433,0.0004241926227074955,0.00041638131313952734,0.00042130325470982554,643.4493866489538
1791212220,0.00042130325470982554,0.0004289105610836942,0.0004167182353590339,0.00042701317956347223,948.160128393855
1791212280,0.00042701317956347223,0.0004329548164881365,0.0004222995309851489,0.0004296828084957304,837.9703015722812
1791212340,0.0004296828084957304,0.00043124085115670723,0.0004246460674441802,0.0004304237696726931,454.6720141311581
1791212400,0.0004304237696726931,0.0004342675692451297,0.000424560577935866,0.000424560577935866,722.7551523020354
1791212460,0.000424560577935866,0.00043159642058564115,0.0004227540557667829,0.0004239816681943003,699.0523117838962
1791212520,0.0004239816681943003,0.00043258580527536834,0.0004236418405829373,0.0004311269140548125,702.7246399009017
1791212580,0.0004311269140548125,0.000433745330353066,0.00042585648505888185,0.00043035948163887245,568.5973067118606
1791212640,0.00043035948163887245,0.0004303602200255062,0.0004163737885980688,0.0004163737885980688,1292.438599055543
1791212700,0.0004163737885980688,0.0004226770732164367,0.0004117029931406778,0.0004151066016933815,1053.069616580877
1791212760,0.0004151066016933815,0.0004239342414671494,0.0004151011970095398,0.0004226542216230354,709.2857134362691
1791212820,0.0004226542216230354,0.0004228167182520468,0.00041507354026628306,0.0004202471053747416,590.8735467637555
1791212880,0.0004202471053747416,0.0004243281847250306,0.0004147687492632083,0.00042030302820226167,661.296484712515
1791212940,0.00042030302820226167,0.0004232172971542944,0.0004155135888931,0.0004211723870568177,638.4985122004113
1791213000,0.0004211723870568177,0.00042322872095764254,0.0004142234861110793,0.0004202294134951405,859.5482305002115
1791213060,0.0004202294134951405,0.00042289531862962036,0.00041452434990072026,0.00042069015404266994,597.3975674529895
1791213120,0.00042069015404266994,0.0004241624669951176,0.0004160755717654822,0.00042253291873430867,540.2936819879686
1791213180,0.00042253291873430867,0.0004260789003136425,0.00041545890111899486,0.0004260789003136425,1367.3651147565586
1791213240,0.0004260789003136425,0.000429643275132929,0.00042180169952603207,0.0004223688161629423,740.3796669056762
1791213300,0.0004223688161629423,0.0004296472850949383,0.0004212953253469982,0.00042643460312079116,711.168528853184
1791213360,0.00042643460312079116,0.00043048564425578764,0.0004214190594237594,0.0004222022422028746,749.7035243855349
1791213420,0.0004222022422028746,0.0004305027381131396,0.0004221845467154148,0.0004305027381131396,688.3169501666737
1791213480,0.0004305027381131396,0.0004305027381131396,0.00042188792818653964,0.00042837971720914337,806.4488254312076
1791213540,0.00042837971720914337,0.0004294041116892324,0.0004214073174342876,0.0004239326079644242,719.9163030192499
1791213600,0.0004239326079644242,0.0004310365088199237,0.0004212105316456883,0.0004293715101528606,630.5163058717538
1791213660,0.0004293715101528606,0.0004323322385563866,0.00042344691735486136,0.0004295758090131892,868.2105257347814
1791213720,0.0004295758090131892,0.00042983049042627904,0.00042261322764120516,0.00042893173632591215,358.4555855158626
1791213780,0.00042893173632591215,0.0004320795036799358,0.00042459186700223003,0.00042946172080225915,658.0912745470162
1791213840,0.00042946172080225915,0.00043418074867992816,0.00042495568254988193,0.0004318513861051878,741.5525310213052
1791213900,0.0004318513861051878,0.0004333379113453121,0.00042618965779935535,0.000428143707659466,692.4461683333643
1791213960,0.000428143707659466,0.00043526761366806106,0.0004244598170355226,0.00042929021190730657,838.5280350263331
1791214020,0.00042929021190730657,0.00043608401100721873,0.0004228505810620534,0.0004343496670385259,1517.3934740339225
1791214080,0.0004343496670385259,0.0004360481995082231,0.00042507502253242034,0.0004333702949593435,3158.394915941294
1791214140,0.0004333702949593435,0.00043671896767752297,0.0004254963448456764,0.0004337980204259109,2289.902076468296
1791214200,0.0004337980204259109,0.0004461545657932824,0.0004256920485874861,0.00044555892128643996,2710.568070944683
1791214260,0.00044555892128643996,0.0004486299386594651,0.0004367178259400389,0.0004442015822067558,2745.169275057059
1791214320,0.0004442015822067558,0.000448190418044987,0.00043759831066808233,0.0004458573590666565,2103.64386786194
1791214380,0.0004458573590666565,0.00045306586366813825,0.0004384300844120225,0.0004479235556222313,2376.0894084908014
1791214440,0.0004479235556222313,0.0004536122496052295,0.00044306498521077625,0.0004506031908020999,2448.4726920528487
1791214500,0.0004506031908020999,0.0004625868080833583,0.00043624142786204015,0.000441548953293961,4311.794451764739
1791214560,0.000441548953293961,0.0004448524361044414,0.0004347753752267709,0.0004448524361044414,2030.0867433084572
1791214620,0.0004448524361044414,0.00044710809782088116,0.0004364301958229759,0.00044368540260402844,1807.0698809023152
1791214680,0.00044368540260402844,0.00047376713057029014,0.0004382873931334915,0.0004720957900614221,2775.672453995632
1791214740,0.0004720957900614221,0.00048126106215085106,0.0004575362873386134,0.00047769305887277873,3581.4381410287556
1791214800,0.00047769305887277873,0.0005067921589192573,0.00046479322940311366,0.000488826343239352,4358.399300227558
1791214860,0.000488826343239352,0.0004919674865238923,0.0004654701512697032,0.0004654701512697032,2232.531664438066
1791214920,0.0004654701512697032,0.0004761239028056134,0.00046539228846699104,0.00047346061434157195,1482.7426102233544
1791214980,0.00047346061434157195,0.00047346061434157195,0.0004475979393410009,0.0004564279025793533,2505.552720328892
1791215040,0.0004564279025793533,0.00046006894918190647,0.00045033480014855737,0.00045033480014855737,1021.911895569443
1791215100,0.00045033480014855737,0.0004617777584293904,0.00044794602899301503,0.0004542548347411939,1789.0348450588644
1791215160,0.0004542548347411939,0.00046088227504394153,0.00044846589819516657,0.0004539672956197481,1257.2731213505353
1791215220,0.0004539672956197481,0.00046325689514523414,0.0004519704352018529,0.0004602613859923244,1161.6552301623813
1791215280,0.0004602613859923244,0.0004608409167740029,0.0004453245589481736,0.0004454016691939665,1249.9136933651976
1791215340,0.0004454016691939665,0.000454041828444625,0.000444677544582735,0.0004531856993691505,855.7201504609595
1791215400,0.0004531856993691505,0.0004531856993691505,0.0004361854815718466,0.0004420277911226923,1103.19243738794
1791215460,0.0004420277911226923,0.00044799943695025715,0.0004360171244660338,0.0004476134395965443,1473.1201393805197
1791215520,0.0004476134395965443,0.0004591634587087276,0.0004425575150833635,0.0004491206353924181,1654.0357455248472
1791215580,0.0004491206353924181,0.0004558974455891997,0.00044237021924278683,0.00044834784531566646,923.7943504805987
1791215640,0.00044834784531566646,0.0004517979820943073,0.000442197870224513,0.00044913083449535845,1219.4962159666632
1791215700,0.00044913083449535845,0.00045918739958643936,0.0004428367809718252,0.0004447755555948655,2760.73098251775
1791215760,0.0004447755555948655,0.0004549899864460635,0.0004417584108515052,0.00045018636483713987,2658.820389347981
1791215820,0.00045018636483713987,0.0004558811412130518,0.0004426162487917846,0.00044767132855467334,1849.4499267131255
1791215880,0.00044767132855467334,0.00045457071104961346,0.00044135793760342304,0.00044831405130902057,2101.74361560813
1791215940,0.00044831405130902057,0.00047607796126076705,0.00044137881768565267,0.00046394312242420004,3061.927419715164
1791216000,0.00046394312242420004,0.00047749960912579043,0.00045572380866241443,0.00047125831484178606,2011.8368056191957
1791216060,0.00047125831484178606,0.0004756641734372003,0.0004645159232997356,0.0004728174689575411,2431.0604293832776
1791216120,0.0004728174689575411,0.00047903186630690944,0.0004666860884459718,0.00047361884864485847,1882.378978915916
1791216180,0.00047361884864485847,0.0004771525747771128,0.000467406236017384,0.00047328292123272736,1483.2045379490864
1791216240,0.00047328292123272736,0.000478994361718185,0.00046866051493121705,0.0004782339242463963,1617.0461352792015
1791216300,0.0004782339242463963,0.00048116870704756603,0.0004525419645487375,0.00045893504919426487,2284.1535153936034
1791216360,0.00045893504919426487,0.0004994717788349901,0.00044493483975259094,0.0004899458066785545,3973.346499093226
1791216420,0.0004899458066785545,0.0005152659065705979,0.0004887956765684175,0.0005051419405215544,2417.2968037902488
1791216480,0.0005051419405215544,0.0005198399128021648,0.0004970593364675942,0.0005085568298480917,2766.3739832981614
1791216540,0.0005085568298480917,0.0005130420226530738,0.0005003338209996933,0.0005119913506433457,1373.706397274255
1791216600,0.0005119913506433457,0.0005227542509765329,0.0005021936291424871,0.0005218560719514905,1742.3461256098649
1791216660,0.0005218560719514905,0.0005257049997358062,0.0005143689027509368,0.0005217458961343679,1288.5419045423637
1791216720,0.0005217458961343679,0.0005273574541632763,0.0005150129405841422,0.0005150129405841422,1232.508141661899
1791216780,0.0005150129405841422,0.0005280413674876204,0.0005139626500564942,0.0005251449483824282,1415.87251168047
1791216840,0.0005251449483824282,0.0005293505528397628,0.0005178869673159669,0.0005253093230933601,1038.6279109858144
1791216900,0.0005253093230933601,0.0005504593395493628,0.0005182957573088259,0.000548196227270525,2125.546367360383
1791216960,0.000548196227270525,0.000548196227270525,0.00041006580103435043,0.00041441480436990775,5906.582917020219
1791217020,0.00041441480436990775,0.0004158642697592002,0.00037070128306028715,0.00037788373242148156,2901.0321811173553
1791217080,0.00037788373242148156,0.00038163576376723946,0.0003298098915050311,0.00033460126669351733,2655.571662729966
1791217140,0.00033460126669351733,0.0003356467419730838,0.00032600087761086767,0.00033066161080538327,1229.4590885358427
1791217200,0.00033066161080538327,0.00033400648958609576,0.00031925097401771184,0.0003261371951011452,1406.2338151909598
1791217260,0.0003261371951011452,0.00032887754331363317,0.0003215710933736922,0.0003260521439614394,946.7050847773727
1791217320,0.0003260521439614394,0.00032851864488952733,0.0003191904232834247,0.00032365319319120324,919.9003248046919
1791217380,0.00032365319319120324,0.0003305177486141916,0.0003175915470697482,0.00032779997574028266,1266.5534899330778
1791217440,0.00032779997574028266,0.0003313432183077476,0.00032327179377081327,0.00032491016798568084,834.0844940762545
1791217500,0.00032491016798568084,0.00033362008196290616,0.00032491016798568084,0.0003303593485459278,855.4399724201885
1791217560,0.0003303593485459278,0.0003335479034322345,0.0003252099180123739,0.0003303893895206385,798.775460934336
1791217620,0.0003303893895206385,0.0003380556644648545,0.0003296196468609271,0.0003299523179604655,619.1328196043462
1791217680,0.0003299523179604655,0.00033461784283081306,0.00032898459238184436,0.0003290996284701397,92.64152508622466
1791217740,0.0003290996284701397,0.00033389880061046736,0.0003290996284701397,0.00033389880061046736,84.1559949027806
1791217800,0.00033389880061046736,0.00033453185365687354,0.0003269200951315575,0.0003269200951315575,164.12681677992296
1791217860,0.0003269200951315575,0.0003316349338536994,0.0003269200951315575,0.0003316349338536994,39.27378993300044
1791217920,0.0003316349338536994,0.0003348360920831588,0.00032804052130348306,0.00032990168602165123,375.63544797164536
1791217980,0.00032990168602165123,0.0003364630183259241,0.00032967757459025304,0.0003306572937289288,771.2362708613617
1791218040,0.0003306572937289288,0.0003371863261827324,0.00033000889898698334,0.0003371863261827324,648.9989098005944
1791218100,0.0003371863261827324,0.00033862375856768905,0.0003305721535553265,0.0003358044616821214,1143.4359798976611
1791218160,0.0003358044616821214,0.00033675721911682676,0.0003289680882151761,0.0003304297432924977,800.6870680179888
1791218220,0.0003304297432924977,0.0003348314647597688,0.000328097030506808,0.00033280811465926627,724.0930496096313
1791218280,0.00033280811465926627,0.0003357313376665518,0.00032808782622001967,0.00032808782622001967,652.2929270701135
1791218340,0.00032808782622001967,0.0003360599070366454,0.0003274396652166889,0.0003316987299791718,875.2897418067522
1791218400,0.0003316987299791718,0.0003372319682871124,0.0003296932381459078,0.00033226886245922506,773.6563908375567
1791218460,0.00033226886245922506,0.0003365411576316345,0.000330061871221065,0.0003360947034087463,751.527948240156
1791218520,0.0003360947034087463,0.0003389557407386912,0.00032964061631477707,0.0003320887060263331,932.9723357713638
1791218580,0.0003320887060263331,0.00033960041941675937,0.0003320887060263331,0.0003366846501183485,1067.4038294993566
1791218640,0.0003366846501183485,0.00033911186066884616,0.0003321730093024067,0.00033763241400232985,641.9634164855389
1791218700,0.00033763241400232985,0.00033934253670292165,0.00033229883899866717,0.00033773850801170017,992.7741179274212
1791218760,0.00033773850801170017,0.00034048319870153167,0.00033202166044347687,0.0003373108838806301,963.1417735918213
1791218820,0.0003373108838806301,0.0003388883166446776,0.0003316985678948591,0.0003316985678948591,819.6670879855167
1791218880,0.0003316985678948591,0.0003381962502298191,0.0003267059568081239,0.0003307480972116771,897.6317957424233
1791218940,0.0003307480972116771,0.00033733879677378726,0.0003262989396435237,0.00033555969280926225,1190.0342475691655
1791219000,0.00033555969280926225,0.00033817496521672193,0.0003315239242007156,0.0003374735340806633,590.8503097823422
1791219060,0.0003374735340806633,0.00033861844271766624,0.0003316616561735223,0.00033695672602312846,851.8831003355832
1791219120,0.00033695672602312846,0.00033956816564189755,0.00033138875906450744,0.00033138875906450744,760.9376281933705
1791219180,0.00033138875906450744,0.00033933072224654566,0.00033138875906450744,0.00033481463846647425,1118.4703636645652
1791219240,0.00033481463846647425,0.00033763180487103177,0.0003308884081220354,0.0003348691870120368,840.9942522980404
1791219300,0.0003348691870120368,0.0003373877299407303,0.000330225314630888,0.00033028866211104967,954.1766611434232
1791219360,0.00033028866211104967,0.0003369687459919146,0.00033028866211104967,0.00033447588359063673,651.8594900750797
1791219420,0.00033447588359063673,0.0003376227072645062,0.0003293697610141303,0.0003336748002493125,1073.736845310709
1791219480,0.0003336748002493125,0.0003370385487572203,0.00032959310972294784,0.0003361045324510505,803.7157328533019
1791219540,0.0003361045324510505,0.0003374719906822781,0.00032926466998057244,0.0003317193273390073,1192.4294681769643
1791219600,0.0003317193273390073,0.0003369975571456345,0.00032931605295444336,0.00032931605295444336,747.7720803798383
1791219660,0.00032931605295444336,0.0003394699163564689,0.00032931605295444336,0.00033789499053694385,1075.5562665681302
1791219720,0.00033789499053694385,0.0003396674041715391,0.00033219362043993917,0.00033219362043993917,684.9352850953576
1791219780,0.00033219362043993917,0.0003362576223810618,0.00032974695867770326,0.0003313580315051644,860.8628955608369
1791219840,0.0003313580315051644,0.0003375849441414183,0.00033079452945797175,0.0003343609180291186,711.1520207028365
1791219900,0.0003343609180291186,0.00033738484248138596,0.0003282159093388874,0.000334080017129424,1058.9383082330698
1791219960,0.000334080017129424,0.000334080017129424,0.00030509576483729134,0.00030509576483729134,1751.8617072167424
1791220020,0.00030509576483729134,0.00031197525299088267,0.00030509576483729134,0.0003091375716870503,912.0375335784158
1791220080,0.0003091375716870503,0.0003117844151468891,0.000304742369411834,0.0003092947670087055,750.6834134885463
1791220140,0.0003092947670087055,0.00031184951419236257,0.0002669854978614745,0.0002669854978614745,2508.5083900973054
1791220200,0.0002669854978614745,0.00027273568686106344,0.0002616060686503237,0.0002616060686503237,950.3742614049364
1791220260,0.0002616060686503237,0.0002668178329614764,0.0002604942034740914,0.0002644427638276815,1033.6563828154913
1791220320,0.0002644427638276815,0.0002656723476958051,0.00025307304113497464,0.00025330303492005,1061.4942021004695
1791220380,0.00025330303492005,0.00025726318939888306,0.0002501895638817429,0.0002527077474380747,962.37945262612
1791220440,0.0002527077474380747,0.00025851119204468273,0.0002527077474380747,0.0002562747024172243,659.4814144921152
1791220500,0.0002562747024172243,0.00025872899369349935,0.0002528617764660375,0.00025538921921005865,795.5680620640001
1791220560,0.00025538921921005865,0.00027333142865425513,0.00025325460655568926,0.00026663914707691265,1917.2961962059105
1791220620,0.00026663914707691265,0.0002799746066850863,0.00026663914707691265,0.00027996403824995784,1237.9370278046506
1791220680,0.00027996403824995784,0.0002866157108671449,0.0002785397690451903,0.0002862395903774866,998.522293271239
1791220740,0.0002862395903774866,0.0002936598767004985,0.0002862395903774866,0.0002906314005940438,988.9443879457237
1791220800,0.0002906314005940438,0.00029660061080108863,0.00028818030626109685,0.00029370865404156364,913.388783862647
1791220860,0.00029370865404156364,0.0002958076223395847,0.00028852767125796865,0.0002885622348841022,1047.2474645831435
1791220920,0.0002885622348841022,0.000294933250907072,0.00028835431884775836,0.00029354377391339475,658.0883500421933
1791220980,0.00029354377391339475,0.00029551664660285585,0.00028848695200475526,0.0002940951260377268,930.0363798064831
1791221040,0.0002940951260377268,0.0002946117220120785,0.0002881898949008272,0.0002881898949008272,776.4386159864157
1791221100,0.0002881898949008272,0.00029500372798267236,0.0002881898949008272,0.0002946157618089053,932.1273940007867
1791221160,0.0002946157618089053,0.00029877769275271973,0.0002907898691194657,0.0002968978156594954,671.4884475328034
1791221220,0.0002968978156594954,0.0002995257151044004,0.00029334595206426394,0.00029509950213561716,1174.7789265666224
1791221280,0.00029509950213561716,0.0002993930159633066,0.0002930450849381145,0.0002972144261601784,740.7180343763621
1791221340,0.0002972144261601784,0.0003004311196302541,0.00029433835498923544,0.0002983079502985235,981.7281789807959
1791221400,0.0002983079502985235,0.00030049682862705155,0.0002893269860216366,0.0002895540261311359,936.1998748781257
1791221460,0.0002895540261311359,0.00029431968812152376,0.00028850979887734524,0.00029262936003837247,866.4222825631749
1791221520,0.00029262936003837247,0.00029623968424569716,0.00028884244978261684,0.00029232609144835245,668.4830898172164
1791221580,0.00029232609144835245,0.0002962909057188512,0.0002905361713175811,0.0002919666643637528,566.3674073890869
1791221640,0.0002919666643637528,0.0003034997476311148,0.0002906630872587275,0.0002950067278490379,1353.2318296426495
1791221700,0.0002950067278490379,0.00029749323960368067,0.000291666367020223,0.00029184622861661084,651.4557774761644
1791221760,0.00029184622861661084,0.0002966835370934947,0.0002912523988921173,0.00029190991629021403,454.3369637229987
1791221820,0.00029190991629021403,0.0002965717315167046,0.00029190991629021403,0.00029535078864879844,144.567577457339
1791221880,0.00029535078864879844,0.0002971946935470181,0.00029326906734245944,0.0002971946935470181,92.64168619384805
1791221940,0.0002971946935470181,0.0003036912291818999,0.0002971946935470181,0.0003036912291818999,317.48180888778563
1791222060,0.0003036912291818999,0.00032301894977095595,0.0003036912291818999,0.00032301894977095595,1024.874782497223
1791222120,0.00032301894977095595,0.00032958392613125116,0.00032301894977095595,0.00032485447958530134,411.2656197533118
1791222180,0.00032485447958530134,0.0003306500543976834,0.00032332963530105896,0.00032762741210021527,931.2780857129763
1791222240,0.00032762741210021527,0.0003302720891012114,0.00032309908829889996,0.00032809943498344373,684.9361120780013
1791222300,0.00032809943498344373,0.0003303450659275182,0.00032343025541544366,0.000327818581339733,661.0731416771804
1791222360,0.000327818581339733,0.00033059468914261594,0.0003237388673959887,0.00032894977397177543,992.2537244450841
1791222420,0.00032894977397177543,0.00033062323017476363,0.0003236520093197261,0.00032781429508727656,1033.9294730489041
1791222480,0.00032781429508727656,0.00032961222102593086,0.00032308222432411596,0.00032749496510262846,515.766187593661
1791222540,0.00032749496510262846,0.0003294647808272015,0.00032374667073326084,0.00032818766349459056,476.15802417170073
1791222600,0.00032818766349459056,0.0003325913484559765,0.0003238325253214366,0.0003310510701874946,1183.6760618273881
1791222660,0.0003310510701874946,0.0003322001695149842,0.0003246808952403011,0.00032898661538988437,894.6372130773084
1791222720,0.00032898661538988437,0.0003320587514934365,0.0003244873377925402,0.00032990918911878305,766.4460405824291
1791222780,0.00032990918911878305,0.0003330714322891231,0.0003262667402197765,0.00033254691931464467,822.8098208103239
1791222840,0.00033254691931464467,0.00033401414295298023,0.0003267686734146016,0.0003288063008412681,688.2596149130687
1791222900,0.0003288063008412681,0.0003346521371331248,0.0003184537188666153,0.00032167903677787497,1350.2027418487453
1791222960,0.00032167903677787497,0.00032459794441224425,0.0003177338079312437,0.0003219438340062735,681.0743149859619
1791223020,0.0003219438340062735,0.00032596970584840057,0.00031805842300596416,0.00031951090812889317,874.2754392443661
1791223080,0.00031951090812889317,0.00032605422962743343,0.00031852182247135935,0.00032331113667945525,919.3345435117383
1791223140,0.00032331113667945525,0.0003246777594209741,0.00031805460777371836,0.0003240221735264411,832.5678810721582
1791223200,0.0003240221735264411,0.00032561068634130925,0.000318132427749358,0.0003228675228518811,930.4981615183153
1791223260,0.0003228675228518811,0.00033150971886793573,0.00031955357724960736,0.0003299844183665173,1130.4221307573232
1791223320,0.0003299844183665173,0.0003369626127006746,0.0003239182272060489,0.0003319444901384684,1448.4023945802107
1791223380,0.0003319444901384684,0.00033479126259906963,0.0003274856157320593,0.00033479126259906963,882.4156912037134
1791223440,0.00033479126259906963,0.00033479126259906963,0.0003282596596122026,0.00033438494309748744,666.9558890008512
1791223500,0.00033438494309748744,0.00033535239241000317,0.00032858173514088707,0.0003348827857202202,882.974804619142
1791223560,0.0003348827857202202,0.00033599220662482556,0.00032748405472756575,0.00032790757538356003,707.720089315872
1791223620,0.00032790757538356003,0.0003346725047815406,0.00032790757538356003,0.0003315615888168145,742.7205611470889
1791223680,0.0003315615888168145,0.00033456597102193,0.0003271865403638396,0.0003281363853837139,938.5056396254347
1791223740,0.0003281363853837139,0.00033465229780194674,0.0003271165790925066,0.00033033901072050914,989.4688932581392
1791223800,0.00033033901072050914,0.00033445248661035585,0.00032435227373483604,0.00032435227373483604,984.3430670736857
1791223860,0.00032435227373483604,0.0003307389168942158,0.00032350230269225264,0.0003236454833333284,921.4035281935949
1791223920,0.0003236454833333284,0.0003326408512627602,0.0003236454833333284,0.00032526288682196346,807.4162544987821
1791223980,0.00032526288682196346,0.00033279174983543694,0.0003245856744371279,0.0003245856744371279,751.9479258809791
1791224040,0.0003245856744371279,0.00033156739420107326,0.0003237131187137861,0.00033046474627312103,1002.6840768579141
1791224100,0.00033046474627312103,0.00033046474627312103,0.00032404234004543633,0.00032416288937210956,781.816544643736
1791224160,0.00032416288937210956,0.00033124579939523667,0.0003240320117780057,0.0003288649862232543,665.8260136178395
1791224220,0.0003288649862232543,0.0003325490592582157,0.0003254193774066269,0.00032637483181475893,855.7943254315576
1791224280,0.00032637483181475893,0.0003329564644310377,0.00032573931466857523,0.00032984660332410016,601.1824658115132
1791224340,0.00032984660332410016,0.00033271805786582825,0.00032562877554299837,0.0003272485702453379,1181.9929942294755
1791224400,0.0003272485702453379,0.000332568791660644,0.00032628796670880125,0.0003306287577428183,594.296521895747
1791224460,0.0003306287577428183,0.00033284634648222884,0.00032559306890421247,0.00033095807965141915,989.6016493524812
1791224520,0.00033095807965141915,0.0003334568201582214,0.00032497633511234823,0.0003319766058930039,819.0505472047474
1791224580,0.0003319766058930039,0.0003319766058930039,0.0003252176831812995,0.0003264565507679619,842.4668999405029
1791224640,0.0003264565507679619,0.00033418499138158713,0.00032538625376384456,0.00033418499138158713,506.75738108369814
1791224700,0.00033418499138158713,0.00033477980110837555,0.0003271060916797696,0.00033160530786400746,1233.3435287067587
1791224760,0.00033160530786400746,0.00033337072506241044,0.0003270660911267932,0.00032729393280858275,546.3624715789837
1791224820,0.00032729393280858275,0.0003348394335537092,0.00032729393280858275,0.0003348394335537092,947.0006541405866
1791224880,0.0003348394335537092,0.0003349452772690764,0.0003270216171062308,0.0003295689616088932,841.3212684753533
1791224940,0.0003295689616088932,0.0003341469946121918,0.0003278045241484871,0.00033155436923709486,888.8851648827747
1791225000,0.00033155436923709486,0.0003348561184229908,0.000327312215699387,0.0003279251247918592,847.5404228686515
1791225060,0.0003279251247918592,0.000334507637412961,0.00032738909604500754,0.000334156914966768,1042.689658179847
1791225120,0.000334156914966768,0.00033465855697692286,0.0003276654829328882,0.00032960831911402487,680.2560526163502
1791225180,0.00032960831911402487,0.000334933793452667,0.00032742940716573604,0.000329403843004533,993.3240965858151
1791225240,0.000329403843004533,0.0003341161795464949,0.00032713575441575734,0.00033396168098567683,645.9352311706867
1791225300,0.00033396168098567683,0.0003348747968949149,0.00032798396754026764,0.0003326465694386974,962.531795460954
1791225360,0.0003326465694386974,0.0003345342914253115,0.00032883325707520016,0.00033434008759276586,692.9356775047664
1791225420,0.00033434008759276586,0.0003346999988729479,0.0003274681668124336,0.00033203049487748586,983.5879098406324
1791225480,0.00033203049487748586,0.0003345865758809891,0.0003282867882092715,0.00033225362724910223,725.2417186424866
1791225540,0.00033225362724910223,0.0003347527939386823,0.0003277586516455075,0.0003281361215023231,894.709992497021
1791225600,0.0003281361215023231,0.00033383295904992536,0.0003272690639844755,0.00032849880053304885,667.184040488956
1791225660,0.00032849880053304885,0.0003336149753376931,0.000327423985313194,0.00033193232685446684,585.7083864154935
1791225720,0.00033193232685446684,0.0003337936456211532,0.0003272371973217651,0.00033340111914860476,727.8568744927159
1791225780,0.00033340111914860476,0.0003335377744591779,0.000327313791247968,0.00033235056900259393,671.1379319532227
1791225840,0.00033235056900259393,0.00033338735489464886,0.0003274684564612267,0.0003326315765807782,468.9796089017257
1791225900,0.0003326315765807782,0.00033334591488081545,0.00032705026999392637,0.0003316861555833161,444.9385804749451
1791225960,0.0003316861555833161,0.0003316861555833161,0.00032688570104374824,0.00032688570104374824,6.274011905596185
1791226020,0.00032688570104374824,0.00032688570104374824,0.00032680894314467753,0.00032680894314467753,0.05236641761269394
1791226140,0.00032680894314467753,0.00033141145617124145,0.0003267014727424706,0.00033141145617124145,25.72799250271696
1791226200,0.00033141145617124145,0.0003344695821950467,0.00032670103394610254,0.00033407743090352695,342.44319937179455
1791226260,0.00033407743090352695,0.00033407743090352695,0.00032485143783540896,0.0003282619301796773,607.0756619981148
1791226320,0.0003282619301796773,0.0003312742426297985,0.0003249905181116915,0.00032931373960515926,554.7446929343356
1791226380,0.00032931373960515926,0.00033207189573015316,0.0003226325985812333,0.00032692139529895317,551.7967734385003
1791226440,0.00032692139529895317,0.00033015523919459935,0.0003229736635253693,0.0003276796562661705,675.2563149406252
1791226500,0.0003276796562661705,0.0003299312350394114,0.00032293044772925013,0.00032293044772925013,519.4329065130245
1791226560,0.00032293044772925013,0.00033018457195680887,0.00032256046096449677,0.00032256046096449677,629.5814144180439
1791226620,0.00032256046096449677,0.0003282250043174293,0.00032174814237459666,0.0003260673618101273,599.9542306476008
1791226680,0.0003260673618101273,0.00033002282803520883,0.00032109997675120003,0.00032485395747810266,592.2183540218049
1791226740,0.00032485395747810266,0.0003281181194815737,0.0003201819984528603,0.0003221531246089711,587.2981412240823
1791226800,0.0003221531246089711,0.00032806737630557744,0.0003188208875651085,0.000324285881232201,855.225550318438
1791226860,0.000324285881232201,0.00032678723265690106,0.00031958942027934746,0.00032370081628405506,448.8059058217894
1791226920,0.00032370081628405506,0.00033171784882751336,0.00031909301459797463,0.00032884543446780383,871.196711898656
1791226980,0.00032884543446780383,0.0003395942746910161,0.00032430472710164195,0.0003298167345132224,1317.3787242134567
1791227040,0.0003298167345132224,0.0003391193837322688,0.0003298167345132224,0.0003360482316516202,717.6047318700597
1791227100,0.0003360482316516202,0.00033965265895520444,0.0003311794161061272,0.0003316625331159874,579.1817603646014
1791227160,0.0003316625331159874,0.00033749891243594314,0.00033080818571813215,0.00033291596752657945,520.4249373396866
1791227220,0.00033291596752657945,0.0003381493513918689,0.00033105879695573417,0.00033534233808088466,650.8387111117282
1791227280,0.00033534233808088466,0.00033914796793115714,0.00033272751057676533,0.00033914796793115714,593.2386751450122
1791227340,0.00033914796793115714,0.00034027103600177405,0.0003333384032853384,0.00033827734827823194,791.6079392349034
1791227400,0.00033827734827823194,0.00033931970428086126,0.0003328089347946632,0.0003374216625077328,435.50442069624125
1791227460,0.0003374216625077328,0.00034018791719666577,0.00033269869354735684,0.00033939952765200824,630.099785734783
1791227520,0.00033939952765200824,0.0003394835799560718,0.0003331854271599347,0.0003336148387648671,455.49322073094316
1791227580,0.0003336148387648671,0.0003420358098419656,0.0003336148387648671,0.0003420358098419656,780.3066631287674
1791227640,0.0003420358098419656,0.0003438669450098331,0.00033601124925900573,0.00034051172874191625,513.6767071596166
1791227700,0.00034051172874191625,0.0003433769113521851,0.0003368302988559518,0.0003407954334076515,425.8254700811753
1791227760,0.0003407954334076515,0.0003435964786220447,0.00033742960257969305,0.0003435964786220447,516.6737107741363
1791227820,0.0003435964786220447,0.0003435964786220447,0.00033573816145288814,0.0003361901235041488,810.671419973069
1791227880,0.0003361901235041488,0.0003427848375935185,0.0003361143000139567,0.00034099420960064544,609.9922924303752
1791227940,0.00034099420960064544,0.0003455831001580076,0.00033666793277099653,0.00033666793277099653,885.6246066571459
1791228000,0.00033666793277099653,0.0003441648057658534,0.00033651059392328077,0.0003415215993119239,558.0050071421033
1791228060,0.0003415215993119239,0.0003430920118832121,0.00033659597781859196,0.0003430920118832121,431.359252204482
1791228120,0.0003430920118832121,0.0003438372181802553,0.0003367076441232012,0.0003416088862402432,762.045946180245
1791228180,0.0003416088862402432,0.00034304937906801163,0.00033664051640063593,0.0003414206012111948,474.8781633781956
1791228240,0.0003414206012111948,0.00034311595008385795,0.00033667828527069674,0.0003412992071536478,501.78278609082895
1791228300,0.0003412992071536478,0.00034331430387484185,0.0003360235207586036,0.00033615951747983686,603.1583735157669
1791228360,0.00033615951747983686,0.0003655375984444138,0.00033615951747983686,0.0003637100260687112,2590.2632717057827
1791228420,0.0003637100260687112,0.000395755999653619,0.0003637100260687112,0.0003869526388321483,2440.05637117229
1791228480,0.0003869526388321483,0.0003950569482006156,0.0003852363861298584,0.0003852363861298584,536.1332835428897
1791228540,0.0003852363861298584,0.0003946451414263944,0.0003852363861298584,0.00039213807682280267,693.9811272634072
1791228600,0.00039213807682280267,0.0003950426863996527,0.0003854491915269436,0.0003898451626012402,612.7243988381838
1791228660,0.0003898451626012402,0.00039434079424362673,0.00038576502307894776,0.0003904402144236479,498.1040249066003
1791228720,0.0003904402144236479,0.0003944296124788041,0.00038579627343875817,0.0003927995339352456,826.4115043496998
1791228780,0.0003927995339352456,0.00039529221330971966,0.0003866567574104348,0.00039165709857638854,646.5740420380363
1791228840,0.00039165709857638854,0.0003959129259378464,0.00038641486965849053,0.0003959129259378464,494.1286978789428
1791228900,0.0003959129259378464,0.0003970607987489917,0.00038904629640871684,0.00039608863081897334,701.6851464685395
1791228960,0.00039608863081897334,0.00039735873626249335,0.00038860027229426983,0.0003935893296112781,646.6741405377652
1791229020,0.0003935893296112781,0.00039682952852048873,0.0003895885957606861,0.00039406741710644536,560.8631663688435
1791229080,0.00039406741710644536,0.00039855919287832214,0.00038963456274019367,0.00039610920977336584,712.4394127720128
1791229140,0.00039610920977336584,0.00039827847981015315,0.00039096296252624123,0.00039096296252624123,266.74289900641196
1791229200,0.00039096296252624123,0.0003994201310959697,0.00039096296252624123,0.0003975729544874207,728.5692410360705
1791229260,0.0003975729544874207,0.0003996240330249895,0.00039158487580968736,0.00039925874926158305,826.0832190185333
1791229320,0.00039925874926158305,0.00039925874926158305,0.00039085566370035695,0.00039349251677833877,497.7514558374632
1791229380,0.00039349251677833877,0.0003989436543275362,0.0003917471973479384,0.00039568697609158643,520.3816451200183
1791229440,0.00039568697609158643,0.00039832052134109667,0.00039059985467698423,0.0003907559536522584,633.7537148952771
1791229500,0.0003907559536522584,0.00039950375457235425,0.00039014296394241683,0.0003916979362728301,475.5222195265355
1791229560,0.0003916979362728301,0.00040456020832411034,0.0003916979362728301,0.00039687725668813707,1028.609814993009
1791229620,0.00039687725668813707,0.00040389568921299314,0.000395398500743811,0.0003995401347870077,438.30320978064714
1791229680,0.0003995401347870077,0.00040661163192374047,0.00039478631138174265,0.00039712103778509255,2273.6122398016664
1791229740,0.00039712103778509255,0.00040485109038180595,0.00039702151911663017,0.0004030809170657475,1564.2463436332023
1791229800,0.0004030809170657475,0.0004057108888507429,0.0003962693192152777,0.0004047159212965886,1531.7444474484448
1791229860,0.0004047159212965886,0.00040783410009342735,0.0003954728323554554,0.0004017954707471031,2019.4696238598074
1791229920,0.0004017954707471031,0.0004068890587720779,0.0003962510482679928,0.00039744879991502035,1388.6078279470712
1791229980,0.00039744879991502035,0.00041069992905391355,0.0003969392032702771,0.0004048539075131526,1501.7870127608182
1791230040,0.0004048539075131526,0.0004081055469412999,0.00039954038241324364,0.00040509220622194546,1269.3265018027346
1791230100,0.00040509220622194546,0.0004096986164062062,0.00039991933100570444,0.0004063275773873793,1321.7629993735356
1791230160,0.0004063275773873793,0.00040863883200414224,0.00039974121215880805,0.0004060922573126311,1203.4655903895143
1791230220,0.0004060922573126311,0.0004116939390851689,0.000400262752332662,0.0004087653589729542,1480.7868098780677
1791230280,0.0004087653589729542,0.00041121552906286067,0.00040170968092855246,0.00040702899294173153,942.1584006851259
1791230340,0.00040702899294173153,0.0004114406597584314,0.0004020417640490408,0.0004075713534155672,973.2310705629591
1791230400,0.0004075713534155672,0.00041170050147532186,0.00040211918392124265,0.000403102544958816,1406.2983739523524
1791230460,0.000403102544958816,0.00041224621851707174,0.00040253364913631035,0.00040869152968974105,1074.4280638072555
1791230520,0.00040869152968974105,0.00041242218271156876,0.00040312715644646747,0.0004090360227627737,736.529676049369
1791230580,0.0004090360227627737,0.000423245568978007,0.000403291903608262,0.0004182447764494122,1783.6222300261738
1791230640,0.0004182447764494122,0.00042918233514880184,0.0004157532927394148,0.00042555550444560696,898.9601661207871
1791230700,0.00042555550444560696,0.00042805968862693987,0.00041987616331262565,0.00042598231448678887,671.2502468806647
1791230760,0.00042598231448678887,0.0004279911190727405,0.00042031954273328556,0.00042608947789047333,504.7571657605967
1791230820,0.00042608947789047333,0.00043386600258648055,0.0004206725638710856,0.0004302055083813101,1139.3572473308188
1791230880,0.0004302055083813101,0.0004335437648921486,0.00042458217662948123,0.000430610721334688,551.1987567165413
1791230940,0.000430610721334688,0.00043327103503473644,0.0004247825757094595,0.0004307904636314956,535.9383842821906
1791231000,0.0004307904636314956,0.00043729445674098153,0.000425444816933746,0.00042903247220943446,890.4209904771251
1791231060,0.00042903247220943446,0.0004349783212377231,0.00042573226426641963,0.00043146142412496085,528.2288963496915
1791231120,0.00043146142412496085,0.00043473494031814305,0.00042559050382962916,0.00043118975060605264,416.4826357986593
1791231180,0.00043118975060605264,0.0004358923841981154,0.0004259504407363108,0.00043360361120300435,841.6798241270894
1791231240,0.00043360361120300435,0.00043761550132611715,0.00042785410570008646,0.0004350453130513555,601.5745599022922
1791231300,0.0004350453130513555,0.0004379520249225977,0.0004294795255758202,0.0004329099102147756,457.1818490011112
1791231360,0.0004329099102147756,0.00043987559933951687,0.0004297256718174993,0.0004387426233457829,642.520901176198
1791231420,0.0004387426233457829,0.00044022330509610404,0.0004320318359455847,0.00044022330509610404,352.3149100787189
1791231480,0.00044022330509610404,0.00044186308766434515,0.00043259389679894836,0.000439034455181326,624.2790381372022
1791231540,0.000439034455181326,0.00044359751696771934,0.00043223596531172546,0.00043223596531172546,851.4191892567633
1791231600,0.00043223596531172546,0.00044106204808423526,0.00043223596531172546,0.0004335967785344599,525.8921401713524
1791231660,0.0004335967785344599,0.0004428477135160818,0.0004315684105555046,0.0004409736064926335,618.0987588610861
1791231720,0.0004409736064926335,0.00044436244703330096,0.0004340643384234452,0.000440756847305807,658.6149251611602
1791231780,0.000440756847305807,0.0004430607769105537,0.00043355552428056684,0.00043355552428056684,761.172998475799
1791231840,0.00043355552428056684,0.0004434219874285552,0.00043355552428056684,0.00044092040625070444,478.3062555086403
1791231900,0.00044092040625070444,0.0004432545796535853,0.00043548558145874226,0.00044082344305585586,486.2358873858286
1791231960,0.00044082344305585586,0.00044488726448042344,0.00043515014297953195,0.0004441881617167739,757.8996817785218
1791232020,0.0004441881617167739,0.0004443458013137738,0.00043465823077540365,0.00044078779978279955,536.0897529776531
1791232080,0.00044078779978279955,0.0004448359107031901,0.0004336000268211166,0.0004336000268211166,637.1303311856046
1791232140,0.0004336000268211166,0.0004423296826563766,0.0004336000268211166,0.0004341739060536335,437.29058371117554
1791232200,0.0004341739060536335,0.00044303508813179504,0.0004335878920282152,0.00044018812755038247,793.9151256268384
1791232260,0.00044018812755038247,0.0004434708158192531,0.00043521858249686294,0.00044250321360762504,541.1781692647523
1791232320,0.00044250321360762504,0.00045014810706680273,0.00043808067037350316,0.00044338812938893367,815.4451483788711
1791232380,0.00044338812938893367,0.0005240839001950363,0.0004416883843847069,0.0004900635632805497,4695.473298821449
1791232440,0.0004900635632805497,0.0004991171683391207,0.0004892026510992512,0.0004892026510992512,485.56142331402657
1791232500,0.0004892026510992512,0.0004991852017452227,0.00048811971670376753,0.0004974814344017688,802.0936351551501
1791232560,0.0004974814344017688,0.0004979950723589931,0.0004883281441033613,0.0004956375044977606,564.3215166057972
1791232620,0.0004956375044977606,0.0005047934710087878,0.0004884848588288911,0.0004964166728224903,2128.7126056818756
1791232680,0.0004964166728224903,0.0005030968413000753,0.00048639915533941374,0.000486479916374949,2762.048040871714
1791232740,0.000486479916374949,0.0004953997680538529,0.00048339863253376095,0.000489556720666049,1934.2631135401211
1791232800,0.000489556720666049,0.0004945610161820055,0.0004811090435586077,0.00048794461452475826,2138.103748734837
1791232860,0.00048794461452475826,0.0004911422485602783,0.00048010952119638953,0.0004866221373421125,1346.0966602678336
1791232920,0.0004866221373421125,0.0004903043033279904,0.00048015914037574783,0.0004872953606528402,1564.8146260991277
1791232980,0.0004872953606528402,0.0004890181929066043,0.00047987622382018397,0.00048703812799549714,1547.4005826592224
1791233040,0.00048703812799549714,0.0004923712201711993,0.00047972928638414386,0.0004874328926184667,1230.9118397519662
1791233100,0.0004874328926184667,0.0005141282345596569,0.00048049651737433295,0.0005103618215437792,2049.197188406925
1791233160,0.0005103618215437792,0.0005186506813830145,0.0005044470901101251,0.0005087450519891496,1656.2045460404995
1791233220,0.0005087450519891496,0.0005191373778181952,0.0005078393689335361,0.0005191373778181952,1223.0291075685084
1791233280,0.0005191373778181952,0.0005203550182175732,0.0005107116290078801,0.0005179384288700819,1078.7829683186908
1791233340,0.0005179384288700819,0.0005204064483489488,0.0005094548946379548,0.0005162580820162236,1101.7757305219986
1791233400,0.0005162580820162236,0.0005243422835083544,0.0005134346243817787,0.0005206140471806601,1127.27446504335
1791233460,0.0005206140471806601,0.0005239615413379488,0.0005137240275212819,0.0005203654418248215,1077.6891968355717
1791233520,0.0005203654418248215,0.0005441825654651973,0.0005157093423114552,0.0005402050782423545,2707.3627341986034
1791233580,0.0005402050782423545,0.00057620701984605,0.0005329409911247917,0.0005725671521814175,2221.9436639874243
1791233640,0.0005725671521814175,0.0005745649212049809,0.0005565084059828666,0.0005590708259288272,1536.0041081099123
1791233700,0.0005590708259288272,0.0005703321581992349,0.0005589202824756152,0.0005673636456472072,684.3242345554977
1791233760,0.0005673636456472072,0.0005754322982979012,0.0005596842409929987,0.0005643811719013826,1527.3457412689957
1791233820,0.0005643811719013826,0.0005782055726217409,0.0005618266753939872,0.0005732375839994123,2722.3247027920324
1791233880,0.0005732375839994123,0.0005781008085274749,0.0005634808318974358,0.0005711802101092673,2207.192965580387
1791233940,0.0005711802101092673,0.0005779187396880879,0.0005626109359711514,0.0005739350202046988,1557.1047827370503
1791234000,0.0005739350202046988,0.0005804301220763495,0.0005654944717966546,0.0005804053365684236,1686.902716072959
1791234060,0.0005804053365684236,0.0005867938920060465,0.0005657551907253255,0.0005757424233352868,2458.7330854605343
1791234120,0.0005757424233352868,0.0005827885591463936,0.0005597201860929848,0.0005670503538325844,1567.8221039750722
1791234180,0.0005670503538325844,0.0005706663140744573,0.0005571077432858637,0.0005655376459671608,1298.9270701449827
1791234240,0.0005655376459671608,0.0005697672470647116,0.0005537360942708452,0.0005537360942708452,1392.990149882303
1791234300,0.0005537360942708452,0.0005676971969987705,0.0005521502169342988,0.0005625422426880976,1304.9092342064932
1791234360,0.0005625422426880976,0.00057339356323418,0.0005533707030487517,0.0005627331806730744,1169.1623262731061
1791234420,0.0005627331806730744,0.0005754505815094732,0.0005611259453071705,0.0005691180896474949,1361.2719951125123
1791234480,0.0005691180896474949,0.000600181051839293,0.0005602668344067861,0.0005898617652982481,2458.438716300275
1791234540,0.0005898617652982481,0.0006389492628805111,0.0005886386951142314,0.0006331624296377494,2274.201617279512
1791234600,0.0006331624296377494,0.0006904176754498155,0.0006221487182139453,0.0006847293291017354,3294.280350600895
1791234660,0.0006847293291017354,0.0007091217413789719,0.0006768470025993545,0.0006997235796531139,2935.137653475214
1791234720,0.0006997235796531139,0.0007175351412346136,0.0006976166156474636,0.0007140655235174456,1246.1184739477792
1791234780,0.0007140655235174456,0.0007169648083277674,0.0005716899619613144,0.0005826776156367972,5244.844097591213
1791234840,0.0005826776156367972,0.0005826776156367972,0.0005077107639675346,0.0005136047122264342,3260.38482807326
1791234900,0.0005136047122264342,0.0005136047122264342,0.00047502954216910293,0.000475489309951389,1935.2694203060335
1791234960,0.000475489309951389,0.00048667360918403494,0.000475489309951389,0.0004814673499128069,759.7684004144093
1791235020,0.0004814673499128069,0.0004865504222705689,0.0004730671785908618,0.0004730671785908618,771.3636546600555
1791235080,0.0004730671785908618,0.0004927478459917017,0.0004730671785908618,0.0004896817038027361,982.6165502669254
1791235140,0.0004896817038027361,0.0004942455444297232,0.0004834364622425566,0.00048447005547947,641.1071364776093
1791235200,0.00048447005547947,0.000492998708520205,0.00048412183303547665,0.0004844167313707805,534.8739389963213
1791235260,0.0004844167313707805,0.000493924974496843,0.00048436887568952084,0.0004938293660445017,517.3051333716772
1791235320,0.0004938293660445017,0.0004975608163237747,0.00048773863651383007,0.0004948872019021484,637.4840849018558
1791235380,0.0004948872019021484,0.0005028702196809,0.0004920269881437039,0.0004938741867221208,1024.702845577184
1791235440,0.0004938741867221208,0.0005100876522050375,0.0004938741867221208,0.0005000500619650411,751.809670982408
1791235500,0.0005000500619650411,0.00051851283807055,0.0005000500619650411,0.0005148147855339417,1152.5284954546632
1791235560,0.0005148147855339417,0.0005267001348825813,0.0005083650347499851,0.0005163572139404553,1080.0461472054726
1791235620,0.0005163572139404553,0.0005279716645146133,0.0005155456095189242,0.000527655061577577,619.761372503649
1791235680,0.000527655061577577,0.0005304701598036881,0.0005206983501170911,0.0005281430892343359,540.672740630968
1791235740,0.0005281430892343359,0.0005307111439780598,0.0005213109505309697,0.0005299274382022731,608.48434625193
1791235800,0.0005299274382022731,0.0005313986693447706,0.0005215518327535647,0.0005234260251549499,460.18340302018487
1791235860,0.0005234260251549499,0.0005317916523326339,0.0005221790113779301,0.0005287523774714286,500.59353321751684
1791235920,0.0005287523774714286,0.0005327630896954814,0.0005229452612150885,0.0005327630896954814,730.669857480415
1791235980,0.0005327630896954814,0.0005327630896954814,0.0005220117163491913,0.0005220117163491913,578.0520859750515
1791236040,0.0005220117163491913,0.0005298314092911956,0.0005159406393820465,0.0005159406393820465,371.94017944257746
1791236100,0.0005159406393820465,0.0005263491939761712,0.0005159406393820465,0.0005166244078697946,834.0408133685546
1791236160,0.0005166244078697946,0.0005260524474343288,0.0005154991294921244,0.0005219491589501347,937.2890074141436
1791236220,0.0005219491589501347,0.0005243009266714631,0.0005112217629246982,0.0005131211969568954,680.2843818382025
1791236280,0.0005131211969568954,0.0005203095658889216,0.0005082324788165787,0.0005144987520833138,564.5640645701487
1791236340,0.0005144987520833138,0.0005187504003483196,0.0005080093962361483,0.0005111939005152242,786.8857051412465
1791236400,0.0005111939005152242,0.0005178888360589121,0.000507677508870226,0.0005105097415163164,482.7418049656667
1791236460,0.0005105097415163164,0.0005180627842242286,0.0005076759815218192,0.0005092435058377681,513.5613655715805
1791236520,0.0005092435058377681,0.0005159996908593678,0.0005068168382149602,0.0005082007784279563,634.1146448541424
1791236580,0.0005082007784279563,0.0005183041312234976,0.000507297675364267,0.0005154316956618183,669.6122588113437
1791236640,0.0005154316956618183,0.000517110708805723,0.000507050458429153,0.0005147896582189209,685.7698921024826
1791236700,0.0005147896582189209,0.0005268734735163085,0.0005113237105104378,0.0005268734735163085,862.5765481061122
1791236760,0.0005268734735163085,0.0005269442711049089,0.0005168631087747055,0.000517346913826759,457.7993483256102
1791236820,0.000517346913826759,0.0005265289211597833,0.0005164606895671286,0.0005164606895671286,590.3974958171082
1791236880,0.0005164606895671286,0.0005257885093150128,0.0005159757609346354,0.0005226347930605555,797.0404782761692
1791236940,0.0005226347930605555,0.0005257547451917879,0.0005171830703513661,0.0005173726637221982,512.5859579673195
1791237000,0.0005173726637221982,0.0005263578318381522,0.0005165319697661818,0.0005230847095750961,545.9554601812335
1791237060,0.0005230847095750961,0.0005261746802665575,0.0005164946190916282,0.0005234069803052422,737.2766088638804
1791237120,0.0005234069803052422,0.0005260030719026554,0.0005168741175965384,0.0005244647727497809,473.25365136219455
1791237180,0.0005244647727497809,0.0005303177840684511,0.0005203615004954936,0.0005225462702141196,614.8234795689302
1791237240,0.0005225462702141196,0.0005310362599266664,0.000520163824653202,0.0005281875430730755,569.3386456225542
1791237300,0.0005281875430730755,0.0005318971635090412,0.0005216744049376453,0.000529055549457504,721.6752020603411
1791237360,0.000529055549457504,0.0005323951255443474,0.0005230824434651846,0.0005322395240785682,506.884321982756
1791237420,0.0005322395240785682,0.0005322395240785682,0.0005222376047942845,0.0005312984433130691,488.66505539766183
1791237480,0.0005312984433130691,0.0005319036073592799,0.0005217835617678356,0.0005250550919868359,701.6412546446337
1791237540,0.0005250550919868359,0.0005311867667438848,0.0005217386560563408,0.0005221064902657384,449.0575319403996
1791237600,0.0005221064902657384,0.000532160545561436,0.0005221064902657384,0.0005243053701755199,450.22843591391563
1791237660,0.0005243053701755199,0.0005579951446272902,0.0005243053701755199,0.0005559397170747924,2387.919865410337
1791237720,0.0005559397170747924,0.0005582728212515699,0.0005461362190949681,0.0005567119860141595,1458.0870575462727
1791237780,0.0005567119860141595,0.0005770149880801183,0.0005481505251020739,0.0005668241973386217,2646.519514836639
1791237840,0.0005668241973386217,0.0005780213621320116,0.0005655663219710311,0.0005738080891993379,3274.4494223535576
1791237900,0.0005738080891993379,0.0005775929847608015,0.0005654223527855687,0.0005659900420158603,2603.494313976319
1791237960,0.0005659900420158603,0.0005774731947495934,0.0005658110939267616,0.0005736033086948428,2950.2470124499273
1791238020,0.0005736033086948428,0.0005797921383811688,0.0005658011007411755,0.0005756675761073686,2439.3496981204285
1791238080,0.0005756675761073686,0.000580812868288609,0.0005682543688862686,0.0005697885818778888,2219.2719782225836
1791238140,0.0005697885818778888,0.0005798120659564184,0.0005629303953752217,0.0005703641963053581,2730.3225971627594
1791238200,0.0005703641963053581,0.0005739048293232604,0.0005605837740854399,0.000570124593472274,2340.196086989525
1791238260,0.000570124593472274,0.0005727010577048123,0.0005581050971530499,0.0005679077357256464,2111.7187693113
1791238320,0.0005679077357256464,0.0005734595175399218,0.0005605592437542286,0.0005607558053481362,2174.0428916904293
1791238380,0.0005607558053481362,0.000573139187932808,0.0005607558053481362,0.0005694454606744049,2008.0397064154236
1791238440,0.0005694454606744049,0.0005737707732797546,0.0005615713965640271,0.0005620472000708751,2132.803985979099
1791238500,0.0005620472000708751,0.0005843647465295951,0.0005614255427444065,0.000579106049500313,2620.528597185832
1791238560,0.000579106049500313,0.0005821940196231068,0.0005689760797492567,0.0005785379340546715,2412.38075289547
1791238620,0.0005785379340546715,0.0005831412226924186,0.0005680893658028586,0.0005703104152332645,2031.7455605437715
1791238680,0.0005703104152332645,0.0005817703118012654,0.0005687200711631653,0.000576401172480785,2000.5854680472164
1791238740,0.000576401172480785,0.0005818581770293644,0.0005687968594447434,0.0005798147134316657,1622.9277340955132
1791238800,0.0005798147134316657,0.0005832889920569666,0.0005715531925283255,0.0005733757796315829,1887.856086070988
1791238860,0.0005733757796315829,0.0005876127182341876,0.0005719215080853712,0.0005805635710208158,1961.9430882877205
1791238920,0.0005805635710208158,0.0005848798008671939,0.000573270671318827,0.0005741715737347463,1644.927652679107
1791238980,0.0005741715737347463,0.0005861461620185073,0.0005728816386330199,0.000580603441814707,1699.1651914219842
1791239040,0.000580603441814707,0.0005865244596092642,0.00057297226029535,0.0005810928007044718,1684.7483262516112
1791239100,0.0005810928007044718,0.0005914852680243909,0.0005737745288858048,0.0005855250926469559,2070.69219421994
1791239160,0.0005855250926469559,0.0005900343008481022,0.0005528171960572029,0.0005528171960572029,2473.6189246973895
1791239220,0.0005528171960572029,0.0005634524507565784,0.0005528171960572029,0.0005601336008499291,1961.9245525909298
1791239280,0.0005601336008499291,0.0005637554493640619,0.0005497191750692251,0.0005566843341469179,1805.2272512953964
1791239340,0.0005566843341469179,0.0005585854212626716,0.0005459644260618575,0.0005485367024124803,2053.933586785576
1791239400,0.0005485367024124803,0.0005570677746074873,0.0005419947581031553,0.0005515345320669911,1745.0216857510802
1791239460,0.0005515345320669911,0.0005522962346659933,0.0005416541837673826,0.0005425290807536691,1757.4157741240867
1791239520,0.0005425290807536691,0.0005578757499146369,0.0005396658270618816,0.0005578757499146369,2975.39603316274
1791239580,0.0005578757499146369,0.0005666358632260752,0.0005537857268731931,0.0005570848887366753,1504.8526278998872
1791239640,0.0005570848887366753,0.0005682943490845435,0.0005548514323038047,0.000556014069852799,1924.4886708526847
1791239700,0.000556014069852799,0.000567128093019937,0.0005558095041975258,0.0005645433983072925,1565.3788781790565
1791239760,0.0005645433983072925,0.0005673442442151964,0.0005563089620525761,0.000557142509126424,1674.8013298242906
1791239820,0.000557142509126424,0.0005674211875283364,0.0005535442013392186,0.0005613965372809416,1768.936760691678
1791239880,0.0005613965372809416,0.0005666519336864239,0.0005538498224767055,0.0005613132107117704,2093.216161525164
1791239940,0.0005613132107117704,0.0005670626764259494,0.0005533050257061249,0.0005580550914368002,1669.8115139248057
1791240000,0.0005580550914368002,0.0005663483009218717,0.0005560984337950338,0.0005661311243618167,1472.2024789952347
1791240060,0.0005661311243618167,0.0005676374091955778,0.0005571821598093807,0.0005648044564205408,1730.0937539980273
1791240120,0.0005648044564205408,0.0005721652857603376,0.0005565545638401774,0.0005613464955009305,1979.7642682022874
1791240180,0.0005613464955009305,0.0005722996004679538,0.0005600459826621191,0.0005638980792722208,1867.9882219439573
1791240240,0.0005638980792722208,0.0005740391210459228,0.000562719935957688,0.0005635634461215158,1805.2318093568592
1791240300,0.0005635634461215158,0.0005740384422981707,0.0005597732220713787,0.0005668625014771157,2049.3177808123046
1791240360,0.0005668625014771157,0.0005683451591591899,0.0005565075651644498,0.0005631440727911687,1637.0114439758436
1791240420,0.0005631440727911687,0.0005678669279362135,0.0005537113527186423,0.0005637439278914933,1727.3236826127047
1791240480,0.0005637439278914933,0.00056431595128774,0.0005532357365352308,0.0005602387168663267,1795.1217531502882
1791240540,0.0005602387168663267,0.0005675934446029296,0.0005528982737943478,0.0005592974008964067,1948.9561148387506
1791240600,0.0005592974008964067,0.0005696492555434911,0.0005540820110304051,0.0005576252962090204,1878.6091784966563
1791240660,0.0005576252962090204,0.0005643747649081556,0.0005534947825117777,0.0005550212767187217,1442.162902967473
1791240720,0.0005550212767187217,0.0005637473583247721,0.000552610623876901,0.0005597792687691032,1801.5943870393248
1791240780,0.0005597792687691032,0.0005640881866373497,0.0005526901087776045,0.0005596636985463776,1800.300794342131
1791240840,0.0005596636985463776,0.0005655322319897093,0.0005520545309570253,0.0005606264473608541,1535.0498676905409
1791240900,0.0005606264473608541,0.0005621158782034718,0.00054871395096566,0.0005566344978336459,1976.4710405168205
1791240960,0.0005566344978336459,0.0005605065475879099,0.00054783873987607,0.0005576791906205397,1527.319328732538
1791241020,0.0005576791906205397,0.0005604321254257926,0.0005473528038489701,0.0005534689460832455,1762.9699960650737
1791241080,0.0005534689460832455,0.0005582687420715138,0.0005454832573042207,0.0005547874213815882,1884.0120795019125
1791241140,0.0005547874213815882,0.0005557901821283417,0.0005454750880399039,0.0005541504811444335,1387.5607890309789
1791241200,0.0005541504811444335,0.0005605465952294632,0.0005458885308928627,0.0005594758816033752,1728.698146520191
1791241260,0.0005594758816033752,0.0005605066108353496,0.000550336182392614,0.0005604567685222195,1679.3425288872756
1791241320,0.0005604567685222195,0.000565297522219134,0.0005512766750197975,0.0005615838644676187,2514.709832893911
1791241380,0.0005615838644676187,0.0005643080436037378,0.0005522681066018121,0.0005585957455850334,3282.393864805291
1791241440,0.0005585957455850334,0.0005892193034967943,0.0005522522202551567,0.0005875576903214536,2993.2785997870596
1791241500,0.0005875576903214536,0.0006010787493698932,0.000577804406846186,0.00059446426871768,3121.678359845311
1791241560,0.00059446426871768,0.0006213459179476451,0.0005893001291482834,0.0006003831860914145,5138.19227994785
1791241620,0.0006003831860914145,0.0006171070545651385,0.000589872292038307,0.0006113551616552563,4147.500351304426
1791241680,0.0006113551616552563,0.0006189057138951305,0.0006073311822842447,0.0006176720440316815,2710.8561354134376
1791241740,0.0006176720440316815,0.0006322103492275382,0.0006078549397163953,0.0006295220532620338,3426.1891940523938
1791241800,0.0006295220532620338,0.0006476812703609839,0.0006237794649386637,0.0006405042488968976,2922.4540916453975
1791241860,0.0006405042488968976,0.000646547411918769,0.0006338050671342834,0.0006430280492587385,2508.5673857379925
1791241920,0.0006430280492587385,0.0006457132128614572,0.0006306210244427505,0.0006321367167254053,2868.773559292731
1791241980,0.0006321367167254053,0.0006471933958024831,0.0006312644005765093,0.0006312644005765093,2732.5436588877624
1791242040,0.0006312644005765093,0.0006433365634076765,0.0006277635845898699,0.0006293153347438961,2634.137686628994
1791242100,0.0006293153347438961,0.0006542067501090007,0.0006289839943029542,0.0006517663979451984,3023.4412041996266
1791242160,0.0006517663979451984,0.0006569160613900166,0.0006418197620752807,0.0006503912709068976,2560.208920144679
1791242220,0.0006503912709068976,0.0006539695920974168,0.0006411421981300875,0.0006514149098609748,2324.461007017412
1791242280,0.0006514149098609748,0.0006655631511729193,0.0006387170722921769,0.0006618827349848375,3398.5918079425683
1791242340,0.0006618827349848375,0.0006660897623115394,0.0006528683392051955,0.0006630760426304239,2041.267264465813
1791242400,0.0006630760426304239,0.0007128133727339707,0.0006541704729038805,0.0007104029363494026,4036.409336792909
1791242460,0.0007104029363494026,0.0007386909738937764,0.0006935370989279529,0.0007342159622221595,5076.684317378181
1791242520,0.0007342159622221595,0.0007403148470426422,0.000719226691336324,0.0007387303074547103,5310.737422847652
1791242580,0.0007387303074547103,0.0007510207478581934,0.0007284801127858298,0.0007462990027338077,3631.2036502310825
1791242640,0.0007462990027338077,0.0007570831299763213,0.000733446590929858,0.0007408343980675287,3819.221506779527
1791242700,0.0007408343980675287,0.0007687741577830725,0.0007250437293065309,0.0007358712701405014,4375.282392837797
1791242760,0.0007358712701405014,0.0007358712701405014,0.0005434413349617159,0.0005502720820721737,8306.55911585953
1791242820,0.0005502720820721737,0.0005502720820721737,0.0005308614117686359,0.0005389199026475959,3664.3629863778924
1791242880,0.0005389199026475959,0.0005389199026475959,0.0004957583522357262,0.000511081479552796,4608.748992602099
1791242940,0.000511081479552796,0.0005258392273521496,0.0005022759642361432,0.0005211043584684875,3395.5300088235394
1791243000,0.0005211043584684875,0.0005320033863350477,0.0005128039523803015,0.0005209713946134842,3123.7486127937395
1791243060,0.0005209713946134842,0.000535119136206703,0.0005208447692621812,0.0005303978530426875,3133.0788353240664
1791243120,0.0005303978530426875,0.0005346572395425245,0.0005162925398169541,0.0005291676080047676,2953.476552005142
1791243180,0.0005291676080047676,0.0005362180714993588,0.0005233489036410318,0.0005244348534779974,2619.5452879003396
1791243240,0.0005244348534779974,0.0005353921452976691,0.000521963923898402,0.0005251564627700603,2508.981098942481
1791243300,0.0005251564627700603,0.0005361037506760519,0.0005226502523513067,0.0005292241385045965,2565.8403015592235
1791243360,0.0005292241385045965,0.0005413522412796012,0.0005242890299799627,0.0005309707011397566,2435.335095140676
1791243420,0.0005309707011397566,0.0005423036747480419,0.0005305699442809506,0.000537683166761008,2042.567741026584
1791243480,0.000537683166761008,0.0005419908590560162,0.0005291320816625049,0.0005390823035775923,2226.2206303760727
1791243540,0.0005390823035775923,0.000541031655623506,0.0005290629775648549,0.0005361169631810922,1851.7234101581414
1791243600,0.0005361169631810922,0.0005474498646356998,0.000529544894352591,0.0005425735264005597,2351.6227442442582
1791243660,0.0005425735264005597,0.0005474346606152344,0.0005361312854670763,0.0005433277444739503,1910.177564174474
1791243720,0.0005433277444739503,0.0005472719169899288,0.0004479191109046153,0.00045370029213541755,5394.997394306071
1791243780,0.00045370029213541755,0.00045510679910722623,0.0004064983374446429,0.0004118205501402063,3955.2808593266236
1791243840,0.0004118205501402063,0.000413561484746905,0.00038875437872508243,0.0003941473492170648,3718.8734471964517
1791243900,0.0003941473492170648,0.00039738753210632723,0.00035316587287017627,0.0003578104425595506,3396.922894185339
1791243960,0.0003578104425595506,0.00035968541763464523,0.0003277874339573451,0.000331743253167018,3124.988811303997
1791244020,0.000331743253167018,0.0003368134472677198,0.00032440949693707217,0.00033067585250210683,2168.4420061002847
1791244080,0.00033067585250210683,0.000341170670250155,0.00032864373026132097,0.00033471288426388984,1966.5589848524417
1791244140,0.00033471288426388984,0.00034276664345946355,0.00033465759460690845,0.00034108316422577767,1705.6840370902362
1791244200,0.00034108316422577767,0.000343286866906666,0.00033456053018873696,0.00034031936432217736,1766.226405573701
1791244260,0.00034031936432217736,0.0003437936876267526,0.0003341743949369775,0.0003364623588783534,1565.1160716857203
1791244320,0.0003364623588783534,0.0003486300205656196,0.0003359571863480227,0.0003461861397336747,1710.027080129501
1791244380,0.0003461861397336747,0.00034973911302717796,0.0003409997527020003,0.0003472588189603859,1691.7327223847844
1791244440,0.0003472588189603859,0.00035863439072743064,0.0003415049308471476,0.0003532598730810262,2289.713045559042
1791244500,0.0003532598730810262,0.0003588455191630282,0.00035005962416073525,0.0003559957643376415,1767.3022651529168
1791244560,0.0003559957643376415,0.00036113805653218626,0.00035069810817228074,0.0003536475883857167,1530.440981292687
1791244620,0.0003536475883857167,0.00036064556415205996,0.00035284051572046106,0.0003575603686849929,1479.6580761455555
1791244680,0.0003575603686849929,0.0003606219677769919,0.0003278109342937969,0.0003278109342937969,2757.64617007302
1791244740,0.0003278109342937969,0.0003323683982583476,0.0002969802776037053,0.0002969802776037053,2988.5491880343993
1791244800,0.0002969802776037053,0.0003410201229137365,0.0002938402409411288,0.00033684233065550906,3659.9014623305425
1791244860,0.00033684233065550906,0.00034204162914006477,0.0003337582307885411,0.00034055493491245146,1782.068072026275
1791244920,0.00034055493491245146,0.0003445821943468477,0.00033498664065665604,0.0003428731905598343,1711.9503519676537
1791244980,0.0003428731905598343,0.00034432060916496273,0.00033799171268819177,0.000342314487052799,211.84980371017127
1791245040,0.000342314487052799,0.0003444451590273631,0.0003352200549978238,0.0003413077054881263,928.5372054411944
1791245100,0.0003413077054881263,0.0003425645705477009,0.0003353095891198068,0.00034054266481451783,1426.4294169346342
1791245160,0.00034054266481451783,0.0003427837442814843,0.0003353936820781605,0.0003410074062921136,1642.7912685681345
1791245220,0.0003410074062921136,0.00034316835656137627,0.00033435190770586526,0.00033890778061227447,1926.028450776895
1791245280,0.00033890778061227447,0.0003416624104919902,0.0003331443180741809,0.0003341370096818338,1761.3479804068802
1791245340,0.0003341370096818338,0.0003402315928788225,0.00033332354772842577,0.0003380109028253296,1013.968711737829
1791245400,0.0003380109028253296,0.00034154638920469443,0.0003322055896724657,0.0003322055896724657,1688.1516696997808
1791245460,0.0003322055896724657,0.0003398843645980356,0.0003303392903728245,0.0003307432431410758,1867.7073558478105
1791245520,0.0003307432431410758,0.00033743405488525103,0.00032878456206296674,0.00032878456206296674,1532.9296712178311
1791245580,0.00032878456206296674,0.00033547036147957846,0.00032626530423382293,0.00033399348046031074,1573.5379220359412
1791245640,0.00033399348046031074,0.00033471806683346223,0.00032397658341480677,0.00032798934266163734,1865.7747085194476
1791245700,0.00032798934266163734,0.0003339394527642839,0.0003246547491782234,0.0003339394527642839,1757.6237596523754
1791245760,0.0003339394527642839,0.0003340420328126331,0.000323259464400676,0.00033023540794178795,1677.357944461632
1791245820,0.00033023540794178795,0.0003355609004042649,0.00032641418066138334,0.0003337098876411992,1680.9785557536902
1791245880,0.0003337098876411992,0.00033720889543984985,0.00032150010629554437,0.0003308600434299905,4179.206256793153
1791245940,0.0003308600434299905,0.0003366630317425061,0.00032461546697070163,0.00032741702561620337,3260.7821235671477
1791246000,0.00032741702561620337,0.00034025611962037983,0.00032454357026554404,0.00033708307369892187,3508.942825170728
1791246060,0.00033708307369892187,0.0003399153676768374,0.0003298758461562347,0.0003353630314218751,2795.967291843635
1791246120,0.0003353630314218751,0.0003410178497993253,0.00033005279344630194,0.0003388673650917849,2260.6836088060504
1791246180,0.0003388673650917849,0.0003459088604334096,0.00033205012391012513,0.0003390148017510145,3111.6092170595593
1791246240,0.0003390148017510145,0.0003447823681035301,0.0003353693676214552,0.0003403999033553457,2441.423010096655
1791246300,0.0003403999033553457,0.00034440226102426335,0.00033597622153237294,0.0003422251006749012,2263.3285274288796
1791246360,0.0003422251006749012,0.00034578960687593367,0.0003361888162715131,0.00033985923917243465,2404.3779045882666
1791246420,0.00033985923917243465,0.0003451499827874256,0.0003372689965687932,0.0003391566670243592,2359.0512655295092
1791246480,0.0003391566670243592,0.0003481800718547813,0.00033766738549132017,0.00034391330491336994,2736.240880095855
1791246540,0.00034391330491336994,0.0003488770935998588,0.0003383525217723615,0.0003473987075793075,2905.129219064782
1791246600,0.0003473987075793075,0.0003504022755703789,0.00034195673533157095,0.00034338981711972105,1947.8492919903788
1791246660,0.00034338981711972105,0.0003528686548004009,0.0003424212368121102,0.0003528686548004009,2216.1699978316287
1791246720,0.0003528686548004009,0.0003563651839097976,0.0003466654026610683,0.00034765191802420606,2277.542393037571
1791246780,0.00034765191802420606,0.00036092253750428274,0.00034712600989655223,0.00035859715465444853,2197.9036641387793
1791246840,0.00035859715465444853,0.00037375103557746927,0.0003548012183087935,0.00037145269655560744,2282.310030136551
1791246900,0.00037145269655560744,0.0003933772350086142,0.0003662674796718235,0.0003844592256021548,2493.245883064165
1791246960,0.0003844592256021548,0.0003931130247790057,0.0003844592256021548,0.000391227687157225,1981.3402451647637
1791247020,0.000391227687157225,0.000396101765882693,0.00038582737871293015,0.0003873429416895204,2063.677828177205
1791247080,0.0003873429416895204,0.00039605517454037616,0.0003842555449809107,0.000384356646357408,2194.492781015812
1791247140,0.000384356646357408,0.00039305653822383955,0.0003833165858707135,0.0003887610533154211,1985.621740916209
1791247200,0.0003887610533154211,0.00040330987362771,0.0003836470575666206,0.0003991613713938442,3100.204897587773
1791247260,0.0003991613713938442,0.00040133432544836063,0.0003905770624242213,0.0003958023012161428,1949.6425714091697
1791247320,0.0003958023012161428,0.00039858053865874754,0.00038724820323062187,0.00039507952538848635,1938.9482799825432
1791247380,0.00039507952538848635,0.00039631673147756224,0.00038642352416324416,0.00038642352416324416,1546.296279742017
1791247440,0.00038642352416324416,0.00039494327679462837,0.0003851552247877953,0.00039034360104674306,1949.020232699358
1791247500,0.00039034360104674306,0.0003931622507957064,0.00038225180672204676,0.00038736221478111665,1565.974121546281
1791247560,0.00038736221478111665,0.0003915585283773608,0.00038208097811663643,0.0003876361262767621,1670.5109749207193
1791247620,0.0003876361262767621,0.00039281318415173644,0.00038261335030337134,0.000388141977092557,1846.1639634264304
1791247680,0.000388141977092557,0.00039162025094106965,0.0003820836898412664,0.00039017849426849037,1737.0640513126184
1791247740,0.00039017849426849037,0.0003915972611045186,0.0003808409975819219,0.00038610771803285107,1687.2187408175282
1791247800,0.00038610771803285107,0.0003899697705383716,0.0003810751453740958,0.0003821813867623264,1732.0772092705977
1791247860,0.0003821813867623264,0.00039793506815109314,0.0003821813867623264,0.0003912291743262036,2267.372063021598
1791247920,0.0003912291743262036,0.00039891330966838065,0.0003903846532676778,0.00039591312343372696,1602.9151571105247
1791247980,0.00039591312343372696,0.0003986196262998171,0.00039051101279548317,0.0003970269137353936,1761.9201727356656
1791248040,0.0003970269137353936,0.0003984492852532146,0.0003900047934607325,0.0003905350565170435,1550.0161318269743
1791248100,0.0003905350565170435,0.000398775672799748,0.00038939495269913735,0.0003962632476387537,1705.107686343023
1791248160,0.0003962632476387537,0.00039697218664381037,0.0003858945105125247,0.00039189756181108403,2216.4595200764425
1791248220,0.00039189756181108403,0.0003972387043450465,0.00038655985714034885,0.0003871648975565709,1773.2617550168325
1791248280,0.0003871648975565709,0.0003930607784525353,0.00035285469100175445,0.0003540774010874269,3052.7178388009092
1791248340,0.0003540774010874269,0.000360206299662202,0.000347117986664556,0.00035032418027525686,2123.2617909854976
1791248400,0.00035032418027525686,0.00035675092398465585,0.0003474614475102128,0.0003539897030400742,1491.2455123573166
1791248460,0.0003539897030400742,0.0003561317869164224,0.00034845656215816927,0.00035539349292982377,1676.9250378863771
1791248520,0.00035539349292982377,0.00035539349292982377,0.0003319344912867088,0.0003331674987179855,2577.3351458976763
1791248580,0.0003331674987179855,0.0003384200066000255,0.0003313251874521246,0.00033576908997440204,1331.0951166380635
1791248640,0.00033576908997440204,0.0003387612227883471,0.00032960469138632514,0.00033588750610996404,1834.6901214646055
1791248700,0.00033588750610996404,0.0003372754219506021,0.00033003189947732276,0.00033166269413035875,1702.0343789915544
1791248760,0.00033166269413035875,0.00033744777779805046,0.0003302245471087178,0.00033473526913353074,1705.409255178093
1791248820,0.00033473526913353074,0.00033730628585681,0.0003304647869741061,0.00033713709889721555,1638.4089758572836
1791248880,0.00033713709889721555,0.0003372434085332267,0.00033082908437454277,0.00033472334123687446,438.09296292175117
1791248940,0.00033472334123687446,0.00033472334123687446,0.0003291004260678909,0.0003291004260678909,107.44477982923178
1791249000,0.0003291004260678909,0.0003358950797768414,0.00032668951002581354,0.0003313958336194745,1477.7449182938742
1791249060,0.0003313958336194745,0.00033390700704553195,0.00032622076716579845,0.000327692587107591,1605.6705220727556
1791249120,0.000327692587107591,0.0003345628295721755,0.0003211806530401334,0.0003285040074771544,2261.0547091184735
1791249180,0.0003285040074771544,0.0003285040074771544,0.00032068677514157786,0.00032694947599752334,1691.7760183890437
1791249240,0.00032694947599752334,0.00032816627935467585,0.0003213082223926783,0.0003274993449165619,1486.5297351477668
1791249300,0.0003274993449165619,0.00035026439774227394,0.00032166697049142433,0.00034633596002872305,3747.1700012326737
1791249360,0.00034633596002872305,0.0003486019361613699,0.0003392475987713264,0.00033971087401868567,2504.04352896532
1791249420,0.00033971087401868567,0.0003486933523266067,0.0003380443186913893,0.00034335268018231786,2895.166327776822
1791249480,0.00034335268018231786,0.0003463925743350726,0.0003352053468237229,0.0003396509982885111,2577.7141990211817
1791249540,0.0003396509982885111,0.00034257503274920837,0.000334245059113605,0.0003391361185992903,2146.7512370151676
1791249600,0.0003391361185992903,0.0003429407006070328,0.0003331192899860597,0.0003340060602886933,2364.4218392291295
1791249660,0.0003340060602886933,0.000344070785425826,0.00033290716671237477,0.000344070785425826,2430.5976240332693
1791249720,0.000344070785425826,0.00034979146542906997,0.00033744372938012573,0.00034730444729125454,2536.2561783995943
1791249780,0.00034730444729125454,0.0003529663618032608,0.0003454583147395826,0.00034572817175795325,2111.1716927925618
1791249840,0.00034572817175795325,0.0003536021156454212,0.00034505494365905494,0.0003451754383386769,1921.5519521188812
1791249900,0.0003451754383386769,0.000353477535707369,0.0003451754383386769,0.0003515954962909149,1846.2371317135237
1791249960,0.0003515954962909149,0.0003540853359153632,0.00034687677064175416,0.00034754265230212936,1633.7149349422664
1791250020,0.00034754265230212936,0.00035581406318618017,0.00034740548031867227,0.00035201837738755025,2014.9221034341788
1791250080,0.00035201837738755025,0.00035758917611852163,0.000347237368628636,0.00035638115582382657,2188.975400691112
1791250140,0.00035638115582382657,0.00036010269303265985,0.0003518704873719521,0.0003580407183686283,1731.4373464474616
1791250200,0.0003580407183686283,0.00036043465579106774,0.0003517839472252585,0.0003564398198233068,2018.4634625495191
1791250260,0.0003564398198233068,0.0003615125944787987,0.00035177311836335167,0.0003544012021386234,1910.8246535294527
1791250320,0.0003544012021386234,0.0003625485984984141,0.0003543752409213829,0.0003547517099573518,1806.1572016721486
1791250380,0.0003547517099573518,0.0003618844633814784,0.00035424668493744873,0.0003603293801219916,1580.0705510840642
1791250440,0.0003603293801219916,0.00036245098644687715,0.0003552719659123004,0.0003621857586974602,1743.0060400327015
1791250500,0.0003621857586974602,0.0003631637215131544,0.00035502425848842235,0.00035974547392044284,1578.3665332087908
1791250560,0.00035974547392044284,0.0003634280787665634,0.00035478311388272135,0.00035943701569009597,1704.3983137184546
1791250620,0.00035943701569009597,0.0003645450458085664,0.0003548704223253297,0.00036121613358961466,1866.0510209380568
1791250680,0.00036121613358961466,0.0003644605781237845,0.00035659398921573785,0.00036141797998466487,1588.6783558628774
1791250740,0.00036141797998466487,0.00036468682008770334,0.0003559205020713709,0.0003559205020713709,1864.6955694314279
1791250800,0.0003559205020713709,0.00036349922363644485,0.00035395982609738304,0.0003594491742201593,1791.8806353797127
1791250860,0.0003594491742201593,0.00036133932518901576,0.00035393018170807255,0.0003608731205932765,1626.0508636390055
1791250920,0.0003608731205932765,0.0003608731205932765,0.00035281883633796185,0.00035907305989767716,1611.2455959738427
1791250980,0.00035907305989767716,0.0003614604769256092,0.0003533904272199607,0.00035995441282356315,1683.1246153361167
1791251040,0.00035995441282356315,0.00036342703079412174,0.00035385201217848466,0.0003611057629931166,1788.8683430365181
1791251100,0.0003611057629931166,0.00036444077018922457,0.0003562237719490166,0.0003588068569415544,2071.6114395714876
1791251160,0.0003588068569415544,0.00036627704790043896,0.0003574098398152862,0.00035892265225713287,1864.148188566317
1791251220,0.00035892265225713287,0.00036622349960483796,0.00035798959979491525,0.0003639873937262829,1541.036545571912
1791251280,0.0003639873937262829,0.0003685719273660874,0.00036044480862289094,0.00036103266747790065,1608.9836211624768
1791251340,0.00036103266747790065,0.00039750428531557864,0.00036033265169079615,0.00036741904197320086,1594.83393287423
1791251400,0.00036741904197320086,0.0003700254762727061,0.00036141014764867367,0.00036411391789290806,2115.4569237083656
1791251460,0.00036411391789290806,0.00036935998240019005,0.0003612701672424162,0.00036776229884150535,1736.6494420245388
1791251520,0.00036776229884150535,0.00036998029337838127,0.00036193820973028947,0.0003681372035801492,1806.877320965934
1791251580,0.0003681372035801492,0.00036887935516670704,0.00036186794730182,0.00036701737490919963,1020.2676332396425
1791251640,0.00036701737490919963,0.00037185051544557214,0.0003635021648555628,0.0003683364351851605,1987.8950961934197
1791251700,0.0003683364351851605,0.0003717973852774024,0.0003637123929059359,0.000364992059867659,1735.3543346585702
1791251760,0.000364992059867659,0.0003852570913298169,0.0003636388669997254,0.00037895501262857906,2501.831015717977
1791251820,0.00037895501262857906,0.0003875196048267549,0.0003763470681414926,0.0003836112379896058,1824.1945322331294
1791251880,0.0003836112379896058,0.00038519463040340065,0.0003769846491145974,0.00038172000780959807,1775.1517771276046
1791251940,0.00038172000780959807,0.00038604111821364704,0.0003547406125756627,0.000362949700872759,3008.2427760642922
1791252000,0.000362949700872759,0.00037731894187589176,0.00035614606577465797,0.00037537916347421936,2333.158119660626
1791252060,0.00037537916347421936,0.0003796615757805646,0.0003685806261354723,0.0003714016459841388,1869.6137091227922
1791252120,0.0003714016459841388,0.0003796327124412138,0.0003714016459841388,0.0003735588311436351,992.4291516611507
1791252180,0.0003735588311436351,0.0003798747480675548,0.00037232262026112357,0.0003734866440178711,1545.35050619246
1791252240,0.0003734866440178711,0.0003803692765711549,0.00037210553472362667,0.00037210792757927017,1646.120304493834
1791252300,0.00037210792757927017,0.00037977446744667575,0.00037122634733127957,0.00037667921931402895,1779.0298481769532
1791252360,0.00037667921931402895,0.0003789604683307191,0.0003711241745230714,0.0003711241745230714,1506.7377894492977
1791252420,0.0003711241745230714,0.00037901284089917437,0.0003710809229528461,0.00037769944548003833,1229.6468551911767
1791252480,0.00037769944548003833,0.0003792843021783109,0.000370988216183949,0.00037862223827162775,1693.714512966969
1791252540,0.00037862223827162775,0.0003814159408587688,0.0003715095938050794,0.0003753941067611081,1768.659059929599
1791252600,0.0003753941067611081,0.0003819607893711762,0.00037447903652027415,0.00037447903652027415,1475.163383571796
1791252660,0.00037447903652027415,0.0003819672424412763,0.0003743732668351282,0.00037537417432414403,1705.999820901931
1791252720,0.00037537417432414403,0.0003818866108297897,0.0003725113202474338,0.0003794157042067596,1670.3210838656523
1791252780,0.0003794157042067596,0.00037948535487189087,0.00037207606096624854,0.00037267761056986493,256.6893092915158
1791252840,0.00037267761056986493,0.0003782361301920791,0.0003726534166581019,0.0003782361301920791,105.00019693201445
1791252900,0.0003782361301920791,0.0003810070410910087,0.0003747721856114631,0.0003747721856114631,346.37435943860396
1791252960,0.0003747721856114631,0.00038285375229997286,0.0003747721856114631,0.000380274820995371,839.5793340291375
1791253020,0.000380274820995371,0.00038296725369591313,0.00037465583824247977,0.00038068797485588416,958.9513243412778
1791253080,0.00038068797485588416,0.00038182293119370047,0.00037460109040000943,0.0003765245588526207,671.127291876227
1791253140,0.0003765245588526207,0.00038252295118002927,0.00037447680541940445,0.00037464263720712843,942.2375263451968
1791253200,0.00037464263720712843,0.00038215193481397,0.00037464263720712843,0.0003805860596282039,717.4716680263359
1791253260,0.0003805860596282039,0.00038283052988225154,0.00037448566108312984,0.00037663383435364783,754.347497375373
1791253320,0.00037663383435364783,0.0003827045585917947,0.00037457783528071137,0.00037457783528071137,996.8151860899967
1791253380,0.00037457783528071137,0.00038215648689825634,0.00037457783528071137,0.0003762494245247817,645.1600967744571
1791253440,0.0003762494245247817,0.0003826246423095923,0.000375032964758983,0.0003811103360663931,792.9943325325231
1791253500,0.0003811103360663931,0.00038368160670040837,0.0003751783429486256,0.00038011379834277303,846.766988478979
1791253560,0.00038011379834277303,0.0003829254297892381,0.0003753224907723134,0.00038062972722949755,1049.8727248981563
1791253620,0.00038062972722949755,0.0003830691497329315,0.00037512273623799166,0.0003760292715106409,772.2939101976067
1791253680,0.0003760292715106409,0.0003824598623146411,0.0003747381434388339,0.0003808176840207047,919.0481229812965
1791253740,0.0003808176840207047,0.0003830003784656094,0.00037510910006427657,0.0003830003784656094,741.8784373039356
1791253800,0.0003830003784656094,0.00038335228096319493,0.00037454891875595407,0.0003747000419501039,1028.666392076045
1791253860,0.0003747000419501039,0.0003827319521036643,0.0003747000419501039,0.0003827319521036643,635.2320136444679
1791253920,0.0003827319521036643,0.0003827319521036643,0.0003746109262583024,0.0003798458951231227,986.8128620778891
1791253980,0.0003798458951231227,0.00038300891820951363,0.00037499638396223446,0.0003795452479612896,935.0710561910066
1791254040,0.0003795452479612896,0.00038214214673608414,0.000374458915270035,0.0003800100275766908,909.0385325661929
1791254100,0.0003800100275766908,0.0003818880801926839,0.0003747176999115841,0.0003759641898893059,721.908274808598
1791254160,0.0003759641898893059,0.00038219147717362016,0.0003745324146786772,0.00037957210015892814,1022.3679990949626
1791254220,0.00037957210015892814,0.0003817484572245976,0.0003746781967204521,0.0003801036138462808,792.8985748649685
1791254280,0.0003801036138462808,0.0003819001295596398,0.00037327917610407155,0.00037327917610407155,788.5282963063449
1791254340,0.00037327917610407155,0.00038140984315210584,0.00037327917610407155,0.0003781595523929313,1051.175833353525
1791254400,0.0003781595523929313,0.0003806586216646075,0.00037295067630942013,0.0003778663837968571,697.344673220271
1791254460,0.0003778663837968571,0.0003803819682124096,0.0003727143327426279,0.0003744533525772364,945.2806803942011
1791254520,0.0003744533525772364,0.00038052174456371915,0.0003726822866003206,0.00038052174456371915,678.9799712547456
1791254580,0.00038052174456371915,0.00038052174456371915,0.00037256843853065183,0.00037836108773001327,874.6076948005981
1791254640,0.00037836108773001327,0.00038711182333336583,0.00037405494036072713,0.0003852685818365034,1145.81536547659
1791254700,0.0003852685818365034,0.0003858534696113891,0.0003781071238071302,0.0003834393192971939,832.1705614926217
1791254760,0.0003834393192971939,0.00038751538228141676,0.00037891272425741085,0.00038257840542458877,874.8585094702477
1791254820,0.00038257840542458877,0.0003878690812433535,0.0003791645906070083,0.0003791645906070083,1062.9459149707743
1791254880,0.0003791645906070083,0.00038672887245313407,0.0003790746054116532,0.0003842445525290496,636.7495165170785
1791254940,0.0003842445525290496,0.0003878896785509097,0.00037936680110820653,0.00037949242535233717,971.9040780187211
1791255000,0.00037949242535233717,0.00038856903137534905,0.0003788563947124483,0.0003871705095749355,947.4538146144714
1791255060,0.0003871705095749355,0.0003898799224621843,0.00038112661135471064,0.00038972677678151223,1109.8224149433804
1791255120,0.00038972677678151223,0.00038972677678151223,0.0003814043251475425,0.00038644171278687196,810.7560238653591
1791255180,0.00038644171278687196,0.0003901217226459284,0.0003818297046146642,0.0003864269572274682,1186.2774792900668
1791255240,0.0003864269572274682,0.0003906372348377217,0.0003831636552108291,0.00038893868861787666,820.8645998900842
1791255300,0.00038893868861787666,0.00039114185521628826,0.0003829144955507691,0.00038756545813316474,921.7136483171117
1791255360,0.00038756545813316474,0.00039088311783476025,0.0003829750518116089,0.00038380133915773875,738.8923463903054
1791255420,0.00038380133915773875,0.0003901568597179678,0.0003825826732273481,0.0003901568597179678,667.7134698212867
1791255480,0.0003901568597179678,0.0003915059362318862,0.0003832466486897118,0.0003915059362318862,981.2448946204394
1791255540,0.0003915059362318862,0.0003915059362318862,0.00038374366329566614,0.0003885449130733045,711.0574282825779
1791255600,0.0003885449130733045,0.0003965645945778461,0.000383639274850972,0.0003894692133805068,1192.0809343311498
1791255660,0.0003894692133805068,0.0003967206697186981,0.0003892995619788849,0.00039466061703275857,777.7586223330399
1791255720,0.00039466061703275857,0.00039823761744201686,0.00039025603652163057,0.0003971231164703779,1213.426127400383
1791255780,0.0003971231164703779,0.0004059922434983314,0.00039536947570150343,0.00039973298700120134,859.488168991607
1791255840,0.00039973298700120134,0.00040679976932101657,0.0003995700117501382,0.000405420777785901,960.3628764303465
1791255900,0.000405420777785901,0.0004067724189948742,0.000399518750737054,0.00040615070674712727,695.4475011637264
1791255960,0.00040615070674712727,0.00040687378891161315,0.00039901145493478543,0.00040429596816792896,947.9962574865046
1791256020,0.00040429596816792896,0.00040690353287791006,0.00040016401551882673,0.0004002585861113571,745.1700551003676
1791256080,0.0004002585861113571,0.0004072301522997383,0.0004002585861113571,0.00040424988652532155,726.2120551901854
1791256140,0.00040424988652532155,0.0004067311025595503,0.00039883405573526816,0.00040407011376516246,905.7575892891316
1791256200,0.00040407011376516246,0.00040819751829729463,0.00040053054385238556,0.0004012270821327605,945.1214793872057
1791256260,0.0004012270821327605,0.0004094029608501489,0.0004005548131989112,0.0004029476959896612,652.9249666350631
1791256320,0.0004029476959896612,0.0004102340504687788,0.00040269075698188666,0.0004080032284130901,764.1589385514067
1791256380,0.0004080032284130901,0.00040984244730749616,0.00040131201826833175,0.0004013466379453178,558.3047150777869
1791256440,0.0004013466379453178,0.00040836184942257524,0.00040132858151055645,0.00040293828916020374,488.61491354868497
1791256500,0.00040293828916020374,0.0004085071157332538,0.0004019348704880528,0.00040820842663189704,603.7033621665734
1791256560,0.00040820842663189704,0.00040820842663189704,0.0004010072581802401,0.0004010072581802401,71.91754047222963
1791256620,0.0004010072581802401,0.00040870734774311703,0.0004010072581802401,0.00040295733380196834,281.4066144561226
1791256680,0.00040295733380196834,0.0004096497206158754,0.0004010979580225761,0.0004096497206158754,874.586445006893
1791256740,0.0004096497206158754,0.0004096497206158754,0.0003995462152522979,0.0003995462152522979,839.5333053198549
1791256800,0.0003995462152522979,0.0004133403061389901,0.0003995462152522979,0.00040581840626475617,1574.1415388096764
1791256860,0.00040581840626475617,0.00041519001293184517,0.00040413270146622937,0.00041121739985481117,2105.0982394798993
1791256920,0.00041121739985481117,0.0004142679213239559,0.00040423452192423425,0.0004118455591989105,2149.471385191636
1791256980,0.0004118455591989105,0.00041358512311231906,0.00040437389916562534,0.0004097176107281063,1473.7214090388893
1791257040,0.0004097176107281063,0.0004143083257568794,0.0004043134359922836,0.0004096504942459749,1099.8917030705004
1791257100,0.0004096504942459749,0.0004235952892557603,0.00040436431505999024,0.0004207018405454017,1888.593893315884
1791257160,0.0004207018405454017,0.0004235573963232134,0.00041389991836086133,0.00041455613869093017,1304.9293675095719
1791257220,0.00041455613869093017,0.00042254344956668216,0.0004135956225855299,0.00041935867899674836,1444.9492428529043
1791257280,0.00041935867899674836,0.0004228410228163512,0.00041354457282772727,0.000414037510708423,1234.6843335044264
1791257340,0.000414037510708423,0.0004225170773918056,0.0004134718041204254,0.0004209180765892284,1345.473160445001
1791257400,0.0004209180765892284,0.0004393657717644,0.00041534476829913823,0.00043248524380641264,1906.0169632699292
1791257460,0.00043248524380641264,0.00043582488998126226,0.0004267350349153522,0.00043261197805374515,1207.4849674267489
1791257520,0.00043261197805374515,0.0004358349383488107,0.00042664804511121117,0.0004327235800503196,905.3354886914814
1791257580,0.0004327235800503196,0.0004359580254342223,0.00042505277389599783,0.0004309674179900488,1183.94910061068
1791257640,0.0004309674179900488,0.00043431842529962933,0.0004239066936383872,0.00042471559894606683,998.8557322109225
1791257700,0.00042471559894606683,0.0004353263236981002,0.0004245895922127196,0.0004302376909881598,1379.8948545230191
1791257760,0.0004302376909881598,0.0004341445345237322,0.0004244535155705,0.0004303880417682346,843.5798456101104
1791257820,0.0004303880417682346,0.0004331991560003117,0.00042406003876354747,0.0004254090594583989,1027.2676072563186
1791257880,0.0004254090594583989,0.00043314033183599395,0.00042414123086091904,0.00042414123086091904,879.2627617209814
1791257940,0.00042414123086091904,0.0004345673888791224,0.00042414123086091904,0.0004324927629167356,1241.9640255454644
1791258000,0.0004324927629167356,0.00043451829773793885,0.0004242189017492857,0.0004244054411086811,2224.058207397137
1791258060,0.0004244054411086811,0.00043422841858339737,0.0004244054411086811,0.0004270985304375943,1698.6622853492158
1791258120,0.0004270985304375943,0.0004352416580844276,0.0004252751403729555,0.00043255361460425927,1545.7626950309977
1791258180,0.00043255361460425927,0.00043809950965238156,0.0004279749598135302,0.00043510761805739374,1672.1477468298615
1791258240,0.00043510761805739374,0.00043875585588397506,0.00042752908348810294,0.00042752908348810294,1595.2536164408707
1791258300,0.00042752908348810294,0.0004430384823946306,0.00042752908348810294,0.0004421381124189592,1546.1247896161667
1791258360,0.0004421381124189592,0.00044970315976005867,0.0004370462879437825,0.0004456745962250335,1691.149754588546
1791258420,0.0004456745962250335,0.0004536046766520699,0.0004395219044193126,0.00045220198955485093,1682.7003104677294
1791258480,0.00045220198955485093,0.0004593605469339558,0.000445509914330456,0.00045301201110967913,1535.4207968921876
1791258540,0.00045301201110967913,0.0004594264881924605,0.00044742974235569526,0.0004542633610537883,1398.2738573213555
1791258600,0.0004542633610537883,0.0004571362176713169,0.0004477466205249878,0.0004481238372457608,1274.6128427494177
1791258660,0.0004481238372457608,0.0004582316860012236,0.00044805711695263505,0.00045537799860084706,1086.1542442360228
1791258720,0.00045537799860084706,0.00046152140711913517,0.00044969451812100963,0.00045258987298116705,1196.1976894882905
1791258780,0.00045258987298116705,0.00046180964521124563,0.0004513324140824284,0.00045984422599317556,858.7915671630379
1791258840,0.00045984422599317556,0.00046417419922504106,0.0004538295577942838,0.0004611528689428958,1445.6966162030794
1791258900,0.0004611528689428958,0.00046447414649858376,0.0004524232192706389,0.0004524232192706389,1100.2537445197604
1791258960,0.0004524232192706389,0.00046081550973955563,0.0004462743977404496,0.0004478770963870028,1462.3482461100446
1791259020,0.0004478770963870028,0.00045255177222166805,0.0004435419275211181,0.00045223885309117115,1015.7646546726252
1791259080,0.00045223885309117115,0.0004556033864785483,0.00044532284091562197,0.000451875556179451,852.092624388763
1791259140,0.000451875556179451,0.000455971488670673,0.00044352693511541644,0.0004507112683454402,1251.155286475558
1791259200,0.0004507112683454402,0.00045403266496611705,0.0004441700695646524,0.00045133989215595104,912.7793094914375
1791259260,0.00045133989215595104,0.00048263411112886193,0.0004445832522214952,0.00047668822095315634,4336.235373548209
1791259320,0.00047668822095315634,0.00048390661473079815,0.0004702668140708015,0.00047351518074998457,3293.667968937892
1791259380,0.00047351518074998457,0.00048422538851469206,0.00047075005119132855,0.00047874239825927386,3580.9705161029347
1791259440,0.00047874239825927386,0.00048221114122288584,0.00047090592215583783,0.00047797560928825657,1766.2029542297942
1791259500,0.00047797560928825657,0.000490889496115918,0.00047219940968686047,0.0004827320858156077,2095.9448259673527
1791259560,0.0004827320858156077,0.0004935826782642492,0.0004793185446821715,0.000487682420682165,2132.962639782611
1791259620,0.000487682420682165,0.0004942853943904576,0.0004818189100603235,0.000490063697345702,2524.2081680879037
1791259680,0.000490063697345702,0.0004966170334264822,0.0004843730910134092,0.00048470906588593033,1366.5430150459947
1791259740,0.00048470906588593033,0.0004971546432444314,0.00048431481628492747,0.0004925975322182599,1992.664502957182
1791259800,0.0004925975322182599,0.0004993616370528055,0.00048611021388249466,0.0004900582499137815,2249.4582567634493
1791259860,0.0004900582499137815,0.0005074592910483497,0.0004900582499137815,0.0005041398981205876,3077.9177898709927
1791259920,0.0005041398981205876,0.0005096791506673374,0.0004976398596027641,0.000506371950916833,2086.3626342570583
1791259980,0.000506371950916833,0.0005108051191601452,0.0004995934370295591,0.0005012848623237644,1643.7625270025778
1791260040,0.0005012848623237644,0.000510988799461396,0.0004999701735710181,0.0005077637926531186,1417.5313565485792
1791260100,0.0005077637926531186,0.0005268174158666515,0.000501529133655285,0.0005237954141262237,2879.9907138897292
1791260160,0.0005237954141262237,0.0006417747295136085,0.0005167546038339448,0.0006376724204872478,5655.014231603395
1791260220,0.0006376724204872478,0.0006397245505151733,0.0005239607426712394,0.0005301958525537092,6248.604218922333
1791260280,0.0005301958525537092,0.0005320912454372621,0.0005094986493488392,0.0005160759527510809,1806.0048972293287
1791260340,0.0005160759527510809,0.0005265426507655546,0.0005091393134058392,0.0005246305652642817,1643.6295254082288
1791260400,0.0005246305652642817,0.0005295000569108321,0.0005077763016502943,0.0005140371929942203,1807.2984053237458
1791260460,0.0005140371929942203,0.0005178503702393278,0.000507565539869828,0.0005157164338558015,886.1498521266099
1791260520,0.0005157164338558015,0.0005168641214123391,0.0005090518419485099,0.0005102483071672959,725.4102638277158
1791260580,0.0005102483071672959,0.0005163476019469118,0.000414668715844057,0.0004212472433437423,4168.314507833492
1791260640,0.0004212472433437423,0.0004212472433437423,0.0003944674633082604,0.0004004797221702456,1181.624575714988
1791260700,0.0004004797221702456,0.00040147537034580284,0.0003550642918313674,0.0003550642918313674,2240.177923570488
1791260760,0.0003550642918313674,0.0003590780668140738,0.00035340966977023564,0.0003581628746708012,465.47988063841575
1791260820,0.0003581628746708012,0.00035941278217156144,0.00035326180342890387,0.000359217781507873,610.1153657707646
1791260880,0.000359217781507873,0.00035950180762371424,0.00035354904018418886,0.00035826340680905996,303.5757916872153
1791260940,0.00035826340680905996,0.00035861789343662306,0.00034979417845773845,0.00034979417845773845,535.5987347394995
1791261000,0.00034979417845773845,0.0003571522559658384,0.00033494868099682567,0.00034355007697223233,2162.670980544808
1791261060,0.00034355007697223233,0.0003506975906245691,0.0003369847781173855,0.00034400577724415433,1514.3196287513802
1791261120,0.00034400577724415433,0.0003517394206762819,0.00033777188287219446,0.0003456073882444644,1630.1190215033182
1791261180,0.0003456073882444644,0.0003493600695380217,0.0003402026077231987,0.0003448990919630234,1055.0982829035345
1791261240,0.0003448990919630234,0.000352929284165478,0.0003401822898424871,0.00035012884268385564,1231.4023810569126
1791261300,0.00035012884268385564,0.0003522037494527437,0.0003444079328964185,0.0003491661671846265,827.0300860621137
1791261360,0.0003491661671846265,0.0003518273006009884,0.0003443966261361614,0.00034592032956497584,989.3865255390166
1791261420,0.00034592032956497584,0.00035896996368008305,0.00034467667363690616,0.0003544886141837338,1793.1383648803617
1791261480,0.0003544886141837338,0.00035683363530083546,0.0003483608144719523,0.00035292737957210037,1207.7227763961018
1791261540,0.00035292737957210037,0.00035542436910307516,0.00034912462335687515,0.0003492568084340802,591.2616697144996
1791261600,0.0003492568084340802,0.00035613753000758325,0.000349058524683561,0.0003539497972811088,984.0776192186867
1791261660,0.0003539497972811088,0.0003563061628787902,0.00034938265610217706,0.0003511365327166584,843.7327417780439
1791261720,0.0003511365327166584,0.00035678782541485676,0.00034863995474348775,0.00035426932746988546,870.0715768289036
1791261780,0.00035426932746988546,0.00035792676178397894,0.00034844608912791504,0.00035792676178397894,818.2303327853552
1791261840,0.00035792676178397894,0.0003581703888909196,0.00035145512225117216,0.0003581703888909196,898.2855542030514
1791261900,0.0003581703888909196,0.0003789182055279943,0.0003518185502349371,0.00037640340202625314,2363.509670772032
1791261960,0.00037640340202625314,0.00038149523921028453,0.00037089981654007655,0.0003774923660748332,1932.2911857024815
1791262020,0.0003774923660748332,0.0003823122473399736,0.00036984558155926076,0.0003712455890380402,2381.5184091995984
1791262080,0.0003712455890380402,0.0003791498549277174,0.00036800623184224894,0.0003752627563094545,1837.7663270787916
1791262140,0.0003752627563094545,0.00037845140083054754,0.00036712896813393303,0.00037308898053158165,1674.162095043432
1791262200,0.00037308898053158165,0.0003840131913715006,0.0003681079560380864,0.00038332133947790965,1563.4454498644443
1791262260,0.00038332133947790965,0.0003855763906053818,0.0003771253139947617,0.00038339120849048645,1285.0755856060791
1791262320,0.00038339120849048645,0.0003865643692955547,0.0003768091635011266,0.00037694967366392164,1573.5290638637205
1791262380,0.00037694967366392164,0.0003854128125135985,0.0003762066099674872,0.0003762066099674872,1635.1571097653723
1791262440,0.0003762066099674872,0.0003860588186133446,0.0003760093980950937,0.0003809802093044281,1472.9246455696803
1791262500,0.0003809802093044281,0.0003836973770580318,0.00037549487091993934,0.00037599075687587007,1414.0453279832443
1791262560,0.00037599075687587007,0.0003864278994017504,0.00037567135968462546,0.00037827078361555064,1214.457979527846
1791262620,0.00037827078361555064,0.0003868030303941526,0.0003765812154278485,0.0003839685174912665,1321.1000025336577
1791262680,0.0003839685174912665,0.00038575799432698823,0.00037767495625638835,0.0003830306520109712,1038.1262671601332
1791262740,0.0003830306520109712,0.00038548907980812493,0.0003777443718430116,0.00038312293837597687,883.2783654689059
1791262800,0.00038312293837597687,0.00040427673895779406,0.0003769947782950489,0.0004031182023052373,2671.831934675144
1791262860,0.0004031182023052373,0.0004086273201182437,0.0003952931434397214,0.0004036721892680965,3418.2839802226404
1791262920,0.0004036721892680965,0.00040811069181676484,0.00039441151721255995,0.0003995279645044838,2740.1589347344607
1791262980,0.0003995279645044838,0.00040409066283471394,0.0003929668883878475,0.0003938470127060123,2302.9740400515107
1791263040,0.0003938470127060123,0.0004017203194187904,0.00038929860250055026,0.0003944457216152982,2218.9579671492984
1791263100,0.0003944457216152982,0.0004034982542297163,0.00038857113441276693,0.00040179691428840193,1998.0273460763565
1791263160,0.00040179691428840193,0.00040942509484337414,0.00039711962738612935,0.0003991314101200801,2090.108489226315
1791263220,0.0003991314101200801,0.00040890427487252104,0.00039851929232635774,0.0004066215410102974,1637.1414452410681
1791263280,0.0004066215410102974,0.000410809719246719,0.0003987570042165687,0.00040395455712831493,1823.7197769699678
1791263340,0.00040395455712831493,0.00040709234277346126,0.0003987697412921535,0.00040429401094988133,1264.4788452090415
1791263400,0.00040429401094988133,0.00041104543138870304,0.0003987678398527964,0.00040817140909363254,2011.2595667846285
1791263460,0.00040817140909363254,0.00041081243249542325,0.0004023350433088366,0.0004081831958775288,1182.11212818505
1791263520,0.0004081831958775288,0.00041109246384155317,6.663710600860653e-06,6.813238525797498e-06,30746.700839707475
1791263580,6.813238525797498e-06,7.2414950140358405e-06,6.288579906615767e-06,6.288728450062106e-06,1170.7775026311003
1791263640,6.288728450062106e-06,6.373948029339139e-06,5.7343944485489535e-06,5.734462854464829e-06,187.42582533552195
1791263700,5.734462854464829e-06,5.9049818275671034e-06,5.734462854464829e-06,5.84337553122421e-06,38.18452089451124
1791263760,5.84337553122421e-06,5.868517750295012e-06,5.781723357011432e-06,5.781723357011432e-06,32.002280234206204
1791263820,5.781723357011432e-06,5.781723357011432e-06,5.400157743016808e-06,5.400157743016808e-06,173.25070552134778
1791263880,5.400157743016808e-06,5.731572206607161e-06,5.011391480322925e-06,5.731572206607161e-06,385.2489676013724
1791264000,5.731572206607161e-06,5.731572206607161e-06,5.420325807760539e-06,5.420325807760539e-06,107.52832468145978
1791264060,5.420325807760539e-06,5.502951474284792e-06,5.420325807760539e-06,5.502951474284792e-06,7.687040449888501
1791264180,5.502951474284792e-06,5.922783886914882e-06,5.434809230450587e-06,5.864113894517607e-06,150.41721318795814
1791264300,5.864113894517607e-06,5.9568652335390485e-06,5.864113894517607e-06,5.9568652335390485e-06,13.331010402414408
1791264360,5.9568652335390485e-06,5.981017459240694e-06,5.5710713729976725e-06,5.642355935956892e-06,124.09081599948283
1791264420,5.642355935956892e-06,5.727193808883701e-06,5.535423422141359e-06,5.659392946498201e-06,86.78532697456431
1791264480,5.659392946498201e-06,5.7123911810237786e-06,5.634812338431681e-06,5.7123911810237786e-06,8.67905326168939
1791264540,5.7123911810237786e-06,5.727703996504197e-06,5.7123911810237786e-06,5.727703996504197e-06,7.336340068709105
1791264600,5.727703996504197e-06,5.741205559021115e-06,5.666715280259026e-06,5.666715280259026e-06,1.5259255919002395
1791264660,5.666715280259026e-06,6.005990396170423e-06,5.665097457072861e-06,6.005990396170423e-06,121.60086831260641
1791264720,6.005990396170423e-06,6.100090261018188e-06,5.995393635416866e-06,6.100090261018188e-06,28.85915758709583
1791264780,6.100090261018188e-06,6.100090261018188e-06,6.047070359544099e-06,6.047070359544099e-06,7.139499916521742
1791264900,6.047070359544099e-06,6.332390421221156e-06,6.047070359544099e-06,6.281983829699583e-06,131.0017893164343
1791264960,6.281983829699583e-06,6.59454113440657e-06,6.281983829699583e-06,6.492735901730673e-06,117.6535811829024
1791265020,6.492735901730673e-06,7.004927221190092e-06,6.492735901730673e-06,6.917291253857597e-06,99.91315812891982
1791265080,6.917291253857597e-06,6.917291253857597e-06,6.881976599518607e-06,6.881976599518607e-06,22.482728476864185
1791265200,6.881976599518607e-06,7.099957150284156e-06,6.881976599518607e-06,7.099957150284156e-06,90.88470741038788
1791265320,7.099957150284156e-06,7.223706750356914e-06,7.099957150284156e-06,7.223706750356914e-06,49.41846518020818
1791265440,7.223706750356914e-06,7.509868131381664e-06,7.223706750356914e-06,7.509868131381664e-06,61.81701998882325
1791265620,7.509868131381664e-06,7.510845676835437e-06,7.399733119968705e-06,7.474436350173893e-06,17.042537959388127
1791265680,7.474436350173893e-06,7.474436350173893e-06,7.470710964889242e-06,7.470710964889242e-06,0.7629655658095205
1791265740,7.470710964889242e-06,7.470710964889242e-06,6.596374916645909e-06,6.680498776357198e-06,319.97848395549534
1791265800,6.680498776357198e-06,6.92345012627488e-06,6.680498776357198e-06,6.92345012627488e-06,98.66168793083682
1791265860,6.92345012627488e-06,7.091006702262494e-06,6.92345012627488e-06,6.9754250811146425e-06,36.686793248117716
1791265980,6.9754250811146425e-06,7.018712159919097e-06,6.9754250811146425e-06,7.018712159919097e-06,0.42542510261715205
1791266040,7.018712159919097e-06,7.018712159919097e-06,6.916533843127867e-06,6.916533843127867e-06,6.317406646857558
1791266100,6.916533843127867e-06,7.071766311396426e-06,6.906581088825497e-06,6.906581088825497e-06,86.69194923939465
1791266160,6.906581088825497e-06,7.156064525132579e-06,6.906581088825497e-06,7.156064525132579e-06,81.15763599447962
1791266280,7.156064525132579e-06,7.249622156777696e-06,7.0865576525919254e-06,7.249622156777696e-06,44.82348419045325
1791266340,7.249622156777696e-06,7.324954314566973e-06,7.249622156777696e-06,7.324954314566973e-06,7.143125537581159
1791266400,7.324954314566973e-06,7.966648234828196e-06,7.324954314566973e-06,7.966648234828196e-06,215.51065608223237
1791266460,7.966648234828196e-06,8.498775187402686e-06,7.966648234828196e-06,8.498775187402686e-06,130.0191476968205
1791266520,8.498775187402686e-06,8.519702490041414e-06,8.498775187402686e-06,8.519702490041414e-06,0.13124618241394675
1791266700,8.519702490041414e-06,8.531947409253742e-06,8.438750352350317e-06,8.438750352350317e-06,11.429323385221599
1791266820,8.438750352350317e-06,8.630161537051378e-06,8.438750352350317e-06,8.630161537051378e-06,48.596503773181155
1791266880,8.630161537051378e-06,8.713998040033374e-06,8.630161537051378e-06,8.713998040033374e-06,1.962999817379261
1791266940,8.713998040033374e-06,8.713998040033374e-06,8.599911631355857e-06,8.599911631355857e-06,5.189408552060695
1791267000,8.599911631355857e-06,8.717833853537339e-06,8.599911631355857e-06,8.717833853537339e-06,3.915385555305923
1791267120,8.717833853537339e-06,8.730578914552041e-06,8.566856457919044e-06,8.566856457919044e-06,46.65140909336148
1791267180,8.566856457919044e-06,8.566856457919044e-06,8.486811512075606e-06,8.49274574854675e-06,0.11491537009145494
1791267240,8.49274574854675e-06,8.49274574854675e-06,8.486548886141474e-06,8.491913907363455e-06,0.26916593368541036
1791267300,8.491913907363455e-06,8.491913907363455e-06,8.487135646738811e-06,8.487135646738811e-06,0.00812113712477357
1791267360,8.487135646738811e-06,8.487135646738811e-06,7.973449667995222e-06,7.973449667995222e-06,203.60977516531116
1791267420,7.973449667995222e-06,7.973449667995222e-06,7.705454451191995e-06,7.705454451191995e-06,42.96610261388084
1791267540,7.705454451191995e-06,7.901868625897218e-06,7.705454451191995e-06,7.901868625897218e-06,97.9353563814734
1791267600,7.901868625897218e-06,8.073733413934536e-06,7.901868625897218e-06,8.073733413934536e-06,0.3297319389180101
1791267660,8.073733413934536e-06,8.073733413934536e-06,7.95276700206063e-06,7.95276700206063e-06,11.903672015672454
