ts,o,h,l,c,v
1791239100,8.349061175719545e-05,8.349061175719545e-05,6.853326796433898e-05,7.186751250336785e-05,3997.4546559507694
1791239160,7.186751250336785e-05,7.224603099687908e-05,6.0390911135428725e-05,6.0390911135428725e-05,1747.7338120830764
1791239220,6.0390911135428725e-05,6.229067708217376e-05,4.925008454056806e-05,5.005170660806381e-05,2536.374763566111
1791239280,5.005170660806381e-05,5.702360866530735e-05,5.005170660806381e-05,5.5537898742038894e-05,1606.748376796943
1791239340,5.5537898742038894e-05,5.6211041467136936e-05,5.274777369961595e-05,5.274777369961595e-05,508.38004558033197
1791239400,5.274777369961595e-05,5.274777369961595e-05,3.889580336330259e-05,4.145762857313025e-05,3445.0094302531384
1791239460,4.145762857313025e-05,4.485616012174108e-05,4.119875205557203e-05,4.356977522946502e-05,748.4997022730068
1791239520,4.356977522946502e-05,4.4134930480534244e-05,4.2400361583718256e-05,4.2400361583718256e-05,194.57708136581888
1791239580,4.2400361583718256e-05,4.319309778278248e-05,3.9953462385566605e-05,3.9953462385566605e-05,717.5800781977805
1791239640,3.9953462385566605e-05,4.05234410896942e-05,3.7654878648141145e-05,3.8915186014978136e-05,746.3987572847415
1791239700,3.8915186014978136e-05,3.906284621617723e-05,3.720476340232255e-05,3.794189764731802e-05,361.37398027906295
1791239760,3.794189764731802e-05,3.9207076453874006e-05,3.794189764731802e-05,3.804369187350919e-05,255.1443632793814
1791239820,3.804369187350919e-05,3.804369187350919e-05,3.3295341533485065e-05,3.3864375154094706e-05,709.3528711461793
1791239880,3.3864375154094706e-05,3.506465775310211e-05,3.3864375154094706e-05,3.506465775310211e-05,72.68552707284894
1791239940,3.506465775310211e-05,3.506465775310211e-05,3.411261105485534e-05,3.411261105485534e-05,94.56975384330123
1791240000,3.411261105485534e-05,3.7916123579150034e-05,3.411261105485534e-05,3.771294708148384e-05,727.147454171663
1791240060,3.771294708148384e-05,3.973913012375533e-05,3.771294708148384e-05,3.962328487356848e-05,474.18786007562164
1791240120,3.962328487356848e-05,4.446547471299922e-05,3.962328487356848e-05,4.195220560411185e-05,972.3156025827083
1791240180,4.195220560411185e-05,4.2608309487831924e-05,4.0885887574838055e-05,4.124070686430621e-05,222.03084472609547
1791240240,4.124070686430621e-05,4.167063390753355e-05,4.0490485112777016e-05,4.0490485112777016e-05,102.41295631377811
1791240300,4.0490485112777016e-05,4.095113757275027e-05,4.031747927695409e-05,4.031747927695409e-05,44.49617858687539
1791240360,4.031747927695409e-05,4.095830295880646e-05,4.015721818660779e-05,4.095830295880646e-05,50.0243850077207
1791240420,4.095830295880646e-05,4.095830295880646e-05,3.9520944417599417e-05,3.9520944417599417e-05,110.4754592037703
1791240480,3.9520944417599417e-05,3.9520944417599417e-05,3.510260162777281e-05,3.523789317168962e-05,674.37214604047
1791240540,3.523789317168962e-05,3.538875464880548e-05,3.482547930668311e-05,3.5314924662170285e-05,76.67588546755647
1791240600,3.5314924662170285e-05,3.537025430557825e-05,3.5314924662170285e-05,3.537025430557825e-05,10.217950936495644
1791240660,3.537025430557825e-05,4.129151652150874e-05,3.3099934996862374e-05,3.4366638365919895e-05,1984.2330607389824
1791240720,3.4366638365919895e-05,3.45057577018619e-05,3.302451006781672e-05,3.302451006781672e-05,229.5427253820881
1791240780,3.302451006781672e-05,3.341631729962123e-05,3.2707285690112894e-05,3.325045341552679e-05,174.02010337408973
1791240840,3.325045341552679e-05,3.3895176666022414e-05,3.266388230807487e-05,3.266388230807487e-05,197.22899556694912
1791240900,3.266388230807487e-05,3.266388230807487e-05,3.221820772920476e-05,3.221820772920476e-05,19.631765006479565
1791240960,3.221820772920476e-05,3.260182320338435e-05,3.218069616105108e-05,3.218069616105108e-05,7.215549132526537
1791241020,3.218069616105108e-05,3.268665395635645e-05,3.2162914124904e-05,3.268665395635645e-05,73.17626294015841
1791241080,3.268665395635645e-05,3.475619485693608e-05,3.268665395635645e-05,3.411316026639871e-05,338.72990437911477
1791241140,3.411316026639871e-05,3.411316026639871e-05,3.3927648094741186e-05,3.3927648094741186e-05,4.708226820477627
1791241200,3.3927648094741186e-05,3.3927648094741186e-05,3.270635182359778e-05,3.270635182359778e-05,170.9763131222056
1791241260,3.270635182359778e-05,3.270635182359778e-05,2.6621142348294066e-05,2.8643613974641443e-05,1420.9613115141954
1791241320,2.8643613974641443e-05,2.889275835217212e-05,2.7766902119692283e-05,2.7766902119692283e-05,230.420938446008
1791241380,2.7766902119692283e-05,2.7766902119692283e-05,2.6812309886291713e-05,2.774487098379259e-05,293.74167291989477
1791241440,2.774487098379259e-05,2.79936860596185e-05,2.417664681691305e-05,2.417664681691305e-05,692.5536449249297
1791241500,2.417664681691305e-05,2.4303293247811875e-05,2.099474695590135e-05,2.099474695590135e-05,1211.1101191788446
1791241560,2.099474695590135e-05,2.1200228011329612e-05,2.09124429895997e-05,2.1200228011329612e-05,3.4852598216145494
1791241620,2.1200228011329612e-05,2.1669552198433736e-05,2.0883558826396632e-05,2.1395292525386734e-05,144.36071444816383
1791241680,2.1395292525386734e-05,2.3333838926505926e-05,2.1395292525386734e-05,2.3236895304215353e-05,475.1547380789048
1791241740,2.3236895304215353e-05,2.3236895304215353e-05,2.2050139893151304e-05,2.212076807759391e-05,332.5483656738895
1791241800,2.212076807759391e-05,2.212076807759391e-05,2.1030568247492626e-05,2.1030568247492626e-05,148.6904678133271
1791241860,2.1030568247492626e-05,2.149844634326166e-05,2.1030568247492626e-05,2.1361305258197423e-05,78.64495998668828
1791241920,2.1361305258197423e-05,2.1361305258197423e-05,1.854242813342985e-05,1.9100003497785778e-05,622.6421050980515
1791241980,1.9100003497785778e-05,1.9955394937194162e-05,1.8500179425718965e-05,1.8512139501319227e-05,511.5808814560957
1791242040,1.8512139501319227e-05,1.8518049515089045e-05,1.7916888993120325e-05,1.8518049515089045e-05,221.5511745947705
1791242100,1.8518049515089045e-05,1.8601960415358943e-05,1.8308187503393503e-05,1.8308187503393503e-05,38.22687885494031
1791242160,1.8308187503393503e-05,1.891331289001374e-05,1.8308187503393503e-05,1.891331289001374e-05,79.30538354286095
1791242220,1.891331289001374e-05,1.898886492643512e-05,1.8714683639626216e-05,1.8714683639626216e-05,17.419409781003665
1791242280,1.8714683639626216e-05,1.8995843981083768e-05,1.7502114537731356e-05,1.7502114537731356e-05,477.8241331079178
1791242340,1.7502114537731356e-05,2.0522089378485937e-05,1.7138541166888927e-05,2.0522089378485937e-05,869.3448293628222
1791242400,2.0522089378485937e-05,2.496222088880248e-05,2.0522089378485937e-05,2.4355230926030756e-05,1512.206417261394
1791242460,2.4355230926030756e-05,2.555987219466338e-05,2.35239402407432e-05,2.35239402407432e-05,258.64628475468606
1791242520,2.35239402407432e-05,2.35239402407432e-05,2.3268888669656246e-05,2.3268888669656246e-05,43.56553548331432
1791242580,2.3268888669656246e-05,2.349526053167359e-05,2.24078759042313e-05,2.24078759042313e-05,150.6329526385238
1791242640,2.24078759042313e-05,2.3130004508499145e-05,2.24078759042313e-05,2.26527820760381e-05,208.22919135274867
1791242700,2.26527820760381e-05,2.2884752278481126e-05,2.26330887761657e-05,2.26330887761657e-05,87.32910676267025
1791242820,2.26330887761657e-05,2.26330887761657e-05,2.2327234640436426e-05,2.2327234640436426e-05,45.92467787702306
1791242940,2.2327234640436426e-05,2.2327234640436426e-05,2.2025952886963562e-05,2.2025952886963562e-05,74.36599866899239
1791243060,2.2025952886963562e-05,2.2025952886963562e-05,2.1425043242061237e-05,2.1425043242061237e-05,20.327361178516657
1791243120,2.1425043242061237e-05,2.1425043242061237e-05,2.1239267513523707e-05,2.1384852720881245e-05,40.82631877294752
1791243180,2.1384852720881245e-05,2.1561575851941122e-05,2.129819898082693e-05,2.129819898082693e-05,104.68285401520535
1791243240,2.129819898082693e-05,2.129819898082693e-05,2.0952273158179702e-05,2.1164226878476763e-05,41.707771715880924
1791243300,2.1164226878476763e-05,2.1164226878476763e-05,2.0546227269111024e-05,2.0965626038967662e-05,121.16013825927999
1791243420,2.0965626038967662e-05,2.0965626038967662e-05,2.05825102070762e-05,2.05825102070762e-05,96.40863292972436
1791243480,2.05825102070762e-05,2.05825102070762e-05,2.0254821653139322e-05,2.0254821653139322e-05,10.72105778359632
1791243540,2.0254821653139322e-05,2.0254821653139322e-05,2.009195037748311e-05,2.009195037748311e-05,48.09786033996867
1791243600,2.009195037748311e-05,2.009195037748311e-05,1.975149312529512e-05,1.975149312529512e-05,39.74038721354634
1791243660,1.975149312529512e-05,1.9847236914311677e-05,1.9631283906113133e-05,1.9847236914311677e-05,24.762409140359576
1791243720,1.9847236914311677e-05,1.9881402752559376e-05,1.9156449692640253e-05,1.9156449692640253e-05,162.02022337110378
1791243780,1.9156449692640253e-05,1.9929880435600024e-05,1.8313962792222615e-05,1.9038175783261743e-05,322.9218868004125
1791243840,1.9038175783261743e-05,1.9948422128658684e-05,1.9038175783261743e-05,1.9948422128658684e-05,9.94985138368068
1791243900,1.9948422128658684e-05,2.921874250285188e-05,1.9948422128658684e-05,2.921874250285188e-05,1737.2660701050904
1791243960,2.921874250285188e-05,3.135009403007738e-05,2.7340968786015544e-05,3.094324129167585e-05,964.6751272266705
1791244020,3.094324129167585e-05,3.096993219776142e-05,2.8979057138633033e-05,2.923887724010605e-05,284.0598930808801
1791244080,2.923887724010605e-05,2.9787912286333707e-05,2.6727403906484617e-05,2.6727403906484617e-05,926.2379805695783
1791244140,2.6727403906484617e-05,2.731872281471144e-05,2.6525515973326434e-05,2.731872281471144e-05,173.68564512164667
1791244200,2.731872281471144e-05,2.7541664087214425e-05,2.559657254257903e-05,2.559657254257903e-05,290.67558179612683
1791244260,2.559657254257903e-05,2.559657254257903e-05,2.510789356107377e-05,2.5329005290765094e-05,32.318812554431396
1791244320,2.5329005290765094e-05,3.127346071510611e-05,2.5329005290765094e-05,3.0674532350216526e-05,1111.0984902561704
1791244380,3.0674532350216526e-05,3.361116214722743e-05,3.0123923212556868e-05,3.361116214722743e-05,846.1990592574803
1791244440,3.361116214722743e-05,3.937439848226226e-05,3.361116214722743e-05,3.7033216840877444e-05,927.5937530652428
1791244500,3.7033216840877444e-05,4.5195865722742046e-05,3.7033216840877444e-05,4.089648107323851e-05,1618.7610134841734
1791244560,4.089648107323851e-05,4.335994274977727e-05,4.0861043117076e-05,4.1582425900742126e-05,646.3321060088491
1791244620,4.1582425900742126e-05,4.1582425900742126e-05,3.965838166863854e-05,3.965838166863854e-05,241.0701076625731
1791244680,3.965838166863854e-05,3.965838166863854e-05,3.2882327248683604e-05,3.332634777542845e-05,1138.5106031116595
1791244740,3.332634777542845e-05,3.561786651945986e-05,3.332634777542845e-05,3.561786651945986e-05,291.71079478390385
1791244800,3.561786651945986e-05,3.561786651945986e-05,3.1844057710301045e-05,3.1844057710301045e-05,453.8368405799303
1791244860,3.1844057710301045e-05,3.1844057710301045e-05,2.9875846448930103e-05,2.9875846448930103e-05,242.683724538063
1791244920,2.9875846448930103e-05,2.9875846448930103e-05,2.9416864275512727e-05,2.9416864275512727e-05,68.84229944915089
1791244980,2.9416864275512727e-05,3.0999060933288315e-05,2.9232293805649366e-05,2.998893370184976e-05,268.12555580948055
1791245040,2.998893370184976e-05,3.2303836931633764e-05,2.998893370184976e-05,3.2303836931633764e-05,205.9248265302508
1791245100,3.2303836931633764e-05,3.28168457490722e-05,3.2303836931633764e-05,3.28168457490722e-05,118.27499526464155
1791245160,3.28168457490722e-05,3.296865337448756e-05,3.000846041925438e-05,3.1941575776334655e-05,368.5816233741066
1791245220,3.1941575776334655e-05,3.284890795651924e-05,3.0363305107381214e-05,3.1928942605132704e-05,519.0771406650074
1791245280,3.1928942605132704e-05,3.225679285817001e-05,3.185096590158508e-05,3.225679285817001e-05,89.63785536228046
1791245340,3.225679285817001e-05,3.284205334424322e-05,3.225679285817001e-05,3.284205334424322e-05,69.28782857483064
1791245400,3.284205334424322e-05,3.3099841941310116e-05,3.268769909599606e-05,3.3099841941310116e-05,48.64597614882794
1791245520,3.3099841941310116e-05,3.3631878460916535e-05,3.305996253683879e-05,3.305996253683879e-05,106.97287326884673
1791245580,3.305996253683879e-05,3.3421309079172755e-05,3.305996253683879e-05,3.3421309079172755e-05,19.59369718939302
1791245700,3.3421309079172755e-05,3.79710037019904e-05,3.3421309079172755e-05,3.79710037019904e-05,559.7324436737034
1791245760,3.79710037019904e-05,3.80308010716131e-05,3.73719129309836e-05,3.73719129309836e-05,29.695764149908992
1791245820,3.73719129309836e-05,3.73719129309836e-05,3.73665996453677e-05,3.73665996453677e-05,2.610552573918672
1791245880,3.73665996453677e-05,3.73665996453677e-05,3.734713493668929e-05,3.734713493668929e-05,0.8650862023241641
1791246000,3.734713493668929e-05,3.734713493668929e-05,3.6456192028145966e-05,3.6456192028145966e-05,138.753353582308
1791246060,3.6456192028145966e-05,4.091962399531119e-05,3.616787955915711e-05,4.091962399531119e-05,657.3369184145874
1791246120,4.091962399531119e-05,4.091962399531119e-05,3.9830554748445934e-05,4.084944722982248e-05,236.04870750183295
1791246180,4.084944722982248e-05,4.084944722982248e-05,3.95070877310134e-05,3.95070877310134e-05,14.01924188870597
1791246240,3.95070877310134e-05,4.0004368596648394e-05,3.861927754957086e-05,3.861927754957086e-05,225.773040983923
1791246300,3.861927754957086e-05,3.861927754957086e-05,3.728455849035403e-05,3.728455849035403e-05,85.08705311842505
1791246360,3.728455849035403e-05,3.728455849035403e-05,3.7234979685473984e-05,3.7234979685473984e-05,7.424014215226626
1791246420,3.7234979685473984e-05,3.7974994187466164e-05,3.7234979685473984e-05,3.7974994187466164e-05,41.34397634500303
1791246480,3.7974994187466164e-05,4.0148069704064754e-05,3.744759239839707e-05,3.914973582738592e-05,411.76624789767106
1791246540,3.914973582738592e-05,3.914973582738592e-05,3.770843458707939e-05,3.870207119330111e-05,258.5047032090707
1791246600,3.870207119330111e-05,3.917830224966418e-05,3.870207119330111e-05,3.917830224966418e-05,63.21305108641105
1791246660,3.917830224966418e-05,3.917830224966418e-05,3.870441563773667e-05,3.870441563773667e-05,14.510588085428216
1791246720,3.870441563773667e-05,3.9000401231137195e-05,3.84064621959933e-05,3.9000401231137195e-05,146.82854419688118
1791246840,3.9000401231137195e-05,3.9000401231137195e-05,3.8811245913659666e-05,3.8811245913659666e-05,22.479227873255123
1791246960,3.8811245913659666e-05,3.8811245913659666e-05,3.308645195941182e-05,3.367419059601088e-05,762.9731188996278
1791247020,3.367419059601088e-05,3.367419059601088e-05,3.10154234166385e-05,3.192229095212241e-05,442.07309662748486
1791247080,3.192229095212241e-05,3.192229095212241e-05,2.811236338497541e-05,2.8808522115309103e-05,618.8223392920692
1791247140,2.8808522115309103e-05,2.893619751255842e-05,2.7086960735801184e-05,2.7086960735801184e-05,459.20668422009186
1791247200,2.7086960735801184e-05,2.7086960735801184e-05,2.4540900258475188e-05,2.50115991781969e-05,850.3419141836475
1791247260,2.50115991781969e-05,2.5202735360070322e-05,2.4845982081029235e-05,2.4845982081029235e-05,49.189044865342915
1791247320,2.4845982081029235e-05,2.6747005118771936e-05,2.4845982081029235e-05,2.6747005118771936e-05,240.32113655893232
1791247380,2.6747005118771936e-05,2.6747005118771936e-05,2.5742534391039715e-05,2.665811160737943e-05,370.0187970788064
1791247440,2.665811160737943e-05,2.674145391198688e-05,2.665811160737943e-05,2.674145391198688e-05,11.937977175508452
1791247500,2.674145391198688e-05,2.6978050380134995e-05,2.6098036490101556e-05,2.6098036490101556e-05,262.8023805487657
1791247560,2.6098036490101556e-05,2.6098036490101556e-05,2.5444763571514257e-05,2.5633227166080258e-05,60.63356299467278
1791247620,2.5633227166080258e-05,2.5633227166080258e-05,2.246809298333132e-05,2.357741415083853e-05,827.3487518761333
1791247680,2.357741415083853e-05,2.357741415083853e-05,2.3470976710883155e-05,2.3470976710883155e-05,42.85139171443825
1791247740,2.3470976710883155e-05,2.3470976710883155e-05,2.294975861274478e-05,2.3250108256043763e-05,68.37888351202224
1791247800,2.3250108256043763e-05,3.190123303448262e-05,2.3250108256043763e-05,3.0566533865382605e-05,1841.2271338991106
1791247860,3.0566533865382605e-05,3.0566533865382605e-05,2.3616259414101998e-05,2.3616259414101998e-05,1486.8641832495696
1791247920,2.3616259414101998e-05,2.384003194585519e-05,2.3616259414101998e-05,2.384003194585519e-05,10.67975379911988
1791247980,2.384003194585519e-05,2.417639913718189e-05,1.9815755758494787e-05,2.377817484072985e-05,1962.5660043439286
1791248040,2.377817484072985e-05,2.377817484072985e-05,2.0454597278897654e-05,2.0550310066420105e-05,651.0194347663339
1791248100,2.0550310066420105e-05,2.083030728172212e-05,2.0112736667069888e-05,2.041460743351473e-05,186.33145305960036
1791248160,2.041460743351473e-05,2.041460743351473e-05,1.8999775622721075e-05,1.922932565965255e-05,326.4308754382771
1791248220,1.922932565965255e-05,1.96021459855601e-05,1.8990610574758555e-05,1.96021459855601e-05,128.06617823765248
1791248340,1.96021459855601e-05,2.1953745960705364e-05,1.9412547822551543e-05,2.1269125650571737e-05,587.9731626336048
1791248400,2.1269125650571737e-05,2.2752023978827386e-05,2.1144681067735882e-05,2.2752023978827386e-05,235.8383873013372
1791248460,2.2752023978827386e-05,2.2752023978827386e-05,2.136872388976162e-05,2.136872388976162e-05,174.41691585155763
1791248520,2.136872388976162e-05,2.5947083386763576e-05,2.136872388976162e-05,2.548797656684359e-05,945.7384660472493
1791248580,2.548797656684359e-05,2.7178242555126157e-05,2.548797656684359e-05,2.7178242555126157e-05,272.2800781376565
1791248640,2.7178242555126157e-05,2.8087942226005416e-05,2.7164653585969132e-05,2.8087942226005416e-05,198.28569574480002
1791248700,2.8087942226005416e-05,2.9364366500104962e-05,2.8087942226005416e-05,2.904245116745199e-05,87.3424627337521
1791248760,2.904245116745199e-05,3.023698908354758e-05,2.904245116745199e-05,3.023698908354758e-05,149.78700720467876
1791248820,3.023698908354758e-05,3.507399020783925e-05,3.023698908354758e-05,3.507399020783925e-05,623.9219555932415
1791248940,3.507399020783925e-05,3.519102583455769e-05,3.442186301405258e-05,3.495483017060566e-05,137.14329997870396
1791249000,3.495483017060566e-05,3.5436779577123014e-05,3.495483017060566e-05,3.5436779577123014e-05,8.373602803544442
1791249060,3.5436779577123014e-05,3.5436779577123014e-05,3.479982156017207e-05,3.479982156017207e-05,30.976291028176355
1791249120,3.479982156017207e-05,3.5250900378098606e-05,3.476690512835917e-05,3.4778486361263503e-05,20.326650374115978
1791249180,3.4778486361263503e-05,3.522328495684577e-05,3.4778486361263503e-05,3.522328495684577e-05,18.567484301813195
1791249300,3.522328495684577e-05,3.921280214577561e-05,3.462600420784855e-05,3.784158452093076e-05,573.1603756630013
1791249360,3.784158452093076e-05,3.8796458170507e-05,3.784158452093076e-05,3.786149224341156e-05,156.99553699220192
1791249420,3.786149224341156e-05,3.786149224341156e-05,3.723719052135465e-05,3.764860089491308e-05,62.79727192880117
1791249480,3.764860089491308e-05,3.8099098335249966e-05,3.764860089491308e-05,3.7664412201009014e-05,180.5827353686292
1791249540,3.7664412201009014e-05,3.7664412201009014e-05,3.69396050208372e-05,3.69396050208372e-05,88.15344607141233
1791249600,3.69396050208372e-05,3.704530331388772e-05,3.5999120700544224e-05,3.5999120700544224e-05,191.11825616948138
1791249660,3.5999120700544224e-05,3.5999120700544224e-05,3.53537171786725e-05,3.53537171786725e-05,98.33911325265572
1791249720,3.53537171786725e-05,3.53537171786725e-05,3.5055902724566847e-05,3.5055902724566847e-05,29.787797420771142
1791249780,3.5055902724566847e-05,3.5055902724566847e-05,3.362653773144643e-05,3.362653773144643e-05,172.7841312053863
1791249840,3.362653773144643e-05,3.362653773144643e-05,3.290813684249087e-05,3.290813684249087e-05,170.37943961886464
1791249900,3.290813684249087e-05,3.290813684249087e-05,3.111444275181283e-05,3.111444275181283e-05,211.29815923008195
1791250020,3.111444275181283e-05,3.111444275181283e-05,3.0054627912123698e-05,3.0054627912123698e-05,112.16930000216823
1791250080,3.0054627912123698e-05,3.0054627912123698e-05,2.9718431395870797e-05,2.9718431395870797e-05,49.762300937592265
1791250140,2.9718431395870797e-05,2.9718431395870797e-05,2.951172434734867e-05,2.951172434734867e-05,25.738075962949317
1791250320,2.951172434734867e-05,2.951172434734867e-05,2.9158060980745784e-05,2.9158060980745784e-05,60.293207448288356
1791250380,2.9158060980745784e-05,2.9158060980745784e-05,2.8534026862326177e-05,2.8534026862326177e-05,53.2969725713765
1791250440,2.8534026862326177e-05,2.8534026862326177e-05,2.8111471529495106e-05,2.8111471529495106e-05,84.95858552801087
1791250500,2.8111471529495106e-05,2.8111471529495106e-05,2.3746654732615742e-05,2.4493106346762347e-05,831.3412213219696
1791250560,2.4493106346762347e-05,2.5123003853590254e-05,2.4058624705210842e-05,2.4058624705210842e-05,242.42103982290783
1791250620,2.4058624705210842e-05,2.4552781415086982e-05,2.4058624705210842e-05,2.444720472229415e-05,90.4004817924498
1791250800,2.444720472229415e-05,2.700492438742189e-05,2.444720472229415e-05,2.6231425146763677e-05,621.8563393309777
1791250860,2.6231425146763677e-05,2.6461692657482853e-05,2.6231425146763677e-05,2.6461692657482853e-05,4.838043264946888
1791250920,2.6461692657482853e-05,3.4983381147561524e-05,2.6442350183862426e-05,3.4983381147561524e-05,1314.1876746872533
1791250980,3.4983381147561524e-05,3.7012658119039074e-05,3.429700499165872e-05,3.7012658119039074e-05,525.1960737879895
1791251040,3.7012658119039074e-05,3.7012658119039074e-05,3.528602582159499e-05,3.5892467475647434e-05,244.55887358242762
1791251100,3.5892467475647434e-05,3.5892467475647434e-05,3.439389693284254e-05,3.474068783350608e-05,197.01701832153609
1791251160,3.474068783350608e-05,3.474068783350608e-05,3.0702055872892696e-05,3.0702055872892696e-05,317.39714592932
1791251220,3.0702055872892696e-05,3.1150890911964134e-05,3.050277466857498e-05,3.050277466857498e-05,169.36099309464782
1791251280,3.050277466857498e-05,3.998520109989844e-05,3.01239400386506e-05,3.9514435142077795e-05,1319.405460406378
1791251340,3.9514435142077795e-05,3.955597744098586e-05,3.524860059970338e-05,3.5398627953461374e-05,546.0159164881482
1791251400,3.5398627953461374e-05,3.5398627953461374e-05,3.517257296747138e-05,3.517257296747138e-05,47.99190703537516
1791251460,3.517257296747138e-05,3.517257296747138e-05,3.428814730366186e-05,3.428814730366186e-05,153.33734207278388
1791251520,3.428814730366186e-05,3.4438633300187334e-05,3.389855926419636e-05,3.390303703471745e-05,151.74817986793596
1791251580,3.390303703471745e-05,3.390303703471745e-05,3.3566098787200584e-05,3.3566098787200584e-05,5.711476084863926
1791251640,3.3566098787200584e-05,3.3566098787200584e-05,3.3504978640717214e-05,3.3504978640717214e-05,7.337773014702699
1791251700,3.3504978640717214e-05,3.3504978640717214e-05,3.2672971218844776e-05,3.2672971218844776e-05,167.98470178761244
1791251820,3.2672971218844776e-05,3.2672971218844776e-05,3.254227646580674e-05,3.254227646580674e-05,5.895921292164446
1791251880,3.254227646580674e-05,3.254227646580674e-05,3.1888124104602636e-05,3.1888124104602636e-05,65.40766592963986
1791251940,3.1888124104602636e-05,3.1888124104602636e-05,3.132530871261015e-05,3.132530871261015e-05,78.67510706471796
1791252000,3.132530871261015e-05,3.132530871261015e-05,3.0298256212485103e-05,3.0298256212485103e-05,132.77534129407198
1791252060,3.0298256212485103e-05,3.0298256212485103e-05,3.0054642043422646e-05,3.0054642043422646e-05,26.456605585015385
1791252120,3.0054642043422646e-05,3.453032401611097e-05,2.992042996539207e-05,3.164497123076629e-05,564.4032678600695
1791252180,3.164497123076629e-05,3.477643768032093e-05,3.164497123076629e-05,3.477643768032093e-05,35.0337191553284
1791252240,3.477643768032093e-05,3.628141985129736e-05,3.477643768032093e-05,3.6100431049315406e-05,326.57484896192506
1791252300,3.6100431049315406e-05,3.677240424237352e-05,3.556264162706642e-05,3.556264162706642e-05,238.21664453815313
1791252420,3.556264162706642e-05,3.573046123918777e-05,3.4417914459300945e-05,3.4417914459300945e-05,140.01109369690815
1791252480,3.4417914459300945e-05,3.47093197291707e-05,3.3985798202391215e-05,3.3985798202391215e-05,70.9514370523569
1791252540,3.3985798202391215e-05,3.447930919767278e-05,3.3985798202391215e-05,3.447930919767278e-05,63.27413678786578
1791252600,3.447930919767278e-05,3.5156036025759314e-05,3.447930919767278e-05,3.5156036025759314e-05,71.32577163270307
1791252660,3.5156036025759314e-05,3.5156036025759314e-05,3.4692575541475256e-05,3.4692575541475256e-05,17.221660686420766
1791252720,3.4692575541475256e-05,3.4692575541475256e-05,3.3855931826405723e-05,3.3855931826405723e-05,190.8735193554009
1791252780,3.3855931826405723e-05,3.3855931826405723e-05,3.366506816465658e-05,3.366506816465658e-05,29.04139781408044
1791252840,3.366506816465658e-05,3.3793444988729424e-05,3.366506816465658e-05,3.3793444988729424e-05,2.3789278003736096
1791253020,3.3793444988729424e-05,3.3793444988729424e-05,3.3177217870551526e-05,3.341903012825297e-05,56.69567173186914
1791253080,3.341903012825297e-05,3.341903012825297e-05,3.272066306031105e-05,3.272066306031105e-05,68.08414784846147
1791253140,3.272066306031105e-05,3.289465743490474e-05,3.145156338472647e-05,3.145156338472647e-05,250.785861369506
1791253200,3.145156338472647e-05,3.18846652888969e-05,3.145156338472647e-05,3.18846652888969e-05,5.9481072677186875
1791253260,3.18846652888969e-05,3.210314306942312e-05,3.18846652888969e-05,3.210314306942312e-05,49.35303949028216
1791253320,3.210314306942312e-05,3.210314306942312e-05,3.142767419763291e-05,3.142767419763291e-05,65.23354495378373
1791253380,3.142767419763291e-05,3.142767419763291e-05,3.13614369904919e-05,3.13614369904919e-05,23.011391695337142
1791253440,3.13614369904919e-05,3.13614369904919e-05,2.9348932072850807e-05,2.9348932072850807e-05,286.452592542798
1791253500,2.9348932072850807e-05,2.9348932072850807e-05,2.642492410095859e-05,2.676232528819705e-05,491.4523473774275
1791253560,2.676232528819705e-05,2.805823279712567e-05,2.676232528819705e-05,2.805823279712567e-05,183.71594184000577
1791253620,2.805823279712567e-05,3.718862011659479e-05,2.805823279712567e-05,3.5501891073919605e-05,1383.269320414588
1791253680,3.5501891073919605e-05,3.714657295263756e-05,3.5501891073919605e-05,3.709550122544066e-05,12.289863920887957
1791253740,3.709550122544066e-05,3.830922094149981e-05,3.709550122544066e-05,3.830922094149981e-05,161.19502077792387
1791253800,3.830922094149981e-05,3.830922094149981e-05,3.7426206699827844e-05,3.7426206699827844e-05,221.92457204008008
1791253860,3.7426206699827844e-05,3.7426206699827844e-05,3.4982344140530124e-05,3.580677338282584e-05,311.7776405638598
1791253920,3.580677338282584e-05,3.7013694860674966e-05,3.4619869618227365e-05,3.7013694860674966e-05,251.5427546601332
1791254100,3.7013694860674966e-05,3.72201455931403e-05,3.7013694860674966e-05,3.72201455931403e-05,58.85148755402916
1791254160,3.72201455931403e-05,4.261772538014199e-05,3.6397182833928895e-05,4.261772538014199e-05,842.9556096502065
1791254220,4.261772538014199e-05,4.261772538014199e-05,4.198106191993414e-05,4.2458567966714566e-05,44.017670557513824
1791254280,4.2458567966714566e-05,4.627071847757858e-05,4.2458567966714566e-05,4.627071847757858e-05,561.4337039563802
1791254340,4.627071847757858e-05,4.627071847757858e-05,3.8712103980075247e-05,3.9248073085904144e-05,2101.5331702059125
1791254400,3.9248073085904144e-05,4.055781740115782e-05,3.9248073085904144e-05,4.055781740115782e-05,148.54091933247636
1791254460,4.055781740115782e-05,4.055781740115782e-05,3.814760748513288e-05,3.8877577566890846e-05,349.34131500905477
1791254520,3.8877577566890846e-05,4.087146934330761e-05,3.8877577566890846e-05,3.8975912053009714e-05,393.7134744920666
1791254580,3.8975912053009714e-05,4.13531278736457e-05,3.8975912053009714e-05,4.039830214570055e-05,317.79419344540264
1791254640,4.039830214570055e-05,4.039830214570055e-05,3.96093957489076e-05,3.96093957489076e-05,47.13241476020785
1791254700,3.96093957489076e-05,3.96093957489076e-05,3.385707640510066e-05,3.5362786351275894e-05,980.7060020624886
1791254760,3.5362786351275894e-05,3.5362786351275894e-05,3.070709365508972e-05,3.170554186375659e-05,901.13988907303
1791254820,3.170554186375659e-05,3.2876196313722414e-05,3.170554186375659e-05,3.229886029446405e-05,179.35150250511464
1791254880,3.229886029446405e-05,3.271924934124892e-05,3.229013942399244e-05,3.271924934124892e-05,123.84288156794088
1791255000,3.271924934124892e-05,3.271924934124892e-05,3.049340504196184e-05,3.061242878112994e-05,245.80018480587157
1791255060,3.061242878112994e-05,3.072917620488543e-05,3.061242878112994e-05,3.072917620488543e-05,17.63464059437592
1791255180,3.072917620488543e-05,3.072917620488543e-05,2.9869325648812862e-05,3.0345843413267366e-05,248.821312650562
1791255240,3.0345843413267366e-05,3.0810915695749015e-05,3.0345843413267366e-05,3.0810915695749015e-05,2.7551803632788525
1791255300,3.0810915695749015e-05,3.0993099467698766e-05,3.0810915695749015e-05,3.0993099467698766e-05,47.65442852474907
1791255360,3.0993099467698766e-05,3.327410783619228e-05,3.0993099467698766e-05,3.221532344294741e-05,476.7615293790636
1791255600,3.221532344294741e-05,3.221532344294741e-05,2.8359048291214724e-05,2.879845654243137e-05,208.26814103206578
1791255660,2.879845654243137e-05,2.9094924901598675e-05,2.8791310563952047e-05,2.8791310563952047e-05,48.74157491918328
1791255720,2.8791310563952047e-05,2.9480456447146395e-05,2.8791310563952047e-05,2.9480456447146395e-05,68.43340549591012
1791255780,2.9480456447146395e-05,2.9480456447146395e-05,2.9247417444633124e-05,2.9247417444633124e-05,9.305205481126693
1791255840,2.9247417444633124e-05,2.9247417444633124e-05,2.9150972137490055e-05,2.9150972137490055e-05,11.5231821813019
1791255900,2.9150972137490055e-05,2.9150972137490055e-05,2.9095829663427795e-05,2.9095829663427795e-05,0.8166265861377345
1791255960,2.9095829663427795e-05,2.9095829663427795e-05,2.902081935706803e-05,2.902081935706803e-05,19.55266119802696
1791256020,2.902081935706803e-05,2.902081935706803e-05,2.885924596400043e-05,2.885924596400043e-05,16.62002020259089
1791256080,2.885924596400043e-05,2.935604111823203e-05,2.8691035127978275e-05,2.935604111823203e-05,169.10652688134365
1791256260,2.935604111823203e-05,2.935604111823203e-05,2.6908035726641298e-05,2.7283097315781796e-05,314.04693051957634
1791256320,2.7283097315781796e-05,2.7283097315781796e-05,2.67606009536523e-05,2.67606009536523e-05,149.13859179114127
1791256380,2.67606009536523e-05,2.67606009536523e-05,2.4756142520758617e-05,2.6049589906936827e-05,589.9257210999018
1791256440,2.6049589906936827e-05,2.6255762145259137e-05,2.6049589906936827e-05,2.6255762145259137e-05,11.86530263302179
1791256500,2.6255762145259137e-05,2.6330742843789804e-05,2.6255762145259137e-05,2.6330742843789804e-05,5.581038332531101
1791256560,2.6330742843789804e-05,2.6330742843789804e-05,2.4756800363584844e-05,2.4756800363584844e-05,250.83601299371531
1791256620,2.4756800363584844e-05,2.4867324332643425e-05,2.4756800363584844e-05,2.4867324332643425e-05,21.71478874788508
1791256740,2.4867324332643425e-05,2.493094529884417e-05,2.4585270608805027e-05,2.493094529884417e-05,38.38478011429695
1791256800,2.493094529884417e-05,2.509226900958248e-05,2.493094529884417e-05,2.5035908841875442e-05,15.27175839216404
1791256920,2.5035908841875442e-05,2.5539285806119413e-05,2.5035908841875442e-05,2.5539285806119413e-05,93.96446207846239
1791257040,2.5539285806119413e-05,2.5539285806119413e-05,2.4505838293238448e-05,2.4958119266572035e-05,262.27532956094035
1791257100,2.4958119266572035e-05,2.4958119266572035e-05,2.2730311027766284e-05,2.2730311027766284e-05,339.32086773340706
1791257160,2.2730311027766284e-05,2.3007707097766087e-05,2.2618668772011876e-05,2.3007707097766087e-05,65.11205844471526
1791257220,2.3007707097766087e-05,3.0524329111671964e-05,2.2796069312350984e-05,2.9592082934166845e-05,1338.0120168236908
1791257280,2.9592082934166845e-05,3.177435353404815e-05,2.8639466518874446e-05,3.070307378499639e-05,911.8658111211234
1791257340,3.070307378499639e-05,3.070307378499639e-05,2.9856374702729453e-05,3.0287689772465308e-05,114.78919669889339
1791257400,3.0287689772465308e-05,3.0287689772465308e-05,2.876136576300928e-05,2.876136576300928e-05,144.68884434585564
1791257460,2.876136576300928e-05,2.907680938486624e-05,2.8613662372958245e-05,2.8613662372958245e-05,132.74952964596994
1791257520,2.8613662372958245e-05,2.8871159528855558e-05,2.8370898725874223e-05,2.8370898725874223e-05,58.66548489357234
1791257640,2.8370898725874223e-05,3.0362053426798638e-05,2.8370898725874223e-05,2.95829136499913e-05,266.1018054312051
1791257700,2.95829136499913e-05,3.015642232333849e-05,2.95829136499913e-05,3.015642232333849e-05,12.133585247992766
1791257760,3.015642232333849e-05,3.015642232333849e-05,3.0122380823191718e-05,3.0122380823191718e-05,4.463156448934882
1791257820,3.0122380823191718e-05,3.0122380823191718e-05,2.740401377378695e-05,2.740401377378695e-05,394.1224521805951
1791257880,2.740401377378695e-05,2.740401377378695e-05,2.711032342683718e-05,2.711032342683718e-05,20.25766290632198
1791258060,2.711032342683718e-05,2.711032342683718e-05,2.6555452960736887e-05,2.6555452960736887e-05,134.56956946889662
1791258120,2.6555452960736887e-05,2.6555452960736887e-05,2.6545914003227163e-05,2.6545914003227163e-05,32.45698987051749
1791258180,2.6545914003227163e-05,2.7376720186093135e-05,2.6545914003227163e-05,2.7127214961962188e-05,123.94995339953911
1791258240,2.7127214961962188e-05,2.8916908552620554e-05,2.7127214961962188e-05,2.8916908552620554e-05,192.81993729979578
1791258300,2.8916908552620554e-05,2.8916908552620554e-05,2.8375738960520838e-05,2.8375738960520838e-05,49.66180762990517
1791258480,2.8375738960520838e-05,2.8375738960520838e-05,2.7886480833092415e-05,2.813260077691708e-05,67.89628355079827
1791258600,2.813260077691708e-05,2.832103909377155e-05,2.813260077691708e-05,2.832103909377155e-05,58.66660181756402
1791258660,2.832103909377155e-05,3.002417402962331e-05,2.832103909377155e-05,2.9669869191453553e-05,225.7700589134224
1791258720,2.9669869191453553e-05,3.024739906308308e-05,2.9055530008833834e-05,2.970016199101171e-05,273.3647341447563
1791258780,2.970016199101171e-05,3.481891644726067e-05,2.970016199101171e-05,3.166676956584688e-05,633.7361078752448
1791258840,3.166676956584688e-05,3.483355028484654e-05,3.166676956584688e-05,3.387174057783395e-05,73.31410103211235
1791258900,3.387174057783395e-05,3.387174057783395e-05,3.259513065862104e-05,3.259513065862104e-05,319.1824766735105
1791258960,3.259513065862104e-05,3.259513065862104e-05,3.1603540623137046e-05,3.1603540623137046e-05,141.9256881674777
1791259020,3.1603540623137046e-05,3.1603540623137046e-05,3.008630800970174e-05,3.055093685176077e-05,189.90488769149061
1791259080,3.055093685176077e-05,3.1250720945976584e-05,3.055093685176077e-05,3.1250720945976584e-05,256.49554901747075
1791259200,3.1250720945976584e-05,3.2829864420752805e-05,3.1250720945976584e-05,3.2829864420752805e-05,94.56692117309751
1791259260,3.2829864420752805e-05,3.310968874457563e-05,3.2198671552185076e-05,3.310968874457563e-05,171.13375258859926
1791259320,3.310968874457563e-05,3.401012590838944e-05,3.310968874457563e-05,3.401012590838944e-05,69.144420787604
1791259380,3.401012590838944e-05,3.401012590838944e-05,3.340865568672112e-05,3.340865568672112e-05,58.6716343908931
1791259500,3.340865568672112e-05,3.3830047429062135e-05,3.3137371168678507e-05,3.3830047429062135e-05,41.790568323277206
1791259560,3.3830047429062135e-05,3.3830047429062135e-05,3.285500812836611e-05,3.285500812836611e-05,87.60234314010492
1791259620,3.285500812836611e-05,3.285500812836611e-05,3.2241178898889306e-05,3.2241178898889306e-05,69.92451656752243
1791259740,3.2241178898889306e-05,3.235922541389031e-05,3.0407797287882533e-05,3.0407797287882533e-05,288.71276872044393
1791259800,3.0407797287882533e-05,3.04160041286823e-05,3.0407797287882533e-05,3.04160041286823e-05,1.1800304458622402
1791259860,3.04160041286823e-05,3.3060071859378344e-05,3.04160041286823e-05,3.3060071859378344e-05,392.5461775931064
1791259920,3.3060071859378344e-05,3.365329638883169e-05,3.3060071859378344e-05,3.365329638883169e-05,58.684459858182095
1791259980,3.365329638883169e-05,3.3789268125259474e-05,3.33421132190778e-05,3.3789268125259474e-05,56.981416148316676
1791260040,3.3789268125259474e-05,3.402628496799296e-05,3.3789268125259474e-05,3.402628496799296e-05,35.571773774869
1791260220,3.402628496799296e-05,3.402628496799296e-05,3.376970731301961e-05,3.376970731301961e-05,1.9446782370899844
1791260280,3.376970731301961e-05,3.376970731301961e-05,3.3543008862091474e-05,3.3543008862091474e-05,55.56226209649415
1791260340,3.3543008862091474e-05,3.3543008862091474e-05,3.264275396644493e-05,3.264275396644493e-05,132.99879900599356
1791260400,3.264275396644493e-05,3.264275396644493e-05,3.21276957648412e-05,3.21276957648412e-05,39.28168741433238
1791260460,3.21276957648412e-05,3.2208722147334045e-05,3.1621193239478416e-05,3.2208722147334045e-05,100.5665073498501
1791260640,3.2208722147334045e-05,3.2668575979671794e-05,3.2208722147334045e-05,3.2668575979671794e-05,32.90066415262872
1791260820,3.2668575979671794e-05,3.2668575979671794e-05,3.2010231300952573e-05,3.206510743292727e-05,33.52733497273559
1791260940,3.206510743292727e-05,3.206510743292727e-05,3.198975022343104e-05,3.198975022343104e-05,1.8421771239545996
1791261000,3.198975022343104e-05,3.244533621080029e-05,3.198975022343104e-05,3.244533621080029e-05,3.907857403515467
1791261060,3.244533621080029e-05,3.2448549265189977e-05,3.244533621080029e-05,3.2448549265189977e-05,1.1750268296486843
1791261120,3.2448549265189977e-05,3.4021572040458545e-05,3.2448549265189977e-05,3.4021572040458545e-05,212.19278935579416
1791261240,3.4021572040458545e-05,3.443621053584735e-05,3.4021572040458545e-05,3.443621053584735e-05,88.54986718773252
1791261420,3.443621053584735e-05,3.443621053584735e-05,2.9801894207596453e-05,2.9801894207596453e-05,600.974945505524
1791261480,2.9801894207596453e-05,2.9907485803025947e-05,2.8733385712583547e-05,2.8733385712583547e-05,326.5249026612679
1791261540,2.8733385712583547e-05,2.9483105421223477e-05,2.78886193985476e-05,2.9483105421223477e-05,353.82215524445877
1791261600,2.9483105421223477e-05,3.150842463581355e-05,2.9483105421223477e-05,3.150842463581355e-05,196.87120133903912
1791261780,3.150842463581355e-05,3.1861034676083564e-05,3.150842463581355e-05,3.1861034676083564e-05,4.517197667086991
1791261840,3.1861034676083564e-05,3.1861034676083564e-05,3.161158489691366e-05,3.161158489691366e-05,54.5555460035353
1791261960,3.161158489691366e-05,3.219772406098718e-05,3.161158489691366e-05,3.219772406098718e-05,97.8619134317106
1791262020,3.219772406098718e-05,3.219772406098718e-05,2.778786082305549e-05,2.8184300831708465e-05,730.2400339268311
1791262080,2.8184300831708465e-05,2.8184300831708465e-05,2.8068388730217025e-05,2.8131235873381867e-05,16.02134664739835
1791262140,2.8131235873381867e-05,2.8131235873381867e-05,2.4875093283779852e-05,2.7362128034047587e-05,655.4943030074921
1791262200,2.7362128034047587e-05,2.7362128034047587e-05,2.5728961222854064e-05,2.577688561356176e-05,15.225273607212962
1791262260,2.577688561356176e-05,2.5860842169994037e-05,2.5396758572351593e-05,2.5396758572351593e-05,26.37728094233474
1791262320,2.5396758572351593e-05,2.5396758572351593e-05,2.537160543588339e-05,2.537160543588339e-05,6.0695920598349105
1791262380,2.537160543588339e-05,2.597844433622766e-05,2.537160543588339e-05,2.5822757652202032e-05,99.46240902462473
1791262560,2.5822757652202032e-05,2.5822757652202032e-05,2.5708097625652274e-05,2.5708097625652274e-05,2.5708097625652275
1791262740,2.5708097625652274e-05,2.6031788429831857e-05,2.5708097625652274e-05,2.6031788429831857e-05,2.290504031598238
1791262800,2.6031788429831857e-05,2.616001802856505e-05,2.6031788429831857e-05,2.616001802856505e-05,18.16499396999642
1791262980,2.616001802856505e-05,2.616001802856505e-05,2.573946277726286e-05,2.5967414883217073e-05,28.706715376264626
1791263040,2.5967414883217073e-05,2.5967414883217073e-05,2.554852505522525e-05,2.554852505522525e-05,32.34205586125001
1791263100,2.554852505522525e-05,2.5761995803184137e-05,2.554852505522525e-05,2.5761995803184137e-05,2.122303637251203
1791263280,2.5761995803184137e-05,2.588558759201512e-05,2.5761995803184137e-05,2.588558759201512e-05,17.020517088543354
1791263460,2.588558759201512e-05,2.588558759201512e-05,2.5308646782286185e-05,2.5308646782286185e-05,62.46187037362431
1791263760,2.5308646782286185e-05,2.540752576528173e-05,2.5014569185568996e-05,2.5014569185568996e-05,30.12489789485076
1791263820,2.5014569185568996e-05,2.5254876134604593e-05,2.5014569185568996e-05,2.5254876134604593e-05,1.7790447979679234
1791264180,2.5254876134604593e-05,2.5254876134604593e-05,2.486070093070323e-05,2.486070093070323e-05,22.52932361044047
1791264300,2.486070093070323e-05,2.7006245922132202e-05,2.486070093070323e-05,2.7006245922132202e-05,430.1745007107652
1791264360,2.7006245922132202e-05,2.712494699823863e-05,2.7006245922132202e-05,2.712494699823863e-05,16.159526974317945
1791264420,2.712494699823863e-05,2.7182606882076292e-05,2.712494699823863e-05,2.7182606882076292e-05,4.921256673959129
1791264540,2.7182606882076292e-05,2.7217876398146014e-05,2.6505304190372176e-05,2.6808586061667835e-05,75.2824875057709
1791264600,2.6808586061667835e-05,2.6808586061667835e-05,2.6349468972112525e-05,2.6349468972112525e-05,0.6925893329920465
1791264720,2.6349468972112525e-05,2.705773923688821e-05,2.6349468972112525e-05,2.705773923688821e-05,111.87350330543315
1791264840,2.705773923688821e-05,2.705773923688821e-05,2.6941865302014484e-05,2.6941865302014484e-05,46.61707375007165
1791264900,2.6941865302014484e-05,2.6941865302014484e-05,2.667872085912853e-05,2.667872085912853e-05,28.580189620097876
1791264960,2.667872085912853e-05,2.667872085912853e-05,2.6502627018491214e-05,2.6502627018491214e-05,24.848594113930407
1791265020,2.6502627018491214e-05,2.6502627018491214e-05,2.593202463016137e-05,2.593202463016137e-05,141.55008159505786
1791265080,2.593202463016137e-05,2.5974023507196226e-05,2.576951877610657e-05,2.576951877610657e-05,80.7031136608341
1791265260,2.576951877610657e-05,2.5971184972353836e-05,2.562405497096413e-05,2.5971184972353836e-05,40.232329609544564
1791265320,2.5971184972353836e-05,2.5971184972353836e-05,2.5712239077732967e-05,2.5712239077732967e-05,2.3998962042855996
1791265380,2.5712239077732967e-05,2.5712239077732967e-05,2.5098896194988916e-05,2.5098896194988916e-05,179.31499172284612
1791265560,2.5098896194988916e-05,2.529799804386444e-05,2.068307355237577e-05,2.1885696937457335e-05,1077.7143198387407
1791265620,2.1885696937457335e-05,2.222239391991698e-05,2.1359949506087843e-05,2.1359949506087843e-05,201.20398129168194
1791265680,2.1359949506087843e-05,2.1359949506087843e-05,2.113888996224793e-05,2.113888996224793e-05,0.8124176129167027
1791265740,2.113888996224793e-05,2.113888996224793e-05,1.880464287667466e-05,1.9638256094657915e-05,610.5737123313451
1791265800,1.9638256094657915e-05,1.9759655831220702e-05,1.9638256094657915e-05,1.9759655831220702e-05,29.29483001143417
1791265860,1.9759655831220702e-05,2.0009799363353844e-05,1.9585477954637524e-05,2.0009799363353844e-05,59.89862184119513
1791266040,2.0009799363353844e-05,2.0009799363353844e-05,1.9719993103251522e-05,1.9719993103251522e-05,59.28485006996328
1791266160,1.9719993103251522e-05,1.9868362585243236e-05,1.9719993103251522e-05,1.9868362585243236e-05,14.128428693040485
1791266280,1.9868362585243236e-05,2.002711876051334e-05,1.9868362585243236e-05,2.002711876051334e-05,20.707447888841532
1791266340,2.002711876051334e-05,2.153333614715818e-05,2.002711876051334e-05,2.1486214990073186e-05,244.20355301156582
1791266400,2.1486214990073186e-05,2.1688464598189645e-05,2.1486214990073186e-05,2.1688464598189645e-05,48.41123563836644
1791266460,2.1688464598189645e-05,2.1688464598189645e-05,2.0888960990540424e-05,2.0888960990540424e-05,125.6859741705472
1791266940,2.0888960990540424e-05,2.1052546526902508e-05,2.0888960990540424e-05,2.1052546526902508e-05,29.15455012925941
1791267060,2.1052546526902508e-05,2.1203147081426855e-05,2.084307708072246e-05,2.1203147081426855e-05,33.94979118780968
1791267180,2.1203147081426855e-05,2.2007107666885713e-05,2.1203147081426855e-05,2.178450353344426e-05,295.6402456631509
1791267360,2.178450353344426e-05,2.1809001512159468e-05,2.178450353344426e-05,2.1809001512159468e-05,3.350448745017814
1791267420,2.1809001512159468e-05,2.1809001512159468e-05,1.975443395040623e-05,2.0084287142126007e-05,350.96033599822346
1791267480,2.0084287142126007e-05,2.0084287142126007e-05,1.9867155993323383e-05,1.9867155993323383e-05,6.6886117152031614
1791267540,1.9867155993323383e-05,1.9867155993323383e-05,1.939262000647501e-05,1.939262000647501e-05,77.7965427760668
1791267720,1.939262000647501e-05,2.121895333393386e-05,1.939262000647501e-05,2.0939434173121823e-05,290.00568114863665
1791267780,2.0939434173121823e-05,2.259039671833462e-05,2.0939434173121823e-05,2.259039671833462e-05,256.6232945551375
1791267840,2.259039671833462e-05,2.286139696765045e-05,2.259039671833462e-05,2.286139696765045e-05,25.755951666757042
1791267900,2.286139696765045e-05,2.3282691204001856e-05,2.286139696765045e-05,2.3282691204001856e-05,97.7531563757903
1791267960,2.3282691204001856e-05,2.4013926863235717e-05,2.3282691204001856e-05,2.4013926863235717e-05,154.1486547734848
1791268080,2.4013926863235717e-05,2.4013926863235717e-05,2.2865245789946988e-05,2.3859140133242876e-05,136.58799245657715
1791268140,2.3859140133242876e-05,2.3859140133242876e-05,2.297830615328047e-05,2.297830615328047e-05,8.005666826722393
1791268320,2.297830615328047e-05,2.3021820630346603e-05,2.297830615328047e-05,2.3021820630346603e-05,1.1807281939002747
1791268560,2.3021820630346603e-05,2.3021820630346603e-05,2.249525346676618e-05,2.2669574525600965e-05,58.43567936008805
1791268620,2.2669574525600965e-05,2.2669574525600965e-05,2.20712376709869e-05,2.20712376709869e-05,61.92298618905874
1791268680,2.20712376709869e-05,2.20712376709869e-05,2.1707106352577767e-05,2.1707106352577767e-05,86.20881631435597
1791268740,2.1707106352577767e-05,2.1707106352577767e-05,2.096725978665038e-05,2.096725978665038e-05,10.778091859565352
1791268920,2.096725978665038e-05,2.096725978665038e-05,2.0352568940711604e-05,2.0352568940711604e-05,182.04677380872644
1791268980,2.0352568940711604e-05,2.0628902087460757e-05,2.007902693972152e-05,2.057550179428406e-05,102.19721900061951
1791269100,2.057550179428406e-05,2.3357393918973477e-05,2.03246204941149e-05,2.3357393918973477e-05,587.6597116372654
1791269160,2.3357393918973477e-05,2.4525361840063466e-05,2.3357393918973477e-05,2.4525361840063466e-05,168.89049115765138
1791269220,2.4525361840063466e-05,2.5597855433388552e-05,2.4525361840063466e-05,2.4899988279436802e-05,172.47134408931765
1791269280,2.4899988279436802e-05,2.5163510840559093e-05,2.4899988279436802e-05,2.5163510840559093e-05,1.1717502501811086
1791269340,2.5163510840559093e-05,2.5163510840559093e-05,2.4827821345502e-05,2.4827821345502e-05,4.872868621877033
1791269460,2.4827821345502e-05,2.5192500266782964e-05,2.4827821345502e-05,2.5192500266782964e-05,14.721180835546537
1791269580,2.5192500266782964e-05,2.5192500266782964e-05,2.404382170994754e-05,2.404382170994754e-05,259.34230373238154
1791269640,2.404382170994754e-05,2.404382170994754e-05,2.3940563180922705e-05,2.3940563180922705e-05,58.55060331817116
1791269700,2.3940563180922705e-05,2.3940563180922705e-05,2.3402617894337516e-05,2.3402617894337516e-05,126.60541311052165
1791269760,2.3402617894337516e-05,2.360520140243554e-05,2.3402617894337516e-05,2.360520140243554e-05,98.19907880874156
1791269940,2.360520140243554e-05,2.360520140243554e-05,2.3570188108807715e-05,2.3570188108807715e-05,21.79842577639179
1791270000,2.3570188108807715e-05,2.384039421599455e-05,2.3570188108807715e-05,2.384039421599455e-05,11.766173313811624
1791270060,2.384039421599455e-05,2.384039421599455e-05,2.2335188152535346e-05,2.2335188152535346e-05,367.4710268821465
1791270120,2.2335188152535346e-05,2.2335188152535346e-05,2.020068134140891e-05,2.0963436439274724e-05,436.0719270772145
1791270240,2.0963436439274724e-05,2.120549492391977e-05,2.0963436439274724e-05,2.120549492391977e-05,5.88525584607265
1791270360,2.120549492391977e-05,2.120549492391977e-05,2.0790757376088432e-05,2.0790757376088432e-05,36.627526047094996
1791270480,2.0790757376088432e-05,2.1047006585786377e-05,2.0790757376088432e-05,2.1047006585786377e-05,22.03960185405496
1791270540,2.1047006585786377e-05,2.1239453536619415e-05,2.1047006585786377e-05,2.1239453536619415e-05,39.638246779103795
1791270600,2.1239453536619415e-05,2.1239453536619415e-05,2.0993143785342005e-05,2.0993143785342005e-05,35.65398555329408
1791270900,2.0993143785342005e-05,2.0993143785342005e-05,2.0882191083074986e-05,2.0882191083074986e-05,3.9590397930291306
1791271020,2.0882191083074986e-05,2.0882191083074986e-05,2.0426573862443293e-05,2.0426573862443293e-05,91.57661838519724
1791271140,2.0426573862443293e-05,2.0426573862443293e-05,2.0282588523803804e-05,2.0282588523803804e-05,5.095755401736246
1791271200,2.0282588523803804e-05,2.0282588523803804e-05,1.994371303910129e-05,1.994371303910129e-05,99.71856519550646
1791271260,1.994371303910129e-05,1.994371303910129e-05,1.9561814426359267e-05,1.9561814426359267e-05,22.31151212741399
1791271500,1.9561814426359267e-05,1.9561814426359267e-05,1.951518026393429e-05,1.951518026393429e-05,2.1653318760848825
1791271620,1.951518026393429e-05,1.951518026393429e-05,1.9504121727105905e-05,1.9504121727105905e-05,3.3906326264070916
1791271740,1.9504121727105905e-05,2.074584973831819e-05,1.9504121727105905e-05,2.0518030051696787e-05,175.8864381905465
1791271800,2.0518030051696787e-05,2.0518030051696787e-05,2.016588913351179e-05,2.016588913351179e-05,106.53721446211601
1791271980,2.016588913351179e-05,2.016588913351179e-05,1.9564423668046047e-05,1.9564423668046047e-05,70.86556138841344
1791272040,1.9564423668046047e-05,1.9765069661688193e-05,1.9564423668046047e-05,1.9765069661688193e-05,18.006181704052533
1791272100,1.9765069661688193e-05,1.9765069661688193e-05,1.9537652817710455e-05,1.9537652817710455e-05,4.879278211506338
1791272280,1.9537652817710455e-05,1.978768848171697e-05,1.9537652817710455e-05,1.978768848171697e-05,1.9720408815446226
1791272340,1.978768848171697e-05,1.9964529662822134e-05,1.978768848171697e-05,1.9964529662822134e-05,56.043129299765965
1791272400,1.9964529662822134e-05,1.9964529662822134e-05,1.986484433537678e-05,1.986484433537678e-05,10.40745068348461
1791272520,1.986484433537678e-05,1.986484433537678e-05,1.975897154498085e-05,1.975897154498085e-05,19.12497674742148
1791272760,1.975897154498085e-05,1.975897154498085e-05,1.8482468093429293e-05,1.8482468093429293e-05,215.5875643007959
1791272820,1.8482468093429293e-05,1.872085851837141e-05,1.7505100796014526e-05,1.804457599591715e-05,196.27524205555287
1791272880,1.804457599591715e-05,1.8699646497721234e-05,1.804457599591715e-05,1.8699646497721234e-05,242.84945382615302
1791272940,1.8699646497721234e-05,2.0642466643793603e-05,1.8699646497721234e-05,2.0642466643793603e-05,298.397301369831
1791273000,2.0642466643793603e-05,2.0769786961472872e-05,2.0642466643793603e-05,2.0769786961472872e-05,14.639027656731608
1791273060,2.0769786961472872e-05,2.0769786961472872e-05,1.9654285638581657e-05,1.9654285638581657e-05,280.7846011996857
1791273240,1.9654285638581657e-05,1.9654285638581657e-05,1.879382178409994e-05,1.879382178409994e-05,14.820057028238013
1791273360,1.879382178409994e-05,1.879382178409994e-05,1.878677364332145e-05,1.878677364332145e-05,2.658305077446099
1791273420,1.878677364332145e-05,1.9173922890614906e-05,1.878677364332145e-05,1.88772739629491e-05,47.813872101718815
1791273480,1.88772739629491e-05,2.0333637228821816e-05,1.88772739629491e-05,2.0333637228821816e-05,325.3993687909438
1791273600,2.0333637228821816e-05,2.0509206059633166e-05,2.0333637228821816e-05,2.0509206059633166e-05,6.602323004486191
1791273660,2.0509206059633166e-05,2.0509206059633166e-05,2.0136489592870597e-05,2.02858712168212e-05,47.43284342338005
1791273780,2.02858712168212e-05,2.02858712168212e-05,1.9851097354379807e-05,1.995661999266048e-05,34.63353066681715
1791273840,1.995661999266048e-05,2.1176932605889977e-05,1.9742475518023254e-05,2.021445505525696e-05,235.66622362779978
1791273900,2.021445505525696e-05,2.092550542477673e-05,2.021445505525696e-05,2.092550542477673e-05,5.362502146410225
1791274020,2.092550542477673e-05,2.092550542477673e-05,2.0301345472102732e-05,2.0609174070622522e-05,122.79226177827152
1791274080,2.0609174070622522e-05,2.0609174070622522e-05,1.9557147282544768e-05,1.9557147282544768e-05,131.1798397772245
1791274140,1.9557147282544768e-05,1.9707734185923997e-05,1.9557147282544768e-05,1.9707734185923997e-05,22.732202434244194
1791274560,1.9707734185923997e-05,1.979724750706383e-05,1.9707734185923997e-05,1.979724750706383e-05,12.568074721153723
1791274680,1.979724750706383e-05,2.0749668460042287e-05,1.979724750706383e-05,2.0282569668268693e-05,151.24208124540965
1791274860,2.0282569668268693e-05,2.0730874842579882e-05,2.0282569668268693e-05,2.0730874842579882e-05,12.758973819114829
1791275160,2.0730874842579882e-05,2.0730874842579882e-05,1.9258565441806e-05,1.9258565441806e-05,213.82771909509358
1791275220,1.9258565441806e-05,1.9511593839227416e-05,1.9258565441806e-05,1.9511593839227416e-05,21.669509732399064
1791275280,1.9511593839227416e-05,1.9584132025016615e-05,1.9511593839227416e-05,1.9584132025016615e-05,1.184917015684497
1791275400,1.9584132025016615e-05,1.9584132025016615e-05,1.931632310211408e-05,1.931632310211408e-05,1.247856461075024
1791275580,1.931632310211408e-05,1.931632310211408e-05,1.8633079816447962e-05,1.9180121720108462e-05,220.49259657720953
1791275640,1.9180121720108462e-05,1.9211127516724698e-05,1.9180121720108462e-05,1.9211127516724698e-05,12.590303850889958
1791275700,1.9211127516724698e-05,1.9211127516724698e-05,1.8760604098053583e-05,1.8760604098053583e-05,130.6985507497722
1791275760,1.8760604098053583e-05,1.8760604098053583e-05,1.81235646871154e-05,1.8571478580783993e-05,89.26719209380698
1791275820,1.8571478580783993e-05,1.8571478580783993e-05,1.8559039190983883e-05,1.8559039190983883e-05,5.772522138548249
1791275880,1.8559039190983883e-05,1.8559039190983883e-05,1.7973410716782703e-05,1.7973410716782703e-05,191.49169738740494
1791275940,1.7973410716782703e-05,1.7973410716782703e-05,1.7652840061828913e-05,1.774466508731883e-05,24.090351633181204
1791276000,1.774466508731883e-05,1.8369807329946788e-05,1.7499553999352753e-05,1.7625575458647807e-05,333.67864222203525
1791276060,1.7625575458647807e-05,1.7730910637080758e-05,1.7410088621322084e-05,1.7410088621322084e-05,77.16905755327733
1791276120,1.7410088621322084e-05,1.7503551797796554e-05,1.73036898079333e-05,1.73036898079333e-05,12.884208562685311
1791276180,1.73036898079333e-05,1.7532696271071886e-05,1.73036898079333e-05,1.7532696271071886e-05,4.939284953492086
1791276300,1.7532696271071886e-05,1.7532696271071886e-05,1.6775136651045373e-05,1.6775136651045373e-05,50.09550133430414
1791276360,1.6775136651045373e-05,1.6896426127583668e-05,1.6408125027635542e-05,1.645335884978724e-05,119.90271890466889
1791276720,1.645335884978724e-05,1.645335884978724e-05,1.613944135731151e-05,1.613944135731151e-05,34.194420326199285
1791276780,1.613944135731151e-05,1.651427633966897e-05,1.613944135731151e-05,1.651427633966897e-05,49.872284187645974
1791276840,1.651427633966897e-05,1.6709046021206765e-05,1.651427633966897e-05,1.65520521392938e-05,65.83072013650418
1791276900,1.65520521392938e-05,1.7005187576587798e-05,1.65520521392938e-05,1.7005187576587798e-05,71.23890415974938
1791277020,1.7005187576587798e-05,1.7169888685195814e-05,1.7005187576587798e-05,1.7169888685195814e-05,18.085236848624017
1791277080,1.7169888685195814e-05,1.7443066351405085e-05,1.7169888685195814e-05,1.7443066351405085e-05,47.59691085407419
1791277140,1.7443066351405085e-05,1.751782682767462e-05,1.7443066351405085e-05,1.751782682767462e-05,9.522380193992952
1791277200,1.751782682767462e-05,1.7631400276460704e-05,1.751782682767462e-05,1.7631400276460704e-05,34.7315919762152
1791277440,1.7631400276460704e-05,1.7631400276460704e-05,1.7287952115703894e-05,1.757820063991222e-05,79.80142865132908
1791277500,1.757820063991222e-05,1.757820063991222e-05,1.744312589876123e-05,1.744312589876123e-05,0.09525832881625879
1791277680,1.744312589876123e-05,1.8240488243158944e-05,1.744312589876123e-05,1.793053012283387e-05,107.0491843655693
1791278040,1.793053012283387e-05,2.152287343737134e-05,1.793053012283387e-05,2.1108316473305155e-05,715.2627329015543
1791278100,2.1108316473305155e-05,2.13286793856511e-05,2.1094889219410173e-05,2.1094889219410173e-05,21.378606909605892
1791278160,2.1094889219410173e-05,2.1094889219410173e-05,2.109305962749347e-05,2.109305962749347e-05,3.5008233550058963
1791278220,2.109305962749347e-05,2.147029415843909e-05,2.079719564992894e-05,2.079719564992894e-05,96.49402579866114
1791278280,2.079719564992894e-05,2.1470414428478222e-05,2.079719564992894e-05,2.1445724609697744e-05,207.88234420207883
1791278340,2.1445724609697744e-05,2.1445724609697744e-05,2.095701712515057e-05,2.125176984333021e-05,118.1416094794543
1791278580,2.125176984333021e-05,2.125176984333021e-05,2.054812235278207e-05,2.054812235278207e-05,128.14222662785437
1791278640,2.054812235278207e-05,2.054812235278207e-05,2.0219348312857646e-05,2.0219348312857646e-05,22.455539442777994
1791278700,2.0219348312857646e-05,2.0219348312857646e-05,2.014776912863166e-05,2.014776912863166e-05,5.009118618142764
1791279060,2.014776912863166e-05,2.014776912863166e-05,1.9659511738508027e-05,1.9659511738508027e-05,96.42687727341618
1791279240,1.9659511738508027e-05,1.9659511738508027e-05,1.93411630197945e-05,1.93411630197945e-05,3.8424928510923393
1791279300,1.93411630197945e-05,1.93411630197945e-05,1.929033210566107e-05,1.929033210566107e-05,13.313372161553076
1791279360,1.929033210566107e-05,1.929033210566107e-05,1.9189141727012557e-05,1.9189141727012557e-05,28.05173298128942
1791279600,1.9189141727012557e-05,1.9189141727012557e-05,1.9070847430287834e-05,1.9070847430287834e-05,19.468379327911297
1791279720,1.9070847430287834e-05,1.9254036569402108e-05,1.8961669674813097e-05,1.9254036569402108e-05,41.7837885077145
1791279780,1.9254036569402108e-05,2.0334887259882443e-05,1.9254036569402108e-05,1.9633241031897796e-05,181.48557708172606
1791279840,1.9633241031897796e-05,2.0446874120381598e-05,1.9633241031897796e-05,2.0446874120381598e-05,1.8787692964288354
1791279900,2.0446874120381598e-05,2.0529538616281285e-05,2.0446874120381598e-05,2.0529538616281285e-05,26.384191271274798
1791279960,2.0529538616281285e-05,2.0529538616281285e-05,2.029965542740322e-05,2.029965542740322e-05,26.088749559759698
1791280140,2.029965542740322e-05,2.0481618133959985e-05,2.029965542740322e-05,2.0481618133959985e-05,1.1802266654615512
1791280380,2.0481618133959985e-05,2.0481618133959985e-05,1.9536005909925158e-05,1.9536005909925158e-05,137.9853861459175
1791280500,1.9536005909925158e-05,1.9536005909925158e-05,1.9269357254228863e-05,1.9269357254228863e-05,46.291644898447224
1791280560,1.9269357254228863e-05,1.967747999481506e-05,1.9269357254228863e-05,1.9624440624008353e-05,56.30482675398194
1791280680,1.9624440624008353e-05,1.9784833770632708e-05,1.9599250173520636e-05,1.9599250173520636e-05,37.39018330964516
1791280740,1.9599250173520636e-05,2.0165882610545506e-05,1.9599250173520636e-05,2.0165882610545506e-05,65.31447664391013
1791280800,2.0165882610545506e-05,2.021677749186202e-05,1.994580072208211e-05,2.0197521849031794e-05,9.286960008205643
1791280860,2.0197521849031794e-05,2.0197521849031794e-05,1.876012238359671e-05,1.876012238359671e-05,366.56878376816127
1791280980,1.876012238359671e-05,1.876012238359671e-05,1.7530110679653756e-05,1.7530110679653756e-05,89.43934020230577
1791281040,1.7530110679653756e-05,2.047243853477423e-05,1.7530110679653756e-05,1.8825704832541328e-05,536.9292988353352
1791281100,1.8825704832541328e-05,2.2724156104664495e-05,1.8825704832541328e-05,2.237573825138558e-05,357.71068978680245
1791281160,2.237573825138558e-05,2.3612373897881752e-05,2.191654456090718e-05,2.1977856977333138e-05,391.6744490363412
1791281220,2.1977856977333138e-05,2.3160507467545614e-05,2.1977856977333138e-05,2.2836782752272853e-05,198.80030850674976
1791281280,2.2836782752272853e-05,2.2842367620757822e-05,2.2076987932284354e-05,2.2076987932284354e-05,135.11331054305728
1791281340,2.2076987932284354e-05,2.225631156280337e-05,2.184728682512339e-05,2.225631156280337e-05,26.321890388121105
1791281520,2.225631156280337e-05,2.225631156280337e-05,2.174900392425277e-05,2.19570551495201e-05,65.54102585690443
1791281580,2.19570551495201e-05,2.19570551495201e-05,2.1200992766523452e-05,2.1200992766523452e-05,151.8066430789173
1791281700,2.1200992766523452e-05,2.1200992766523452e-05,2.061959924774419e-05,2.061959924774419e-05,31.64673047669329
1791281940,2.061959924774419e-05,2.2152804120870165e-05,2.061959924774419e-05,2.2152804120870165e-05,249.71650278576672
1791282180,2.2152804120870165e-05,2.2152804120870165e-05,2.1433857276804327e-05,2.154986209568555e-05,140.64874008412048
1791282240,2.154986209568555e-05,2.154986209568555e-05,2.1240716784673435e-05,2.1240716784673435e-05,11.440636512569078
1791282300,2.1240716784673435e-05,2.1525998459222295e-05,2.1240716784673435e-05,2.1525998459222295e-05,7.105495406212479
1791282540,2.1525998459222295e-05,2.1525998459222295e-05,2.1283515598360027e-05,2.1283515598360027e-05,18.872477036899195
1791282780,2.1283515598360027e-05,2.1283515598360027e-05,2.116205916615683e-05,2.116205916615683e-05,6.624293925982858
1791282840,2.116205916615683e-05,2.116205916615683e-05,2.06783494570894e-05,2.06783494570894e-05,148.06433123500597
1791282960,2.06783494570894e-05,2.06783494570894e-05,2.060218579004834e-05,2.060218579004834e-05,35.59294666202641
1791283020,2.060218579004834e-05,2.0712747346156173e-05,2.060218579004834e-05,2.0712747346156173e-05,13.705823792892291
1791283080,2.0712747346156173e-05,2.0825577078539825e-05,2.0712747346156173e-05,2.0825577078539825e-05,19.587883164657082
1791283140,2.0825577078539825e-05,2.0825577078539825e-05,2.0511019864178638e-05,2.0511019864178638e-05,38.34447073885124
1791283440,2.0511019864178638e-05,2.075519789537292e-05,2.0511019864178638e-05,2.075519789537292e-05,5.529925126122776
1791283620,2.075519789537292e-05,2.075519789537292e-05,2.075282135071731e-05,2.075282135071731e-05,1.1885492469847088
1791283680,2.075282135071731e-05,2.075282135071731e-05,2.050106360186456e-05,2.050106360186456e-05,1.522098471771535
1791283800,2.050106360186456e-05,2.050106360186456e-05,2.030728343684718e-05,2.030728343684718e-05,58.13025599247055
1791283860,2.030728343684718e-05,2.030728343684718e-05,1.94096999418825e-05,1.94096999418825e-05,127.84936718188747
1791283920,1.94096999418825e-05,2.1831475065314423e-05,1.94096999418825e-05,2.1831475065314423e-05,358.6728010551673
1791283980,2.1831475065314423e-05,2.1831475065314423e-05,2.137685570545836e-05,2.137685570545836e-05,56.13916755106
1791284040,2.137685570545836e-05,2.137685570545836e-05,2.0415645963456302e-05,2.0457405718609212e-05,128.95392101892313
1791284160,2.0457405718609212e-05,2.077053460129233e-05,2.0457405718609212e-05,2.077053460129233e-05,22.70504870505281
1791284400,2.077053460129233e-05,2.077053460129233e-05,2.076602929636774e-05,2.076602929636774e-05,1.172749126920606
1791284520,2.076602929636774e-05,2.078139733698163e-05,2.076602929636774e-05,2.078139733698163e-05,1.173207027094186
1791284580,2.078139733698163e-05,2.0806952068082436e-05,2.078139733698163e-05,2.0806952068082436e-05,1.7763462128722873
1791284640,2.0806952068082436e-05,2.0806952068082436e-05,2.022158878471267e-05,2.0347787067022505e-05,50.66136242359584
1791284700,2.0347787067022505e-05,2.0347787067022505e-05,2.022013437831416e-05,2.022013437831416e-05,1.511941338545719
1791284940,2.022013437831416e-05,2.022013437831416e-05,1.957785095029881e-05,1.957785095029881e-05,110.08177861810842
1791285060,1.957785095029881e-05,1.957785095029881e-05,1.9470150186775754e-05,1.9470150186775754e-05,10.884515137852272
1791285120,1.9470150186775754e-05,2.009087710595089e-05,1.9470150186775754e-05,2.009087710595089e-05,140.95643707978803
1791285180,2.009087710595089e-05,2.1070722603004695e-05,2.009087710595089e-05,2.1070722603004695e-05,95.86899790545276
1791285300,2.1070722603004695e-05,2.1070722603004695e-05,2.0469020036311298e-05,2.085146032912117e-05,127.18516195374205
1791285420,2.085146032912117e-05,2.1083161296341326e-05,2.085146032912117e-05,2.1083161296341326e-05,24.604335756428902
1791285540,2.1083161296341326e-05,2.8875709320077982e-05,2.1083161296341326e-05,2.7152065281695404e-05,1753.7177674041818
1791285600,2.7152065281695404e-05,3.092168783250124e-05,2.7152065281695404e-05,3.054786826406723e-05,476.2103277771955
1791285660,3.054786826406723e-05,3.5198217115433505e-05,3.0091606829852515e-05,3.1566492353285795e-05,1156.839617213043
1791285720,3.1566492353285795e-05,3.2288329490272644e-05,3.13880320243586e-05,3.21063828162102e-05,247.96702741023483
1791285780,3.21063828162102e-05,3.2313530434768924e-05,3.21063828162102e-05,3.2313530434768924e-05,9.501002650029765
1791285840,3.2313530434768924e-05,3.2313530434768924e-05,3.185077240318966e-05,3.191869776353586e-05,12.294908595936198
1791285900,3.191869776353586e-05,3.191869776353586e-05,3.131286894306904e-05,3.131286894306904e-05,98.20272109963186
1791285960,3.131286894306904e-05,3.131286894306904e-05,3.0835893996023523e-05,3.105511096348815e-05,60.18936674928902
1791286020,3.105511096348815e-05,3.105511096348815e-05,3.064760136799176e-05,3.064760136799176e-05,2.6088897883309214
1791286080,3.064760136799176e-05,3.064760136799176e-05,3.058191611835371e-05,3.058191611835371e-05,7.725008116789468
1791286200,3.058191611835371e-05,3.109030918096684e-05,3.058191611835371e-05,3.109030918096684e-05,23.740053398819924
1791286440,3.109030918096684e-05,3.109030918096684e-05,3.0467186916990086e-05,3.0467186916990086e-05,41.415948217132666
1791286500,3.0467186916990086e-05,3.0467186916990086e-05,2.915659778608379e-05,3.0031199408788517e-05,310.0076537924731
1791286560,3.0031199408788517e-05,3.0031199408788517e-05,2.9588761426109526e-05,2.9588761426109526e-05,80.38052343433786
1791286680,2.9588761426109526e-05,2.9688369572280467e-05,2.9588761426109526e-05,2.9688369572280467e-05,0.9226055636665239
1791286740,2.9688369572280467e-05,2.9688369572280467e-05,2.888446599518487e-05,2.888446599518487e-05,116.70160196533159
1791286800,2.888446599518487e-05,2.888446599518487e-05,2.886099252211257e-05,2.886099252211257e-05,5.9277304608609285
1791286860,2.886099252211257e-05,2.886099252211257e-05,2.852424257670102e-05,2.852424257670102e-05,7.007509571497032
1791287040,2.852424257670102e-05,2.852424257670102e-05,2.7660194742360587e-05,2.7660194742360587e-05,220.92142471563164
1791287220,2.7660194742360587e-05,2.7660194742360587e-05,2.646152746479161e-05,2.646152746479161e-05,113.46796314213317
1791287280,2.646152746479161e-05,2.646152746479161e-05,2.4788164827514932e-05,2.5130737067954808e-05,312.1524212655181
1791287340,2.5130737067954808e-05,2.559743950273434e-05,2.5130737067954808e-05,2.559743950273434e-05,60.390423953644365
1791287580,2.559743950273434e-05,2.56769354382057e-05,2.559743950273434e-05,2.56769354382057e-05,15.316889652505532
1791287640,2.56769354382057e-05,2.985705785596852e-05,2.56769354382057e-05,2.985705785596852e-05,598.9353333258038
1791287700,2.985705785596852e-05,2.985705785596852e-05,2.9133319273048114e-05,2.9133319273048114e-05,71.86484282459625
1791287820,2.9133319273048114e-05,2.9133319273048114e-05,2.7357868427025657e-05,2.7357868427025657e-05,286.506834293397
1791287880,2.7357868427025657e-05,2.7357868427025657e-05,2.7014182201221046e-05,2.7014182201221046e-05,6.638809788196327
1791288000,2.7014182201221046e-05,2.735685036352934e-05,2.7014182201221046e-05,2.735685036352934e-05,7.12660867433595
1791288060,2.735685036352934e-05,2.7462205978514853e-05,2.735685036352934e-05,2.7462205978514853e-05,17.913700621703693
1791288180,2.7462205978514853e-05,2.7462205978514853e-05,2.66899238512861e-05,2.66899238512861e-05,81.60387967830233
1791288240,2.66899238512861e-05,2.6975581684944737e-05,2.628363658942872e-05,2.6337499433626954e-05,132.55514409269205
1791288300,2.6337499433626954e-05,2.6707298598428125e-05,2.6337499433626954e-05,2.6707298598428125e-05,94.09384290584178
1791288420,2.6707298598428125e-05,2.710509302276187e-05,2.6707298598428125e-05,2.710509302276187e-05,12.417319455217294
1791288540,2.710509302276187e-05,2.7909704872732468e-05,2.710509302276187e-05,2.7909704872732468e-05,115.10362477458678
1791288600,2.7909704872732468e-05,2.8592562287132006e-05,2.7099326943215362e-05,2.7099326943215362e-05,333.9937032770139
1791288660,2.7099326943215362e-05,2.7385595411999594e-05,2.7099326943215362e-05,2.7385595411999594e-05,32.501613932339346
1791288720,2.7385595411999594e-05,2.7385595411999594e-05,2.6043403349011026e-05,2.6043403349011026e-05,177.0671500049352
1791288780,2.6043403349011026e-05,2.6141894385152896e-05,2.6043403349011026e-05,2.6141894385152896e-05,0.7519454233775218
1791288900,2.6141894385152896e-05,2.6170034660543595e-05,2.6141894385152896e-05,2.6170034660543595e-05,4.8369335487958605
1791289020,2.6170034660543595e-05,2.6170034660543595e-05,2.555090710495601e-05,2.555090710495601e-05,51.309101778962514
1791289080,2.555090710495601e-05,2.5792896434096946e-05,2.555090710495601e-05,2.5792896434096946e-05,2.9252385165714685
1791289140,2.5792896434096946e-05,2.586887263840547e-05,2.5792896434096946e-05,2.586887263840547e-05,19.34737493433741
1791289200,2.586887263840547e-05,2.586887263840547e-05,2.5466761537646958e-05,2.5466761537646958e-05,49.190028966929965
1791289260,2.5466761537646958e-05,2.5466761537646958e-05,2.450413034922073e-05,2.450413034922073e-05,225.8940929592417
1791289320,2.450413034922073e-05,2.450413034922073e-05,2.347366325439648e-05,2.347366325439648e-05,82.70125765598056
1791289440,2.347366325439648e-05,2.347366325439648e-05,2.3130948757055463e-05,2.3130948757055463e-05,21.672139924186308
1791289500,2.3130948757055463e-05,2.3130948757055463e-05,2.2566098067665503e-05,2.2566098067665503e-05,145.0353904970947
1791289680,2.2566098067665503e-05,2.2566098067665503e-05,2.203901202095417e-05,2.203901202095417e-05,15.572076302840934
1791289740,2.203901202095417e-05,2.2996146982456725e-05,2.203901202095417e-05,2.2996146982456725e-05,144.53519366615996
1791289800,2.2996146982456725e-05,2.4665373355433587e-05,2.2996146982456725e-05,2.4665373355433587e-05,223.8142593005006
1791290040,2.4665373355433587e-05,2.4754838317198233e-05,2.4665373355433587e-05,2.4754838317198233e-05,19.72974580763467
1791290100,2.4754838317198233e-05,2.492521549681615e-05,2.4054155914720866e-05,2.4054155914720866e-05,135.54475109885286
1791290160,2.4054155914720866e-05,2.4290903937185452e-05,2.4054155914720866e-05,2.4290903937185452e-05,0.41616707212046833
1791290220,2.4290903937185452e-05,2.4341623807521758e-05,2.428535115262701e-05,2.4341623807521758e-05,17.987870386119372
1791290280,2.4341623807521758e-05,2.440156096822273e-05,2.3888427745594176e-05,2.3888427745594176e-05,36.12310390487685
1791290520,2.3888427745594176e-05,2.4287690404297222e-05,2.3888427745594176e-05,2.4287690404297222e-05,27.638440548801945
1791290820,2.4287690404297222e-05,2.591023723872394e-05,2.4287690404297222e-05,2.5005798142202454e-05,327.6246730587525
1791290880,2.5005798142202454e-05,2.5005798142202454e-05,2.4813588724939067e-05,2.4813588724939067e-05,44.0156471858788
1791291000,2.4813588724939067e-05,2.4813588724939067e-05,2.3868208554921717e-05,2.3868208554921717e-05,132.78779008926293
1791291060,2.3868208554921717e-05,2.3868208554921717e-05,2.3793264313220115e-05,2.3793264313220115e-05,0.7798191409916744
1791291180,2.3793264313220115e-05,2.3793264313220115e-05,2.3394373911877006e-05,2.3394373911877006e-05,82.35096480956872
1791291360,2.3394373911877006e-05,2.3394373911877006e-05,2.295357222899498e-05,2.295357222899498e-05,86.70777784783827
1791291480,2.295357222899498e-05,2.295357222899498e-05,2.268399823323239e-05,2.268399823323239e-05,1.722607541580498
1791291540,2.268399823323239e-05,2.268399823323239e-05,2.2137765175215766e-05,2.2474578676753836e-05,111.99792784856209
1791291780,2.2474578676753836e-05,2.2474578676753836e-05,2.2173705044732594e-05,2.2173705044732594e-05,25.232807995488965
1791291900,2.2173705044732594e-05,2.2173705044732594e-05,2.188868375020371e-05,2.188868375020371e-05,50.06123763443105
1791291960,2.188868375020371e-05,2.3572621062927693e-05,2.188868375020371e-05,2.3506345528334455e-05,281.55137466984934
1791292020,2.3506345528334455e-05,2.3855747649028887e-05,2.3506345528334455e-05,2.3855747649028887e-05,14.534448523051982
1791292080,2.3855747649028887e-05,2.389283898893561e-05,2.3855747649028887e-05,2.389283898893561e-05,1.1876562696805775
1791292140,2.389283898893561e-05,2.389283898893561e-05,2.2892252825765833e-05,2.2980155273851326e-05,145.7255063755265
1791292200,2.2980155273851326e-05,2.2994563138293833e-05,2.2980155273851326e-05,2.2994563138293833e-05,0.05931584753984946
1791292260,2.2994563138293833e-05,2.3200548649449702e-05,2.299068883191729e-05,2.3200548649449702e-05,59.76590786104605
1791292320,2.3200548649449702e-05,2.6403992286923552e-05,2.3200548649449702e-05,2.4296443673335334e-05,508.4531920605404
1791292500,2.4296443673335334e-05,2.6923008587687984e-05,2.4296443673335334e-05,2.6923008587687984e-05,109.02127476391466
1791292560,2.6923008587687984e-05,2.7342395085660914e-05,2.6472475903118257e-05,2.7342395085660914e-05,117.99416911107932
1791292620,2.7342395085660914e-05,2.7342395085660914e-05,2.5455538121421866e-05,2.5455538121421866e-05,123.68409787794745
1791292680,2.5455538121421866e-05,2.5754533249051108e-05,2.5455538121421866e-05,2.5754533249051108e-05,21.8245316700734
1791292800,2.5754533249051108e-05,2.5891077951887383e-05,2.5754533249051108e-05,2.5891077951887383e-05,12.89617895482956
1791292860,2.5891077951887383e-05,2.5954487523440982e-05,2.5891077951887383e-05,2.5954487523440982e-05,3.995947216841111
1791293040,2.5954487523440982e-05,2.5954487523440982e-05,2.563003738113913e-05,2.563003738113913e-05,1.4885957886401935
1791293100,2.563003738113913e-05,2.563003738113913e-05,2.558331875249982e-05,2.558331875249982e-05,17.895273075854224
1791293160,2.558331875249982e-05,2.558331875249982e-05,2.530310997671687e-05,2.530310997671687e-05,58.197152946448796
1791293220,2.530310997671687e-05,2.584352490337126e-05,2.530310997671687e-05,2.584352490337126e-05,118.2474557628297
1791293400,2.584352490337126e-05,2.5908864392076417e-05,2.584352490337126e-05,2.5908864392076417e-05,2.174295265899676
1791293580,2.5908864392076417e-05,2.5908864392076417e-05,2.5854339488413086e-05,2.5854339488413086e-05,21.909108020604105
1791293700,2.5854339488413086e-05,2.639744522854206e-05,2.5854339488413086e-05,2.639744522854206e-05,59.15727476634126
1791294000,2.639744522854206e-05,2.659503240641881e-05,2.6259386496724643e-05,2.6259386496724643e-05,4.790952771348783
1791294300,2.6259386496724643e-05,2.6259386496724643e-05,2.4641687975829046e-05,2.4641687975829046e-05,8.521852776925614
1791294420,2.4641687975829046e-05,2.4641687975829046e-05,2.455399284213685e-05,2.455399284213685e-05,9.865692266047992
1791294660,2.455399284213685e-05,2.4569620997265968e-05,2.455399284213685e-05,2.4569620997265968e-05,1.7786668611632892
1791294840,2.4569620997265968e-05,2.4569620997265968e-05,2.428194560684074e-05,2.428194560684074e-05,82.47938011834368
1791294900,2.428194560684074e-05,2.428194560684074e-05,2.3988758628907288e-05,2.3988758628907288e-05,5.426137908544863
1791295020,2.3988758628907288e-05,2.3988758628907288e-05,2.387710525214721e-05,2.387710525214721e-05,16.701794425201864
1791295140,2.387710525214721e-05,2.387710525214721e-05,2.3314113798894316e-05,2.3630979362517186e-05,95.97848556435018
1791295260,2.3630979362517186e-05,2.3630979362517186e-05,2.3059474495100787e-05,2.3059474495100787e-05,49.783387929215756
1791295800,2.3059474495100787e-05,2.3059474495100787e-05,2.2552075234260987e-05,2.2552075234260987e-05,93.11237393366034
1791295980,2.2552075234260987e-05,2.2552075234260987e-05,1.945494037302155e-05,1.945494037302155e-05,467.6572626136774
1791296040,1.945494037302155e-05,1.9734641769250018e-05,1.945494037302155e-05,1.9734641769250018e-05,4.960190055547739
1791296100,1.9734641769250018e-05,1.9734641769250018e-05,1.940634633147135e-05,1.940634633147135e-05,33.52697897785781
1791296160,1.940634633147135e-05,2.4512110849550437e-05,1.940634633147135e-05,2.4512110849550437e-05,802.5019216085169
1791296220,2.4512110849550437e-05,2.4512110849550437e-05,2.3038722260440436e-05,2.3038722260440436e-05,384.1161202488318
1791296280,2.3038722260440436e-05,2.4491956285168887e-05,2.3027773514935987e-05,2.4491956285168887e-05,373.9426855571719
1791296460,2.4491956285168887e-05,2.4544896827409283e-05,2.4491956285168887e-05,2.4544896827409283e-05,11.811247316950459
1791296640,2.4544896827409283e-05,2.4544896827409283e-05,2.3559400734561477e-05,2.4266753501003662e-05,141.82793934551404
1791296700,2.4266753501003662e-05,2.4266753501003662e-05,2.3617328817737325e-05,2.3617328817737325e-05,3.4421023425891972
1791296760,2.3617328817737325e-05,2.3617328817737325e-05,2.312110242137531e-05,2.312110242137531e-05,76.62601306742343
1791296820,2.312110242137531e-05,2.3419208729774134e-05,2.311881756842123e-05,2.311881756842123e-05,71.6118043393818
1791297000,2.311881756842123e-05,2.311881756842123e-05,2.2615574397619688e-05,2.2886915907535305e-05,83.54193211772372
1791297060,2.2886915907535305e-05,2.4596329137259097e-05,2.2886915907535305e-05,2.41096472506293e-05,280.9693142290483
1791297240,2.41096472506293e-05,2.468810792410641e-05,2.41096472506293e-05,2.468810792410641e-05,9.92833241080781
1791297300,2.468810792410641e-05,2.468810792410641e-05,2.3584782990640555e-05,2.3757912508827312e-05,144.35220862168927
1791297780,2.3757912508827312e-05,2.3757912508827312e-05,2.3448701888775795e-05,2.3448701888775795e-05,13.987696475275907
1791297840,2.3448701888775795e-05,2.54304537286658e-05,2.3448701888775795e-05,2.4453880756629356e-05,277.2492454755316
1791297900,2.4453880756629356e-05,2.568357972549583e-05,2.4453880756629356e-05,2.568357972549583e-05,34.575745243333
1791297960,2.568357972549583e-05,2.5855058179898727e-05,2.568357972549583e-05,2.5855058179898727e-05,14.859952336224538
1791298080,2.5855058179898727e-05,2.5855058179898727e-05,2.52050919404619e-05,2.5560020193703347e-05,59.11851898535201
1791298140,2.5560020193703347e-05,2.5560020193703347e-05,2.3429011869270248e-05,2.3429011869270248e-05,506.85976265857164
1791298200,2.3429011869270248e-05,2.3429011869270248e-05,2.2114373881053554e-05,2.2114373881053554e-05,2.991983693285315
1791298260,2.2114373881053554e-05,2.2293760033283245e-05,2.2114373881053554e-05,2.2293760033283245e-05,48.41259127149562
1791298500,2.2293760033283245e-05,2.2293760033283245e-05,2.2075429233243043e-05,2.2075429233243043e-05,37.0717499827915
1791298560,2.2075429233243043e-05,2.23709667459748e-05,2.2075429233243043e-05,2.23709667459748e-05,36.56090620500416
1791298680,2.23709667459748e-05,2.23709667459748e-05,2.1527378094987823e-05,2.1527378094987823e-05,213.26490721366514
1791298740,2.1527378094987823e-05,2.1527378094987823e-05,2.0795817821183163e-05,2.0823290528684623e-05,8.873699593625394
1791298800,2.0823290528684623e-05,2.2235239032612463e-05,2.0823290528684623e-05,2.2235239032612463e-05,205.80744155922693
1791298860,2.2235239032612463e-05,2.2235239032612463e-05,2.1686080175372182e-05,2.2218515314039923e-05,189.89103463318824
1791298920,2.2218515314039923e-05,2.2542796305676216e-05,2.2218515314039923e-05,2.2542796305676216e-05,62.059376096795
1791298980,2.2542796305676216e-05,2.2786151426772785e-05,2.250491871050049e-05,2.250491871050049e-05,7.127748434726268
1791299400,2.250491871050049e-05,2.250491871050049e-05,2.1901896260349055e-05,2.1901896260349055e-05,95.68263483319807
1791299460,2.1901896260349055e-05,2.1901896260349055e-05,2.041658098424678e-05,2.041658098424678e-05,453.07238183088566
1791299520,2.041658098424678e-05,2.041658098424678e-05,1.905434717781273e-05,1.9583756840347415e-05,69.80072965942334
1791299700,1.9583756840347415e-05,1.9663400284622778e-05,1.8421161208196916e-05,1.8421161208196916e-05,191.778426880298
1791299880,1.8421161208196916e-05,1.8806662094105106e-05,1.8421161208196916e-05,1.8806662094105106e-05,50.511359603060626
1791299940,1.8806662094105106e-05,2.0020486409490923e-05,1.8806662094105106e-05,2.0020486409490923e-05,402.81264151419344
1791300120,2.0020486409490923e-05,2.1515231853006537e-05,2.0020486409490923e-05,2.1515231853006537e-05,58.0146779556095
1791300180,2.1515231853006537e-05,2.206489268661109e-05,2.0658297560030053e-05,2.206489268661109e-05,310.6300186540987
1791300240,2.206489268661109e-05,2.244049781175032e-05,2.1081535083267124e-05,2.1081535083267124e-05,332.723758023328
1791300480,2.1081535083267124e-05,2.1081535083267124e-05,2.0976857930801543e-05,2.0976857930801543e-05,1.7445310493237183
1791300600,2.0976857930801543e-05,2.0976857930801543e-05,2.084854709954016e-05,2.084854709954016e-05,32.30674858223029
1791301260,2.084854709954016e-05,2.084854709954016e-05,2.0632109315391833e-05,2.0632109315391833e-05,11.059846105267587
1791301320,2.0632109315391833e-05,2.0632109315391833e-05,2.0537606664988255e-05,2.0537606664988255e-05,17.71690472717384
1791301440,2.0537606664988255e-05,2.0537606664988255e-05,2.0446250559777486e-05,2.0446250559777486e-05,9.316514624700535
1791301500,2.0446250559777486e-05,2.0446250559777486e-05,2.0384337477621315e-05,2.0384337477621315e-05,9.89919725602803
1791301620,2.0384337477621315e-05,2.0384337477621315e-05,1.971100236089858e-05,1.971100236089858e-05,109.87714470014663
1791301680,1.971100236089858e-05,1.971100236089858e-05,1.5888375129235896e-05,1.6139167989268928e-05,918.2886967968194
1791301740,1.6139167989268928e-05,1.6721979196956535e-05,1.6139167989268928e-05,1.6721979196956535e-05,109.94307232261083
1791301800,1.6721979196956535e-05,1.6769948895280552e-05,1.6721979196956535e-05,1.6769948895280552e-05,8.256748911611508
1791301920,1.6769948895280552e-05,1.6871065309025205e-05,1.6514881664672935e-05,1.6871065309025205e-05,72.17938753286711
1791302100,1.6871065309025205e-05,1.7170041174992455e-05,1.6871065309025205e-05,1.691773693275871e-05,54.08220458194068
1791302520,1.691773693275871e-05,1.7046750228070886e-05,1.691773693275871e-05,1.7046750228070886e-05,0.9870402107645998
1791302580,1.7046750228070886e-05,1.9341117352792767e-05,1.7046750228070886e-05,1.8220707640043e-05,405.67047784154937
1791302640,1.8220707640043e-05,1.9723551534519865e-05,1.8220707640043e-05,1.9723551534519865e-05,94.50157830502391
1791302700,1.9723551534519865e-05,1.9723551534519865e-05,1.8743884652815843e-05,1.9533026843953158e-05,201.24981676539704
1791302880,1.9533026843953158e-05,1.9904992036315103e-05,1.9533026843953158e-05,1.9904992036315103e-05,288.97049150409663
1791302940,1.9904992036315103e-05,1.9904992036315103e-05,1.9561702597048386e-05,1.9561702597048386e-05,50.30406133606509
1791303000,1.9561702597048386e-05,1.9561702597048386e-05,1.8886088779638187e-05,1.8886088779638187e-05,155.6339093526673
1791303240,1.8886088779638187e-05,1.9186373263776715e-05,1.8886088779638187e-05,1.9186373263776715e-05,154.8505852911505
1791303300,1.9186373263776715e-05,1.9186373263776715e-05,1.8904800815946312e-05,1.8904800815946312e-05,37.03375500623421
1791303420,1.8904800815946312e-05,1.8904800815946312e-05,1.8646885102293223e-05,1.8646885102293223e-05,80.91116562000127
1791304080,1.8646885102293223e-05,1.8646885102293223e-05,1.8093856890798424e-05,1.820901087706419e-05,60.089847947621514
1791304140,1.820901087706419e-05,1.820901087706419e-05,1.700268366280488e-05,1.700268366280488e-05,179.13454478775742
1791304440,1.700268366280488e-05,1.700268366280488e-05,1.6863629606257867e-05,1.6863629606257867e-05,43.322917265161436
1791304500,1.6863629606257867e-05,1.6863629606257867e-05,1.641747569247507e-05,1.641747569247507e-05,107.87837775078835
1791304560,1.641747569247507e-05,1.641747569247507e-05,1.598409696441396e-05,1.598409696441396e-05,47.15121409737948
1791304620,1.598409696441396e-05,1.6115611104638885e-05,1.598409696441396e-05,1.6115611104638885e-05,11.823739426862057
1791304680,1.6115611104638885e-05,1.617072442090402e-05,1.6115611104638885e-05,1.617072442090402e-05,13.102152083420822
1791304800,1.617072442090402e-05,1.6185284052114277e-05,1.617072442090402e-05,1.6185284052114277e-05,0.11823248945629972
1791304920,1.6185284052114277e-05,1.6185284052114277e-05,1.5975681206849998e-05,1.5975681206849998e-05,0.9595578044301732
1791304980,1.5975681206849998e-05,1.626850115369309e-05,1.5975681206849998e-05,1.626850115369309e-05,37.94661648307223
1791305040,1.626850115369309e-05,1.6423747121586255e-05,1.626850115369309e-05,1.6423747121586255e-05,1.7523279211009763
1791305100,1.6423747121586255e-05,1.6431423412805318e-05,1.6423747121586255e-05,1.6431423412805318e-05,1.1904622263333156
1791305160,1.6431423412805318e-05,1.643512686811404e-05,1.6431423412805318e-05,1.643512686811404e-05,4.943930703945018
1791305280,1.643512686811404e-05,1.67648027403411e-05,1.643512686811404e-05,1.669009722067476e-05,61.202327506829285
1791305340,1.669009722067476e-05,1.713443389156225e-05,1.669009722067476e-05,1.713443389156225e-05,72.68645251476111
1791305520,1.713443389156225e-05,1.713443389156225e-05,1.6738818763254022e-05,1.6738818763254022e-05,83.31715660980728
1791305700,1.6738818763254022e-05,1.6738818763254022e-05,1.5034550050017456e-05,1.5034550050017456e-05,458.70994253606347
1791305760,1.5034550050017456e-05,1.5034550050017456e-05,1.4246369087062022e-05,1.426683164121126e-05,8.7715017371711
1791306120,1.426683164121126e-05,1.426683164121126e-05,1.4078052434411642e-05,1.4078052434411642e-05,2.602344284974762
1791306600,1.4078052434411642e-05,1.4902234779668033e-05,1.4078052434411642e-05,1.4902234779668033e-05,139.90003628666716
1791306720,1.4902234779668033e-05,1.5092072661598356e-05,1.4902234779668033e-05,1.5092072661598356e-05,51.26117283072314
1791306840,1.5092072661598356e-05,1.528873370866987e-05,1.5092072661598356e-05,1.5113242003459224e-05,32.20666934541621
1791307080,1.5113242003459224e-05,1.5113242003459224e-05,1.477424165735601e-05,1.5025789183937708e-05,61.82691461801781
1791307140,1.5025789183937708e-05,1.5025789183937708e-05,1.4620931527359912e-05,1.4620931527359912e-05,49.660912372707166
1791307260,1.4620931527359912e-05,1.4620931527359912e-05,1.4450543059338518e-05,1.4450543059338518e-05,13.692052609604863
1791307560,1.4450543059338518e-05,1.4690791335417551e-05,1.4450543059338518e-05,1.4690791335417551e-05,23.753645762690287
1791307620,1.4690791335417551e-05,1.4690791335417551e-05,1.4515861428047391e-05,1.4515861428047391e-05,14.562777900700883
1791307860,1.4515861428047391e-05,1.6568759577012234e-05,1.4515861428047391e-05,1.6568759577012234e-05,355.7563863586175
1791307920,1.6568759577012234e-05,1.663936895858388e-05,1.6180358272908903e-05,1.663936895858388e-05,124.23789043708922
1791308040,1.663936895858388e-05,1.663936895858388e-05,1.5913725294883165e-05,1.5913725294883165e-05,120.88010574404308
1791308220,1.5913725294883165e-05,1.5913725294883165e-05,1.5753144300835566e-05,1.5845936079223234e-05,38.637368274456165
1791308280,1.5845936079223234e-05,1.6006869367857853e-05,1.5845936079223234e-05,1.6006869367857853e-05,29.77052742439705
1791308460,1.6006869367857853e-05,1.60787233804099e-05,1.6006869367857853e-05,1.60787233804099e-05,0.49442439939712884
1791308520,1.60787233804099e-05,1.60787233804099e-05,1.6071793267144795e-05,1.6071793267144795e-05,1.8746744134014053
1791308700,1.6071793267144795e-05,1.6423986372862564e-05,1.6071793267144795e-05,1.6187099707225098e-05,85.79037072743687
1791309060,1.6187099707225098e-05,1.72695368069511e-05,1.6187099707225098e-05,1.6620887047330876e-05,196.225080311614
1791309540,1.6620887047330876e-05,1.7521931043193697e-05,1.6620887047330876e-05,1.7521931043193697e-05,8.35118830252334
1791309660,1.7521931043193697e-05,1.7521931043193697e-05,1.669598845587605e-05,1.669598845587605e-05,127.89070307536149
1791309780,1.669598845587605e-05,1.687729506755272e-05,1.669598845587605e-05,1.687729506755272e-05,1.9574758351394168
1791309960,1.687729506755272e-05,2.0675426576336396e-05,1.660935456503425e-05,2.039620548001281e-05,702.1114332526417
1791310020,2.039620548001281e-05,2.4038918209098327e-05,2.039620548001281e-05,2.397661065349942e-05,567.8161992275382
1791310080,2.397661065349942e-05,2.4283959625828363e-05,2.0918713524453025e-05,2.1870083260824964e-05,645.8865491793441
1791310140,2.1870083260824964e-05,2.2161629633512984e-05,2.1453392253503898e-05,2.1453392253503898e-05,65.79419823320403
1791310260,2.1453392253503898e-05,2.1453392253503898e-05,2.0514264689884e-05,2.0514264689884e-05,178.6924610589468
1791310380,2.0514264689884e-05,2.0514264689884e-05,2.0285508801380148e-05,2.0512746540968068e-05,23.288140384173563
1791310860,2.0512746540968068e-05,2.054312820656073e-05,2.0512746540968068e-05,2.054312820656073e-05,20.162518130107458
1791310920,2.054312820656073e-05,2.0617193097965012e-05,2.0243682716623292e-05,2.0617193097965012e-05,40.24990110690085
1791311220,2.0617193097965012e-05,2.0617193097965012e-05,1.9701278231926793e-05,1.9701278231926793e-05,70.26573838929399
1791311520,1.9701278231926793e-05,1.9701278231926793e-05,1.9567689717202796e-05,1.9567689717202796e-05,41.7647242190703
1791311700,1.9567689717202796e-05,1.9567689717202796e-05,1.9348219128428e-05,1.9348219128428e-05,24.617886103148166
1791311880,1.9348219128428e-05,1.9632660123753692e-05,1.9348219128428e-05,1.9472081343645933e-05,37.63668807134982
1791311940,1.9472081343645933e-05,1.9734393789530618e-05,1.9472081343645933e-05,1.9734393789530618e-05,5.9037037707399564
1791312000,1.9734393789530618e-05,1.9772986684348456e-05,1.908666975616502e-05,1.908666975616502e-05,159.1552749435918
1791312060,1.908666975616502e-05,1.908666975616502e-05,1.8892014414443087e-05,1.8892014414443087e-05,1.985397720170707
1791312120,1.8892014414443087e-05,1.8892014414443087e-05,1.8644096103490468e-05,1.8644096103490468e-05,5.160004956083637
1791312180,1.8644096103490468e-05,1.8900234388126453e-05,1.8644096103490468e-05,1.8900234388126453e-05,2.8855550552117033
1791312240,1.8900234388126453e-05,1.8964668418310593e-05,1.8900234388126453e-05,1.8964668418310593e-05,10.359525979494423
1791312480,1.8964668418310593e-05,1.8964668418310593e-05,1.859424137393211e-05,1.859424137393211e-05,36.464861118085906
1791312540,1.859424137393211e-05,1.8735226950270628e-05,1.859424137393211e-05,1.8735226950270628e-05,0.3101242265461295
1791313080,1.8735226950270628e-05,1.8735523549856462e-05,1.8735226950270628e-05,1.8735523549856462e-05,0.7898556508935856
1791313260,1.8735523549856462e-05,1.8735523549856462e-05,1.801651989173217e-05,1.801651989173217e-05,159.050959467452
1791313320,1.801651989173217e-05,1.801651989173217e-05,1.7820527024464094e-05,1.7820527024464094e-05,6.070370115489559
1791313740,1.7820527024464094e-05,1.7820527024464094e-05,1.7526382699037954e-05,1.7526382699037954e-05,20.453526796174973
1791313860,1.7526382699037954e-05,1.770981435430007e-05,1.7526382699037954e-05,1.770981435430007e-05,5.927380505306796
1791314460,1.770981435430007e-05,1.770981435430007e-05,1.739366076808383e-05,1.7615546316099462e-05,20.820938249205
1791315420,1.7615546316099462e-05,1.7615546316099462e-05,1.688122864619381e-05,1.688122864619381e-05,102.78868298203612
1791315660,1.688122864619381e-05,1.727251556306796e-05,1.688122864619381e-05,1.727251556306796e-05,60.1434178271766
1791315900,1.727251556306796e-05,1.727251556306796e-05,1.70243609598752e-05,1.70243609598752e-05,4.94730801057629
1791316260,1.70243609598752e-05,1.718811497070051e-05,1.70243609598752e-05,1.718811497070051e-05,41.636217309841435
1791316380,1.718811497070051e-05,1.875272199718153e-05,1.718811497070051e-05,1.875272199718153e-05,256.0968197463368
1791316560,1.875272199718153e-05,1.8792959910940593e-05,1.875272199718153e-05,1.8792959910940593e-05,2.351870291399004
1791316800,1.8792959910940593e-05,1.8792959910940593e-05,1.8336417790324897e-05,1.8520077701351703e-05,53.9261987961021
1791316860,1.8520077701351703e-05,1.86721679841429e-05,1.8520077701351703e-05,1.86721679841429e-05,47.69910109715765
1791317040,1.86721679841429e-05,1.8818763657827433e-05,1.86721679841429e-05,1.8818763657827433e-05,4.956899675524493
1791317100,1.8818763657827433e-05,1.8842123802262167e-05,1.8818763657827433e-05,1.8842123802262167e-05,3.575568374997359
1791317160,1.8842123802262167e-05,1.8945373816168143e-05,1.8842123802262167e-05,1.8945373816168143e-05,23.62784921078374
1791317460,1.8945373816168143e-05,1.8945373816168143e-05,1.876027671001055e-05,1.876027671001055e-05,3.71304882914319
1791317580,1.876027671001055e-05,2.0987752213484664e-05,1.876027671001055e-05,2.0987752213484664e-05,341.8777304223591
1791317700,2.0987752213484664e-05,2.0987752213484664e-05,2.022242184501272e-05,2.022242184501272e-05,119.55250393230548
1791317820,2.022242184501272e-05,2.0358470145840692e-05,2.022242184501272e-05,2.0358470145840692e-05,3.864749988582822
1791318000,2.0358470145840692e-05,2.0358470145840692e-05,1.8786270012293807e-05,1.8786270012293807e-05,229.1632912666164
1791318120,1.8786270012293807e-05,1.8786270012293807e-05,1.8672395187706242e-05,1.8672395187706242e-05,26.661163713590636
1791318420,1.8672395187706242e-05,1.8672395187706242e-05,1.8150542715871207e-05,1.8150542715871207e-05,150.28395990622724
1791318660,1.8150542715871207e-05,1.8150542715871207e-05,1.798996130019783e-05,1.798996130019783e-05,17.98910020960281
1791318720,1.798996130019783e-05,1.8086400251413416e-05,1.798996130019783e-05,1.8086400251413416e-05,11.89736017415842
1791318780,1.8086400251413416e-05,1.943785721719614e-05,1.8086400251413416e-05,1.943785721719614e-05,238.4318469779948
1791318840,1.943785721719614e-05,1.9709323210964012e-05,1.943785721719614e-05,1.9709323210964012e-05,64.9821107699885
1791318960,1.9709323210964012e-05,1.9915740683139057e-05,1.9181515604988946e-05,1.947954751467428e-05,104.08661402806757
1791319020,1.947954751467428e-05,1.947954751467428e-05,1.9040985215603267e-05,1.9040985215603267e-05,12.525292818461988
1791319080,1.9040985215603267e-05,1.9040985215603267e-05,1.8901749769402977e-05,1.894950532228293e-05,19.700303175188296
1791319440,1.894950532228293e-05,1.894950532228293e-05,1.5784452128985882e-05,1.5784452128985882e-05,604.5724455425835
1791319500,1.5784452128985882e-05,1.6075383092357964e-05,1.5474847485214253e-05,1.5531194310576053e-05,209.95485766328835
1791319560,1.5531194310576053e-05,1.5580683754614925e-05,1.5531194310576053e-05,1.5580683754614925e-05,0.8601841500253742
1791319800,1.5580683754614925e-05,1.5580683754614925e-05,1.514591414226433e-05,1.5352262261351977e-05,80.77475184278106
1791319920,1.5352262261351977e-05,1.5700367452243792e-05,1.5352262261351977e-05,1.5700367452243792e-05,57.54284130443892
1791320280,1.5700367452243792e-05,1.5700367452243792e-05,1.5529042333425e-05,1.5529042333425e-05,2.036456836176562
1791320340,1.5529042333425e-05,1.5529042333425e-05,1.4833999339839625e-05,1.5218527996792513e-05,146.2252351037359
1791320400,1.5218527996792513e-05,1.5218527996792513e-05,1.4246158087985374e-05,1.4419469321995111e-05,173.26313679889103
1791320460,1.4419469321995111e-05,1.4419469321995111e-05,1.4309515863111566e-05,1.4309515863111566e-05,19.493592036652107
1791320520,1.4309515863111566e-05,1.4467630356957188e-05,1.4309515863111566e-05,1.4467630356957188e-05,11.925247883437372
1791320880,1.4467630356957188e-05,1.4467630356957188e-05,1.429989775392244e-05,1.429989775392244e-05,0.5566035867003571
1791320940,1.429989775392244e-05,1.429989775392244e-05,1.3657794261993845e-05,1.3657794261993845e-05,246.7361915561605
1791321120,1.3657794261993845e-05,1.3657794261993845e-05,1.2953468442891656e-05,1.2953468442891656e-05,40.11733020106524
1791321420,1.2953468442891656e-05,1.33279731516706e-05,1.2953468442891656e-05,1.3162396863357805e-05,67.05193749404972
1791321660,1.3162396863357805e-05,1.334654640573962e-05,1.3162396863357805e-05,1.334654640573962e-05,4.925561930574602
1791321840,1.334654640573962e-05,1.334654640573962e-05,1.3188433739503347e-05,1.3188433739503347e-05,5.0367499975572105
1791321960,1.3188433739503347e-05,1.4327905789969069e-05,1.3188433739503347e-05,1.4327905789969069e-05,212.52388361548262
1791322140,1.4327905789969069e-05,1.4327905789969069e-05,1.4067534347085523e-05,1.4200631424835586e-05,48.4896648011687
1791322980,1.4200631424835586e-05,1.4200631424835586e-05,1.3770053331975008e-05,1.3923417596430428e-05,55.72397086071423
1791323040,1.3923417596430428e-05,1.3932685532289507e-05,1.3923417596430428e-05,1.3932685532289507e-05,6.85387119208489
1791323100,1.3932685532289507e-05,1.3932685532289507e-05,1.3761460906032926e-05,1.3761460906032926e-05,2.5385390300751913
1791323160,1.3761460906032926e-05,1.3761460906032926e-05,1.3746193898923436e-05,1.3746193898923436e-05,3.8517538998841845
1791323340,1.3746193898923436e-05,1.5522581156424692e-05,1.3746193898923436e-05,1.5522581156424692e-05,313.4736997593769
1791323400,1.5522581156424692e-05,1.5626826768959676e-05,1.5522581156424692e-05,1.5626826768959676e-05,34.665683091298035
1791323460,1.5626826768959676e-05,1.572927879526081e-05,1.5626826768959676e-05,1.572927879526081e-05,7.903906293206579
1791323580,1.572927879526081e-05,1.6814547853769117e-05,1.572927879526081e-05,1.6261857936886365e-05,199.33277601072814
1791323640,1.6261857936886365e-05,1.6863374919550312e-05,1.6261857936886365e-05,1.6863374919550312e-05,4.935934358520272
1791323880,1.6863374919550312e-05,1.6863374919550312e-05,1.6042325163672182e-05,1.6042325163672182e-05,113.37316185776042
1791323940,1.6042325163672182e-05,1.6042325163672182e-05,1.5916373044643063e-05,1.5916373044643063e-05,43.586504859199295
1791324660,1.5916373044643063e-05,1.5916373044643063e-05,1.5741153222933663e-05,1.5741153222933663e-05,36.507030064549596
1791324840,1.5741153222933663e-05,1.5873989000124653e-05,1.5741153222933663e-05,1.5873989000124653e-05,14.369669377046595
1791324960,1.5873989000124653e-05,1.7964648325799577e-05,1.5873989000124653e-05,1.772562966860585e-05,395.47866576122453
1791325260,1.772562966860585e-05,2.1928913974481385e-05,1.7344898218752034e-05,2.144897899020519e-05,929.4959645949323
1791325320,2.144897899020519e-05,2.144897899020519e-05,1.9504174050838505e-05,1.9640089211592186e-05,459.89241821217854
1791325380,1.9640089211592186e-05,1.9640089211592186e-05,1.7879105975202104e-05,1.8676358172495483e-05,512.9803043045519
1791325440,1.8676358172495483e-05,1.8676358172495483e-05,1.824885245671878e-05,1.824885245671878e-05,55.87581367605055
1791325560,1.824885245671878e-05,1.824885245671878e-05,1.80541264272611e-05,1.80541264272611e-05,65.69812167279662
1791326220,1.80541264272611e-05,1.8266791123966106e-05,1.80541264272611e-05,1.819448645601094e-05,74.95560940862322
1791326340,1.819448645601094e-05,1.8646540591471196e-05,1.819448645601094e-05,1.8646540591471196e-05,85.18148932260634
1791326460,1.8646540591471196e-05,1.8646540591471196e-05,1.813480718061902e-05,1.828547195553436e-05,98.50602337049109
1791327180,1.828547195553436e-05,1.828547195553436e-05,1.764989314251567e-05,1.764989314251567e-05,81.96388044036497
1791327240,1.764989314251567e-05,1.764989314251567e-05,1.7575306107625196e-05,1.7575306107625196e-05,2.0329182206914616
1791327300,1.7575306107625196e-05,1.7575306107625196e-05,1.7551709013737703e-05,1.7551709013737703e-05,5.931383735075444
1791327720,1.7551709013737703e-05,1.7551709013737703e-05,1.75397996559543e-05,1.75397996559543e-05,0.6995515683647431
1791327780,1.75397996559543e-05,1.75397996559543e-05,1.7524101792008382e-05,1.7524101792008382e-05,3.8805644119597384
1791327900,1.7524101792008382e-05,1.7524101792008382e-05,1.7375283840951992e-05,1.7375283840951992e-05,43.834179722766095
1791328020,1.7375283840951992e-05,1.7484331853350474e-05,1.7375283840951992e-05,1.7484331853350474e-05,0.9876343803365574
1791328080,1.7484331853350474e-05,1.7484331853350474e-05,1.7229772526923132e-05,1.7229772526923132e-05,7.92285478045119
1791329820,1.7229772526923132e-05,1.7229772526923132e-05,1.7137537808566367e-05,1.7137537808566367e-05,12.699191161001476
1791330060,1.7137537808566367e-05,1.7137537808566367e-05,1.6804619256217628e-05,1.6804619256217628e-05,118.69707421694741
1791330300,1.6804619256217628e-05,1.6804619256217628e-05,1.6705077341337497e-05,1.6705077341337497e-05,1.1917011859674633
1791331200,1.6705077341337497e-05,1.6705077341337497e-05,1.6475770649575016e-05,1.6475770649575016e-05,0.9306639608846187
1791331680,1.6475770649575016e-05,1.6475770649575016e-05,1.640529312651895e-05,1.640529312651895e-05,11.130535698386138
1791331980,1.640529312651895e-05,1.667675346566398e-05,1.640529312651895e-05,1.667675346566398e-05,16.08636807446091
1791332640,1.667675346566398e-05,1.667675346566398e-05,1.6676192744963908e-05,1.6676192744963908e-05,2.0198049170883134
1791332760,1.6676192744963908e-05,1.6676192744963908e-05,1.6481552491273963e-05,1.6481552491273963e-05,0.10690769808992806
1791333120,1.6481552491273963e-05,1.6481552491273963e-05,1.5396259051867227e-05,1.5396259051867227e-05,258.911041021391
1791333360,1.5396259051867227e-05,1.5396259051867227e-05,1.5286999531380958e-05,1.5286999531380958e-05,4.916065032509576
1791333420,1.5286999531380958e-05,1.539744154398226e-05,1.5286999531380958e-05,1.539744154398226e-05,32.082699889503786
1791333600,1.539744154398226e-05,1.5477631289408072e-05,1.539744154398226e-05,1.5477631289408072e-05,3.7978290172191156
1791333660,1.5477631289408072e-05,1.5477631289408072e-05,1.4984792174598374e-05,1.4984792174598374e-05,117.40571956797032
1791333840,1.4984792174598374e-05,1.4984792174598374e-05,1.4208836956793273e-05,1.4208836956793273e-05,103.80379176674583
1791333960,1.4208836956793273e-05,1.4208836956793273e-05,1.2380303049851583e-05,1.2380303049851583e-05,492.899870435138
1791334200,1.2380303049851583e-05,1.2436891008186816e-05,1.2380303049851583e-05,1.2436891008186816e-05,27.415390870051265
1791334560,1.2436891008186816e-05,1.2436891008186816e-05,1.230807525462845e-05,1.230807525462845e-05,11.536250737806048
1791334620,1.230807525462845e-05,1.230807525462845e-05,1.2088387755948017e-05,1.2088387755948017e-05,80.00129216394429
1791335100,1.2088387755948017e-05,1.2088387755948017e-05,1.1714966732437981e-05,1.1856876884302249e-05,60.46979047125033
1791335340,1.1856876884302249e-05,1.1856876884302249e-05,1.1604121298507133e-05,1.1604121298507133e-05,2.426906856066024
1791335460,1.1604121298507133e-05,1.1604121298507133e-05,1.150245195782482e-05,1.150245195782482e-05,38.36248708761698
1791335520,1.150245195782482e-05,1.1580468807536236e-05,1.14457790422468e-05,1.14457790422468e-05,17.455562757495002
1791335580,1.14457790422468e-05,1.14457790422468e-05,1.142466107879517e-05,1.142466107879517e-05,6.24250165619809
1791335700,1.142466107879517e-05,1.142466107879517e-05,1.1334734033285898e-05,1.1334734033285898e-05,19.533695451716422
1791335820,1.1334734033285898e-05,1.1334734033285898e-05,1.0726396587657561e-05,1.0726396587657561e-05,128.1426371122845
1791335940,1.0726396587657561e-05,1.0726396587657561e-05,1.0593371953284077e-05,1.0593371953284077e-05,58.00549406107134
1791336420,1.0593371953284077e-05,1.0593371953284077e-05,9.884255437657153e-06,9.884255437657153e-06,255.33823847576684
1791336540,9.884255437657153e-06,9.884255437657153e-06,9.345952602187608e-06,9.345952602187608e-06,0.07001228151467738
1791336660,9.345952602187608e-06,9.47398426796989e-06,9.345952602187608e-06,9.47398426796989e-06,1.1839570062757436
1791336780,9.47398426796989e-06,1.0231929114162305e-05,9.47398426796989e-06,1.0102888794173815e-05,176.7458252864667
1791336960,1.0102888794173815e-05,1.0102888794173815e-05,9.83523654565624e-06,9.83523654565624e-06,58.55118734751302
1791337080,9.83523654565624e-06,9.83523654565624e-06,9.786368934079717e-06,9.786368934079717e-06,23.538170602464785
1791337260,9.786368934079717e-06,9.786368934079717e-06,8.7461830389152e-06,9.133874256464437e-06,322.1375178819529
1791337440,9.133874256464437e-06,9.133874256464437e-06,8.821891350753028e-06,8.821891350753028e-06,1.1836750674583922
1791338580,8.821891350753028e-06,8.821891350753028e-06,8.449650969512983e-06,8.449650969512983e-06,31.760486233487295
1791338880,8.449650969512983e-06,8.521095046472175e-06,8.449650969512983e-06,8.521095046472175e-06,1.704103698794235
1791339000,8.521095046472175e-06,8.569229146989419e-06,8.521095046472175e-06,8.569229146989419e-06,15.50001430850389
1791339060,8.569229146989419e-06,8.569229146989419e-06,8.480347688465175e-06,8.480347688465175e-06,15.339245602794755
1791339180,8.480347688465175e-06,8.547702116662668e-06,8.480347688465175e-06,8.547702116662668e-06,7.762388654765417
1791339480,8.547702116662668e-06,8.573992145466114e-06,8.547702116662668e-06,8.573992145466114e-06,1.1643311304419544
1791339600,8.573992145466114e-06,8.573992145466114e-06,8.465417956924017e-06,8.465417956924017e-06,5.44605614120504
1791340080,8.465417956924017e-06,8.574731661126208e-06,8.465417956924017e-06,8.574731661126208e-06,11.862031699444074
1791340140,8.574731661126208e-06,8.60316695089093e-06,8.574731661126208e-06,8.60316695089093e-06,8.02582136828167
1791340200,8.60316695089093e-06,8.622432329402212e-06,8.60316695089093e-06,8.619348592473428e-06,2.9062166070609834
1791340260,8.619348592473428e-06,8.643315866712096e-06,8.619348592473428e-06,8.643315866712096e-06,2.276189518765436
1791341100,8.643315866712096e-06,8.732506797354739e-06,8.643315866712096e-06,8.732506797354739e-06,11.650412677584557
1791342060,8.732506797354739e-06,8.732506797354739e-06,8.163358241073324e-06,8.163358241073324e-06,243.7313015889401
1791342120,8.163358241073324e-06,8.163358241073324e-06,7.838143097626383e-06,7.838143097626383e-06,19.764452298191166
1791342240,7.838143097626383e-06,7.915471518220617e-06,7.838143097626383e-06,7.915471518220617e-06,19.768169792098693
1791342420,7.915471518220617e-06,7.967927396374163e-06,7.915471518220617e-06,7.967927396374163e-06,8.801152335502572
1791342840,7.967927396374163e-06,7.967927396374163e-06,7.815093615186421e-06,7.815093615186421e-06,22.76990058554213
1791343020,7.815093615186421e-06,7.815093615186421e-06,7.722715463103942e-06,7.722715463103942e-06,30.99639580750616
1791343560,7.722715463103942e-06,7.722715463103942e-06,7.569332421204167e-06,7.569332421204167e-06,36.14972262973682
1791343920,7.569332421204167e-06,7.569332421204167e-06,7.3620379678958536e-06,7.3620379678958536e-06,68.29403273111909
1791344040,7.3620379678958536e-06,7.3620379678958536e-06,7.1498414574843585e-06,7.1498414574843585e-06,49.46117048341925
1791344460,7.1498414574843585e-06,7.1498414574843585e-06,7.047540927619731e-06,7.047540927619731e-06,11.502100654504163
1791344580,7.047540927619731e-06,7.047540927619731e-06,7.026199057564129e-06,7.026199057564129e-06,0.2303417769064347
1791344880,7.026199057564129e-06,7.026199057564129e-06,7.008696375631592e-06,7.008696375631592e-06,4.038098367544319
1791345300,7.008696375631592e-06,7.008696375631592e-06,6.981937985163009e-06,6.981937985163009e-06,16.26102922902269
1791345900,6.981937985163009e-06,7.036069782879916e-06,6.981937985163009e-06,7.036069782879916e-06,3.5000390712853457
1791345960,7.036069782879916e-06,9.491573762178408e-06,7.036069782879916e-06,8.60914047670061e-06,711.5761590807116
1791346020,8.60914047670061e-06,9.172396487927322e-06,7.4546833814453315e-06,7.808404227618475e-06,601.8901588375534
1791346080,7.808404227618475e-06,7.907537718758033e-06,7.808404227618475e-06,7.907537718758033e-06,1.1546916672664327
1791346200,7.907537718758033e-06,7.907537718758033e-06,7.69766505620595e-06,7.69766505620595e-06,59.603749126339466
1791346260,7.69766505620595e-06,7.69766505620595e-06,7.590304029838506e-06,7.590304029838506e-06,20.584144142838465
1791346680,7.590304029838506e-06,7.590304029838506e-06,7.5569012524152955e-06,7.5569012524152955e-06,1.9904860659080956
1791346740,7.5569012524152955e-06,7.5569012524152955e-06,7.538324427654567e-06,7.538324427654567e-06,8.094131971341566
1791346980,7.538324427654567e-06,7.538324427654567e-06,7.5210723422350784e-06,7.5210723422350784e-06,7.922353933775585
1791347340,7.5210723422350784e-06,7.606484980114107e-06,7.5210723422350784e-06,7.606484980114107e-06,2.3351297484327564
1791347940,7.606484980114107e-06,7.606484980114107e-06,7.485523401654548e-06,7.56004509222653e-06,16.037567434642067
1791348120,7.56004509222653e-06,7.56004509222653e-06,7.462035263692007e-06,7.462035263692007e-06,0.40853508315518783
1791348240,7.462035263692007e-06,7.577816437278744e-06,7.462035263692007e-06,7.577816437278744e-06,11.544084445956353
1791348420,7.577816437278744e-06,7.577816437278744e-06,7.502755774900812e-06,7.502755774900812e-06,0.11045255215944151
1791348600,7.502755774900812e-06,7.609677028216873e-06,7.502755774900812e-06,7.609677028216873e-06,2.334005813923524
1791348660,7.609677028216873e-06,7.609677028216873e-06,7.514680813387148e-06,7.514680813387148e-06,1.0132046150040395
1791348720,7.514680813387148e-06,7.514680813387148e-06,7.506707498789573e-06,7.506707498789573e-06,5.743296424789847
1791349200,7.506707498789573e-06,7.706187055846114e-06,7.506707498789573e-06,7.706187055846114e-06,56.3415060856627
1791349560,7.706187055846114e-06,7.708548469255513e-06,7.706187055846114e-06,7.708548469255513e-06,1.3915793473559608
1791350460,7.708548469255513e-06,9.941618810782945e-06,7.708548469255513e-06,8.135872962889412e-06,555.1519011470795
1791350520,8.135872962889412e-06,9.472760902242857e-06,8.135872962889412e-06,9.472760902242857e-06,95.0821827815045
1791350640,9.472760902242857e-06,9.472760902242857e-06,9.043455092370721e-06,9.043455092370721e-06,54.69570459588651
1791353520,9.043455092370721e-06,9.188609150877615e-06,9.043455092370721e-06,9.188609150877615e-06,14.043238571492354
1791353760,9.188609150877615e-06,9.188609150877615e-06,8.999288645608972e-06,8.999288645608972e-06,34.99028774325116
1791353820,8.999288645608972e-06,8.999288645608972e-06,8.807015075547087e-06,8.86637820982629e-06,43.78833925944034
1791354000,8.86637820982629e-06,8.86637820982629e-06,8.761700015051077e-06,8.761700015051077e-06,4.8754412773773605
