ts,o,h,l,c,v
1791066300,0.00021580815962424249,0.0003181046014905321,0.00014444557873635153,0.00025870655183760717,22992.77087783722
1791066360,0.00025870655183760717,0.0004775065321504934,0.00025870655183760717,0.0004259134585728225,26975.286839126762
1791066420,0.0004259134585728225,0.0004967212380903422,0.00041250740328015374,0.00043106655061365745,9685.892455743033
1791066480,0.00043106655061365745,0.00044108861038401294,0.00039817930805644653,0.00042373324229236226,6851.560517077296
1791066540,0.00042373324229236226,0.0004408018169973612,0.0004055702244478745,0.0004398546070196285,4910.396329502382
1791066600,0.0004398546070196285,0.0004698420623922871,0.00042622823074579255,0.00045178608070793667,5121.192740898688
1791066660,0.00045178608070793667,0.0004817195985173572,0.00042764076568564067,0.0004628180721673696,6788.637811406784
1791066720,0.0004628180721673696,0.000488452780786485,0.00045502077419620946,0.00046427507924238023,8928.350933544549
1791066780,0.00046427507924238023,0.00047112748582189655,0.0004200288745161399,0.00044244146962370826,8182.318961453456
1791066840,0.00044244146962370826,0.0004913030202369244,0.0004297657884513364,0.0004429832029717421,10488.185319975586
1791066900,0.0004429832029717421,0.0004849086261163613,0.00043475447342914526,0.00045231765633253784,9348.821698863901
1791066960,0.00045231765633253784,0.00048354330566788067,0.0004118416886104167,0.00045272781456970167,7432.207584991419
1791067020,0.00045272781456970167,0.00045617205680026514,0.0003651150329313552,0.00041155237580735147,8893.684168535025
1791067080,0.00041155237580735147,0.00043940929841140375,0.00039527915404108653,0.0004186311869787319,6807.434897134099
1791067140,0.0004186311869787319,0.00045159622225976725,0.0004071946725703395,0.00045159622225976725,7480.851171049315
1791067200,0.00045159622225976725,0.00048540450676213046,0.00042147705472634695,0.0004706099659131293,6684.871427001241
1791067260,0.0004706099659131293,0.0005250599393458846,0.00046731217031561746,0.0005146511822062626,5909.326223516153
1791067320,0.0005146511822062626,0.0005808180239047302,0.0004924348440190272,0.0005751688234585131,6293.334003576041
1791067380,0.0005751688234585131,0.0006173647722408827,0.0005223020873808931,0.0005898366629132945,20182.86711011555
1791067440,0.0005898366629132945,0.0006513232508656194,0.0004592887949347299,0.0005870472581247008,42888.96037395917
1791067500,0.0005870472581247008,0.0006252781030676232,0.00047460558079156915,0.0005236123900109659,45151.54116171384
1791067560,0.0005236123900109659,0.0006989444826542778,0.0004269499017758168,0.0006703701690592577,49131.97516536938
1791067620,0.0006703701690592577,0.0007245689956377116,0.000537582383215258,0.000619494481003285,38416.66352601019
1791067680,0.000619494481003285,0.000686937919014095,0.0005467962242925725,0.0005722014409193669,29220.11916714352
1791067740,0.0005722014409193669,0.0006243141540491089,0.0005616350663406736,0.0006194309821192054,12566.602960686758
1791067800,0.0006194309821192054,0.0006351005340711443,0.0005198651430344224,0.000571903122846621,13349.668566851624
1791067860,0.000571903122846621,0.0005806728622360706,0.0005094324907347393,0.0005416713961435759,9807.233112221944
1791067920,0.0005416713961435759,0.0005858656291016276,0.000514063413679515,0.0005575980100226987,10345.09328174354
1791067980,0.0005575980100226987,0.0005794558913427133,0.0005336437604051262,0.0005479142988089434,9755.244169557165
1791068040,0.0005479142988089434,0.0005725681301993251,0.0005121481766586682,0.0005134331010499439,10701.220504225857
1791068100,0.0005134331010499439,0.0005547200849951556,0.0004594032605210391,0.00047608289240901427,11667.224818829623
1791068160,0.00047608289240901427,0.0005076247113960803,0.0004570682499657973,0.00047600572422851694,9950.213095244027
1791068220,0.00047600572422851694,0.0005039492618656453,0.0004714492193794217,0.0005009070044653427,6630.641887581944
1791068280,0.0005009070044653427,0.0005312453949425591,0.00046533181527291556,0.0005003244013623184,6114.540308168788
1791068340,0.0005003244013623184,0.0005487239776542972,0.0004888220992581074,0.0005486961015211363,3895.9448010371443
1791068400,0.0005486961015211363,0.0005486961015211363,0.0005135211779375698,0.0005225013282305074,5596.061155835776
1791068460,0.0005225013282305074,0.0005487282165198038,0.0004904980002767068,0.0004980652537997672,7073.315944017837
1791068520,0.0004980652537997672,0.000525544347105942,0.0004875523542277894,0.000510445366880727,5742.451852391106
1791068580,0.000510445366880727,0.0005304100622502763,0.0004821119291050067,0.0004937952618018621,5697.250034160243
1791068640,0.0004937952618018621,0.0005527026215873807,0.0004937952618018621,0.0005487942275555104,5355.302028237138
1791068700,0.0005487942275555104,0.0005502112183688224,0.0005075229448929018,0.0005349666823087982,6315.883074421051
1791068760,0.0005349666823087982,0.0005727037694555445,0.0005305924266519238,0.0005502686197707747,6722.586912489995
1791068820,0.0005502686197707747,0.0005994795415021474,0.0005355318109340548,0.0005921815055570818,5005.248884990088
1791068880,0.0005921815055570818,0.0005994981109711504,0.0005538713058809678,0.000557870542034439,5769.662134303831
1791068940,0.000557870542034439,0.0006041820284317055,0.0005508496272497894,0.0005758585053196945,6122.314754388523
1791069000,0.0005758585053196945,0.0005861673707383895,0.0005197682032394093,0.0005337819128735671,7544.077965167692
1791069060,0.0005337819128735671,0.0005633198921034077,0.0005185387885754367,0.000527759218161929,6351.736251025234
1791069120,0.000527759218161929,0.0005766249059000535,0.000527759218161929,0.0005441021632013237,5250.2017007461645
1791069180,0.0005441021632013237,0.0006100740629341712,0.0005350537390026492,0.0005852678337310886,7875.894492921524
1791069240,0.0005852678337310886,0.0005944622067591891,0.0005650221034926746,0.0005768983219318915,4856.879786336696
1791069300,0.0005768983219318915,0.0006340481258916857,0.0005768983219318915,0.0006063345396171129,7326.277249458366
1791069360,0.0006063345396171129,0.0006453106677367062,0.0006039627362923874,0.0006453106677367062,6731.694294223842
1791069420,0.0006453106677367062,0.000651865896683189,0.0005891441178780394,0.0005975579624611663,8864.314684375002
1791069480,0.0005975579624611663,0.0006221579959777601,0.0005498129668057294,0.0005679011182084194,8105.7682936947085
1791069540,0.0005679011182084194,0.0005792702052200987,0.0005161050085377325,0.0005324964087274895,7232.102736823091
1791069600,0.0005324964087274895,0.0005717063419736146,0.0005180569621739712,0.0005480562509759935,7823.895826494338
1791069660,0.0005480562509759935,0.000560208130304646,0.0004962819058736017,0.0005047680388877759,7069.6721050236965
1791069720,0.0005047680388877759,0.0005388702714280427,0.000498739492106363,0.0005207217394493034,6637.679161394266
1791069780,0.0005207217394493034,0.0005728887965538451,0.0004983972867199286,0.0005446919084812269,6570.665750367594
1791069840,0.0005446919084812269,0.0005767086034382674,0.0005302699110178948,0.0005489462359674496,5998.078812833897
1791069900,0.0005489462359674496,0.0005720084611155122,0.0005084415257651029,0.0005272540257190167,7352.865578121387
1791069960,0.0005272540257190167,0.0005502056722978209,0.0004800135780724916,0.0004965154937898819,7823.6669649108635
1791070020,0.0004965154937898819,0.0005158182846027896,0.0004819146807912206,0.0005123598500853308,7038.470133621673
1791070080,0.0005123598500853308,0.0005380990133401031,0.00048675858410141866,0.0005255473796030453,6844.610400418904
1791070140,0.0005255473796030453,0.0005410148531539202,0.00047706479193224246,0.0005018841810145021,6445.525791184754
1791070200,0.0005018841810145021,0.0005125119995220421,0.0004257023906926086,0.00044483379679702555,9941.146479533438
1791070260,0.00044483379679702555,0.00048140380096436155,0.00039646705818756947,0.00042480161807251243,8982.779471061727
1791070320,0.00042480161807251243,0.00043515779017895404,0.0004023898630384658,0.00043339826238591664,6216.557734089635
1791070380,0.00043339826238591664,0.000443522857045152,0.0004108955433474015,0.00042950769100759265,6732.794556583325
1791070440,0.00042950769100759265,0.0004709066198815986,0.0004134114000522004,0.0004635182467446257,6275.759333989692
1791070500,0.0004635182467446257,0.0004723997967016091,0.00043807470549952,0.00045809371259510827,6403.524601749839
1791070560,0.00045809371259510827,0.0004656614876959845,0.0004316214225381351,0.0004526896031704455,6834.239717409418
1791070620,0.0004526896031704455,0.0004962951397466457,0.0004321540195475854,0.00047537096985256796,7067.548522175958
1791070680,0.00047537096985256796,0.0005019748789085924,0.00045951031765262555,0.00047480122819145923,8211.177749459483
1791070740,0.00047480122819145923,0.0005083778618935918,0.00046131010104741115,0.0004689896769112109,6733.332456189037
1791070800,0.0004689896769112109,0.0004863955462380536,0.0004316193021075571,0.0004398818329425584,7830.383385636442
1791070860,0.0004398818329425584,0.00046787253358770346,0.0004338756622859083,0.0004485699007629712,6850.613713142071
1791070920,0.0004485699007629712,0.0005019084572157692,0.00043710905416854615,0.0004588350112919593,7383.0292452721515
1791070980,0.0004588350112919593,0.00051796112320858,0.0004588350112919593,0.0004913112768753544,7907.50488096492
1791071040,0.0004913112768753544,0.0005268677637086101,0.00048022428176283264,0.0005142554617394671,6980.063538588382
1791071100,0.0005142554617394671,0.0005246433385654574,0.0004884896657138812,0.0005005947466362571,7758.35780306283
1791071160,0.0005005947466362571,0.0005238731139062785,0.0004743632604520335,0.00048628614942695985,7572.589827434457
1791071220,0.00048628614942695985,0.0005170285349993871,0.000472768780079792,0.0005026912425499457,6924.787895876006
1791071280,0.0005026912425499457,0.0005097337339973227,0.0004816020588494962,0.0004945360888862119,6652.467252261423
1791071340,0.0004945360888862119,0.000510469915860255,0.0004781058437881928,0.00048742326735699365,6060.737336518575
1791071400,0.00048742326735699365,0.000528461106045867,0.00048175952368204614,0.0005149535649820233,6083.270606480042
1791071460,0.0005149535649820233,0.0005388799627324316,0.0004954062547255459,0.0005045873726025671,7498.65996712325
1791071520,0.0005045873726025671,0.0005360844006308833,0.0005000922568232937,0.0005197514995497635,6455.942889529418
1791071580,0.0005197514995497635,0.0005707282193299336,0.0005166149828713022,0.0005487375625745352,8604.454739992741
1791071640,0.0005487375625745352,0.0005551792302294805,0.00048580470110810245,0.0004968303567027129,9291.817934704799
1791071700,0.0004968303567027129,0.0005179963791573194,0.0004531205918109067,0.000455319150647081,9209.343062365804
1791071760,0.000455319150647081,0.0004928265070938116,0.0004528068357972751,0.00047909052989540945,5684.701487179343
1791071820,0.00047909052989540945,0.0004888408174450833,0.00045922565898268315,0.0004695822811925586,5882.172592662979
1791071880,0.0004695822811925586,0.00048448028960393753,0.00043117736909508244,0.0004450952470901426,7790.832018375787
1791071940,0.0004450952470901426,0.00045642966362881504,0.00042738678129041483,0.00044562474424233273,5494.695359866163
1791072000,0.00044562474424233273,0.00046241389547468914,0.00042962844343407043,0.00044373885717346567,5130.967063333892
1791072060,0.00044373885717346567,0.00047237611144911116,0.00044100676386061156,0.0004589662722522359,6650.34015481505
1791072120,0.0004589662722522359,0.0004802468791819976,0.00043886917499721213,0.00045811486804164683,5827.57538753103
1791072180,0.00045811486804164683,0.00047916749638308705,0.00040730270399130916,0.00041266222020455083,8044.4255382794745
1791072240,0.00041266222020455083,0.000433942049318229,0.00040044764353565663,0.00041819167571293764,6811.404564743331
1791072300,0.00041819167571293764,0.0004400858121423194,0.00039821514605180205,0.00039821514605180205,6197.593014286171
1791072360,0.00039821514605180205,0.00043314279456079327,0.00039705269923661816,0.0004153844042188358,5630.73209777608
1791072420,0.0004153844042188358,0.0004320767392660164,0.00039916501467198497,0.00042164957668034374,6385.23288668729
1791072480,0.00042164957668034374,0.0004418802781020298,0.00041282183983352966,0.00041824002385829013,5465.961644228902
1791072540,0.00041824002385829013,0.00043534078666556476,0.00040169988668433597,0.0004264829873871949,5178.005197909061
1791072600,0.0004264829873871949,0.0004501115128385141,0.0004123918412743942,0.00043048662427640195,5043.7000757746755
1791072660,0.00043048662427640195,0.00045070407459111563,0.0004196196530834807,0.00043649080095947365,5424.829805069345
1791072720,0.00043649080095947365,0.00047960238651213825,0.000434527462872303,0.00045375233527948286,6985.112388666548
1791072780,0.00045375233527948286,0.0004662077500720195,0.00042472902270578825,0.0004327376354569477,7186.247070858092
1791072840,0.0004327376354569477,0.00045517002715944783,0.00040852195970700783,0.0004164730945554785,6740.944124172252
1791072900,0.0004164730945554785,0.0004352721789658362,0.00040259625542149913,0.00041755511444797357,4886.56752662995
1791072960,0.00041755511444797357,0.0004391121251038713,0.00039704339647512,0.0004053625196230273,6842.0951574353085
1791073020,0.0004053625196230273,0.00042438580609968266,0.0003716636924303132,0.000386917631483946,7272.856968854004
1791073080,0.000386917631483946,0.0004010191183177998,0.00036994945309582795,0.0003945722838751213,6030.336450454456
1791073140,0.0003945722838751213,0.0004007048260892028,0.0003647027220027636,0.00039662801647408024,5932.687416143865
1791073200,0.00039662801647408024,0.00040615450304279767,0.0003826151372384282,0.00039222039651550547,5927.012379689709
1791073260,0.00039222039651550547,0.00042539594111359706,0.00037626748788550696,0.0004191728532506241,6086.102679623145
1791073320,0.0004191728532506241,0.00042972030244725574,0.00039495377911226307,0.0004128681961247425,7454.6374281642475
1791073380,0.0004128681961247425,0.0004265339611847004,0.000402367886287554,0.0004229533097926714,6849.48148382724
1791073440,0.0004229533097926714,0.0004229533097926714,0.00040011963399898975,0.00041563849281965723,4710.828513420289
1791073500,0.00041563849281965723,0.00042095228162485353,0.00039807061981443674,0.00040616369853302653,3243.40934348978
1791073560,0.00040616369853302653,0.0004257152240645298,0.00039448957051470426,0.0004025461759493739,3661.089663511368
1791073620,0.0004025461759493739,0.00042189285762596655,0.0003947038431497119,0.0004075268018768235,3122.062693531063
1791073680,0.0004075268018768235,0.0004263743837177599,0.0003955375023245234,0.0004197176692738185,4127.428148909277
1791073740,0.0004197176692738185,0.000435477158250566,0.00041691292964231655,0.0004342241595613651,2527.183906720089
1791073800,0.0004342241595613651,0.0004477042260648919,0.0004151081233972504,0.0004326054908227868,3074.5341727879045
1791073860,0.0004326054908227868,0.00044412321191117637,0.00042122158408735194,0.0004291155637621369,3715.6301188390075
1791073920,0.0004291155637621369,0.0004553857706593678,0.00042050785273797174,0.00044221746558959705,2832.4324239759358
1791073980,0.00044221746558959705,0.0004634269487227021,0.0004350382033237444,0.00044942196247876035,3380.0741526871916
1791074040,0.00044942196247876035,0.0004644819156330907,0.0004314398995080702,0.0004463516961761269,3870.539791107015
1791074100,0.0004463516961761269,0.00046237109457633954,0.0004168683011313649,0.0004324412979268259,4621.191024609815
1791074160,0.0004324412979268259,0.00044715071814805085,0.00040698892239224256,0.0004326400732826301,4108.299629659195
1791074220,0.0004326400732826301,0.0004496871668315111,0.0004218255900274504,0.0004224302133894983,3588.408702329333
1791074280,0.0004224302133894983,0.0004451578696615298,0.00041765902702969475,0.00043697092039743157,3627.594523924475
1791074340,0.00043697092039743157,0.00043864476409556544,0.0004162549040068381,0.0004333881697642589,3514.544287332384
1791074400,0.0004333881697642589,0.0004617470731764647,0.00042781812656845955,0.0004462032288478459,4144.091809477628
1791074460,0.0004462032288478459,0.0004651927560802579,0.00043846660036486306,0.0004603109695209478,4282.647399919756
1791074520,0.0004603109695209478,0.00048474440516518727,0.0004233127559592316,0.00044225216332091345,5584.235764697663
1791074580,0.00044225216332091345,0.00045074268184622853,0.00042004641877779704,0.00042334117555746465,4511.811238563145
1791074640,0.00042334117555746465,0.0004435680801719323,0.0004152915979397869,0.000438009695229766,4156.849486557474
1791074700,0.000438009695229766,0.0004505193550709589,0.0004166891347503063,0.00042935591095300533,3757.623972741889
1791074760,0.00042935591095300533,0.00046021165307238645,0.0004211750581839192,0.00042531331303617286,3851.9811139567546
1791074820,0.00042531331303617286,0.00044796201196631037,0.0004204203946114975,0.0004429347116314318,3355.728089082292
1791074880,0.0004429347116314318,0.0004873021408620428,0.00041486376469250416,0.0004547579264197551,5542.3509423160585
1791074940,0.0004547579264197551,0.0004616978852354895,0.00043486617639440647,0.00045437361805956733,4145.117304416822
1791075000,0.00045437361805956733,0.0004678228679140957,0.00044050595322158706,0.00046463668397394306,3354.074996782839
1791075060,0.00046463668397394306,0.0004712297852632213,0.000436128042914472,0.0004460875466424002,4332.077811329054
1791075120,0.0004460875466424002,0.00046462461847833426,0.0004396367517695261,0.0004544087545858135,4293.2524150062245
1791075180,0.0004544087545858135,0.00048063637741643794,0.0004453853769824944,0.0004582544529237747,4622.968822680349
1791075240,0.0004582544529237747,0.0004943064013457947,0.0004525359559817531,0.0004907666157312282,2917.8792122394816
1791075300,0.0004907666157312282,0.0004990979204704542,0.0004622883715740523,0.0004735312200937768,4469.6805295289005
1791075360,0.0004735312200937768,0.0004978468247173752,0.0004726721356455473,0.00049536161318194,3632.180664676056
1791075420,0.00049536161318194,0.0005272348699624643,0.0004880708397719237,0.0005230679423694566,3281.7890089720545
1791075480,0.0005230679423694566,0.0005288928396559668,0.0004992082469491391,0.0005053886196386054,4374.031581280101
1791075540,0.0005053886196386054,0.0005300608160140291,0.00049632272275452,0.0005106967837516061,4214.881927693494
1791075600,0.0005106967837516061,0.0005342923518561481,0.0005043195664178892,0.000514486238150316,3692.8459962514194
1791075660,0.000514486238150316,0.0005348808482341054,0.0004856738867369398,0.0005013415463836649,3870.179222739768
1791075720,0.0005013415463836649,0.0005013415463836649,0.00047385650216011263,0.00048283071430744545,1866.538655376471
1791075780,0.00048283071430744545,0.0005054555201499915,0.0004745772915910394,0.0005054393912825861,1966.9175102597762
1791075840,0.0005054393912825861,0.0005054623040029408,0.00047280935401048334,0.00047309267888882877,1730.1708475648188
1791075900,0.00047309267888882877,0.0004916216897961139,0.0004600220431108533,0.00047223512471768984,2179.5644660454027
1791075960,0.00047223512471768984,0.000490186456206557,0.00046082076846694624,0.0004758620714814733,1830.3922709717576
1791076020,0.0004758620714814733,0.00048513237764799403,0.00044677999837634114,0.0004547872010126838,3047.1240613467403
1791076080,0.0004547872010126838,0.00047611782849855976,0.0004504378003325884,0.000459851572494859,2259.00188721222
1791076140,0.000459851572494859,0.0004837111985584762,0.00045085274669932467,0.0004651016336898257,2353.4459051055283
1791076200,0.0004651016336898257,0.0004726269416141455,0.00043824041172392693,0.0004489727139146193,2331.070704440155
1791076260,0.0004489727139146193,0.000455176971703647,0.00041728450689200404,0.0004468763202233619,2956.458365484093
1791076320,0.0004468763202233619,0.00045723745647590524,0.0004335859176833811,0.00044099014310943624,1771.2769301854692
1791076380,0.00044099014310943624,0.0004683566902517141,0.0004283503558089829,0.00045212506869312606,2374.7488248149093
1791076440,0.00045212506869312606,0.0004681914458697138,0.00045212506869312606,0.0004623157322290331,1001.3131673244917
1791076500,0.0004623157322290331,0.0004701221072204526,0.00044948602868865385,0.00045573831465484224,1782.7609262238598
1791076560,0.00045573831465484224,0.0004749976604700221,0.0004474725389873739,0.00046241538173302674,1745.8286049885257
1791076620,0.00046241538173302674,0.0004914253607035456,0.0004610123071601685,0.00048434482936674173,1522.1969029933537
1791076680,0.00048434482936674173,0.00048434482936674173,0.0004650280724907775,0.00047709466117455414,1580.8283075154716
1791076740,0.00047709466117455414,0.0004860545102171703,0.00045904710505871094,0.0004706786184274722,1564.6007397437374
1791076800,0.0004706786184274722,0.0004900921584740646,0.0004646670970413492,0.0004656573646319479,1637.3614744855904
1791076860,0.0004656573646319479,0.00047927952465662375,0.0004599722095250883,0.00047326595520019347,1517.12017583814
1791076920,0.00047326595520019347,0.000494651844593592,0.0004577664455515403,0.000494651844593592,2033.2045852566428
1791076980,0.000494651844593592,0.0005028347692231287,0.00046320548680258225,0.0004924797262935126,2532.1587972092375
1791077040,0.0004924797262935126,0.0004962715406976726,0.00047771390570864166,0.0004864411594523638,1817.6666946521702
1791077100,0.0004864411594523638,0.0004927345553149309,0.0004564655212480293,0.00045729734033360175,1856.4550269864774
1791077160,0.00045729734033360175,0.0004821604359564666,0.00045536573883298606,0.0004650125019724992,2020.9460392436
1791077220,0.0004650125019724992,0.0004780417084914334,0.000451380070983348,0.0004684714474273472,1578.342355793443
1791077280,0.0004684714474273472,0.0004732535270855064,0.00045645996392285656,0.00046337189100133995,1594.1213804482543
1791077340,0.00046337189100133995,0.0004785988723086336,0.0004633284858729362,0.000477345360639014,1166.9009982023608
1791077400,0.000477345360639014,0.0004933602305847784,0.0004744834237043033,0.0004744834237043033,1685.2376567224683
1791077460,0.0004744834237043033,0.0004912791836458677,0.00046802735717029403,0.0004912730373960206,1300.9407614144309
1791077520,0.0004912730373960206,0.0005010004154098398,0.0004715787743891156,0.00048329528433973694,1642.9878612326165
1791077580,0.00048329528433973694,0.000496364174692763,0.00047285324962133014,0.0004841038239263014,1476.650154842096
1791077640,0.0004841038239263014,0.0004909978643667793,0.000469906377571265,0.0004891107478181969,2044.801486164922
1791077700,0.0004891107478181969,0.0005017920190022836,0.0004761127323975044,0.0005008854264232851,1547.4999666442297
1791077760,0.0005008854264232851,0.0005131603458478462,0.0004942418780227965,0.0005055214902969035,1454.91024788012
1791077820,0.0005055214902969035,0.0005161357464036012,0.0005003532147088731,0.0005096922248034252,985.6501916671956
1791077880,0.0005096922248034252,0.0005305393201948424,0.0005093809677343329,0.0005168494270578127,1808.131201089687
1791077940,0.0005168494270578127,0.0005218844657939431,0.0004940981133406969,0.0004999634557681687,2176.997858047317
1791078000,0.0004999634557681687,0.0005348724568127025,0.0004982789176848154,0.0005238001501860077,1747.0282938678138
1791078060,0.0005238001501860077,0.0005359411540674255,0.0005076382138485368,0.0005144476139858647,1636.9038519484009
1791078120,0.0005144476139858647,0.0005371036082743785,0.0005072125040588059,0.0005272559213655809,1908.143851195557
1791078180,0.0005272559213655809,0.0005303429823139477,0.0004994995950432831,0.0005055938627766218,2187.534892948737
1791078240,0.0005055938627766218,0.0005258981282834868,0.0004972696063761988,0.0005168526265355811,1489.4483602476716
1791078300,0.0005168526265355811,0.0005247332808654199,0.0005023120928008685,0.0005210976869872133,1334.551164102257
1791078360,0.0005210976869872133,0.0005276544019327928,0.0005036708356314193,0.0005129010229864789,1300.2242822115925
1791078420,0.0005129010229864789,0.0005244860259537781,0.00047782507771190855,0.0005152037340880572,2810.2254947444944
1791078480,0.0005152037340880572,0.0005152129699248552,0.0004955947426336442,0.0004957661085559465,1954.9368851649906
1791078540,0.0004957661085559465,0.0005192671788002581,0.00047977373739793375,0.0004858332579196659,2311.050584887121
1791078600,0.0004858332579196659,0.0005087334084352033,0.0004833420115217728,0.0005087203956937048,1147.773845909303
1791078660,0.0005087203956937048,0.0005154154066594683,0.0004945111977346357,0.0005016685127500594,1364.1707843267347
1791078720,0.0005016685127500594,0.0005136684803721465,0.0004854638509718048,0.000500877479153601,2285.4122532533625
1791078780,0.000500877479153601,0.0005111648542133834,0.0004916383284726778,0.0004978505520706906,1512.0657248602568
1791078840,0.0004978505520706906,0.0005173314975038732,0.0004953935134180781,0.0004969670976369022,1731.6146965363018
1791078900,0.0004969670976369022,0.0005032271064851266,0.000455730255815868,0.00047222766368948854,3024.5517163526856
1791078960,0.00047222766368948854,0.00047496983250406015,0.00044579428404093135,0.000470249998503578,2268.433901134452
1791079020,0.000470249998503578,0.0004917051853188688,0.00046321862185801413,0.00048254832572099273,1751.2450424471685
1791079080,0.00048254832572099273,0.0004848898649841822,0.00046649476273926115,0.0004787790710823819,1488.63517706804
1791079140,0.0004787790710823819,0.0004926856654415066,0.00047004054079692034,0.00048652631863613314,1433.375895378422
1791079200,0.00048652631863613314,0.0004961650773485256,0.00046376507547134336,0.0004749164091651516,1852.3737471871725
1791079260,0.0004749164091651516,0.0004998371413458364,0.00045903216841604837,0.0004656804649236714,2591.6061628513294
1791079320,0.0004656804649236714,0.0004657292608867931,0.00043027639820946226,0.00044456437604966677,1955.8384125788689
1791079380,0.00044456437604966677,0.00047103468729485753,0.00043904895878965356,0.0004422435567200796,2175.147674284329
1791079440,0.0004422435567200796,0.0004714671045733105,0.0004422435567200796,0.00046552838603310635,1481.003442449896
1791079500,0.00046552838603310635,0.00047819363973651124,0.0004564010090047704,0.0004746667593309039,2033.162782358694
1791079560,0.0004746667593309039,0.0004952544114042449,0.00046870813749793906,0.0004914206527234623,1523.5146940294633
1791079620,0.0004914206527234623,0.0005132400991764605,0.0004870236032739995,0.0005061373492004539,1963.4681033797028
1791079680,0.0005061373492004539,0.0005154739532063258,0.0004976614543661962,0.0005086565075432248,1524.8259879566456
1791079740,0.0005086565075432248,0.0005106105628707388,0.0004876630430471699,0.0005105817485425037,1731.6927550654254
1791079800,0.0005105817485425037,0.0005105817485425037,0.00047748117260656877,0.0004946758793237276,1526.9866042618328
1791079860,0.0004946758793237276,0.0005110834123698511,0.0004885087725072171,0.0005085945696972719,1724.4132143050304
1791079920,0.0005085945696972719,0.0005277837163462244,0.0004951812844929706,0.0005274275733897328,1796.0455431084224
1791079980,0.0005274275733897328,0.0005435189288973346,0.0005208839290908771,0.000528575851632572,1133.18386454671
1791080040,0.000528575851632572,0.0005516238536506146,0.0005274360247291393,0.0005433485871512581,1481.6612013760816
1791080100,0.0005433485871512581,0.0005471754531877272,0.0005231283918615713,0.0005396928978162001,1614.5221046724346
1791080160,0.0005396928978162001,0.0005622503922752273,0.0005287667371377455,0.0005287667371377455,1921.228885770936
1791080220,0.0005287667371377455,0.0005337491561183046,0.0005013863886384722,0.0005155443632083443,1817.6219626454056
1791080280,0.0005155443632083443,0.0005342378594331801,0.0005052279725467846,0.0005060387860108649,2048.613755716597
1791080340,0.0005060387860108649,0.0005349364791509882,0.00048792130978917797,0.0004916898599000026,2295.511040216188
1791080400,0.0004916898599000026,0.0005166995928041621,0.00047705921160105027,0.000508405091160378,2442.8255861346956
1791080460,0.000508405091160378,0.0005188564591339548,0.0004940885093435293,0.0005003444870866264,1671.3972912997428
1791080520,0.0005003444870866264,0.0005099204229880427,0.0004916478811955424,0.0004976747056438898,1428.713925662195
1791080580,0.0004976747056438898,0.0005164933763352644,0.000494852320494383,0.0005043855233934492,1483.7838470406402
1791080640,0.0005043855233934492,0.0005363665808402432,0.0004988807677608932,0.0005319888726334864,1504.4403704180863
1791080700,0.0005319888726334864,0.0005337426319564592,0.0004967029157996861,0.0005101640419157992,1615.9777568718891
1791080760,0.0005101640419157992,0.0005171948860883857,0.0005096124384037161,0.0005171004237244966,69.39228082774169
1791080820,0.0005171004237244966,0.0005180207049953659,0.0005102031881226331,0.0005112281777369294,114.08227890169044
1791080880,0.0005112281777369294,0.0005449924326411971,0.0005112185303520833,0.0005400415252169601,2019.4240620882379
1791080940,0.0005400415252169601,0.0005443483643494089,0.0005211380914761658,0.0005248011136037927,2437.9876023930915
1791081000,0.0005248011136037927,0.000538416752318633,0.0004741629934866359,0.0005038771109628295,4721.8513136067695
1791081060,0.0005038771109628295,0.000504512736021739,0.00047528073181084355,0.0004909939639467529,2199.458217345657
1791081120,0.0004909939639467529,0.0004997273068168714,0.00048251380849253747,0.0004906908773770792,1507.7631518028584
1791081180,0.0004906908773770792,0.0005014506677186885,0.0004838507564215895,0.0004948483100534433,1665.6438569378865
1791081240,0.0004948483100534433,0.0005032911178543284,0.00048299394540691804,0.0004900981834050388,1574.6308134803578
1791081300,0.0004900981834050388,0.0004952914043821719,0.0004652215220799716,0.0004692623749468248,1672.013340652736
1791081360,0.0004692623749468248,0.0004891492006618062,0.000468677817953259,0.0004832275582676061,1403.7146739092575
1791081420,0.0004832275582676061,0.0004915354225317305,0.0004679326754587898,0.00047295327912746303,1692.0358919738342
1791081480,0.00047295327912746303,0.0004903605964951914,0.00046695467389096696,0.00047721946266813175,1393.9983966583384
1791081540,0.00047721946266813175,0.00048493734877329584,0.000467256099382198,0.00048007200705293013,1435.3589131705955
1791081600,0.00048007200705293013,0.0004965218611497502,0.000474068744438405,0.0004941309201229914,1404.0271961791766
1791081660,0.0004941309201229914,0.0004993785493086936,0.0004804400642562945,0.0004897134452107478,1863.435283602437
1791081720,0.0004897134452107478,0.0005062142649574564,0.0004877247240319042,0.0004998651710925735,1680.5372197965623
1791081780,0.0004998651710925735,0.0005122419820279306,0.0004922837094768862,0.0004922837094768862,1731.8929305654096
1791081840,0.0004922837094768862,0.0005131904461688644,0.0004922544123244336,0.0005064188825825427,1751.8200332174224
1791081900,0.0005064188825825427,0.0005170608888973659,0.00048750610033854955,0.0005058841706521292,1697.785225587107
1791081960,0.0005058841706521292,0.0005271097067747019,0.0004998661515979104,0.0005232681361730193,1216.7168212243714
1791082020,0.0005232681361730193,0.0005346419334584865,0.0005131313959234548,0.0005208987915268422,1372.420172799267
1791082080,0.0005208987915268422,0.0005378145886856084,0.0005136100115757918,0.0005378097270236969,1251.6714593584736
1791082140,0.0005378097270236969,0.0005442875909459372,0.0005231041755017886,0.0005265429957289629,1550.7287325453772
1791082200,0.0005265429957289629,0.0005427958626254391,0.0005085194084712256,0.0005132351248797214,1893.3280703856644
1791082260,0.0005132351248797214,0.0005350693906189996,0.0005060871729340646,0.0005238163150698645,2160.985371777778
1791082320,0.0005238163150698645,0.0005351452600809813,0.0005149505195180132,0.000524361285559651,1247.8374046887695
1791082380,0.000524361285559651,0.0005293630692699348,0.0004890860339819863,0.0004928890269025989,1877.705650835836
1791082440,0.0004928890269025989,0.0005188583296063947,0.0004928625250513064,0.000501315010207579,1616.9553198620038
1791082500,0.000501315010207579,0.0005039517210135379,0.00048186986333384555,0.00048621306905430176,1854.40394077402
1791082560,0.00048621306905430176,0.0005093609540568338,0.0004785612206929756,0.0005093609540568338,1996.4855998234714
1791082620,0.0005093609540568338,0.0005158160388925816,0.0004887631436797974,0.0005049104276650927,1540.22939051678
1791082680,0.0005049104276650927,0.0005119073842587709,0.0004894452040774711,0.0005090951723710462,1443.5511940803192
1791082740,0.0005090951723710462,0.0005214452339617566,0.0004960143287327678,0.0005057205392796148,2066.670413849775
1791082800,0.0005057205392796148,0.0005057370690444062,0.0004846893134505236,0.00048474534779840793,1973.9656524750565
1791082860,0.00048474534779840793,0.0004929023128462536,0.0004579478232297055,0.00047603232033158183,1924.2355590056031
1791082920,0.00047603232033158183,0.0004946627330573541,0.00046394959322924346,0.0004946062188152251,2022.6771191259188
1791082980,0.0004946062188152251,0.0005070819188718302,0.000489218726352582,0.0004935570416805378,1466.0201874546924
1791083040,0.0004935570416805378,0.0005048342088159842,0.00047592537938094764,0.000495202896516754,1724.13130096045
1791083100,0.000495202896516754,0.0005135644229488623,0.000489092609763222,0.0005005176178776647,1882.94913623065
1791083160,0.0005005176178776647,0.0005423482576727451,0.0005005176178776647,0.0005337318840292986,1867.7745546101703
1791083220,0.0005337318840292986,0.000554593325069718,0.0005266182521730844,0.000534297998869646,2156.5057678906114
1791083280,0.000534297998869646,0.0005613032417104078,0.0005285753270548947,0.0005554793632672193,2418.059089144163
1791083340,0.0005554793632672193,0.0005678243890745189,0.0005406035893286319,0.0005493000028363447,1896.251200774208
1791083400,0.0005493000028363447,0.0005608098784929859,0.000535072591081839,0.0005460375679249576,1767.2628283232818
1791083460,0.0005460375679249576,0.0005798418882330258,0.0005456950316204603,0.0005793185969958714,1647.4316505764086
1791083520,0.0005793185969958714,0.000580336400188573,0.0005568289523272307,0.0005779847208139043,2923.5584932738448
1791083580,0.0005779847208139043,0.0005846324645462398,0.0005534265845481437,0.000566246602933,3814.2036391252473
1791083640,0.000566246602933,0.0006044526641100053,0.0005476709628164341,0.0005835184921694905,6080.9679462659815
1791083700,0.0005835184921694905,0.0005870101711610838,0.0005577380563951014,0.000579885429187359,2939.097334439914
1791083760,0.000579885429187359,0.000579885429187359,0.0005162823440485032,0.0005202495728643047,6174.20523383462
1791083820,0.0005202495728643047,0.0005553358887556987,0.0005127607701875408,0.000525902028174832,3706.9869355156557
1791083880,0.000525902028174832,0.000550559837470169,0.0005174703768764141,0.0005305533345202342,4141.38850846567
1791083940,0.0005305533345202342,0.0005470648789605115,0.000511444385391185,0.00053778525447055,3741.758963357731
1791084000,0.00053778525447055,0.0005378606871144652,0.0005083661738082263,0.0005296339601367708,2999.2502638897367
1791084060,0.0005296339601367708,0.0005489317923033204,0.0005242751119321067,0.0005252073811539006,1189.222447626349
1791084120,0.0005252073811539006,0.0005398425822379351,0.0005051161361894135,0.0005098826109356467,2141.99656157332
1791084180,0.0005098826109356467,0.0005206306854099733,0.0004983565336952713,0.0005206033990595148,1461.2105303977883
1791084240,0.0005206033990595148,0.0005257808344610665,0.00048154301997085913,0.0004956769048755443,2496.769137873994
1791084300,0.0004956769048755443,0.0005058560479606557,0.0004860318405684566,0.0004984418429063942,1455.8110972149639
1791084360,0.0004984418429063942,0.0005044493006781966,0.00043328489473908017,0.00046770581925548475,5243.449739095103
1791084420,0.00046770581925548475,0.000504485220524906,0.00046187329719474826,0.00048088525375747994,2299.3853147962454
1791084480,0.00048088525375747994,0.00048088525375747994,0.00045971084756281534,0.00047458723075682874,1436.5923840614153
1791084540,0.00047458723075682874,0.0004838243540511732,0.0004633368874336803,0.0004720884636191367,1813.7286684794292
1791084600,0.0004720884636191367,0.0004983718499314662,0.0004669835279451322,0.0004908202408465464,1426.4823013851724
1791084660,0.0004908202408465464,0.0005000099379337267,0.0004780569113654774,0.0004935621656278323,1830.425902029567
1791084720,0.0004935621656278323,0.0005047268859833586,0.00047982366410461764,0.0005042780308299426,1433.6106512610431
1791084780,0.0005042780308299426,0.0005132979714634324,0.0004912395126383662,0.0005049449859239206,1440.7323369292637
1791084840,0.0005049449859239206,0.000511318149166266,0.00047476922347685664,0.0005064157916825025,2124.6167105839017
1791084900,0.0005064157916825025,0.0005303125206949353,0.0005001308688229375,0.0005236540524238177,1940.6535239446232
1791084960,0.0005236540524238177,0.0005304226154751575,0.0005080250646533777,0.0005248396417729552,1693.382112122782
1791085020,0.0005248396417729552,0.0005302287202162624,0.000506036528348664,0.0005147391045359151,2031.6721561722793
1791085080,0.0005147391045359151,0.0005244791085023607,0.0005054931221746389,0.0005070716401420722,1483.5811776656137
1791085140,0.0005070716401420722,0.0005176147859127496,0.0004954826760872025,0.0005176147859127496,1651.5229035872294
1791085200,0.0005176147859127496,0.0005195249221169547,0.0005018682098137971,0.0005144155996250818,1526.4546008864386
1791085260,0.0005144155996250818,0.0005154870398438906,0.0004966579953741265,0.0005154870398438906,1580.730017571314
1791085320,0.0005154870398438906,0.0005283671436767559,0.0004985616609437137,0.0005019912630586953,1892.0850409286525
1791085380,0.0005019912630586953,0.0005484207023506343,0.0005019826514254314,0.0005418562202493958,1976.1195048919526
1791085440,0.0005418562202493958,0.000548453236503573,0.0005193192298334677,0.0005203282850149589,1685.123758154043
1791085500,0.0005203282850149589,0.0005484741531495343,0.0005202902924328507,0.000543872496143455,1073.6558530655507
1791085560,0.000543872496143455,0.0005631783166423427,0.0005404988323285909,0.0005482901986244734,1452.9138849832102
1791085620,0.0005482901986244734,0.0005549308365519576,0.0005482901986244734,0.0005549308365519576,0.773007335837673
1791085680,0.0005409832652326202,0.0005476624509589842,0.0005271361751975031,0.0005410925772792393,1630.4288299193856
1791085740,0.0005410925772792393,0.0005468232499668163,0.0005249432795052723,0.0005443937721767946,1509.621266050954
1791085800,0.0005443937721767946,0.0005517018456207817,0.0005309168336646273,0.0005456089568587106,1689.9588411866243
1791085860,0.0005456089568587106,0.0005809075859543146,0.0005455776335647273,0.0005742891498517199,1018.9750766082302
1791085920,0.0005742891498517199,0.0005844520005139514,0.0005556744767347043,0.0005623999516982104,1948.272165184459
1791085980,0.0005623999516982104,0.0005893943644369391,0.0005556519398049432,0.0005682804833470927,1837.3771358442048
1791086040,0.0005682804833470927,0.0005855244383803781,0.0005615027299147615,0.0005790636665837244,1123.916264161763
1791086100,0.0005790636665837244,0.0005861110466658353,0.0005645582774541393,0.0005726620692679629,1792.851345263546
1791086160,0.0005726620692679629,0.0005925023760618644,0.0005726620692679629,0.0005841334318385071,966.8970665175149
1791086220,0.0005841334318385071,0.0006048168552289652,0.0005689518491287254,0.000585306048756655,2279.0447577584296
1791086280,0.000585306048756655,0.0005956617484908969,0.0005703137087843073,0.0005850633373845333,1960.243341507425
1791086340,0.0005850633373845333,0.0005943204197420514,0.0005645003000570437,0.000579490492714837,3572.935811921066
1791086400,0.000579490492714837,0.0006312102151804823,0.0005794876056917113,0.0006155022217174262,4698.807934070823
1791086460,0.0006155022217174262,0.0006155118451668436,0.0005817537027744083,0.0006038216672457058,3723.756691241375
1791086520,0.0006038216672457058,0.0006086739733722946,0.0005799741224942713,0.00058429336774857,3776.2638233885395
1791086580,0.00058429336774857,0.0006160171904013292,0.00058429336774857,0.0006113565473660849,3310.2207446541415
1791086640,0.0006113565473660849,0.0006211584737503877,0.0005848168461201448,0.000593666919618505,3594.212035367996
1791086700,0.000593666919618505,0.0005979416450465065,0.000557055948765745,0.0005714960556450228,3887.1462420469043
1791086760,0.0005714960556450228,0.0005903408407788348,0.0005558276706269365,0.0005848058888929188,2681.809758504872
1791086820,0.0005848058888929188,0.0005936751531291371,0.0005685880598811011,0.0005854042520083222,3264.541626676139
1791086880,0.0005854042520083222,0.0005975568603486,0.000561661934409449,0.0005892055987792111,3281.278279558825
1791086940,0.0005892055987792111,0.0005954951766548618,0.0005591465761350432,0.0005751425689808507,3163.6351978569173
1791087000,0.0005751425689808507,0.0005858144454067378,0.0005343618710503616,0.0005418932585762151,4179.436613197702
1791087060,0.0005418932585762151,0.0005658098504303338,0.0005382870977616563,0.000555549704230483,3926.774462929524
1791087120,0.000555549704230483,0.0005645156179005552,0.0005407105720622658,0.0005492688309531132,3446.5553444198345
1791087180,0.0005492688309531132,0.0005531264737361897,0.0005132361977857824,0.0005263398980427836,3750.2477756324447
1791087240,0.0005263398980427836,0.0005445735312371621,0.000517954952747936,0.0005296813010003466,3623.3595672351066
1791087300,0.0005296813010003466,0.0005544356804791986,0.0005188840772445448,0.0005378832488906159,3719.4773494917004
1791087360,0.0005378832488906159,0.000545271564557128,0.0005173370180168135,0.000545271564557128,3609.67469685009
1791087420,0.000545271564557128,0.0005551843021224321,0.0005229712146159578,0.0005272255160100131,3817.9292171205593
1791087480,0.0005272255160100131,0.0005551188747079037,0.0004898808428113244,0.0004960817890934119,4974.604044118503
1791087540,0.0004960817890934119,0.0005336017752927795,0.0004960817890934119,0.0005052831732555966,2954.5031654653512
1791087600,0.0005052831732555966,0.0005228576272333676,0.0004994794758165711,0.0005108925898930178,3087.665091890098
1791087660,0.0005108925898930178,0.0005215004726414644,0.0004979920758341898,0.000503150950848305,3153.1875436635128
1791087720,0.000503150950848305,0.0005413847095317922,0.0004922504087042698,0.0005413847095317922,2569.613460618258
1791087780,0.0005413847095317922,0.0005459540078645275,0.0005264317210143427,0.0005356774274430982,1750.940884503851
1791087840,0.0005356774274430982,0.0005544152423556028,0.0005289641062030297,0.0005402064202143313,1396.8332356719695
1791087900,0.0005402064202143313,0.000546034379033676,0.0005241462724966954,0.0005369163234908521,1682.7359779566905
1791087960,0.0005369163234908521,0.0005743638921275077,0.0005302372248399295,0.0005645042921142496,2525.7709412292284
1791088020,0.0005645042921142496,0.0005645624870629112,0.0005430039887618513,0.0005493849731560684,1740.7301407811096
1791088080,0.0005493849731560684,0.0005649517236139896,0.0005329609478009459,0.0005416560394411791,1592.1270568546768
1791088140,0.0005416560394411791,0.0005657730259220214,0.0005262829533290335,0.0005336397297124227,2309.5721943485228
1791088200,0.0005336397297124227,0.0005403230241231544,0.0005237304894851135,0.0005369552067541582,1569.648630909691
1791088260,0.0005369552067541582,0.0005392002279681038,0.0005153918229257942,0.0005322100490542832,1588.7922711762374
1791088320,0.0005322100490542832,0.0005454139803541126,0.0005125795959940585,0.0005127285123049208,2124.66122173363
1791088380,0.0005127285123049208,0.0005190847872953237,0.00049463227885744,0.0005092546121787269,1435.495112580373
1791088440,0.0005092546121787269,0.0005145934837076793,0.0004918848896588317,0.0005069436680387903,1823.7882993394428
1791088500,0.0005069436680387903,0.0005198198100909646,0.0004968122507254267,0.0005137042759877584,1837.841061735769
1791088560,0.0005137042759877584,0.0005236907473837664,0.0004986570365728474,0.0005058768094488273,2374.0371242513993
1791088620,0.0005058768094488273,0.0005274617978379816,0.0005051002578070187,0.0005196187909672829,1278.3946886983615
1791088680,0.0005196187909672829,0.0005362854824511481,0.000508637834911488,0.0005327728673093302,1329.934969938776
1791088740,0.0005327728673093302,0.0005394819693013777,0.0004885961842282216,0.000490638536231139,2711.3333281580512
1791088800,0.000490638536231139,0.0005143641795268491,0.0004719669668712576,0.0004767252434550931,2195.242067315412
1791088860,0.0004767252434550931,0.0004954072118535439,0.0004763323442626309,0.0004790062871694435,1842.7711784819817
1791088920,0.0004790062871694435,0.0004987853517336346,0.0004790062871694435,0.0004886193746643313,1798.5991938021114
1791088980,0.0004886193746643313,0.0004963949474973376,0.00047145049151266135,0.00047145049151266135,1846.6641002208196
1791089040,0.00047145049151266135,0.0004902749231054916,0.0004713720349491484,0.00048792835148466537,1153.8904348998478
1791089100,0.00048792835148466537,0.0004906644361859417,0.00047295974369113207,0.000485246734148591,1657.8848007161016
1791089160,0.000485246734148591,0.0004996865236480738,0.00047626536701814105,0.0004938433377429388,1902.3444778578082
1791089220,0.0004938433377429388,0.0004970054488033615,0.0004568053452900071,0.00046868198507385303,2536.385013640085
1791089280,0.00046868198507385303,0.0004709003991702311,0.00045444867859742216,0.0004643538610507654,1807.886809766228
1791089340,0.0004643538610507654,0.00046610788592091904,0.0004443706491963502,0.00046406829945075113,1794.8950456190623
1791089400,0.00046406829945075113,0.00046569855603242747,0.00043306502712226044,0.0004392166356154208,1992.1691758183908
1791089460,0.0004392166356154208,0.0004663992554299907,0.0004392166356154208,0.00046057468085237133,1563.393074902828
1791089520,0.00046057468085237133,0.0004663919042117829,0.00044704583475714527,0.0004560354491385997,1680.9672881808988
1791089580,0.0004560354491385997,0.00047177226191853083,0.0004539092823784651,0.00047005156002367,1279.9791948397767
1791089640,0.00047005156002367,0.00048290682487910216,0.0004467677388622606,0.00047636913396842823,2600.4601293213686
1791089700,0.00047636913396842823,0.00048458811983627555,0.00045792723885809775,0.00047398915022867425,1869.7756604180593
1791089760,0.00047398915022867425,0.00050530568090357,0.0004657693313114658,0.0004920453046217689,3321.9473786975545
1791089820,0.0004920453046217689,0.0005037806604114012,0.0004876536225861763,0.0004954779382124392,1158.2103316321898
1791089880,0.0004954779382124392,0.0005011504301483757,0.0004645293100081089,0.0004889383532007017,3801.3357616574517
1791089940,0.0004889383532007017,0.0004984870693145532,0.0004676536701862697,0.0004943741193956831,1971.1233093947164
1791090000,0.0004943741193956831,0.0005087085468256022,0.0004891791163628567,0.0004981017331087367,1586.9489216032155
1791090060,0.0004981017331087367,0.0005131155171840478,0.0004930086897241779,0.0005079350908895372,1182.1484981558065
1791090120,0.0005079350908895372,0.0005116046005106739,0.0004863749470602938,0.0004961257314784942,1387.8384382907554
1791090180,0.0004961257314784942,0.0005030400606569251,0.00045987039551291997,0.00048580588418239593,4185.489601257333
1791090240,0.00048580588418239593,0.0005074552583957681,0.00047111238647691523,0.0004711142086701448,2217.941560116921
1791090300,0.0004711142086701448,0.0004832326550256435,0.0004633990283487269,0.00047526576105154784,1677.6591348130564
1791090360,0.00047526576105154784,0.0005002309731694064,0.00047526576105154784,0.0004931080304412132,1096.6919193119
1791090420,0.0004931080304412132,0.0005159002764430066,0.00048088735246286195,0.0005158790961442189,2545.461920228459
1791090480,0.0005158790961442189,0.0005285018390864406,0.0005018073671182041,0.0005091322195315824,1661.7945970284336
1791090540,0.0005091322195315824,0.0005157777317378061,0.0004945779980548086,0.0005078281096161216,1734.5872062474843
1791090600,0.0005078281096161216,0.0005151625911714495,0.00048575407780397395,0.0004884533369977393,2743.033819912727
1791090660,0.0004884533369977393,0.0005114474703326682,0.0004884219719730676,0.0004978330982062176,1488.5065698329108
1791090720,0.0004978330982062176,0.0005042811720007796,0.0004811012641047623,0.0005042811720007796,1558.34293396554
1791090780,0.0005042811720007796,0.0005157423937013169,0.0004932152621324877,0.0005069051495804944,1676.0354041236742
1791090840,0.0005069051495804944,0.0005305068517321842,0.0005005839140265053,0.0005175908677980059,1489.2028267017301
1791090900,0.0005175908677980059,0.0005248077757105104,0.0005029181511929104,0.0005121085215453288,2379.596003350423
1791090960,0.0005121085215453288,0.0005376017094505265,0.0005057123265090495,0.0005308560653201444,1543.6626783203799
1791091020,0.0005308560653201444,0.0005375426707064058,0.0005174269970527539,0.0005285121629545232,1474.3965453118483
1791091080,0.0005285121629545232,0.0005345352035914855,0.00048697409725565724,0.0004931451649380783,2333.902321838371
1791091140,0.0004931451649380783,0.000511360028499704,0.0004883462633923336,0.0005068835113572648,1364.594521295532
1791091200,0.0005068835113572648,0.0005165672593342309,0.0004926000959683609,0.0005014148805220373,1606.2746860590626
1791091260,0.0005014148805220373,0.0005175565211515944,0.00045760087949657687,0.0004586555795303784,3002.6862637049894
1791091320,0.0004586555795303784,0.0004827870946717271,0.00045698335052196285,0.0004816962414704226,1001.4381114092025
1791091380,0.0004816962414704226,0.0004817851380548902,0.00045847321822294263,0.00047246932974396905,1746.2094037881418
1791091440,0.00047246932974396905,0.00048597485358082984,0.0004611115731488368,0.00047570620946701275,1985.1716503917592
1791091500,0.00047570620946701275,0.00048209605274698094,0.00046328831077748444,0.0004775928224081536,1747.558009590803
1791091560,0.0004775928224081536,0.0004920023646315419,0.0004699819827796478,0.0004919865188219865,1568.0312571149673
1791091620,0.0004919865188219865,0.0005000718808294782,0.0004815370371264091,0.0004896643813242283,1580.228416374003
1791091680,0.0004896643813242283,0.0005015278481155191,0.0004802891185502582,0.00048344232709180335,1292.3865534390072
1791091740,0.00048344232709180335,0.0005000750325864545,0.00047607388218588617,0.0004843135880538978,1719.2103718197768
1791091800,0.0004843135880538978,0.0004969059634735179,0.0004756203761182283,0.0004855713451610585,1806.789176612584
1791091860,0.0004855713451610585,0.0005014369442616041,0.000473123724490364,0.00047997909728469745,1561.345895181467
1791091920,0.00047997909728469745,0.0004912052209073744,0.0004735162242682822,0.00048298705248642036,1098.2833400437084
1791091980,0.00048298705248642036,0.000498005581776472,0.0004797570044984739,0.0004979611240068694,1080.0237605947125
1791092040,0.0004979611240068694,0.0005110369184009885,0.0004842867256277373,0.0004952981389712039,1774.3878659447466
1791092100,0.0004952981389712039,0.0005152861548109205,0.0004909600486525357,0.0005024065741513254,1439.389568390843
1791092160,0.0005024065741513254,0.000513066039729369,0.0004846768107806025,0.0005130477098125569,2604.3189735034034
1791092220,0.0005130477098125569,0.0005249483200002247,0.0005066763675977628,0.000518398981319011,1414.009505927568
1791092280,0.000518398981319011,0.0005332765565820174,0.0005060385712027142,0.0005332765565820174,1540.3964260285131
1791092340,0.0005332765565820174,0.0005332765565820174,0.0005030538283220499,0.0005167361921987849,1342.6335608960414
1791092400,0.0005167361921987849,0.0005256704641032858,0.0004990860231504172,0.0005090926137453735,1735.216192455252
1791092460,0.0005090926137453735,0.0005152211658108436,0.000494930749577436,0.0005152211658108436,1635.7168323715844
1791092520,0.0005152211658108436,0.0005243435327631574,0.0005006407713175347,0.000510727303178408,1829.439984929795
1791092580,0.000510727303178408,0.0005265084502845994,0.0005028313041894035,0.0005042417622271882,1457.732066657214
1791092640,0.0005042417622271882,0.0005297063344095605,0.0004982076142662242,0.0005230834811656433,1479.90008226263
1791092700,0.0005230834811656433,0.0005402275569995846,0.0005206033253375845,0.0005282424253131273,1534.8454537729197
1791092760,0.0005282424253131273,0.0005382048068453456,0.0005125000204097036,0.0005125121165638212,1643.4374362739218
1791092820,0.0005125121165638212,0.000537291274037763,0.0005077310481639924,0.0005303264489232362,2135.3772740697673
1791092880,0.0005303264489232362,0.0005353870805201472,0.0005082686963197579,0.0005286555495737321,1695.7085561761746
1791092940,0.0005286555495737321,0.0005384563277111835,0.0005164658455869162,0.0005313441638820067,1625.242526928888
1791093000,0.0005313441638820067,0.000543704341216984,0.0005204108671129833,0.0005303700346764711,2176.62137637792
1791093060,0.0005303700346764711,0.0005486873337143587,0.0005270130544560294,0.0005367165079543992,1314.7959482708861
1791093120,0.0005367165079543992,0.0005442540222136989,0.0005210703612910442,0.0005213492712197774,1847.3752454585037
1791093180,0.0005213492712197774,0.0005304433261423077,0.0005148006542372056,0.0005238168727600996,1915.8488245919877
1791093240,0.0005238168727600996,0.0005375353580908323,0.0005157677922054741,0.0005308394743577675,1419.1795146026777
1791093300,0.0005308394743577675,0.0005416128955102661,0.0005182345174982571,0.0005414940214019796,2212.1806778409145
1791093360,0.0005414940214019796,0.0005697247067749817,0.0005363317636073819,0.0005452647873430957,1930.2901019787382
1791093420,0.0005452647873430957,0.0005622797019221129,0.000536621237633508,0.0005389294339783773,1987.0035418002522
1791093480,0.0005389294339783773,0.0005623679837920677,0.0005389294339783773,0.0005552715786010776,1637.0621849543695
1791093540,0.0005552715786010776,0.0005722944892592313,0.0005427391069612181,0.0005722944892592313,1945.1908152160615
1791093600,0.0005722944892592313,0.0005722944892592313,0.0005472991563467252,0.000556594849217737,1298.4082957752832
1791093660,0.000556594849217737,0.0005699944005521282,0.0005415153507423382,0.0005452359292899948,1543.784157613406
1791093720,0.0005452359292899948,0.0005587996651060788,0.000530827135035165,0.0005332697920312547,1951.5205654653046
1791093780,0.0005332697920312547,0.0005378598593228799,0.0005126374690415264,0.0005311373467305244,1396.9330515438317
1791093840,0.0005311373467305244,0.0005410984501681223,0.0005132836056974718,0.0005410984501681223,1876.671133817211
1791093900,0.0005410984501681223,0.0005410984501681223,0.0005107354259812655,0.0005198186464198324,2202.9110038034537
1791093960,0.0005198186464198324,0.0005365844279491737,0.0005133634873941631,0.0005323841485320736,1526.9851429968346
1791094020,0.0005323841485320736,0.000542445067262624,0.0005060579340573569,0.0005061699035600502,1662.8089365245824
1791094080,0.0005061699035600502,0.0005238087388859193,0.0005061699035600502,0.000520632625382032,1493.7319889592409
1791094140,0.000520632625382032,0.0005386836382690601,0.0005141542762470947,0.000525254284713242,1027.4078249749723
1791094200,0.000525254284713242,0.0005337778060349127,0.0005110772853445567,0.0005243128356145106,1924.807644752012
1791094260,0.0005243128356145106,0.0005324842597065285,0.0005070512143925921,0.0005157731981342637,1746.046112778959
1791094320,0.0005157731981342637,0.00053401456127494,0.0005151787542772165,0.0005151789252790285,1515.4494985655424
1791094380,0.0005151789252790285,0.0005279080309943246,0.0005072709738181461,0.0005229841149828761,1640.4605930193607
1791094440,0.0005229841149828761,0.0005309991530753551,0.00048750051058638657,0.0004875254709924422,2146.9642015792424
1791094500,0.0004875254709924422,0.0005061983222704095,0.00048144617120487147,0.0004928775943001681,1535.1845609251966
1791094560,0.0004928775943001681,0.0005114988233102127,0.00048671577553845434,0.0005090824056910659,1433.7546052069865
1791094620,0.0005090824056910659,0.0005186064348362515,0.0004886159494170384,0.0004960628593977088,1278.5972779708502
1791094680,0.0004960628593977088,0.000511129144320173,0.0004911056890832575,0.0004998834595173005,1342.9178163223896
1791094740,0.0004998834595173005,0.0005143454659988221,0.0004974320567137968,0.0005105919403057613,1636.7758825630308
1791094800,0.0005105919403057613,0.0005171800281135069,0.0004921770302682258,0.000509509441843842,2281.079523424729
1791094860,0.000509509441843842,0.000529516530411544,0.00050332531100761,0.0005047165389772587,1672.704518184849
1791094920,0.0005047165389772587,0.000515516905353623,0.0004955486180818725,0.0005078011451825843,2158.95971679564
1791094980,0.0005078011451825843,0.0005272951630072316,0.0005005679564937956,0.0005206822603035828,1489.915479607834
1791095040,0.0005206822603035828,0.0005264289058045482,0.0005030760217194279,0.0005204369646605861,1904.1620527365833
1791095100,0.0005204369646605861,0.0005392288735441449,0.0005102283791566716,0.0005282519775068873,2033.6750758149865
1791095160,0.0005282519775068873,0.0005349994207144483,0.0004558924791313763,0.0004803445789706655,6608.874718023031
1791095220,0.0004803445789706655,0.0004949377650259398,0.00046494192928207666,0.0004898919083068081,4038.529024625731
1791095280,0.0004898919083068081,0.0004981854210961652,0.0004659515520648247,0.00048788233480092307,3586.993848459843
1791095340,0.00048788233480092307,0.0005071131037961512,0.0004778640544233857,0.0004978159742529747,4719.042011463394
1791095400,0.0004978159742529747,0.0004999596440343474,0.0004677231710891684,0.00048241541160495236,5175.01608955429
1791095460,0.00048241541160495236,0.0004920731591807235,0.0004590340174994825,0.0004743372189393888,5194.162060717035
1791095520,0.0004743372189393888,0.0004835023579692534,0.0004344995082489724,0.0004534342310320817,5513.486957385182
1791095580,0.0004534342310320817,0.00046481287193733564,0.0004357305663384575,0.0004440622564218154,4578.403486252183
1791095640,0.0004440622564218154,0.0004633805559053122,0.00043091226517892985,0.0004402417473214289,4551.9679261462115
1791095700,0.0004402417473214289,0.0004679542637135677,0.00043686253484999604,0.0004520707554595231,3953.580710664405
1791095760,0.0004520707554595231,0.0004591631547132754,0.0004349425398590466,0.00045228645365497354,3926.4358689130813
1791095820,0.00045228645365497354,0.0004737068889240353,0.0004486700295401316,0.00046215673887295004,4710.3630543866975
1791095880,0.00046215673887295004,0.0004876015446360357,0.0004520300374403081,0.0004819326764724687,4904.3959684277315
1791095940,0.0004819326764724687,0.0004947926726826586,0.0004576827828663779,0.0004747638665878945,4587.200153307353
1791096000,0.0004747638665878945,0.00048723720543046594,0.0004438063457397601,0.0004554039645964998,4824.739844665624
1791096060,0.0004554039645964998,0.00047560900723177057,0.0004492729741593374,0.00046812891071311115,4908.762721350047
1791096120,0.00046812891071311115,0.0004906858913487965,0.0004499643252438791,0.000471562365001201,5322.142713203751
1791096180,0.000471562365001201,0.0004970725555307772,0.0004628628524901009,0.0004864333145997049,5171.387574599242
1791096240,0.0004864333145997049,0.0005175114667013638,0.0004643689426010656,0.0005026492052783313,5006.063862833302
1791096300,0.0005026492052783313,0.0005269893435342644,0.0004942925230162284,0.0005107204778259915,4398.930699979137
1791096360,0.0005107204778259915,0.0005260606516744178,0.0004932133596599496,0.0005110779968420622,4625.29009222575
1791096420,0.0005110779968420622,0.0005376242545422142,0.0004931378957550316,0.0005232145725843185,4652.44728268319
1791096480,0.0005232145725843185,0.000527810621529654,0.0005064574778779138,0.0005168512482882138,4699.728756086188
1791096540,0.0005168512482882138,0.0005234009974185693,0.00047363071334489894,0.0005024274803445001,5242.163655568337
1791096600,0.0005024274803445001,0.0005217248841685577,0.0004952019432602497,0.0005116510996752237,4554.60733225272
1791096660,0.0005116510996752237,0.0005363303572328839,0.0004883684086328449,0.0005269075631812017,4625.919242068798
1791096720,0.0005269075631812017,0.0005360430119110408,0.0005078318859572234,0.0005119084188942575,4163.20211677951
1791096780,0.0005119084188942575,0.0005433986127728457,0.0005078734465926336,0.0005341239090096498,4069.712479233498
1791096840,0.0005341239090096498,0.0005443498439172761,0.0005109821807528855,0.0005313374147199089,4012.1710617365507
1791096900,0.0005313374147199089,0.0005471379651975027,0.0005138603018564615,0.0005265278301809473,3629.7825397216584
1791096960,0.0005265278301809473,0.0005378287318817996,0.0005007509331257513,0.0005115942595206368,4870.697604321005
1791097020,0.0005115942595206368,0.000519094352287198,0.0004720123242636539,0.0004902828023529602,5610.148964024051
1791097080,0.0004902828023529602,0.0005169667671181514,0.00048009882273494125,0.0004974739305780647,5086.223538960049
1791097140,0.0004974739305780647,0.0005225920733011125,0.00048378352136844646,0.000508345955607746,4421.810495110628
1791097200,0.000508345955607746,0.0005368379434672732,0.0005019912068014478,0.0005308106041246886,3865.664781218774
1791097260,0.0005308106041246886,0.0005365331900839751,0.0005030570827131873,0.0005082646822077071,4999.815665249277
1791097320,0.0005082646822077071,0.0005267953108085821,0.0005025170503194303,0.0005063173848481326,4915.433982141862
1791097380,0.0005063173848481326,0.0005299280101618789,0.0005038915566743073,0.0005224900874120188,4512.350755034424
1791097440,0.0005224900874120188,0.0005264608820162143,0.000497310471173908,0.0005097566568716983,5228.449234994338
1791097500,0.0005097566568716983,0.0005333995248972508,0.0005009053407622766,0.0005094075931653217,4061.614394257289
1791097560,0.0005094075931653217,0.0005326891474906739,0.0004985365358514436,0.0005143683367373184,4424.505692600807
1791097620,0.0005143683367373184,0.0005282068725599782,0.0004933387971780789,0.0005127138848628365,4427.501048905131
1791097680,0.0005127138848628365,0.0005223015252034195,0.0004952365648633996,0.0005186341760203057,4146.227831748055
1791097740,0.0005186341760203057,0.0005248849812963459,0.0004979012789239989,0.0005101887638932251,4698.94274962073
1791097800,0.0005101887638932251,0.0005280342735790317,0.0004966608973256149,0.0005075393783833101,4939.329478583877
1791097860,0.0005075393783833101,0.0005740340827084152,0.0005059193296203218,0.0005432000714622163,5105.3507256552175
1791097920,0.0005432000714622163,0.0005563228173898064,0.0005186505728750985,0.0005445997142227347,4524.279010119743
1791097980,0.0005445997142227347,0.0005678375764206011,0.000520558988055074,0.000567096637411121,4511.461584523474
1791098040,0.000567096637411121,0.0005803246383339043,0.0005470402083432819,0.0005528656204011486,4071.6441733985484
1791098100,0.0005528656204011486,0.0005749951194290654,0.0005451685055893628,0.000559784098383567,4001.8707039058304
1791098160,0.000559784098383567,0.0005822394314766318,0.000546253137434001,0.0005470952389029806,3790.015010799121
1791098220,0.0005470952389029806,0.000570058353427967,0.000544711521413234,0.0005563401048841164,4808.707210409635
1791098280,0.0005563401048841164,0.0005802627495964831,0.0005448330780094632,0.0005606800986975756,4083.95661439328
1791098340,0.0005606800986975756,0.0005749068932641155,0.0005417126924422828,0.0005557181613091749,4071.8345049163017
1791098400,0.0005557181613091749,0.0005765453894419864,0.0005457294664128246,0.0005734451448911819,3550.609276114098
1791098460,0.0005734451448911819,0.000586959710747006,0.0005582128310224055,0.0005804476116543374,3515.1334419204513
1791098520,0.0005804476116543374,0.0005893831928205855,0.0005592348592748667,0.000576747570759947,4699.207669595875
1791098580,0.000576747570759947,0.0005811583464309667,0.0005516903943661977,0.0005714649754942157,4771.605109393936
1791098640,0.0005714649754942157,0.0005793196530816867,0.0005538007540669815,0.000564183183756291,4013.2410773185534
1791098700,0.000564183183756291,0.0005816438743263091,0.0005489092970753282,0.000562370379565052,6154.958067184362
1791098760,0.000562370379565052,0.0006015124998032558,0.0005436370909682896,0.0005820273537944123,4394.348688376059
1791098820,0.0005820273537944123,0.0006397570057046833,0.0005750749878739465,0.000585985245659363,6266.603935806944
1791098880,0.000585985245659363,0.000613244454575239,0.0005268459410967178,0.0005321341617340712,5882.609854952562
1791098940,0.0005321341617340712,0.000570383478090185,0.0004994023508232479,0.0005323462523653089,8568.510017340734
1791099000,0.0005323462523653089,0.0005434853234609343,0.0005004652526051182,0.0005308121184433033,4082.0640166902936
1791099060,0.0005308121184433033,0.0005513948624074359,0.0005168458339023466,0.0005427862811847312,4187.931916292136
1791099120,0.0005427862811847312,0.0005674264149445676,0.0004970648011785038,0.0005075063134840949,6977.47794717928
1791099180,0.0005075063134840949,0.0005262277266862361,0.0004947072140730242,0.0005098883857815338,5324.290560991805
1791099240,0.0005098883857815338,0.0005333742889559609,0.0005053397649792119,0.0005217798118006536,4379.732476839639
1791099300,0.0005217798118006536,0.0005283614730840677,0.0004848147158436043,0.0005086492955960989,4462.79117739621
1791099360,0.0005086492955960989,0.0005162612637893274,0.0004897761882747071,0.0005162612637893274,3795.9510044119543
1791099420,0.0005162612637893274,0.0005162842936776486,0.000489214422014885,0.0005009885691320471,4045.8911030634927
1791099480,0.0005009885691320471,0.0005227551858608386,0.0004849206600368066,0.0005069089465423478,4942.784480229757
1791099540,0.0005069089465423478,0.0005116800594679152,0.0004885818485778333,0.0005052398908610905,4973.4834018898955
1791099600,0.0005052398908610905,0.0005195459152801069,0.0004919367733100877,0.0005139673327424863,5147.934808781934
1791099660,0.0005139673327424863,0.0005540625189019427,0.0005055347275844796,0.0005452721594981375,5216.076670717033
1791099720,0.0005452721594981375,0.0005467773042755155,0.0005111840991190466,0.0005176291241054346,4433.720228951292
1791099780,0.0005176291241054346,0.0005444771863737556,0.0005091391320232998,0.0005264131525964527,5413.453624567218
1791099840,0.0005264131525964527,0.0005516165916431447,0.00048584009215415537,0.0005509683043564685,5620.176877170163
1791099900,0.0005509683043564685,0.0005543971049579647,0.0005345637073555866,0.0005345637073555866,4150.0379651299245
1791099960,0.0005345637073555866,0.0005743566322317158,0.0005287035647243231,0.0005646023685889736,5083.840977836134
1791100020,0.0005646023685889736,0.0006276249684631544,0.0005476538913689327,0.0006276249684631544,3911.6938986949194
1791100080,0.0006276249684631544,0.0006455345521763377,0.0006190380719954792,0.0006236787771213997,2735.3076771685824
1791100140,0.0006236787771213997,0.0006427067040687592,0.0006199636373665499,0.0006199636373665499,2461.934825642372
1791100200,0.0006199636373665499,0.0006493759029615172,0.0006181220863274254,0.0006454753459447191,3897.1955154737975
1791100260,0.0006454753459447191,0.0006568255332810984,0.0005673499651221681,0.0006395481039733254,5665.753948108004
1791100320,0.0006395481039733254,0.0006445127808519971,0.0006099943715705725,0.0006250848922608193,4592.351513850262
1791100380,0.0006250848922608193,0.0006440282783048484,0.0006011496323124686,0.0006011668590787391,4379.786084951531
1791100440,0.0006011668590787391,0.000633891868944678,0.0006011668590787391,0.0006273024472522713,4112.913841630381
1791100500,0.0006273024472522713,0.0006479718688742225,0.0006021999707498791,0.0006357347414938607,3871.889210220448
1791100560,0.0006357347414938607,0.0006459737772264976,0.0006200869881763826,0.0006450197404980507,2225.8137937215724
1791100620,0.0006450197404980507,0.000647969235583908,0.0006282222128893534,0.0006318962905733215,599.6411487270676
1791100680,0.0006318962905733215,0.0006931643781090713,0.0006317538110834916,0.0006573143212888327,3778.3441213424885
1791100740,0.0006573143212888327,0.0006749130318432626,0.0006432203568464753,0.0006610889902062493,6340.070068614184
1791100800,0.0006610889902062493,0.0006861926045465756,0.0006426453400122788,0.0006675875514652488,4909.983695014235
1791100860,0.0006675875514652488,0.0006761909934416955,0.0006411111098782406,0.0006411111098782406,5188.966789751151
1791100920,0.0006411111098782406,0.0006592213211411304,0.0006179425872137457,0.0006287201439746308,5815.430036209276
1791100980,0.0006287201439746308,0.0006422184192736763,0.0005950796920463163,0.0006058236531517536,6163.369406466449
1791101040,0.0006058236531517536,0.0006282795826606813,0.000594205747165803,0.0006144628271218667,4176.674877053918
1791101100,0.0006144628271218667,0.000650961777006747,0.0006041015155487784,0.0006340363418682279,4463.790242113089
1791101160,0.0006340363418682279,0.0006505606084194013,0.0006035408346687363,0.0006255721879160961,5174.836511557082
1791101220,0.0006255721879160961,0.0006528967327123679,0.0006157266736241537,0.0006449156510772044,4550.710339971809
1791101280,0.0006449156510772044,0.0006697099239286775,0.000620283665859301,0.0006516689648323722,5243.450273675061
1791101340,0.0006516689648323722,0.0006809152444647918,0.0006298693041782656,0.0006769898164476532,4491.28241265102
1791101400,0.0006769898164476532,0.0006857223707556885,0.0006418405871137521,0.0006586728235763802,6267.643471676355
1791101460,0.0006586728235763802,0.0006716132117109624,0.0005872449540557968,0.0006182822721249635,6903.031512441734
1791101520,0.0006182822721249635,0.0006434750145671575,0.0006065979182761278,0.0006195328770580237,4982.104711717732
1791101580,0.0006195328770580237,0.0006502304469944728,0.0006072258678601287,0.0006492316236929872,4716.423236692268
1791101640,0.0006492316236929872,0.0006596596023995151,0.0006283110105231495,0.0006361699906426915,5107.326951646138
1791101700,0.0006361699906426915,0.0006615270015940521,0.00056613892983971,0.0005693384784755955,7019.769148694739
1791101760,0.0005693384784755955,0.0005985358774218575,0.0005564752928551652,0.0005753354521421252,5586.352268651639
1791101820,0.0005753354521421252,0.0006034205493815269,0.0005693281109038887,0.0005812614861494479,4993.498426111746
1791101880,0.0005812614861494479,0.0006013205030173717,0.0005637728358406322,0.0005914691847707755,4367.973674879535
1791101940,0.0005914691847707755,0.0005993423622596086,0.000565210401252103,0.0005949003136350561,3594.2316238043913
1791102000,0.0005949003136350561,0.0006010749019927239,0.0005571193577564599,0.000575898493271808,4596.65289459903
1791102060,0.000575898493271808,0.0005899210150355313,0.0005625537329681402,0.0005778997444555946,4440.49612174876
1791102120,0.0005778997444555946,0.0005912475989438862,0.0005604843284827373,0.0005841557430084599,4658.914391429011
1791102180,0.0005841557430084599,0.0006029079386480018,0.0005707751918112081,0.0005951536071022577,5168.0721882362595
1791102240,0.0005951536071022577,0.0006264384186114126,0.0005736963346719623,0.00060608394319489,6355.695535717162
1791102300,0.00060608394319489,0.0006198491029579333,0.000587125137286912,0.0005996000569856664,5079.4220315983985
1791102360,0.0005996000569856664,0.0006269379774405962,0.000586500020187236,0.0006269379774405962,4869.837065653931
1791102420,0.0006269379774405962,0.0006269379774405962,0.0005942311547221528,0.0006051782002960973,4073.847475968366
1791102480,0.0006051782002960973,0.000615889726428651,0.0005626444911134224,0.0005874626057575357,5277.958993326419
1791102540,0.0005874626057575357,0.0006087262662329319,0.0005741581887886744,0.0005912942797264976,5658.994966713119
1791102600,0.0005912942797264976,0.0006044177707167295,0.000524226459248054,0.0005541289089870305,8228.95160664156
1791102660,0.0005541289089870305,0.0005651974148121658,0.0005332704702785001,0.0005451732525919851,4164.832536560957
1791102720,0.0005451732525919851,0.00057332585007871,0.0005420784060344881,0.000557603283898398,4964.337350766826
1791102780,0.000557603283898398,0.0005729758273081465,0.0005395050139135846,0.0005729758273081465,5807.68877499831
1791102840,0.0005729758273081465,0.0005878426048644514,0.0005573620488252908,0.0005848090532388859,5427.887028698132
1791102900,0.0005848090532388859,0.0005951270012136199,0.000557885430638621,0.0005939779819017835,5214.671013987819
1791102960,0.0005939779819017835,0.0005943806449479816,0.0005590363253238379,0.0005795581936451086,5110.62912560838
1791103020,0.0005795581936451086,0.0006213335256829518,0.0005663565535543281,0.0006192923497218327,6394.462268355345
1791103080,0.0006192923497218327,0.0006291275437929745,0.00059502252333248,0.0006209977568032278,4472.1066248250745
1791103140,0.0006209977568032278,0.0006481261731965678,0.000596366565323444,0.0006481261731965678,6049.24142030589
1791103200,0.0006481261731965678,0.000655839339483587,0.0005816120557583928,0.0006103748927541507,6029.101195282083
1791103260,0.0006103748927541507,0.000622719746396842,0.000587750286354717,0.0006165047919134368,5315.007670901028
1791103320,0.0006165047919134368,0.0006220918491131952,0.0005898287801242249,0.0006186421982700327,4199.706122321777
1791103380,0.0006186421982700327,0.0006456240093955593,0.0006065896425938293,0.0006141168035631834,5403.816123154248
1791103440,0.0006141168035631834,0.0006493603573756933,0.0006084062494933441,0.0006290099808676786,5093.412242959591
1791103500,0.0006290099808676786,0.0006643208442430425,0.0006150308766716837,0.000646783512780079,5028.253131777375
1791103560,0.000646783512780079,0.0007203903702966845,0.000646783512780079,0.000689680068637812,6134.024782009481
1791103620,0.000689680068637812,0.0007496675121443989,0.0006643786301274371,0.0006655253413465816,6708.927112423016
1791103680,0.0006655253413465816,0.0007282555295384247,0.0006479806016304397,0.0006778478485309821,7103.995986716259
1791103740,0.0006778478485309821,0.0007283277237869853,0.0006617625665492796,0.0007033473819378554,5864.519379390027
1791103800,0.0007033473819378554,0.0007493057116709838,0.0006998889936922958,0.0007255682753765361,5003.224362590827
1791103860,0.0007255682753765361,0.0007810396485240838,0.0006880603336222344,0.0007810396485240838,6629.100042430346
1791103920,0.0007810396485240838,0.000790304583119392,0.0006784656765028245,0.0007159754693535698,9424.225102404904
1791103980,0.0007159754693535698,0.0007511268497789156,0.0006984365592175291,0.0007400330579147881,6432.867273905128
1791104040,0.0007400330579147881,0.0007400330579147881,0.0006526144611647489,0.0006903186853575756,6338.424296859895
1791104100,0.0006903186853575756,0.000696918284268402,0.0006353382196098344,0.0006524235377091519,8295.64947688109
1791104160,0.0006524235377091519,0.0006817521938676293,0.0006430400983583985,0.000678103698344016,6406.584166836751
1791104220,0.000678103698344016,0.0006895135588954929,0.0006010100212523391,0.0006277586353048437,7572.779471704843
1791104280,0.0006277586353048437,0.0006409659328430098,0.0006100809246760255,0.0006279681157572639,4141.719431037462
1791104340,0.0006279681157572639,0.000664878274071091,0.0006125201593024559,0.000664878274071091,5510.095913960437
1791104400,0.000664878274071091,0.0006724498483983706,0.0006478197883558855,0.0006538016414412302,4258.909056600829
1791104460,0.0006538016414412302,0.0006645085559119562,0.0006327315054858553,0.0006496741795489564,4055.1684266949374
1791104520,0.0006496741795489564,0.0006811559990508606,0.0006412446965551934,0.0006596189886418463,4745.406625669616
1791104580,0.0006596189886418463,0.0006993711563179134,0.0006366965367802676,0.0006837524100150836,4698.957250823308
1791104640,0.0006837524100150836,0.0006996433720333378,0.0006676838781334213,0.0006779496549314173,5279.186388603091
1791104700,0.0006779496549314173,0.000699121453316891,0.0006715619250456767,0.0006938535962134087,5408.200369579598
1791104760,0.0006938535962134087,0.0007029701118620558,0.0006586911154032056,0.0006797386022286277,4126.893546474962
1791104820,0.0006797386022286277,0.0007071339378345721,0.0006663978835468815,0.0006734664837429747,4727.600992461534
1791104880,0.0006734664837429747,0.0006999435093777648,0.0006148729104570269,0.0006426136405128059,6304.744152421848
1791104940,0.0006426136405128059,0.0006638091287720384,0.0006233461265471066,0.0006616043863849508,6797.722703403116
1791105000,0.0006616043863849508,0.000670923320758384,0.0006304924369732654,0.0006483182472542254,6233.108979312987
1791105060,0.0006483182472542254,0.0006590203157215364,0.0006268375170259468,0.0006565442661022056,5319.276604766595
1791105120,0.0006565442661022056,0.0006735741805066649,0.0006304640310133679,0.0006518221795658502,4956.681154990572
1791105180,0.0006518221795658502,0.0006889806779850797,0.0006500568970667075,0.000668447964398093,5022.374265691205
1791105240,0.000668447964398093,0.0006782959619285937,0.0006487257315462573,0.0006588411816442664,4418.5410506103535
1791105300,0.0006588411816442664,0.0006945397108729561,0.0006392108455484832,0.0006692493736111755,5795.203294045759
1791105360,0.0006692493736111755,0.0007030592740875249,0.0006608740513940128,0.0006707326415998484,4971.52449701528
1791105420,0.0006707326415998484,0.0006999617645268925,0.0006652518442604583,0.0006830243160303047,4966.715942062833
1791105480,0.0006830243160303047,0.0006840787041473906,0.000635766613389199,0.000662195545169936,5317.837795937796
1791105540,0.000662195545169936,0.0007064882680870592,0.0006571360751710263,0.0006883669674111856,6277.855935238454
1791105600,0.0006883669674111856,0.0007046680395794801,0.0006707585922128346,0.0006918140730073274,5211.490758142899
1791105660,0.0006918140730073274,0.0007113488108147633,0.0006750889241837551,0.0006949527637817306,4832.786400082794
1791105720,0.0006949527637817306,0.0007065305697949076,0.0006540348171272266,0.0006745822407171033,4562.739941216205
1791105780,0.0006745822407171033,0.0006955717436397838,0.000660581066695489,0.0006874915216144164,4373.453758989062
1791105840,0.0006874915216144164,0.0007213364951582284,0.000629826916313005,0.0006679720120402529,7703.303670942624
1791105900,0.0006679720120402529,0.000676277890916767,0.0006084438165945918,0.0006495395438724263,6518.893348808883
1791105960,0.0006495395438724263,0.0006750181248568206,0.0005744270847283156,0.000619910609801604,7407.508182029101
1791106020,0.000619910609801604,0.0006485702528473561,0.0006125450707354686,0.0006445230446649186,4065.1548979341856
1791106080,0.0006445230446649186,0.0006560504329851952,0.00061052908385784,0.0006389745854751825,5257.121427497098
1791106140,0.0006389745854751825,0.0006630719308936866,0.0006280201854533864,0.0006482026799510788,5729.981488695737
1791106200,0.0006482026799510788,0.0006603688382946113,0.0006195719672764512,0.0006341353887276373,5812.515473074003
1791106260,0.0006341353887276373,0.0006584519083220771,0.0006276755896021064,0.0006522987909144899,3718.045487428203
1791106320,0.0006522987909144899,0.0006591702183615772,0.000633141245068537,0.0006508722857295643,3645.7084451287365
1791106380,0.0006508722857295643,0.0006699893402098079,0.0006390895589302218,0.000652315477557372,3870.9227650621965
1791106440,0.000652315477557372,0.0006629912269703638,0.000624426913699121,0.0006446283263710501,4953.6822875256585
1791106500,0.0006446283263710501,0.0006683242183600656,0.0006196483079251027,0.0006330201596873291,7669.857359163588
1791106560,0.0006330201596873291,0.0006568829302659937,0.0006223679770501502,0.0006455734499477124,5148.361056141243
1791106620,0.0006455734499477124,0.0006565330675998536,0.0006155446660873863,0.0006248709331788842,5259.119127243964
1791106680,0.0006248709331788842,0.0006340375057610838,0.0006042286914017359,0.0006186854165112542,3846.7415086479823
1791106740,0.0006186854165112542,0.0006312534170867512,0.0006011114176207079,0.0006263136883646572,4428.015359881567
1791106800,0.0006263136883646572,0.0006328337528046075,0.0005976816782931164,0.000628109782587406,3833.8215247151925
1791106860,0.000628109782587406,0.0006383300472522925,0.0006012779840774632,0.0006383300472522925,3703.922564667291
1791106920,0.0006383300472522925,0.0006485863960164349,0.0006212049694299406,0.0006401988076399143,4885.866422190318
1791106980,0.0006401988076399143,0.0006733893218473077,0.0006325390778088917,0.000650459094012418,5300.196822550563
1791107040,0.000650459094012418,0.0006651297980369793,0.0006274183726047829,0.000649411495372257,4519.016087083426
1791107100,0.000649411495372257,0.0006718892755218643,0.0006386558381304922,0.0006515001457795759,5153.147815382227
1791107160,0.0006515001457795759,0.0006645806523399048,0.0006347516521368166,0.0006563963150967655,4621.979976212857
1791107220,0.0006563963150967655,0.0006624145609446426,0.0006296227851710813,0.0006483851416349012,3907.521770332965
1791107280,0.0006483851416349012,0.0006723930552450248,0.0006243320771581589,0.0006530655099126454,4747.281961838303
1791107340,0.0006530655099126454,0.0006565191791488307,0.0006045601577895034,0.000627543809518544,4800.27100054409
1791107400,0.000627543809518544,0.0006535634274985829,0.0006111506371882538,0.0006398092214764491,4979.053047949139
1791107460,0.0006398092214764491,0.0006530448830301324,0.0006168058430035556,0.0006498410726843976,4428.290941967493
1791107520,0.0006498410726843976,0.0006652627606967051,0.0006327963056825799,0.0006366632332832645,4327.87844669978
1791107580,0.0006366632332832645,0.0006582437504156831,0.0006329346131810004,0.0006493559587838334,4245.060378416927
1791107640,0.0006493559587838334,0.0006747025233703089,0.0006322367601995591,0.0006412581795359259,4636.951513659365
1791107700,0.0006412581795359259,0.0006664088189015021,0.0006342410326706006,0.0006409361361429773,4393.4487451096265
1791107760,0.0006409361361429773,0.0006653846633119356,0.0006163653061380047,0.0006251241868095078,4839.5523686184515
1791107820,0.0006251241868095078,0.000636230997867898,0.0006015429677781699,0.0006204012453104746,4772.868915750352
1791107880,0.0006204012453104746,0.0006353709662021021,0.0005967111047211465,0.0006092095285803376,4312.511840057998
1791107940,0.0006092095285803376,0.0006328417632079029,0.0005972126892104083,0.0006145258577120417,4344.955239685518
1791108000,0.0006145258577120417,0.0006376249870170957,0.0006080620551415769,0.0006302896474304217,4138.02180850926
1791108060,0.0006302896474304217,0.0006376684173781096,0.0006058369258065641,0.0006238286667712882,4980.154033852167
1791108120,0.0006238286667712882,0.0006400396013103879,0.0006037392724070479,0.0006123263964331335,4497.6288886960165
1791108180,0.0006123263964331335,0.0006378226541373782,0.0006024464678783364,0.0006181598204985958,5067.840068856817
1791108240,0.0006181598204985958,0.0006345547014686008,0.0005979827255524632,0.0006335729243561773,4038.6705679568886
1791108300,0.0006335729243561773,0.0006451927693124992,0.0006143449902524994,0.0006249869959277361,4288.965857900146
1791108360,0.0006249869959277361,0.0006472882377245528,0.0006154989417791489,0.0006266899401734091,4649.835477564376
1791108420,0.0006266899401734091,0.000648014579629248,0.0006196292336333446,0.000626376972615056,4468.661848170038
1791108480,0.000626376972615056,0.0006633274438078965,0.0006263577874434968,0.0006385496630278883,4863.242646793265
1791108540,0.0006385496630278883,0.0006592625188886703,0.0006335011588700119,0.0006347760085215533,4171.866878292136
1791108600,0.0006347760085215533,0.0006731512492844168,0.0006316802716536947,0.0006498533441779804,4587.378299814257
1791108660,0.0006498533441779804,0.0006672558113774177,0.0006249860585787559,0.0006291120158725715,4671.598996807609
1791108720,0.0006291120158725715,0.0006603424733244022,0.0006272976504523827,0.000641420587557918,4199.748692582181
1791108780,0.000641420587557918,0.0006579112200708723,0.0005614598882053294,0.0006029945067079212,7169.357053229877
1791108840,0.0006029945067079212,0.0006398196282074957,0.0005955683439021332,0.0005996678382005617,5512.78293991106
1791108900,0.0005996678382005617,0.0006289003675082443,0.0005975809176307715,0.0006050943631876571,4083.2723104489337
1791108960,0.0006050943631876571,0.0006229647662363097,0.000595315698888856,0.0006061377535951824,5177.166760545824
1791109020,0.0006061377535951824,0.000624844292724757,0.000594974139209705,0.0006126727007378798,4476.370678508668
1791109080,0.0006126727007378798,0.0006248179364869216,0.0005912918363827439,0.0005960384780391608,5432.4033708548695
1791109140,0.0005960384780391608,0.0006140768259943139,0.0005696026206378491,0.0005738856482974438,4914.774985262543
1791109200,0.0005738856482974438,0.0005961059236426196,0.0005553118969723997,0.0005687508602265978,5820.294975745
1791109260,0.0005687508602265978,0.0005976433482229382,0.0005687508602265978,0.0005867922220584863,4409.229475148473
1791109320,0.0005867922220584863,0.0006005729813312654,0.0005706301656028673,0.0005952015690017138,4585.818066606788
1791109380,0.0005952015690017138,0.0006151131924715826,0.0005709804820636495,0.000614436606282183,4947.509596867367
1791109440,0.000614436606282183,0.0006213405486868917,0.0005871827828571867,0.0005957238085834254,6632.498644575965
1791109500,0.0005957238085834254,0.0006190212762776523,0.0005842289650504771,0.0006052877586363324,5073.932353506556
1791109560,0.0006052877586363324,0.0006165398499861997,0.0005752917657932747,0.0006027071315205344,4783.752533325051
1791109620,0.0006027071315205344,0.0006075751185479083,0.0005736121183063182,0.0005956164084173464,4198.8691529836715
1791109680,0.0005956164084173464,0.0006175567940565284,0.0005719954854875693,0.0006024033357812459,5188.225098745795
1791109740,0.0006024033357812459,0.0006172622139285386,0.0005847496565429209,0.0005892102374346806,6238.466775799552
1791109800,0.0005892102374346806,0.0006192683002548053,0.0005888708714721991,0.0005969134496753114,4311.705204121555
1791109860,0.0005969134496753114,0.0006352384005261818,0.0005893225561359448,0.0006276645282267769,4751.2820283803885
1791109920,0.0006276645282267769,0.0006276645282267769,0.0005509228456281938,0.0005743979278044478,6179.449896082083
1791109980,0.0005743979278044478,0.0005886622887185713,0.0005587942595952025,0.0005657377449319216,6044.923381977635
1791110040,0.0005657377449319216,0.0005892302041179109,0.0005596321073695238,0.0005847633983894582,6379.968892050776
1791110100,0.0005847633983894582,0.0005941843730310299,0.0005647055268186402,0.0005821393399804825,5002.38257607873
1791110160,0.0005821393399804825,0.0005927668537449386,0.0005644252974995616,0.000573173063126315,3869.6680709222464
1791110220,0.000573173063126315,0.0005873421081604934,0.0005526780821612397,0.0005749365882216108,4253.181397359948
1791110280,0.0005749365882216108,0.0005837910887916543,0.0005323746572596949,0.0005537635136809502,5667.4563896974205
1791110340,0.0005537635136809502,0.0005818050937533697,0.0005430214482207975,0.0005589867024656615,3912.4333694388774
1791110400,0.0005589867024656615,0.0005725448676029425,0.0005425847831896583,0.0005590363606435794,3932.9196913510855
1791110460,0.0005590363606435794,0.000576578744060739,0.0005450415911923185,0.0005664952646395164,4553.613915124406
1791110520,0.0005664952646395164,0.0005685722234507683,0.0005422809868808021,0.000553868468685421,4012.406975584824
1791110580,0.000553868468685421,0.0005766927958109066,0.0005423022835450383,0.0005603950134311926,3928.0135944724543
1791110640,0.0005603950134311926,0.0005769017366873252,0.0005444315866524506,0.0005560827172456049,3771.0161313258277
1791110700,0.0005560827172456049,0.0005658361550427179,0.0005200721978977254,0.0005389030880777553,5249.223032517823
1791110760,0.0005389030880777553,0.0005522534573702681,0.0005206351532915372,0.0005283749077067204,5041.2298317046325
1791110820,0.0005283749077067204,0.0005485238353534387,0.0005187146185244139,0.0005326788162582508,3791.408366284509
1791110880,0.0005326788162582508,0.0005560653378842286,0.0005215315127085343,0.0005387163024144238,4270.659390829715
1791110940,0.0005387163024144238,0.0005694162393112082,0.0005387163024144238,0.0005530313351078032,6842.655418762934
1791111000,0.0005530313351078032,0.0005647307267885738,0.000541180921532611,0.0005537570847929113,5214.3578272980385
1791111060,0.0005537570847929113,0.0005576418449711961,0.0005269854552674565,0.0005380901152063416,4508.353187271479
1791111120,0.0005380901152063416,0.0005650249739328788,0.0005338660836586773,0.000542479824687904,3979.3017716970576
1791111180,0.000542479824687904,0.0005631813875881118,0.000534867773753518,0.0005501091078956247,4325.433068222357
1791111240,0.0005501091078956247,0.0005641704000767191,0.0005365635915549242,0.0005592783275258506,4518.650175500308
1791111300,0.0005592783275258506,0.000569994701861565,0.0005336404348690006,0.0005582691101894247,4566.664465526232
1791111360,0.0005582691101894247,0.0005611036206303852,0.0005323718676693068,0.000534793608629384,4681.365063595711
1791111420,0.000534793608629384,0.0005569672971806028,0.0005269423421329518,0.0005398138470790897,4979.340962649031
1791111480,0.0005398138470790897,0.0005771784074756402,0.0005244265317055719,0.0005671111938016672,4762.3979224471395
1791111540,0.0005671111938016672,0.0005694679969870544,0.0005351002203484404,0.0005603754774607693,4689.644259700892
1791111600,0.0005603754774607693,0.0005674969474129179,0.0005376422586307238,0.000562336064854211,4270.728327653317
1791111660,0.000562336064854211,0.0005668009143331774,0.0005352239718781042,0.0005606244193887625,3952.5191772012954
1791111720,0.0005606244193887625,0.0005654776824126783,0.0005344746273914417,0.0005531240018126239,4724.395469155739
1791111780,0.0005531240018126239,0.0005623402975247921,0.0005241823551990153,0.0005458384233111319,6091.205846530805
1791111840,0.0005458384233111319,0.0005606691991395551,0.0005296907411490785,0.0005447237835864176,4436.019270992488
1791111900,0.0005447237835864176,0.0005687520069852441,0.000535673726779377,0.000552768033591063,3729.1698047842847
1791111960,0.000552768033591063,0.0005852211799871319,0.0005347065311488095,0.0005813927295647241,4662.294008154925
1791112020,0.0005813927295647241,0.0005820158240180042,0.0005454409231387112,0.0005667162996660795,5654.109067407205
1791112080,0.0005667162996660795,0.0005846547958449428,0.000548648572996458,0.0005657743413707195,5360.558568647719
1791112140,0.0005657743413707195,0.0005785291310552157,0.0005327910209447703,0.0005592536961010197,5249.373741425656
1791112200,0.0005592536961010197,0.0005792287891002984,0.0005447640356950642,0.0005481073717305943,4485.001255169502
1791112260,0.0005481073717305943,0.0005854350407610514,0.0005449894334141487,0.0005568713398515106,5232.790154588248
1791112320,0.0005568713398515106,0.0005725791054107326,0.0005437322163253055,0.0005607845987032677,4782.2199052742935
1791112380,0.0005607845987032677,0.0005673289514508172,0.0005278001011985759,0.0005606183691900538,4264.587286477715
1791112440,0.0005606183691900538,0.0005606272428944406,0.0005296203517277254,0.0005520692267297899,4469.454108072974
1791112500,0.0005520692267297899,0.0005609030050259492,0.0005311161094813918,0.000547500836186501,4475.4006108847825
1791112560,0.000547500836186501,0.0005817300274323753,0.0005409059861974513,0.0005777024709373583,3849.1566285267895
1791112620,0.0005777024709373583,0.0005873775565496427,0.0005402450380603412,0.0005433526711509408,5424.489449558473
1791112680,0.0005433526711509408,0.0005850313385819725,0.00052626082667277,0.0005421443827768173,5790.371463043213
1791112740,0.0005421443827768173,0.000561274337571499,0.0005208344880463421,0.0005468902781100527,5974.305877912918
1791112800,0.0005468902781100527,0.0005913298477524868,0.0005287996675057456,0.0005907556985416099,5792.651146913111
1791112860,0.0005907556985416099,0.0006073732683470696,0.0005661267437171397,0.0005699003430919612,6350.758723500211
1791112920,0.0005699003430919612,0.000603895674992724,0.0005667189611552489,0.0005741799576723091,5597.0091930288845
1791112980,0.0005741799576723091,0.0006012629790995956,0.00056853617675745,0.0005772426073363894,5512.2464847707215
1791113040,0.0005772426073363894,0.0005931083111626722,0.0005615543937648971,0.0005814982207798006,7193.100690064597
1791113100,0.0005814982207798006,0.0005947634125863299,0.0005605487527335914,0.0005631567188465562,4793.18703644651
1791113160,0.0005631567188465562,0.0005892414125721699,0.0005598540389577869,0.000561720403223413,3630.1661708883917
1791113220,0.000561720403223413,0.0005902068439113457,0.0005612625100393385,0.0005902068439113457,5206.866177739482
1791113280,0.0005902068439113457,0.0006050135326684196,0.0005697543546975393,0.0005944507342447666,5129.515599378488
1791113340,0.0005944507342447666,0.0006042282405353901,0.0005772074072228475,0.0005906547442918248,4351.897571120098
1791113400,0.0005906547442918248,0.0006202353410011192,0.0005694965300656547,0.0006116808980291247,5297.509970403394
1791113460,0.0006116808980291247,0.0006191389636459369,0.0005896171757673508,0.0006087953163408958,4362.211621821723
1791113520,0.0006087953163408958,0.0006243715495670624,0.0005901965905910265,0.000606855934648596,5452.701454498367
1791113580,0.000606855934648596,0.0006258750379310633,0.0005675688826454577,0.0005734924274602951,5709.332665923124
1791113640,0.0005734924274602951,0.0005899095592413608,0.0005539663509227441,0.0005693848943557178,5193.6882670726
1791113700,0.0005693848943557178,0.0005885899760152741,0.0005505324970889342,0.0005634601556428733,4872.869573607504
1791113760,0.0005634601556428733,0.000574933748333597,0.0005493469458810774,0.0005657036868564808,4351.356069446107
1791113820,0.0005657036868564808,0.0005734073094521983,0.0005496246531844074,0.0005643438878146734,4701.03971037852
1791113880,0.0005643438878146734,0.0005853332391186224,0.0005494078127371232,0.0005810182386675725,6281.7780555199415
1791113940,0.0005810182386675725,0.0005856651961851747,0.000561536451491055,0.0005689138131628301,6142.540329570223
1791114000,0.0005689138131628301,0.0005857683558145516,0.0005601173719350975,0.0005754668440589493,4560.524099240499
1791114060,0.0005754668440589493,0.0005846486506395617,0.0005647511802231713,0.0005784561637460936,4686.701612542184
1791114120,0.0005784561637460936,0.0005842340196667708,0.000502227731944063,0.0005286281334362155,8188.06398938937
1791114180,0.0005286281334362155,0.0005500404856611724,0.0005231659419784151,0.000538458036661196,4552.710877039349
1791114240,0.000538458036661196,0.0005466729049392155,0.0005204837081222935,0.0005414632008911753,4932.420798820022
1791114300,0.0005414632008911753,0.000545383341481776,0.0005214578660955482,0.0005380538992499757,5113.78888866327
1791114360,0.0005380538992499757,0.0005439368885109152,0.0005214938182605486,0.000534121794766452,4608.869181869857
1791114420,0.000534121794766452,0.0005375113280538744,0.0005257363417875847,0.0005371088577649418,574.5859854815632
1791114480,0.0005371088577649418,0.0005465559380788875,0.0005306224194673553,0.0005465559380788875,375.2326427108105
1791114540,0.0005465559380788875,0.0005613810964497162,0.000542903882030443,0.000547831738546886,4319.529877902882
1791114600,0.000547831738546886,0.0005677416874462336,0.0005276469403039974,0.000531200162961431,5992.855581287102
1791114660,0.000531200162961431,0.0005471223090836421,0.0005261368173709856,0.0005296494747225472,4344.262118389495
1791114720,0.0005296494747225472,0.0005501147101855561,0.0005234399163401441,0.0005325937506718347,4119.193743674844
1791114780,0.0005325937506718347,0.0005546343748490209,0.0005281627175128776,0.0005483952187528252,5442.495048593049
1791114840,0.0005483952187528252,0.0005578459745418914,0.0005336875487081544,0.0005479379715905135,4249.832438149766
1791114900,0.0005479379715905135,0.0005581362081210965,0.0005316838858520993,0.000538055764745821,5044.285160495603
1791114960,0.000538055764745821,0.0005563028800440263,0.0005335626709438538,0.0005417322128286497,4983.9038987632175
1791115020,0.0005417322128286497,0.000553877004066256,0.0005344245468252861,0.000548749570294718,4134.394360782815
1791115080,0.000548749570294718,0.0005552806511383315,0.0005330136191554993,0.0005372294156831354,4796.612395055243
1791115140,0.0005372294156831354,0.0005549199553641288,0.0005328709808040685,0.0005456951313629127,4003.4886801894304
1791115200,0.0005456951313629127,0.0005546973378535913,0.0005333438478788514,0.0005446733139231471,4009.140028449363
1791115260,0.0005446733139231471,0.0005556502908650869,0.0005327006216292268,0.0005328135277054433,3995.2969460280215
1791115320,0.0005328135277054433,0.000574222115813262,0.0005328135277054433,0.0005583313315539952,4469.058158189498
1791115380,0.0005583313315539952,0.000574574788753901,0.0005511002195438624,0.0005529629992677287,4702.729399149518
1791115440,0.0005529629992677287,0.0005735454907878853,0.0005507532581534295,0.0005598700079710423,4131.471696423122
1791115500,0.0005598700079710423,0.0005744755464112552,0.0005523474934880929,0.0005680118004109373,4050.161383052313
1791115560,0.0005680118004109373,0.0005768295455395215,0.0005524288611513617,0.0005588046131360536,4729.33786058962
1791115620,0.0005588046131360536,0.0005777429158584902,0.0005530593034985171,0.0005672378415486543,5067.164873986929
1791115680,0.0005672378415486543,0.0005765972653295283,0.000552468501268295,0.000566522528189639,4954.458782299839
1791115740,0.000566522528189639,0.0005934091448467064,0.0005559801238805593,0.0005813007658568545,4399.883490767881
1791115800,0.0005813007658568545,0.0006003426394478852,0.0005723928445052478,0.0005846726198682363,4636.7534437675085
1791115860,0.0005846726198682363,0.000612904503973102,0.000539609362951541,0.0006059907324208937,6452.536618026266
1791115920,0.0006059907324208937,0.0006254916058936632,0.0005978469309409867,0.0006159925090478664,4551.701009235071
1791115980,0.0006159925090478664,0.0006259409121551061,0.0005993255841453919,0.0006065849894404341,4189.911503451638
1791116040,0.0006065849894404341,0.0006279151012896767,0.0006042374670102437,0.0006215412654145187,4153.513120777041
1791116100,0.0006215412654145187,0.0006251237304776696,0.0006009574180732912,0.0006229513709937748,4204.575054192344
1791116160,0.0006229513709937748,0.0006245881841100265,0.0006022556813738392,0.0006184071618297709,4251.465848725977
1791116220,0.0006184071618297709,0.0006235099517135305,0.0005985706917819428,0.0006149106720930536,4320.947181458558
1791116280,0.0006149106720930536,0.0006239078378293744,0.0006003675139782331,0.0006049741772897649,4934.427367778733
1791116340,0.0006049741772897649,0.0006238654996770203,0.0005977844973347836,0.0006071471060143425,4354.06280287638
1791116400,0.0006071471060143425,0.0006322455985224903,0.0006027595607325237,0.0006231715702289412,3504.743743719432
1791116460,0.0006231715702289412,0.0006356721043333954,0.0005999382134869812,0.0006147280047581982,4992.052241250807
1791116520,0.0006147280047581982,0.0006419942723265679,0.0006001288408405233,0.0006282524704200116,4564.155902981907
1791116580,0.0006282524704200116,0.0006617430642391003,0.0005518012170436457,0.0006069474356990464,7596.813301491543
1791116640,0.0006069474356990464,0.0006337274479104714,0.0005723520019820981,0.0005903212569104649,4705.705918747613
1791116700,0.0005903212569104649,0.0006038477635587624,0.0005694375813310854,0.0005892628559070758,4249.87548785432
1791116760,0.0005892628559070758,0.0006137884257385065,0.0005747736725537268,0.0006090120450055451,4335.224565923117
1791116820,0.0006090120450055451,0.0006242216482755886,0.0005866752088035898,0.0006051498911261181,4950.130218592641
1791116880,0.0006051498911261181,0.0006192891083838369,0.0005901275433040458,0.0006047168238881833,4393.836168551684
1791116940,0.0006047168238881833,0.0006151447477235856,0.0005456225995456275,0.0005714523875043743,7304.743386266315
1791117000,0.0005714523875043743,0.0006012619469757582,0.0005336420749377316,0.0005428721165085873,5206.365802574101
1791117060,0.0005428721165085873,0.000573509587013232,0.0005428721165085873,0.0005627679908457369,3955.0254359146634
1791117120,0.0005627679908457369,0.0005854056212766955,0.00048700758790354385,0.0004927775804611612,7250.652125540336
1791117180,0.0004927775804611612,0.0005829971366507408,0.00048796744669282266,0.0005643229784037526,5948.0408635174945
1791117240,0.0005643229784037526,0.0006019385602429177,0.0005516327541289912,0.0005751104561332706,4172.1114235489185
1791117300,0.0005751104561332706,0.0005841261864341221,0.0005522204039269126,0.000569555545711973,4306.687103010446
1791117360,0.000569555545711973,0.0005801100357728799,0.0005532735849915815,0.000577196879633509,4794.186428668803
1791117420,0.000577196879633509,0.0006051926419675144,0.0005558791156500789,0.000596007349375068,5601.970162278225
1791117480,0.000596007349375068,0.0006014682320289183,0.0005739553306462422,0.0005763938529727572,5690.971643109068
1791117540,0.0005763938529727572,0.0005990574702872036,0.0005734325462512891,0.000589808589427141,5339.769607030893
1791117600,0.000589808589427141,0.0005927037977251884,0.0005574876521705902,0.0005927037977251884,4785.079036562399
1791117660,0.0005927037977251884,0.0006194458391720838,0.0005787895691579978,0.0006074884609625727,4411.406366959233
1791117720,0.0006074884609625727,0.000623544002830576,0.0005900814984901774,0.0006060626504965012,6713.8672426939365
1791117780,0.0006060626504965012,0.0006251809159659435,0.0005870487385976355,0.0005930039940714629,5321.931320448012
1791117840,0.0005930039940714629,0.0006294271459746509,0.0005855767108934751,0.0005973595972140534,5206.680922152625
1791117900,0.0005973595972140534,0.000621225589548804,0.0005817761085912402,0.0005940202454907664,5440.4754515050145
1791117960,0.0005940202454907664,0.0006144770752804765,0.000588215162392232,0.0006056115284807594,3547.806997902192
1791118020,0.0006056115284807594,0.0006363448785223266,0.0005928129887559418,0.0006332022365328719,5823.024557034323
1791118080,0.0006332022365328719,0.000645688186175373,0.0006209831722791674,0.0006285044701728744,3865.258888485527
1791118140,0.0006285044701728744,0.000651953800206397,0.0006126618410601971,0.000635466338454601,5644.632176767403
1791118200,0.000635466338454601,0.0006479578034658308,0.0006102106928046481,0.0006142175505362441,4546.051392059142
1791118260,0.0006142175505362441,0.0006440924928697569,0.0006117136233725662,0.0006412372714629865,4779.446739592443
1791118320,0.0006412372714629865,0.0006480318512494109,0.0006162440341843928,0.0006378532055440432,4665.643028464515
1791118380,0.0006378532055440432,0.0006595745002045925,0.0006305950860434538,0.0006467360959532826,5779.177201570038
1791118440,0.0006467360959532826,0.00065477377680245,0.0006265975625792144,0.0006415091715194376,5275.450319223268
1791118500,0.0006415091715194376,0.0006672568543396336,0.0006296253022560886,0.0006310431491462537,4671.669580336271
1791118560,0.0006310431491462537,0.0006570898585136331,0.0006303474286356582,0.0006502981568211853,4818.090801560815
1791118620,0.0006502981568211853,0.0006650022411459418,0.0006291940946557683,0.0006407367896724656,5393.510857027471
1791118680,0.0006407367896724656,0.0006665494561519387,0.0006302056329327952,0.0006302056329327952,4657.451967229561
1791118740,0.0006302056329327952,0.0006441072634916777,0.0006204556711798189,0.0006347426625718831,5300.041670321532
1791118800,0.0006347426625718831,0.0006484501027217546,0.0005996687492784847,0.0006265277370640461,6047.464560665311
1791118860,0.0006265277370640461,0.000708517880547658,0.0006212579163460595,0.0006984201920246772,6592.358618918121
1791118920,0.0006984201920246772,0.000731893362327997,0.000677179023918133,0.0007286548820130752,5770.93366902841
1791118980,0.0007286548820130752,0.0007630924550293375,0.0007008190682208078,0.0007612379022317367,6060.227150208575
1791119040,0.0007612379022317367,0.0008022977248406115,0.0006788918015239615,0.0007617645805579469,13555.373276166503
1791119100,0.0007617645805579469,0.0008550512961549361,0.0006681023761440474,0.0007705596308180048,20218.38803297917
1791119160,0.0007705596308180048,0.0008800175240132358,0.0007604023314170752,0.0008047656029011608,18698.464031413456
1791119220,0.0008047656029011608,0.0008973027116246125,0.0008047656029011608,0.000862561051454655,17181.292807627782
1791119280,0.000862561051454655,0.000960496054530673,0.000847984857194943,0.0009406086528579377,20725.25035590174
1791119340,0.0009406086528579377,0.0009406086528579377,0.000845699226289262,0.0008692926315438747,15615.936848602265
1791119400,0.0008692926315438747,0.0009420866902591945,0.0007735568126140923,0.0008021769053632097,17147.05978756829
1791119460,0.0008021769053632097,0.0008510847261156533,0.0007651049927658536,0.000820386107795244,15794.826841298816
1791119520,0.000820386107795244,0.0008821371380134857,0.0007685740203172753,0.0008125037061361759,11385.859855125187
1791119580,0.0008125037061361759,0.0008762781253042965,0.000767234045583454,0.0008099388148025418,8307.044791294675
1791119640,0.0008099388148025418,0.0008101650202139134,0.0007331173544035316,0.0007654964774725066,4195.272444875795
1791119700,0.0007654964774725066,0.0008016160816803835,0.0007528581237309857,0.0007931334964740288,4580.426016309719
1791119760,0.0007931334964740288,0.0008204106440533618,0.0007620855100153682,0.0008133105648783977,4884.219822174316
1791119820,0.0008133105648783977,0.0008196443047046442,0.000784807136728175,0.0007857839979005699,3611.6672511941074
1791119880,0.0007857839979005699,0.0008366942966719764,0.0007785185814940547,0.0007892669871653609,5047.739712111119
1791119940,0.0007892669871653609,0.0008266845478016566,0.0007853598627759654,0.0007997396474410878,6013.485229201694
1791120000,0.0007997396474410878,0.0008313069341305468,0.0007806018838699176,0.0008221193361090274,5987.888736349576
1791120060,0.0008221193361090274,0.0008372057416037763,0.0008021202348931171,0.0008266527129589012,4162.638893905363
1791120120,0.0008266527129589012,0.0008594646179621743,0.0007835649410362439,0.0008068902645087295,7274.420406465718
1791120180,0.0008068902645087295,0.0008145951691612461,0.0007357664689066118,0.0007690356321710042,6968.04056979119
1791120240,0.0007690356321710042,0.0007989836658700455,0.0007454998075612139,0.0007873694079462468,5617.994202453165
1791120300,0.0007873694079462468,0.0008088971262506336,0.0007564785644579712,0.0007994826453430557,5624.370171739671
1791120360,0.0007994826453430557,0.0008539893099340133,0.000786307840094562,0.0008522278626082936,5640.8983813356035
1791120420,0.0008522278626082936,0.0008842077786137361,0.0008207871769941806,0.000868423618131045,10173.942131864918
1791120480,0.000868423618131045,0.000887020869749326,0.0008432824809257481,0.0008516938959361967,8864.163366794102
1791120540,0.0008516938959361967,0.0009207448893075756,0.0008465861242812875,0.0008875128361153574,9159.167045713015
1791120600,0.0008875128361153574,0.000982224540261958,0.0008681025922384198,0.0009609581764306551,11165.97514795201
1791120660,0.0009609581764306551,0.0010332723978606663,0.0009229168720595492,0.000974600941749586,12116.258782183044
1791120720,0.000974600941749586,0.0010518474176517292,0.0009427840872776712,0.0010361989705551548,13001.008489090918
1791120780,0.0010361989705551548,0.0010947422638862723,0.0009539092691992625,0.0010242487831278444,9903.15674370039
1791120840,0.0010242487831278444,0.0010783853926550175,0.0009735398950762398,0.0010479819253559352,18513.246861263317
1791120900,0.0010479819253559352,0.0010654711984054246,0.0008815009894482598,0.0008934996745110703,29978.478648595403
1791120960,0.0008934996745110703,0.0009835248241220208,0.0008594462141237642,0.0009148613232957901,15036.40235760774
1791121020,0.0009148613232957901,0.0009581895229979408,0.0008923726037619974,0.0009213477052092679,6179.612447511561
1791121080,0.0009213477052092679,0.0009682086937551794,0.0008783338296235149,0.000912638554743053,7239.021968477501
1791121140,0.000912638554743053,0.0009339428525937384,0.0008970283130323436,0.0009082120537359287,4198.607018507299
1791121200,0.0009082120537359287,0.0009509196837515295,0.0008631820078359385,0.0009058466478155175,7179.83210755595
1791121260,0.0009058466478155175,0.0009545905511804862,0.0008893764459182563,0.0009354310223051332,6417.944476893751
1791121320,0.0009354310223051332,0.0009630245616002462,0.000916766864291142,0.0009318925615838026,4892.5368885896905
1791121380,0.0009318925615838026,0.0009571722963246253,0.0009186604883041741,0.0009338028900912149,5484.905226768429
1791121440,0.0009289244902761072,0.0009597322451312566,0.0009212138669326128,0.0009351823799857871,5741.509640107957
1791121500,0.0009351823799857871,0.00096136762527928,0.0009165854291260969,0.0009336603417072594,5916.86030856324
1791121560,0.0009336603417072594,0.0009588829935535938,0.0008796337278732819,0.0008937295362730943,6872.473910070643
1791121620,0.0008937295362730943,0.0009468356322792881,0.0008810891282645698,0.0009162002311692397,5811.921500862788
1791121680,0.0009162002311692397,0.0009387335544766322,0.0008957169787105237,0.000898814594041925,5997.662356997368
1791121740,0.000898814594041925,0.0009368180194604882,0.000889443302127795,0.0009038596210993106,6571.332218917718
1791121800,0.0009038596210993106,0.0010156215504661904,0.00084120511547195,0.0009621028207425407,11076.60665798266
1791121860,0.0009621028207425407,0.0010824515826138928,0.0009621028207425407,0.0010515846837375407,7803.655585034033
1791121920,0.0010515846837375407,0.0011611468332704247,0.0010136238645390599,0.0011187583102434937,16736.809486070157
1791121980,0.0011187583102434937,0.0012156912664810706,0.0010519134596959662,0.001066479948701338,19483.10062644536
1791122040,0.001066479948701338,0.0012200230560562508,0.001066479948701338,0.0011281280584700846,22022.695735192854
1791122100,0.0011281280584700846,0.0012458902059362818,0.0011076023006512264,0.0012132765001103903,21794.832077425108
1791122160,0.0012132765001103903,0.0012799694007245774,0.0010839313508541584,0.0011835779846795628,29974.228913729723
1791122220,0.0011835779846795628,0.0012557303341841197,0.001053689974286098,0.0011259324186831338,23474.81941875662
1791122280,0.0011259324186831338,0.0012261691114476832,0.0010747366811519853,0.0011404351033359442,10073.405256301661
1791122340,0.0011404351033359442,0.0011959437482331277,0.000995364693395769,0.001031368290729724,29020.853619986206
1791122400,0.001031368290729724,0.001090797422971574,0.0009021031785095234,0.000989415905674584,14390.303577619025
1791122460,0.000989415905674584,0.0010242196411248336,0.00097383879663032,0.0010081153920250116,5596.555441016144
1791122520,0.0010081153920250116,0.001051877667351913,0.0008565825752411014,0.0009365879028503055,24414.794956747744
1791122580,0.0009365879028503055,0.0010718006031547596,0.0007981957548841848,0.0008096241681356698,26156.137739809754
1791122640,0.0008096241681356698,0.0010277875096507561,0.0008052146239706398,0.0009460835924494742,15344.401591459977
1791122700,0.0009460835924494742,0.001004713584024952,0.0008444479427024704,0.0008964034707615543,22960.17558879221
1791122760,0.0008964034707615543,0.000985136984668231,0.0007242372307894805,0.0007621311877887344,20892.148446882344
1791122820,0.0007621311877887344,0.0007673454082759918,0.0007183923001616996,0.0007673454082759918,3304.175851321912
1791122880,0.0007673454082759918,0.0008081583592758891,0.0007516226096214852,0.0007720791816028946,8283.791910925944
1791122940,0.0007720791816028946,0.0008213591433418405,0.0007650356016893026,0.0008048659135297847,5515.469939417219
1791123000,0.0008048659135297847,0.0008252811771441433,0.0007851070477842353,0.0008050086633843477,5430.5412192569
1791123060,0.0008050086633843477,0.0008165882170010765,0.0007705299085807435,0.0007931253954918331,6054.429116483224
1791123120,0.0007931253954918331,0.0007978807214929771,0.0007662590128456421,0.0007797149758535617,4861.1347182197
1791123180,0.0007797149758535617,0.0008100090781885457,0.0007338606708222803,0.0007427879362993996,6291.765270777538
1791123240,0.0007427879362993996,0.0007708607151241261,0.000740346585037382,0.0007693168350354119,5785.040759268684
1791123300,0.0007693168350354119,0.000793500729400587,0.000750833563330134,0.0007766005888469486,6393.083893842592
1791123360,0.0007766005888469486,0.0008232220124025902,0.0007749730535981384,0.0007910211541189874,6008.8675504923385
1791123420,0.0007910211541189874,0.0008209830443231182,0.0007672370141824931,0.0007816005080938626,4992.392485296901
1791123480,0.0007816005080938626,0.0007920307229194879,0.0007414707478959352,0.0007669725034651324,6372.9240362700675
1791123540,0.0007669725034651324,0.0008087349629916819,0.0007574326159505696,0.0007852908975681341,6063.857857004793
1791123600,0.0007852908975681341,0.0008258183029817323,0.0007713952405082697,0.0008037959112099083,4517.510497194692
1791123660,0.0008037959112099083,0.0008620284419091423,0.0008034795779724318,0.0008485097951619289,8925.635294803395
1791123720,0.0008485097951619289,0.0008485097951619289,0.0008001200924597825,0.0008217571430516642,6571.947731592726
1791123780,0.0008217571430516642,0.0008643506599192635,0.0008119560060388948,0.0008420866859623653,6791.174558186397
1791123840,0.0008420866859623653,0.0008829090048108149,0.0008269647367347728,0.0008437599695981019,7040.253404243816
1791123900,0.0008437599695981019,0.0008947117065325065,0.0008406594067788856,0.000865189006883152,5355.9487717729135
1791123960,0.000865189006883152,0.0008855744357285795,0.0008365546643581905,0.0008600282837910953,6001.467527922688
1791124020,0.0008600282837910953,0.000892376037957853,0.0007461755430953246,0.0007552187018053292,10288.357584284202
1791124080,0.0007552187018053292,0.0008033309570994209,0.0007455877278325848,0.0007986496884086622,5791.096393515531
1791124140,0.0007986496884086622,0.0008203920160734626,0.0007062674524744328,0.0007329864684516216,7654.575412994823
1791124200,0.0007329864684516216,0.0007569817338322173,0.0007243624026296422,0.0007353211203493015,5198.087560371961
1791124260,0.0007353211203493015,0.0007610094103971266,0.0007231837546029688,0.0007610094103971266,6538.4255899408145
1791124320,0.0007610094103971266,0.0007700594447300073,0.0007273931070366387,0.0007407330043454069,5914.253730936786
1791124380,0.0007407330043454069,0.000772947547760877,0.0007252695076542146,0.0007492433496127802,7042.660233508826
1791124440,0.0007492433496127802,0.0007867324217883935,0.0007343509803694605,0.0007655732187092747,6990.087143127665
1791124500,0.0007655732187092747,0.0007853495196973744,0.0007418211516846163,0.0007583597124804998,5608.841041579822
1791124560,0.0007583597124804998,0.0008004156695901837,0.0007524563998935406,0.0007768652789012684,6410.709577891266
1791124620,0.0007768652789012684,0.0008074033615571778,0.0006997984646264716,0.0007198075989579815,8570.079210076605
1791124680,0.0007198075989579815,0.0007451468086219825,0.0006649475776480308,0.0006863050490666581,7831.4247379040125
1791124740,0.0006863050490666581,0.000720686160085052,0.0006109551297201838,0.0006251628481401164,8540.51795875297
1791124800,0.0006251628481401164,0.0006586387160531983,0.0006077770453837106,0.0006586387160531983,6331.234186869584
1791124860,0.0006586387160531983,0.0006692094653499093,0.0006210096213705452,0.0006453373255762396,6818.168740129888
1791124920,0.0006453373255762396,0.0006724244984578534,0.0006208876188054238,0.0006692019878577265,6341.012558579609
1791124980,0.0006692019878577265,0.0006853998036175002,0.0006544419611569785,0.0006684274617923104,6397.424747606555
1791125040,0.0006684274617923104,0.0006911306265464356,0.0006328845713876411,0.0006328845713876411,6147.797626511389
1791125100,0.0006328845713876411,0.0006667148172269296,0.0006272839380421946,0.0006536230180369652,6171.552845290387
1791125160,0.0006536230180369652,0.0006681232403313351,0.0006238613352040638,0.0006587118755742198,5855.882620632053
1791125220,0.0006587118755742198,0.000668988225360945,0.0006474807252368614,0.0006647369612687978,2550.0723318134924
1791125280,0.0006647369612687978,0.0006902404739808142,0.0006496478407499095,0.0006630738659788324,6451.59069508805
1791125340,0.0006630738659788324,0.0006951891224534323,0.0006532081887497663,0.0006820741487826886,6447.869392187017
1791125400,0.0006820741487826886,0.0006986909187136319,0.0006342153764115208,0.0006558431294944151,6125.694283766164
1791125460,0.0006558431294944151,0.0006714891182026369,0.0005677809320885002,0.000570515382542203,11262.802262323305
1791125520,0.000570515382542203,0.0006323882814036726,0.0005334505156315668,0.0005487811022779235,12305.407644041896
1791125580,0.0005487811022779235,0.0005862372867311476,0.000464540417755086,0.0004996047945430296,12843.668703097617
1791125640,0.0004996047945430296,0.0005139291393627403,0.0004448189955957835,0.00045226820116378694,8358.310773935164
1791125700,0.00045226820116378694,0.00045226820116378694,0.00041134405785529034,0.00043963747386056493,5827.689525943879
1791125760,0.00043963747386056493,0.00048279194065959296,0.0004380749985825047,0.0004675485943957682,7148.422502090198
1791125820,0.0004675485943957682,0.0004735516486471498,0.0004470193117899521,0.00046997711094740903,5452.584915695043
1791125880,0.00046997711094740903,0.00046997711094740903,0.00040106409108247676,0.0004112690280632963,7578.223767411856
1791125940,0.0004112690280632963,0.0004333037373222726,0.00040855000900302574,0.00042360509658387487,4740.905856621833
1791126000,0.00042360509658387487,0.0004301244399729757,0.00034811530111549573,0.00038593956817681226,10079.672505524333
1791126060,0.00038593956817681226,0.00045730571277079727,0.00038593956817681226,0.0004261871270551511,6576.25334691254
1791126120,0.0004261871270551511,0.00046170621054955846,0.0004191974248798425,0.0004360558207435136,5391.844082125613
1791126180,0.0004360558207435136,0.00046953711301685506,0.00042684783737536035,0.0004502734245365851,5099.320764972188
1791126240,0.0004502734245365851,0.00047528054740598335,0.00043600544816562017,0.0004500089120969072,6044.45708534482
1791126300,0.0004500089120969072,0.00047033605226706125,0.00043080746722065605,0.00044962611429739057,5982.752072859635
1791126360,0.00044962611429739057,0.00047773110066739457,0.00044508705517863026,0.00046454608425046135,6011.1370209284105
1791126420,0.00046454608425046135,0.0004687587769799515,0.00044499229701459587,0.00046701578173754486,6084.914553271098
1791126480,0.00046701578173754486,0.00048066103383216993,0.00045571911668731367,0.0004642414339486298,5512.151729958758
1791126540,0.0004642414339486298,0.0004769024357303323,0.0004451515913566849,0.0004706172733601166,4819.228026507583
1791126600,0.0004706172733601166,0.0004971229689376478,0.0004537484905715729,0.0004900866552608454,5642.905364744101
1791126660,0.0004900866552608454,0.00049988510529229,0.0004626280183752957,0.0004635405391199117,5353.747760281275
1791126720,0.0004635405391199117,0.00048715025703447297,0.0004568552547619141,0.0004568552547619141,4172.070091690652
1791126780,0.0004568552547619141,0.00048813764871101636,0.0004568552547619141,0.00047763681854167295,5246.3762669396265
1791126840,0.00047763681854167295,0.0004906398209033156,0.0004578742903820282,0.00047011655115473033,5546.987983862565
1791126900,0.00047011655115473033,0.00048586202167495853,0.000440436196953812,0.0004460049444609913,5398.579430647656
1791126960,0.0004460049444609913,0.0004460049444609913,0.0004199169861794471,0.0004314904467743727,5369.036245322878
1791127020,0.0004314904467743727,0.00045077349710507234,0.00042453255275589887,0.00043382052025032634,4485.457037070368
1791127080,0.00043382052025032634,0.0004539441439593357,0.0004291386066372112,0.0004355017014147751,5133.029894771512
1791127140,0.0004355017014147751,0.0004504951425187959,0.00042626472725151155,0.00043365423370803557,5039.937601155541
1791127200,0.00043365423370803557,0.0004587981117496468,0.00043365423370803557,0.00043831983669790747,4607.672302539179
1791127260,0.00043831983669790747,0.00047636996684055475,0.0004372046934089876,0.00044877967629709564,5676.400195073292
1791127320,0.00044877967629709564,0.0004667522412552498,0.00044664471250572993,0.0004565522715649193,5039.256673582903
1791127380,0.0004565522715649193,0.00047222051505338674,0.000445948594025661,0.0004555545130513785,4706.232690477442
1791127440,0.0004555545130513785,0.0004861166886706473,0.00045129901708747684,0.00046303775217060273,5560.456800619401
1791127500,0.00046303775217060273,0.0004865921623791557,0.000442119903913509,0.000448361090327324,5639.301222771206
1791127560,0.000448361090327324,0.00047064710241979723,0.000448361090327324,0.0004593354435031298,4542.079895691704
1791127620,0.0004593354435031298,0.00047297324072821835,0.0004440842275293336,0.0004553565582379726,4025.806388423021
1791127680,0.0004553565582379726,0.00046233213012689616,0.00044120128215080603,0.0004542647347384064,4755.653508239477
1791127740,0.0004542647347384064,0.0004640530140812372,0.0004296336937390883,0.0004296336937390883,4820.353360154104
1791127800,0.0004296336937390883,0.0004438526188621212,0.00041935368178722495,0.0004320566476396415,4943.662968874212
1791127860,0.0004320566476396415,0.0004559559607028903,0.0004232742842012265,0.0004232742842012265,5575.650929446231
1791127920,0.0004232742842012265,0.00044545038315029373,0.0004188745756275011,0.00043173871523103757,5213.356376545708
1791127980,0.00043173871523103757,0.00046016753832818367,0.00042119701011923986,0.00045285846817328654,4953.884614640907
1791128040,0.00045285846817328654,0.0004639457569385421,0.0004363162189247259,0.0004403813597780168,4986.344880606396
1791128100,0.0004403813597780168,0.0004628533332856801,0.0004315003819197662,0.0004563920380209072,5166.499606818259
1791128160,0.0004563920380209072,0.0004674829259456681,0.00043517016228787527,0.0004674829259456681,5426.2287309232925
1791128220,0.0004674829259456681,0.00047188363283475875,0.00043727880084925565,0.00046351225510158923,5132.464686642478
1791128280,0.00046351225510158923,0.0004806819725586573,0.00045373503437243164,0.0004551813083662741,5115.812792710665
1791128340,0.0004551813083662741,0.000490278915562869,0.0004510413020867598,0.00046158116029377394,4821.853648219733
1791128400,0.00046158116029377394,0.0004878662444998689,0.00046153586601273137,0.00047871748959436356,4682.639364412807
1791128460,0.00047871748959436356,0.0004913795349785404,0.00046537908105089335,0.0004688053236026682,4833.60121470824
1791128520,0.0004688053236026682,0.0004756674284160173,0.0004462335779790154,0.00045720909139908647,5245.552951784932
1791128580,0.00045720909139908647,0.0004625191779349668,0.0004308958226781639,0.0004592800636786538,5851.359769526299
1791128640,0.0004592800636786538,0.0004592800636786538,0.000428383270483356,0.00044048128523602046,5312.380503495007
1791128700,0.00044048128523602046,0.0004601748263287014,0.0004178438789085947,0.0004230924633422174,5220.640350780846
1791128760,0.0004230924633422174,0.00043179207401402274,0.0003954790123691637,0.00040386220365331264,5443.3894484457505
1791128820,0.00040386220365331264,0.00041496363095861074,0.00039614973186905857,0.00041334538341986077,5394.88573690056
1791128880,0.00041334538341986077,0.00044028601931384595,0.0003998842251962573,0.00043333879351393535,5657.978999017867
1791128940,0.00043333879351393535,0.00043402510691446946,0.0004047679383478989,0.00041204444738733164,5719.355080098532
1791129000,0.00041204444738733164,0.0004434458727783803,0.00041204444738733164,0.00043507371271525553,4823.462704034509
1791129060,0.00043507371271525553,0.00046219966141966936,0.00042373149504268854,0.00044723588303739086,5766.154932782549
1791129120,0.00044723588303739086,0.0004688337542865431,0.0004377508092396886,0.0004447494308192032,5887.1485639828
1791129180,0.0004447494308192032,0.0004460746505503033,0.00041956978116828,0.00043858044731913924,5382.176989872397
1791129240,0.00043858044731913924,0.00045517485779914636,0.0004253924890608154,0.0004408740555277645,5563.096918408587
1791129300,0.0004408740555277645,0.0004808489656735643,0.00043882518988438773,0.0004711808910045613,4076.9782273299165
1791129360,0.0004711808910045613,0.0004810330150871795,0.0004490106626447565,0.00045577726862937296,2908.9908834764083
1791129420,0.00045577726862937296,0.0004811559018540619,0.00045237634463168283,0.0004617069958042641,5324.005025364741
1791129480,0.0004617069958042641,0.0004930045927200092,0.00046010200214744086,0.00046861907016684334,5150.241866954013
1791129540,0.00046861907016684334,0.0004947289271386161,0.00046511036702373,0.00048580566248904665,5083.460084931164
1791129600,0.00048580566248904665,0.000498017956190891,0.0004631141562631478,0.000498017956190891,5764.282712462768
1791129660,0.000498017956190891,0.000498017956190891,0.0004711403655111844,0.00048299187525735845,4952.931071278992
1791129720,0.00048299187525735845,0.0004878119562870176,0.0004199714066233211,0.00042972738367980573,7349.160752790932
1791129780,0.00042972738367980573,0.00044612212776203345,0.00041290124950352637,0.0004330307592935807,6028.587219409008
1791129840,0.0004330307592935807,0.00044952905392165436,0.00042523748688871627,0.0004317492033989031,5608.367979003833
1791129900,0.0004317492033989031,0.00045741448869507243,0.0004172686839023885,0.0004567019861757944,5050.868901396143
1791129960,0.0004567019861757944,0.0004757818030177508,0.0004347676834212031,0.000469860222998546,4893.971426772109
1791130020,0.000469860222998546,0.0004794705182969763,0.00045275821166756487,0.00045886250282132677,6103.794210894397
1791130080,0.00045886250282132677,0.0004906578035216827,0.00045886250282132677,0.0004791866353699042,5191.062291110839
1791130140,0.0004791866353699042,0.0004999137931198216,0.00046613044871120284,0.0004902671534246346,4640.441813399216
1791130200,0.0004902671534246346,0.0004987100795454663,0.00047458649238999655,0.00048465650213843454,4685.42869110536
1791130260,0.00048465650213843454,0.0005048101987677774,0.00047348232417968137,0.00048593377327311364,5393.94095716883
1791130320,0.00048593377327311364,0.0005009440429257057,0.0004740048966619884,0.0004961327696083808,4143.688998931659
1791130380,0.0004961327696083808,0.0005094000780196996,0.0004798583575343959,0.0005028288518907199,6164.268672491213
1791130440,0.0005028288518907199,0.0005215625576234231,0.00044945792180277886,0.00046601555171267795,6622.773819494162
1791130500,0.00046601555171267795,0.00047663324590991837,0.000330262950575709,0.00034313098414251794,12337.005803338327
1791130560,0.00034313098414251794,0.00036143021079013913,0.000338893631343153,0.0003614224922883508,4317.063436345586
1791130620,0.0003614224922883508,0.0003703172824880392,0.00031172169243277284,0.000334478509613883,6464.036255053374
1791130680,0.000334478509613883,0.0003367535492982404,0.00023624185885676976,0.0002734621924040586,12389.769013469688
1791130740,0.0002734621924040586,0.00028987015678535316,0.0002734621924040586,0.0002851811904111314,1667.3348620815705
1791130800,0.0002851811904111314,0.00030067318863036144,0.0002811565527989533,0.00028903097704457135,4311.495285631971
1791130860,0.00028903097704457135,0.00030893769684002927,0.0002864908062511543,0.00029838802232708996,5040.8194050094235
1791130920,0.00029838802232708996,0.000307940763956258,0.0002882282497134589,0.00029550030313514944,3630.4880677181472
1791130980,0.00029550030313514944,0.0003069481156843844,0.0002851058286380152,0.0003019988716234708,4423.30777967572
1791131040,0.0003019988716234708,0.00031579064779215584,0.0002905247578813077,0.00030440579698632004,4952.897078029077
1791131100,0.00030440579698632004,0.00031279174603722265,0.00027878940252920196,0.0002813188984153217,4863.763307508067
1791131160,0.0002813188984153217,0.00029631078238836095,0.0002736890364883228,0.0002896562818636229,4535.7566977767065
1791131220,0.0002896562818636229,0.00030310964485711153,0.0002849718808234538,0.00029923151376553257,4984.029082635448
1791131280,0.00029923151376553257,0.00030335028977360575,0.0002850017515638989,0.00029094639423156687,4772.136274290544
1791131340,0.00029094639423156687,0.0003025935904335475,0.0002850353622788176,0.0002921548488932088,4246.154760848845
1791131400,0.0002921548488932088,0.0003077815404431383,0.00027795855274248934,0.0002950886424218212,4991.731224298422
1791131460,0.0002950886424218212,0.0003031162495954915,0.00028119044639648955,0.0002929640310317198,4912.265822373521
1791131520,0.0002929640310317198,0.00030699096857623586,0.00028301191068808945,0.0003025518672414676,5537.011357269569
1791131580,0.0003025518672414676,0.00031393786803209263,0.0002946867700805476,0.0003139166705093682,5110.681863591938
1791131640,0.0003139166705093682,0.0003139166705093682,0.00029128175963483865,0.00030116826496690214,4867.7835851413365
1791131700,0.00030116826496690214,0.00031494960718081916,0.00028754658662881113,0.0002914868762341421,5313.300344896072
1791131760,0.0002914868762341421,0.0003113427704008966,0.00029036597378747427,0.00030926294698118377,5607.171392453747
1791131820,0.00030926294698118377,0.00031026325413136685,0.000289136244229957,0.00030217718292929746,5357.064979619889
1791131880,0.00030217718292929746,0.00030686420668714034,0.00028391762555010874,0.00028924506306325366,4900.239121622973
1791131940,0.00028924506306325366,0.00030567973953416627,0.00021999248143961237,0.00022656445727965824,10223.892780848806
1791132000,0.00022656445727965824,0.00023941298575773216,0.00012274451127990997,0.00013612398864375148,12936.556065673407
1791132060,0.00013612398864375148,0.00017055985405580216,0.00013375367523331088,0.00013375367523331088,5081.140871334934
1791132120,0.00013375367523331088,0.0001357136879788862,5.638605483586717e-05,8.155623213202813e-05,10722.551428349116
1791132180,8.155623213202813e-05,8.665731260936261e-05,7.474011630409868e-05,8.143519590406377e-05,2491.785535809454
1791132240,8.143519590406377e-05,8.765900417026585e-05,7.921691202406008e-05,8.361754613820104e-05,3647.10278148328
1791132300,8.361754613820104e-05,0.00011585177586912126,8.075942402970317e-05,0.00010574163776868536,6320.045535036405
1791132360,0.00010574163776868536,0.00016197615404999093,0.00010574163776868536,0.0001580871851568285,5571.968599641237
1791132420,0.0001580871851568285,0.0001621365700998429,0.0001491446858348335,0.00015616953561649894,3976.1938506278607
1791132480,0.00015616953561649894,0.00016120430645759972,0.00014438319705162143,0.00014438319705162143,4263.941952228357
1791132540,0.00014438319705162143,0.00015406805570530982,0.00014438319705162143,0.0001497409655652097,3420.9780059447207
1791132600,0.0001497409655652097,0.0001549427155943662,0.00014586903042757604,0.00014755339609003618,1518.14208063281
1791132660,0.00014755339609003618,0.0001550615758783305,0.0001422948985333985,0.00015097472530747433,1357.7164298915552
1791132720,0.00015097472530747433,0.00015324140463633473,0.00014338899648742417,0.0001522632525196751,1573.6796895144432
1791132780,0.0001522632525196751,0.00015229087796599086,0.00014371820097284683,0.00014673292925800564,882.5794213008403
1791132840,0.00014673292925800564,0.0001518390349403746,0.00014458324367388025,0.00015066991455335812,835.4740736432703
1791132900,0.00015066991455335812,0.00015400391363661157,0.0001471795455608166,0.0001515152150021474,732.7182386788432
1791132960,0.0001515152150021474,0.00015879052572808635,0.00014738019888838654,0.00015318175573874438,1282.5809217753422
1791133020,0.00015318175573874438,0.0001579503512444731,0.00014989437483046416,0.00015263065201722844,1464.8714200177892
1791133080,0.00015263065201722844,0.00016016864954354506,0.00015118743510804812,0.00015784236696563613,1385.0433828490889
1791133140,0.00015784236696563613,0.0001630471771807546,0.00014808255064522452,0.00015017111810762424,1922.4497471369318
1791133200,0.00015017111810762424,0.00015691452185060813,0.00014814342730837133,0.00015436117199234346,1083.9515056660198
1791133260,0.00015436117199234346,0.00015774619554004407,0.00014944924313051674,0.00015154689096070876,1044.9357458795032
1791133320,0.00015154689096070876,0.00015870695417460082,0.00014488332261550912,0.00014751186646309655,2176.6110320220087
1791133380,0.00014751186646309655,0.00015692423668115993,0.00014742578405445392,0.00015301886255724963,849.0554015536134
1791133440,0.00015301886255724963,0.00015572978807103975,0.0001496578545201409,0.0001532252017811296,672.8897513836675
1791133500,0.0001532252017811296,0.0001535334239511544,0.00014624938063041544,0.0001487600874604495,1017.2313069578679
1791133560,0.0001487600874604495,0.0001572997540978575,0.0001470304954311651,0.00015109696176217506,1568.9100782910364
1791133620,0.00015109696176217506,0.00016519247636471345,0.00014814739815684265,0.00016178112770500735,1846.6061524270128
1791133680,0.00016178112770500735,0.00016884756591362772,0.00016178112770500735,0.00016401249741021287,1236.5925595339538
1791133740,0.00016401249741021287,0.0001665616041804704,0.00015908247858298016,0.00016209357893223918,1276.213767653421
1791133800,0.00016209357893223918,0.00016367957575038453,0.00015537295644482696,0.0001587418783642788,1285.642724260544
1791133860,0.0001587418783642788,0.00016627570409136617,0.00015578912707041204,0.00016195883162722625,1073.6964678344768
1791133920,0.00016195883162722625,0.00016407101298861787,0.0001553086638820918,0.0001639571390392943,1263.8746112367646
1791133980,0.0001639571390392943,0.00016408274419508548,0.0001565432406295298,0.0001565432406295298,861.1183564353576
1791134040,0.0001565432406295298,0.00016619196882759714,0.00015644965552106318,0.00015828656350479772,1552.3255328156213
1791134100,0.00015828656350479772,0.0001654888387400234,0.00015828656350479772,0.00016475805295456685,1708.2260374994983
1791134160,0.00016475805295456685,0.00016692403105308338,0.00015895128306180046,0.00016537415192492512,1067.3506553584477
1791134220,0.00016537415192492512,0.0001664726897341779,0.00015895935365690784,0.00016313248934574602,1083.3910045447549
1791134280,0.00016313248934574602,0.00016779922162565774,0.0001573689308385383,0.00015971470666112242,1226.635725173478
1791134340,0.00015971470666112242,0.00016942144613961633,0.00015539889881211616,0.00016622364527459616,1520.2218607116604
1791134400,0.00016622364527459616,0.00017214296443403626,0.00015850761748501,0.00016578957522770833,1829.110264490689
1791134460,0.00016578957522770833,0.0001669981319962234,0.00015801402955793493,0.00015801402955793493,823.8475533378592
1791134520,0.00015801402955793493,0.0001644866431654903,0.00015498126116156335,0.0001644866431654903,1253.6756961345852
1791134580,0.0001644866431654903,0.00016918856835427786,0.00016116040531650031,0.00016450922497943953,1384.3290843686623
1791134640,0.00016450922497943953,0.00016651621190610114,0.00015919824534254914,0.00016651141997060904,1480.6717756827732
1791134700,0.00016651141997060904,0.00016889787722338876,0.0001572487109382295,0.00015996883732424073,1596.8120912941135
1791134760,0.00015996883732424073,0.00016529954274967503,0.00015572586876161587,0.00016529954274967503,975.288812649395
1791134820,0.00016529954274967503,0.0001662915482809742,0.00015545138278264225,0.0001662915482809742,1471.7896123606902
1791134880,0.0001662915482809742,0.00016640843073799548,0.00015417550520545578,0.00015760192935369347,1426.1203487341286
1791134940,0.00015760192935369347,0.00016532058540275966,0.0001516882381084809,0.00016532058540275966,2054.0024975143256
1791135000,0.00016532058540275966,0.0001700225093056363,0.00015572839664602158,0.00016056270959032806,2000.7109909432195
1791135060,0.00016056270959032806,0.0001651886556576664,0.00015422430308638648,0.00015868478730370538,1985.3419221084998
1791135120,0.00015868478730370538,0.00016507569907093652,0.00015077735901894808,0.00016507569907093652,2442.0065489899075
1791135180,0.00016507569907093652,0.00016634736603287451,0.00015030485261573984,0.00015535466341754368,2442.924434445348
1791135240,0.00015535466341754368,0.00016572859097478028,0.00015127018388370498,0.00015770667729384245,2231.432046940744
1791135300,0.00015770667729384245,0.00016594922635435955,0.00015159639742771882,0.00016205335239912312,1940.0778099869144
1791135360,0.00016205335239912312,0.00016737265165672627,0.00015103922676401731,0.00015763408815062886,3269.102730404046
1791135420,0.00015763408815062886,0.00016652450346463338,0.00015383293561535772,0.0001562108746186517,2578.2550307675547
1791135480,0.0001562108746186517,0.00016636650842951733,0.0001475490714355542,0.00016043572860831808,2611.101375156622
1791135540,0.00016043572860831808,0.0001648153717281266,0.00015192831865239618,0.0001545257872751618,2069.6785640813314
1791135600,0.0001545257872751618,0.00016775283469287142,0.00015063812954827942,0.00015063812954827942,2168.9036952162214
1791135660,0.00015063812954827942,0.00016894139085498508,0.00015063812954827942,0.00016894139085498508,2211.9136808372164
1791135720,0.00016894139085498508,0.00016894139085498508,0.00015645630365358846,0.00016442639810061035,2110.103553695986
1791135780,0.00016442639810061035,0.0001647445148832267,0.00015334762084602254,0.00015853311017785304,2230.250236631743
1791135840,0.00015853311017785304,0.00016499394573481029,0.00015073937454891816,0.0001601772891627098,2767.5574687939156
1791135900,0.0001601772891627098,0.00016370120161805947,0.0001513952318140389,0.00016370120161805947,3047.767895719425
1791135960,0.00016370120161805947,0.0001704823176346724,0.00014838501358408048,0.00015050819157184236,2726.2915575092243
1791136020,0.00015050819157184236,0.00015050819157184236,0.00014169541334306163,0.00014930644875380791,1663.158284352585
1791136080,0.00014930644875380791,0.00015711183333983874,0.00014841150263377207,0.00014841150263377207,1330.0987306554414
1791136140,0.00014841150263377207,0.00015557900915619916,0.0001466191306382718,0.00015290068663434216,1627.7133172509282
1791136200,0.00015290068663434216,0.00015826140253860264,0.00014529738247552644,0.00014577318973794018,1460.1732926144186
1791136260,0.00014577318973794018,0.00015617163354791233,0.00014577318973794018,0.0001537047840203865,1066.0868351022
1791136320,0.0001537047840203865,0.00015730868345071697,0.00014449187998406452,0.00015076414983580344,1903.7125472668158
1791136380,0.00015076414983580344,0.00015880936445642122,0.00015031086363146014,0.00015370581631017388,1438.405982394342
1791136440,0.00015370581631017388,0.00015703631351638518,0.00013937475479079548,0.00015353983416266942,2732.431131018037
1791136500,0.00015353983416266942,0.0001553442773300886,0.00014556916710426515,0.00015054988392614694,1781.5780850377646
1791136560,0.00015054988392614694,0.00015708076272843342,0.00014630404969358425,0.0001568927324232363,1413.6737045454859
1791136620,0.0001568927324232363,0.0001568927324232363,0.00014621816866246652,0.0001535393648092541,1789.343744153828
1791136680,0.0001535393648092541,0.0001623286471496559,8.889020394180151e-05,8.97224512125484e-05,7706.6493219916565
1791136740,8.97224512125484e-05,9.000176222311531e-05,8.414420093086937e-05,8.420551711579754e-05,1768.2061958596887
1791136800,8.420551711579754e-05,9.069804902391693e-05,8.028608897632629e-05,8.904351783949036e-05,1433.1978452486856
1791136860,8.904351783949036e-05,9.138156826206315e-05,8.561430435822728e-05,8.769995606411443e-05,1172.1092941605023
1791136920,8.769995606411443e-05,9.121327641392317e-05,8.520728538183134e-05,9.121327641392317e-05,1366.4427565209287
1791136980,9.121327641392317e-05,9.77388222781657e-05,8.970515177790156e-05,9.407807724067203e-05,1796.9335350887138
1791137040,9.407807724067203e-05,9.43721228223923e-05,9.007077636764187e-05,9.007077636764187e-05,1043.8714441862667
1791137100,9.007077636764187e-05,9.54995974717409e-05,9.007077636764187e-05,9.463965307665428e-05,976.5653632391493
1791137160,9.463965307665428e-05,9.505079606632979e-05,8.911942197823344e-05,9.335715112334125e-05,1898.2288162619877
1791137220,9.335715112334125e-05,9.836713198532316e-05,9.129355925913399e-05,9.634653996673361e-05,1031.19808299742
1791137280,9.634653996673361e-05,0.00010365033708807361,9.596675193415274e-05,0.00010147542824750794,1132.589683560632
1791137340,0.00010147542824750794,0.00010147542824750794,9.485808125370842e-05,0.00010082426198041269,1522.3047108014537
1791137400,0.00010082426198041269,0.00010330796710844951,9.639169577835985e-05,0.00010127834726986158,1244.0270027278264
1791137460,0.00010127834726986158,0.00010513094004173126,9.215600626683337e-05,9.563414830128479e-05,2558.161940104254
1791137520,9.563414830128479e-05,0.00010782324482757614,9.563414830128479e-05,0.00010191230291552308,1707.7509293912694
1791137580,0.00010191230291552308,0.00010238633946168231,9.698739284570638e-05,0.00010227141761479315,1099.5828431437321
1791137640,0.00010227141761479315,0.00010937129199722128,9.982937349712434e-05,0.00010778063485389892,1627.4832165396347
1791137700,0.00010778063485389892,0.00011300409211641506,0.00010691431667693392,0.0001088307648078856,1051.1269572267731
1791137760,0.0001088307648078856,0.0001088307648078856,9.760814552527426e-05,9.761601888033319e-05,1009.4249810987569
1791137820,9.761601888033319e-05,0.00010140278959256398,9.595550624616962e-05,9.914777585916026e-05,1252.71336612785
1791137880,9.914777585916026e-05,0.0001079381606948332,9.91392649073277e-05,0.00010343647359402305,1878.1299243995195
1791137940,0.00010343647359402305,0.00010343647359402305,9.143827929280995e-05,9.461568107822297e-05,1569.7558116642351
1791138000,9.461568107822297e-05,9.700974508810579e-05,9.064279505301906e-05,9.437387160360252e-05,1036.428473597773
1791138060,9.437387160360252e-05,9.889668352640655e-05,9.228876085348457e-05,9.500527551010528e-05,1039.479735944164
1791138120,9.500527551010528e-05,9.712196712341452e-05,8.710434490814649e-05,8.834761844483416e-05,1301.0548575379198
1791138180,8.834761844483416e-05,9.637522640789493e-05,8.687349781485622e-05,9.15679926934103e-05,1480.5644611166108
1791138240,9.15679926934103e-05,9.744998612073384e-05,9.028143706146189e-05,9.105123795447766e-05,1120.7880071879674
1791138300,9.105123795447766e-05,0.00011562981802788974,9.101289788967227e-05,0.00010786463552738646,15048.22879546166
1791138360,0.00010786463552738646,0.00010938528188025645,4.248286413666046e-05,4.851419396224012e-05,16532.052857856892
1791138420,4.851419396224012e-05,7.048717402735448e-05,4.764846444309477e-05,6.33825060770165e-05,7006.945603283899
1791138480,6.33825060770165e-05,8.909110140309748e-05,5.969389989530813e-05,6.574229463306904e-05,10154.318663326423
1791138540,6.574229463306904e-05,6.929872755770496e-05,6.437291379824816e-05,6.588317667566744e-05,1957.8339999677319
1791138600,6.588317667566744e-05,6.805241260452365e-05,1.2208018487412506e-05,1.592173974000386e-05,9230.747108179406
1791138660,1.592173974000386e-05,1.592173974000386e-05,7.821624492863234e-06,8.06011402511905e-06,1700.148297717148
1791138720,8.06011402511905e-06,8.149785629587386e-06,7.94522033685466e-06,7.94522033685466e-06,183.2195942804629
1791138780,7.94522033685466e-06,7.94522033685466e-06,6.212321933512769e-06,6.212321933512769e-06,582.4893209265582
1791138840,6.212321933512769e-06,6.223779247929125e-06,5.72948416120793e-06,6.198155168742985e-06,331.1850188172318
1791138900,6.198155168742985e-06,6.198155168742985e-06,4.501932906410359e-06,4.543501094353216e-06,644.610096754726
1791138960,4.543501094353216e-06,4.945838359248775e-06,4.49468614945167e-06,4.945838359248775e-06,433.41583448739107
1791139020,4.945838359248775e-06,5.087200107203717e-06,4.8872439057486695e-06,5.030180214610077e-06,62.681063784433015
1791139080,5.030180214610077e-06,5.094631364293166e-06,5.027436201523659e-06,5.094631364293166e-06,2.096393870197877
1791139140,5.094631364293166e-06,5.108614360773329e-06,5.094631364293166e-06,5.108614360773329e-06,4.5196835144931224
1791139200,5.108614360773329e-06,5.11395540459782e-06,5.108614360773329e-06,5.11395540459782e-06,1.6594235142712015
1791139260,5.11395540459782e-06,5.144547207552204e-06,5.11395540459782e-06,5.144547207552204e-06,12.77770961485638
1791139320,5.144547207552204e-06,5.144547207552204e-06,5.0745330168050106e-06,5.077392554578383e-06,6.353392637286458
1791139440,5.077392554578383e-06,5.144061261232111e-06,5.077392554578383e-06,5.144061261232111e-06,1.2415963269293215
1791139560,5.144061261232111e-06,5.144061261232111e-06,5.0795824761618155e-06,5.0795824761618155e-06,0.8542689420934656
1791139740,5.0795824761618155e-06,5.149011988777438e-06,5.0795824761618155e-06,5.149011988777438e-06,1.6691836278108472
1791139800,5.149011988777438e-06,5.149011988777438e-06,5.1477141310761216e-06,5.1477141310761216e-06,1.1104498017854363
1791139860,5.1477141310761216e-06,5.152124845703044e-06,5.1477141310761216e-06,5.152124845703044e-06,0.48740854037434017
1791139920,5.152124845703044e-06,5.152124845703044e-06,5.080906218787052e-06,5.080906218787052e-06,7.82679435913168
1791140100,5.080906218787052e-06,5.141095836704348e-06,5.035649060294532e-06,5.035649060294532e-06,29.961895788430386
1791140160,5.035649060294532e-06,5.035649060294532e-06,5.002400123952159e-06,5.002400123952159e-06,0.06818096259930455
1791140340,5.002400123952159e-06,5.1590066790108245e-06,5.002400123952159e-06,5.1590066790108245e-06,73.6983099481697
1791140520,5.1590066790108245e-06,5.162659515008535e-06,5.091822717991464e-06,5.091822717991464e-06,55.950935420747356
1791140580,5.091822717991464e-06,5.091822717991464e-06,5.037203607780172e-06,5.037203607780172e-06,7.510218442663747
1791140820,5.037203607780172e-06,5.0955687047861626e-06,5.037203607780172e-06,5.0955687047861626e-06,1.6669245587469863
1791140880,5.0955687047861626e-06,5.0955687047861626e-06,5.02634372068419e-06,5.02634372068419e-06,0.7146722870581906
1791140940,5.02634372068419e-06,5.095836344205352e-06,5.02634372068419e-06,5.095836344205352e-06,1.1001780313607337
1791141000,5.095836344205352e-06,5.097513101380098e-06,5.0318064275243926e-06,5.0318064275243926e-06,1.0579581053231444
1791141060,5.0318064275243926e-06,5.0318064275243926e-06,5.030115447351087e-06,5.030115447351087e-06,0.4758660361564394
1791141360,5.030115447351087e-06,5.030115447351087e-06,4.966249044669548e-06,4.966249044669548e-06,51.26903491143336
1791141420,4.966249044669548e-06,4.966249044669548e-06,4.899237090056871e-06,4.899237090056871e-06,0.1846573790019198
1791141600,4.899237090056871e-06,4.899237090056871e-06,4.898446694216296e-06,4.898446694216296e-06,0.006716542795048393
1791141660,4.898446694216296e-06,4.966934596938185e-06,4.898446694216296e-06,4.966934596938185e-06,1.667591573605106
1791141720,4.966934596938185e-06,4.9723645342202975e-06,4.965536651435131e-06,4.9723645342202975e-06,2.854393860506591
1791141840,4.9723645342202975e-06,4.975265997562114e-06,4.9723645342202975e-06,4.975265997562114e-06,5.103638145293468
1791142080,4.975265997562114e-06,4.975265997562114e-06,4.919888024160337e-06,4.919888024160337e-06,0.0039123128356853805
1791142320,4.919888024160337e-06,4.989488063502139e-06,4.919888024160337e-06,4.989488063502139e-06,3.581197651921023
1791142860,4.989488063502139e-06,4.989488063502139e-06,4.928767764842888e-06,4.928767764842888e-06,0.2657980310914049
1791142980,4.928767764842888e-06,4.983235328971697e-06,4.928767764842888e-06,4.983235328971697e-06,0.5227497488198445
1791143100,4.983235328971697e-06,4.989551156809483e-06,4.983235328971697e-06,4.989551156809483e-06,0.4511525720546778
1791143400,4.989551156809483e-06,4.989551156809483e-06,4.9283679175221125e-06,4.9283679175221125e-06,0.042913260687092704
1791143460,4.9283679175221125e-06,4.9283679175221125e-06,4.924135201250978e-06,4.924135201250978e-06,0.01966385642428171
1791143520,4.924135201250978e-06,4.924135201250978e-06,4.920702026362309e-06,4.920702026362309e-06,0.13026068304406715
1791143760,4.920702026362309e-06,4.981876803498256e-06,4.920702026362309e-06,4.981876803498256e-06,0.14772092333667183
1791143820,4.981876803498256e-06,4.981876803498256e-06,4.921592495470311e-06,4.921592495470311e-06,0.024485017425306708
1791143880,4.921592495470311e-06,5.01486281231668e-06,4.921592495470311e-06,5.01486281231668e-06,27.527804020802233
1791144060,5.01486281231668e-06,5.045279052029521e-06,5.01486281231668e-06,5.045279052029521e-06,0.9826729128209029
1791144120,5.045279052029521e-06,5.045279052029521e-06,4.978011465005433e-06,4.978011465005433e-06,0.012448146301489908
1791144240,4.978011465005433e-06,4.978011465005433e-06,4.977417587067286e-06,4.977417587067286e-06,0.0005643191388805709
1791144660,4.977417587067286e-06,4.977417587067286e-06,4.965013747554621e-06,4.965013747554621e-06,2.1126459899224885
1791144840,4.965013747554621e-06,4.968205334755959e-06,4.965013747554621e-06,4.968205334755959e-06,1.4904616004267879
1791145080,4.968205334755959e-06,5.037457056880358e-06,4.968205334755959e-06,5.037457056880358e-06,1.146977668897903
1791145140,5.037457056880358e-06,5.040460786765884e-06,5.037457056880358e-06,5.040460786765884e-06,4.551492076752847
1791145440,5.040460786765884e-06,5.068145891279342e-06,5.040460786765884e-06,5.068145891279342e-06,15.4831771744939
1791145620,5.068145891279342e-06,5.082144476204024e-06,5.068145891279342e-06,5.082144476204024e-06,0.9257790179631814
1791145680,5.082144476204024e-06,5.091565417523646e-06,4.871261312160319e-06,4.871261312160319e-06,128.90823022135947
1791146100,4.871261312160319e-06,4.871261312160319e-06,4.347646292967258e-06,4.347646292967258e-06,252.78890318282743
1791146400,4.347646292967258e-06,4.347646292967258e-06,4.130708378190514e-06,4.130708378190514e-06,0.14128773498769304
1791146460,4.130708378190514e-06,4.130708378190514e-06,4.102341219330771e-06,4.102341219330771e-06,22.518750629596504
1791146520,4.102341219330771e-06,4.102341219330771e-06,4.078814745090986e-06,4.078814745090986e-06,0.5117640523243938
1791147000,4.078814745090986e-06,4.0843588136602315e-06,4.078814745090986e-06,4.0843588136602315e-06,0.017644402068563814
1791147900,4.0843588136602315e-06,4.089423598666197e-06,4.0843588136602315e-06,4.089423598666197e-06,0.17841670545472826
1791148320,4.089423598666197e-06,4.159220194211321e-06,4.089423598666197e-06,4.159220194211321e-06,10.211048030464365
1791148560,4.159220194211321e-06,4.1746358239792224e-06,4.159220194211321e-06,4.1746358239792224e-06,0.7209101505293243
1791148800,4.1746358239792224e-06,4.178798319064894e-06,4.1746358239792224e-06,4.178798319064894e-06,2.293844377986716
1791148920,4.178798319064894e-06,4.179333452536616e-06,4.178798319064894e-06,4.179333452536616e-06,4.894175402254615
1791149880,4.179333452536616e-06,4.179333452536616e-06,4.131168208536986e-06,4.131168208536986e-06,3.5254079473841817
1791152160,4.131168208536986e-06,4.149488196514518e-06,4.131168208536986e-06,4.149488196514518e-06,0.04167439884968988
1791152880,4.149488196514518e-06,4.149488196514518e-06,4.141530647749345e-06,4.141530647749345e-06,0.0522902767592877
1791152940,4.141530647749345e-06,4.141530647749345e-06,3.77685567565657e-06,3.77685567565657e-06,3.77685567565657e-06
1791153540,3.77685567565657e-06,4.1392881666239685e-06,3.77685567565657e-06,4.128036618485206e-06,9.086876814032973
1791153720,4.128036618485206e-06,4.128036618485206e-06,4.1201118363930045e-06,4.1201118363930045e-06,1.098619954933073
1791154200,4.1201118363930045e-06,4.1201118363930045e-06,4.109228100231395e-06,4.109228100231395e-06,5.005080809529936
1791154380,4.109228100231395e-06,4.109228100231395e-06,4.098475584693857e-06,4.098475584693857e-06,1.6639947127882797
1791154740,4.098475584693857e-06,4.098475584693857e-06,4.017414631687341e-06,4.017414631687341e-06,68.07805020978475
1791154800,4.017414631687341e-06,4.017414631687341e-06,3.836758622945155e-06,3.836758622945155e-06,55.82800532615531
1791155700,3.836758622945155e-06,3.8909229405406316e-06,3.836758622945155e-06,3.8909229405406316e-06,0.22228403590058143
1791155820,3.8909229405406316e-06,3.919769398198212e-06,3.8909229405406316e-06,3.919769398198212e-06,22.36209890016962
1791156000,3.919769398198212e-06,3.944199741043933e-06,3.919769398198212e-06,3.944199741043933e-06,0.12553790167952555
1791156600,3.944199741043933e-06,3.944199741043933e-06,3.886199159873915e-06,3.886199159873915e-06,3.5645992847886103
1791156840,3.886199159873915e-06,3.886199159873915e-06,3.8726356485991874e-06,3.8726356485991874e-06,0.03817120744286969
1791157380,3.8726356485991874e-06,3.8726356485991874e-06,3.87163317823628e-06,3.87163317823628e-06,0.20469866839433457
1791158040,3.87163317823628e-06,3.87163317823628e-06,3.865924211586787e-06,3.865924211586787e-06,0.5355629139770186
1791158340,3.865924211586787e-06,3.869363146521105e-06,3.865924211586787e-06,3.869363146521105e-06,0.043011842365730496
1791159120,3.869363146521105e-06,3.869363146521105e-06,3.8584605326528455e-06,3.8584605326528455e-06,0.09799402680299754
1791159480,3.8584605326528455e-06,3.863903839868294e-06,3.8584605326528455e-06,3.863903839868294e-06,0.05483177266427875
1791161340,3.863903839868294e-06,3.913513920267719e-06,3.863903839868294e-06,3.913513920267719e-06,3.8121038513148466
1791161400,3.913513920267719e-06,3.918433958744171e-06,3.913513920267719e-06,3.918433958744171e-06,0.11776879745349673
1791162000,3.918433958744171e-06,3.918433958744171e-06,3.863102516224816e-06,3.863102516224816e-06,3.060612508797875
1791162900,3.863102516224816e-06,3.863102516224816e-06,3.851325013053979e-06,3.851325013053979e-06,9.836095382101831
1791164280,3.851325013053979e-06,3.881716095601451e-06,3.851325013053979e-06,3.881716095601451e-06,0.10924800380095782
1791164520,3.881716095601451e-06,3.881716095601451e-06,3.834436699827359e-06,3.834436699827359e-06,0.03750565301305357
1791165000,3.834436699827359e-06,3.8819694933792315e-06,3.834436699827359e-06,3.8819694933792315e-06,0.05855141069551092
1791165060,3.8819694933792315e-06,3.8819694933792315e-06,3.880916353883787e-06,3.880916353883787e-06,0.34880174432808003
1791165300,3.880916353883787e-06,3.880916353883787e-06,3.836204339260422e-06,3.836204339260422e-06,0.05237856692963926
1791166020,3.836204339260422e-06,3.846664339494838e-06,3.836204339260422e-06,3.846664339494838e-06,0.008899078402516598
1791167100,3.846664339494838e-06,3.909102697576472e-06,3.846664339494838e-06,3.909102697576472e-06,11.990451143761396
1791167400,3.909102697576472e-06,3.926021224113862e-06,3.909102697576472e-06,3.926021224113862e-06,7.179393676970522
1791169080,3.926021224113862e-06,3.9901859622436855e-06,3.926021224113862e-06,3.9901859622436855e-06,51.24243150161949
1791169200,3.9901859622436855e-06,4.041706861011705e-06,3.9901859622436855e-06,4.041706861011705e-06,1.2220336675103611
1791169260,4.041706861011705e-06,4.044964679014068e-06,4.041706861011705e-06,4.044964679014068e-06,1.1245563357404307
1791172140,4.044964679014068e-06,4.044964679014068e-06,4.038003846059388e-06,4.038003846059388e-06,0.5923741304677376
1791173220,4.038003846059388e-06,4.038003846059388e-06,3.976938916316186e-06,3.976938916316186e-06,0.5523165471285476
1791173400,3.976938916316186e-06,3.976938916316186e-06,3.85714046683191e-06,3.917219066623008e-06,54.442014729297725
1791174420,3.917219066623008e-06,3.917219066623008e-06,3.8513633212866016e-06,3.8513633212866016e-06,7.114654765695499
1791174720,3.8513633212866016e-06,3.9081656255642e-06,3.8513633212866016e-06,3.9081656255642e-06,19.72589161831925
1791174780,3.9081656255642e-06,3.9081656255642e-06,3.876302727567374e-06,3.876302727567374e-06,0.011620862714823314
1791175440,3.876302727567374e-06,3.876302727567374e-06,3.874928360709602e-06,3.874928360709602e-06,0.11198454794655788
1791176280,3.874928360709602e-06,4.1163927240844614e-06,3.874928360709602e-06,4.1163927240844614e-06,165.31524342875355
1791177060,4.1163927240844614e-06,4.355614533942224e-06,4.1163927240844614e-06,4.355614533942224e-06,49.407358070902205
1791179040,4.355614533942224e-06,4.4397175403556206e-06,4.355614533942224e-06,4.4397175403556206e-06,16.316698751769387
1791179400,4.4397175403556206e-06,4.495984412233949e-06,4.4397175403556206e-06,4.495984412233949e-06,35.706043704610664
1791179700,4.495984412233949e-06,4.581226619485105e-06,4.495984412233949e-06,4.581226619485105e-06,37.54829082699244
1791179940,4.581226619485105e-06,4.633204388259929e-06,4.581226619485105e-06,4.633204388259929e-06,1.826562136688765
1791180480,4.633204388259929e-06,4.644035654654145e-06,4.633204388259929e-06,4.644035654654145e-06,0.749360759263714
1791180900,4.644035654654145e-06,4.6531230062945246e-06,4.644035654654145e-06,4.6531230062945246e-06,0.7444800409333734
