ts,o,h,l,c,v
1790547840,7.003080859482995e-05,7.044231326462145e-05,7.003080859482995e-05,7.044231326462145e-05,23.5919968838946
1790547900,7.044231326462145e-05,7.044231326462145e-05,6.938890469669703e-05,6.938890469669703e-05,11.356826828606929
1790547960,6.938890469669703e-05,7.50221858726322e-05,6.938890469669703e-05,7.397981607081561e-05,428.335819412854
1790548020,7.397981607081561e-05,7.51054597831468e-05,7.394565401824247e-05,7.484580156920072e-05,77.71012657821703
1790548080,7.484580156920072e-05,7.526166221192685e-05,7.306012174712335e-05,7.427531481620077e-05,185.92639060038303
1790548200,7.427531481620077e-05,7.427531481620077e-05,7.047874722652614e-05,7.143512578362747e-05,192.5295925551716
1790548260,7.143512578362747e-05,7.20575210518171e-05,7.087088861575894e-05,7.20575210518171e-05,90.94277475345751
1790548320,7.20575210518171e-05,7.238109164429839e-05,7.20575210518171e-05,7.238109164429839e-05,9.733432729204708
1790548380,7.238109164429839e-05,7.257106429475376e-05,7.236781360450971e-05,7.257106429475376e-05,36.90206921415763
1790548440,7.257106429475376e-05,7.270989806220519e-05,7.155963726520772e-05,7.155963726520772e-05,50.77580029207602
1790548560,7.155963726520772e-05,7.223696391845661e-05,7.09235764593825e-05,7.09235764593825e-05,77.15232904841675
1790548620,7.09235764593825e-05,7.09235764593825e-05,6.994431768069052e-05,6.994431768069052e-05,56.66155740017849
1790548740,6.994431768069052e-05,7.094679500826942e-05,6.47018481852497e-05,6.47018481852497e-05,655.3964911229376
1790548800,6.47018481852497e-05,6.524686008756381e-05,6.42233116105769e-05,6.524686008756381e-05,138.98846945664036
1790548860,6.524686008756381e-05,6.524686008756381e-05,6.367441613067483e-05,6.427158681602007e-05,114.76557780084498
1790548920,6.427158681602007e-05,6.427158681602007e-05,6.325331517602296e-05,6.325331517602296e-05,34.132713480678994
1790548980,6.325331517602296e-05,6.393758081255449e-05,6.301714520207731e-05,6.393758081255449e-05,8.916988047637805
1790549040,6.393758081255449e-05,6.399084427579447e-05,6.253855273034022e-05,6.253855273034022e-05,128.01414058580966
1790549100,6.253855273034022e-05,6.273510573619384e-05,6.253855273034022e-05,6.273510573619384e-05,2.5421000712666952
1790549160,6.273510573619384e-05,6.281295332357433e-05,6.158330711379754e-05,6.158330711379754e-05,83.32497237337991
1790549220,6.158330711379754e-05,6.158330711379754e-05,6.12387340410594e-05,6.12387340410594e-05,2.801303938012699
1790549280,6.12387340410594e-05,6.213176046287655e-05,6.12387340410594e-05,6.213176046287655e-05,9.674902725184438
1790549340,6.213176046287655e-05,6.213176046287655e-05,6.0583123785501054e-05,6.0583123785501054e-05,149.81686917364334
1790549460,6.0583123785501054e-05,6.133919104651074e-05,6.000960110920131e-05,6.133919104651074e-05,112.62603708852203
1790549520,6.133919104651074e-05,6.205357351377924e-05,6.133919104651074e-05,6.205357351377924e-05,25.277120445070317
1790549580,6.205357351377924e-05,6.712292125784585e-05,6.205357351377924e-05,6.546266993206397e-05,604.9816038206103
1790549640,6.546266993206397e-05,6.599093973897176e-05,6.546266993206397e-05,6.599093973897176e-05,49.26311975710697
1790549700,6.599093973897176e-05,6.639445798825825e-05,6.406614390926114e-05,6.502780503977821e-05,217.40426431561875
1790549760,6.502780503977821e-05,6.502780503977821e-05,6.46575831545213e-05,6.46575831545213e-05,9.69892725146095
1790549880,6.46575831545213e-05,6.48215324341398e-05,6.46575831545213e-05,6.48215324341398e-05,9.708053713118701
1790549940,6.48215324341398e-05,6.48215324341398e-05,6.217886712971143e-05,6.217886712971143e-05,166.11993969639843
1790550000,6.217886712971143e-05,6.429215382011604e-05,6.217886712971143e-05,6.429215382011604e-05,109.66979100375754
1790550060,6.429215382011604e-05,6.4549427024938e-05,6.360723036456186e-05,6.365145854610373e-05,64.57096076593255
1790550180,6.365145854610373e-05,6.452022895918787e-05,6.365145854610373e-05,6.452022895918787e-05,9.72491586173042
1790550240,6.452022895918787e-05,6.452022895918787e-05,6.313244320011789e-05,6.396830819298079e-05,86.31796950327916
1790550300,6.396830819298079e-05,6.415780075497787e-05,6.119495242971596e-05,6.38509897871895e-05,748.3524349376012
1790550360,6.38509897871895e-05,6.440896690022533e-05,6.38509897871895e-05,6.440896690022533e-05,12.048359614030664
1790550420,6.440896690022533e-05,6.821076853046935e-05,6.440896690022533e-05,6.821076853046935e-05,477.39798679473625
1790550480,6.821076853046935e-05,6.950967441498553e-05,6.821076853046935e-05,6.950967441498553e-05,117.84462355172676
1790550540,6.950967441498553e-05,6.952938556620253e-05,6.950967441498553e-05,6.952938556620253e-05,1.189798185982114
1790550600,6.952938556620253e-05,6.971948384547394e-05,6.952938556620253e-05,6.971948384547394e-05,23.69519003810616
1790550660,6.971948384547394e-05,6.971948384547394e-05,6.617890635095914e-05,6.617890635095914e-05,248.6917869527254
1790550720,6.617890635095914e-05,6.71636660343679e-05,6.588721719809031e-05,6.588721719809031e-05,82.90351970100122
1790550780,6.588721719809031e-05,6.588721719809031e-05,6.509887887989047e-05,6.509887887989047e-05,66.39952935278502
1790550840,6.509887887989047e-05,6.58561969318306e-05,6.471151551022131e-05,6.471151551022131e-05,77.42855692426376
1790550900,6.471151551022131e-05,6.471151551022131e-05,5.781822221734953e-05,5.888428141360517e-05,917.4684925383589
1790550960,5.888428141360517e-05,5.888428141360517e-05,5.003467400707774e-05,5.147411814049399e-05,1162.5200686540418
1790551020,5.147411814049399e-05,5.176148370444396e-05,4.691392357347774e-05,4.739133259629392e-05,513.3797980391066
1790551080,4.739133259629392e-05,4.856750973645144e-05,4.396765632612928e-05,4.856750973645144e-05,835.9091755389271
1790551140,4.856750973645144e-05,5.0228731462646665e-05,4.856750973645144e-05,5.0228731462646665e-05,302.49768137463263
1790551200,5.0228731462646665e-05,5.183355088455677e-05,5.0228731462646665e-05,5.183355088455677e-05,107.42614536160252
1790551260,5.183355088455677e-05,5.194494803661178e-05,4.949744770964786e-05,5.072212025145587e-05,374.1536104443911
1790551320,5.072212025145587e-05,5.072212025145587e-05,4.957054047639584e-05,4.957054047639584e-05,12.091138809179911
1790551380,4.957054047639584e-05,5.0372340547282226e-05,4.898710465368286e-05,4.988497496806303e-05,188.7162250162489
1790551440,4.988497496806303e-05,5.2150438276992485e-05,4.988497496806303e-05,5.2150438276992485e-05,224.19927519116243
1790551500,5.2150438276992485e-05,5.248281844314516e-05,5.2150438276992485e-05,5.248281844314516e-05,37.752390279780016
1790551560,5.248281844314516e-05,5.262909454435889e-05,5.137116377772681e-05,5.148308839042921e-05,143.55291906337402
1790551620,5.148308839042921e-05,5.148308839042921e-05,5.063540774850008e-05,5.10287665046001e-05,46.551378697393254
1790551680,5.10287665046001e-05,5.10287665046001e-05,4.86023146351196e-05,4.86023146351196e-05,285.377274751428
1790551740,4.86023146351196e-05,4.878121368425122e-05,4.787816805790357e-05,4.878121368425122e-05,71.91665180210597
1790551800,4.878121368425122e-05,4.9129142767094055e-05,4.878121368425122e-05,4.9129142767094055e-05,37.84801562687178
1790551860,4.9129142767094055e-05,4.9129142767094055e-05,4.533979178308149e-05,4.833335254191919e-05,568.9805653050096
1790551920,4.833335254191919e-05,4.833335254191919e-05,4.069080615259959e-05,4.121425397541766e-05,1373.4810680267067
1790551980,4.121425397541766e-05,4.121425397541766e-05,3.766803475606407e-05,3.766803475606407e-05,490.0288671977472
1790552040,3.766803475606407e-05,3.824029327979784e-05,3.766803475606407e-05,3.824029327979784e-05,38.78727634939015
1790552100,3.824029327979784e-05,3.824029327979784e-05,3.729231273031914e-05,3.7846417270084726e-05,94.36309990333002
1790552160,3.7846417270084726e-05,3.7846417270084726e-05,2.8356921233059584e-05,2.912735939722943e-05,1824.2522653934511
1790552220,2.912735939722943e-05,2.9654753005094874e-05,2.8197498056262487e-05,2.9328830376620618e-05,258.14541004232376
1790552280,2.9328830376620618e-05,2.9427310899893583e-05,2.903975895437566e-05,2.9427310899893583e-05,46.56164107693467
1790552340,2.9427310899893583e-05,2.9427310899893583e-05,2.8529028531999206e-05,2.878260252415036e-05,241.61754210726815
1790552400,2.878260252415036e-05,3.0726425802120536e-05,2.878260252415036e-05,2.9937137705560376e-05,705.1688724744387
1790552460,2.9937137705560376e-05,2.9937137705560376e-05,2.849393166505915e-05,2.849393166505915e-05,159.06307800294618
1790552520,2.849393166505915e-05,2.8694958948678108e-05,2.8289959755182293e-05,2.8289959755182293e-05,7.286138756077701
1790552580,2.8289959755182293e-05,3.115378364184606e-05,2.8276144773410713e-05,3.088474742923214e-05,382.3612142267964
1790552640,3.088474742923214e-05,3.161978969689183e-05,3.088474742923214e-05,3.161978969689183e-05,51.65015488500647
1790552700,3.161978969689183e-05,3.16461828428465e-05,3.104337757535263e-05,3.104337757535263e-05,56.60315486560883
1790552760,3.104337757535263e-05,3.3291216845948136e-05,3.08599381732315e-05,3.3291216845948136e-05,309.55658646754006
1790552820,3.3291216845948136e-05,3.3291216845948136e-05,3.273491374639456e-05,3.273491374639456e-05,27.851782680333727
1790552880,3.273491374639456e-05,3.273491374639456e-05,3.1888275934945524e-05,3.1888275934945524e-05,143.50591654091215
1790552940,3.1888275934945524e-05,3.2338752737011145e-05,3.1888275934945524e-05,3.2338752737011145e-05,29.30328884717374
1790553000,3.2338752737011145e-05,3.243736966285982e-05,3.2338752737011145e-05,3.243736966285982e-05,2.6780163764565166
1790553060,3.243736966285982e-05,3.457738681906789e-05,3.243736966285982e-05,3.3888814950857474e-05,435.1745156534609
1790553120,3.3888814950857474e-05,3.4845361445507065e-05,3.3888814950857474e-05,3.442663175286085e-05,62.098737597041186
1790553180,3.442663175286085e-05,3.442663175286085e-05,3.318937837039798e-05,3.3683457562596715e-05,161.18930479240916
1790553300,3.3683457562596715e-05,3.420595140596007e-05,3.3683457562596715e-05,3.420595140596007e-05,77.66852167404875
1790553360,3.420595140596007e-05,3.42586396256304e-05,3.369162307564268e-05,3.369162307564268e-05,38.764306208115435
1790553420,3.369162307564268e-05,3.369162307564268e-05,3.338540587231017e-05,3.3651482672923785e-05,61.60030697175222
1790553540,3.3651482672923785e-05,3.3651482672923785e-05,3.303288222920412e-05,3.3475565323021747e-05,38.734927417900224
1790553600,3.3475565323021747e-05,3.5436066855551156e-05,3.3475565323021747e-05,3.44677008511284e-05,302.64231964180976
1790553660,3.44677008511284e-05,3.564992525728925e-05,3.44677008511284e-05,3.564992525728925e-05,9.84813454097047
1790553720,3.564992525728925e-05,3.574829812758909e-05,2.9302332875825833e-05,2.9975319369550225e-05,935.9012025849523
1790553780,2.9975319369550225e-05,3.035105353473021e-05,2.8957252199362736e-05,2.907147280900893e-05,297.6405719019639
1790553840,2.907147280900893e-05,3.0193609211899715e-05,2.771734834631917e-05,2.985898688296102e-05,1086.9963819525801
1790553900,2.985898688296102e-05,2.9931900675255845e-05,2.9568827139724665e-05,2.9568827139724665e-05,17.858602930132832
1790553960,2.9568827139724665e-05,2.9568827139724665e-05,2.9278658372215662e-05,2.9278658372215662e-05,54.83950206028401
1790554020,2.9278658372215662e-05,2.9520259577785612e-05,2.9122407585259295e-05,2.9520259577785612e-05,19.70587010849985
1790554140,2.9520259577785612e-05,2.9546537739631775e-05,2.9520259577785612e-05,2.9546537739631775e-05,9.697865290938168
1790554200,2.9546537739631775e-05,2.9546537739631775e-05,2.7627284770873876e-05,2.8296827111244412e-05,454.12649447032663
1790554260,2.8296827111244412e-05,2.856461284807122e-05,2.8296827111244412e-05,2.856461284807122e-05,13.644038211590301
1790554380,2.856461284807122e-05,2.8656465583015807e-05,2.856461284807122e-05,2.8656465583015807e-05,9.702832250629656
1790554440,2.8656465583015807e-05,2.868933841810032e-05,2.83156284664616e-05,2.8322862264712377e-05,32.89209514245096
1790554500,2.8322862264712377e-05,2.8322862264712377e-05,2.752357928169755e-05,2.752357928169755e-05,253.32461101553722
1790554560,2.752357928169755e-05,2.8152766475021013e-05,2.7355324356476937e-05,2.7355324356476937e-05,222.07524910091254
1790554620,2.7355324356476937e-05,2.7525363364200052e-05,2.7144191776997135e-05,2.7525363364200052e-05,24.992071003506318
1790554680,2.7525363364200052e-05,2.7525363364200052e-05,2.579261119745586e-05,2.579261119745586e-05,235.54169341271688
1790554740,2.579261119745586e-05,2.9156637012043937e-05,2.579261119745586e-05,2.8927854154005015e-05,475.151333074715
1790554800,2.8927854154005015e-05,2.9864314839299594e-05,2.8927854154005015e-05,2.9864314839299594e-05,82.8119261398008
1790554860,2.9864314839299594e-05,2.9864314839299594e-05,2.9194910481103406e-05,2.9424017800934522e-05,98.25670277665456
1790554980,2.9424017800934522e-05,3.117401343563591e-05,2.856286912498581e-05,3.117401343563591e-05,389.60449976411286
1790555040,3.117401343563591e-05,3.1196098503223554e-05,3.054662380187795e-05,3.07327967306395e-05,60.865792213226904
1790555100,3.07327967306395e-05,3.07327967306395e-05,3.0157384398001073e-05,3.0394427842047754e-05,64.00668920030162
1790555160,3.0394427842047754e-05,3.0499166639382693e-05,2.9675574600960074e-05,2.980116236538973e-05,71.59249177044782
1790555220,2.980116236538973e-05,2.985540527568235e-05,2.9535469432957246e-05,2.985540527568235e-05,35.7644697904241
1790555280,2.985540527568235e-05,2.985540527568235e-05,2.9475718250810673e-05,2.9475718250810673e-05,0.5720989753640185
1790555340,2.9475718250810673e-05,2.9894945743400042e-05,2.9475718250810673e-05,2.9894945743400042e-05,13.661168644546377
1790555400,2.9894945743400042e-05,3.0027395354115777e-05,2.967023496081171e-05,2.967023496081171e-05,45.012361365553254
1790555460,2.967023496081171e-05,2.995210496369478e-05,2.967023496081171e-05,2.995210496369478e-05,9.759749209512204
1790555520,2.995210496369478e-05,3.0034143471503816e-05,2.9653436310832284e-05,3.0034143471503816e-05,39.317386345282316
1790555580,3.0034143471503816e-05,3.019054080670244e-05,2.975209352670413e-05,2.975209352670413e-05,34.835554760355926
1790555760,2.975209352670413e-05,3.010565456713594e-05,2.975209352670413e-05,2.978136069762705e-05,11.18610264130299
1790555820,2.978136069762705e-05,3.0871158423103517e-05,2.978136069762705e-05,3.0871158423103517e-05,145.19650185995496
1790555880,3.0871158423103517e-05,3.0884012614041855e-05,3.0871158423103517e-05,3.0884012614041855e-05,9.695441339633463
1790555940,3.0884012614041855e-05,3.104189528155586e-05,3.06869682710545e-05,3.06869682710545e-05,59.649490780607806
1790556000,3.06869682710545e-05,3.10740826730182e-05,3.0606783511792485e-05,3.10740826730182e-05,33.76640894790526
1790556060,3.10740826730182e-05,3.10740826730182e-05,3.0716534108013495e-05,3.0716534108013495e-05,8.626386666443677
1790556120,3.0716534108013495e-05,3.11373522572304e-05,3.0716534108013495e-05,3.11373522572304e-05,9.694031925549146
1790556180,3.11373522572304e-05,3.505288155426241e-05,3.11373522572304e-05,3.503879148112552e-05,556.3026543058024
1790556240,3.503879148112552e-05,3.52325673346371e-05,3.503879148112552e-05,3.52325673346371e-05,33.301200853268924
1790556300,3.52325673346371e-05,3.668446820717028e-05,3.52325673346371e-05,3.668446820717028e-05,271.3627184073277
1790556360,3.668446820717028e-05,3.73689570752081e-05,3.6275244351048314e-05,3.7222265062154094e-05,182.0186425787451
1790556420,3.7222265062154094e-05,3.7698060466004075e-05,3.7222265062154094e-05,3.7698060466004075e-05,14.82007579836771
1790556480,3.7698060466004075e-05,3.7698060466004075e-05,3.552990261477875e-05,3.552990261477875e-05,335.00520300907755
1790556540,3.552990261477875e-05,3.849060045080681e-05,3.5216403727834004e-05,3.849060045080681e-05,601.6611087804088
1790556600,3.849060045080681e-05,4.091744670340884e-05,3.849060045080681e-05,4.091744670340884e-05,254.34062620073684
1790556660,4.091744670340884e-05,4.3589259312964024e-05,4.091744670340884e-05,4.2959190891675e-05,362.4249732815336
1790556720,4.2959190891675e-05,4.4094941843091184e-05,4.2959190891675e-05,4.3912916874506815e-05,263.741274809233
1790556780,4.3912916874506815e-05,4.3936800404961664e-05,4.2444276400524405e-05,4.2444276400524405e-05,167.45665603455427
1790556840,4.2444276400524405e-05,4.2444276400524405e-05,4.1310631133816584e-05,4.1310631133816584e-05,144.2815388167867
1790556900,4.1310631133816584e-05,4.1310631133816584e-05,4.0562957811184196e-05,4.106520584293257e-05,20.507460609503454
1790557020,4.106520584293257e-05,4.106520584293257e-05,4.026873880797377e-05,4.026873880797377e-05,47.50505264136691
1790557080,4.026873880797377e-05,4.296759194445078e-05,4.026873880797377e-05,4.244025855538035e-05,374.8458822171311
1790557200,4.244025855538035e-05,4.244025855538035e-05,4.026944963004172e-05,4.026944963004172e-05,300.9425306978352
1790557260,4.026944963004172e-05,5.017181173448745e-05,3.952474157144235e-05,5.017181173448745e-05,1267.5214411273848
1790557320,5.017181173448745e-05,5.53641603315823e-05,5.017181173448745e-05,5.53641603315823e-05,668.5238499315645
1790557380,5.53641603315823e-05,5.6511421244456846e-05,5.1230458179975015e-05,5.1230458179975015e-05,685.8694301497029
1790557440,5.1230458179975015e-05,5.3531941291797274e-05,5.1230458179975015e-05,5.3531941291797274e-05,159.50368702965542
1790557500,5.3531941291797274e-05,5.3531941291797274e-05,5.2612040768385125e-05,5.2612040768385125e-05,11.667083093892513
1790557560,5.2612040768385125e-05,5.2612040768385125e-05,5.252038199129458e-05,5.252038199129458e-05,6.084927245017895
1790557680,5.252038199129458e-05,5.371138946538175e-05,5.252038199129458e-05,5.371138946538175e-05,34.06147839508876
1790557740,5.371138946538175e-05,5.371138946538175e-05,5.3706034938275055e-05,5.3706034938275055e-05,0.9882458453616086
1790557800,5.3706034938275055e-05,5.373684393795664e-05,5.3706034938275055e-05,5.373684393795664e-05,11.941422730171503
1790557860,5.373684393795664e-05,5.373684393795664e-05,5.146262876308536e-05,5.228966266159347e-05,413.0793396265944
1790557980,5.228966266159347e-05,5.228966266159347e-05,4.917514278620557e-05,4.917514278620557e-05,388.9144768969765
1790558040,4.917514278620557e-05,4.917514278620557e-05,4.823481652273489e-05,4.861369478774252e-05,137.34862833588414
1790558100,4.861369478774252e-05,4.890165379651099e-05,4.787217367010239e-05,4.787217367010239e-05,42.547900150580084
1790558160,4.787217367010239e-05,4.8557551813551276e-05,4.787217367010239e-05,4.797938991877353e-05,25.651127192129007
1790558220,4.797938991877353e-05,4.916663172507521e-05,4.797938991877353e-05,4.916663172507521e-05,179.46745565595774
1790558280,4.916663172507521e-05,4.916663172507521e-05,4.898810917693487e-05,4.898810917693487e-05,4.9210725060597165
1790558400,4.914582917593558e-05,4.919556877624906e-05,4.914582917593558e-05,4.919556877624906e-05,6.739191754124856
1790558460,4.919556877624906e-05,4.960197558262379e-05,4.859554219457106e-05,4.960197558262379e-05,95.64503921790569
1790558760,4.960197558262379e-05,4.960197558262379e-05,4.865348616912207e-05,4.8983196456058935e-05,109.72288461337965
1790558820,4.8983196456058935e-05,4.8983196456058935e-05,4.8402961781252874e-05,4.8402961781252874e-05,2.180235348762932
1790558880,4.8402961781252874e-05,4.8402961781252874e-05,4.833119392268439e-05,4.833119392268439e-05,15.087170321978256
1790558940,4.833119392268439e-05,4.833119392268439e-05,4.698858138514401e-05,4.698858138514401e-05,137.04178990383576
1790559000,4.698858138514401e-05,4.754818551496632e-05,4.698858138514401e-05,4.754818551496632e-05,0.8001806998137502
1790559060,4.754818551496632e-05,4.754818551496632e-05,4.6711736991439577e-05,4.6711736991439577e-05,30.39378545182667
1790559120,4.6711736991439577e-05,4.7458449579841324e-05,4.6711736991439577e-05,4.7458449579841324e-05,46.2246939523951
1790559180,4.7458449579841324e-05,4.7458449579841324e-05,4.700559204324324e-05,4.700559204324324e-05,18.423233778422443
1790559300,4.700559204324324e-05,4.700559204324324e-05,4.655164101485e-05,4.655164101485e-05,70.46575229842792
1790559360,4.655164101485e-05,4.694627012472707e-05,4.655164101485e-05,4.694627012472707e-05,24.038386683747767
1790559420,4.694627012472707e-05,4.7091719648222646e-05,4.65229988474177e-05,4.65229988474177e-05,19.907457788820633
1790559540,4.65229988474177e-05,4.65229988474177e-05,4.60988648838534e-05,4.60988648838534e-05,59.90215182562233
1790559600,4.60988648838534e-05,4.6520371930986127e-05,4.60988648838534e-05,4.6520371930986127e-05,10.50991157408046
1790559660,4.6520371930986127e-05,4.654350935258129e-05,4.6520371930986127e-05,4.654350935258129e-05,10.77262991222875
1790559720,4.654350935258129e-05,4.654350935258129e-05,4.4395345533714574e-05,4.4395345533714574e-05,229.2671595451009
1790559780,4.4395345533714574e-05,4.4395345533714574e-05,4.2962848346776894e-05,4.2962848346776894e-05,212.08158836961434
1790559840,4.2962848346776894e-05,4.2962848346776894e-05,4.166213247948403e-05,4.166213247948403e-05,104.27577657077558
1790559900,4.166213247948403e-05,4.1795113498607514e-05,4.130904341545772e-05,4.130904341545772e-05,11.913652952960936
1790559960,4.130904341545772e-05,4.130904341545772e-05,4.0736929169586695e-05,4.0736929169586695e-05,122.21078750876009
1790560020,4.0736929169586695e-05,4.08008474074613e-05,4.0736929169586695e-05,4.08008474074613e-05,2.00850999932192
1790560080,4.08008474074613e-05,4.08008474074613e-05,4.077773872839932e-05,4.077773872839932e-05,1.9892651994237132
1790560140,4.077773872839932e-05,4.0827648657810144e-05,4.077773872839932e-05,4.081263352844164e-05,33.49991893975566
1790560260,4.081263352844164e-05,4.081263352844164e-05,3.201635713999601e-05,3.6950928227929806e-05,1849.6254012856962
1790560320,3.6950928227929806e-05,3.781383095415252e-05,3.6950928227929806e-05,3.7166140131764566e-05,218.89912974276808
1790560380,3.7166140131764566e-05,3.729383407735321e-05,3.692986536869095e-05,3.692986536869095e-05,30.138957927900375
1790560440,3.692986536869095e-05,3.692986536869095e-05,3.447655389459891e-05,3.504996643574292e-05,527.855908489879
1790560500,3.504996643574292e-05,3.504996643574292e-05,3.483395890135043e-05,3.483395890135043e-05,27.049715011005766
1790560560,3.483395890135043e-05,3.5422365312855155e-05,3.483395890135043e-05,3.5422365312855155e-05,59.444953467093676
1790560620,3.5422365312855155e-05,3.559169928384614e-05,3.5159848313751296e-05,3.5575313182035926e-05,16.003579160615253
1790560680,3.5575313182035926e-05,3.562373278029337e-05,3.514055874402309e-05,3.514055874402309e-05,39.02344310880374
1790560740,3.514055874402309e-05,3.585345352446521e-05,3.514055874402309e-05,3.585345352446521e-05,45.310280713782134
1790560920,3.585345352446521e-05,3.585345352446521e-05,3.5216924198058926e-05,3.568757865977163e-05,43.526457135756985
1790560980,3.568757865977163e-05,3.5925901038369546e-05,3.568757865977163e-05,3.5925901038369546e-05,38.523135420312755
1790561040,3.5925901038369546e-05,3.616554656168754e-05,3.5925901038369546e-05,3.616554656168754e-05,3.950380257080673
1790561100,3.616554656168754e-05,3.629709440707597e-05,3.543001199482467e-05,3.543001199482467e-05,142.93337885073848
1790561160,3.543001199482467e-05,3.684056437230299e-05,3.543001199482467e-05,3.638435219930279e-05,189.75880370062563
1790561220,3.638435219930279e-05,3.638435219930279e-05,3.619547743111695e-05,3.619547743111695e-05,37.92426073226662
1790561280,3.619547743111695e-05,3.659144223537652e-05,3.619547743111695e-05,3.659144223537652e-05,4.585050246078971
1790561460,3.659144223537652e-05,3.659144223537652e-05,3.575988235847542e-05,3.628076277239456e-05,80.38982368316756
1790561520,3.628076277239456e-05,3.677467507596089e-05,3.628076277239456e-05,3.677467507596089e-05,55.26883407192393
1790561580,3.677467507596089e-05,3.6893979130629305e-05,3.677467507596089e-05,3.6893979130629305e-05,4.350113764555425
1790561640,3.6893979130629305e-05,3.6893979130629305e-05,3.5594724369468215e-05,3.5594724369468215e-05,117.1415516351466
1790561700,3.5594724369468215e-05,3.6482753193005714e-05,3.5594724369468215e-05,3.5975169277368626e-05,202.03219921975963
1790561760,3.5975169277368626e-05,3.6358245881711726e-05,3.5975169277368626e-05,3.6358245881711726e-05,10.586140319120647
1790562060,3.6358245881711726e-05,3.6358245881711726e-05,3.565034967914156e-05,3.604951420192898e-05,37.0508503666831
1790562120,3.604951420192898e-05,3.604951420192898e-05,3.5507654486539635e-05,3.5507654486539635e-05,13.362694438320535
1790562240,3.5507654486539635e-05,3.5507654486539635e-05,3.5357410576044755e-05,3.5357410576044755e-05,37.05856542484484
1790562300,3.5357410576044755e-05,4.5206265451082895e-05,3.517082336822866e-05,4.5206265451082895e-05,1332.03525147307
1790562360,4.5206265451082895e-05,4.570132431954774e-05,4.4590994226536906e-05,4.4590994226536906e-05,179.76463298578474
1790562420,4.4590994226536906e-05,4.904362337526223e-05,4.4590994226536906e-05,4.904362337526223e-05,435.31729007022557
1790562480,4.904362337526223e-05,4.904362337526223e-05,4.72839453543855e-05,4.72839453543855e-05,123.81287875102585
1790562540,4.72839453543855e-05,4.789111607795119e-05,4.722122669116514e-05,4.780017338003474e-05,32.56745802492445
1790562600,4.780017338003474e-05,4.808487781295703e-05,4.59577189746927e-05,4.59577189746927e-05,191.8146163246892
1790562660,4.59577189746927e-05,4.660034617156631e-05,4.59577189746927e-05,4.660034617156631e-05,3.689967298224133
1790562720,4.660034617156631e-05,4.660034617156631e-05,4.5924988564118365e-05,4.5924988564118365e-05,17.768058554261245
1790562780,4.5924988564118365e-05,4.6565349146637877e-05,4.5924988564118365e-05,4.6565349146637877e-05,19.755325504805885
1790562900,4.6565349146637877e-05,4.6565349146637877e-05,4.5554718478455995e-05,4.5554718478455995e-05,74.6055065766323
1790562960,4.5554718478455995e-05,4.599226660386143e-05,4.5554718478455995e-05,4.599226660386143e-05,9.873522175379197
1790563080,4.599226660386143e-05,6.709810040712478e-05,4.523249117411727e-05,6.64240778196285e-05,2298.837429899619
1790563140,6.64240778196285e-05,6.899207666796025e-05,6.64240778196285e-05,6.87568193151142e-05,301.7251266978009
1790563200,6.87568193151142e-05,6.97435851671978e-05,6.465210071192393e-05,6.619335647875589e-05,503.39870204876445
1790563260,6.619335647875589e-05,6.685307608935777e-05,6.619335647875589e-05,6.685307608935777e-05,11.899572356722283
1790563320,6.685307608935777e-05,6.685307608935777e-05,6.556168163941632e-05,6.556168163941632e-05,45.055722741405084
1790563380,6.556168163941632e-05,6.556168163941632e-05,6.454311680161533e-05,6.454311680161533e-05,96.04409399033403
1790563440,6.454311680161533e-05,6.454311680161533e-05,6.329542096797514e-05,6.333249150680891e-05,112.44644995916536
1790563500,6.333249150680891e-05,6.434167618666143e-05,6.0708547884969024e-05,6.158668285665237e-05,609.9485516955747
1790563560,6.158668285665237e-05,6.158668285665237e-05,6.0507595872745415e-05,6.141449854341978e-05,114.45251084914736
1790563620,6.141449854341978e-05,6.19584602485304e-05,6.057127072376116e-05,6.103067570658521e-05,161.22931118715343
1790563680,6.103067570658521e-05,6.277347014761083e-05,6.103067570658521e-05,6.23845540923855e-05,150.04725532684589
1790563800,6.23845540923855e-05,6.852538765899499e-05,6.23845540923855e-05,6.735084314169448e-05,539.4819675803533
1790563860,6.735084314169448e-05,6.81450957366613e-05,6.552728987826398e-05,6.552728987826398e-05,159.7237468446792
1790563920,6.552728987826398e-05,6.552728987826398e-05,6.423775765553956e-05,6.524587229553846e-05,122.76188799816498
1790563980,6.524587229553846e-05,6.559649137063296e-05,6.431641754721203e-05,6.4869698461342e-05,71.35929562397766
1790564040,6.4869698461342e-05,6.813524957711654e-05,6.4869698461342e-05,6.813524957711654e-05,438.5045078506461
1790564100,6.813524957711654e-05,7.127885062959406e-05,6.813524957711654e-05,7.127885062959406e-05,135.69735689195082
1790564160,7.127885062959406e-05,7.589603540520143e-05,7.127885062959406e-05,7.589603540520143e-05,483.03386411830843
1790564220,7.589603540520143e-05,7.896395614401052e-05,7.493979815180856e-05,7.896395614401052e-05,270.42514827420973
1790564280,7.896395614401052e-05,9.534069364041318e-05,7.896395614401052e-05,9.474166571565433e-05,1863.311213318574
1790564340,9.474166571565433e-05,9.627773779869153e-05,8.858178757094014e-05,9.046130882466988e-05,1379.1401163031844
1790564400,9.046130882466988e-05,9.513011932632931e-05,8.69158766633711e-05,9.513011932632931e-05,1335.778025887016
1790564460,9.513011932632931e-05,9.83487913361297e-05,9.446386545920753e-05,9.516417469349272e-05,534.8284421580555
1790564520,9.516417469349272e-05,9.749441178010457e-05,9.516417469349272e-05,9.613161426058816e-05,182.91086351726815
1790564580,9.613161426058816e-05,0.00010122764318705308,9.613161426058816e-05,0.00010037846649555862,442.5562262302941
1790564640,0.00010037846649555862,0.00010314426554238965,0.00010037846649555862,0.00010314426554238965,219.32292949859644
1790564700,0.00010314426554238965,0.00010464978849597447,0.00010268560336221602,0.00010324808516523505,118.58275207836053
1790564760,0.00010324808516523505,0.0001049113760594393,0.00010107905807416321,0.00010167967380287484,281.01518760052284
1790564820,0.00010167967380287484,0.00010167967380287484,8.774462950065677e-05,8.774462950065677e-05,1237.8022074636663
1790564880,8.774462950065677e-05,8.94303377924573e-05,8.711788891854592e-05,8.933378710239175e-05,119.37617472593561
1790564940,8.933378710239175e-05,8.933378710239175e-05,8.733974541148125e-05,8.733974541148125e-05,64.52016638346548
1790565000,8.733974541148125e-05,8.907735490897493e-05,8.729086475423114e-05,8.907735490897493e-05,101.4128792890852
1790565060,8.907735490897493e-05,8.962376231392132e-05,8.82679748629155e-05,8.82679748629155e-05,48.256754740757046
1790565120,8.82679748629155e-05,8.9746153839262e-05,8.82679748629155e-05,8.9746153839262e-05,63.92157372181834
1790565180,8.9746153839262e-05,9.020294131009297e-05,8.889860852874264e-05,9.020294131009297e-05,4.9808694740857815
1790565240,9.020294131009297e-05,9.372409875666344e-05,8.90328741203505e-05,9.372409875666344e-05,315.99942279614095
1790565300,9.372409875666344e-05,9.423662755823124e-05,9.372409875666344e-05,9.423662755823124e-05,6.570072769899977
1790565360,9.423662755823124e-05,9.423662755823124e-05,9.291828388100389e-05,9.291828388100389e-05,0.7975428534975707
1790565420,9.291828388100389e-05,9.291828388100389e-05,9.119547654368068e-05,9.119547654368068e-05,154.82763246442732
1790565480,9.119547654368068e-05,9.119547654368068e-05,8.039835930273727e-05,8.039835930273727e-05,979.9522952160531
1790565540,8.039835930273727e-05,8.039835930273727e-05,7.505438004079146e-05,7.57570546504584e-05,642.4904793733558
1790565600,7.57570546504584e-05,7.57570546504584e-05,7.205704147456699e-05,7.212829584097067e-05,389.2073517004501
1790565660,7.212829584097067e-05,7.212829584097067e-05,7.195766101594759e-05,7.195766101594759e-05,8.243146548533439
1790565720,7.195766101594759e-05,7.28842290485003e-05,7.184907649130318e-05,7.185804088908436e-05,7.6753992359781025
1790565780,7.185804088908436e-05,7.185804088908436e-05,7.03088064858569e-05,7.03088064858569e-05,131.22721235437746
1790565840,7.03088064858569e-05,7.76063439017996e-05,7.03088064858569e-05,7.76063439017996e-05,583.3116290054444
1790565900,7.76063439017996e-05,7.76063439017996e-05,7.132477253582865e-05,7.132477253582865e-05,670.9877056778065
1790565960,7.132477253582865e-05,7.133903220179459e-05,7.052603482020307e-05,7.059210755058934e-05,145.31381717757822
1790566020,7.059210755058934e-05,7.167741529500863e-05,7.059210755058934e-05,7.167741529500863e-05,30.07291337184971
1790566080,7.167741529500863e-05,7.254444449294674e-05,7.082438541410647e-05,7.216923047192497e-05,113.27191373910541
1790566140,7.216923047192497e-05,7.216923047192497e-05,6.981994150998153e-05,6.981994150998153e-05,199.73822938817094
1790566200,6.981994150998153e-05,7.088403280672978e-05,6.981994150998153e-05,7.088403280672978e-05,19.760008652573326
1790566260,7.088403280672978e-05,7.100568173765664e-05,6.993295284506497e-05,7.100568173765664e-05,25.250910628642487
1790566320,7.100568173765664e-05,7.11914507076835e-05,6.97025711678266e-05,6.97025711678266e-05,41.65661093986625
1790566440,6.97025711678266e-05,6.976381283317034e-05,6.97025711678266e-05,6.976381283317034e-05,0.6258076483528402
1790566560,6.976381283317034e-05,6.983650980707993e-05,6.86732888073761e-05,6.880504081129221e-05,115.05664636936919
1790566620,6.880504081129221e-05,6.880504081129221e-05,6.49929658097618e-05,6.49929658097618e-05,360.2730280308455
1790566740,6.49929658097618e-05,6.61174917784449e-05,6.49929658097618e-05,6.61174917784449e-05,40.15607744917566
1790566800,6.61174917784449e-05,6.716056154730777e-05,6.580597482872475e-05,6.716056154730777e-05,83.36597622766688
1790566860,6.716056154730777e-05,6.716056154730777e-05,6.618014780536149e-05,6.618014780536149e-05,3.639492217707334
1790566920,6.618014780536149e-05,6.721272966020357e-05,6.465395995416487e-05,6.465395995416487e-05,166.38390249262432
1790566980,6.465395995416487e-05,6.465395995416487e-05,6.254438259366263e-05,6.254438259366263e-05,208.96285075157502
1790567040,6.254438259366263e-05,6.254438259366263e-05,6.2114038009702e-05,6.2114038009702e-05,58.553488207980706
1790567100,6.2114038009702e-05,6.2114038009702e-05,6.173138214232154e-05,6.173138214232154e-05,0.5900824754095974
1790567160,6.173138214232154e-05,6.173138214232154e-05,6.167332313837128e-05,6.167332313837128e-05,0.5895569731276743
1790567280,6.167332313837128e-05,6.168923732433896e-05,6.167332313837128e-05,6.167865760608156e-05,2.8934186906042885
1790567340,6.167865760608156e-05,7.398477808456117e-05,6.167865760608156e-05,6.861663799085369e-05,1214.1197038470298
1790567400,6.861663799085369e-05,7.810396121486329e-05,6.861663799085369e-05,7.810396121486329e-05,301.3676848850798
1790567460,7.810396121486329e-05,8.097334774124159e-05,7.810396121486329e-05,8.097334774124159e-05,328.7930903907194
1790567520,8.097334774124159e-05,8.441101571612566e-05,8.097334774124159e-05,8.441101571612566e-05,295.3476069765875
1790567580,8.441101571612566e-05,8.520804057715892e-05,8.307288619753668e-05,8.307288619753668e-05,194.73608738475068
1790567640,8.307288619753668e-05,8.307288619753668e-05,8.121707549085984e-05,8.236399488714486e-05,96.47199984686962
1790567700,8.236399488714486e-05,8.669682663853089e-05,8.236399488714486e-05,8.669682663853089e-05,715.0538034814433
1790567760,8.669682663853089e-05,8.905879655281614e-05,8.631460443584263e-05,8.748946664398283e-05,303.3037517869711
1790567880,8.748946664398283e-05,8.749367832578851e-05,8.748946664398283e-05,8.749367832578851e-05,2.0060528230275647
1790568000,8.749367832578851e-05,8.749367832578851e-05,8.599208358942325e-05,8.599208358942325e-05,31.249094068331996
1790568060,8.599208358942325e-05,8.599208358942325e-05,8.309831828811591e-05,8.309831828811591e-05,391.3960380580133
1790568240,8.309831828811591e-05,8.309831828811591e-05,8.052587616432572e-05,8.052587616432572e-05,34.48904988474174
1790568300,8.052587616432572e-05,8.160126260401672e-05,8.052587616432572e-05,8.160126260401672e-05,4.952461211051033
1790568360,8.160126260401672e-05,8.172616354472842e-05,8.160126260401672e-05,8.172616354472842e-05,9.909267260372694
1790568420,8.172616354472842e-05,8.172616354472842e-05,7.568341113601889e-05,7.568341113601889e-05,481.1465277619639
1790568600,7.568341113601889e-05,7.638516933162737e-05,7.568341113601889e-05,7.638516933162737e-05,27.611208150462453
1790568720,7.638516933162737e-05,7.638516933162737e-05,7.43635984616379e-05,7.503096937066792e-05,115.96162533493516
1790568780,7.503096937066792e-05,7.503096937066792e-05,7.35483437889585e-05,7.499680081965625e-05,174.98664816201693
1790568840,7.499680081965625e-05,7.786831187828942e-05,7.499680081965625e-05,7.580854331841115e-05,286.06836562736794
1790568900,7.580854331841115e-05,8.125679110688053e-05,7.580854331841115e-05,8.125679110688053e-05,267.6113799432366
1790568960,8.125679110688053e-05,8.549733106459497e-05,8.036835774227423e-05,8.42321728742239e-05,362.13152212449853
1790569020,8.42321728742239e-05,8.86710748878917e-05,8.42321728742239e-05,8.733836379782575e-05,304.13292969521524
1790569080,8.733836379782575e-05,9.031615271192685e-05,8.65666621994133e-05,8.918156567318205e-05,355.8814031164935
1790569140,8.918156567318205e-05,0.00010155658348535296,8.918156567318205e-05,9.936490982323695e-05,1138.2085432114814
1790569200,9.936490982323695e-05,0.00010097521839270713,9.867132495151485e-05,0.00010097521839270713,131.34928446747756
1790569260,0.00010097521839270713,0.00010097521839270713,9.622633883590165e-05,9.622633883590165e-05,293.5697404322923
1790569320,9.622633883590165e-05,9.622633883590165e-05,9.54862451903302e-05,9.54862451903302e-05,16.719437276493213
1790569440,9.54862451903302e-05,9.696947388155941e-05,9.54862451903302e-05,9.696947388155941e-05,8.826036207969633
1790569500,9.696947388155941e-05,9.696947388155941e-05,9.462369293855847e-05,9.462369293855847e-05,121.14885893689909
1790569620,9.462369293855847e-05,9.596547653839279e-05,9.355144434772921e-05,9.355144434772921e-05,125.24970846831421
1790569680,9.355144434772921e-05,9.460145965204886e-05,8.851328651666479e-05,8.854824448291207e-05,491.4229636738405
1790569740,8.854824448291207e-05,8.863892506128239e-05,7.098417854168423e-05,7.098417854168423e-05,2202.612645696527
1790569800,7.098417854168423e-05,7.312144325665372e-05,6.982064811152539e-05,7.087335483829085e-05,475.43846777481696
1790569860,7.087335483829085e-05,7.087335483829085e-05,6.933690197797517e-05,7.028242301915534e-05,71.30971278275896
1790569920,7.028242301915534e-05,7.028242301915534e-05,6.708975777673079e-05,6.708975777673079e-05,229.83370927127416
1790569980,6.708975777673079e-05,6.708975777673079e-05,6.672607719265046e-05,6.672607719265046e-05,8.103425394768855
1790570040,6.672607719265046e-05,6.765358545592541e-05,6.672607719265046e-05,6.765358545592541e-05,4.935191600387176
1790570100,6.765358545592541e-05,6.813773624821791e-05,6.669072093292321e-05,6.669072093292321e-05,149.31352713673212
1790570160,6.669072093292321e-05,6.669072093292321e-05,6.611579688745023e-05,6.611579688745023e-05,12.74674862441991
1790570220,6.611579688745023e-05,6.611579688745023e-05,6.444927971854751e-05,6.535079777971757e-05,168.1864935537141
1790570280,6.535079777971757e-05,6.603243951420604e-05,6.535079777971757e-05,6.567342191446079e-05,121.96615564082775
1790570340,6.567342191446079e-05,6.62932368424331e-05,6.544943693088237e-05,6.62932368424331e-05,31.575524183933585
1790570400,6.62932368424331e-05,6.62932368424331e-05,6.32701320174754e-05,6.32701320174754e-05,435.33520835863163
1790570460,6.32701320174754e-05,6.423352993694962e-05,6.32701320174754e-05,6.423352993694962e-05,20.695824204711663
1790570520,6.423352993694962e-05,6.817493333501788e-05,6.423352993694962e-05,6.761111222517688e-05,383.95735739636
1790570580,6.761111222517688e-05,6.882780528407034e-05,6.673594783127289e-05,6.786328481518502e-05,463.28583389639795
1790570640,6.786328481518502e-05,6.843341776339274e-05,6.584319804309887e-05,6.628556906268113e-05,204.49275273498827
1790570700,6.628556906268113e-05,6.677474135057691e-05,6.628556906268113e-05,6.677474135057691e-05,49.63683118877026
1790570760,6.677474135057691e-05,6.764547675055103e-05,6.677474135057691e-05,6.764547675055103e-05,106.60270331696769
1790570820,6.764547675055103e-05,6.852769837828035e-05,6.734149748393867e-05,6.781118531137197e-05,101.17702297041136
1790570880,6.781118531137197e-05,6.860355376312336e-05,6.76068801602103e-05,6.860355376312336e-05,29.293573694677026
1790571060,6.860355376312336e-05,6.886412115798203e-05,6.860355376312336e-05,6.886412115798203e-05,22.619257877103557
1790571120,6.886412115798203e-05,6.886412115798203e-05,6.4265600034245e-05,6.4265600034245e-05,376.1746879673527
1790571180,6.4265600034245e-05,6.4265600034245e-05,6.400071444986802e-05,6.400071444986802e-05,6.400071444986802
1790571240,6.400071444986802e-05,6.400071444986802e-05,6.364505028578445e-05,6.364505028578445e-05,52.87546119082807
1790571300,6.364505028578445e-05,6.422644629728791e-05,6.33332558386769e-05,6.422644629728791e-05,12.445518934966527
1790571360,6.422644629728791e-05,6.55354140396801e-05,6.336334659412423e-05,6.55354140396801e-05,137.49561605251688
1790571480,6.55354140396801e-05,6.576378731420346e-05,6.481948912729454e-05,6.576378731420346e-05,6.838132666732337
1790571840,6.576378731420346e-05,6.619320387684558e-05,6.576378731420346e-05,6.619320387684558e-05,106.62448620954851
1790571900,6.619320387684558e-05,6.717979170598891e-05,6.591545152381426e-05,6.717979170598891e-05,30.00435398333418
1790571960,6.717979170598891e-05,6.717979170598891e-05,6.621576023895794e-05,6.621576023895794e-05,1.3956502277426996
1790572080,6.621576023895794e-05,6.725161152354623e-05,6.252484977294998e-05,6.322217079853001e-05,537.9332658174728
1790572140,6.322217079853001e-05,6.394968043479037e-05,6.322217079853001e-05,6.394968043479037e-05,130.23687505686667
1790572200,6.394968043479037e-05,6.463115943784042e-05,6.35490062373437e-05,6.35490062373437e-05,39.138604461730004
1790572260,6.35490062373437e-05,6.35490062373437e-05,6.34885703705612e-05,6.34885703705612e-05,6.307504767483295
1790572320,6.34885703705612e-05,6.34885703705612e-05,6.344213338139947e-05,6.344213338139947e-05,0.6733193315582408
1790572380,6.344213338139947e-05,6.424055067204431e-05,6.344213338139947e-05,6.424055067204431e-05,7.960423001300525
1790572500,6.424055067204431e-05,6.424055067204431e-05,6.340558159446739e-05,6.340558159446739e-05,12.844635957197525
1790572560,6.340558159446739e-05,6.340558159446739e-05,6.239539098115869e-05,6.239539098115869e-05,167.86190167785978
1790572620,6.239539098115869e-05,6.239539098115869e-05,6.0814438124280186e-05,6.0814438124280186e-05,68.25343104748015
1790572680,6.0814438124280186e-05,6.0814438124280186e-05,6.0675008231618076e-05,6.0675008231618076e-05,9.013256762651709
1790572740,6.0675008231618076e-05,6.0675008231618076e-05,6.037059132177099e-05,6.037059132177099e-05,27.893473057877046
1790572800,6.037059132177099e-05,6.129849176660036e-05,6.026604132740898e-05,6.026604132740898e-05,84.14328361451014
1790572920,6.026604132740898e-05,6.026604132740898e-05,5.984736100989512e-05,5.984736100989512e-05,2.819163723877807
1790573040,5.984736100989512e-05,5.984736100989512e-05,5.958557867989913e-05,5.958557867989913e-05,18.810818769131803
1790573100,5.958557867989913e-05,5.958557867989913e-05,5.9389393713625975e-05,5.9389393713625975e-05,34.4209498883002
1790573160,5.9389393713625975e-05,6.000172423857008e-05,5.91885302480305e-05,6.000172423857008e-05,8.698107189546521
1790573220,6.000172423857008e-05,6.002196450351476e-05,6.000172423857008e-05,6.002196450351476e-05,1.974731165428307
1790573340,6.002196450351476e-05,6.002196450351476e-05,5.310087414663918e-05,5.655676984248164e-05,1109.3546537953264
1790573400,5.655676984248164e-05,5.673888239590429e-05,5.569032553625269e-05,5.600043177750755e-05,62.656968509902946
1790573460,5.600043177750755e-05,5.7109831372721776e-05,5.600043177750755e-05,5.6596877520635744e-05,93.86775170703648
1790573580,5.6596877520635744e-05,5.6596877520635744e-05,5.557340975152267e-05,5.557340975152267e-05,23.24055296859904
1790573640,5.557340975152267e-05,5.557340975152267e-05,5.5294235019572206e-05,5.5294235019572206e-05,16.41143604392341
1790573700,5.5294235019572206e-05,5.59950835691522e-05,5.511971647585503e-05,5.511971647585503e-05,24.581248504975196
1790573760,5.511971647585503e-05,5.511971647585503e-05,5.4959340331458985e-05,5.4959340331458985e-05,6.097181726018525
1790573820,5.4959340331458985e-05,5.575814852518284e-05,5.4959340331458985e-05,5.575814852518284e-05,4.949604491549174
1790573940,5.575814852518284e-05,5.575814852518284e-05,5.486980825292931e-05,5.486980825292931e-05,16.13668411562869
1790574000,5.486980825292931e-05,5.486980825292931e-05,5.46486072053637e-05,5.46486072053637e-05,24.35410935183566
1790574060,5.46486072053637e-05,5.5422094427020835e-05,5.455733622174964e-05,5.5422094427020835e-05,53.04590074340186
1790574120,5.5422094427020835e-05,5.5422094427020835e-05,5.478054840697721e-05,5.478054840697721e-05,29.693726759976037
1790574180,5.478054840697721e-05,5.776427839558926e-05,5.478054840697721e-05,5.776427839558926e-05,229.87360600761716
1790574240,5.776427839558926e-05,5.872405007387878e-05,5.731262787879263e-05,5.872405007387878e-05,119.72401468897132
1790574360,5.872405007387878e-05,5.891644114390085e-05,5.872405007387878e-05,5.891644114390085e-05,11.793356845427775
1790574420,5.891644114390085e-05,5.891644114390085e-05,5.8087550924556505e-05,5.8087550924556505e-05,0.2043001693199094
1790574480,5.8087550924556505e-05,5.8087550924556505e-05,5.662555048167584e-05,5.662555048167584e-05,148.2252052901318
1790574540,5.662555048167584e-05,5.7701604369134046e-05,5.662555048167584e-05,5.708703226414066e-05,73.98407975075689
1790574660,5.708703226414066e-05,5.7944710656845944e-05,5.708703226414066e-05,5.7944710656845944e-05,39.25324310083974
1790574720,5.7944710656845944e-05,5.8246426169439484e-05,5.721367892414947e-05,5.721367892414947e-05,24.65476217751822
1790574840,5.721367892414947e-05,5.822244675959983e-05,5.721367892414947e-05,5.822244675959983e-05,30.70668351111007
1790575080,5.822244675959983e-05,5.839799761594955e-05,5.75512650810085e-05,5.75512650810085e-05,10.899962526851418
1790575200,5.75512650810085e-05,6.925866879724845e-05,5.687782468138591e-05,6.925866879724845e-05,1706.4722057789584
1790575260,6.925866879724845e-05,6.932606602366883e-05,6.819141627537573e-05,6.927969888490832e-05,42.99331327451953
1790575320,6.927969888490832e-05,7.005033202363688e-05,6.927969888490832e-05,7.005033202363688e-05,115.35428028702654
1790575440,7.005033202363688e-05,7.112825765897639e-05,6.827572883748306e-05,7.072540098938801e-05,501.5313137377214
1790575500,7.072540098938801e-05,7.107132324978235e-05,7.000893159294115e-05,7.000893159294115e-05,55.33428528676054
1790575560,7.000893159294115e-05,7.17073926172333e-05,6.913875282715573e-05,7.155520466687287e-05,329.75222886742455
1790575620,7.155520466687287e-05,7.320868989286778e-05,7.155520466687287e-05,7.320868989286778e-05,81.81558844017336
1790575680,7.320868989286778e-05,7.336824492578143e-05,7.061629593850224e-05,7.061629593850224e-05,272.1426652374339
1790575800,7.061629593850224e-05,7.171987368944502e-05,7.061629593850224e-05,7.171987368944502e-05,117.97085256118591
1790575860,7.171987368944502e-05,7.18574061082212e-05,7.073522708303282e-05,7.18574061082212e-05,25.640613444214758
1790575920,7.18574061082212e-05,7.19065999096382e-05,7.02102220189911e-05,7.02102220189911e-05,101.97614331572102
1790575980,7.02102220189911e-05,7.110211624854058e-05,7.02102220189911e-05,7.110211624854058e-05,23.33643244751825
1790576040,7.110211624854058e-05,7.11316145969939e-05,7.110211624854058e-05,7.11316145969939e-05,19.787520240865366
1790576100,7.11316145969939e-05,7.11316145969939e-05,7.001641394140168e-05,7.001641394140168e-05,38.534547669092454
1790576160,7.001641394140168e-05,7.12205589858097e-05,7.001641394140168e-05,7.12205589858097e-05,71.46410434154096
1790576340,7.12205589858097e-05,7.147463189531758e-05,7.12205589858097e-05,7.147463189531758e-05,1.8664142357892617
1790576400,7.147463189531758e-05,7.15341087710815e-05,7.147463189531758e-05,7.15341087710815e-05,7.570256763816565
1790576460,7.15341087710815e-05,7.15341087710815e-05,7.0335766972794e-05,7.0335766972794e-05,29.188272873365964
1790576520,7.0335766972794e-05,7.0335766972794e-05,6.929448216413534e-05,6.929448216413534e-05,71.11336728465736
1790576640,6.929448216413534e-05,7.04657481683035e-05,6.929448216413534e-05,7.04657481683035e-05,23.52283526240124
1790576760,7.04657481683035e-05,7.057512587865396e-05,6.962636335868763e-05,6.962636335868763e-05,5.5648276142998805
1790576880,6.962636335868763e-05,6.962636335868763e-05,6.629823357046606e-05,6.701775178221023e-05,306.72699183942916
1790576940,6.701775178221023e-05,6.701775178221023e-05,6.411596228053232e-05,6.445445605110095e-05,240.85047750299816
1790577120,6.445445605110095e-05,6.445445605110095e-05,6.34678155106213e-05,6.418855562851077e-05,33.783833293408044
1790577180,6.418855562851077e-05,6.418855562851077e-05,6.236768669220065e-05,6.304231281721232e-05,110.72895702918807
1790577360,6.304231281721232e-05,6.304231281721232e-05,6.21661934112592e-05,6.21661934112592e-05,1.0337726302950887
1790577420,6.21661934112592e-05,6.313451728739912e-05,6.21661934112592e-05,6.313451728739912e-05,16.217982299037295
1790577480,6.313451728739912e-05,6.320390464182663e-05,6.313451728739912e-05,6.320390464182663e-05,2.3489070992190686
1790577600,6.320390464182663e-05,6.320390464182663e-05,6.128759271731536e-05,6.168401951413258e-05,143.0195199865551
1790577660,6.168401951413258e-05,6.168401951413258e-05,6.078917212918654e-05,6.084166558961239e-05,4.247474149842934
1790577720,6.084166558961239e-05,6.084166558961239e-05,5.028944820391767e-05,5.5688297196886905e-05,1707.0269640839279
1790577780,5.5688297196886905e-05,5.5688297196886905e-05,5.406519818771185e-05,5.42736783917111e-05,147.4695147199651
1790577840,5.42736783917111e-05,5.42736783917111e-05,5.348324683414965e-05,5.348324683414965e-05,3.0876784051636204
1790577900,5.348324683414965e-05,5.348324683414965e-05,5.251317470753227e-05,5.272337808022558e-05,155.71759658818596
1790577960,5.272337808022558e-05,5.272337808022558e-05,5.1901191530012096e-05,5.1901191530012096e-05,22.34597149499845
1790578020,5.1901191530012096e-05,5.237967085796128e-05,5.162081946424872e-05,5.163897316470325e-05,96.81760686072276
1790578080,5.163897316470325e-05,5.163897316470325e-05,4.90657920943799e-05,5.069613407022323e-05,591.6810278103019
1790578140,5.069613407022323e-05,5.184035984281532e-05,5.034875082123222e-05,5.184035984281532e-05,120.31528293493034
1790578200,5.184035984281532e-05,5.1895962082596434e-05,5.105493738582693e-05,5.105493738582693e-05,32.32520905942653
1790578380,5.105493738582693e-05,5.105493738582693e-05,5.074771416345861e-05,5.074771416345861e-05,26.09429096379618
1790578500,5.074771416345861e-05,5.139481241077301e-05,5.074771416345861e-05,5.139481241077301e-05,10.070118615709196
1790578560,5.139481241077301e-05,5.141796434294772e-05,5.139481241077301e-05,5.141796434294772e-05,9.473122768286302
1790578620,5.141796434294772e-05,5.141796434294772e-05,5.0196359107613605e-05,5.0196359107613605e-05,97.75191065123056
1790578740,5.0196359107613605e-05,5.0196359107613605e-05,4.982612414939172e-05,4.982612414939172e-05,17.955144595388067
1790578800,4.982612414939172e-05,4.982612414939172e-05,4.955824146616569e-05,4.955824146616569e-05,26.745091653210217
1790578860,4.955824146616569e-05,5.0422738960176645e-05,4.9497915740583485e-05,5.0357661857857975e-05,50.776228018983495
1790578920,5.0357661857857975e-05,5.0732801274431335e-05,5.0357661857857975e-05,5.072749994018953e-05,26.36599455031547
1790579040,5.072749994018953e-05,5.072749994018953e-05,5.000348699287937e-05,5.000348699287937e-05,7.431509337961165
1790579100,5.000348699287937e-05,5.000348699287937e-05,4.9965795243689314e-05,4.9965795243689314e-05,6.502438685302527
1790579220,4.9965795243689314e-05,5.0571216253284256e-05,4.9965795243689314e-05,5.0571216253284256e-05,8.921621418930885
1790579280,5.0571216253284256e-05,5.0712437047998105e-05,5.0571216253284256e-05,5.0712437047998105e-05,25.270387520177756
1790579340,5.0712437047998105e-05,5.0712437047998105e-05,5.015641915345415e-05,5.015641915345415e-05,4.838713232862807
1790579400,5.015641915345415e-05,5.015641915345415e-05,5.002772277251971e-05,5.002772277251971e-05,25.01256325950525
1790579460,5.002772277251971e-05,5.002772277251971e-05,4.949271965793554e-05,4.949271965793554e-05,44.591308606171474
1790579580,4.949271965793554e-05,4.949271965793554e-05,4.942851062424292e-05,4.942851062424292e-05,2.7825163595890174
1790579640,4.942851062424292e-05,5.05080791187767e-05,4.9377326571209946e-05,4.9885508770397774e-05,62.604199427078846
1790579820,4.9885508770397774e-05,4.9885508770397774e-05,4.98154364600947e-05,4.98154364600947e-05,20.005953601326272
1790579880,4.98154364600947e-05,4.98154364600947e-05,4.920344674793374e-05,4.920344674793374e-05,101.12722127026834
1790579940,4.920344674793374e-05,4.991234367101934e-05,4.8657216415824184e-05,4.991234367101934e-05,89.64479072494186
1790580000,4.991234367101934e-05,4.991234367101934e-05,4.89680719321411e-05,4.89680719321411e-05,53.53039526855169
1790580120,4.89680719321411e-05,4.89680719321411e-05,4.8537521807462934e-05,4.8537521807462934e-05,50.081611787195854
1790580240,4.8537521807462934e-05,4.8537521807462934e-05,4.812779986297934e-05,4.812779986297934e-05,15.923164657148204
1790580420,4.812779986297934e-05,4.905676737448164e-05,4.8000665769524114e-05,4.828713509171165e-05,174.4584174560664
1790580480,4.828713509171165e-05,4.888900858753889e-05,4.828713509171165e-05,4.888900858753889e-05,11.67020589502377
1790580540,4.888900858753889e-05,4.888900858753889e-05,4.835136806394313e-05,4.835136806394313e-05,0.2901286822869518
1790580600,4.835136806394313e-05,4.835136806394313e-05,4.809622918010959e-05,4.809622918010959e-05,45.801619865213354
1790581020,4.809622918010959e-05,4.9167098971251095e-05,4.809622918010959e-05,4.9167098971251095e-05,68.00150309324209
1790581080,4.9167098971251095e-05,4.9297323686596555e-05,4.9167098971251095e-05,4.9297323686596555e-05,23.31579009521846
1790581140,4.9297323686596555e-05,4.9424466581355095e-05,4.9297323686596555e-05,4.9424466581355095e-05,9.007805371761576
1790581260,4.9424466581355095e-05,5.273176889184985e-05,4.9424466581355095e-05,5.121776264539246e-05,364.2040726386581
1790581320,5.121776264539246e-05,5.273572460082795e-05,5.121776264539246e-05,5.273572460082795e-05,32.58254836613786
1790581380,5.273572460082795e-05,5.2805923057031486e-05,5.273572460082795e-05,5.2805923057031486e-05,12.707860403022893
1790581440,5.2805923057031486e-05,5.563933293674807e-05,5.2805923057031486e-05,5.5637928322146574e-05,320.6884625189845
1790581500,5.5637928322146574e-05,5.7781500085377833e-05,5.5637928322146574e-05,5.765866540039297e-05,517.2490796598046
1790581560,5.765866540039297e-05,5.855702517559763e-05,5.765866540039297e-05,5.855702517559763e-05,21.843672669594092
1790581680,5.855702517559763e-05,5.855702517559763e-05,5.601350355768993e-05,5.601350355768993e-05,178.5500630091876
1790581740,5.601350355768993e-05,5.606596375803888e-05,5.559963782923477e-05,5.559963782923477e-05,80.81906376541433
1790581980,5.559963782923477e-05,5.559963782923477e-05,5.404783563356618e-05,5.404783563356618e-05,134.77707692163293
1790582040,5.404783563356618e-05,5.4842418225513914e-05,5.404783563356618e-05,5.4842418225513914e-05,47.84705422480209
1790582100,5.4842418225513914e-05,5.5203532587315375e-05,5.4842418225513914e-05,5.5203532587315375e-05,4.911571087420913
1790582340,5.5203532587315375e-05,5.5203532587315375e-05,5.413118768797177e-05,5.413118768797177e-05,46.99041119229327
1790582640,5.413118768797177e-05,5.48612848261235e-05,5.413118768797177e-05,5.48612848261235e-05,13.781833808632843
1790582700,5.48612848261235e-05,5.490184952440187e-05,5.48612848261235e-05,5.490184952440187e-05,3.2790562349454446
1790582760,5.490184952440187e-05,6.49477134675592e-05,5.490184952440187e-05,6.435797733220825e-05,1172.2000634553374
1790582820,6.435797733220825e-05,6.435797733220825e-05,6.369215512465638e-05,6.369215512465638e-05,64.07364828788745
1790582880,6.369215512465638e-05,6.455215166806034e-05,6.369215512465638e-05,6.455215166806034e-05,4.684276282583954
1790583000,6.455215166806034e-05,6.538264957642937e-05,6.204510797783088e-05,6.204510797783088e-05,511.05643388117096
1790583060,6.204510797783088e-05,6.909304237582897e-05,6.204510797783088e-05,6.798392390326696e-05,514.9905510208843
1790583180,6.798392390326696e-05,6.81345704724468e-05,6.525148457873632e-05,6.525148457873632e-05,370.5132394774787
1790583300,6.525148457873632e-05,6.525148457873632e-05,6.414571865384543e-05,6.414571865384543e-05,28.538820430129135
1790583360,6.414571865384543e-05,6.414571865384543e-05,6.166146891815648e-05,6.24331402628195e-05,309.25661840959845
1790583480,6.24331402628195e-05,6.24331402628195e-05,6.230851711563845e-05,6.230851711563845e-05,117.24434697338037
1790583540,6.230851711563845e-05,6.230851711563845e-05,6.198976983340272e-05,6.198976983340272e-05,8.096982481665597
1790583720,6.198976983340272e-05,6.288635029083817e-05,6.198976983340272e-05,6.288635029083817e-05,18.45639324491674
1790583780,6.288635029083817e-05,6.288635029083817e-05,6.195055302226904e-05,6.195055302226904e-05,18.027203058314193
1790583840,6.195055302226904e-05,6.27342424803271e-05,6.1761351676511e-05,6.27342424803271e-05,55.42152418737255
1790583900,6.27342424803271e-05,6.333266290481718e-05,6.27342424803271e-05,6.333266290481718e-05,59.1834862426235
1790583960,6.333266290481718e-05,6.383284228456278e-05,6.305107046909279e-05,6.305107046909279e-05,24.809244022023115
1790584080,6.305107046909279e-05,6.610332257988876e-05,6.305107046909279e-05,6.610332257988876e-05,209.11030382833584
1790584260,6.610332257988876e-05,6.618605901612375e-05,6.610332257988876e-05,6.618605901612375e-05,8.66449377049815
1790584380,6.618605901612375e-05,6.629050348128726e-05,6.488838621578515e-05,6.534497366808515e-05,94.25736441145385
1790584500,6.534497366808515e-05,6.534497366808515e-05,6.378300966349638e-05,6.378300966349638e-05,103.09047192460251
1790584560,6.378300966349638e-05,6.427776759032262e-05,6.193775989761136e-05,6.193775989761136e-05,218.8582626883063
1790584620,6.193775989761136e-05,6.218436092434327e-05,6.193775989761136e-05,6.218436092434327e-05,53.669168355087
1790584740,6.218436092434327e-05,6.218436092434327e-05,6.127911840813057e-05,6.127911840813057e-05,29.117358175706105
1790584800,6.127911840813057e-05,6.127911840813057e-05,6.12673319664806e-05,6.12742563349796e-05,6.721975368374294
1790584860,6.12742563349796e-05,6.20839236832133e-05,6.12742563349796e-05,6.20839236832133e-05,2.8699692768264566
1790584920,6.20839236832133e-05,6.216539361224025e-05,6.20839236832133e-05,6.216539361224025e-05,8.000884822489294
1790585100,6.216539361224025e-05,6.216539361224025e-05,6.132607382396528e-05,6.132607382396528e-05,2.9277938509378445
1790585160,6.132607382396528e-05,6.132607382396528e-05,6.125324457927162e-05,6.125324457927162e-05,10.189497526501016
1790585220,6.125324457927162e-05,6.125324457927162e-05,6.0504965726782406e-05,6.068857350220953e-05,135.95792036823815
1790585340,6.068857350220953e-05,6.068857350220953e-05,5.6785769577488716e-05,5.6857160949000494e-05,381.80734931810844
1790585580,5.6857160949000494e-05,5.6857160949000494e-05,5.612674189176937e-05,5.612674189176937e-05,3.9566276755598953
1790585700,5.612674189176937e-05,5.612674189176937e-05,5.5985684595060776e-05,5.5985684595060776e-05,10.604579127830617
1790585820,5.5985684595060776e-05,5.931946907184573e-05,5.58746553518205e-05,5.931946907184573e-05,292.502674999725
1790585940,5.931946907184573e-05,5.932360778924778e-05,5.931946907184573e-05,5.932360778924778e-05,4.9479255851492185
1790586000,5.932360778924778e-05,5.9435089120970704e-05,5.932360778924778e-05,5.9435089120970704e-05,24.00048019839947
1790586180,5.9435089120970704e-05,5.9435089120970704e-05,5.93383571143387e-05,5.93383571143387e-05,1.1661890094741854
1790586360,5.93383571143387e-05,5.943147317870695e-05,5.93383571143387e-05,5.943147317870695e-05,9.907870738561066
1790586420,5.943147317870695e-05,5.943147317870695e-05,5.8567942062086004e-05,5.8567942062086004e-05,18.487062306175382
1790586600,5.8567942062086004e-05,5.94847928508243e-05,5.8567942062086004e-05,5.94847928508243e-05,36.09135857418491
1790586720,5.94847928508243e-05,5.981821879773668e-05,5.94847928508243e-05,5.981821879773668e-05,16.35647787642403
1790586780,5.981821879773668e-05,6.357505443458913e-05,5.981821879773668e-05,6.231936976445718e-05,386.95872002258915
1790586960,6.231936976445718e-05,6.310470538609312e-05,6.197850324355571e-05,6.307287238493866e-05,185.23199774490513
1790587140,6.307287238493866e-05,6.307287238493866e-05,6.254739001833235e-05,6.254739001833235e-05,6.314314564824865
1790587320,6.254739001833235e-05,6.492840741355804e-05,6.254739001833235e-05,6.445024076285152e-05,183.6386740960639
1790587380,6.445024076285152e-05,6.445024076285152e-05,6.427215272690364e-05,6.427215272690364e-05,23.619578754687875
1790587440,6.427215272690364e-05,6.427215272690364e-05,6.29655886538242e-05,6.378303304707881e-05,135.86953358960832
1790587560,6.378303304707881e-05,6.406946508433216e-05,6.378303304707881e-05,6.406946508433216e-05,114.6933029704633
1790587740,6.406946508433216e-05,6.476505182076856e-05,6.406946508433216e-05,6.476505182076856e-05,24.729634220071816
1790587800,6.476505182076856e-05,6.596630552556947e-05,6.457870420459854e-05,6.593634936787717e-05,143.0296835511918
1790587860,6.593634936787717e-05,6.598852775965135e-05,6.593634936787717e-05,6.598099048474692e-05,9.757538143510756
1790587920,6.598099048474692e-05,6.779886891363926e-05,6.560179505134054e-05,6.779886891363926e-05,175.56228059557787
1790587980,6.779886891363926e-05,6.78865991922688e-05,6.779886891363926e-05,6.786371125084958e-05,3.6094171501434604
1790588040,6.786371125084958e-05,6.794007651681403e-05,6.786371125084958e-05,6.794007651681403e-05,14.003604531765891
1790588100,6.794007651681403e-05,6.805797132376224e-05,6.435722258472534e-05,6.458696914742017e-05,278.6380832800688
1790588160,6.458696914742017e-05,6.458696914742017e-05,6.381759709691524e-05,6.381759709691524e-05,49.433685362906644
1790588400,6.381759709691524e-05,6.381759709691524e-05,6.281870642545468e-05,6.32358979781276e-05,187.2483266079177
1790588580,6.32358979781276e-05,6.32358979781276e-05,6.202206068965883e-05,6.202206068965883e-05,116.93161293344876
1790588640,6.202206068965883e-05,6.225226617380552e-05,6.202206068965883e-05,6.225226617380552e-05,2.2347000247606936
1790588760,6.225226617380552e-05,6.225226617380552e-05,6.133930241030497e-05,6.133930241030497e-05,6.848658411719566
1790588820,6.133930241030497e-05,6.222112702741754e-05,6.133930241030497e-05,6.222112702741754e-05,4.184303587430084
1790588880,6.222112702741754e-05,6.222112702741754e-05,5.949674088780334e-05,5.949674088780334e-05,191.23019285474788
1790588940,5.949674088780334e-05,5.994881889292231e-05,5.927799020079896e-05,5.927799020079896e-05,33.103950388462025
1790589000,5.927799020079896e-05,5.976132959797966e-05,5.9044320117094344e-05,5.976132959797966e-05,20.07301225308787
1790589060,5.976132959797966e-05,6.08989431703225e-05,5.904862618002945e-05,5.904862618002945e-05,319.2361856950241
1790589120,5.904862618002945e-05,5.990724313738773e-05,5.904862618002945e-05,5.990724313738773e-05,11.833051967943929
1790589180,5.990724313738773e-05,5.990724313738773e-05,5.886717369396047e-05,5.886717369396047e-05,22.97744318428413
1790589240,5.886717369396047e-05,5.985432293259364e-05,5.842050339146826e-05,5.850837346523044e-05,177.41975931225033
1790589300,5.850837346523044e-05,5.850837346523044e-05,5.692604067528396e-05,5.692604067528396e-05,143.8217985596774
1790589360,5.692604067528396e-05,5.692604067528396e-05,5.5811022002158855e-05,5.5811022002158855e-05,75.91728127948805
1790589480,5.5811022002158855e-05,5.5811022002158855e-05,5.5427634603068143e-05,5.5427634603068143e-05,5.282189185590529
1790589600,5.5427634603068143e-05,5.692543087473284e-05,5.5427634603068143e-05,5.692543087473284e-05,116.67791197255353
1790589660,5.692543087473284e-05,5.7760730378511465e-05,5.692543087473284e-05,5.7760730378511465e-05,49.42122508365002
1790589780,5.7760730378511465e-05,6.26439430111137e-05,5.663005075467956e-05,5.837360445859421e-05,1332.5913724252987
1790589840,5.837360445859421e-05,5.837360445859421e-05,5.5722373994846485e-05,5.623445699040428e-05,264.97650364537355
1790589900,5.623445699040428e-05,5.623445699040428e-05,4.888333424782622e-05,4.931893036971126e-05,1055.0318713685197
1790589960,4.931893036971126e-05,4.931893036971126e-05,4.75587032805095e-05,4.880822047042384e-05,476.36601575258896
1790590020,4.880822047042384e-05,4.955809032021508e-05,4.880822047042384e-05,4.955809032021508e-05,11.961824340849558
1790590080,4.955809032021508e-05,5.0033481957906696e-05,4.8258612950261203e-05,4.8258612950261203e-05,276.04828743576223
1790590200,4.8258612950261203e-05,4.8258612950261203e-05,4.8073601680483084e-05,4.8073601680483084e-05,46.40977772685585
1790590260,4.8073601680483084e-05,4.8073601680483084e-05,4.620897298112558e-05,4.6945283665903726e-05,215.63874861473255
1790590320,4.6945283665903726e-05,4.6945283665903726e-05,4.6459544068473444e-05,4.6459544068473444e-05,8.776019462499619
1790590380,4.6459544068473444e-05,4.6459544068473444e-05,4.493611106743836e-05,4.493611106743836e-05,169.68891846531218
1790590440,4.493611106743836e-05,4.493611106743836e-05,4.488187397186877e-05,4.488187397186877e-05,5.542467171946661
1790590560,4.488187397186877e-05,4.600070917548874e-05,4.488187397186877e-05,4.5660127068277714e-05,55.81619464672492
1790590620,4.5660127068277714e-05,4.655099930918035e-05,4.5660127068277714e-05,4.655099930918035e-05,116.40670582435688
1790590680,4.655099930918035e-05,4.7544542782825126e-05,4.655099930918035e-05,4.7544542782825126e-05,114.88317739448631
1790590860,4.7544542782825126e-05,4.813012948996841e-05,4.7544542782825126e-05,4.813012948996841e-05,11.651277731741606
1790590920,4.813012948996841e-05,4.813012948996841e-05,4.562383057079876e-05,4.599833364520534e-05,369.62170945471684
1790590980,4.599833364520534e-05,4.662538818485796e-05,4.599833364520534e-05,4.662538818485796e-05,27.574668058336723
1790591040,4.662538818485796e-05,4.7296512842747994e-05,4.662538818485796e-05,4.7296512842747994e-05,132.94210812026023
1790591280,4.7296512842747994e-05,4.7296512842747994e-05,4.723974766328761e-05,4.723974766328761e-05,13.559197274528362
1790591460,4.723974766328761e-05,4.723974766328761e-05,4.6761370027630656e-05,4.6761370027630656e-05,47.35080988787667
1790591580,4.6761370027630656e-05,4.746581079481235e-05,4.6761370027630656e-05,4.746581079481235e-05,19.75599823107862
1790591700,4.746581079481235e-05,4.795155377227076e-05,4.746581079481235e-05,4.795155377227076e-05,60.36727709516658
1790591760,4.795155377227076e-05,4.795155377227076e-05,4.7129422031811905e-05,4.7129422031811905e-05,98.70263835289938
1790591820,4.7129422031811905e-05,4.743050253538737e-05,4.7129422031811905e-05,4.743050253538737e-05,32.734910744761244
1790592120,4.743050253538737e-05,4.766537619133712e-05,4.743050253538737e-05,4.766537619133712e-05,3.9177087935997648
1790592180,4.766537619133712e-05,4.789156954593839e-05,4.704709688515982e-05,4.789156954593839e-05,44.55147073873913
1790592240,4.789156954593839e-05,4.789156954593839e-05,4.735810619408347e-05,4.735810619408347e-05,13.9138053222206
1790592480,4.735810619408347e-05,4.735810619408347e-05,4.668338283743151e-05,4.668338283743151e-05,76.29137385625192
1790592540,4.668338283743151e-05,4.757350318123801e-05,4.668338283743151e-05,4.757350318123801e-05,81.92106732370081
1790592720,4.757350318123801e-05,4.812200613626461e-05,4.757350318123801e-05,4.812200613626461e-05,18.305566171727357
1790592780,4.812200613626461e-05,4.812200613626461e-05,4.755232484423274e-05,4.755232484423274e-05,7.86490913593926
1790592960,4.755232484423274e-05,4.799310434699356e-05,4.742856180652564e-05,4.799310434699356e-05,6.392661087425906
1790593140,4.799310434699356e-05,4.80186954510863e-05,4.799310434699356e-05,4.80186954510863e-05,8.93702952492723
1790593260,4.80186954510863e-05,4.80186954510863e-05,4.7509208224334654e-05,4.7509208224334654e-05,4.518114604648313
1790593320,4.7509208224334654e-05,4.912704821855359e-05,4.7509208224334654e-05,4.912704821855359e-05,140.9383296951687
1790593500,4.912704821855359e-05,4.912704821855359e-05,4.84435095375245e-05,4.860824947008167e-05,61.996183796095224
1790593620,4.860824947008167e-05,4.860824947008167e-05,4.849714399867485e-05,4.849714399867485e-05,10.032565591089313
1790593740,4.849714399867485e-05,5.482583468908835e-05,4.849714399867485e-05,5.482583468908835e-05,593.476982734461
1790593800,5.482583468908835e-05,6.385320969145344e-05,5.482583468908835e-05,6.209348430863272e-05,1099.4609106203352
1790593860,6.209348430863272e-05,6.209348430863272e-05,6.104905051701889e-05,6.104905051701889e-05,134.30791113744155
1790593920,6.104905051701889e-05,6.13930142364559e-05,6.104905051701889e-05,6.13930142364559e-05,37.195364438317604
1790593980,6.13930142364559e-05,6.13930142364559e-05,5.5139922754435994e-05,5.601300171371077e-05,739.7258493854812
1790594040,5.601300171371077e-05,5.642408888488257e-05,5.601300171371077e-05,5.642408888488257e-05,62.503349863470554
1790594160,5.642408888488257e-05,5.6765708951753704e-05,5.547128961461721e-05,5.616794697036863e-05,71.88629309931237
1790594220,5.616794697036863e-05,5.616794697036863e-05,5.542896632450534e-05,5.542896632450534e-05,8.510837064615313
1790594280,5.542896632450534e-05,5.542896632450534e-05,5.46404486636168e-05,5.46404486636168e-05,106.94272009582606
1790594340,5.46404486636168e-05,5.4991293833794335e-05,5.22808861929611e-05,5.22808861929611e-05,210.05526561682677
1790594400,5.22808861929611e-05,5.22808861929611e-05,4.992212213726426e-05,5.013787779123064e-05,350.9060932569279
1790594460,5.013787779123064e-05,5.013787779123064e-05,4.922243985208491e-05,4.940375325271687e-05,96.7115593847398
1790594580,4.940375325271687e-05,4.9589314776275184e-05,4.940375325271687e-05,4.9589314776275184e-05,14.511072779987474
1790594640,4.9589314776275184e-05,5.0580980360482844e-05,4.9589314776275184e-05,5.0087235436959564e-05,104.6623139670289
1790594760,5.0087235436959564e-05,5.069249800079375e-05,5.0087235436959564e-05,5.069249800079375e-05,23.290806367347212
1790594820,5.069249800079375e-05,5.081381250554899e-05,5.012239982586674e-05,5.012239982586674e-05,7.9276259136854526
1790594880,5.012239982586674e-05,5.100961690572891e-05,5.012239982586674e-05,5.100961690572891e-05,48.44659243215082
1790594940,5.100961690572891e-05,5.396632004491481e-05,5.100961690572891e-05,5.396632004491481e-05,279.9092215644191
1790595000,5.396632004491481e-05,5.43649008581409e-05,5.3262028858854026e-05,5.362107164780706e-05,61.82607639984262
1790595060,5.362107164780706e-05,5.362107164780706e-05,5.3494834356858695e-05,5.3494834356858695e-05,11.453771232210569
1790595180,5.3494834356858695e-05,5.469594277237078e-05,5.3494834356858695e-05,5.444892103392878e-05,106.43569674903172
1790595300,5.444892103392878e-05,5.5532219163972225e-05,5.444892103392878e-05,5.5532219163972225e-05,59.32026597141619
1790595360,5.5532219163972225e-05,5.585313019478324e-05,5.5532219163972225e-05,5.585313019478324e-05,2.0061248712981277
1790595420,5.585313019478324e-05,5.597962307260998e-05,5.533040844970004e-05,5.533040844970004e-05,23.709268904882745
1790595480,5.533040844970004e-05,5.6381053935042245e-05,5.039049228890841e-05,5.080023141542765e-05,645.773540088593
1790595540,5.080023141542765e-05,5.080023141542765e-05,5.078803849336075e-05,5.078803849336075e-05,11.712514457991746
1790595660,5.078803849336075e-05,5.078803849336075e-05,5.0180148862979944e-05,5.0180148862979944e-05,5.443213922524311
1790595720,5.0180148862979944e-05,5.095380379536697e-05,5.0180148862979944e-05,5.095380379536697e-05,25.638010163055235
1790595780,5.095380379536697e-05,5.095380379536697e-05,5.0095955887852264e-05,5.0095955887852264e-05,32.665704904241196
1790595900,5.0095955887852264e-05,5.098598497329539e-05,5.0095955887852264e-05,5.098598497329539e-05,56.035811583303506
1790595960,5.098598497329539e-05,5.098598497329539e-05,5.06205544372248e-05,5.06205544372248e-05,1.2945668494294713
1790596080,5.06205544372248e-05,5.1422426318862147e-05,5.06205544372248e-05,5.1422426318862147e-05,23.990317009939893
1790596140,5.1422426318862147e-05,5.1422426318862147e-05,5.071375910934458e-05,5.132546018486134e-05,25.053849481746557
1790596500,5.132546018486134e-05,5.132546018486134e-05,4.969313214276916e-05,4.969313214276916e-05,104.74886146599833
1790596620,4.969313214276916e-05,4.969313214276916e-05,4.949658145552513e-05,4.949658145552513e-05,58.71513994187097
1790596680,4.949658145552513e-05,4.949658145552513e-05,4.882435712671254e-05,4.882435712671254e-05,69.59673585206488
1790596800,4.882435712671254e-05,4.882435712671254e-05,4.818220756820247e-05,4.818220756820247e-05,80.1887715087537
1790597160,4.818220756820247e-05,4.8192312451996265e-05,4.818220756820247e-05,4.8192312451996265e-05,1.8487004787397836
1790597220,4.8192312451996265e-05,4.8192312451996265e-05,4.774589418572793e-05,4.774589418572793e-05,51.25194004234969
1790597400,4.774589418572793e-05,4.8510086387680864e-05,4.7640456812738364e-05,4.7640456812738364e-05,58.15048019027805
1790597460,4.7640456812738364e-05,4.786068880546777e-05,3.8556102841704345e-05,4.1406601980546794e-05,1567.669686865407
1790597520,4.1406601980546794e-05,4.260887011454941e-05,4.131982488893584e-05,4.260887011454941e-05,149.33885206818601
1790597580,4.260887011454941e-05,4.260887011454941e-05,4.25575463067653e-05,4.25575463067653e-05,1.9745201258426308
1790597640,4.25575463067653e-05,4.25575463067653e-05,4.067171928368452e-05,4.126328816383254e-05,226.25725860070543
1790597700,4.126328816383254e-05,4.126328816383254e-05,4.067499720298879e-05,4.111753362715206e-05,63.748706311272834
1790597760,4.111753362715206e-05,4.111753362715206e-05,4.031364945688539e-05,4.031364945688539e-05,41.531157539577514
1790597820,4.031364945688539e-05,4.1036854340497874e-05,4.031364945688539e-05,4.1036854340497874e-05,58.70873673556461
1790597880,4.1036854340497874e-05,4.178186271119186e-05,4.1036854340497874e-05,4.178186271119186e-05,100.37215987066882
1790597940,4.178186271119186e-05,4.2283373540712645e-05,4.178186271119186e-05,4.2283373540712645e-05,17.103632784263922
1790598000,4.2283373540712645e-05,4.292505886835203e-05,4.174015520866074e-05,4.292505886835203e-05,156.98010419385042
1790598120,4.292505886835203e-05,4.292505886835203e-05,4.223541344124628e-05,4.223541344124628e-05,25.832289390813695
1790598180,4.223541344124628e-05,4.2659732267235664e-05,4.223541344124628e-05,4.2659732267235664e-05,0.987421903592585
1790598240,4.2659732267235664e-05,4.2659732267235664e-05,4.184514713207593e-05,4.184514713207593e-05,35.71684020743376
1790598360,4.184514713207593e-05,4.184514713207593e-05,3.5119694757342945e-05,3.744213491733134e-05,1188.341861964841
1790598480,3.744213491733134e-05,3.744213491733134e-05,3.695099182500149e-05,3.695099182500149e-05,26.20126785580419
1790598540,3.695099182500149e-05,3.7730097389064525e-05,3.695099182500149e-05,3.7730097389064525e-05,81.73981255498023
1790598660,3.7730097389064525e-05,3.7730097389064525e-05,3.741917806480388e-05,3.741917806480388e-05,16.72758339006418
1790598720,3.741917806480388e-05,3.741917806480388e-05,3.7318833582325274e-05,3.7318833582325274e-05,3.731883358232527
1790598840,3.7318833582325274e-05,3.7318833582325274e-05,3.672646688465351e-05,3.672646688465351e-05,103.11783476008709
1790598900,3.672646688465351e-05,3.6929349617776006e-05,3.6443020641363615e-05,3.6929349617776006e-05,21.16671981434311
1790599020,3.6929349617776006e-05,3.6979232530948496e-05,3.6929349617776006e-05,3.6979232530948496e-05,0.9883723743084163
1790599080,3.6979232530948496e-05,3.6979232530948496e-05,3.69084135085373e-05,3.69084135085373e-05,0.6900874415017316
1790599200,3.69084135085373e-05,3.69084135085373e-05,3.6314547940214535e-05,3.6314547940214535e-05,24.261728569267454
1790599260,3.6314547940214535e-05,3.6314547940214535e-05,3.577413071981923e-05,3.577413071981923e-05,56.71731327213937
1790599320,3.577413071981923e-05,3.6283123385300666e-05,3.577413071981923e-05,3.6283123385300666e-05,15.043960868845527
1790599380,3.6283123385300666e-05,3.637195515339001e-05,3.540933562080912e-05,3.540933562080912e-05,120.82791041202968
1790599440,3.540933562080912e-05,3.540933562080912e-05,3.488864306719844e-05,3.520587977014827e-05,29.351857493281393
1790599500,3.520587977014827e-05,3.712041618201675e-05,3.520587977014827e-05,3.6548875836678115e-05,248.2701163933071
1790599620,3.6548875836678115e-05,3.7981716148776356e-05,3.6548875836678115e-05,3.749479489028601e-05,101.99637857873209
1790599680,3.749479489028601e-05,3.749479489028601e-05,3.717744950411683e-05,3.717744950411683e-05,64.40155137805121
1790599740,3.717744950411683e-05,3.782464361329992e-05,3.717744950411683e-05,3.782464361329992e-05,77.75610550603699
1790599800,3.782464361329992e-05,4.158792578421006e-05,3.782464361329992e-05,4.158792578421006e-05,438.47447674532543
1790599860,4.158792578421006e-05,4.161711510650335e-05,4.03932702024982e-05,4.0899915857637704e-05,126.68380998889639
1790599920,4.0899915857637704e-05,4.0899915857637704e-05,4.001067198150331e-05,4.001067198150331e-05,10.931223022928853
1790600100,4.001067198150331e-05,4.0017814183842375e-05,3.941688678416419e-05,3.972659382020786e-05,84.56370805610491
1790600160,3.972659382020786e-05,3.972659382020786e-05,3.8761430805760745e-05,3.8761430805760745e-05,83.3950057054905
1790600220,3.8761430805760745e-05,3.9159233459750584e-05,3.8761430805760745e-05,3.9159233459750584e-05,0.17831903440533023
1790600280,3.9159233459750584e-05,3.9159233459750584e-05,3.86979095690505e-05,3.86979095690505e-05,3.86979095690505
1790600340,3.86979095690505e-05,3.915751722142579e-05,3.86979095690505e-05,3.915751722142579e-05,2.6028924017158106
1790600460,3.915751722142579e-05,3.915751722142579e-05,3.8177449327035754e-05,3.8380838716615814e-05,121.84403777064308
1790600520,3.8380838716615814e-05,3.855920465344822e-05,3.8380838716615814e-05,3.855920465344822e-05,17.737332311328117
1790600700,3.855920465344822e-05,3.855920465344822e-05,3.8547471003792326e-05,3.8547471003792326e-05,5.921116200265299
1790600760,3.8547471003792326e-05,3.8547471003792326e-05,3.757658811607883e-05,3.757658811607883e-05,117.68213858587336
1790600820,3.757658811607883e-05,3.769410354815063e-05,3.757658811607883e-05,3.769410354815063e-05,3.9515464955324355
1790600940,3.769410354815063e-05,3.777385315788763e-05,3.769410354815063e-05,3.777385315788763e-05,25.356805331354426
1790601060,3.777385315788763e-05,3.777385315788763e-05,3.7246730838450036e-05,3.767232099415178e-05,33.836283787731254
1790601120,3.767232099415178e-05,3.774115472475676e-05,3.767232099415178e-05,3.774115472475676e-05,3.951938631348761
1790601180,3.774115472475676e-05,3.7782163788718155e-05,3.7302637665784694e-05,3.7302637665784694e-05,27.554173028300077
1790601240,3.7302637665784694e-05,3.783011420143317e-05,3.7302637665784694e-05,3.783011420143317e-05,27.709729221583586
1790601300,3.783011420143317e-05,3.783011420143317e-05,3.709115194990708e-05,3.709115194990708e-05,91.06251405077332
1790601360,3.709115194990708e-05,3.710519889865086e-05,3.6673482858547294e-05,3.710519889865086e-05,40.5958620597812
1790601480,3.710519889865086e-05,3.7199160240059314e-05,3.710519889865086e-05,3.7199160240059314e-05,4.841956176604349
1790601540,3.7199160240059314e-05,3.750363825440093e-05,3.718946524101704e-05,3.7455671706972196e-05,42.220458541784296
1790601600,3.7455671706972196e-05,3.75638701115339e-05,3.709656188922378e-05,3.709656188922378e-05,5.129488010623908
1790601660,3.709656188922378e-05,3.772407978110611e-05,3.709656188922378e-05,3.772407978110611e-05,20.11648955531331
1790601900,3.772407978110611e-05,3.7788740658516396e-05,3.724137665348119e-05,3.724137665348119e-05,34.83723531095375
1790602020,3.724137665348119e-05,3.761250074338841e-05,3.724137665348119e-05,3.761250074338841e-05,3.9466508200635246
1790602080,3.761250074338841e-05,3.761250074338841e-05,3.681188337764034e-05,3.681188337764034e-05,68.1534131484411
1790602140,3.681188337764034e-05,3.71594949487972e-05,3.681188337764034e-05,3.71594949487972e-05,8.88875968982895
1790602200,3.71594949487972e-05,3.723666463873205e-05,3.71594949487972e-05,3.723666463873205e-05,1.9770590478298713
1790602260,3.723666463873205e-05,3.946923540972387e-05,3.723666463873205e-05,3.946923540972387e-05,298.8877554601444
1790602320,3.946923540972387e-05,3.95941191121796e-05,3.946923540972387e-05,3.95941191121796e-05,3.949534997215738
1790602380,3.95941191121796e-05,3.9615173210064475e-05,3.95941191121796e-05,3.9615173210064475e-05,11.961850098104128
1790602440,3.9615173210064475e-05,3.9615173210064475e-05,3.5680600426103765e-05,3.604228411885192e-05,531.2429103031386
1790602500,3.604228411885192e-05,3.617545642026118e-05,3.604228411885192e-05,3.617545642026118e-05,17.73843941104987
1790602560,3.617545642026118e-05,3.617545642026118e-05,3.3124769688855135e-05,3.374947627274533e-05,471.55691903643793
1790602620,3.374947627274533e-05,3.397960620134965e-05,3.374947627274533e-05,3.3827195442644504e-05,22.12405290396929
1790602680,3.3827195442644504e-05,3.4618909998704476e-05,3.3827195442644504e-05,3.4618909998704476e-05,148.58773304621363
1790602740,3.4618909998704476e-05,3.529736271542958e-05,3.1596987634028434e-05,3.2042329927006724e-05,685.8306357772461
1790602800,3.2042329927006724e-05,3.21282591566823e-05,3.2042329927006724e-05,3.21282591566823e-05,23.723029981492974
1790602860,3.21282591566823e-05,3.2286115779719635e-05,3.1863874312608054e-05,3.1863874312608054e-05,6.847306224885654
1790602920,3.1863874312608054e-05,3.226685227338162e-05,3.1863874312608054e-05,3.226685227338162e-05,2.3725472762040374
1790602980,3.226685227338162e-05,3.226685227338162e-05,3.1830790537035564e-05,3.1830790537035564e-05,9.54923716111067
1790603040,3.1830790537035564e-05,3.2287525216777375e-05,2.881460074178856e-05,3.033649178759898e-05,917.1655548997089
1790603100,3.033649178759898e-05,3.070279412560214e-05,3.0291162705625454e-05,3.0291162705625454e-05,16.042666273496483
1790603160,3.0291162705625454e-05,3.094426789431399e-05,3.0291162705625454e-05,3.094426789431399e-05,76.96288858008182
1790603220,3.094426789431399e-05,3.150707987178782e-05,3.094426789431399e-05,3.150707987178782e-05,55.361634069094116
1790603340,3.150707987178782e-05,3.211753273285104e-05,3.150707987178782e-05,3.211753273285104e-05,91.98391136796687
1790603400,3.211753273285104e-05,3.211753273285104e-05,3.123248676193115e-05,3.123248676193115e-05,65.99105158912849
1790603520,3.123248676193115e-05,3.158519503800035e-05,3.091640809614721e-05,3.091640809614721e-05,77.92324100861846
1790603640,3.091640809614721e-05,3.11401423491022e-05,3.091640809614721e-05,3.11401423491022e-05,2.945836460984588
1790603760,3.11401423491022e-05,3.11401423491022e-05,3.066761211546118e-05,3.105494266655777e-05,24.94620610333808
1790603820,3.105494266655777e-05,3.359139649104675e-05,3.105494266655777e-05,3.330440154661015e-05,359.7822048893278
1790603880,3.330440154661015e-05,3.375385506825854e-05,3.3035960968174784e-05,3.3035960968174784e-05,196.15317608096527
1790603940,3.3035960968174784e-05,3.349406385440152e-05,3.273088247200903e-05,3.273088247200903e-05,89.408653571008
1790604060,3.273088247200903e-05,3.308986878964616e-05,3.240713208086711e-05,3.240713208086711e-05,94.31895302833529
1790604120,3.240713208086711e-05,3.294455144840773e-05,3.240713208086711e-05,3.294455144840773e-05,99.04702275794402
1790604180,3.294455144840773e-05,3.32813760655554e-05,3.294455144840773e-05,3.32813760655554e-05,2.358704482561629
1790604240,3.32813760655554e-05,3.32813760655554e-05,3.327920897498004e-05,3.327920897498004e-05,1.996658048241734
1790604300,3.327920897498004e-05,3.327920897498004e-05,3.134977962826083e-05,3.134977962826083e-05,249.7865118517343
1790604540,3.134977962826083e-05,3.148485162495601e-05,3.090275339660839e-05,3.090275339660839e-05,52.95693342732068
1790604600,3.090275339660839e-05,3.090275339660839e-05,3.06618126897096e-05,3.06618126897096e-05,16.382777627192407
1790604660,3.06618126897096e-05,3.06618126897096e-05,2.7728766837928364e-05,2.8396808949329076e-05,574.5370601888118
1790604720,2.8396808949329076e-05,2.8570571017811773e-05,2.8396808949329076e-05,2.8570571017811773e-05,8.888827662509874
1790604780,2.8570571017811773e-05,2.8570571017811773e-05,2.782924313343263e-05,2.8143102680630937e-05,67.1950589870997
1790604840,2.8143102680630937e-05,2.8143102680630937e-05,2.7764956128396868e-05,2.7764956128396868e-05,7.698527890429442
1790604960,2.7764956128396868e-05,2.8828787124736066e-05,2.7764956128396868e-05,2.8454757787532298e-05,141.1429145438395
1790605080,2.8454757787532298e-05,2.8638374641893232e-05,2.8454757787532298e-05,2.8457466918997673e-05,50.69168113220887
1790605140,2.8457466918997673e-05,2.8457466918997673e-05,2.8269458245719934e-05,2.829060210677922e-05,7.216068569243943
1790605200,2.829060210677922e-05,2.8837326249874554e-05,2.829060210677922e-05,2.8837326249874554e-05,37.35701473607395
1790605320,2.8837326249874554e-05,2.8927714133559175e-05,2.8528698317832967e-05,2.8927714133559175e-05,40.93371374714313
1790605380,2.8927714133559175e-05,2.8927714133559175e-05,2.8628531316467417e-05,2.8628531316467417e-05,3.2623682847150133
1790605440,2.8628531316467417e-05,2.8628531316467417e-05,2.8585855902303294e-05,2.8585855902303294e-05,6.091073775460804
1790605500,2.8585855902303294e-05,2.8585855902303294e-05,2.8263470486700343e-05,2.8263470486700343e-05,75.34297676730975
1790605560,2.8263470486700343e-05,3.086402614587711e-05,2.794207998488806e-05,2.9300342578260258e-05,397.36352532684447
1790605620,2.9300342578260258e-05,3.088819300704424e-05,2.9300342578260258e-05,3.0877356815661574e-05,20.048899004014793
1790605680,3.0877356815661574e-05,3.0877356815661574e-05,3.0497640716510595e-05,3.0497640716510595e-05,12.199056286604238
1790605800,3.0497640716510595e-05,3.085656245696979e-05,3.0497640716510595e-05,3.0503351240941255e-05,12.828821051232092
1790605920,3.0503351240941255e-05,3.0503351240941255e-05,2.9752546713507337e-05,3.016403407840022e-05,120.66805277057907
1790605980,3.016403407840022e-05,3.0261595513325884e-05,3.016403407840022e-05,3.0261595513325884e-05,3.4593239331271532
1790606040,3.0261595513325884e-05,3.0261595513325884e-05,2.976324478368205e-05,2.976324478368205e-05,22.794506334327124
1790606280,2.976324478368205e-05,3.0786775165197574e-05,2.976324478368205e-05,3.0786775165197574e-05,169.44802591960783
1790606340,3.0786775165197574e-05,3.0786775165197574e-05,3.076217926460901e-05,3.076217926460901e-05,71.15991335707868
1790606400,3.076217926460901e-05,3.076217926460901e-05,3.0476962892127225e-05,3.0476962892127225e-05,9.339224255884528
1790606460,3.0476962892127225e-05,3.083952140326699e-05,3.0295322967767202e-05,3.0295322967767202e-05,51.186612633880195
1790606520,3.0295322967767202e-05,3.0509091901464614e-05,3.0295322967767202e-05,3.0509091901464614e-05,7.045721907340575
1790606580,3.0509091901464614e-05,3.0509091901464614e-05,3.0079877960462196e-05,3.0079877960462196e-05,0.476259234528992
1790606700,3.0079877960462196e-05,3.0079877960462196e-05,2.996740860414913e-05,2.996740860414913e-05,34.08440082209686
1790606760,2.996740860414913e-05,3.054476078273075e-05,2.996740860414913e-05,3.054476078273075e-05,47.06331810751113
1790606880,3.054476078273075e-05,3.1454822034089616e-05,3.054476078273075e-05,3.108207611890673e-05,123.36475915045726
1790606940,3.108207611890673e-05,3.210097059189542e-05,3.108207611890673e-05,3.191103244616625e-05,109.39118746728327
1790607360,3.191103244616625e-05,3.191103244616625e-05,2.9870738120174736e-05,2.9870738120174736e-05,283.58796126490586
1790607480,2.9870738120174736e-05,3.2042100955087994e-05,2.9870738120174736e-05,3.1432020506062804e-05,288.635579592613
1790607540,3.1432020506062804e-05,3.2321512552917194e-05,3.1432020506062804e-05,3.2321512552917194e-05,22.128300439294236
1790607600,3.2321512552917194e-05,3.2321512552917194e-05,3.15096606538496e-05,3.15096606538496e-05,72.95229528689562
1790607660,3.15096606538496e-05,3.15096606538496e-05,3.1408647345204305e-05,3.1408647345204305e-05,27.993538560217903
1790607720,3.1408647345204305e-05,3.1408647345204305e-05,3.1192538857254515e-05,3.1278592635783364e-05,23.01590397197972
1790607780,3.1278592635783364e-05,3.1559757015033186e-05,3.111791199431591e-05,3.1151022328830564e-05,9.060122547973682
1790607840,3.1151022328830564e-05,3.173738531625232e-05,3.1151022328830564e-05,3.173738531625232e-05,52.97384197553866
1790607960,3.173738531625232e-05,3.2201173788691776e-05,3.173738531625232e-05,3.2201173788691776e-05,58.64587580104563
1790608020,3.2201173788691776e-05,3.2395146843039434e-05,3.191520713244188e-05,3.2395146843039434e-05,19.958675824633367
1790608080,3.2395146843039434e-05,3.260997304243407e-05,3.2395146843039434e-05,3.260997304243407e-05,29.134398342648357
1790608140,3.260997304243407e-05,3.405949002330564e-05,3.260997304243407e-05,3.405949002330564e-05,253.2351017304207
1790608200,3.405949002330564e-05,3.610808792862205e-05,3.405949002330564e-05,3.5989317861742885e-05,320.2877054286039
1790608260,3.5989317861742885e-05,3.7474485390876277e-05,3.5460489234894075e-05,3.7474485390876277e-05,260.50555281658535
1790608320,3.7474485390876277e-05,3.798217562687295e-05,3.69222465166606e-05,3.798217562687295e-05,94.65549220470781
1790608380,3.798217562687295e-05,3.798217562687295e-05,3.6996591493345815e-05,3.6996591493345815e-05,86.62203204610975
1790608440,3.6996591493345815e-05,3.9623613396459483e-05,3.6996591493345815e-05,3.9623613396459483e-05,324.53666770186237
1790608500,3.9623613396459483e-05,4.0778129791403965e-05,3.9623613396459483e-05,4.0778129791403965e-05,105.15293536554589
1790608560,4.0778129791403965e-05,4.146459105851072e-05,3.998479048009869e-05,3.998479048009869e-05,200.2120891148236
1790608620,3.998479048009869e-05,4.108015788833428e-05,3.998479048009869e-05,4.108015788833428e-05,153.02505998597056
1790608740,4.108015788833428e-05,4.1225640313839215e-05,4.089505278507874e-05,4.089505278507874e-05,41.440152607833646
1790608800,4.089505278507874e-05,4.1934279727794485e-05,4.089505278507874e-05,4.1934279727794485e-05,58.60892880380915
1790608860,4.1934279727794485e-05,5.317185059552392e-05,4.1934279727794485e-05,4.727310120185533e-05,4260.726463876013
1790608920,4.727310120185533e-05,4.727310120185533e-05,4.417507352124604e-05,4.417507352124604e-05,316.5588601792689
1790608980,4.417507352124604e-05,4.4493435958806974e-05,4.3425604037648606e-05,4.3425604037648606e-05,73.72360999797793
1790609040,4.3425604037648606e-05,4.44592110163969e-05,4.300324393624617e-05,4.4040334160777396e-05,274.54692037573113
1790609100,4.4040334160777396e-05,4.418552827740848e-05,4.366341426967405e-05,4.417874133284425e-05,142.13264777648726
1790609160,4.417874133284425e-05,4.4468024304055935e-05,4.417874133284425e-05,4.4468024304055935e-05,39.20020176884686
1790609220,4.4468024304055935e-05,4.4468024304055935e-05,4.29383343281898e-05,4.29383343281898e-05,162.35235965250914
1790609280,4.29383343281898e-05,4.454145350288901e-05,4.29383343281898e-05,4.454145350288901e-05,219.12623063362747
1790609340,4.454145350288901e-05,4.454145350288901e-05,4.179624389092978e-05,4.2599464642416634e-05,398.6203053317438
1790609400,4.2599464642416634e-05,4.5985274460445874e-05,4.2599464642416634e-05,4.5985274460445874e-05,355.8971707491953
1790609460,4.5985274460445874e-05,4.5985274460445874e-05,4.520524908143557e-05,4.520524908143557e-05,36.33363350319062
1790609580,4.520524908143557e-05,4.572093774164286e-05,4.520524908143557e-05,4.572093774164286e-05,5.780000291451673
1790609760,4.572093774164286e-05,4.572093774164286e-05,4.522246382277198e-05,4.522246382277198e-05,2.383477099794325
1790609820,4.522246382277198e-05,4.671104900691225e-05,4.522246382277198e-05,4.671104900691225e-05,101.69163462542141
1790609880,4.671104900691225e-05,4.6811080072412754e-05,4.603347096426786e-05,4.6811080072412754e-05,87.7656828331161
1790609940,4.6811080072412754e-05,4.699264402043732e-05,4.6302093453436224e-05,4.6302093453436224e-05,23.951619586271082
1790610000,4.6302093453436224e-05,4.695188516315216e-05,4.6302093453436224e-05,4.695188516315216e-05,37.460725732479936
1790610060,4.695188516315216e-05,4.7334866319636726e-05,4.695188516315216e-05,4.7334866319636726e-05,35.34308867887969
1790610120,4.7334866319636726e-05,4.754640504939642e-05,4.7334866319636726e-05,4.754640504939642e-05,16.759715942951356
1790610180,4.754640504939642e-05,4.754640504939642e-05,4.657211241133787e-05,4.6746359347633866e-05,39.607798440151065
1790610240,4.6746359347633866e-05,4.6746359347633866e-05,4.270261766760952e-05,4.270261766760952e-05,429.4324015673884
1790610300,4.270261766760952e-05,4.3092222834196536e-05,4.2471624137324926e-05,4.2471624137324926e-05,53.120721574290535
1790610360,4.2471624137324926e-05,4.2471624137324926e-05,4.236935767663349e-05,4.236935767663349e-05,2.293331014725647
1790610540,4.236935767663349e-05,4.292569405198159e-05,4.236935767663349e-05,4.292569405198159e-05,5.418277225242751
1790610900,4.292569405198159e-05,4.292569405198159e-05,4.243539796424067e-05,4.243539796424067e-05,5.364645274494877
1790610960,4.243539796424067e-05,4.243539796424067e-05,4.236979513816881e-05,4.236979513816881e-05,10.595541143201126
1790611020,4.236979513816881e-05,4.236979513816881e-05,4.215218420487772e-05,4.215218420487772e-05,27.56741289810415
1790611080,4.215218420487772e-05,4.215218420487772e-05,4.196374072976224e-05,4.196374072976224e-05,33.480917256549695
1790611200,4.196374072976224e-05,4.218111625230416e-05,4.1708902972062595e-05,4.218111625230416e-05,23.255332359333803
1790611260,4.218111625230416e-05,4.3531066662155715e-05,4.1475040300503804e-05,4.3531066662155715e-05,239.94200457835043
1790611320,4.3531066662155715e-05,4.367686837736052e-05,4.351487965704442e-05,4.367686837736052e-05,49.335066660893936
1790611380,4.367686837736052e-05,4.3943626446513826e-05,4.367686837736052e-05,4.3943626446513826e-05,12.782734776972516
1790611440,4.3943626446513826e-05,4.406342237726019e-05,4.3571180026531836e-05,4.406342237726019e-05,23.2797007666241
1790611500,4.406342237726019e-05,4.406342237726019e-05,4.351552146055834e-05,4.351552146055834e-05,15.023621717299337
1790611560,4.351552146055834e-05,4.351552146055834e-05,4.338427454827701e-05,4.338427454827701e-05,21.692137274138506
1790611800,4.338427454827701e-05,4.4000068902342225e-05,4.30017648405941e-05,4.30017648405941e-05,85.02001323862314
1790611920,4.30017648405941e-05,4.363997980810395e-05,4.30017648405941e-05,4.363997980810395e-05,23.450021113101343
1790612100,4.363997980810395e-05,4.363997980810395e-05,4.273100700684192e-05,4.273100700684192e-05,52.416611543241636
1790612280,4.273100700684192e-05,4.273100700684192e-05,4.196571019461075e-05,4.196571019461075e-05,225.0041474157177
1790612460,4.196571019461075e-05,4.243982341650855e-05,4.196571019461075e-05,4.243982341650855e-05,197.2076579561842
1790612520,4.243982341650855e-05,4.3490483401165605e-05,4.243982341650855e-05,4.3490483401165605e-05,34.53566787434594
1790612700,4.3490483401165605e-05,4.3490483401165605e-05,4.3178699897138454e-05,4.3178699897138454e-05,1.1396608189001949
1790612940,4.3178699897138454e-05,4.362117277761857e-05,4.3178699897138454e-05,4.362117277761857e-05,15.574573990884993
1790613000,4.362117277761857e-05,4.4385823140493954e-05,4.115658867491409e-05,4.115658867491409e-05,799.1193133579771
1790613060,4.115658867491409e-05,4.115658867491409e-05,3.8397026736830325e-05,3.9612610300900426e-05,114.57204690759795
1790613120,3.9612610300900426e-05,3.9612610300900426e-05,3.873726375090212e-05,3.873726375090212e-05,49.765156886260336
1790613180,3.873726375090212e-05,3.873726375090212e-05,3.558127539732396e-05,3.558127539732396e-05,379.8232368370073
1790613240,3.558127539732396e-05,3.604324778239099e-05,3.5504335374343765e-05,3.5504335374343765e-05,33.338419627079766
1790613300,3.5504335374343765e-05,3.5504335374343765e-05,3.502615198407055e-05,3.547040206794687e-05,188.04879680037604
1790613420,3.547040206794687e-05,3.547040206794687e-05,3.529686459912382e-05,3.529686459912382e-05,18.994963607764753
1790613480,3.529686459912382e-05,3.529686459912382e-05,3.5131538540901265e-05,3.5131538540901265e-05,7.026307708180253
1790613540,3.5131538540901265e-05,3.5573306018235e-05,3.5131538540901265e-05,3.513268619446933e-05,7.941116424131916
1790613600,3.513268619446933e-05,3.513268619446933e-05,3.503609795987391e-05,3.503609795987391e-05,17.114638337164237
1790613660,3.503609795987391e-05,3.550822580585221e-05,3.451113888060518e-05,3.451113888060518e-05,190.72638395160988
1790613720,3.451113888060518e-05,3.451113888060518e-05,3.436591829818951e-05,3.436591829818951e-05,35.31160948169273
1790613900,3.436591829818951e-05,3.4474852411028856e-05,3.396034337325247e-05,3.4474852411028856e-05,79.01737408762621
1790613960,3.4474852411028856e-05,3.665134550535869e-05,3.4474852411028856e-05,3.665134550535869e-05,291.2959773193064
1790614080,3.665134550535869e-05,3.665134550535869e-05,3.619267618115342e-05,3.643041655202233e-05,59.10416685894955
1790614140,3.643041655202233e-05,3.643041655202233e-05,3.577554867741281e-05,3.577554867741281e-05,22.948448373195678
1790614200,3.577554867741281e-05,3.6239919387213655e-05,3.577554867741281e-05,3.6239919387213655e-05,1.9746157413057577
1790614320,3.6239919387213655e-05,3.627289363739674e-05,3.58241430971059e-05,3.58241430971059e-05,5.3613271334620185
1790614380,3.58241430971059e-05,3.58241430971059e-05,3.5628985690095e-05,3.5628985690095e-05,47.00482220076969
1790614440,3.5628985690095e-05,3.621427088631679e-05,3.5628985690095e-05,3.621427088631679e-05,73.48216929791961
1790614800,3.621427088631679e-05,3.621427088631679e-05,3.285666570131547e-05,3.587250574523385e-05,811.276779660124
1790614860,3.587250574523385e-05,3.6017932236114866e-05,3.587250574523385e-05,3.6017932236114866e-05,2.024936075664169
1790614920,3.6017932236114866e-05,3.6017932236114866e-05,3.545842488903286e-05,3.581960451615803e-05,43.73539662147167
1790614980,3.581960451615803e-05,3.5925772540352774e-05,3.5149381949569125e-05,3.5149381949569125e-05,63.74986134319919
1790615040,3.5149381949569125e-05,3.5149381949569125e-05,3.493591323446791e-05,3.493591323446791e-05,8.733978308616978
1790615100,3.493591323446791e-05,3.5527575388903584e-05,3.472664323599247e-05,3.5527575388903584e-05,125.44112831264437
1790615160,3.5527575388903584e-05,3.595246589552589e-05,3.5527575388903584e-05,3.595246589552589e-05,17.68876273442889
1790615280,3.595246589552589e-05,3.595246589552589e-05,3.4620564578112814e-05,3.4620564578112814e-05,226.9209178208956
1790615340,3.4620564578112814e-05,3.4700236380273574e-05,3.4410053786565524e-05,3.4700236380273574e-05,74.36747224917879
1790615400,3.4700236380273574e-05,3.4700236380273574e-05,3.428601557183094e-05,3.428601557183094e-05,10.28580467154928
1790615460,3.428601557183094e-05,3.428601557183094e-05,3.4240237924909975e-05,3.4240237924909975e-05,1.4808128272609697
1790615520,3.4240237924909975e-05,3.4491521404051085e-05,3.4240237924909975e-05,3.4491521404051085e-05,11.082289379224756
1790615580,3.4491521404051085e-05,3.4491521404051085e-05,3.3845211624318864e-05,3.3845211624318864e-05,122.02038412744638
1790615640,3.3845211624318864e-05,3.3845211624318864e-05,3.348443454115724e-05,3.348443454115724e-05,38.8237875281953
1790615700,3.348443454115724e-05,3.389088856184916e-05,3.2421284959515254e-05,3.2421284959515254e-05,205.5471404952741
1790615760,3.2421284959515254e-05,3.2999087928975584e-05,3.22152088872924e-05,3.2999087928975584e-05,56.766364678413474
1790615820,3.2999087928975584e-05,3.2999087928975584e-05,3.251050135006408e-05,3.251050135006408e-05,3.251050135006408
1790615880,3.251050135006408e-05,3.30901330227065e-05,3.251050135006408e-05,3.30901330227065e-05,53.36503567281685
1790615940,3.30901330227065e-05,3.3443346941581446e-05,3.184132597882609e-05,3.184132597882609e-05,264.98167616742046
1790616000,3.184132597882609e-05,3.539099667234581e-05,3.184132597882609e-05,3.5097328460876776e-05,505.46663222264135
1790616060,3.5097328460876776e-05,3.525198177801866e-05,3.481187922582396e-05,3.523001545389951e-05,13.02256937505989
1790616120,3.523001545389951e-05,3.5250629268652136e-05,3.523001545389951e-05,3.5250629268652136e-05,7.0977240509646515
1790616180,3.5250629268652136e-05,3.5524203143983515e-05,3.5250629268652136e-05,3.5524203143983515e-05,54.24802067044624
1790616360,3.5524203143983515e-05,3.568443298456206e-05,3.5524203143983515e-05,3.568443298456206e-05,1.9734817661335802
1790616480,3.568443298456206e-05,3.568443298456206e-05,3.568401642288269e-05,3.568401642288269e-05,2.2019700935957447
1790616540,3.568401642288269e-05,3.5834137967063565e-05,3.568401642288269e-05,3.5834137967063565e-05,35.44522146228212
1790616900,3.5834137967063565e-05,3.606997240981692e-05,3.5834137967063565e-05,3.606997240981692e-05,29.01793381185073
1790617020,3.606997240981692e-05,3.615853739780053e-05,3.606997240981692e-05,3.615853739780053e-05,1.0128638396968008
1790617140,3.615853739780053e-05,3.6255931965383485e-05,3.615853739780053e-05,3.6255931965383485e-05,0.35961601237483626
1790617320,3.6255931965383485e-05,3.6255931965383485e-05,3.453389714634536e-05,3.534247428692059e-05,340.3463951858577
1790617380,3.534247428692059e-05,3.982973726491514e-05,3.534247428692059e-05,3.982973726491514e-05,620.8560972694988
1790617440,3.982973726491514e-05,3.9985432563001e-05,3.9443550032161786e-05,3.9443550032161786e-05,135.7883797207098
1790617500,3.9443550032161786e-05,4.0334115464338344e-05,3.9443550032161786e-05,4.0334115464338344e-05,98.5944645024997
1790617620,4.0334115464338344e-05,4.0734603966769846e-05,4.0334115464338344e-05,4.0734603966769846e-05,0.16445567692849736
1790617740,4.0734603966769846e-05,4.0734603966769846e-05,3.617341996967814e-05,3.797977282903723e-05,522.9318376120129
1790617860,3.797977282903723e-05,3.797977282903723e-05,3.574584742613373e-05,3.574584742613373e-05,20.6455874092603
1790617980,3.574584742613373e-05,3.5790003433721645e-05,3.574584742613373e-05,3.5790003433721645e-05,4.671365202923756
1790618040,3.5790003433721645e-05,3.620559162410389e-05,3.574313505812134e-05,3.574313505812134e-05,13.8026009429867
1790618100,3.574313505812134e-05,3.633619030146401e-05,3.574313505812134e-05,3.633619030146401e-05,48.42252164374197
1790618340,3.633619030146401e-05,3.633619030146401e-05,3.579873619753104e-05,3.579873619753104e-05,73.26907821588411
1790618400,3.579873619753104e-05,3.579873619753104e-05,3.512146093605536e-05,3.52556237198965e-05,118.67633862662316
1790618460,3.52556237198965e-05,3.539732242762388e-05,3.52556237198965e-05,3.539732242762388e-05,17.195842437324476
1790618760,3.539732242762388e-05,3.539732242762388e-05,3.4726748011239394e-05,3.47895093073551e-05,44.95444772685178
1790618820,3.47895093073551e-05,3.47895093073551e-05,3.471179801910256e-05,3.471179801910256e-05,1.487019493578846
1790618880,3.471179801910256e-05,3.551279065075282e-05,3.471179801910256e-05,3.551279065075282e-05,82.64078692548108
1790618940,3.551279065075282e-05,3.551279065075282e-05,3.5331233117936275e-05,3.5331233117936275e-05,11.929364744135126
1790619120,3.5331233117936275e-05,3.577122478483015e-05,3.5331233117936275e-05,3.577122478483015e-05,2.367074816771577
1790619180,3.577122478483015e-05,3.613207292255272e-05,3.577122478483015e-05,3.613207292255272e-05,95.6778849741636
1790619300,3.613207292255272e-05,3.613207292255272e-05,3.58491463927734e-05,3.588825510988824e-05,27.556482709145417
1790619420,3.588825510988824e-05,3.635904732665081e-05,3.588825510988824e-05,3.635904732665081e-05,13.817476681792295
1790619600,3.635904732665081e-05,3.635904732665081e-05,3.59425607534307e-05,3.59425607534307e-05,0.13767051610429937
1790619720,3.59425607534307e-05,3.725182159123312e-05,3.59425607534307e-05,3.685934676678807e-05,149.87083185228892
1790619780,3.685934676678807e-05,3.685934676678807e-05,3.6233557225044105e-05,3.6233557225044105e-05,118.54788169547537
1790619840,3.6233557225044105e-05,3.63609498993615e-05,3.575992568641416e-05,3.587632145678462e-05,34.20392177583078
1790619960,3.587632145678462e-05,3.587632145678462e-05,3.5427736939640237e-05,3.5427736939640237e-05,64.83275859954163
1790620320,3.5427736939640237e-05,3.5427736939640237e-05,3.5078343000303147e-05,3.5078343000303147e-05,9.742175315099443
1790620560,3.5078343000303147e-05,3.5078343000303147e-05,3.471854524478361e-05,3.471854524478361e-05,82.82677775516368
1790620620,3.471854524478361e-05,3.486120901972794e-05,3.471854524478361e-05,3.486120901972794e-05,2.938025124798281
1790620800,3.486120901972794e-05,3.493995584281913e-05,3.485480328843018e-05,3.493995584281913e-05,21.811001443272954
1790620860,3.493995584281913e-05,3.493995584281913e-05,3.443145289422264e-05,3.443145289422264e-05,34.620103821868256
1790620920,3.443145289422264e-05,3.509300843880389e-05,3.443145289422264e-05,3.509300843880389e-05,62.514109210541356
1790621100,3.509300843880389e-05,3.525893309763875e-05,3.509300843880389e-05,3.525893309763875e-05,6.7739350044698705
1790621220,3.525893309763875e-05,3.6054382197362243e-05,3.525893309763875e-05,3.593079879081852e-05,102.30836214456687
1790621400,3.593079879081852e-05,3.619113636016438e-05,3.593079879081852e-05,3.619113636016438e-05,10.87696252160153
1790621460,3.619113636016438e-05,3.6750473170057754e-05,3.619113636016438e-05,3.6750473170057754e-05,63.64753452290075
1790621520,3.6750473170057754e-05,3.6803965613646794e-05,3.6750473170057754e-05,3.6803965613646794e-05,4.951979911584722
1790621640,3.6803965613646794e-05,3.686690507244007e-05,3.6358762275895135e-05,3.6358762275895135e-05,13.296250277503892
1790621700,3.6358762275895135e-05,3.679482160074494e-05,3.6358762275895135e-05,3.679482160074494e-05,5.91959811490523
1790621820,3.679482160074494e-05,3.679482160074494e-05,3.5999234352646974e-05,3.6201369545652665e-05,50.68621781541531
1790622060,3.6201369545652665e-05,3.6362735320511385e-05,3.6201369545652665e-05,3.6362735320511385e-05,1.1822780793950454
1790622120,3.6362735320511385e-05,4.0083896134322214e-05,3.6362735320511385e-05,3.942786160005546e-05,497.47569247697453
1790622240,3.942786160005546e-05,3.9779466840372274e-05,3.9315399363322704e-05,3.9315399363322704e-05,29.36869086908518
1790622360,3.9315399363322704e-05,3.983573819344221e-05,3.2629884486070846e-05,3.6035969888465015e-05,854.6094950572906
1790622420,3.6035969888465015e-05,3.6035969888465015e-05,3.3892490329226e-05,3.3892490329226e-05,235.0360681988429
1790622480,3.3892490329226e-05,3.5172623859768764e-05,3.3892490329226e-05,3.5172623859768764e-05,94.09271670737246
1790622600,3.5172623859768764e-05,3.5598718535745274e-05,2.9774526966964195e-05,3.0149996417363708e-05,973.4776870614204
1790622660,3.0149996417363708e-05,3.0149996417363708e-05,2.6639228094340413e-05,2.7973710111406215e-05,1143.317131532511
1790622720,2.7973710111406215e-05,2.8013370401986238e-05,2.7973710111406215e-05,2.8013370401986238e-05,2.9524080324035147
1790622780,2.8013370401986238e-05,2.8013370401986238e-05,2.726558842929731e-05,2.726558842929731e-05,106.49132936488759
1790622840,2.726558842929731e-05,2.726558842929731e-05,2.6785836545386326e-05,2.7244117797000292e-05,125.8286175070974
1790622900,2.7244117797000292e-05,2.7358218884153496e-05,2.6996962195813413e-05,2.7358218884153496e-05,34.89149750929471
1790622960,2.7358218884153496e-05,2.7763587592518606e-05,2.7358218884153496e-05,2.7695386231406905e-05,147.06495428672244
1790623020,2.7695386231406905e-05,2.7695386231406905e-05,2.7306191099175088e-05,2.7686130193526562e-05,24.77687758268697
1790623080,2.7686130193526562e-05,2.7818309588954353e-05,2.7686130193526562e-05,2.7818309588954353e-05,29.36803963446848
1790623140,2.7818309588954353e-05,2.7818309588954353e-05,2.7508789630775224e-05,2.7508789630775224e-05,18.448727313434965
1790623200,2.7508789630775224e-05,2.785473070875877e-05,2.7508789630775224e-05,2.785473070875877e-05,14.294509547592687
1790623260,2.785473070875877e-05,2.785473070875877e-05,2.6886974412727423e-05,2.6886974412727423e-05,113.9172002165456
1790623320,2.6886974412727423e-05,2.6886974412727423e-05,2.669852709111086e-05,2.669852709111086e-05,4.640875107017287
1790623380,2.669852709111086e-05,2.7032566696921365e-05,2.669852709111086e-05,2.7032566696921365e-05,2.597750426391275
1790623440,2.7032566696921365e-05,2.712439692292817e-05,2.7032566696921365e-05,2.712439692292817e-05,24.60220518468482
1790623500,2.712439692292817e-05,2.712439692292817e-05,2.6861598414517946e-05,2.6861598414517946e-05,1.8615565253741568
1790623560,2.6861598414517946e-05,2.760754032274613e-05,2.6861598414517946e-05,2.760754032274613e-05,117.46205614203659
1790623740,2.760754032274613e-05,2.806837315769999e-05,2.739330542531737e-05,2.7642024606949203e-05,78.60856629089176
1790623800,2.7642024606949203e-05,2.7642024606949203e-05,2.728553363283277e-05,2.728553363283277e-05,5.569271364461833
1790623860,2.728553363283277e-05,3.0611761597124466e-05,2.728553363283277e-05,3.0611761597124466e-05,428.84938306203475
1790623980,3.0611761597124466e-05,3.0611761597124466e-05,2.9475325647328837e-05,2.98840259663056e-05,193.57654626531885
1790624040,2.98840259663056e-05,2.98840259663056e-05,2.9415838423928573e-05,2.9415838423928573e-05,78.52737909682435
1790624100,2.9415838423928573e-05,2.9415838423928573e-05,2.8646156611220116e-05,2.868383886732982e-05,126.02391728378373
1790624160,2.868383886732982e-05,2.8703628890262572e-05,2.868383886732982e-05,2.8703628890262572e-05,9.856628504910768
1790624220,2.8703628890262572e-05,2.8703628890262572e-05,2.7959980686700224e-05,2.7959980686700224e-05,56.48559507383607
1790624340,2.7959980686700224e-05,2.7959980686700224e-05,2.6931201194962068e-05,2.6931201194962068e-05,270.2895644767722
1790624400,2.6931201194962068e-05,2.6931201194962068e-05,2.609279266702022e-05,2.609279266702022e-05,22.210053650249574
1790624460,2.609279266702022e-05,2.609279266702022e-05,2.557265709694658e-05,2.557265709694658e-05,75.84001270109799
1790624580,2.557265709694658e-05,2.557265709694658e-05,2.5435700715436978e-05,2.5435700715436978e-05,28.624081264697757
1790624640,2.5435700715436978e-05,2.5435700715436978e-05,2.3993944367471578e-05,2.3993944367471578e-05,213.43350519418868
1790624760,2.3993944367471578e-05,2.537137402753371e-05,2.3993944367471578e-05,2.537137402753371e-05,169.31161146044874
1790624820,2.537137402753371e-05,2.537137402753371e-05,2.4537134312988363e-05,2.4537134312988363e-05,89.35688085737023
1790624880,2.4537134312988363e-05,2.4813540576354504e-05,2.4537134312988363e-05,2.4813540576354504e-05,1.9656377996307859
1790624940,2.4813540576354504e-05,2.4813540576354504e-05,2.4057866157527297e-05,2.4057866157527297e-05,134.77832276481612
1790625060,2.4057866157527297e-05,2.4057866157527297e-05,2.3309508908994986e-05,2.3309508908994986e-05,67.24452416758872
1790625120,2.3309508908994986e-05,2.3534623693436234e-05,2.3210515527419825e-05,2.3210515527419825e-05,6.79063539301259
1790625360,2.3210515527419825e-05,2.3210515527419825e-05,2.1383988618205232e-05,2.1383988618205232e-05,426.8412309693866
1790625540,2.1383988618205232e-05,2.1601755162755813e-05,2.104954842087367e-05,2.104954842087367e-05,93.5441617842298
1790625600,2.104954842087367e-05,2.104954842087367e-05,1.9703600367825486e-05,1.99433172149949e-05,394.672624429747
1790625660,1.99433172149949e-05,2.07493254506487e-05,1.99433172149949e-05,2.07493254506487e-05,132.0875334699911
1790625720,2.07493254506487e-05,2.0919495219763665e-05,2.07493254506487e-05,2.0919495219763665e-05,4.309604544753723
1790625840,2.0919495219763665e-05,2.0919495219763665e-05,2.0717595132778113e-05,2.0717595132778113e-05,12.80540081805692
1790626020,2.0717595132778113e-05,2.0717595132778113e-05,2.0697626506287426e-05,2.0697626506287426e-05,6.7695987396672
1790626080,2.0697626506287426e-05,2.0963138425261202e-05,2.0697626506287426e-05,2.0963138425261202e-05,5.924198109353401
1790626140,2.0963138425261202e-05,2.108482148718954e-05,2.0963138425261202e-05,2.108482148718954e-05,24.557476145717217
1790626260,2.108482148718954e-05,2.1215040696860852e-05,2.090437769024733e-05,2.090437769024733e-05,23.83159408902385
1790626440,2.090437769024733e-05,2.090437769024733e-05,1.928573839412154e-05,1.9604158677384008e-05,313.3357682341174
1790626560,1.9604158677384008e-05,1.9664321146536522e-05,1.9604158677384008e-05,1.9664321146536522e-05,24.669837607416486
1790626620,1.9664321146536522e-05,1.9664321146536522e-05,1.7408328238057967e-05,1.7408328238057967e-05,526.24079623994
1790626680,1.7408328238057967e-05,1.765731737300046e-05,1.628638933315582e-05,1.6524299263918645e-05,377.27694414842017
1790626740,1.6524299263918645e-05,1.6524299263918645e-05,1.5512104244111434e-05,1.5512104244111434e-05,182.77541847969053
1790626800,1.5512104244111434e-05,1.5512104244111434e-05,1.5460840817591968e-05,1.5460840817591968e-05,6.0266376724953235
1790626860,1.5460840817591968e-05,1.5990746615757166e-05,1.542448729175084e-05,1.5990746615757166e-05,90.74138213632058
1790626920,1.5990746615757166e-05,1.6185818661780305e-05,1.5990746615757166e-05,1.6117313404682796e-05,29.50911789173508
1790626980,1.6117313404682796e-05,1.6117313404682796e-05,1.598240768901387e-05,1.598240768901387e-05,6.719808252944168
1790627040,1.598240768901387e-05,1.598240768901387e-05,1.5641327762343716e-05,1.5641327762343716e-05,72.76600281484565
1790627100,1.5641327762343716e-05,1.7417934808772856e-05,1.5641327762343716e-05,1.7417934808772856e-05,300.48402428306036
1790627160,1.7417934808772856e-05,1.7417934808772856e-05,1.657758949545577e-05,1.6793197599076126e-05,161.03964256114756
1790627220,1.6793197599076126e-05,1.69853690866564e-05,1.6793197599076126e-05,1.69853690866564e-05,49.2795927249343
1790627280,1.69853690866564e-05,1.7380931977286777e-05,1.69853690866564e-05,1.7380931977286777e-05,111.32032142673246
1790627400,1.7380931977286777e-05,1.769522590257858e-05,1.6647467709905658e-05,1.6647467709905658e-05,312.46089598780543
1790627580,1.6647467709905658e-05,1.6647467709905658e-05,1.5456365274512012e-05,1.566282160695318e-05,78.63261672521237
1790627700,1.566282160695318e-05,1.5834682397451877e-05,1.5098810664767184e-05,1.5098810664767184e-05,267.06530116939916
1790627760,1.5098810664767184e-05,1.526514260442305e-05,1.5077674341943566e-05,1.526514260442305e-05,5.8073791970049315
1790627820,1.526514260442305e-05,1.526514260442305e-05,1.4803532702137518e-05,1.497488149441854e-05,64.3784451058046
1790627880,1.497488149441854e-05,1.497488149441854e-05,1.4794028730698003e-05,1.4794028730698003e-05,0.9272982111332393
1790627940,1.4794028730698003e-05,1.4994492968120537e-05,1.4794028730698003e-05,1.4994492968120537e-05,3.7374165976877256
1790628000,1.4994492968120537e-05,1.6179436211292743e-05,1.4994492968120537e-05,1.6179436211292743e-05,233.6924952776154
1790628060,1.6179436211292743e-05,1.661364458913884e-05,1.6179436211292743e-05,1.661364458913884e-05,143.21963301809654
1790628360,1.661364458913884e-05,1.6707010057632188e-05,1.6182705061836255e-05,1.6182705061836255e-05,108.63102590439695
1790628420,1.6182705061836255e-05,1.672753422351439e-05,1.6182705061836255e-05,1.672753422351439e-05,74.0792013347602
1790628480,1.672753422351439e-05,1.6853794654315345e-05,1.672753422351439e-05,1.6853794654315345e-05,24.69179121956867
1790628540,1.6853794654315345e-05,1.69330665023494e-05,1.6853794654315345e-05,1.69330665023494e-05,4.680536252010587
1790628600,1.69330665023494e-05,1.69330665023494e-05,1.656612390919426e-05,1.656612390919426e-05,51.211236132507466
1790628660,1.656612390919426e-05,1.6662475216735006e-05,1.6448641615779054e-05,1.6448641615779054e-05,12.435931152991317
1790628840,1.6448641615779054e-05,1.668766586149207e-05,1.6448641615779054e-05,1.668766586149207e-05,12.481788453362206
1790629140,1.668766586149207e-05,1.668766586149207e-05,1.6124373570467573e-05,1.6124373570467573e-05,89.26496661787426
1790629200,1.6124373570467573e-05,1.643250130164103e-05,1.6124373570467573e-05,1.6389743105414617e-05,69.59158789504349
1790629260,1.6389743105414617e-05,1.6389743105414617e-05,1.6381307446119037e-05,1.6381307446119037e-05,4.095326861529759
1790629320,1.6381307446119037e-05,1.6618369433674576e-05,1.6381307446119037e-05,1.6618369433674576e-05,17.751779471398724
1790629380,1.6618369433674576e-05,1.6679070860287202e-05,1.6618369433674576e-05,1.6679070860287202e-05,1.6720804326220637
1790629500,1.6679070860287202e-05,1.6685861529181034e-05,1.6679070860287202e-05,1.6685861529181034e-05,1.6598843154624752
1790629620,1.6685861529181034e-05,1.6685861529181034e-05,1.633676591753371e-05,1.633676591753371e-05,40.72623317586528
1790629680,1.633676591753371e-05,1.633676591753371e-05,1.5258809301232694e-05,1.5258809301232694e-05,185.5226603212759
1790629740,1.5258809301232694e-05,1.5264544067598755e-05,1.5258809301232694e-05,1.5264544067598755e-05,0.7046408458548143
1790629800,1.5264544067598755e-05,1.5264544067598755e-05,1.478073548007565e-05,1.478073548007565e-05,166.65792746859614
1790629920,1.478073548007565e-05,1.478073548007565e-05,1.4133485536890446e-05,1.4133485536890446e-05,91.56431370481941
1790630040,1.4133485536890446e-05,1.490456989347273e-05,1.4133485536890446e-05,1.490456989347273e-05,167.45381345043285
1790630100,1.490456989347273e-05,1.4972071639180214e-05,1.490456989347273e-05,1.4972071639180214e-05,11.71856661484679
1790630160,1.4972071639180214e-05,1.4972071639180214e-05,1.4631332019126183e-05,1.4631332019126183e-05,50.77672280184136
1790630220,1.4631332019126183e-05,1.4631332019126183e-05,1.452263482064242e-05,1.452263482064242e-05,3.6306587051606045
1790630280,1.452263482064242e-05,1.4742491127743816e-05,1.452263482064242e-05,1.4742491127743816e-05,19.648771259825825
1790630400,1.4742491127743816e-05,1.56753570183722e-05,1.4742491127743816e-05,1.5673828327411257e-05,165.6403448169474
1790630460,1.5673828327411257e-05,1.5702173031923536e-05,1.5673828327411257e-05,1.5702173031923536e-05,9.347993750448882
1790630580,1.5702173031923536e-05,1.5710799604669136e-05,1.5702173031923536e-05,1.5710799604669136e-05,4.717031245638064
1790630700,1.5710799604669136e-05,1.5710799604669136e-05,1.5432875752469526e-05,1.5456911914648726e-05,14.084025929341953
1790630760,1.5456911914648726e-05,1.5456911914648726e-05,1.5060354187843256e-05,1.5060354187843256e-05,79.02461913842266
1790631000,1.5060354187843256e-05,1.521419478405702e-05,1.5060354187843256e-05,1.521419478405702e-05,1.9589824749099332
1790631060,1.521419478405702e-05,1.521419478405702e-05,1.5014509642597193e-05,1.5014509642597193e-05,1.7263091402923023
1790631240,1.5014509642597193e-05,1.5014509642597193e-05,1.3479321900559565e-05,1.3479321900559565e-05,362.5385666173834
1790631360,1.3479321900559565e-05,1.3479321900559565e-05,1.317409894608173e-05,1.317409894608173e-05,6.657035693411226
1790631480,1.317409894608173e-05,1.3408985298552572e-05,1.317409894608173e-05,1.3408985298552572e-05,38.59362414254731
1790631540,1.3408985298552572e-05,1.350576336903088e-05,1.3408985298552572e-05,1.350576336903088e-05,3.9464305684430823
1790631600,1.350576336903088e-05,1.352250233438131e-05,1.3343555834242937e-05,1.352250233438131e-05,3.5460114009828674
1790631720,1.352250233438131e-05,1.3574926593824945e-05,1.3347667980931857e-05,1.3574926593824945e-05,23.880326478619935
1790631840,1.3574926593824945e-05,1.3635387424986722e-05,1.3574926593824945e-05,1.3635387424986722e-05,1.9620940187382039
1790631900,1.3635387424986722e-05,1.3635387424986722e-05,1.3445920641765018e-05,1.3445920641765018e-05,4.454610694642276
1790632140,1.3445920641765018e-05,1.3445920641765018e-05,1.336509202401171e-05,1.336509202401171e-05,28.293668228928677
1790632260,1.336509202401171e-05,1.336509202401171e-05,1.3215653002122923e-05,1.3215653002122923e-05,27.021949338167563
1790632860,1.3215653002122923e-05,1.4132064798561812e-05,1.3215653002122923e-05,1.4132064798561812e-05,181.24295976468403
1790632920,1.4132064798561812e-05,1.428515976909523e-05,1.4132064798561812e-05,1.418027615349758e-05,50.716702748831665
1790633040,1.418027615349758e-05,1.451012504121642e-05,1.418027615349758e-05,1.451012504121642e-05,67.39682042891252
1790633220,1.451012504121642e-05,1.4635300499126989e-05,1.4454253583164892e-05,1.4454253583164892e-05,12.952398328095448
1790633280,1.4454253583164892e-05,1.4635725543992016e-05,1.4429251755782993e-05,1.4635725543992016e-05,6.282622908464979
1790633340,1.4635725543992016e-05,1.4635725543992016e-05,1.3470437093511098e-05,1.3560508996257698e-05,208.37939651823365
1790633520,1.3560508996257698e-05,1.3560508996257698e-05,1.3385236010598217e-05,1.3385236010598217e-05,13.692586852694118
1790633580,1.3385236010598217e-05,1.3385236010598217e-05,1.3329479378655853e-05,1.3329479378655853e-05,5.3406519796459735
1790633700,1.3329479378655853e-05,1.5673170012999183e-05,1.3329479378655853e-05,1.5673170012999183e-05,428.61139556782604
1790633760,1.5673170012999183e-05,1.5673170012999183e-05,1.5311346937047206e-05,1.5417520659423705e-05,59.33646379341082
1790633820,1.5417520659423705e-05,1.5417520659423705e-05,1.4632822757812277e-05,1.4632822757812277e-05,228.54168115045061
1790633880,1.4632822757812277e-05,1.4632822757812277e-05,1.412124442062568e-05,1.412124442062568e-05,14.044375535940844
1790633940,1.412124442062568e-05,1.4319195761941767e-05,1.412124442062568e-05,1.4319195761941767e-05,9.872477170758195
1790634000,1.4319195761941767e-05,1.6244474366913777e-05,1.4319195761941767e-05,1.6244474366913777e-05,431.8351980692014
1790634120,1.6244474366913777e-05,1.6244474366913777e-05,1.5555317304085987e-05,1.5670753947171812e-05,89.61038588192861
1790634300,1.5670753947171812e-05,1.5670753947171812e-05,1.5301753490797223e-05,1.5301753490797223e-05,42.49776586367781
1790634480,1.5301753490797223e-05,1.5301753490797223e-05,1.495436330450146e-05,1.495436330450146e-05,69.73251121825211
1790634780,1.495436330450146e-05,1.5171607416964751e-05,1.495436330450146e-05,1.5171607416964751e-05,0.5227879177545578
1790634900,1.5171607416964751e-05,1.5171607416964751e-05,1.4966974892929495e-05,1.4966974892929495e-05,5.163606338060676
1790635320,1.4966974892929495e-05,1.4966974892929495e-05,1.4961444341483851e-05,1.4961444341483851e-05,14.961444341483851
1790635380,1.4961444341483851e-05,1.513483032941049e-05,1.4949658035730989e-05,1.4949658035730989e-05,10.106528596060512
1790635500,1.4949658035730989e-05,1.4949658035730989e-05,1.481797029677955e-05,1.481797029677955e-05,39.62012564260576
1790635560,1.481797029677955e-05,1.4889087885064483e-05,1.4670267589836154e-05,1.4889087885064483e-05,34.85114322764749
1790635620,1.4889087885064483e-05,1.4943310807811082e-05,1.4889087885064483e-05,1.4943310807811082e-05,3.9695463968282594
1790635680,1.4943310807811082e-05,1.4943310807811082e-05,1.4659879845019673e-05,1.4659879845019673e-05,43.025032921997735
1790635740,1.4659879845019673e-05,1.4755927413066224e-05,1.4659879845019673e-05,1.4755927413066224e-05,4.749545247785318
1790636340,1.4755927413066224e-05,1.4824974915502044e-05,1.4755927413066224e-05,1.4824974915502044e-05,10.883486158480133
1790637060,1.4824974915502044e-05,1.4824974915502044e-05,1.4620481757458181e-05,1.4620481757458181e-05,9.988710605626869
1790637120,1.4620481757458181e-05,1.524596586087283e-05,1.4567660287354311e-05,1.524596586087283e-05,106.45945781787869
1790637240,1.524596586087283e-05,1.524596586087283e-05,1.498416552783695e-05,1.5072722287933496e-05,18.435984774646442
1790637540,1.5072722287933496e-05,1.5072722287933496e-05,1.4914161795464689e-05,1.4998492501942606e-05,20.36274842770716
1790637600,1.4998492501942606e-05,1.545296708307164e-05,1.4824730501291778e-05,1.545296708307164e-05,118.39338621199693
1790637660,1.545296708307164e-05,1.545296708307164e-05,1.5047555259260908e-05,1.5047555259260908e-05,78.33147702376525
1790637780,1.5047555259260908e-05,1.5047555259260908e-05,1.4812398233630456e-05,1.4812398233630456e-05,13.53414194362199
1790637900,1.4812398233630456e-05,1.4812398233630456e-05,1.477454689833996e-05,1.477454689833996e-05,2.9655854874092147
1790638500,1.477454689833996e-05,1.477454689833996e-05,1.313700581932158e-05,1.313700581932158e-05,329.36025528079006
1790638560,1.313700581932158e-05,1.313700581932158e-05,1.3132026426364937e-05,1.3132026426364937e-05,1.6188003353650282
1790638620,1.3132026426364937e-05,1.3132026426364937e-05,1.3056676444916091e-05,1.3056676444916091e-05,25.7870552199229
1790638920,1.3056676444916091e-05,1.3056676444916091e-05,1.2956248867789843e-05,1.2956248867789843e-05,18.3708934075578
1790639160,1.2956248867789843e-05,1.2956248867789843e-05,1.2882019133572212e-05,1.2882226509625155e-05,4.017050413737868
1790639460,1.2882226509625155e-05,1.2882226509625155e-05,1.2811367058398372e-05,1.2811367058398372e-05,29.73147953395535
1790639820,1.2811367058398372e-05,1.2811367058398372e-05,1.271442627049809e-05,1.271442627049809e-05,19.602537176812515
1790639880,1.271442627049809e-05,1.271442627049809e-05,1.2652979380007037e-05,1.2652979380007037e-05,6.326489690003519
1790640180,1.2652979380007037e-05,1.2652979380007037e-05,1.2576365722347496e-05,1.2576365722347496e-05,18.470203450229107
1790640360,1.2576365722347496e-05,1.2707080381385357e-05,1.2576365722347496e-05,1.2707080381385357e-05,2.345533870908066
1790640540,1.2707080381385357e-05,1.4502568823044129e-05,1.2707080381385357e-05,1.4502568823044129e-05,366.6940655101925
1790640600,1.4502568823044129e-05,1.4502568823044129e-05,1.431601141875003e-05,1.431601141875003e-05,2.6425180821374483
1790641260,1.431601141875003e-05,1.431601141875003e-05,1.4204911917424926e-05,1.4204911917424926e-05,16.54611297564145
1790641320,1.4204911917424926e-05,1.4204911917424926e-05,1.409511528239138e-05,1.409511528239138e-05,39.363709995312874
1790641920,1.409511528239138e-05,1.409511528239138e-05,1.3996791466570743e-05,1.3996791466570743e-05,3.4991978666426857
1790641980,1.3996791466570743e-05,1.4014664185754247e-05,1.3996791466570743e-05,1.4014664185754247e-05,2.102199627863137
1790642040,1.4014664185754247e-05,1.401797255143842e-05,1.4014664185754247e-05,1.401797255143842e-05,1.401797255143842
1790642160,1.401797255143842e-05,1.401797255143842e-05,1.3959640783805145e-05,1.3959640783805145e-05,21.110295051318694
1790642280,1.3959640783805145e-05,1.3959640783805145e-05,1.38661991551948e-05,1.38661991551948e-05,17.83809650389824
1790642460,1.38661991551948e-05,1.4624586675195049e-05,1.38661991551948e-05,1.449964094007552e-05,143.9146545692844
1790642580,1.449964094007552e-05,1.449964094007552e-05,1.4492628501699337e-05,1.4492628501699337e-05,3.7680834104418275
1790642820,1.4492628501699337e-05,1.4650456668198735e-05,1.4492628501699337e-05,1.4650456668198735e-05,10.824106822096155
1790643000,1.4650456668198735e-05,1.4729027777359779e-05,1.4650456668198735e-05,1.4729027777359779e-05,17.65699068215629
1790643060,1.4729027777359779e-05,1.4729027777359779e-05,1.4515998444458803e-05,1.4515998444458803e-05,6.717522406272283
1790643900,1.4515998444458803e-05,1.4515998444458803e-05,1.4305110142057578e-05,1.4305110142057578e-05,42.69798764521841
1790644140,1.4305110142057578e-05,1.440225940830312e-05,1.4305110142057578e-05,1.440225940830312e-05,1.0502142808926782
1790644320,1.440225940830312e-05,1.440225940830312e-05,1.420607226212521e-05,1.420607226212521e-05,0.14215065495724752
1790644380,1.420607226212521e-05,1.716325877493897e-05,1.420607226212521e-05,1.716325877493897e-05,571.9495051150926
1790644440,1.716325877493897e-05,1.7323325946722842e-05,1.716325877493897e-05,1.7323325946722842e-05,33.70932590365519
1790644500,1.7323325946722842e-05,1.7379560429893882e-05,1.7062883926575e-05,1.728367028218596e-05,71.83933930455434
1790644560,1.728367028218596e-05,1.735387364392027e-05,1.728367028218596e-05,1.735387364392027e-05,0.9869881146276765
1790644620,1.735387364392027e-05,1.735387364392027e-05,1.6797169646801678e-05,1.6797169646801678e-05,116.86129677338221
1790644920,1.6797169646801678e-05,1.6797169646801678e-05,1.6266310131370603e-05,1.6266310131370603e-05,46.43195019323391
1790644980,1.6266310131370603e-05,1.647307931983685e-05,1.6266310131370603e-05,1.647307931983685e-05,4.7227478164320775
1790645460,1.647307931983685e-05,1.647307931983685e-05,1.64189334669264e-05,1.64189334669264e-05,1.865295578088073
1790645760,1.64189334669264e-05,1.64189334669264e-05,1.6145661460911996e-05,1.6145661460911996e-05,4.628878786345142
1790645880,1.6145661460911996e-05,1.6145661460911996e-05,1.6104063705225167e-05,1.6104063705225167e-05,17.00120489560039
1790646000,1.6104063705225167e-05,1.6104063705225167e-05,1.6009724787781738e-05,1.6009724787781738e-05,11.41462994852785
1790646180,1.6009724787781738e-05,1.6354015010364177e-05,1.6009724787781738e-05,1.6354015010364177e-05,46.14992206814204
1790646480,1.6354015010364177e-05,1.6354015010364177e-05,1.600631886055364e-05,1.600631886055364e-05,103.48102420946256
1790646600,1.600631886055364e-05,1.600631886055364e-05,1.5923500039670857e-05,1.5923500039670857e-05,0.9611374780842445
1790646780,1.5923500039670857e-05,1.598517809220376e-05,1.5923500039670857e-05,1.598517809220376e-05,6.468688686822233
1790647020,1.598517809220376e-05,1.6052943010440163e-05,1.5892193485002535e-05,1.5892193485002535e-05,30.685031824049585
1790647080,1.5892193485002535e-05,1.610590025404913e-05,1.5892193485002535e-05,1.610590025404913e-05,6.0916387473975
1790647260,1.610590025404913e-05,1.610590025404913e-05,1.5901863123648555e-05,1.5901863123648555e-05,5.607545136128759
1790647320,1.5901863123648555e-05,1.6171705669548615e-05,1.5901863123648555e-05,1.6171705669548615e-05,36.29575816628074
1790647440,1.6171705669548615e-05,1.6171705669548615e-05,1.500938413156614e-05,1.500938413156614e-05,389.8866329098645
1790647500,1.500938413156614e-05,1.500938413156614e-05,1.399454271522111e-05,1.399454271522111e-05,5.293072557972536
1790647560,1.399454271522111e-05,1.4222252076807967e-05,1.399454271522111e-05,1.4222252076807967e-05,23.07451827938896
1790647680,1.4222252076807967e-05,1.432990044256076e-05,1.4222252076807967e-05,1.432990044256076e-05,17.312698925491752
1790647800,1.432990044256076e-05,1.432990044256076e-05,1.4158118468943633e-05,1.4158118468943633e-05,3.939805078204303
1790647860,1.4158118468943633e-05,1.4318888133349628e-05,1.4158118468943633e-05,1.4318888133349628e-05,0.5183957277048028
1790648100,1.4318888133349628e-05,1.4318888133349628e-05,1.411947848129678e-05,1.411947848129678e-05,21.332750121979384
1790648520,1.411947848129678e-05,1.411947848129678e-05,1.398226820474745e-05,1.398226820474745e-05,20.478178331845427
1790648760,1.398226820474745e-05,1.4155350244410874e-05,1.398226820474745e-05,1.4155350244410874e-05,20.26631169515657
1790648820,1.4155350244410874e-05,1.42123267252176e-05,1.4155350244410874e-05,1.42123267252176e-05,0.7080486536183102
1790649540,1.42123267252176e-05,1.4243332519002747e-05,1.42123267252176e-05,1.4243332519002747e-05,5.854195477046346
1790649900,1.4243332519002747e-05,1.4243332519002747e-05,1.3606635318475955e-05,1.3606635318475955e-05,199.059372560462
1790649960,1.3606635318475955e-05,1.3606635318475955e-05,1.3122994803966185e-05,1.3122994803966185e-05,0.543487798102654
1790650260,1.3122994803966185e-05,1.3122994803966185e-05,1.3000923187097847e-05,1.3000923187097847e-05,39.47534365182028
1790650320,1.3000923187097847e-05,1.3000923187097847e-05,1.2880041712864534e-05,1.2880041712864534e-05,6.440020856432267
1790650500,1.2880041712864534e-05,1.3046871083815944e-05,1.2880041712864534e-05,1.3046871083815944e-05,0.5029374733604455
1790650800,1.3046871083815944e-05,1.3046871083815944e-05,1.2573223027399305e-05,1.2573223027399305e-05,133.43251595496926
1790650920,1.2573223027399305e-05,1.2573223027399305e-05,1.2425708539059737e-05,1.2425708539059737e-05,2.2874109288063997
1790650980,1.2425708539059737e-05,1.2425708539059737e-05,1.227844273191548e-05,1.227844273191548e-05,12.683879095994978
1790651100,1.227844273191548e-05,1.227844273191548e-05,1.2216005477013204e-05,1.2216005477013204e-05,1.1561412079210653
1790651220,1.2216005477013204e-05,1.2217964062478948e-05,1.2216005477013204e-05,1.2217964062478948e-05,0.4810440489678457
1790651340,1.2217964062478948e-05,1.2219742091662933e-05,1.2217964062478948e-05,1.2219742091662933e-05,0.2611395383280641
1790651520,1.2219742091662933e-05,1.2377940794110252e-05,1.2219742091662933e-05,1.2377940794110252e-05,2.3125157993787315
1790651640,1.2377940794110252e-05,1.2403812627691612e-05,1.2377940794110252e-05,1.2403812627691612e-05,9.874401097656442
1790652000,1.2403812627691612e-05,1.2403812627691612e-05,1.2296474113465514e-05,1.2296474113465514e-05,6.763060762406032
1790652120,1.2296474113465514e-05,1.2438782633229525e-05,1.2296474113465514e-05,1.2438782633229525e-05,0.2206742629114176
1790652720,1.2438782633229525e-05,1.2438782633229525e-05,8.636072070990643e-06,8.915989508365985e-06,1096.148972933613
1790652780,8.915989508365985e-06,1.1452284807449358e-05,8.915989508365985e-06,1.1452284807449358e-05,681.9574611773069
1790652900,1.1452284807449358e-05,1.1452284807449358e-05,1.0952992487902509e-05,1.1182667232157992e-05,103.2970306845062
1790653020,1.1182667232157992e-05,1.1182667232157992e-05,1.0611785361702324e-05,1.0611785361702324e-05,127.9788631662313
1790653200,1.0611785361702324e-05,1.0611785361702324e-05,1.0332540829513315e-05,1.0465495750015284e-05,6.263932337678518
1790653260,1.0465495750015284e-05,1.0465495750015284e-05,9.031775451620838e-06,9.563614979873805e-06,440.02183333873455
1790653800,9.563614979873805e-06,9.563614979873805e-06,9.169874341148875e-06,9.335811307778854e-06,25.6486039450065
1790654040,9.335811307778854e-06,9.335811307778854e-06,9.186670686049817e-06,9.186670686049817e-06,35.163382583633336
1790654160,9.186670686049817e-06,9.262306244872637e-06,9.122062367708844e-06,9.122062367708844e-06,29.82913831696789
1790654520,9.122062367708844e-06,9.122062367708844e-06,9.053935323246225e-06,9.053935323246225e-06,37.27446773749689
1790654640,9.053935323246225e-06,9.053935323246225e-06,8.944273325645753e-06,8.944273325645753e-06,0.42439631973973235
1790654880,8.944273325645753e-06,9.066052278340959e-06,8.944273325645753e-06,9.066052278340959e-06,3.8594650304731446
1790655060,9.066052278340959e-06,9.066052278340959e-06,8.905254022402895e-06,8.905254022402895e-06,39.94661602528192
1790655120,8.905254022402895e-06,8.941064075367743e-06,8.905254022402895e-06,8.941064075367743e-06,1.9758650364311954
1790655480,8.941064075367743e-06,8.941064075367743e-06,8.831949219748866e-06,8.831949219748866e-06,2.087854923357502
1790655540,8.831949219748866e-06,8.99515303491068e-06,8.831949219748866e-06,8.99515303491068e-06,13.113572310818041
1790655660,8.99515303491068e-06,8.99515303491068e-06,8.873569886678408e-06,8.873569886678408e-06,3.5932951735836234
1790655960,8.873569886678408e-06,8.873569886678408e-06,8.859543604939774e-06,8.859543604939774e-06,3.771553227296655
1790656380,8.859543604939774e-06,9.50682773405942e-06,8.859543604939774e-06,9.183044641926655e-06,260.10464622415043
1790657520,9.183044641926655e-06,1.0044319052108278e-05,9.183044641926655e-06,1.0044319052108278e-05,248.00994804382597
1790657700,1.0044319052108278e-05,1.0104362245250215e-05,1.0044319052108278e-05,1.0104362245250215e-05,11.495736665126138
1790657760,1.0104362245250215e-05,1.0539882479423934e-05,1.0104362245250215e-05,1.0413745628261303e-05,207.08262640591346
1790657940,1.0413745628261303e-05,1.0413745628261303e-05,1.0063443458467408e-05,1.0063443458467408e-05,142.73241999521628
1790658240,1.0063443458467408e-05,1.0063443458467408e-05,9.899206345937119e-06,9.899206345937119e-06,0.9858006382197589
1790658300,9.899206345937119e-06,9.942543076374631e-06,9.899206345937119e-06,9.942543076374631e-06,17.43453719042404
1790658600,9.942543076374631e-06,9.942543076374631e-06,8.713589632905458e-06,8.713589632905458e-06,358.6330784754233
1790658660,8.713589632905458e-06,8.864415494758764e-06,8.713589632905458e-06,8.713958585135852e-06,41.252253804979276
1790659260,8.713958585135852e-06,8.802058619444071e-06,8.713958585135852e-06,8.802058619444071e-06,2.960567362956859
1790659560,8.802058619444071e-06,8.829604021050245e-06,8.802058619444071e-06,8.829604021050245e-06,3.463508298727984
1790659680,8.829604021050245e-06,8.852932992398292e-06,8.829604021050245e-06,8.852932992398292e-06,9.797708464409885
1790659740,8.852932992398292e-06,8.852932992398292e-06,8.752288044926322e-06,8.752288044926322e-06,1.1557759660211686
1790659860,8.752288044926322e-06,8.85196892253518e-06,8.752288044926322e-06,8.85196892253518e-06,1.9548314200634898
1790660160,8.85196892253518e-06,8.85196892253518e-06,8.817355791833641e-06,8.817355791833641e-06,1.8579038682962945
1790660520,8.817355791833641e-06,8.817355791833641e-06,8.380952211975867e-06,8.380952211975867e-06,98.385540284209
1790660580,8.380952211975867e-06,8.380952211975867e-06,8.349981439150313e-06,8.349981439150313e-06,8.349981439150312
1790660640,8.349981439150313e-06,8.449761356634905e-06,8.349981439150313e-06,8.449761356634905e-06,1.4892746719810546
1790660880,8.449761356634905e-06,8.449761356634905e-06,8.127133938907717e-06,8.127133938907717e-06,109.09860545836264
1790661000,8.127133938907717e-06,8.127133938907717e-06,7.779847390984484e-06,7.779847390984484e-06,78.61728247338371
1790661060,7.779847390984484e-06,7.779847390984484e-06,7.74340224838652e-06,7.757971089484918e-06,8.528571506712403
1790661120,7.757971089484918e-06,7.774942684499594e-06,7.757971089484918e-06,7.774942684499594e-06,2.330314876104244
1790661780,7.774942684499594e-06,7.801460684306441e-06,7.774942684499594e-06,7.801460684306441e-06,0.02710235620779439
1790662020,7.801460684306441e-06,7.864504211498474e-06,7.801460684306441e-06,7.864504211498474e-06,14.755316532094156
1790662080,7.864504211498474e-06,7.891148436257473e-06,7.864504211498474e-06,7.891148436257473e-06,8.618572027313123
1790662140,7.891148436257473e-06,7.92319825325651e-06,7.891148436257473e-06,7.92319825325651e-06,3.9594848489451837
1790662200,7.92319825325651e-06,7.92319825325651e-06,7.821469713415712e-06,7.821469713415712e-06,8.547131506452653
1790662320,7.821469713415712e-06,7.821469713415712e-06,7.423698393433075e-06,7.423698393433075e-06,147.52439166739137
