ts,o,h,l,c,v
1790807040,0.00015708141233963541,0.00015708520348091355,0.00015476013766857968,0.00015476013766857968,0.408264746910381
1790807100,0.00015476013766857968,0.00015711593682969462,0.0001513426925944818,0.00015356650361200415,212.0413132324749
1790807160,0.00015356650361200415,0.00015404362316798778,0.00015144317073990018,0.00015386856427785647,29.879246142843733
1790807220,0.00015386856427785647,0.00015396621774905697,0.00015054652355929365,0.00015278016975403178,70.95062848814736
1790807280,0.00015278016975403178,0.00015289047546869586,0.00015060780509129946,0.00015065113007583028,4.238364612091256
1790807340,0.00015065113007583028,0.0001528944079142209,0.0001506222947059896,0.000152869009809946,2.7670492361095307
1790807400,0.000152869009809946,0.00015288053591553747,0.00015061570400599398,0.000150714896302302,0.37355857654390184
1790807460,0.000150714896302302,0.00015288120208129698,0.00015071272803876494,0.0001507345724540502,0.4091923363125484
1790807520,0.0001507345724540502,0.00015530354786900925,0.00015061625914144784,0.00015530354786900925,145.28511035742738
1790807580,0.00015530354786900925,0.00015536413828722137,0.0001530302376487737,0.00015316658619195258,0.3359056487464252
1790807640,0.00015316658619195258,0.00015536777825548288,0.00014299332139245814,0.00014305939033992007,627.5960189770033
1790807700,0.00014305939033992007,0.00014518722895103548,0.0001428095899387423,0.00014493200589178542,17.50607854186963
1790807760,0.00014493200589178542,0.00014498095530029445,0.00014281288956137687,0.00014498095530029445,0.38653606424956455
1790807820,0.00014498095530029445,0.00014498162405317188,0.00014177773606725014,0.00014379340331672274,78.70544030074545
1790807880,0.00014379340331672274,0.0001437978155649994,0.00014038290603554158,0.00014247197852491013,82.28490148921118
1790807940,0.00014247197852491013,0.00014247197852491013,0.00012940687504123748,0.00013158822655569033,732.9041378132423
1790808000,0.00013158822655569033,0.00013206432202097105,0.00012838868771807867,0.00013203682090234294,473.682109955953
1790808060,0.00013203682090234294,0.00013302834248583008,0.0001302247559258028,0.00013116424070648225,58.27594568551331
1790808120,0.00013116424070648225,0.00013338516147635434,0.0001306600348918011,0.00013151563222874862,88.15896090475427
1790808180,0.00013151563222874862,0.00013380061140825792,0.0001314417256886247,0.00013192739645531728,39.524451117133175
1790808240,0.00013192739645531728,0.0001348390042685461,0.00013192696069883744,0.00013295080390493964,62.998670969823486
1790808300,0.00013295080390493964,0.00013721732357180666,0.00013295080390493964,0.00013522827945110225,152.02480632301132
1790808360,0.00013522827945110225,0.00013724152692993338,0.00013520559761564182,0.0001371520941700755,0.39023327105367833
1790808420,0.0001371520941700755,0.0001371864067355824,0.00013517552405722868,0.00013518976026965693,0.44131987108237847
1790808480,0.00013518976026965693,0.00013739401966952064,0.0001350718809515296,0.00013546773829568537,24.79800410113137
1790808540,0.00013546773829568537,0.00013876134534487376,0.00013546773829568537,0.00013681492098746752,101.72898919905234
1790808600,0.00013681492098746752,0.00013957251778209636,0.00013681492098746752,0.00013761512582467143,50.08437283381789
1790808660,0.00013761512582467143,0.00014188850031814136,0.00013761512582467143,0.00014188737538789348,149.5056694234279
1790808720,0.00014188737538789348,0.00014223494944963163,0.0001399075948771106,0.00014215531817264132,19.52737158117945
1790808780,0.00014215531817264132,0.00014224079396463546,0.00013923331567878994,0.00013924123681603016,56.82165482367989
1790808840,0.00013924123681603016,0.0001413421214302865,0.00013923859790389165,0.0001393223347767757,2.8654775476242005
1790808900,0.0001393223347767757,0.00014138062547674576,0.0001391328967260958,0.0001391328967260958,2.637866334694501
1790808960,0.0001391328967260958,0.00014117997975488138,0.0001386938238419641,0.00014073507757703113,33.667019220904486
1790809020,0.00014073507757703113,0.00014073507757703113,0.0001383389554659109,0.0001403717203572712,21.768502544933536
1790809080,0.0001403717203572712,0.0001403717203572712,0.00013826475410821164,0.00014021976742554682,0.39630931208605746
1790809140,0.00014021976742554682,0.00014031914940586872,0.0001382352284828448,0.00013830872787250182,0.45111517023704345
1790809200,0.00013830872787250182,0.00014036360924734757,0.00013830498567968467,0.00013839655940787733,0.4410279672506298
1790809260,0.00013839655940787733,0.00014054786682295064,0.00013837842668100494,0.00013849299483793926,8.209200504695735
1790809320,0.00013849299483793926,0.00014062200069067278,0.0001381614129464612,0.00013865290715798118,44.97230817831249
1790809380,0.00013865290715798118,0.00014242479117267175,0.0001385246860328674,0.00014238748321445383,107.69796273218562
1790809440,0.00014238748321445383,0.000142410073538331,0.0001402328689175478,0.00014031086809264152,6.856693566299251
1790809500,0.00014031086809264152,0.00014265149070076828,0.00014031086809264152,0.00014052041574397762,27.897228481811823
1790809560,0.00014052041574397762,0.00014284863749495166,0.00014052021468462448,0.0001428486238471003,16.430364226381243
1790809620,0.0001428486238471003,0.00014467640334658754,0.0001406868296341553,0.0001445641545338068,113.17875804980095
1790809680,0.0001445641545338068,0.00014459665182677266,0.0001423892916261658,0.00014247614033056094,5.082529577850792
1790809740,0.00014247614033056094,0.0001450126613873009,0.00014238480349501267,0.0001450126613873009,67.4839121965056
1790809800,0.0001450126613873009,0.00014570500284796767,0.00014351623437440736,0.00014354997013735086,3.896433792642237
1790809860,0.00014354997013735086,0.00014637164434397863,0.0001435478874312761,0.00014632731043049896,46.16508957480401
1790809920,0.00014632731043049896,0.0001465033155513453,0.00014427411309447027,0.0001465033155513453,3.188536660339795
1790809980,0.0001465033155513453,0.0001468156285581715,0.00014444921642846922,0.00014672818415375027,12.16098041165299
1790810040,0.00014672818415375027,0.0001471266694366007,0.0001447605427072785,0.00014489668225632196,19.233457870348964
1790810100,0.00014489668225632196,0.00014695600906088126,0.00014470329032731456,0.00014476550919245663,16.981517654452297
1790810160,0.00014476550919245663,0.0001507395454247351,0.00014471770365854657,0.000148649163398087,233.9958241567311
1790810220,0.000148649163398087,0.0001510367338544318,0.00014840199897667898,0.00015091336808615208,46.772496927512876
1790810280,0.00015091336808615208,0.0001591707765962872,0.00014873574354095655,0.00015655566257031996,515.7768827305864
1790810340,0.00015655566257031996,0.00016203987072107103,0.0001562784066271116,0.00015966669704032914,209.00755035148148
1790810400,0.00015966669704032914,0.0001623731962616633,0.00015966669704032914,0.00015993702728742042,35.967693173235915
1790810460,0.00015993702728742042,0.00016699521002561536,0.00015993702728742042,0.00016475645905958985,333.1394533228616
1790810520,0.00016475645905958985,0.0002169428583282253,0.00016475645905958985,0.00019495870856064648,7916.171812503453
1790810580,0.00019495870856064648,0.00019509571480775994,0.0001915299739447429,0.00019224931677883135,247.1410002056065
1790810640,0.00019224931677883135,0.00019505848388952655,0.00017903554026199434,0.0001819028896259732,804.5063512034046
1790810700,0.0001819028896259732,0.00018404397376584622,0.00017959100103696315,0.00018404397376584622,158.65295480704603
1790810760,0.00018404397376584622,0.00018956798476882204,0.00018155172912158777,0.0001891148017246378,348.9542111717362
1790810820,0.0001891148017246378,0.00018923342022145474,0.0001835636563890805,0.00018604662594839456,164.69045089922218
1790810880,0.00018604662594839456,0.0001861610926046371,0.0001834359703896742,0.00018344326876009077,0.38855631691446685
1790810940,0.00018344326876009077,0.00018951789972796446,0.00018344223927103137,0.00018951693547452657,196.7167845623012
1790811000,0.00018951693547452657,0.00019081219752256206,0.00018695693595503735,0.00018823188370824796,72.76860497364369
1790811060,0.00018823188370824796,0.00019306623572678316,0.00018823188370824796,0.00019026586643704083,120.300498653012
1790811120,0.00019026586643704083,0.0001929943449205662,0.00018850464463015764,0.00018850464463015764,98.43179858747223
1790811180,0.00018850464463015764,0.0001917027923384884,0.00018769260240743225,0.00018769260240743225,221.31072421829455
1790811240,0.00018769260240743225,0.00018997948554773017,0.00018636123503431258,0.00018671176828168043,96.41286224254866
1790811300,0.00018671176828168043,0.0001892331572021777,0.00017983477567147768,0.00017983477567147768,381.40652779521236
1790811360,0.00017983477567147768,0.0001837776006378829,0.00017956249798160753,0.0001809009405129638,157.1687468530648
1790811420,0.0001809009405129638,0.00018343558570031113,0.00017918607012745868,0.00018183389633071064,113.2836155968967
1790811480,0.00018183389633071064,0.00018183389633071064,0.00016272118585428569,0.00016272118585428569,948.5733026840473
1790811540,0.00016272118585428569,0.0001648829323147939,0.0001602684838169169,0.0001602684838169169,277.6044936654693
1790811600,0.0001602684838169169,0.00016077946592840792,0.00015781931966344823,0.00016077871008311713,48.54703434617934
1790811660,0.00016077871008311713,0.00016097003037184263,0.0001578501186496542,0.0001604257246844721,82.44265774623635
1790811720,0.0001604257246844721,0.00016192342859315789,0.00015741022596405332,0.00016192342859315789,177.27571348802206
1790811780,0.00016192342859315789,0.00016192670104722156,0.0001593761790169169,0.00016163913199905555,19.587467430998018
1790811840,0.00016163913199905555,0.00016174257438792116,0.00015936951804649532,0.0001594526252000386,5.254162568722898
1790811900,0.0001594526252000386,0.0001621528779632948,0.00015932482346230805,0.00015932567367190728,45.23933658185854
1790811960,0.00015932567367190728,0.00016168207105622998,0.00015889194475317598,0.0001611876679767314,27.77167589014355
1790812020,0.0001611876679767314,0.00016387463656598642,0.0001589290493176923,0.00016147946679431527,156.69361287030364
1790812080,0.00016147946679431527,0.0001641270530216031,0.0001614500333331592,0.0001618214245674949,14.970019506614266
1790812140,0.0001618214245674949,0.00016413658044238475,0.000160462454565112,0.00016282389187755858,74.9622536773986
1790812200,0.00016282389187755858,0.00016282389187755858,0.000160014895629387,0.000160014895629387,52.635933175986274
1790812260,0.000160014895629387,0.00016215960444092948,0.00015960558318913818,0.00015986424792593107,15.76257268490924
1790812320,0.00015986424792593107,0.00016206308918131473,0.00015968678463894545,0.00015978363419016865,0.2744142035773746
1790812380,0.00015978363419016865,0.0001620885020146643,0.00015971395832958186,0.000159811920761373,0.4067838041618184
1790812440,0.000159811920761373,0.0001620882724184099,0.00015868015158857158,0.00016119980960696643,69.22706385867373
1790812500,0.00016119980960696643,0.00017026587594670507,0.00015894358332725934,0.0001702304020143947,529.5478292397875
1790812560,0.0001702304020143947,0.00017122028319135996,0.00016781619309748526,0.00017121969940461516,52.43803820627061
1790812620,0.00017121969940461516,0.00017124652123116124,0.00016871245719057138,0.00016874452444479615,0.4406394486837235
1790812680,0.00016874452444479615,0.00017124971162145374,0.0001687179121475668,0.00017114198380496125,0.4439524187174954
1790812740,0.00017114198380496125,0.00017125223349316636,0.00016853597373269066,0.00016854372405149872,14.419419264224642
1790812800,0.00016854372405149872,0.0001710277471270027,0.00016815311319632052,0.00016815311319632052,22.490353057707647
1790812860,0.00016815311319632052,0.00017056414041972994,0.0001680424635756754,0.00017056414041972994,0.24462975298669762
1790812920,0.00017056414041972994,0.00017127084007543812,0.0001680698302775388,0.00017125177798602378,50.119994856235586
1790812980,0.00017125177798602378,0.00017149309919450547,0.00016892356479452814,0.00016909245713540288,27.07587999210894
1790813040,0.00016909245713540288,0.00017200236850804137,0.00016909245713540288,0.00016959327002951933,29.253811971342948
1790813100,0.00016959327002951933,0.0001754648651235963,0.00016959327002951933,0.0001731019780124143,223.76159640772389
1790813160,0.0001731019780124143,0.0001756845454833373,0.00017309715174703693,0.00017331195461476746,6.43134131414149
1790813220,0.00017331195461476746,0.0001774066817327926,0.00017321332328011462,0.00017501238363901164,96.37838909094089
1790813280,0.00017501238363901164,0.0001774767878605642,0.00017493380789117323,0.00017496466776384633,0.29357063930800875
1790813340,0.00017496466776384633,0.00017738535432998957,0.0001748133501783795,0.0001772241919485103,0.2991531853537395
1790813400,0.0001772241919485103,0.0001776815337490533,0.00017512052060614152,0.00017762646264576017,19.98364897784676
1790813460,0.00017762646264576017,0.0001776431879815613,0.000175024122197795,0.00017745858302786272,13.938213439380512
1790813520,0.00017745858302786272,0.00017905618441856235,0.00017604054613752377,0.00017663418115838729,87.4172974229677
1790813580,0.00017663418115838729,0.00017988515845920536,0.00017602270503051042,0.00017745636593848962,105.18097436219045
1790813640,0.00017745636593848962,0.0001799144645119937,0.00017732366954624566,0.000179910858937608,1.265889347304476
1790813700,0.000179910858937608,0.000179910858937608,0.00017601840467499884,0.00017842502597502485,67.5445337794727
1790813760,0.00017842502597502485,0.00018561214787991563,0.00017626344559305696,0.00018310679375793792,404.293091859556
1790813820,0.00018310679375793792,0.0001866306628515155,0.00018310679375793792,0.00018645888236885409,46.685693629199996
1790813880,0.00018645888236885409,0.00018710173807635235,0.00018396460583252776,0.00018468958707937156,32.50179568174826
1790813940,0.00018468958707937156,0.00018987516002461478,0.00018468958707937156,0.00018730949527251674,146.60215221969838
1790814000,0.00018730949527251674,0.00018994504816614296,0.00018725888234620837,0.00018991042464242,0.07113921237190017
1790814060,0.00018991042464242,0.00019014428963058544,0.00018688532191525544,0.00018688532191525544,75.59224649632407
1790814120,0.00018688532191525544,0.0001887189767317904,0.00018550904492237774,0.00018805098218505357,37.76342616154129
1790814180,0.00018805098218505357,0.00018806834808612926,0.0001854154297105749,0.00018806834808612926,8.35613409812983
1790814240,0.00018806834808612926,0.00018808621358438717,0.00018536056521735038,0.00018554421436795508,3.1996361217829623
1790814300,0.00018554421436795508,0.00018816186829890893,0.0001854229012442182,0.00018801250974529327,0.3714716184223125
1790814360,0.00018801250974529327,0.0001881755053829169,0.0001846400012902147,0.00018713521606863112,49.56038067241243
1790814420,0.00018713521606863112,0.000187149639033083,0.00018223312434599283,0.00018484282285091428,129.98212493749685
1790814480,0.00018484282285091428,0.00018487251621131812,0.0001822252295794339,0.00018222679034109174,0.26816793469366734
1790814540,0.00018222679034109174,0.0001849075805789923,0.0001821882771985961,0.0001821882771985961,2.4524557214770684
1790814600,0.0001821882771985961,0.00018462312563659187,0.00018161247332614647,0.00018411930619470198,20.517014734364825
1790814660,0.00018411930619470198,0.00018423057365240096,0.00018073175043781237,0.00018094048695278678,49.01528912628862
1790814720,0.00018094048695278678,0.00018342237907066893,0.00018076478140052697,0.00018087961226259067,2.3274116577500292
1790814780,0.00018087961226259067,0.0001833547793471619,0.0001799821068197883,0.00018046549390529255,72.18477126576568
1790814840,0.00018046549390529255,0.00018331121296238974,0.00018046549390529255,0.00018313955798335022,13.239066272998926
1790814900,0.00018313955798335022,0.00018321283854137835,0.00018057522615984073,0.00018307788660057466,1.175081779324982
1790814960,0.00018307788660057466,0.00018323480288376566,0.00018057750107142615,0.00018323480288376566,0.31904720506664763
1790815020,0.00018323480288376566,0.00018328233092513533,0.00018068834841613741,0.00018325004073030081,0.3719350542849755
1790815080,0.00018325004073030081,0.00018325004073030081,0.0001806136562559662,0.0001806136562559662,0.34584855312757273
1790815140,0.0001806136562559662,0.00018336876861276734,0.0001806136562559662,0.00018086348639291148,0.42633492231230846
1790815200,0.00018086348639291148,0.00018339727780535293,0.00018078524183468255,0.00018092829196536005,0.3521588137844928
1790815260,0.00018092829196536005,0.00018342278860955595,0.00018065960719102625,0.00018321457339282507,8.096419420148306
1790815320,0.00018321457339282507,0.00018324462363118084,0.00017064565988356798,0.00017072549486860968,556.4215200061758
1790815380,0.00017072549486860968,0.00017321809143977052,0.00017064577235594355,0.00017073213531944038,5.3419416306529435
1790815440,0.00017073213531944038,0.00017346341429336223,0.00017013711652124486,0.00017262198540428074,63.289565593479885
1790815500,0.00017262198540428074,0.0001726503337661132,0.00017009469770598842,0.00017262179502094654,0.39399475088747654
1790815560,0.00017262179502094654,0.0001776895591698844,0.0001700621881119644,0.0001776895591698844,295.2559492707837
1790815620,0.0001776895591698844,0.00017944154100555513,0.00017520447881883434,0.00017699295139428315,98.43694339811762
1790815680,0.00017699295139428315,0.00017941940026367707,0.00017684532747747444,0.00017693964352221198,6.99373936817031
1790815740,0.00017693964352221198,0.00017976715372284956,0.0001768861327691632,0.0001797383523356513,24.264034469217815
1790815800,0.0001797383523356513,0.0001797801896730254,0.00017717117641008476,0.00017971111741428756,0.28131338857788785
1790815860,0.00017971111741428756,0.00017971376033489245,0.00017711463232807304,0.0001772548180041576,0.4247573403548
1790815920,0.0001772548180041576,0.0001796848486166973,0.0001728991692135329,0.00017373747277436616,291.55722627393953
1790815980,0.00017373747277436616,0.00017611723223215605,0.00017215253210843808,0.0001740916817704953,108.24901556811821
1790816040,0.0001740916817704953,0.00017422501224086554,0.0001711927346920564,0.0001711927346920564,24.021449636929052
1790816100,0.0001711927346920564,0.0001736307495143737,0.00016993359148006148,0.00016993359148006148,71.50774791015768
1790816160,0.00016993359148006148,0.000172507184689394,0.00016993359148006148,0.00016993846220518852,0.37294581918148556
1790816220,0.00016993846220518852,0.00017251444872094223,0.00016832344063481144,0.00017071538267154004,92.9405957105387
1790816280,0.00017071538267154004,0.00017504359411558238,0.00016835092466013405,0.00017504359411558238,238.87116735946665
1790816340,0.00017504359411558238,0.00017504931901240572,0.00017262631181228568,0.00017265088998475673,2.1911732165183855
1790816400,0.00017265088998475673,0.00017887561454460712,0.00017251828362979235,0.00017645808085977607,217.22021999724933
1790816460,0.00017645808085977607,0.00017889812466649694,0.00017636467481219701,0.00017636620891381814,0.3505599445624387
1790816520,0.00017636620891381814,0.0001790153330212299,0.0001763642739396352,0.00017656791945812507,0.2812409423512061
1790816580,0.00017656791945812507,0.00017901345152901822,0.00017531780634402383,0.00017531780634402383,57.80949753411317
1790816640,0.00017531780634402383,0.00017787732154686536,0.00017531212799658567,0.00017544677215281334,0.2809346354688993
1790816700,0.00017544677215281334,0.00017785579854171445,0.00017531099568201966,0.00017784442580394012,0.3484953113909131
1790816760,0.00017784442580394012,0.00017801589205029781,0.0001753747898884656,0.0001779870558121096,5.68446774399275
1790816820,0.0001779870558121096,0.0001786015211813792,0.0001756098217320963,0.00017857603857185654,32.57974696573478
1790816880,0.00017857603857185654,0.00017865636795661864,0.00017598983563494645,0.00017865636795661864,5.1977056540120845
1790816940,0.00017865636795661864,0.0001786924814292198,0.00017568264269218038,0.00017808968700193975,25.708019526779204
1790817000,0.00017808968700193975,0.00017854259962522159,0.0001756843926750742,0.00017610111919511874,17.88948626363616
1790817060,0.00017610111919511874,0.00017868965558755546,0.00017598149996176672,0.00017868965558755546,10.124850843133869
1790817120,0.00017868965558755546,0.0001787195041302622,0.00017612512615805553,0.00017637833663528723,8.226629048705469
1790817180,0.00017637833663528723,0.0001790749028226991,0.00017637127171314684,0.00017904524208413116,13.9866567569382
1790817240,0.00017904524208413116,0.00017923929675987656,0.00017234103447099803,0.00017481485529510053,262.8769843102077
1790817300,0.00017481485529510053,0.00017484167284355517,0.00017224618583050425,0.00017241698374301044,11.011158692006912
1790817360,0.00017241698374301044,0.00018190903468717876,0.0001724155799162317,0.00018186761426501185,401.7436305175904
1790817420,0.00018186761426501185,0.00018229638190266228,0.00017932418062730762,0.0001798322720899945,14.90624236466087
1790817480,0.0001798322720899945,0.00018229499324558422,0.0001792703497198906,0.00018184607172862022,24.980950961824473
1790817540,0.00018184607172862022,0.00018186464442044472,0.0001790448972320094,0.00018153803028496708,12.81105516185537
1790817600,0.00018153803028496708,0.00018169637543398906,0.00017908734455526589,0.00017923991179803175,0.4052253294534494
1790817660,0.00017923991179803175,0.00018177508802551335,0.00017913186850058107,0.00018156578360676635,0.4088940292318472
1790817720,0.00018156578360676635,0.00018173140062390937,0.0001791103188424861,0.00017923960586268273,0.41007724002276275
1790817780,0.00017923960586268273,0.0001818485192835877,0.0001791565578546547,0.00017927476254539504,0.4039841361898637
1790817840,0.00017927476254539504,0.00018184830680836652,0.00017911277312313242,0.0001792462376335176,9.367874015800242
1790817900,0.0001792462376335176,0.00018177967114915093,0.0001791473335756249,0.00018177967114915093,0.3901896705655305
1790817960,0.00018177967114915093,0.0001818510452956107,0.00017919415691199623,0.00017939542227248973,0.7317372167218719
1790818020,0.00017939542227248973,0.00018190015495532996,0.00017937757705727855,0.00017937757705727855,0.04435415176866303
1790818140,0.00017937757705727855,0.00017937757705727855,0.0001792298150240573,0.0001792298150240573,9.881454130738268
1790818260,0.0001792298150240573,0.0001792298150240573,0.00017825617260036278,0.00017825617260036278,65.17556772980647
1790818440,0.00017825617260036278,0.00018025733943080857,0.00017825617260036278,0.00018025733943080857,4.632384662301809
1790818500,0.00018025733943080857,0.00018025733943080857,0.0001774986931820279,0.0001774986931820279,24.8995370495024
1790818740,0.0001774986931820279,0.00017970161485754465,0.00017719781128958613,0.00017719781128958613,9.240617782250524
1790818800,0.00017719781128958613,0.00017719781128958613,0.00017696626898315183,0.00017696626898315183,21.28977629527656
1790818860,0.00017696626898315183,0.00017696626898315183,0.00017628142245230524,0.00017628142245230524,60.38632040779815
1790818920,0.00017628142245230524,0.00017628142245230524,0.00017561249788040312,0.00017561249788040312,2.3790925556940756
1790818980,0.00017561249788040312,0.00017924065409300185,0.00017561249788040312,0.00017924065409300185,121.88946866788542
1790819040,0.00017924065409300185,0.00017924065409300185,0.00017712509294336238,0.00017712509294336238,90.43028209302575
1790819160,0.00017712509294336238,0.00017872866457070973,0.00017712509294336238,0.00017872866457070973,19.62097225140033
1790819280,0.00017872866457070973,0.00017939244763382476,0.00017872866457070973,0.00017939244763382476,46.3912403167396
1790819580,0.00017939244763382476,0.00017939244763382476,0.00017724895285134003,0.00017724895285134003,9.882301117795446
1790819640,0.00017724895285134003,0.0001877052133129649,0.00017724895285134003,0.0001840523745668877,571.1814189387006
1790819700,0.0001840523745668877,0.00018585030984157304,0.00018240359560092707,0.00018240359560092707,99.56640252321462
1790819760,0.00018240359560092707,0.00018573978269772136,0.00018240359560092707,0.00018398720381851595,93.2040660764544
1790820000,0.00018398720381851595,0.00018640954277989144,0.00018398720381851595,0.00018640954277989144,0.9824118191888495
1790820120,0.00018640954277989144,0.00018654162827639765,0.00018640954277989144,0.00018654162827639765,25.13116593978879
1790820240,0.00018654162827639765,0.0001868267518299151,0.00018654162827639765,0.0001868267518299151,4.851076942451238
1790820300,0.0001868267518299151,0.00019075714157572153,0.0001868267518299151,0.00019075714157572153,200.24842571937936
1790820360,0.00019075714157572153,0.00019352599895038506,0.00019075714157572153,0.00019352599895038506,156.3410497935207
1790820420,0.00019352599895038506,0.00019655749888186947,0.00019352599895038506,0.00019655749888186947,182.44977860109466
1790820480,0.00019655749888186947,0.0001991100631531277,0.00019655749888186947,0.0001991100631531277,194.48216686774927
1790820540,0.0001991100631531277,0.000200990519728649,0.0001991100631531277,0.000200990519728649,12.004894589751576
1790820600,0.000200990519728649,0.00020349112774920475,0.000200990519728649,0.00020349112774920475,135.65345504501295
1790820660,0.00020349112774920475,0.00020384884848353974,0.00020349112774920475,0.00020384884848353974,13.73507021186976
1790820840,0.00020384884848353974,0.00020384884848353974,0.00019878663803448587,0.00019878663803448587,124.79500433779755
1790820900,0.00019878663803448587,0.00020137668134350586,0.00019866889371235072,0.00019872409008587472,24.527099067508548
1790820960,0.00019872409008587472,0.0002009856845941686,0.00019842926559963397,0.0002009856845941686,23.441632502276416
1790821020,0.0002009856845941686,0.00020116194141571363,0.00019810995693151127,0.00019810995693151127,45.40316635907925
1790821080,0.00019810995693151127,0.0002017157291742556,0.00019810995693151127,0.00019945703860327747,99.83505564440077
1790821260,0.00019945703860327747,0.0002022652071293889,0.00019945703860327747,0.0002022652071293889,49.3081576568301
1790821320,0.0002022652071293889,0.0002022652071293889,0.00020009652054103422,0.00020009652054103422,2.982657068428061
1790821380,0.00020009652054103422,0.00020009652054103422,0.00019996720122415396,0.0002000953015581969,2.329335296688122
1790821620,0.0002000953015581969,0.0002000953015581969,0.00019960103077080186,0.00019960103077080186,12.091873942349409
1790821680,0.00019960103077080186,0.00020204048723242957,0.00019913958516182324,0.00019913958516182324,63.48408393140759
1790821740,0.00019913958516182324,0.0002024100028291544,0.00019913958516182324,0.0002024100028291544,50.66850954901803
1790821800,0.0002024100028291544,0.00020482900310165978,0.0002024100028291544,0.00020482900310165978,199.35003247702713
1790821860,0.00020482900310165978,0.00020778417317251848,0.00020482900310165978,0.00020513774927757595,67.25413043626801
1790821920,0.00020513774927757595,0.00020694226715313704,0.0002041095608750565,0.00020694226715313704,69.28061259205745
1790821980,0.00020694226715313704,0.00021180028646697777,0.00020694226715313704,0.00021153370244120933,732.804687172038
1790822040,0.00021153370244120933,0.0002125559116181087,0.00021153370244120933,0.0002125559116181087,28.767815662518696
1790822100,0.0002125559116181087,0.00021460505196436113,0.00020978301348754426,0.00021460505196436113,204.2258998014787
1790822160,0.00021460505196436113,0.00021644664426784835,0.00021259740285468315,0.00021431232600073783,148.55428399473297
1790822220,0.00021431232600073783,0.00021600632918775074,0.00021166732351505954,0.00021600632918775074,175.26788806507582
1790822400,0.00021600632918775074,0.00021714932728951472,0.00021600632918775074,0.00021714932728951472,24.265705777834793
1790822520,0.00021714932728951472,0.00021752001202080792,0.00021714932728951472,0.00021752001202080792,2.871653368319773
1790822580,0.00021752001202080792,0.00021941744951171254,0.00021541128337185784,0.00021541128337185784,198.17364308573005
1790822640,0.00021541128337185784,0.00021761087103040985,0.00021454002957156006,0.00021761087103040985,19.309319662766153
1790822700,0.00021761087103040985,0.00021886408894009995,0.00021385533020996852,0.00021886408894009995,285.98500301573904
1790822760,0.00021886408894009995,0.00021886408894009995,0.00021743907128343238,0.00021743907128343238,39.40631413762971
1790822820,0.00021743907128343238,0.00022047136350699997,0.00021743907128343238,0.00022047136350699997,6.573380113015509
1790822880,0.00022047136350699997,0.00022146174656273782,0.00022047136350699997,0.00022146174656273782,98.08057463944832
1790822940,0.00022146174656273782,0.00022286573856369825,0.00022146174656273782,0.00022286573856369825,33.01061292814
1790823060,0.00022286573856369825,0.00022351059631955985,0.00022286573856369825,0.00022351059631955985,32.25923915073184
1790823120,0.00022351059631955985,0.00022574530952693407,0.00022351059631955985,0.00022574530952693407,104.76815674437941
1790823180,0.00022574530952693407,0.00022689369976973818,0.0002228930172881628,0.0002228930172881628,139.6731570793089
1790823240,0.0002228930172881628,0.0002233642599047784,0.00022057831370781212,0.0002233642599047784,347.3500115192761
1790823300,0.0002233642599047784,0.00022531236833444175,0.00022200894843842284,0.00022200894843842284,100.30276605368675
1790823420,0.00022200894843842284,0.00022577664116510757,0.00022200894843842284,0.00022313202438323254,77.07870623327796
1790823480,0.00022313202438323254,0.00022661972272747106,0.00022278719292220843,0.00022356832989321317,170.70117169547993
1790823540,0.00022356832989321317,0.00022356832989321317,0.00022265786495367985,0.00022265786495367985,8.24473561448314
1790823600,0.00022265786495367985,0.0002638748860906472,0.00022265786495367985,0.0002623469796912715,2765.993897641587
1790823660,0.0002623469796912715,0.00026997818535215163,0.00025894823524785863,0.00026628231424942483,515.6249643790964
1790823720,0.00026628231424942483,0.0002721779147244901,0.0002499584997589588,0.0002499584997589588,1184.4616221516824
1790823780,0.0002499584997589588,0.0002499584997589588,0.00024219635569690495,0.00024620063376219845,278.41144584461045
1790823840,0.00024620063376219845,0.00024620063376219845,0.00022551518465849905,0.00022639281497573995,1159.3939158188311
1790823900,0.00022639281497573995,0.00022974604791469735,0.00022639281497573995,0.00022974604791469735,164.7513844384208
1790823960,0.00022974604791469735,0.00022984661774690495,0.00022673959996596187,0.00022673959996596187,14.049187342013893
1790824020,0.00022673959996596187,0.00022837009408251913,0.00022594221295177953,0.00022837009408251913,97.044720708048
1790824140,0.00022837009408251913,0.0002305242119251971,0.00022837009408251913,0.0002305242119251971,211.91508350888233
1790824200,0.0002305242119251971,0.00023299764138589934,0.0002305242119251971,0.00023299764138589934,8.955748100705867
1790824260,0.00023299764138589934,0.00023387578973360084,0.00023299764138589934,0.00023387578973360084,73.3196321086681
1790824320,0.00023387578973360084,0.00023491421317226323,0.00023147704693919342,0.00023147704693919342,54.13777287473959
1790824380,0.00023147704693919342,0.0002346309841937174,0.00023147704693919342,0.0002346309841937174,5.5241521354038445
1790824440,0.0002346309841937174,0.0002346309841937174,0.0002313181017297701,0.00023429718898868937,22.057453991160394
1790824500,0.00023429718898868937,0.00023499395362648566,0.00023429718898868937,0.00023499395362648566,41.960754396815
1790824560,0.00023499395362648566,0.00023555317080596881,0.00023499395362648566,0.00023555317080596881,18.357635285839397
1790824680,0.00023555317080596881,0.0002368239707852652,0.00023405071510585615,0.00023405071510585615,220.29675457855342
1790824740,0.00023405071510585615,0.00023631026607858806,0.00023405071510585615,0.0002362399198563286,3.5044286301078986
1790824800,0.0002362399198563286,0.0002362399198563286,0.00023310342528245237,0.00023310342528245237,7.63119521813189
1790824860,0.00023310342528245237,0.00023615297675354474,0.00023278854416911067,0.00023278854416911067,15.733925115609999
1790824920,0.00023278854416911067,0.000236040767118609,0.00023278854416911067,0.000236040767118609,3.3360920452703553
1790824980,0.000236040767118609,0.00023657372572361156,0.000236040767118609,0.00023657372572361156,48.56283937757372
1790825040,0.00023657372572361156,0.00023713591292538833,0.00023657372572361156,0.00023713591292538833,0.06203033650495196
1790825100,0.00023700863760062684,0.00023700863760062684,0.000233880161826814,0.000233880161826814,22.178738426815368
1790825160,0.000233880161826814,0.0002367758443971085,0.000233880161826814,0.0002367758443971085,1.8805395218764962
1790825220,0.0002367758443971085,0.00023717518009410405,0.0002367758443971085,0.00023717518009410405,9.82544800938129
1790825280,0.00023717518009410405,0.00023725988085222514,0.0002338635886733724,0.00023725988085222514,16.894982616211255
1790825340,0.00023725988085222514,0.00023812758011156833,0.00023371819676006202,0.00023371819676006202,238.1342062415469
1790825400,0.00023371819676006202,0.00023713733901413708,0.00023371819676006202,0.0002340890968744555,38.01237979985394
1790825460,0.0002340890968744555,0.00023760242301569754,0.0002340890968744555,0.00023760242301569754,29.832398662883968
1790825640,0.00023760242301569754,0.00023760242301569754,0.0002316539602246419,0.0002316539602246419,212.5107265198053
1790825700,0.0002316539602246419,0.0002341278660263333,0.0002245529111287334,0.0002245529111287334,392.0405063803413
1790825760,0.0002245529111287334,0.00022772335359282593,0.0002237056567229005,0.0002237056567229005,67.42760548319293
1790825820,0.0002237056567229005,0.0002237056567229005,0.0002234044789938183,0.0002234044789938183,9.864872198877464
1790825940,0.0002234044789938183,0.00022657351413265647,0.00022328855995969497,0.00022657351413265647,8.192743307001757
1790826060,0.00022657351413265647,0.00022657351413265647,0.00021615811613005367,0.00021758959902474,520.9214415449044
1790826120,0.00021758959902474,0.00021819872290511737,0.0001732833087351178,0.0001851488003786869,3082.684819361632
1790826180,0.0001851488003786869,0.00019755811035941106,0.00018261432821929422,0.00019667726570296313,839.1452994122632
1790826240,0.00019667726570296313,0.0002018037785188747,0.00019667726570296313,0.00019963856686609096,674.9805434417864
1790826300,0.00019963856686609096,0.00019963856686609096,0.0001958571471306619,0.00019937449716413307,134.38507079380946
1790826360,0.00019937449716413307,0.0002049868741738734,0.00019468500028786885,0.0001972366478781554,940.0175245992508
1790826420,0.0001972366478781554,0.00020052345774035683,0.0001959943285238403,0.00020052345774035683,302.0735051412992
1790826480,0.00020052345774035683,0.00020395397699201202,0.00020052345774035683,0.00020395397699201202,225.6307537591789
1790826540,0.00020395397699201202,0.00020598743580194564,0.00020395397699201202,0.00020598743580194564,104.0548165669745
1790826600,0.00020598743580194564,0.00021498829105568327,0.00020598743580194564,0.00021498829105568327,600.3007835362846
1790826660,0.00021498829105568327,0.0002232452626182602,0.00021498829105568327,0.00022275427672278455,538.7844827817405
1790826720,0.00022275427672278455,0.00022570829415444077,0.00022201847805332733,0.00022570829415444077,123.01019032567996
1790826780,0.00022570829415444077,0.00022570829415444077,0.00022267833063506436,0.00022268837428304867,14.537893697117003
1790826840,0.00022268837428304867,0.00022675330259475115,0.00022268837428304867,0.00022675330259475115,71.17879551682688
1790826900,0.00022675330259475115,0.00023068681660731746,0.00022671998376770855,0.00022936909785934456,321.63273756422956
1790826960,0.00022936909785934456,0.00022936909785934456,0.00022578090930421756,0.00022875155651860292,59.25219076356582
1790827020,0.00022875155651860292,0.00022875155651860292,0.00022588755250195364,0.00022588755250195364,8.868848496948278
1790827080,0.00022588755250195364,0.00022588755250195364,0.00022578855658950247,0.00022578855658950247,4.95106912960061
1790827140,0.00022578855658950247,0.00022578855658950247,0.00022570661773710308,0.00022570661773710308,19.757385847887058
1790827260,0.00022570661773710308,0.0002293332828333719,0.0002254513297618706,0.0002293332828333719,73.38635799360219
1790827380,0.0002293332828333719,0.0002293332828333719,0.000218818634448703,0.00022458473096792261,750.620165110227
1790827440,0.00022458473096792261,0.00022782964858426196,0.00022458473096792261,0.00022782964858426196,16.593581498538175
1790827500,0.00022782964858426196,0.00022782964858426196,0.00022426458672810616,0.00022426458672810616,66.62928909564637
1790827560,0.00022426458672810616,0.00022426458672810616,0.00022318678576316455,0.00022318678576316455,26.981295071090454
1790827620,0.00022318678576316455,0.00022318678576316455,0.00022061828486528501,0.00022061828486528501,111.67375101730207
1790827680,0.00022061828486528501,0.00022429654724917297,0.00022061828486528501,0.00022429654724917297,53.55904079473288
1790827740,0.00022429654724917297,0.00022463168263160108,0.0002214235205562096,0.0002214235205562096,24.319598971071244
1790827800,0.0002214235205562096,0.00022523411153751148,0.00022108126602983185,0.00022108126602983185,131.03641222804248
1790827860,0.00022108126602983185,0.00022530953763807467,0.00022108126602983185,0.00022530953763807467,117.41643124677117
1790827980,0.00022530953763807467,0.00023014379299749052,0.00022293277087460692,0.00023014379299749052,251.14085051185353
1790828040,0.00023014379299749052,0.0002325743848346796,0.00023014379299749052,0.0002325743848346796,234.89979911395952
1790828100,0.0002325743848346796,0.00023959100335426865,0.0002325743848346796,0.00023959100335426865,265.87872469841534
1790828160,0.00023959100335426865,0.00024110407619759203,0.0002369444515597238,0.00024110407619759203,64.63135510573741
1790828220,0.00024110407619759203,0.00024285565228644723,0.00024110407619759203,0.00024285565228644723,81.98237610020475
1790828340,0.00024285565228644723,0.0002452395146178941,0.00024285565228644723,0.0002452395146178941,104.84364623890194
1790828400,0.0002452395146178941,0.0002464999112336206,0.0002452395146178941,0.0002464999112336206,147.56208804707018
1790828460,0.0002464999112336206,0.0002464999112336206,0.00024469381061509565,0.00024469381061509565,13.503871518265774
1790828520,0.00024469381061509565,0.000248077546095827,0.00024469381061509565,0.000248077546095827,14.48189613383735
1790828640,0.000248077546095827,0.00024977610954008084,0.000248077546095827,0.00024977610954008084,71.24725684779467
1790828700,0.00024977610954008084,0.00024977610954008084,0.00024972186112228264,0.00024972186112228264,5.843478877875849
1790828760,0.00024972186112228264,0.00024972186112228264,0.00024317833635258406,0.00024317833635258406,166.86587639187138
1790828820,0.00024317833635258406,0.0002469516372737461,0.0002429529469378075,0.0002469516372737461,27.132156566201914
1790828880,0.0002469516372737461,0.00024810907719856123,0.0002469516372737461,0.00024810907719856123,117.24341751299337
1790829000,0.00024810907719856123,0.00024810907719856123,0.0002445697930464949,0.0002445697930464949,154.04272332455673
1790829060,0.0002445697930464949,0.0002445697930464949,0.00022871093035821874,0.0002319641245474633,763.1993623701998
1790829120,0.0002319641245474633,0.00023202572414315266,0.00021749734924910347,0.00022190052632621335,694.4110650890291
1790829180,0.00022190052632621335,0.00022695540327721556,0.00022190052632621335,0.0002267646772432109,294.70157798992074
1790829240,0.0002267646772432109,0.0002301728244315837,0.0002267646772432109,0.0002301728244315837,154.86896131065225
1790829300,0.0002301728244315837,0.0002301728244315837,0.00022702770699544014,0.00022702770699544014,6.556904570432771
1790829360,0.00022702770699544014,0.00023116305201906727,0.00022702770699544014,0.00023116305201906727,98.06144508076629
1790829420,0.00023116305201906727,0.00023277652208525317,0.0002271448463022903,0.0002271448463022903,463.03509695191394
1790829660,0.0002271448463022903,0.00022717668654434565,0.0002271448463022903,0.00022717668654434565,48.55838895993839
1790829780,0.00022717668654434565,0.00022717668654434565,0.00022455270162485366,0.00022455270162485366,5.93714453664225
1790829840,0.00022455270162485366,0.00022875127893041996,0.00022455270162485366,0.00022875127893041996,55.80376376083509
1790829960,0.00022875127893041996,0.0002308113071481462,0.00022875127893041996,0.0002308113071481462,124.80907471631143
1790830020,0.0002308113071481462,0.00023240193896556066,0.0002308113071481462,0.00023240193896556066,58.86982202237968
1790830080,0.00023240193896556066,0.00023240193896556066,0.00022912079847335834,0.00022912079847335834,57.03986815598293
1790830260,0.00022912079847335834,0.00022912079847335834,0.00022901298841624047,0.00022901298841624047,4.92476130398807
1790830320,0.00022901298841624047,0.00022901298841624047,0.00022637919055033034,0.00022637919055033034,281.82548500590167
1790830380,0.00022637919055033034,0.00022637919055033034,0.00021782267763370778,0.0002223656838357083,537.5283698775154
1790830440,0.0002223656838357083,0.00022550365906435742,0.0002223656838357083,0.00022550365906435742,29.456280315301218
1790830500,0.00022550365906435742,0.00023112526155266876,0.00022550365906435742,0.00023112526155266876,481.28251163934
1790830560,0.00023112526155266876,0.00023660415814646875,0.00023112526155266876,0.00023660415814646875,371.62807316133467
1790830620,0.00023660415814646875,0.0002384469481852403,0.0002354460355013882,0.0002384469481852403,25.601412486866877
1790830680,0.0002384469481852403,0.00023852343509791362,0.0002384469481852403,0.00023852343509791362,4.937720933213988
1790830740,0.00023852343509791362,0.00023852343509791362,0.00023371656476435756,0.00023371656476435756,131.1306100015814
1790830800,0.00023371656476435756,0.00023371656476435756,0.0002327450731997037,0.0002327450731997037,14.225899060135472
1790830860,0.0002327450731997037,0.0002327450731997037,0.00023195292950573592,0.00023195292950573592,29.096961755911895
1790830980,0.00023195292950573592,0.00023204415569447296,0.00023195292950573592,0.00023204415569447296,3.0425634036205444
1790831040,0.00023204415569447296,0.00023411495231861823,0.00023147427155576926,0.00023411495231861823,67.8133568032301
1790831100,0.00023411495231861823,0.00023411495231861823,0.000230284098853632,0.000230284098853632,16.9533113093478
1790831220,0.000230284098853632,0.000230284098853632,0.00022846228736944486,0.00022846228736944486,216.7689002445938
1790831280,0.00022846228736944486,0.00022931602362747291,0.00022846228736944486,0.00022931602362747291,0.1656210317711082
1790831400,0.00022931602362747291,0.00022931602362747291,0.00022602315705039846,0.00022602315705039846,7.241539646933575
1790831460,0.00022602315705039846,0.00022602315705039846,0.00022592133507743004,0.00022592133507743004,16.39364024159119
1790831520,0.00022592133507743004,0.00022887770191224157,0.00022579321197775863,0.00022579321197775863,0.2343587144487803
1790831580,0.00022579321197775863,0.0002323618012488836,0.00022579321197775863,0.0002323618012488836,177.82246735986612
1790831760,0.0002323618012488836,0.0002323618012488836,0.00022917855050067138,0.00022917855050067138,9.76505170793546
1790831880,0.00022917855050067138,0.00022917855050067138,0.00022879348783468216,0.00022879348783468216,24.891073464459932
1790832000,0.00022879348783468216,0.00023447336733829294,0.00022879348783468216,0.0002292415396923184,500.3638728860357
1790832120,0.0002292415396923184,0.00023264971316127269,0.0002292415396923184,0.00023264971316127269,33.10135722430428
1790832180,0.00023264971316127269,0.0002342396257391348,0.00023264971316127269,0.0002342396257391348,69.66271352658075
1790832300,0.0002342396257391348,0.0002342396257391348,0.00023086296203726764,0.00023086296203726764,18.57139426306208
1790832420,0.00023086296203726764,0.00023364568228525492,0.00023049807533787392,0.00023364568228525492,25.278312638646035
1790832480,0.00023364568228525492,0.00023459656108569508,0.00023364568228525492,0.00023459656108569508,98.1019706646027
1790832600,0.00023459656108569508,0.00023459656108569508,0.0002323179956521607,0.0002323179956521607,6.448830496582193
1790832960,0.0002323179956521607,0.00023617801174099555,0.0002323179956521607,0.00023617801174099555,22.273213712034316
1790833020,0.00023617801174099555,0.00023617801174099555,0.0002277090463683288,0.0002277090463683288,340.03395254599803
1790833140,0.0002277090463683288,0.00022991048680082412,0.0002277090463683288,0.00022991048680082412,13.809895428720592
1790833260,0.00022991048680082412,0.0002301834331726433,0.00022662857103957428,0.0002301834331726433,37.80076741087721
1790833320,0.0002301834331726433,0.0002301834331726433,0.00022715457502315762,0.00022724781763519577,4.938326307636577
1790833380,0.00022724781763519577,0.00023101611840102077,0.00022724781763519577,0.00023101611840102077,76.60490936776901
1790833440,0.00023101611840102077,0.00023101611840102077,0.00022825258228298403,0.00022825258228298403,24.25526839680287
1790833500,0.00022825258228298403,0.00023127882054696148,0.00022792079682944994,0.00023127882054696148,27.13754434539507
1790833560,0.00023127882054696148,0.00023148157336980513,0.00023127882054696148,0.00023148157336980513,4.908846561565934
1790833620,0.00023148157336980513,0.00023148157336980513,0.00022705813693088122,0.00022705813693088122,125.65088600201965
1790833680,0.00022705813693088122,0.00022928419715819812,0.0002260954913364658,0.0002260954913364658,19.968738867226797
1790833740,0.0002260954913364658,0.00022955985661269983,0.0002260954913364658,0.00022955985661269983,9.702009640199252
1790833800,0.00022955985661269983,0.00022998977958757383,0.00022955985661269983,0.00022998977958757383,15.520556544449816
1790833920,0.00022998977958757383,0.0002329674671164486,0.00022991589135918218,0.0002329674671164486,205.65350571100313
1790833980,0.0002329674671164486,0.00023393531353961254,0.0002329674671164486,0.00023393531353961254,0.3899516860789585
1790834040,0.00023393531353961254,0.00023424834329294116,0.00022886626364487133,0.00022886626364487133,212.45319150443655
1790834100,0.00022886626364487133,0.00023000119711074187,0.00022886626364487133,0.00022978259459575587,5.605897213268871
1790834220,0.00022978259459575587,0.00022978259459575587,0.00022976807951243845,0.00022976807951243845,0.23425022862570946
1790834340,0.00022976807951243845,0.00022976807951243845,0.0002297158561598026,0.0002297158561598026,2.375947034749616
1790834400,0.0002297158561598026,0.0002621253400220671,0.0002297158561598026,0.0002621253400220671,9.538741123403023e-07
1790834460,0.0002621253400220671,0.0002621253400220671,0.00023142582869303807,0.000233038668586047,177.2146814756599
1790834520,0.000233038668586047,0.00023418943295642686,0.00023059051816073472,0.00023059051816073472,75.99149179651393
1790834580,0.00023059051816073472,0.00023059051816073472,0.00023022840906059369,0.00023022840906059369,31.731601179748854
1790834640,0.00023022840906059369,0.00023022840906059369,0.00022928767418215425,0.00022928767418215425,64.56753904388293
1790834700,0.00022928767418215425,0.00023179633949590647,0.00022874995362008471,0.00022874995362008471,15.900243364468775
1790834760,0.00022874995362008471,0.00022874995362008471,0.00022857255064829906,0.00022857255064829906,1.1531617320283942
1790834820,0.00022857255064829906,0.00023204487978163864,0.00022857255064829906,0.00023204487978163864,34.430464015675376
1790834880,0.00023204487978163864,0.00023204487978163864,0.0002291371187565774,0.0002291371187565774,11.45685593782887
1790835000,0.0002291371187565774,0.00022999196640860958,0.00022689396584487645,0.00022689396584487645,98.68581967360338
1790835060,0.00022689396584487645,0.00023104355684913527,0.00022689396584487645,0.00023104355684913527,80.1704569859598
1790835120,0.00023104355684913527,0.0002328506105567839,0.00023104355684913527,0.0002328506105567839,73.10928168141187
1790835180,0.0002328506105567839,0.0002328506105567839,0.00022987003187917952,0.00022987003187917952,5.613592828515926
1790835240,0.00022987003187917952,0.00022987003187917952,0.00022925868858718465,0.00022925868858718465,27.78317907076139
1790835360,0.00022925868858718465,0.00023897229614562406,0.00022925868858718465,0.00023897229614562406,344.1273269612608
1790835420,0.00023897229614562406,0.00023946352954423055,0.00023897229614562406,0.00023946352954423055,23.657427715849703
1790835480,0.00023946352954423055,0.00023946352954423055,0.00023627995720522054,0.00023627995720522054,14.830527065217124
1790835540,0.00023627995720522054,0.00023627995720522054,0.00023553138987802793,0.00023553138987802793,53.27715913567379
1790835600,0.00023553138987802793,0.000238196085770107,0.00023553138987802793,0.000238196085770107,0.58526792007244
1790835720,0.000238196085770107,0.0002382574188725488,0.00023524606429786574,0.00023524606429786574,22.919647032405024
1790835780,0.00023524606429786574,0.00023840372787121357,0.00023507837170259183,0.00023507837170259183,73.706551584657
1790835840,0.00023507837170259183,0.00023507837170259183,0.00023448388748023132,0.00023448388748023132,19.70923600068589
1790835900,0.00023448388748023132,0.00023756379046623345,0.00023448388748023132,0.00023756379046623345,4.7680265485967
1790836020,0.00023756379046623345,0.00023756379046623345,0.00023363165868145743,0.00023363165868145743,64.51017925820764
1790836140,0.00023363165868145743,0.00023363165868145743,0.00023201996341538783,0.00023201996341538783,109.17212136587902
1790836260,0.00023201996341538783,0.00023201996341538783,0.0002273598490089103,0.00023193629230838347,350.451053547758
1790836320,0.00023193629230838347,0.0002338830375349699,0.00023193629230838347,0.0002338830375349699,23.646929181680736
1790836380,0.0002338830375349699,0.0002338830375349699,0.00022969325114143073,0.0002334530069746487,85.67386226567024
1790836440,0.0002334530069746487,0.0002334530069746487,0.00022988369313901286,0.0002331114757975354,63.172626953123036
1790836500,0.0002331114757975354,0.00023345614943919384,0.0002331114757975354,0.00023345614943919384,9.885260291568091
1790836560,0.00023345614943919384,0.00023346994134371314,0.0002303273146117803,0.00023346994134371314,34.13744832803457
1790836740,0.00023346994134371314,0.00023365567648017243,0.00023346994134371314,0.00023365567648017243,16.486449132317357
1790836800,0.00023365567648017243,0.0002353216575860641,0.00023041669707721005,0.0002353216575860641,94.99221557724553
1790836860,0.0002353216575860641,0.00023563614545404793,0.0002353216575860641,0.00023563614545404793,12.084392226668427
1790837040,0.00023563614545404793,0.00023597642860977283,0.00023563614545404793,0.00023597642860977283,17.36180733342657
1790837160,0.00023597642860977283,0.00023654001440193644,0.00023597642860977283,0.00023654001440193644,19.81424496991422
1790837280,0.00023654001440193644,0.00023654001440193644,0.00023099941343900004,0.00023099941343900004,260.2491371910865
1790837340,0.00023099941343900004,0.00023099941343900004,0.00021893025271030702,0.00022035744800908685,1722.9520483267197
1790837460,0.00022035744800908685,0.0002246854684393705,0.00016009389337177972,0.00016009389337177972,6230.469168380659
1790837520,0.00016009389337177972,0.00017295346279547409,0.00016009389337177972,0.00017046171735600533,1011.2473328289242
1790837580,0.00017046171735600533,0.00017463419300874745,0.00017046171735600533,0.00017463419300874745,210.76214616749704
1790837640,0.00017463419300874745,0.00017577489556229768,0.00017322930832491853,0.00017577489556229768,15.47969836801743
1790837700,0.00017577489556229768,0.00017606121481475033,0.0001661640101280739,0.00017245089406060467,993.3521332937869
1790837760,0.00017245089406060467,0.00017245089406060467,0.00016294109036340298,0.00016685730770718056,460.26513853955925
1790837820,0.00016685730770718056,0.00016685730770718056,0.00016281531068424194,0.00016281531068424194,1.9482488132577964
1790837880,0.00016281531068424194,0.00016675788311917424,0.00016281531068424194,0.00016541162789932378,171.52577235077382
1790837940,0.00016541162789932378,0.00016679697264978502,0.00016481291952075223,0.00016679697264978502,45.95087842796622
1790838000,0.00016679697264978502,0.00016679697264978502,0.00016407888622811364,0.00016407888622811364,44.209019071869065
1790838060,0.00016407888622811364,0.00016505724353290663,0.0001632547689253691,0.00016505724353290663,70.76225913638461
1790838120,0.00016505724353290663,0.0001656877030519019,0.00016336966810213607,0.00016336966810213607,102.39367703263063
1790838180,0.00016336966810213607,0.00016460414507843638,0.00015977835845528167,0.00016126531103872847,383.8257814461437
1790838240,0.00016126531103872847,0.00016126531103872847,0.0001580598709514178,0.0001580598709514178,62.36849679347783
1790838300,0.0001580598709514178,0.0001580598709514178,0.0001567417797394089,0.0001567417797394089,148.32603425283705
1790838420,0.0001567417797394089,0.0001567417797394089,0.0001552081112040296,0.0001552081112040296,29.316006193687016
1790838540,0.0001552081112040296,0.00015666632801906804,0.00014937160498621055,0.00015538841417747277,898.4157319758756
1790838600,0.00015538841417747277,0.00015981824608618693,0.00015538841417747277,0.00015981824608618693,183.17043754561314
1790838660,0.00015981824608618693,0.00016554120506044026,0.00015723212575243886,0.00016554120506044026,553.8031398683183
1790838720,0.00016554120506044026,0.00017010116337173796,0.00016554120506044026,0.00017010116337173796,186.07579596142816
1790838840,0.00017010116337173796,0.00017116753767438785,0.00017010116337173796,0.00017116753767438785,46.24694767636899
1790838960,0.00017116753767438785,0.00017116753767438785,0.0001680717458776787,0.0001680717458776787,65.61586122407063
1790839080,0.0001680717458776787,0.00016993779287006832,0.0001680717458776787,0.00016993779287006832,0.1162958932895971
1790839140,0.00016993779287006832,0.00016993779287006832,0.0001669370431068014,0.00016716928743201588,26.882096729633684
1790839200,0.00016716928743201588,0.00016716928743201588,0.00016615825883298254,0.00016615825883298254,51.31922771162589
1790839260,0.00016615825883298254,0.00016793413669666173,0.00016615825883298254,0.00016793413669666173,24.25983170825282
1790839320,0.00016793413669666173,0.00016793413669666173,0.00016560012332133558,0.00016560012332133558,15.730090989579727
1790839380,0.00016560012332133558,0.00016560012332133558,0.00014753605019950827,0.00015512098550520776,1733.3361310881069
1790839440,0.00015512098550520776,0.00015922076574022872,0.00015302079825891163,0.00015900679456212855,291.67326620192375
1790839500,0.00015900679456212855,0.00015957415299326422,0.0001570444667280317,0.00015919118266574049,95.60439566151257
1790839560,0.00015919118266574049,0.0001628584232815364,0.00015919118266574049,0.0001628584232815364,374.40827241561334
1790839620,0.0001628584232815364,0.00016671953925104796,0.0001628584232815364,0.00016338862957330865,202.3484515984284
1790839680,0.00016338862957330865,0.00016565856588872401,0.00016338862957330865,0.00016565856588872401,23.53341614953174
1790839740,0.00016565856588872401,0.00016577013633611043,0.00016565856588872401,0.00016577013633611043,5.814770927812714
1790839800,0.00016577013633611043,0.00016643557849002264,0.00016577013633611043,0.00016643557849002264,5.937888633801735
1790839920,0.00016643557849002264,0.00016643557849002264,0.00016439962843993252,0.00016439962843993252,2.5604625205117806
1790839980,0.00016439962843993252,0.00017849509961744117,0.00016439962843993252,0.00017695724742964315,909.683996482299
1790840040,0.00017695724742964315,0.00017944109954468572,0.00017695724742964315,0.00017944109954468572,2.1247390864029723
1790840160,0.00017944109954468572,0.00017944109954468572,0.00017658267302840102,0.00017658267302840102,14.939960405833244
1790840280,0.00017658267302840102,0.00017658267302840102,0.00015365991913080378,0.0001574577199751574,1725.7921842562516
1790840340,0.0001574577199751574,0.00015802043115179047,0.0001574577199751574,0.00015802043115179047,55.58427278038867
1790840400,0.00015802043115179047,0.00015802043115179047,0.00015594974225742846,0.00015594974225742846,4.660818716265784
1790840460,0.00015594974225742846,0.00015849280687181967,0.00015474774103588863,0.00015849280687181967,279.54507331979676
1790840520,0.00015849280687181967,0.00015849280687181967,0.00015757531332444475,0.00015757531332444475,24.191404269400945
1790840580,0.00015757531332444475,0.00015757531332444475,0.00015683913173502055,0.00015683913173502055,56.17697160091616
1790840640,0.00015683913173502055,0.00015861079821414634,0.00015683913173502055,0.00015861079821414634,1.8799845995493085
1790840820,0.00015861079821414634,0.00015861079821414634,0.00015309003859444794,0.00015309003859444794,236.26168951011675
1790840880,0.00015309003859444794,0.00015575439908306415,0.00015309003859444794,0.00015575439908306415,60.263523221880334
1790841060,0.00015575439908306415,0.00015575439908306415,0.00015274285576121895,0.00015477415468182095,83.68307335395227
1790841120,0.00015477415468182095,0.00015477415468182095,0.0001513969591782239,0.0001513969591782239,76.57408583714857
1790841240,0.0001513969591782239,0.00015440095755753856,0.0001513969591782239,0.00015440095755753856,112.92498044494862
1790841480,0.00015440095755753856,0.0001555898422457618,0.00015375771789852562,0.00015375771789852562,72.70782498549318
1790841540,0.00015375771789852562,0.00015749655996471414,0.00015375771789852562,0.00015749655996471414,206.82734431937502
1790841600,0.00015749655996471414,0.00015749655996471414,0.00015656309214663044,0.00015656309214663044,44.35797837651814
1790841840,0.00015656309214663044,0.00015656309214663044,0.00015514190321891264,0.00015514190321891264,141.27539069781923
1790841900,0.00015514190321891264,0.00015514190321891264,0.00015367571381209535,0.00015367571381209535,9.702570134496685
1790842020,0.00015367571381209535,0.00015929778735166344,0.00015367571381209535,0.00015929778735166344,201.4916675116766
1790842260,0.00015929778735166344,0.00015929778735166344,0.00015682793124615398,0.00015682793124615398,2.904933190969512
1790842320,0.00015682793124615398,0.0001568491117627127,0.00015617938504235626,0.00015617938504235626,62.51834037317974
1790842440,0.00015617938504235626,0.00015617938504235626,0.00015561692450832528,0.00015561692450832528,24.241534826864843
1790842500,0.00015561692450832528,0.0001576577949537743,0.00015561692450832528,0.0001576577949537743,4.906649393288044
1790842560,0.0001576577949537743,0.0001576577949537743,0.00015560865927918529,0.00015560865927918529,2.8947346109667027
1790842680,0.00015560865927918529,0.00015560865927918529,0.0001550789993661603,0.0001550789993661603,61.581059753861524
1790842740,0.0001550789993661603,0.0001550789993661603,0.0001537934690575418,0.0001537934690575418,46.81483436735628
1790843040,0.0001537934690575418,0.00015945055933236759,0.0001537934690575418,0.00015945055933236759,202.16178790947
1790843220,0.00015945055933236759,0.00015945055933236759,0.00015536978381655293,0.00015536978381655293,130.0973414427961
1790843520,0.00015536978381655293,0.00015536978381655293,0.00015462324448155853,0.00015462324448155853,21.38939925406999
1790843580,0.00015462324448155853,0.00015462324448155853,0.00014932472368704204,0.00014932472368704204,384.531807200993
1790843640,0.00014932472368704204,0.00015044665549824072,0.00014932472368704204,0.00015044665549824072,12.737427254584347
1790843700,0.00015044665549824072,0.00015044665549824072,0.00014702166483165062,0.00014702166483165062,147.0216648316506
1790843760,0.00014702166483165062,0.00014702166483165062,0.00014420701486970208,0.00014420701486970208,227.8265350503941
1790843820,0.00014420701486970208,0.00014420701486970208,0.00014225017699256507,0.00014225017699256507,0.8997919457013509
1790843880,0.00014225017699256507,0.0001445634460138018,0.00014225017699256507,0.0001445634460138018,13.177960908259047
1790843940,0.0001445634460138018,0.00014514414770612646,0.0001445634460138018,0.00014514414770612646,23.610524283428482
1790844060,0.00014514414770612646,0.00014601756792069704,0.00014514414770612646,0.00014601756792069704,52.66782239665057
1790844120,0.00014601756792069704,0.00014790115716466266,0.00014601756792069704,0.00014790115716466266,110.34244287357731
1790844300,0.00014790115716466266,0.00014938815005415739,0.00014790115716466266,0.00014938815005415739,196.2155730897201
1790844360,0.00014938815005415739,0.00015280844571401758,0.00014938815005415739,0.00015280844571401758,232.67344775501792
1790844420,0.00015280844571401758,0.00015784152491049336,0.00015280844571401758,0.00015784152491049336,219.40976580344037
1790844720,0.00015784152491049336,0.00015866911034648524,0.00015784152491049336,0.00015866911034648524,4.845834001506735
1790844780,0.00015866911034648524,0.00015876411588605687,0.00015652897945405274,0.00015652897945405274,8.951548325289135
1790844840,0.00015652897945405274,0.00016073891812103382,0.00015652897945405274,0.00016073891812103382,115.37431932039692
1790844900,0.00016073891812103382,0.00016073891812103382,0.00015847655956435503,0.00015847655956435503,4.263349963228427
1790845140,0.00015847655956435503,0.00016092187613547107,0.00015847655956435503,0.00016092187613547107,23.324897109900594
1790845320,0.00016092187613547107,0.0001610932848926382,0.00016092187613547107,0.0001610932848926382,4.2929730238780675
1790845380,0.0001610932848926382,0.00016117234247960946,0.00015885712808399573,0.00016117234247960946,2.208299549805548
1790845680,0.00016117234247960946,0.0001620489232469844,0.0001605203828005538,0.0001605203828005538,104.61265665033159
1790845740,0.0001605203828005538,0.00016321884082230628,0.0001605203828005538,0.00016321884082230628,48.47053815266731
1790845800,0.00016321884082230628,0.00016371359582276876,0.00016321884082230628,0.00016371359582276876,4.64330785371995
1790845860,0.00016371359582276876,0.00016371359582276876,0.00016144232300275283,0.00016144232300275283,12.839218947390961
1790845920,0.00016144232300275283,0.00016144232300275283,0.0001610512587169891,0.0001610512587169891,14.33627135329038
1790846100,0.0001610512587169891,0.0001610512587169891,0.0001608963611321509,0.0001608963611321509,9.524115302238087
1790846340,0.0001608963611321509,0.0001608963611321509,0.00016072485404083087,0.00016072485404083087,1.9279637296387346
1790846400,0.00016072485404083087,0.00016298786296225573,0.00016072485404083087,0.00016298786296225573,2.9883140495087597
1790846580,0.00016298786296225573,0.00016298786296225573,0.0001607415821908035,0.0001607415821908035,10.704971332792486
1790846640,0.0001607415821908035,0.00016304184200662756,0.0001607415821908035,0.00016304184200662756,5.402574511802282
1790846700,0.00016304184200662756,0.00016304184200662756,0.00016043444672091069,0.00016043444672091069,43.34702458069755
1790846820,0.00016043444672091069,0.0001625912846730065,0.00016043444672091069,0.0001625912846730065,48.512551197777626
1790846940,0.0001625912846730065,0.0001625912846730065,0.0001606959729757637,0.0001606959729757637,12.09353070941284
1790847060,0.0001606959729757637,0.00016072642583174625,0.0001606959729757637,0.00016072642583174625,5.000384945626776
1790847420,0.00016072642583174625,0.00016074461877300816,0.00016057458740862863,0.00016057458740862863,28.506213831612015
1790847480,0.00016057458740862863,0.0001625114321893324,0.0001600547230968077,0.0001600547230968077,30.80685001839615
1790847600,0.0001600547230968077,0.0001600547230968077,0.00015745065774970998,0.00015745065774970998,180.92191442885556
1790847660,0.00015745065774970998,0.00015745065774970998,0.00015733247279473125,0.00015733247279473125,1.2394768758664776
1790847840,0.00015733247279473125,0.00015733247279473125,0.00015571219400630342,0.00015571219400630342,185.0252234682176
1790848080,0.00015571219400630342,0.00015571219400630342,0.00015182319138467508,0.00015182319138467508,269.72822655444867
1790848320,0.00015182319138467508,0.00015182319138467508,0.00014932365471380485,0.00014932365471380485,21.898252386288046
1790848560,0.00014932365471380485,0.00015097107069524056,0.00014842916401869194,0.00015015179251856434,64.81398687418488
1790848740,0.00015015179251856434,0.00015479870724103293,0.00015015179251856434,0.00015466030386270934,272.09310001057065
1790848920,0.00015466030386270934,0.0001547255954018091,0.00015448609090408703,0.0001547255954018091,30.803474348408265
1790848980,0.0001547255954018091,0.0001555320256803693,0.0001547255954018091,0.0001555320256803693,81.17628007646513
1790849160,0.0001555320256803693,0.0001555320256803693,0.00015361440518553077,0.00015361440518553077,25.142347632451134
1790849280,0.00015361440518553077,0.00015680913260930003,0.00015361440518553077,0.00015540548154961166,102.552527793914
1790849340,0.00015540548154961166,0.0001575623844837312,0.00015540548154961166,0.0001575623844837312,3.2051405247739826
1790849400,0.0001575623844837312,0.00015885081310124298,0.0001575623844837312,0.00015885081310124298,76.7398277152714
1790849520,0.00015885081310124298,0.0001588919271988237,0.0001564219870569583,0.0001588919271988237,77.89319817810247
1790849700,0.0001588919271988237,0.0001588919271988237,0.00015673942956796104,0.00015673942956796104,16.371763298760055
1790849820,0.00015673942956796104,0.00015673942956796104,0.00015636782168940397,0.0001563973457682876,10.087207234551018
1790850000,0.0001563973457682876,0.00015639919417911603,0.0001563973457682876,0.00015639919417911603,4.652094030857806
1790850120,0.00015639919417911603,0.00015639919417911603,0.0001561837364634987,0.0001561837364634987,11.132202359038006
1790850420,0.0001561837364634987,0.0001561837364634987,0.00015545229874972598,0.00015545229874972598,47.051227793771865
1790850720,0.00015545229874972598,0.00015545229874972598,0.00015475965337134748,0.00015475965337134748,113.1873215495688
1790851440,0.00015475965337134748,0.00015475965337134748,0.0001530098867690463,0.0001530098867690463,110.41405599304635
1790851560,0.0001530098867690463,0.0001530098867690463,0.0001502152761048161,0.0001502152761048161,251.5278869196229
1790851620,0.0001502152761048161,0.0001502152761048161,0.0001483868475355007,0.0001483868475355007,2.0004668892157014
1790851680,0.0001483868475355007,0.0001483868475355007,0.00014777176060412132,0.00014777176060412132,73.88588030206066
1790851860,0.00014777176060412132,0.00014777176060412132,0.00014692464860987885,0.00014692464860987885,7.346232430493942
1790852160,0.00014692464860987885,0.0001541123192242005,0.00014689182342787673,0.0001541123192242005,354.65993325409903
1790852220,0.0001541123192242005,0.00016178825087448425,0.0001541123192242005,0.00016178825087448425,424.1647914945764
1790852280,0.00016178825087448425,0.00016206916124411995,0.00016178825087448425,0.00016206916124411995,40.02824039270972
1790852340,0.00016206916124411995,0.0001626621566050051,0.00016206916124411995,0.0001626621566050051,14.497003826018274
1790852640,0.0001626621566050051,0.0001626621566050051,0.00016024594062937232,0.00016024594062937232,2.3125252404481036
1790852940,0.00016024594062937232,0.00016024594062937232,0.00016006892110142362,0.00016006892110142362,0.2205261354495891
1790853060,0.00016006892110142362,0.0001645111031188097,0.00016006892110142362,0.0001637249038861656,262.1699707460368
1790853120,0.0001637249038861656,0.0001637249038861656,0.00016348792199356944,0.00016348792199356944,4.514737587290223
1790853240,0.00016348792199356944,0.00016348792199356944,0.00016314091153849482,0.00016314091153849482,38.6073829417559
1790853360,0.00016314091153849482,0.00016314091153849482,0.00016251455251388135,0.00016251455251388135,30.96728952454469
1790853420,0.00016251455251388135,0.00016471541492041054,0.00016251455251388135,0.00016471541492041054,4.257258598244497
1790853600,0.00016471541492041054,0.00016471541492041054,0.00016088769804401757,0.00016088769804401757,152.66491766522606
1790853660,0.00016088769804401757,0.00016088769804401757,0.00015760805281417987,0.00015760805281417987,243.63984263305355
1790853900,0.00015760805281417987,0.00015760805281417987,0.00015541082156094447,0.00015541082156094447,14.86196295220116
1790853960,0.00015541082156094447,0.00015752515468506296,0.00015541082156094447,0.00015752515468506296,13.870062096602245
1790854020,0.00015752515468506296,0.0001586297784315254,0.00015752515468506296,0.0001586297784315254,117.7562050300725
1790854140,0.0001586297784315254,0.0001586297784315254,0.00015741964541170466,0.00015741964541170466,9.865858950244398
1790854260,0.00015741964541170466,0.00017338934356789907,0.00015741964541170466,0.00017338934356789907,838.6039997701263
1790854320,0.00017338934356789907,0.00017389087763429307,0.00017337576910273167,0.00017389087763429307,47.08509917174583
1790854380,0.00017389087763429307,0.00017455027300057453,0.0001721871619279364,0.00017438601731708026,75.74787188990851
1790854440,0.00017438601731708026,0.00017536118147784676,0.00017299878334892403,0.00017536118147784676,112.55121617345942
1790854500,0.00017536118147784676,0.00017992732503788067,0.00017536118147784676,0.00017992732503788067,249.31528354761906
1790854620,0.00017992732503788067,0.00017992732503788067,0.00017741554244374175,0.00017741554244374175,54.543549142691596
1790854680,0.00017741554244374175,0.00017741554244374175,0.00017675097705871463,0.00017675097705871463,4.94685074324344
1790854800,0.00017675097705871463,0.00017946139196917745,0.00017675097705871463,0.00017694054438768277,14.633807250135654
1790854860,0.00017694054438768277,0.0001796502168849854,0.00017694054438768277,0.0001795176019284488,81.13973604318403
1790854920,0.0001795176019284488,0.0001795176019284488,0.00017695341254900221,0.00017916300111794344,31.848701920029086
1790855040,0.00017916300111794344,0.0001793887430443879,0.00017916300111794344,0.0001793887430443879,35.0134158039107
1790855100,0.0001793887430443879,0.0001811053536306988,0.0001793887430443879,0.0001811053536306988,79.7289380776686
1790855160,0.0001811053536306988,0.00018135753404332233,0.0001811053536306988,0.00018135753404332233,0.25471132900492616
1790855220,0.00018135753404332233,0.00018569352857062988,0.00018135753404332233,0.00018568204664511976,248.72047263910156
1790855280,0.00018568204664511976,0.00018568204664511976,0.00018016899216283816,0.00018016899216283816,217.064886560275
1790855400,0.00018016899216283816,0.00018016899216283816,0.00017881038139557084,0.00017881038139557084,70.78172774075082
1790855460,0.00017881038139557084,0.00018113392422732528,0.00017881038139557084,0.00018113392422732528,3.708018067057509
1790855580,0.00018113392422732528,0.00018118641489315722,0.00018113392422732528,0.00018118641489315722,21.277040116064946
1790855820,0.00018118641489315722,0.0001816654006357283,0.00018118641489315722,0.0001816654006357283,4.347582477243769
1790855880,0.0001816654006357283,0.0001816654006357283,0.00018165695053087752,0.00018165695053087752,2.552509674519372
1790856000,0.00018165695053087752,0.00018535517074304267,0.00018165695053087752,0.00018535517074304267,226.65738229893134
1790856120,0.00018535517074304267,0.00018535517074304267,0.00018290020829682591,0.00018504631871207988,47.006731229398866
1790856180,0.00018504631871207988,0.00018606707222784848,0.00018504631871207988,0.00018606707222784848,67.90288549365981
1790856240,0.00018606707222784848,0.00018633712558697245,0.00018606707222784848,0.00018633712558697245,3.8620136489882246
1790856300,0.00018633712558697245,0.00018646906441714168,0.00018633712558697245,0.00018646906441714168,16.78409106662899
1790856480,0.00018646906441714168,0.0001868661121693342,0.00018646906441714168,0.0001868661121693342,49.07572094029737
1790856540,0.0001868661121693342,0.0001868661121693342,0.00018403144778210062,0.00018403144778210062,54.016813307733244
1790856660,0.00018403144778210062,0.00018710905759802108,0.00018403144778210062,0.00018710905759802108,75.69104646554204
1790856840,0.00018710905759802108,0.00018710905759802108,0.00018515808054619143,0.00018515808054619143,1.9992007349746561
1790856900,0.00018515808054619143,0.0001984219349004775,0.0001846555800235735,0.00019799264920258535,866.7556127424353
1790856960,0.00019799264920258535,0.00019799264920258535,0.0001960209846106839,0.0001960209846106839,96.62122751359415
1790857140,0.0001960209846106839,0.00019889179773554107,0.0001960209846106839,0.00019889179773554107,19.40911428693465
1790857320,0.00019889179773554107,0.0001993364386755835,0.00019889179773554107,0.0001993364386755835,48.79793244300065
1790857500,0.0001993364386755835,0.00019987794232919154,0.0001973043229788311,0.0001973043229788311,13.566636441094822
1790857560,0.0001973043229788311,0.00020011183215727584,0.0001973043229788311,0.00020011183215727584,23.26294991662143
1790857680,0.00020011183215727584,0.00020182652944869528,0.00020011183215727584,0.00020182652944869528,85.77135769913
1790857920,0.00020182652944869528,0.0002020876865595167,0.00020182652944869528,0.0002020876865595167,6.060412495271436
1790858040,0.0002020876865595167,0.0002020876865595167,0.00019878401764910706,0.00019878401764910706,63.45743347628349
1790858220,0.00019878401764910706,0.00020105776727889025,0.00019878401764910706,0.00020105776727889025,18.88249681658249
1790858280,0.00020105776727889025,0.00020105776727889025,0.00020103987993726227,0.00020103987993726227,2.0975220060611774
1790858340,0.00020103987993726227,0.00020103987993726227,0.00019827364140669718,0.00020067952814119754,27.428011551240925
1790858400,0.00020067952814119754,0.00020067952814119754,0.0001980587591837197,0.00020061710026946511,18.995277581097938
1790858580,0.00020061710026946511,0.00020061710026946511,0.00019115151549449133,0.00019115151549449133,458.79903134145223
1790858640,0.00019115151549449133,0.00019115151549449133,0.0001886827618123594,0.0001886827618123594,45.33639909504149
1790858700,0.0001886827618123594,0.0001886827618123594,0.00018005955456475633,0.00018005955456475633,892.4326603946315
1790858760,0.00018005955456475633,0.00018005955456475633,0.0001715610782229158,0.0001715610782229158,64.16878028096434
1790858820,0.0001715610782229158,0.00017329967302162565,0.00017101293939110628,0.00017101293939110628,29.08645640185954
1790858880,0.00017101293939110628,0.00017101293939110628,0.00017003190746512722,0.00017003190746512722,79.32444173200903
1790858940,0.00017003190746512722,0.00017003190746512722,0.00016888292735594266,0.00016888292735594266,56.27244717686446
1790859120,0.00016888292735594266,0.00017071889145370031,0.00016888292735594266,0.00017071889145370031,11.622666703401574
1790859180,0.00017071889145370031,0.00017071889145370031,0.0001707112190412665,0.0001707112190412665,3.564774700837528
1790859240,0.0001707112190412665,0.00017781047285254836,0.0001707112190412665,0.00017781047285254836,537.332754609968
1790859300,0.00017781047285254836,0.00018032393445021434,0.00017781047285254836,0.00018032393445021434,1.1884546616560392
1790859420,0.00018032393445021434,0.00018109317694483664,0.00018032393445021434,0.00018109317694483664,95.81942424602127
1790859540,0.00018109317694483664,0.00018210496197448032,0.00017952446073217902,0.00017952446073217902,20.134418545036358
1790859840,0.00017952446073217902,0.00017952446073217902,0.00017861309354715073,0.00017861309354715073,22.72363199472845
1790859900,0.00017861309354715073,0.00018107812566689875,0.00017861309354715073,0.00018107812566689875,17.229206864267166
1790859960,0.00018107812566689875,0.00018107812566689875,0.00017260824213365222,0.00017260824213365222,386.39698817151054
1790860080,0.00017260824213365222,0.00017260824213365222,0.00017234166538892902,0.00017234166538892902,21.336753364825206
1790860140,0.00017234166538892902,0.00017234166538892902,0.00017201386492091342,0.00017201386492091342,9.116567910985282
1790860200,0.00017201386492091342,0.00017201386492091342,0.00017133828841489767,0.00017133828841489767,55.34157640855889
1790860500,0.00017133828841489767,0.00017133828841489767,0.00017033004623957944,0.00017033004623957944,71.34295064338555
1790860560,0.00017033004623957944,0.00017033004623957944,0.0001680305659964359,0.0001680305659964359,119.43370993045008
1790860620,0.0001680305659964359,0.0001680305659964359,0.00016753529134030324,0.00016754193204356944,5.678936040495329
1790860680,0.00016754193204356944,0.00016754193204356944,0.00016572937226226332,0.00016572937226226332,199.19395704597682
1790860800,0.00016572937226226332,0.00016673772713368153,0.00016403951092061204,0.00016673772713368153,35.16345290927991
1790860860,0.00016673772713368153,0.00016893969104931017,0.00016479064522750754,0.00016893969104931017,170.28016408518718
1790860920,0.00016893969104931017,0.00016893969104931017,0.00016708314251750555,0.00016708314251750555,44.39180050690282
1790860980,0.00016708314251750555,0.00016708314251750555,0.00016627517762627468,0.00016627517762627468,17.596597117192015
1790861040,0.00016627517762627468,0.0001763139740168416,0.00016627517762627468,0.00017407864953448122,682.053759533608
1790861100,0.00017407864953448122,0.00017536117307791172,0.0001713193895793782,0.0001713193895793782,185.721038182481
1790861160,0.0001713193895793782,0.0001750493486655684,0.0001710099839904371,0.0001750493486655684,152.27285848641887
1790861220,0.0001750493486655684,0.0001750493486655684,0.00017350878705057636,0.00017350878705057636,0.23045758711945227
1790861280,0.00017350878705057636,0.00017751808856394238,0.00017339783556510077,0.00017751808856394238,132.87800536814308
1790861340,0.00017751808856394238,0.0001794625135090292,0.00017751808856394238,0.0001794625135090292,216.5038407274134
1790861400,0.0001794625135090292,0.0001819654877535682,0.00017940693717420408,0.00017940693717420408,58.4635169031359
1790861460,0.00017940693717420408,0.00018158891239380902,0.00017940693717420408,0.00018158891239380902,1.3612319119114544
1790861580,0.00018158891239380902,0.0001831649672519173,0.00018158891239380902,0.0001831649672519173,95.19388347919887
1790861640,0.0001831649672519173,0.00018459965254745468,0.0001831649672519173,0.00018459965254745468,77.90210217350005
1790861700,0.00018459965254745468,0.00018534692805597506,0.00018260880549950053,0.00018534692805597506,28.919508004616002
1790861760,0.00018534692805597506,0.00018557353037632713,0.00018298967726177007,0.00018557353037632713,28.502325480464066
1790861820,0.00018557353037632713,0.00018557353037632713,0.0001854170721386524,0.0001854170721386524,36.8622288483958
1790861880,0.0001854170721386524,0.0001854170721386524,0.0001838525523035903,0.0001838525523035903,2.1783493268633443
1790861940,0.0001838525523035903,0.00018774757340011267,0.0001838525523035903,0.00018774757340011267,139.08547077817926
1790862000,0.00018774757340011267,0.00018774757340011267,0.00018626385835189812,0.00018626385835189812,3.6287595886263784
1790862060,0.00018626385835189812,0.00018908697715186234,0.00018626385835189812,0.00018908697715186234,17.466172168979533
1790862420,0.00018908697715186234,0.00018908697715186234,0.00018692193612899411,0.00018692193612899411,8.45778071925181
1790862480,0.00018692193612899411,0.0001917462169832086,0.00018692193612899411,0.0001917462169832086,139.12270967741253
1790862540,0.0001917462169832086,0.0001935932795630039,0.0001917462169832086,0.0001935932795630039,115.85216554032597
1790862600,0.0001935932795630039,0.00019414947333994557,0.0001935932795630039,0.00019414947333994557,32.681001361447066
1790862660,0.00019414947333994557,0.00019908824196095552,0.00019414947333994557,0.00019908824196095552,512.3283430770969
1790862720,0.00019908824196095552,0.00021746702271500476,0.00019908824196095552,0.00021746702271500476,693.4021198836165
1790862780,0.00021746702271500476,0.00021746702271500476,0.00021316617427125654,0.00021596675920329523,87.44891719342714
1790862840,0.00021596675920329523,0.00022676692611421485,0.00021596675920329523,0.00022676692611421485,530.5793617015271
1790862900,0.00022676692611421485,0.00022676692611421485,0.0002224850367737219,0.00022552153415279303,284.9423168339356
1790862960,0.00022552153415279303,0.0002280325159293457,0.00022552153415279303,0.0002280325159293457,80.8097722636537
1790863020,0.0002280325159293457,0.0002280325159293457,0.00022498577168063893,0.00022498577168063893,1.9965135338893012
1790863140,0.00022498577168063893,0.00022852936858366358,0.00022498577168063893,0.0002256998018870598,27.60407634115692
1790863200,0.0002256998018870598,0.0002256998018870598,0.0002225706095425455,0.0002225706095425455,135.39574651034502
1790863260,0.0002225706095425455,0.00022551142775037135,0.0002225706095425455,0.00022551142775037135,31.447650968965828
1790863320,0.00022551142775037135,0.00022551142775037135,0.00021899703507231253,0.00021899703507231253,335.39181120207087
1790863380,0.00021899703507231253,0.00021899703507231253,0.00021233303346112242,0.00021233303346112242,192.3616481246693
1790863440,0.00021233303346112242,0.0002167923138949725,0.00021233303346112242,0.0002167923138949725,172.1078889230394
1790863560,0.0002167923138949725,0.0002167923138949725,0.00021539362217991886,0.00021539362217991886,8.373587124045105
1790863620,0.00021539362217991886,0.00021539362217991886,0.0002142979369081535,0.0002142979369081535,132.70315775855428
1790863680,0.0002142979369081535,0.0002142979369081535,0.0002099266704240219,0.0002099266704240219,321.5006367092155
1790863740,0.0002099266704240219,0.0002099266704240219,0.0002068199559194968,0.0002068199559194968,13.408843472368744
1790863800,0.0002068199559194968,0.00020703295580297394,0.0002068199559194968,0.00020703295580297394,1.1386812569163567
1790863860,0.00020703295580297394,0.00020703295580297394,0.00020635827325575596,0.00020635827325575596,46.74123519979232
1790864040,0.00020635827325575596,0.00020635827325575596,0.00020512246464746446,0.00020512246464746446,32.816284694473325
1790864160,0.00020512246464746446,0.00020512246464746446,0.00020511089780339575,0.00020511089780339575,5.833025122094305
1790864280,0.00020511089780339575,0.00020516735259583688,0.00019941292189470814,0.00019941292189470814,599.081273066737
1790864340,0.00019941292189470814,0.00019941292189470814,0.00016128476355869453,0.00016907324090198288,2651.8770632252663
1790864400,0.00016907324090198288,0.00016928360259738733,0.00016906693734443075,0.0001692504191073898,8.041192269128658
1790864460,0.0001692504191073898,0.00017002845285394254,0.000158289957840241,0.00016775878289317079,1789.532710681571
1790864520,0.00016775878289317079,0.00017632866592895018,0.00016775878289317079,0.00017632866592895018,527.3852172903366
1790864580,0.00017632866592895018,0.00017693874501594335,0.0001701512431369809,0.0001701512431369809,321.634722324545
1790864640,0.0001701512431369809,0.0001717018878322745,0.0001680088759211181,0.00016959070549992948,368.8963854314427
1790864700,0.00016959070549992948,0.00016959070549992948,0.00016369486284842748,0.00016369486284842748,227.3245923739868
1790864760,0.00016369486284842748,0.00016627346859461866,0.00016369486284842748,0.00016627346859461866,38.042602977699644
1790864820,0.00016627346859461866,0.00016627346859461866,0.00016440680576587958,0.00016440680576587958,11.49624692494263
1790864880,0.00016440680576587958,0.0001666410190130373,0.00016440680576587958,0.0001666410190130373,15.460933234696842
1790864940,0.0001666410190130373,0.0001666410190130373,0.00016055120736768754,0.00016055120736768754,429.4389427557828
1790865000,0.00016055120736768754,0.00017609841741473366,0.0001585468952856232,0.00017609841741473366,994.3070562626598
1790865060,0.00017609841741473366,0.00017793351794898702,0.00017265564683694907,0.00017401926474907035,317.8590903297066
1790865120,0.00017401926474907035,0.00017481975984237185,0.00017217436900075054,0.00017217436900075054,32.15022489264006
1790865240,0.00017217436900075054,0.00017217436900075054,0.00017139920302928048,0.0001718985200047583,55.03809186660871
1790865300,0.0001718985200047583,0.0001718985200047583,0.00016873176558541322,0.00016873176558541322,267.5500192569214
1790865360,0.00016873176558541322,0.00016911385136112952,0.00016664574992644355,0.00016911385136112952,10.864293463493237
1790865480,0.00016911385136112952,0.00016955195718954924,0.00016911385136112952,0.00016955195718954924,39.25792316646534
1790865600,0.00016955195718954924,0.00016955195718954924,0.000166802952632,0.000166802952632,28.960309023364662
1790865660,0.000166802952632,0.00016877968556181026,0.00016632203309886916,0.00016632203309886916,69.61188768638876
1790865780,0.00016632203309886916,0.00016632203309886916,0.00016526710551564126,0.00016526710551564126,70.95381510432392
1790865840,0.00016526710551564126,0.00016728970416961033,0.00016526710551564126,0.00016728970416961033,7.915536315222363
1790865960,0.00016728970416961033,0.00016767901453849823,0.00016728970416961033,0.00016767901453849823,47.583219954980976
1790866020,0.00016767901453849823,0.0001745719666308791,0.00016767901453849823,0.0001745719666308791,784.8635645553992
1790866080,0.0001745719666308791,0.00017858679825853246,0.0001745719666308791,0.00017511384088968047,393.65454978704037
1790866140,0.00017511384088968047,0.00017613559058549648,0.00017266477306166113,0.00017613559058549648,168.12220596723273
1790866200,0.00017613559058549648,0.00017613559058549648,0.00017419512071969743,0.00017419512071969743,0.2980530897728775
1790866260,0.00017419512071969743,0.00017687999878599096,0.00017419512071969743,0.00017687999878599096,4.837617740483037
1790866320,0.00017687999878599096,0.00017687999878599096,0.00017425167082907672,0.00017425167082907672,3.941453762140365
1790866380,0.00017425167082907672,0.00017425167082907672,0.00017411977271583197,0.00017411977271583197,5.454860120503148
1790866500,0.00017411977271583197,0.00017427970102962292,0.00017356121773892615,0.00017356121773892615,78.3170492335251
1790866560,0.00017356121773892615,0.00017547435998648047,0.00017356121773892615,0.00017547435998648047,1.8810355926412077
1790866620,0.00017547435998648047,0.00017547435998648047,0.00017299613460227374,0.00017299613460227374,4.620882697630838
1790866740,0.00017299613460227374,0.0001754051532439852,0.00017299613460227374,0.0001754051532439852,1.8787488339630394
1790866860,0.0001754051532439852,0.00017692304046878522,0.00017437658343444245,0.0001764512520704141,132.7664668379015
1790866920,0.0001764512520704141,0.0001766769971468608,0.00017379925902863267,0.0001766769971468608,137.31866760481483
1790866980,0.0001766769971468608,0.0001766769971468608,0.00017449501417305906,0.00017449501417305906,78.69884504349741
1790867040,0.00017449501417305906,0.00017637949765819298,0.00017449501417305906,0.00017637949765819298,5.814919667760096
1790867100,0.00017637949765819298,0.00017637949765819298,0.00017331237381372478,0.00017331237381372478,80.70857896631261
1790867160,0.00017331237381372478,0.00017460680300092842,0.00017226747166966582,0.00017460680300092842,18.491466155870157
1790867220,0.00017460680300092842,0.00017460680300092842,0.00017035843122496102,0.00017035843122496102,101.88213474692651
1790867340,0.00017035843122496102,0.0001808108271697363,0.00017035843122496102,0.0001808108271697363,934.9577686507142
1790867400,0.0001808108271697363,0.0001894221100010816,0.0001808108271697363,0.0001894221100010816,6.223651913102224
1790867520,0.0001894221100010816,0.00019419752866256084,0.0001894221100010816,0.00019419752866256084,248.50842965840695
1790867640,0.00019419752866256084,0.00019419752866256084,0.00019197440667150374,0.00019197440667150374,9.883997704059476
1790867700,0.00019197440667150374,0.00019625451054927553,0.00019197440667150374,0.00019625451054927553,197.62601243170718
1790867820,0.00019625451054927553,0.00019625451054927553,0.00018201781882280733,0.00018201781882280733,855.5731016998898
1790867880,0.00018201781882280733,0.00018201781882280733,0.0001797158408766921,0.0001797158408766921,49.3061837629723
1790868120,0.0001797158408766921,0.00018204015365039884,0.00017957405513184974,0.00018204015365039884,21.332023858384638
1790868300,0.00018204015365039884,0.00018204015365039884,0.00017725446108340267,0.00017725446108340267,129.94625451263394
1790868360,0.00017725446108340267,0.00017994237191089023,0.00017725446108340267,0.00017994237191089023,49.26478365069982
1790868540,0.00017994237191089023,0.00017994237191089023,0.0001779346472534544,0.0001779346472534544,11.878147346637435
1790868660,0.0001779346472534544,0.0001911469592753247,0.0001779346472534544,0.0001911469592753247,794.0633975146762
1790868720,0.0001911469592753247,0.00019382065893915672,0.0001911469592753247,0.00019382065893915672,2.237669425972174
1790868780,0.00019382065893915672,0.00019382065893915672,0.00019126316793068585,0.00019126316793068585,1.0002889021249917
1790868900,0.00019126316793068585,0.00019126316793068585,0.000190782564148119,0.000190782564148119,2.9118155773317866
1790868960,0.000190782564148119,0.00019093172530401285,0.000190782564148119,0.00019093172530401285,4.5598236358915605
1790869140,0.00019093172530401285,0.0001942970215149632,0.00019093172530401285,0.0001940976837824027,36.47415029914797
1790869200,0.0001940976837824027,0.0001940976837824027,0.0001916323483841735,0.0001916323483841735,9.883228520527386
1790869260,0.0001916323483841735,0.0001916323483841735,0.0001914594196155707,0.0001914594196155707,4.725895104614393
1790869380,0.0001914594196155707,0.00019455127638272362,0.0001914594196155707,0.00019455127638272362,75.45180011675043
1790869440,0.00019455127638272362,0.0001952480688336267,0.00019455127638272362,0.0001952480688336267,9.706236310903877
1790869680,0.0001952480688336267,0.0001952480688336267,0.00018816672005483325,0.00018816672005483325,364.8309944978021
1790869800,0.00018816672005483325,0.00018882304192526357,0.0001865543227178401,0.00018882304192526357,14.826422103834728
1790869980,0.00018882304192526357,0.00018882304192526357,0.00018564547630469275,0.00018564547630469275,21.720130871520027
1790870040,0.00018564547630469275,0.00018819094904576713,0.00018551492700091566,0.00018819094904576713,46.504633653029366
1790870160,0.00018819094904576713,0.00018819094904576713,0.0001859571136955413,0.0001859571136955413,4.890262286087687
1790870220,0.0001859571136955413,0.00018926716988681183,0.0001859571136955413,0.00018926716988681183,58.938567084732014
1790870280,0.00018926716988681183,0.00018926716988681183,0.00018677684295455557,0.00018677684295455557,10.551614989280218
1790870460,0.00018677684295455557,0.0001891887016496856,0.00018661220517743806,0.00018661220517743806,2.9558011163121947
1790870520,0.00018661220517743806,0.0001893611305372258,0.00018643486652954836,0.00018643486652954836,19.735480983413137
1790870580,0.00018643486652954836,0.000189094643999446,0.00018635280109901116,0.00018635280109901116,41.70615361033672
1790870640,0.00018635280109901116,0.00018635280109901116,0.00018612299871456267,0.00018612299871456267,4.950343069098047
1790870700,0.00018612299871456267,0.00018615348029130124,0.00018612299871456267,0.00018615348029130124,0.49981501125606526
1790870820,0.00018615348029130124,0.0001862640857808833,0.00018615348029130124,0.0001862453060011914,3.0005621486366922
1790870880,0.0001862453060011914,0.0001862453060011914,0.00018601189451998473,0.00018601189451998473,1.4982714299671258
1790870940,0.00018601189451998473,0.00018601189451998473,0.0001856688785973332,0.0001856688785973332,11.542916920616562
1790871000,0.0001856688785973332,0.0001856688785973332,0.00018557065968959828,0.00018557065968959828,3.138927708649555
1790871120,0.00018557065968959828,0.00018557065968959828,0.0001852375859831655,0.0001852375859831655,26.764344386835038
1790871180,0.0001852375859831655,0.0001852375859831655,0.00018280502492913666,0.00018280502492913666,243.83272198440878
1790871360,0.00018280502492913666,0.00018280502492913666,0.00018014998872173564,0.00018014998872173564,52.22776839729721
1790871480,0.00018014998872173564,0.00018014998872173564,0.00017974052781696915,0.00017974052781696915,2.478412547025612
1790871540,0.00017974052781696915,0.00018217650100569414,0.000179550591881548,0.000179550591881548,4.808937915670747
1790871600,0.000179550591881548,0.000179550591881548,0.00017834890976205293,0.00017834890976205293,147.20114704690218
1790871660,0.00017834890976205293,0.00017935935075939077,0.00017834890976205293,0.00017935935075939077,6.54208870252122
1790871720,0.00017935935075939077,0.00017935935075939077,0.00017694135207665994,0.0001769864389730262,7.658658794995192
1790871960,0.0001769864389730262,0.0001769864389730262,0.0001767289041700312,0.0001767289041700312,47.54742797371735
1790872020,0.0001767289041700312,0.0001767289041700312,0.00017172966036574738,0.00017172966036574738,285.58412076340034
1790872200,0.00017172966036574738,0.00017172966036574738,0.00017107053891026242,0.00017107053891026242,11.818285537032736
1790872260,0.00017107053891026242,0.00017316705382343603,0.00017091274221395407,0.00017095897175367883,17.336658346795673
1790872380,0.00017095897175367883,0.0001777437493961535,0.00017095897175367883,0.0001777437493961535,496.1175629183066
1790872440,0.0001777437493961535,0.0001798729267869602,0.0001777437493961535,0.0001796643586557918,7.4921609566266625
1790872500,0.0001796643586557918,0.0001797977728686899,0.0001796643586557918,0.0001797977728686899,8.600844421209537
1790872680,0.0001797977728686899,0.00018124702966247354,0.00017881606777731603,0.00017881606777731603,6.050759202556827
1790872740,0.00017881606777731603,0.0001788429456037763,0.00017881606777731603,0.0001788429456037763,0.839896359543109
1790872800,0.0001788429456037763,0.0001788429456037763,0.000177113734076691,0.000177113734076691,178.35147286297837
1790872860,0.000177113734076691,0.000177113734076691,0.0001752333678530289,0.0001752333678530289,27.81950598362623
1790872920,0.0001752333678530289,0.0001752333678530289,0.0001745962702559322,0.0001745962702559322,49.12459795916563
1790872980,0.0001745962702559322,0.00017667626354555684,0.0001745962702559322,0.00017667626354555684,1.8814005083674576
1790873040,0.00017667626354555684,0.00017683072606180096,0.00017667626354555684,0.00017683072606180096,0.6346614054549302
1790873100,0.00017683072606180096,0.00017683072606180096,0.00017353133129494928,0.00017353133129494928,116.35043843122251
1790873160,0.00017353133129494928,0.0001767938250409451,0.00017353133129494928,0.0001767938250409451,108.02858679071508
1790873400,0.0001767938250409451,0.0001767938250409451,0.00017410084373890795,0.0001764935742222518,1.0098895377190755
1790873460,0.0001764935742222518,0.0001764935742222518,0.00017300787085532376,0.00017300787085532376,48.63476540395351
1790873520,0.00017300787085532376,0.00017304973787374796,0.0001728605883890193,0.0001728605883890193,32.37391951785986
1790873580,0.0001728605883890193,0.0001728605883890193,0.00017174762664293248,0.00017174762664293248,92.04976167876724
1790873760,0.00017174762664293248,0.00017174762664293248,0.00017045321931530183,0.00017045321931530183,32.76284952260768
1790873820,0.00017045321931530183,0.00017045321931530183,0.00016861592303868186,0.00016861592303868186,125.26894513807503
1790873880,0.00016861592303868186,0.00016861592303868186,0.00016206833863393163,0.00016206833863393163,578.5177802115956
1790874000,0.00016206833863393163,0.00016206833863393163,0.0001604673052082947,0.0001604673052082947,4.951245319234783
1790874060,0.0001604673052082947,0.0001604673052082947,0.00015802748955233073,0.00015802748955233073,23.15949959877781
1790874120,0.00015802748955233073,0.00015802748955233073,0.00015695421601453485,0.00015695421601453485,135.99219219416375
1790874180,0.00015695421601453485,0.0001585230832102224,0.00015695421601453485,0.0001585230832102224,10.67820999510632
1790874240,0.0001585230832102224,0.0001587803819531815,0.00015403272998533647,0.00015403272998533647,252.42270409221885
1790874300,0.00015403272998533647,0.00015403272998533647,0.00014163053486345315,0.0001440463180511176,1342.1153260754397
1790874360,0.0001440463180511176,0.00014570487258953882,0.00014369496164459312,0.00014407962232452592,104.39944283908889
1790874420,0.00014407962232452592,0.00014688755270125697,0.00014407962232452592,0.00014688755270125697,76.26291861237472
1790874480,0.00014688755270125697,0.00014710036735752108,0.00014488546952069558,0.00014710036735752108,39.81506178584221
1790874540,0.00014710036735752108,0.0001474635118536826,0.00014336817776093415,0.00014583719959748324,200.85865898759536
1790874600,0.00014583719959748324,0.00014651288071582572,0.00014583719959748324,0.00014651288071582572,59.23932576985606
1790874660,0.00014651288071582572,0.00014816079093921906,0.00014651288071582572,0.00014816079093921906,154.01790391179225
1790874780,0.00014816079093921906,0.0001500997931413153,0.0001472892735108534,0.0001472892735108534,204.42805686180728
1790874840,0.0001472892735108534,0.00014820966907571424,0.0001472892735108534,0.00014820966907571424,8.721818906152288
1790875140,0.00014820966907571424,0.00014867643293653242,0.00014820966907571424,0.00014867643293653242,4.455271504761025
1790875260,0.00014867643293653242,0.00015029659387736716,0.0001468702995484473,0.00015029659387736716,127.34757962065832
1790875320,0.00015029659387736716,0.0001504572048699698,0.00014834133720491546,0.0001504572048699698,12.534126777239548
1790875440,0.0001504572048699698,0.0001550175460268019,0.0001482859557835356,0.00015340073306115287,404.0970719671142
1790875500,0.00015340073306115287,0.00015610081613032562,0.00015340073306115287,0.00015610081613032562,98.01292360113322
1790875560,0.00015610081613032562,0.0001570429621986241,0.00015610081613032562,0.0001570429621986241,4.950548956842922
1790875620,0.0001570429621986241,0.0001570429621986241,0.00015479214473972913,0.00015479214473972913,4.807897255909793
1790875680,0.00015479214473972913,0.00015658292194524614,0.00015437114719649102,0.00015437114719649102,65.13802442944804
1790875740,0.00015437114719649102,0.00015437114719649102,0.0001523939185445718,0.0001523939185445718,237.2297569060888
1790875800,0.0001523939185445718,0.0001528299994405071,0.0001523939185445718,0.0001528299994405071,0.33704988986026946
1790875860,0.0001528299994405071,0.0001528299994405071,0.00015058182790801507,0.00015058182790801507,15.480738805898982
1790875920,0.00015058182790801507,0.00015058182790801507,0.00014750508051377667,0.00014750508051377667,367.7948201785646
1790875980,0.00014750508051377667,0.00014750508051377667,0.00014409873034446232,0.00014409873034446232,19.30712538936362
1790876040,0.00014409873034446232,0.00014582604168219754,0.00014409873034446232,0.00014582604168219754,4.946328079568906
1790876100,0.00014582604168219754,0.0001463436659804797,0.00014380430560658166,0.0001463436659804797,71.92861704544585
1790876160,0.0001463436659804797,0.0001463436659804797,0.0001448297585221742,0.0001448297585221742,1.439028480676323
1790876220,0.0001448297585221742,0.00014482980260872134,0.0001448297585221742,0.00014482980260872134,10.765055685206105
1790876400,0.00014482980260872134,0.00014671688444569715,0.00014472353761122093,0.00014671688444569715,37.339412206740235
1790876520,0.00014671688444569715,0.00014671688444569715,0.00014492518757909441,0.00014492518757909441,6.994042972742257
1790876580,0.00014492518757909441,0.00014826094335206925,0.00014492518757909441,0.00014617208493898024,92.10347101655188
1790876640,0.00014617208493898024,0.00014617208493898024,0.00014467689409883492,0.00014467689409883492,173.08777270224581
1790876760,0.00014467689409883492,0.0001459891441687723,0.00014437651738665656,0.00014437651738665656,64.58258022154064
1790876820,0.00014437651738665656,0.00014617062374809657,0.00014364776659319626,0.00014364776659319626,79.49087635459288
1790876940,0.00014364776659319626,0.0001475320726436729,0.00014364776659319626,0.00014663788760489564,250.7805895045151
1790877000,0.00014663788760489564,0.00014663788760489564,0.00014354422751465225,0.00014515367382743926,162.61590934608196
1790877060,0.00014515367382743926,0.0001457142389849322,0.00014316527978296115,0.0001457142389849322,66.22134785368746
1790877120,0.0001457142389849322,0.0001457142389849322,0.00014325726292252198,0.00014548209816418395,216.7694409775653
1790877180,0.00014548209816418395,0.00014548209816418395,0.00014329146263049352,0.00014329146263049352,16.928562917383474
1790877240,0.00014329146263049352,0.00014329146263049352,0.0001426070141645314,0.0001426070141645314,1.9714906959022758
1790877300,0.0001426070141645314,0.0001426070141645314,0.00014241053559768658,0.00014241053559768658,7.120526779884329
1790877420,0.00014241053559768658,0.00014485221045805834,0.00014228586344633046,0.00014485221045805834,104.47363276625052
1790877480,0.00014485221045805834,0.00014569751577610317,0.00014485221045805834,0.00014569751577610317,1.9629725716777389
1790877540,0.00014569751577610317,0.00014579152198755888,0.00014569751577610317,0.00014579152198755888,19.389362925075183
1790877600,0.00014579152198755888,0.00014656319508582827,0.0001434391939636967,0.0001434391939636967,170.1939382882095
1790877780,0.0001434391939636967,0.0001449194933755716,0.0001434391939636967,0.0001449194933755716,2.9506451965344134
1790877900,0.0001449194933755716,0.0001449194933755716,0.00014257066997983885,0.00014257066997983885,21.028006426149435
1790877960,0.00014257066997983885,0.00014584245860228077,0.00014257066997983885,0.00014584245860228077,93.67457664845071
1790878020,0.00014584245860228077,0.00014607411358475567,0.00014584245860228077,0.00014607411358475567,11.868082410193448
1790878320,0.00014607411358475567,0.00014663635289164194,0.0001442992232948145,0.0001442992232948145,70.12936620818239
1790878440,0.0001442992232948145,0.0001442992232948145,0.00013166436273622783,0.0001337646297489226,1256.1587500317269
1790878500,0.0001337646297489226,0.0001337646297489226,0.00013331762206952893,0.00013331762206952893,46.42786188571345
1790878560,0.00013331762206952893,0.00013488242290025828,0.0001327676830936846,0.0001327676830936846,39.728491919818296
1790878620,0.0001327676830936846,0.0001327676830936846,9.613248813236415e-05,0.0001062210985015857,4194.099258996494
1790878680,0.0001062210985015857,0.0001062210985015857,0.00010224296325084554,0.0001049740310507073,747.2927176483281
1790878740,0.0001049740310507073,0.0001070089234467728,0.00010448318233426408,0.00010448318233426408,180.81909364318767
1790878800,0.00010448318233426408,0.00015432722112410343,0.00010448318233426408,0.00014497476481429764,3897.2987909481026
1790878860,0.00014497476481429764,0.00014712381190612323,0.00014462227631292226,0.0001461758473627456,152.9745660336733
1790878920,0.0001461758473627456,0.00014656901826115437,0.00014415525286158354,0.00014415525286158354,69.72417811997298
1790878980,0.00014415525286158354,0.0001450524621701224,0.00014282213171463052,0.00014282213171463052,103.36089104283235
1790879100,0.00014282213171463052,0.0001433910361880164,0.00014080104285403255,0.00014080104285403255,183.48448505142065
1790879280,0.00014080104285403255,0.00014080104285403255,0.0001400634937695971,0.0001400634937695971,1.0344079954506016
1790879340,0.0001400634937695971,0.00014202977611496416,0.0001400134626357926,0.0001400134626357926,12.594486356974045
1790879400,0.0001400134626357926,0.0001400134626357926,0.00013951571624382133,0.00013951571624382133,22.372429519103466
1790879460,0.00013951571624382133,0.00013951571624382133,0.00013529828398473336,0.00013529828398473336,287.60228491726537
1790879520,0.00013529828398473336,0.00013529828398473336,0.00013504550069607827,0.00013504550069607827,2.9561339724162665
1790879580,0.00013504550069607827,0.00013508943454595688,0.00013504550069607827,0.00013508943454595688,2.2209055914572655
1790879640,0.00013508943454595688,0.00013842375416098915,0.00013490702561319527,0.00013842375416098915,180.46675312650072
1790879700,0.00013842375416098915,0.00013937509614100495,0.0001372932373459585,0.00013937509614100495,15.99470787814101
1790879760,0.00013937509614100495,0.00013937509614100495,0.00013505576523222836,0.00013505576523222836,171.73802054139873
1790879820,0.00013505576523222836,0.00013664409923130598,0.0001341674125215284,0.0001341674125215284,95.11943474020588
1790879880,0.0001341674125215284,0.00013548381681133855,0.0001341674125215284,0.00013548381681133855,1.8779706033714945
1790879940,0.00013548381681133855,0.00013548381681133855,0.00010018043527261748,0.00011102955996194424,4489.047190398754
1790880000,0.00011102955996194424,0.0001121399231197827,0.00011096654236678235,0.0001121399231197827,169.2858131403335
1790880060,0.0001121399231197827,0.00011305404398684309,0.00010846387634185281,0.00011026223221947643,520.174786835181
1790880120,0.00011026223221947643,0.00011353398730120261,0.00010909094604367344,0.00011353398730120261,523.6691248559417
1790880180,0.00011353398730120261,0.00011742000665751747,0.00011353398730120261,0.00011742000665751747,210.4479215817382
1790880240,0.00011742000665751747,0.00011742000665751747,0.00011589264965144804,0.00011589264965144804,11.328974920079242
1790880300,0.00011589264965144804,0.00011784061927143925,0.00011587575921753225,0.00011784061927143925,50.3896416445382
1790880360,0.00011784061927143925,0.00011820166925573854,0.00011784061927143925,0.00011820166925573854,9.956537164152666
1790880420,0.00011820166925573854,0.00011820166925573854,0.00011615267772675915,0.00011615267772675915,48.14783767154524
1790880480,0.00011615267772675915,0.00011615267772675915,0.00011390369219988644,0.00011390369219988644,129.1445423564924
1790880540,0.00011390369219988644,0.00011498568119880294,0.00011314269536750305,0.00011498568119880294,216.40607491858853
1790880660,0.00011498568119880294,0.00011498568119880294,0.0001137056017754944,0.0001137056017754944,61.54421269953334
1790880720,0.0001137056017754944,0.0001137056017754944,0.00010475714029866189,0.00010580172462606321,646.2745643331344
1790880780,0.00010580172462606321,0.00010648973701509497,0.0001031404752434881,0.0001031404752434881,316.526181053262
1790880840,0.0001031404752434881,0.0001031404752434881,9.055331029425065e-05,0.00010134653191855167,1606.7662015033977
1790880900,0.00010134653191855167,0.00010134653191855167,9.897067160464274e-05,9.897067160464274e-05,199.43130451195074
1790880960,9.897067160464274e-05,9.920885608062587e-05,9.455198203944326e-05,9.455198203944326e-05,313.17116169120055
1790881020,9.455198203944326e-05,9.455198203944326e-05,9.062941344507123e-05,9.062941344507123e-05,316.45626367807967
1790881080,9.062941344507123e-05,9.204922206323324e-05,8.934229627014977e-05,9.204922206323324e-05,380.5118177429903
1790881140,9.204922206323324e-05,9.204922206323324e-05,8.974927653510949e-05,9.080984948243416e-05,157.12857745965616
1790881200,9.080984948243416e-05,9.127457565476308e-05,9.080984948243416e-05,9.127457565476308e-05,63.83874378484743
1790881260,9.127457565476308e-05,9.177153645112487e-05,9.025938019577977e-05,9.025938019577977e-05,21.901500766809207
1790881320,9.025938019577977e-05,9.025938019577977e-05,8.080839758504815e-05,8.204883234414177e-05,810.6913565077011
1790881380,8.204883234414177e-05,8.204883234414177e-05,7.693207858387664e-05,7.745521533662663e-05,646.643977811093
1790881440,7.745521533662663e-05,8.507305656325739e-05,7.662239424237936e-05,8.507305656325739e-05,930.8335869618934
1790881500,8.507305656325739e-05,9.645320903332423e-05,8.507305656325739e-05,9.645320903332423e-05,701.5994139450222
1790881560,9.645320903332423e-05,9.825582705524033e-05,9.560929889393587e-05,9.560929889393587e-05,356.1851364210286
1790881620,9.560929889393587e-05,9.748613318768676e-05,9.537212111913735e-05,9.748613318768676e-05,100.13398545027727
1790881680,9.748613318768676e-05,9.748613318768676e-05,9.560900290404838e-05,9.701777242749062e-05,78.1041404812845
1790881740,9.701777242749062e-05,9.701777242749062e-05,9.523459596383381e-05,9.523459596383381e-05,54.7301192523227
1790881800,9.523459596383381e-05,9.523459596383381e-05,9.356064971527249e-05,9.483706796271625e-05,123.74920728677203
1790881860,9.483706796271625e-05,9.483706796271625e-05,9.227750369989662e-05,9.227750369989662e-05,99.3318588377539
1790881920,9.227750369989662e-05,9.383271574547688e-05,9.165090929127852e-05,9.383271574547688e-05,182.0244280100493
1790881980,9.383271574547688e-05,9.400606947995552e-05,9.256453767524065e-05,9.377737490026786e-05,31.274586886897925
1790882040,9.377737490026786e-05,9.377737490026786e-05,8.957589002564494e-05,8.957589002564494e-05,410.7195078009609
1790882160,8.957589002564494e-05,8.957589002564494e-05,8.866125992272132e-05,8.889049926458402e-05,25.464582848111963
1790882220,8.889049926458402e-05,9.462358006047045e-05,8.889049926458402e-05,9.314513867520153e-05,486.58942794826623
1790882280,9.314513867520153e-05,9.861616862261761e-05,9.314513867520153e-05,9.861616862261761e-05,421.6645266528259
1790882340,9.861616862261761e-05,9.948129792821875e-05,9.724650435958048e-05,9.948129792821875e-05,152.1900430439394
1790882400,9.948129792821875e-05,0.00010306540370118956,9.948129792821875e-05,0.00010306540370118956,390.9256810989771
1790882460,0.00010306540370118956,0.00010904525075646262,0.00010306540370118956,0.00010904525075646262,375.1500895031878
1790882520,0.00010904525075646262,0.00011684549040258318,0.00010904525075646262,0.00011088320954279412,1601.6752201618822
1790882580,0.00011088320954279412,0.00011088320954279412,0.0001069500805714781,0.00010844291937257997,36.58849780424675
1790882640,0.00010844291937257997,0.00010844291937257997,0.00010551316136785799,0.00010755846923596777,148.6163411119928
1790882700,0.00010755846923596777,0.00010755846923596777,0.0001033659281207093,0.0001033659281207093,243.26250251501145
1790882760,0.0001033659281207093,0.00010399623484355419,0.0001033659281207093,0.00010399623484355419,89.21291751372353
1790882820,0.00010399623484355419,0.00010399623484355419,0.00010218675717240979,0.00010218675717240979,78.02296701711148
1790882880,0.00010218675717240979,0.00010356194080661464,0.00010218675717240979,0.00010356194080661464,52.72022896489233
1790882940,0.00010356194080661464,0.00010356194080661464,0.0001014353544689165,0.00010272548546201143,63.79027046463089
1790883060,0.00010272548546201143,0.00010285126369679637,0.00010272548546201143,0.00010285126369679637,2.5814116450024525
1790883120,0.00010285126369679637,0.00010396378377808948,0.00010285126369679637,0.00010396378377808948,109.35379009904905
1790883180,0.00010396378377808948,0.00010504338330354804,0.00010396378377808948,0.00010504338330354804,78.218085253572
1790883240,0.00010504338330354804,0.00010504338330354804,0.00010405742898410653,0.00010405742898410653,0.35881791532723084
1790883300,0.00010405742898410653,0.00010559281704472524,0.00010399091810909816,0.00010559157925455861,64.09153782886347
1790883420,0.00010559157925455861,0.00010583508833584278,0.00010559157925455861,0.00010583508833584278,24.729646721535843
1790883480,0.00010583508833584278,0.00010583508833584278,0.00010441060971041364,0.00010441060971041364,7.545821151378387
1790883540,0.00010441060971041364,0.00010690563744244425,0.00010441060971041364,0.00010690563744244425,115.32663472446288
1790883660,0.00010690563744244425,0.0001083476339259163,0.00010690563744244425,0.00010755602520972549,98.1072209848033
1790883780,0.00010755602520972549,0.00010914361407921671,0.00010755602520972549,0.00010914361407921671,3.0407638509116994
1790883840,0.00010914361407921671,0.00010914361407921671,0.00010714151905083176,0.00010714151905083176,45.446276346475344
1790883900,0.00010714151905083176,0.00010918448885796499,0.00010714151905083176,0.00010918448885796499,95.5443374716503
1790883960,0.00010918448885796499,0.00010966107926439819,0.00010827673355982126,0.00010966107926439819,24.488625891787827
1790884020,0.00010966107926439819,0.00010970630922638852,0.00010966107926439819,0.00010970630922638852,0.0806552339143661
1790884080,0.00010970630922638852,0.00010970630922638852,0.00010751478338945517,0.00010787929881774194,52.62529675181266
1790884200,0.00010787929881774194,0.00011109776509682719,0.00010787929881774194,0.00011109776509682719,191.98570118770039
1790884260,0.00011109776509682719,0.00011247254241028669,0.00011109776509682719,0.00011247254241028669,81.71922844360392
1790884320,0.00011247254241028669,0.00011296459375912117,0.00011247254241028669,0.00011296459375912117,0.7259770722370983
1790884380,0.00011296459375912117,0.00011296459375912117,0.0001114377093157539,0.0001114377093157539,1.1139200118911814
1790884440,0.0001114377093157539,0.00011296109461037023,0.00011085051099258636,0.00011085051099258636,64.8874611068554
1790884560,0.00011085051099258636,0.00011085051099258636,0.00011018246243018606,0.00011018246243018606,20.82411201990953
1790884620,0.00011018246243018606,0.00011157754478625453,0.00011018246243018606,0.00011157754478625453,2.5912425757390274
1790884680,0.00011157754478625453,0.00011157754478625453,0.00010409904748613684,0.00010409904748613684,449.2968731950937
1790884740,0.00010409904748613684,0.00010409904748613684,0.0001039399526448516,0.0001039399526448516,2.163320266004221
1790884800,0.0001039399526448516,0.00010709066574284661,0.0001039399526448516,0.00010589553377508914,442.4784387502273
1790884860,0.00010589553377508914,0.00010589553377508914,0.00010435258838443806,0.00010578568782176568,14.718872885870034
1790884920,0.00010578568782176568,0.0001059351033047513,0.00010578568782176568,0.0001059351033047513,5.567977689486512
1790884980,0.0001059351033047513,0.0001059351033047513,0.00010446576667022771,0.00010446576667022771,1.047642485361116
1790885100,0.00010446576667022771,0.00010452704585316744,0.00010406949096203722,0.00010406949096203722,27.550882218406738
1790885160,0.00010406949096203722,0.00010406954538885751,0.00010337161255001544,0.00010406954538885751,130.18494179900432
1790885220,0.00010406954538885751,0.00010406954538885751,0.00010206705061365413,0.00010206705061365413,98.1240792316801
1790885280,0.00010206705061365413,0.00010206705061365413,9.923037661135922e-05,9.923037661135922e-05,273.22876561469184
1790885340,9.923037661135922e-05,9.923037661135922e-05,9.33886789158929e-05,9.362280278031529e-05,487.8694915252593
1790885400,9.362280278031529e-05,9.434407268581543e-05,9.305280958816237e-05,9.434407268581543e-05,84.62192669885422
1790885580,9.434407268581543e-05,9.434407268581543e-05,8.731205746009713e-05,8.731205746009713e-05,545.7553018504988
1790885640,8.731205746009713e-05,9.167651119732938e-05,8.614670879450165e-05,9.167651119732938e-05,383.6156245346838
1790885700,9.167651119732938e-05,9.167651119732938e-05,9.051060655929496e-05,9.051060655929496e-05,34.17652558511101
1790885760,9.051060655929496e-05,9.051060655929496e-05,8.706944548318108e-05,8.717612389296779e-05,380.9310433828614
1790885820,8.717612389296779e-05,8.717612389296779e-05,8.54724465660185e-05,8.54724465660185e-05,74.71608890690894
1790885880,8.54724465660185e-05,8.63118346516521e-05,8.54724465660185e-05,8.63118346516521e-05,9.353148910311994
1790885940,8.63118346516521e-05,8.63316093819322e-05,8.513478772851599e-05,8.63316093819322e-05,4.1771202675393395
1790886000,8.63316093819322e-05,8.65320900004221e-05,8.482083200543395e-05,8.482083200543395e-05,104.70323923034739
1790886060,8.482083200543395e-05,8.583276748779744e-05,8.482083200543395e-05,8.583276748779744e-05,38.84495802690874
1790886120,8.583276748779744e-05,8.583276748779744e-05,8.455257338748079e-05,8.565424547079795e-05,84.80100448019097
1790886180,8.565424547079795e-05,8.565424547079795e-05,8.081982127903993e-05,8.081982127903993e-05,607.0965241795462
1790886240,8.081982127903993e-05,8.081982127903993e-05,7.71219489644929e-05,8.057539531372774e-05,220.54745533140627
1790886300,8.057539531372774e-05,8.174832553276173e-05,8.057539531372774e-05,8.07769093636713e-05,116.37184110711034
1790886360,8.07769093636713e-05,8.442583659682334e-05,8.07769093636713e-05,8.442583659682334e-05,208.43952251560376
1790886480,8.442583659682334e-05,8.442583659682334e-05,8.274095179389532e-05,8.274095179389532e-05,73.97880761861288
1790886660,8.274095179389532e-05,8.416279459681974e-05,8.249017958281097e-05,8.316010299859798e-05,291.1067618680628
1790886720,8.316010299859798e-05,8.316010299859798e-05,8.200996004473985e-05,8.200996004473985e-05,13.493988946491603
1790886780,8.200996004473985e-05,8.745475145304232e-05,8.200996004473985e-05,8.745475145304232e-05,694.7728864095495
1790886840,8.745475145304232e-05,9.223405238788494e-05,8.745475145304232e-05,9.223405238788494e-05,76.70315817844217
1790886900,9.223405238788494e-05,9.293002987731222e-05,9.073609221442806e-05,9.073609221442806e-05,119.38619207700009
1790886960,9.073609221442806e-05,9.242078588815697e-05,9.073609221442806e-05,9.242078588815697e-05,41.058268765480875
1790887020,9.242078588815697e-05,9.286663061964959e-05,9.119989891387902e-05,9.286663061964959e-05,80.62239493014921
1790887200,9.286663061964959e-05,9.286663061964959e-05,9.136707043535446e-05,9.136707043535446e-05,92.56087738055558
1790887320,9.136707043535446e-05,9.136707043535446e-05,9.046921503061945e-05,9.046921503061945e-05,46.882268692584525
1790887380,9.046921503061945e-05,9.13717387508867e-05,9.004076343752191e-05,9.13717387508867e-05,54.85814642754831
1790887440,9.13717387508867e-05,9.17342258646115e-05,9.13717387508867e-05,9.17342258646115e-05,22.300276388395968
1790887500,9.17342258646115e-05,9.206447719931666e-05,9.17342258646115e-05,9.206447719931666e-05,18.201688257486182
1790887560,9.206447719931666e-05,9.206447719931666e-05,9.075154452380553e-05,9.075154452380553e-05,8.898082608426439
1790887620,9.075154452380553e-05,9.075154452380553e-05,9.070713563986593e-05,9.070713563986593e-05,10.315147734763734
1790887740,9.070713563986593e-05,9.070713563986593e-05,8.895492609612618e-05,8.996173331654334e-05,158.67338112512604
1790887800,8.996173331654334e-05,8.996173331654334e-05,8.865029752714406e-05,8.992546520697063e-05,15.200661255885196
1790887860,8.992546520697063e-05,8.992546520697063e-05,8.876297341551891e-05,8.876297341551891e-05,0.8259517219812242
1790887980,8.876297341551891e-05,9.007518772956007e-05,8.876218707564655e-05,8.876218707564655e-05,21.350023179362594
1790888040,8.876218707564655e-05,8.952518845582905e-05,8.839834524279479e-05,8.952518845582905e-05,65.68073254640069
1790888160,8.952518845582905e-05,8.952518845582905e-05,8.725657870610987e-05,8.725657870610987e-05,192.83960286576408
1790888520,8.725657870610987e-05,8.733984669869482e-05,8.725657870610987e-05,8.733984669869482e-05,8.792784643427417
1790888580,8.733984669869482e-05,8.975851205876525e-05,8.733984669869482e-05,8.975851205876525e-05,387.65991456273827
1790888760,8.975851205876525e-05,9.227675590948715e-05,8.975851205876525e-05,9.227675590948715e-05,4.271211863764525
1790888820,9.227675590948715e-05,9.345476824422002e-05,9.227675590948715e-05,9.345476824422002e-05,113.65451714290712
1790888940,9.345476824422002e-05,9.437253880094109e-05,9.305655796038109e-05,9.437253880094109e-05,68.74358442417714
1790889060,9.437253880094109e-05,9.437253880094109e-05,9.29856694193147e-05,9.29856694193147e-05,8.882472454425132
1790889240,9.29856694193147e-05,9.471621005726129e-05,9.29856694193147e-05,9.471621005726129e-05,62.91498593034834
1790889300,9.471621005726129e-05,9.511259946543752e-05,9.471621005726129e-05,9.511259946543752e-05,33.26622770097889
1790889360,9.511259946543752e-05,9.535699290738091e-05,9.511259946543752e-05,9.535699290738091e-05,2.6514194394042394
1790889420,9.535699290738091e-05,9.544931769680464e-05,9.15998180432522e-05,9.15998180432522e-05,396.6544064023935
1790889480,9.15998180432522e-05,9.15998180432522e-05,8.903179002329684e-05,8.903179002329684e-05,4.261993770999678
1790889540,8.903179002329684e-05,9.032723406131787e-05,8.903179002329684e-05,8.904667733189161e-05,33.31240762652703
1790889780,8.904667733189161e-05,8.904667733189161e-05,8.892759081813881e-05,8.892759081813881e-05,1.7785518163627763
1790889840,8.892759081813881e-05,8.892759081813881e-05,8.883618219108127e-05,8.883618219108127e-05,0.729583938148249
1790889960,8.883618219108127e-05,8.883618219108127e-05,8.849724948827878e-05,8.849724948827878e-05,26.688285885088558
1790890200,8.849724948827878e-05,8.849724948827878e-05,8.522117457892597e-05,8.522117457892597e-05,380.00700613896265
1790890380,8.522117457892597e-05,8.522117457892597e-05,8.342365477609012e-05,8.342365477609012e-05,24.817609321848945
1790890440,8.342365477609012e-05,8.342365477609012e-05,8.329187119302133e-05,8.331647500814134e-05,3.9700907926852267
1790890500,8.331647500814134e-05,8.556203843574142e-05,8.331647500814134e-05,8.548444594678079e-05,91.56250269276788
1790890560,8.548444594678079e-05,8.548444594678079e-05,8.433972988790728e-05,8.433972988790728e-05,12.03260520233077
1790890680,8.433972988790728e-05,8.51750388019803e-05,8.365822326001875e-05,8.51750388019803e-05,234.46109338914803
1790890800,8.51750388019803e-05,8.615801369870195e-05,8.51750388019803e-05,8.615801369870195e-05,22.80138412282039
1790890860,8.615801369870195e-05,8.615801369870195e-05,8.51518762622793e-05,8.51518762622793e-05,1.0680451282762848
1790890920,8.51518762622793e-05,8.51518762622793e-05,8.507219204325599e-05,8.507219204325599e-05,1.0990956537985668
1790890980,8.507219204325599e-05,8.61989842497672e-05,8.506188294006957e-05,8.61989842497672e-05,11.777749133591472
1790891040,8.61989842497672e-05,8.622432962809291e-05,8.61989842497672e-05,8.622432962809291e-05,13.6368320537461
1790891280,8.622432962809291e-05,8.646729880123419e-05,8.622432962809291e-05,8.646729880123419e-05,9.950400539289252
1790891340,8.646729880123419e-05,8.646729880123419e-05,8.52040780765506e-05,8.52040780765506e-05,22.608547847606157
1790891400,8.52040780765506e-05,8.639399192081446e-05,8.52040780765506e-05,8.639399192081446e-05,14.559735296248205
1790891520,8.639399192081446e-05,8.643751623120892e-05,8.516458450734704e-05,8.643751623120892e-05,12.924197346176761
1790891580,8.643751623120892e-05,8.643751623120892e-05,7.965611215883739e-05,7.965611215883739e-05,495.4490155839567
1790891640,7.965611215883739e-05,7.965611215883739e-05,7.637845116593807e-05,7.753037175216656e-05,446.35711146646156
1790891700,7.753037175216656e-05,8.037674114395711e-05,7.639881425868409e-05,8.037674114395711e-05,253.71204025034552
1790891760,8.037674114395711e-05,8.046368800604239e-05,8.037674114395711e-05,8.046368800604239e-05,3.3806425485222187
1790891820,8.046368800604239e-05,8.046368800604239e-05,7.93790562620698e-05,7.93790562620698e-05,0.4419263841809596
1790891880,7.93790562620698e-05,8.086368926604505e-05,7.93790562620698e-05,8.086368926604505e-05,58.203529845617616
1790892000,8.086368926604505e-05,8.086368926604505e-05,7.982592405630389e-05,7.982592405630389e-05,58.128642171058445
1790892120,7.982592405630389e-05,8.094796207208626e-05,7.982592405630389e-05,8.094796207208626e-05,25.77023757229737
1790892180,8.094796207208626e-05,8.2091073143562e-05,8.060808272537019e-05,8.2091073143562e-05,113.29762699210801
1790892420,8.2091073143562e-05,8.22715395514004e-05,8.071296130487593e-05,8.14550859436161e-05,104.55959254044998
1790892540,8.14550859436161e-05,8.14550859436161e-05,7.773943760477592e-05,7.773943760477592e-05,323.29959517892985
1790892660,7.773943760477592e-05,7.773943760477592e-05,7.662753913364506e-05,7.662753913364506e-05,6.030723948039652
1790892720,7.662753913364506e-05,7.775282369765727e-05,7.662753913364506e-05,7.775282369765727e-05,14.969258998582694
1790892780,7.775282369765727e-05,7.878131553320632e-05,7.775282369765727e-05,7.878131553320632e-05,77.10957162506995
1790893200,7.878131553320632e-05,7.878131553320632e-05,7.75440577883217e-05,7.75440577883217e-05,17.98551529850146
1790893260,7.75440577883217e-05,7.847886398952033e-05,7.739184521478955e-05,7.847886398952033e-05,28.842235858507607
1790893380,7.847886398952033e-05,7.847886398952033e-05,7.711331041020594e-05,7.711331041020594e-05,27.7051225062591
1790893560,7.711331041020594e-05,7.831144815536089e-05,7.711331041020594e-05,7.831144815536089e-05,15.010900335806252
1790893740,7.831144815536089e-05,7.894576362502747e-05,7.722188707127243e-05,7.894576362502747e-05,126.9110499826563
1790893860,7.894576362502747e-05,7.894576362502747e-05,7.852465718963903e-05,7.852465718963903e-05,4.963067235623936
1790893920,7.852465718963903e-05,7.905949934331247e-05,7.827962166583352e-05,7.905949934331247e-05,51.46136038194104
1790894040,7.905949934331247e-05,7.905949934331247e-05,7.789994622549454e-05,7.789994622549454e-05,4.507087555647576
1790894100,7.789994622549454e-05,7.790132614189096e-05,7.786389788290812e-05,7.786389788290812e-05,7.815946804378941
1790894160,7.786389788290812e-05,7.914884162250454e-05,7.786389788290812e-05,7.914884162250454e-05,22.312115890352864
1790894280,7.914884162250454e-05,7.935438954552837e-05,7.914884162250454e-05,7.935438954552837e-05,7.841043803844713
1790894340,7.935438954552837e-05,7.935438954552837e-05,7.827157445811519e-05,7.827157445811519e-05,1.055406186467344
1790894520,7.827157445811519e-05,7.827157445811519e-05,7.817749449546146e-05,7.817749449546146e-05,3.8395815563008666
1790894580,7.817749449546146e-05,7.903699953898449e-05,7.784858580126689e-05,7.903699953898449e-05,95.16439102338371
1790894880,7.903699953898449e-05,7.903699953898449e-05,7.682300245810476e-05,7.682300245810476e-05,209.81533544474433
1790895060,7.682300245810476e-05,7.704188296242244e-05,7.508509388269525e-05,7.704188296242244e-05,139.5044793631049
1790895120,7.704188296242244e-05,7.806576120115142e-05,7.564440917516048e-05,7.564440917516048e-05,189.69633471654134
1790895180,7.564440917516048e-05,7.574640590040246e-05,7.564440917516048e-05,7.574640590040246e-05,0.7574640590040246
1790895300,7.574640590040246e-05,7.580735024056627e-05,7.574640590040246e-05,7.580735024056627e-05,0.7580735024056627
1790895480,7.580735024056627e-05,7.580735024056627e-05,7.520946870798886e-05,7.520946870798886e-05,98.1654619956254
1790895540,7.520946870798886e-05,7.576009787858242e-05,7.456624128522145e-05,7.456624128522145e-05,18.32088595585054
1790895600,7.456624128522145e-05,7.514270638952217e-05,7.423276310236488e-05,7.514270638952217e-05,33.37505717824771
1790895660,7.514270638952217e-05,7.530799192061114e-05,7.429698441417284e-05,7.429698441417284e-05,39.578002129734735
1790895900,7.429698441417284e-05,7.575705750194236e-05,7.429698441417284e-05,7.575705750194236e-05,63.51973289273895
1790895960,7.575705750194236e-05,7.575705750194236e-05,7.488779576635467e-05,7.488779576635467e-05,15.754513823976849
1790896020,7.488779576635467e-05,7.488779576635467e-05,7.477488665465807e-05,7.477488665465807e-05,3.653792770343564
1790896140,7.477488665465807e-05,7.585971001817223e-05,7.396581644094706e-05,7.396581644094706e-05,148.6664910168027
1790896200,7.396581644094706e-05,7.396581644094706e-05,7.292118784307615e-05,7.292118784307615e-05,36.59976936022257
1790896260,7.292118784307615e-05,7.292118784307615e-05,7.215793459083747e-05,7.215793459083747e-05,97.76827881753711
1790896380,7.215793459083747e-05,7.215793459083747e-05,7.04395989649079e-05,7.04395989649079e-05,106.4386869697966
1790896500,7.04395989649079e-05,7.264905429193792e-05,7.04395989649079e-05,7.264905429193792e-05,226.07372865370024
1790896560,7.264905429193792e-05,7.264905429193792e-05,7.185863659336681e-05,7.185863659336681e-05,192.55737914040762
1790896680,7.185863659336681e-05,7.185863659336681e-05,7.071573822826945e-05,7.071573822826945e-05,14.14314764565389
1790896740,7.071573822826945e-05,7.268539745054266e-05,7.063244816250011e-05,7.268539745054266e-05,189.2799522658364
1790896800,7.268539745054266e-05,7.279124147695225e-05,7.268539745054266e-05,7.279124147695225e-05,0.05578697453596348
1790896860,7.279124147695225e-05,7.279124147695225e-05,7.267659836019056e-05,7.267659836019056e-05,9.88259428335896
1790896920,7.267659836019056e-05,7.267659836019056e-05,6.945367530251382e-05,6.945367530251382e-05,474.504446318207
1790897040,6.945367530251382e-05,7.051204961188312e-05,6.73556714783993e-05,7.051204961188312e-05,215.083723512179
1790897100,7.051204961188312e-05,7.051204961188312e-05,6.947247832635903e-05,6.947247832635903e-05,15.782183943159025
1790897220,6.947247832635903e-05,6.947247832635903e-05,6.942719984467896e-05,6.942719984467896e-05,2.6466880518548095
1790897340,6.942719984467896e-05,7.01982952672179e-05,6.931838223369657e-05,7.01982952672179e-05,27.700183318596466
1790897400,7.01982952672179e-05,7.106476573380695e-05,7.01982952672179e-05,7.106476573380695e-05,88.57073080614933
1790897460,7.106476573380695e-05,7.106476573380695e-05,6.921559689098803e-05,6.921559689098803e-05,181.16173412925232
1790897520,6.921559689098803e-05,6.986736923058877e-05,6.821931373012714e-05,6.986736923058877e-05,77.9101163390452
1790897580,6.986736923058877e-05,6.986736923058877e-05,6.884009812984949e-05,6.884009812984949e-05,2.8401126906731555
1790897640,6.884009812984949e-05,6.887828880413725e-05,6.884009812984949e-05,6.887828880413725e-05,1.9756544663984448
1790897700,6.887828880413725e-05,6.887828880413725e-05,6.880305037705994e-05,6.880305037705994e-05,8.488547565664451
1790897880,6.880305037705994e-05,6.880305037705994e-05,6.868715239267915e-05,6.868715239267915e-05,6.868715239267915
1790897940,6.868715239267915e-05,6.966972468185294e-05,6.868715239267915e-05,6.966972468185294e-05,5.937405031791498
1790898240,6.966972468185294e-05,7.035341251081223e-05,6.966972468185294e-05,7.035341251081223e-05,117.10944403149135
1790898300,7.035341251081223e-05,7.098260710550468e-05,7.035341251081223e-05,7.098260710550468e-05,0.15232618932144265
1790898420,7.098260710550468e-05,7.109520611694507e-05,7.098260710550468e-05,7.109520611694507e-05,16.027861339729903
1790898480,7.109520611694507e-05,7.113906308152905e-05,7.014924825713763e-05,7.014924825713763e-05,3.2515872798094554
1790898540,7.014924825713763e-05,7.020038032071622e-05,7.014924825713763e-05,7.020038032071622e-05,2.002846637554209
1790898600,7.020038032071622e-05,7.020038032071622e-05,7.017374889516202e-05,7.017374889516202e-05,9.774136968454389
1790898660,7.017374889516202e-05,8.277117519437384e-05,7.017374889516202e-05,8.277117519437384e-05,1003.9700367439494
1790898720,8.277117519437384e-05,8.395823700565044e-05,7.85206526751899e-05,7.85206526751899e-05,566.9649517725169
1790898780,7.85206526751899e-05,7.866047009947933e-05,7.85206526751899e-05,7.866047009947933e-05,19.3970685944331
1790898840,7.866047009947933e-05,7.883380770140196e-05,7.866047009947933e-05,7.883380770140196e-05,13.539650645935321
1790898900,7.883380770140196e-05,7.901417313342746e-05,7.883380770140196e-05,7.901417313342746e-05,14.631074739201082
1790898960,7.901417313342746e-05,7.901417313342746e-05,7.721132814772337e-05,7.721132814772337e-05,124.79934369706757
1790899200,7.721132814772337e-05,7.763311536793586e-05,7.721132814772337e-05,7.763311536793586e-05,9.705732647145554
1790899260,7.763311536793586e-05,7.763311536793586e-05,7.65210053755019e-05,7.65210053755019e-05,1.249623088965651
1790899320,7.65210053755019e-05,7.659341793692943e-05,7.65210053755019e-05,7.659341793692943e-05,3.76285947714914
1790899380,7.659341793692943e-05,7.659341793692943e-05,7.65222974554698e-05,7.65222974554698e-05,5.868021889235935
1790899500,7.65222974554698e-05,7.882630813538543e-05,7.643509024362511e-05,7.643509024362511e-05,660.5190226101807
1790899560,7.643509024362511e-05,7.643509024362511e-05,7.437531974236596e-05,7.437531974236596e-05,29.7584304128608
1790899680,7.437531974236596e-05,7.535624393068829e-05,7.437531974236596e-05,7.535624393068829e-05,0.9812079774441868
1790899740,7.535624393068829e-05,7.535624393068829e-05,7.422995803088242e-05,7.422995803088242e-05,9.280268138693602
1790899800,7.422995803088242e-05,7.535588010945049e-05,7.422995803088242e-05,7.535588010945049e-05,22.43380009816401
1790900040,7.535588010945049e-05,7.535588010945049e-05,7.42418447685983e-05,7.495264380769487e-05,51.03192545278242
1790900160,7.495264380769487e-05,7.51151964447125e-05,7.495264380769487e-05,7.51151964447125e-05,14.653190290754837
1790900220,7.51151964447125e-05,7.51151964447125e-05,7.403159201871493e-05,7.407226621011511e-05,35.13511983576164
1790900280,7.407226621011511e-05,7.498386499579645e-05,7.39872330559395e-05,7.498386499579645e-05,14.41783304740984
1790900340,7.498386499579645e-05,7.498386499579645e-05,7.399761080470571e-05,7.399761080470571e-05,2.966549503031734
1790900520,7.399761080470571e-05,7.531466136004325e-05,7.399761080470571e-05,7.531466136004325e-05,49.47454812983257
1790900580,7.531466136004325e-05,7.531466136004325e-05,7.458267973252908e-05,7.458267973252908e-05,8.87675826115487
1790900640,7.458267973252908e-05,7.589440169166607e-05,7.387883337060427e-05,7.387883337060427e-05,257.2473343778911
1790901000,7.387883337060427e-05,7.387883337060427e-05,7.382665561185455e-05,7.382665561185455e-05,22.06714618923878
1790901060,7.382665561185455e-05,7.382665561185455e-05,7.281420747814814e-05,7.281420747814814e-05,5.097220581390033
1790901180,7.281420747814814e-05,7.638905889350867e-05,7.281420747814814e-05,7.612246200072832e-05,395.7727027378491
1790901240,7.612246200072832e-05,7.612246200072832e-05,7.570377457983586e-05,7.570377457983586e-05,23.25325110250883
1790901300,7.570377457983586e-05,7.720332962597582e-05,7.570377457983586e-05,7.720332962597582e-05,59.02721230582328
1790901420,7.720332962597582e-05,7.720332962597582e-05,7.629484847576785e-05,7.629484847576785e-05,3.7382210224140615
1790901540,7.629484847576785e-05,7.754945862900746e-05,7.629484847576785e-05,7.754945862900746e-05,14.248786937810532
1790901600,7.754945862900746e-05,8.180369359119289e-05,7.754945862900746e-05,8.180369359119289e-05,358.82791584459994
1790901660,8.180369359119289e-05,8.194429044475226e-05,8.180369359119289e-05,8.194429044475226e-05,13.00804339762811
1790901720,8.194429044475226e-05,8.198307052164288e-05,8.081466499022088e-05,8.081466499022088e-05,10.823461102011931
1790901780,8.081466499022088e-05,8.197165751840876e-05,8.069298819993234e-05,8.197165751840876e-05,61.07736775512845
1790901840,8.197165751840876e-05,8.250855893175346e-05,8.197165751840876e-05,8.250855893175346e-05,12.055824673832902
1790901960,8.250855893175346e-05,8.250855893175346e-05,8.248934944740603e-05,8.248934944740603e-05,3.6722059655846064
1790902020,8.248934944740603e-05,8.265785424855588e-05,8.248934944740603e-05,8.265785424855588e-05,1.9843718772951653
1790902080,8.265785424855588e-05,8.265785424855588e-05,8.000131661404333e-05,8.000131661404333e-05,240.6067120346713
1790902260,8.000131661404333e-05,8.000131661404333e-05,7.849843731562061e-05,7.849843731562061e-05,5.460422090763957
1790902320,7.849843731562061e-05,7.997434161124842e-05,7.846517196243587e-05,7.997434161124842e-05,38.91397449755494
1790902380,7.997434161124842e-05,8.002191991927015e-05,7.997434161124842e-05,8.002191991927015e-05,11.41868559682257
1790902440,8.002191991927015e-05,8.083952072878822e-05,7.902871430383893e-05,8.083952072878822e-05,118.75840085428943
1790902500,8.083952072878822e-05,8.152878835990592e-05,8.083952072878822e-05,8.152878835990592e-05,2.151514895635534
1790902980,8.152878835990592e-05,8.152878835990592e-05,8.018133561119978e-05,8.018133561119978e-05,17.52658778358845
1790903100,8.018133561119978e-05,8.145810393019794e-05,8.018133561119978e-05,8.145810393019794e-05,42.01080224496088
1790903160,8.145810393019794e-05,8.210328332148838e-05,8.048248471016527e-05,8.210328332148838e-05,113.01511243398423
1790903220,8.210328332148838e-05,8.210328332148838e-05,8.133328877814856e-05,8.133328877814856e-05,26.322822293222828
1790903340,8.133328877814856e-05,8.133328877814856e-05,8.121703063273717e-05,8.121703063273717e-05,5.932114036548548
1790903520,8.121703063273717e-05,8.257954891270824e-05,8.121703063273717e-05,8.257954891270824e-05,47.588590485037514
1790903640,8.257954891270824e-05,8.299096918402956e-05,8.257954891270824e-05,8.299096918402956e-05,9.701296106761088
1790903700,8.299096918402956e-05,8.313380756849609e-05,8.299096918402956e-05,8.313380756849609e-05,14.329405882818813
1790904000,8.313380756849609e-05,8.313380756849609e-05,8.186028559295748e-05,8.186028559295748e-05,6.857189706980592
1790904120,8.186028559295748e-05,8.317696183384127e-05,8.186028559295748e-05,8.317696183384127e-05,49.32961273648522
1790904600,8.317696183384127e-05,8.381230393608195e-05,8.317696183384127e-05,8.381230393608195e-05,13.399811691395831
1790904660,8.381230393608195e-05,8.38435255742789e-05,8.381230393608195e-05,8.38435255742789e-05,0.5952897714964933
1790904780,8.38435255742789e-05,8.38435255742789e-05,8.257327481184228e-05,8.371553700904915e-05,24.916347365298797
1790904900,8.371553700904915e-05,8.371553700904915e-05,8.166560058258918e-05,8.166560058258918e-05,93.55533683659198
1790905140,8.166560058258918e-05,8.25500519378598e-05,8.055870467182504e-05,8.178474678143319e-05,137.01581599705042
1790905260,8.178474678143319e-05,8.227017981289694e-05,8.178474678143319e-05,8.227017981289694e-05,39.26933840065954
1790905380,8.227017981289694e-05,8.264001156463905e-05,8.227017981289694e-05,8.264001156463905e-05,19.471995820989473
1790905680,8.264001156463905e-05,8.290224831867397e-05,8.264001156463905e-05,8.290224831867397e-05,19.388539361624147
1790905920,8.290224831867397e-05,8.876474087654859e-05,8.290224831867397e-05,8.876474087654859e-05,756.6545590587
1790906040,8.876474087654859e-05,8.876474087654859e-05,8.714804429083578e-05,8.714804429083578e-05,4.3908031810699715
1790906280,8.714804429083578e-05,8.714804429083578e-05,8.591828799352138e-05,8.591828799352138e-05,124.85974210533139
1790906340,8.591828799352138e-05,8.688533748668053e-05,8.591828799352138e-05,8.688533748668053e-05,1.8803093911349993
1790906400,8.688533748668053e-05,8.688533748668053e-05,8.687379767980431e-05,8.687379767980431e-05,2.4621049543498956
1790906520,8.687379767980431e-05,8.749448790518515e-05,8.687379767980431e-05,8.749448790518515e-05,100.42215656559294
1790906580,8.749448790518515e-05,8.749448790518515e-05,8.62588011043856e-05,8.62588011043856e-05,99.00389198290972
1790906700,8.62588011043856e-05,8.62588011043856e-05,8.559171369329647e-05,8.559171369329647e-05,15.471047593369953
1790906880,8.559171369329647e-05,8.574147565109798e-05,8.559171369329647e-05,8.574147565109798e-05,12.769171992116721
1790906940,8.574147565109798e-05,8.574147565109798e-05,8.556351918333229e-05,8.556351918333229e-05,55.334370392863555
1790907180,8.556351918333229e-05,9.224767806013265e-05,8.556351918333229e-05,9.224767806013265e-05,987.7708751648582
1790907240,9.224767806013265e-05,9.720148440147961e-05,9.224767806013265e-05,9.692424623032687e-05,37.767380206838325
1790907300,9.692424623032687e-05,9.82635302894433e-05,9.639542309647656e-05,9.728015528425472e-05,133.17792321116426
1790907360,9.728015528425472e-05,9.74746040581899e-05,9.728015528425472e-05,9.74746040581899e-05,12.319527035724473
1790907540,9.74746040581899e-05,9.74746040581899e-05,9.610287178019313e-05,9.610287178019313e-05,5.254583954532001
1790908080,9.610287178019313e-05,9.610287178019313e-05,9.599616732581009e-05,9.599616732581009e-05,0.13813398016168896
1790908140,9.599616732581009e-05,9.599616732581009e-05,9.565360567323223e-05,9.565360567323223e-05,49.54073874420496
1790908260,9.565360567323223e-05,9.714332358432427e-05,9.565360567323223e-05,9.714332358432427e-05,43.65144206995671
1790908320,9.714332358432427e-05,9.714332358432427e-05,9.578413959350107e-05,9.578413959350107e-05,12.105874229674262
1790908440,9.578413959350107e-05,9.927541017507571e-05,9.578413959350107e-05,9.927541017507571e-05,236.28407176945512
1790908500,9.927541017507571e-05,0.00010024056540569965,9.927541017507571e-05,0.00010024056540569965,15.826332028759966
1790908740,0.00010024056540569965,0.00010405827942713854,0.00010024056540569965,0.00010405827942713854,566.8443380921109
1790908800,0.00010405827942713854,0.00010798858129609539,0.00010405827942713854,0.00010798858129609539,19.440230131600764
1790908860,0.00010798858129609539,0.00010851471129059246,0.00010589845160673257,0.00010747811269322516,163.6196713998916
1790908920,0.00010747811269322516,0.00010750103838059442,0.00010747811269322516,0.00010750103838059442,4.846371816965596
1790909160,0.00010750103838059442,0.00011050581908585417,0.00010750103838059442,0.00011050581908585417,392.5066441357765
1790909340,0.00011050581908585417,0.00011363942239921428,0.00011050581908585417,0.00011363942239921428,15.8412442427219
1790909400,0.00011363942239921428,0.00011363942239921428,0.0001116187360984674,0.00011193261188685192,43.744110037198624
1790909460,0.00011193261188685192,0.00011380818191708661,0.00011193261188685192,0.00011380818191708661,101.0165482194077
1790909520,0.00011380818191708661,0.00011463785860242548,0.00011221103398317965,0.00011221103398317965,196.193274921355
1790909640,0.00011221103398317965,0.00011221103398317965,0.00010940045368081732,0.00010940045368081732,191.38215064818357
1790909700,0.00010940045368081732,0.00010940045368081732,0.00010764759463524584,0.00010764759463524584,59.18957309738085
1790909760,0.00010764759463524584,0.00010799993635358479,0.00010637093668397143,0.00010799993635358479,111.53338362547264
1790909820,0.00010799993635358479,0.00010799993635358479,0.00010630282382985225,0.00010752328175802695,81.3288649937657
1790909880,0.00010752328175802695,0.00010761283422758789,0.0001059600017185283,0.0001059600017185283,25.32192920366224
1790909940,0.0001059600017185283,0.0001059600017185283,0.00010575208325687268,0.00010575208325687268,20.85501977070376
1790910000,0.00010575208325687268,0.000107102562996524,0.00010575208325687268,0.000107102562996524,0.8503373208622715
1790910180,0.000107102562996524,0.00010749362267493098,0.00010603694308357651,0.00010603694308357651,16.767953265579266
1790910240,0.00010603694308357651,0.00010783365752193441,0.00010603694308357651,0.00010783365752193441,87.55392148396544
1790910300,0.00010783365752193441,0.0001089255716465329,0.00010783365752193441,0.0001089255716465329,57.4545231105063
1790910360,0.0001089255716465329,0.0001089255716465329,0.00010737209398189434,0.00010737209398189434,29.48074502225209
1790910480,0.00010737209398189434,0.00011444253502068161,0.00010737209398189434,0.00011259765367677794,773.0450529191107
1790910540,0.00011259765367677794,0.00011319916580113577,0.00011169027037052932,0.00011169027037052932,16.50434546222538
1790910600,0.00011169027037052932,0.0001142378135924529,0.00011169027037052932,0.0001142378135924529,132.28555324594856
1790910780,0.0001142378135924529,0.00011526104885234195,0.0001142378135924529,0.00011526104885234195,19.383532656206093
1790911500,0.00011526104885234195,0.00011526104885234195,0.00011364186911115614,0.00011364186911115614,3.9490459677683547
1790911560,0.00011364186911115614,0.00011364452660521386,0.00011364186911115614,0.00011364452660521386,0.16872115713445984
1790911740,0.00011364452660521386,0.00011364452660521386,0.00011361943328058393,0.00011361943328058393,6.418721380619054
1790911920,0.00011361943328058393,0.00011698330229444856,0.00011361943328058393,0.00011691699683806693,257.6066098420167
1790911980,0.00011691699683806693,0.00011963027725553802,0.00011691699683806693,0.00011780539012429329,354.1903553840315
1790912040,0.00011780539012429329,0.00012068086918567377,0.00011780539012429329,0.00012068086918567377,250.97633638986582
1790912100,0.00012068086918567377,0.00012198017901969423,0.00011932099749660839,0.00011934517696116973,273.11133221270853
1790912160,0.00011934517696116973,0.00012102181289853889,0.00011934517696116973,0.00012102181289853889,14.249324228137617
1790912220,0.00012102181289853889,0.00012331363863809486,0.00012102181289853889,0.00012289182792336412,300.23186511643985
1790912280,0.00012289182792336412,0.00012289182792336412,0.00012120787564141949,0.00012120787564141949,30.026541395017567
1790912340,0.00012120787564141949,0.00012378900139938749,0.00012096593895993435,0.00012378900139938749,273.5910191972573
1790912400,0.00012378900139938749,0.00012961772232449604,0.00012378900139938749,0.00012961772232449604,452.82755894638154
1790912460,0.00012961772232449604,0.00013273921519223119,0.00012961772232449604,0.00013273921519223119,46.650942088299416
1790912520,0.00013273921519223119,0.00013433455182522465,0.00012999095784605773,0.00012999095784605773,443.9105663073957
1790912580,0.00012999095784605773,0.00013050380699324626,0.0001260769590414566,0.00013050380699324626,766.0180894227537
1790912700,0.00013050380699324626,0.00013596400166208396,0.00013050380699324626,0.00013447181519539935,588.261035168192
1790913120,0.00013447181519539935,0.00013752476797434756,0.00013447181519539935,0.00013752476797434756,151.57287692698938
1790913240,0.00013752476797434756,0.0001386074726595934,0.00013752476797434756,0.0001386074726595934,11.478651760967361
1790913360,0.0001386074726595934,0.00013901439010358916,0.0001386074726595934,0.00013901439010358916,9.877547588482019
1790913420,0.00013901439010358916,0.00013901439010358916,0.000137127243953216,0.000137127243953216,1.9509385966838202
1790913480,0.000137127243953216,0.00014119627344414489,0.000137127243953216,0.00014119627344414489,225.31973554524254
1790913540,0.00014119627344414489,0.00014461277559022566,0.00014119627344414489,0.00014260300340726038,126.19266295812919
1790913780,0.00014260300340726038,0.00014538622687262258,0.00014260300340726038,0.00014538622687262258,56.2505512280042
1790913840,0.00014538622687262258,0.00014573403644430494,0.00014300511482877206,0.00014300511482877206,126.17305183394213
1790913960,0.00014300511482877206,0.00014561830256094757,0.00014300511482877206,0.00014561830256094757,133.422759383407
1790914140,0.00014561830256094757,0.00014611222194337015,0.0001438190037387262,0.000143845090720462,105.95135440580758
1790914200,0.000143845090720462,0.000143845090720462,0.00014313027857916998,0.00014313027857916998,98.86934311020916
1790914260,0.00014313027857916998,0.00014453167535705786,0.00014313027857916998,0.00014453167535705786,17.054938500787774
1790914320,0.00014453167535705786,0.00014453167535705786,0.00014251428629019085,0.00014251428629019085,2.850285725803817
1790914380,0.00014251428629019085,0.00014251428629019085,0.0001391680839993817,0.0001391680839993817,224.17779604735964
1790914440,0.0001391680839993817,0.0001391680839993817,0.00013815566187620683,0.00013815566187620683,86.022819699511
1790914500,0.00013815566187620683,0.00013815566187620683,0.00013746425930159824,0.00013746425930159824,27.706553018545026
1790914800,0.00013746425930159824,0.0001398450143412726,0.00013746425930159824,0.0001398450143412726,10.594693038260566
1790914860,0.0001398450143412726,0.0001398450143412726,0.00013831811284094317,0.00013831811284094317,34.57952821023579
1790915220,0.00013831811284094317,0.00014061469121626826,0.00013831811284094317,0.00013845600503012217,22.74289390692986
1790915280,0.00013845600503012217,0.00013845600503012217,0.00013367622737238063,0.00013367622737238063,602.1315167255725
1790915340,0.00013367622737238063,0.00013367622737238063,0.00012925969546493532,0.0001311461711193766,7.089458506314016
1790915400,0.0001311461711193766,0.00013148700137020008,0.0001311461711193766,0.00013148700137020008,32.64750106019235
1790915520,0.00013148700137020008,0.00013148700137020008,0.0001297726131060544,0.0001297726131060544,4.877202837696614
1790915880,0.0001297726131060544,0.0001297726131060544,0.00012542942891610265,0.00012542942891610265,564.9846199672679
1790915940,0.00012542942891610265,0.00012542942891610265,0.0001232652510009773,0.0001232652510009773,20.55482257648698
1790916000,0.0001232652510009773,0.00012389554872792335,0.0001232652510009773,0.00012389554872792335,29.308359337528948
1790916060,0.00012389554872792335,0.0001240639125032415,0.00012389554872792335,0.0001240639125032415,6.054455839275998
1790916120,0.0001240639125032415,0.00012423784075690536,0.0001240639125032415,0.00012423784075690536,7.847475957659357
1790916300,0.00012423784075690536,0.0001245322543747312,0.00012423784075690536,0.0001245322543747312,58.330783170046786
1790916360,0.0001245322543747312,0.0001255375702513258,0.0001245322543747312,0.0001255375702513258,55.67352861421566
1790916420,0.0001255375702513258,0.00013568811872933945,0.00012416482961747854,0.00013568811872933945,666.1564065151866
1790916540,0.00013568811872933945,0.00013662148272836,0.00013568811872933945,0.00013662148272836,13.26600175410894
1790916660,0.00013662148272836,0.00013662148272836,0.00013485480782443764,0.00013485480782443764,14.465268119522019
1790916780,0.00013485480782443764,0.00014270191420197347,0.00013485480782443764,0.00014270191420197347,445.46811387363294
1790916900,0.00014270191420197347,0.0001434369824160933,0.00014270191420197347,0.0001434369824160933,19.411717406260845
1790916960,0.0001434369824160933,0.00014363727177793046,0.0001434369824160933,0.00014363727177793046,10.875415503004131
1790917200,0.00014363727177793046,0.00014363727177793046,0.00014019358212779312,0.00014019358212779312,247.99678074885026
1790917260,0.00014019358212779312,0.00014019358212779312,0.00013648787461874567,0.00013648787461874567,241.44153393460053
1790917320,0.00013648787461874567,0.00013648787461874567,0.0001336825899479582,0.0001336825899479582,47.58295994201958
1790917380,0.0001336825899479582,0.00013587457737876467,0.0001336825899479582,0.00013427447369526577,62.32907474804103
1790917500,0.00013427447369526577,0.0001359174070707071,0.00013427447369526577,0.0001359174070707071,1.9791992266192462
1790917680,0.0001359174070707071,0.00013670585455209815,0.0001359174070707071,0.00013670585455209815,49.47621695989143
1790917740,0.00013670585455209815,0.00013710662109692564,0.00013670585455209815,0.00013710662109692564,2.2884092788700743
1790917800,0.00013710662109692564,0.00013710662109692564,0.00013499894342033775,0.00013499894342033775,10.729611239163546
1790917920,0.00013499894342033775,0.00013706037706356708,0.00013499894342033775,0.00013706037706356708,18.313855829705368
1790918100,0.00013706037706356708,0.00013706037706356708,0.0001349561536189215,0.0001349561536189215,11.699709893273518
1790918280,0.0001349561536189215,0.0001355646971760716,0.00013416131480101955,0.0001355646971760716,63.93349838489993
1790918340,0.0001355646971760716,0.0001355646971760716,0.0001300851914351746,0.0001300851914351746,470.00667742144697
1790918460,0.0001300851914351746,0.00013865088109638708,0.0001300851914351746,0.00013865088109638708,793.4520354797486
1790918520,0.00013865088109638708,0.00013865088109638708,0.00013592555961312823,0.0001359624091609132,159.83609333178913
1790918820,0.0001359624091609132,0.00013774598919628244,0.0001359624091609132,0.00013774598919628244,15.50469267149212
1790918940,0.00013774598919628244,0.00013777332587398188,0.00013774598919628244,0.00013777332587398188,3.2840283000333246
1790919000,0.00013777332587398188,0.00013777332587398188,0.0001356370369687121,0.0001356370369687121,44.71454519548458
1790919480,0.0001356370369687121,0.0001356370369687121,0.00013458349419749762,0.00013458349419749762,16.822936774687204
1790919660,0.00013458349419749762,0.00013458349419749762,0.00013405603328624628,0.00013405603328624628,15.22747467387643
1790919780,0.00013405603328624628,0.00013622712438735718,0.00013405603328624628,0.00013622712438735718,12.087951926851904
1790919960,0.00013622712438735718,0.00013622712438735718,0.00013430712233524896,0.00013430712233524896,0.22805994046712483
1790920440,0.00013430712233524896,0.00013430712233524896,0.00013410434079022093,0.00013410434079022093,4.693651927657732
1790920860,0.00013410434079022093,0.00013410434079022093,0.00013371180834683463,0.00013371180834683463,62.378816871784025
1790921160,0.00013371180834683463,0.00013371180834683463,0.00013292996090143958,0.00013292996090143958,25.51987241370599
1790921400,0.00013292996090143958,0.0001331990055130091,0.00013178768637100744,0.0001331990055130091,90.56914791499405
1790921460,0.0001331990055130091,0.0001331990055130091,0.00013087607349178225,0.00013087607349178225,49.41060619258518
1790921520,0.00013087607349178225,0.00013087607349178225,0.00012667409417230866,0.00012667409417230866,527.2743963562122
1790921580,0.00012667409417230866,0.00012667409417230866,0.00012248749890555343,0.00012248749890555343,70.6310670346554
1790921760,0.00012248749890555343,0.00012248749890555343,0.00012147485874717773,0.00012147485874717773,84.31297358864647
1790922000,0.00012147485874717773,0.00012276390271247738,0.00012147485874717773,0.00012276390271247738,62.936084175470874
