ts,o,h,l,c,v
1790547840,0.0002187875009993618,0.0002187875009993618,0.0002105534697300335,0.0002105966521617225,393.4555966503068
1790547900,0.0002105966521617225,0.0002136381793265082,0.00020938482791860757,0.00020945409895921488,99.67321959649774
1790547960,0.00020945409895921488,0.0002108921466136242,0.00020808105184144128,0.00020808105184144128,101.72827869520965
1790548020,0.00020808105184144128,0.00020808105184144128,0.00020786746199466692,0.00020786746199466692,25.24195996578139
1790548080,0.00020786746199466692,0.00022166632684448838,0.0002076429923876666,0.00021824462064554752,830.0274364474103
1790548140,0.00021824462064554752,0.00021824462064554752,0.00021551524882419928,0.00021551524882419928,321.79552855086365
1790548200,0.00021551524882419928,0.00021551524882419928,0.00021268128359847895,0.0002126866699574724,17.83052044494633
1790548260,0.0002126866699574724,0.0002126866699574724,0.00021070786487356434,0.00021070786487356434,116.723493697809
1790548380,0.00021070786487356434,0.0002120867625204231,0.00020859513266191976,0.00020859513266191976,174.7030792591623
1790548440,0.00020859513266191976,0.00020859513266191976,0.0001653170861919331,0.0001801475658858178,5390.510974918703
1790548500,0.0001801475658858178,0.000213754309033669,0.00017836435108139378,0.00020136484564868353,4222.930185468726
1790548560,0.00020136484564868353,0.00020136484564868353,0.00019604346519045242,0.0001987862903015778,356.57988901167084
1790548620,0.0001987862903015778,0.00019918313524249436,0.00019638393955170194,0.00019638393955170194,11.49100280742306
1790548680,0.00019638393955170194,0.00019922704030122648,0.00019396501156207862,0.00019446154379327174,361.3539970848503
1790548740,0.00019446154379327174,0.00019446154379327174,0.000190993049107095,0.00019174652896750979,188.91329411036435
1790548800,0.00019174652896750979,0.00019335137813549267,0.00019043004323100342,0.00019043004323100342,95.88782152455738
1790548860,0.00019043004323100342,0.00019288211785924354,0.00019027171841555848,0.00019288211785924354,14.668020563409856
1790548920,0.00019288211785924354,0.00019522311673837153,0.0001888072965847229,0.00019522311673837153,655.5939411532744
1790548980,0.00019522311673837153,0.00020347745423886858,0.00019341895326668138,0.00020347745423886858,508.02098907661275
1790549040,0.00020347745423886858,0.0002058334201088149,0.00020144427022397214,0.0002058334201088149,258.77009138660173
1790549100,0.0002058334201088149,0.00020977790127815692,0.0002058334201088149,0.00020890645066434815,339.43304701332255
1790549160,0.00020890645066434815,0.00020890645066434815,0.0002055186464059816,0.00020562817310570866,229.84132059337884
1790549220,0.00020562817310570866,0.00020840594606807273,0.00020499193916735555,0.00020769346778487098,32.76120581613884
1790549280,0.00020769346778487098,0.00020798388543460567,0.00020481014793689937,0.00020741443550390432,76.18654967735998
1790549340,0.00020741443550390432,0.00020818516655455148,0.0002052282740174159,0.00020788762234743972,77.65319182003972
1790549400,0.00020788762234743972,0.00020788762234743972,0.00018895908472847892,0.00019222631299065242,1499.4620234988774
1790549460,0.00019222631299065242,0.00019261475121978613,0.00018988784504657383,0.00019258843365133196,40.37998445843194
1790549520,0.00019258843365133196,0.00019544781809728372,0.00019048460465759327,0.0001915729873908005,336.6774544403682
1790549580,0.0001915729873908005,0.00019462525870244927,0.00019056740846450034,0.00019462525870244927,325.7667779054665
1790549640,0.00019462525870244927,0.00019462525870244927,0.00018867575749040926,0.0001931920629909092,155.8783336345248
1790549700,0.0001931920629909092,0.0001934798436926885,0.00019084540618866382,0.0001934798436926885,6.736527625534367
1790549760,0.0001934798436926885,0.00019358854600307567,0.00019066801911696722,0.00019358854600307567,50.91777548408379
1790549820,0.00019358854600307567,0.0001939991345208666,0.0001914905724569036,0.0001914905724569036,11.11932679232877
1790549880,0.0001914905724569036,0.0001939795197762101,0.0001914905724569036,0.0001915031755157798,8.224651781359528
1790549940,0.0001915031755157798,0.00019409587149028473,0.0001915031755157798,0.00019409587149028473,0.1346344331722113
1790550000,0.00019409587149028473,0.00019437886659087603,0.00019127890904286634,0.00019436843409478415,22.988559333443565
1790550060,0.00019436843409478415,0.00019496279946254786,0.0001919690658006293,0.00019496279946254786,37.42622681670408
1790550120,0.00019496279946254786,0.0001961572032909903,0.0001932153216420377,0.0001961572032909903,109.23721713233246
1790550180,0.0001961572032909903,0.0002080173014178583,0.0001961572032909903,0.00020616358931886008,897.4743108463274
1790550240,0.00020616358931886008,0.00020981066015013884,0.00020616358931886008,0.00020736635102216105,116.7379300766017
1790550300,0.00020736635102216105,0.0002131171905515998,0.00020736635102216105,0.0002131171905515998,288.38395395691714
1790550360,0.0002131171905515998,0.0002131171905515998,0.00017646753904890515,0.00018639469789768874,3312.0041831639783
1790550420,0.00018639469789768874,0.00022729192716871167,0.00018258424363498847,0.00022597837649751865,4362.672110673886
1790550480,0.00022597837649751865,0.00022597837649751865,0.00021440865631462946,0.00021715554681685966,1368.4420550883185
1790550540,0.00021715554681685966,0.00022140583584013342,0.0002142262116571193,0.00022140583584013342,346.8853399554171
1790550600,0.00022140583584013342,0.00022266346446326966,0.00021750564541121254,0.00021750564541121254,282.85834273179387
1790550660,0.00021750564541121254,0.0002219447124109605,0.0002114580670495746,0.0002114580670495746,1068.3902525501044
1790550720,0.0002114580670495746,0.00021404972680126605,0.0002114580670495746,0.00021404972680126605,22.75315536276659
1790550780,0.00021404972680126605,0.00021404972680126605,0.00021059949393594575,0.00021059949393594575,97.57961982255563
1790550900,0.00021059949393594575,0.00021362899162461632,0.00020975788185720944,0.00021112825402602126,172.6586766792936
1790550960,0.00021112825402602126,0.00021112825402602126,0.00021003280367526474,0.00021003280367526474,58.0765181613059
1790551020,0.00021003280367526474,0.0002121975398615032,0.00020898515214131104,0.00020929363302987086,293.9950632230212
1790551140,0.00020929363302987086,0.00021247124991833382,0.00020929363302987086,0.00020966034340422015,29.64590393234474
1790551260,0.00020966034340422015,0.00021306834884735905,0.00020966034340422015,0.00021306834884735905,35.95951091881973
1790551320,0.00021306834884735905,0.00021306834884735905,0.00020868475923276956,0.00020868475923276956,242.08052592044314
1790551380,0.00020868475923276956,0.00020868475923276956,0.0002070524300774675,0.0002070524300774675,5.019496630061981
1790551440,0.0002070524300774675,0.0002070524300774675,0.0002062495468326599,0.0002062495468326599,74.33196314488634
1790551500,0.0002062495468326599,0.0002062495468326599,0.00018574454392685072,0.00018617097481042505,1919.3676561493985
1790551560,0.00018617097481042505,0.00018979084344359278,0.00018617097481042505,0.00018682339201627046,176.3998526368042
1790551620,0.00018682339201627046,0.0001901830178540595,0.0001815290743990527,0.0001819506800841147,835.1893463383252
1790551680,0.0001819506800841147,0.0001819506800841147,0.00017734347143023992,0.00017734347143023992,244.91342719579944
1790551740,0.00017734347143023992,0.0001833667486231121,0.00017734347143023992,0.00018217817836209052,677.9061526695147
1790551800,0.00018217817836209052,0.00018735085520588893,0.00017981118743677082,0.00018735085520588893,370.49457386931704
1790551860,0.00018735085520588893,0.00018766947660432494,0.0001835103344298948,0.00018358792732678313,148.71908156453767
1790551920,0.00018358792732678313,0.00019205676231183656,0.00018358792732678313,0.00019122815279135798,671.0728114879688
1790551980,0.00019122815279135798,0.00019122815279135798,0.00017761865917211546,0.00017761865917211546,945.1676021837616
1790552040,0.00017761865917211546,0.00017761865917211546,0.0001749255272561527,0.0001749255272561527,192.28070416119277
1790552100,0.0001749255272561527,0.00018138852436168316,0.0001749255272561527,0.00018138852436168316,294.71506218988293
1790552160,0.00018138852436168316,0.00018578960971014604,0.00018138852436168316,0.00018402992455988497,615.3071214706725
1790552220,0.00018402992455988497,0.00018847386042577851,0.00018402992455988497,0.00018637093202239423,156.15179956483527
1790552280,0.00018637093202239423,0.00018988120415118061,0.00018637093202239423,0.0001873993266650076,75.79409494701405
1790552340,0.0001873993266650076,0.0001892221240532208,0.00018642542155680172,0.00018642542155680172,79.72173379228745
1790552400,0.00018642542155680172,0.00018642542155680172,0.0001859707682085651,0.0001859707682085651,56.46360309688475
1790552460,0.0001859707682085651,0.0001859707682085651,0.00017914956189877488,0.00017914956189877488,624.9520598120608
1790552520,0.00017914956189877488,0.00017914956189877488,0.0001775240874395148,0.0001775240874395148,153.2246379283393
1790552580,0.0001775240874395148,0.0001775240874395148,0.00014053526828109283,0.00015731126925937734,5548.096543527467
1790552640,0.00015731126925937734,0.00017476228019386395,0.00015382743891160854,0.00017473538299954752,1998.317866975828
1790552700,0.00017473538299954752,0.00017473538299954752,0.00016704566838812975,0.00016704566838812975,906.7000975429664
1790552760,0.00016704566838812975,0.00016704566838812975,0.0001611188571650996,0.00016329810393407663,506.5804871097725
1790552820,0.00016329810393407663,0.00016923617118882125,0.00016329810393407663,0.0001682996841731575,607.3637120530894
1790552880,0.0001682996841731575,0.0001682996841731575,0.00016250262034023754,0.00016250262034023754,420.08515799388914
1790552940,0.00016250262034023754,0.00016485508659074523,0.0001620267182832576,0.00016286782275847092,106.91593648683546
1790553000,0.00016286782275847092,0.00016539684804419154,0.00016286782275847092,0.00016539684804419154,33.91596337185888
1790553060,0.00016539684804419154,0.00016680720912484623,0.00016539684804419154,0.00016680720912484623,175.95132964635903
1790553120,0.00016680720912484623,0.00016734523519977337,0.00016416774364593091,0.00016551149697963035,261.0909977580704
1790553180,0.00016551149697963035,0.00016851145484650547,0.00016551149697963035,0.00016607626101704798,124.75488492383698
1790553240,0.00016607626101704798,0.00016607626101704798,0.0001631646713535216,0.00016539233283338576,214.63699172098077
1790553300,0.00016539233283338576,0.00016539233283338576,0.00016263936402235004,0.00016484013138754437,79.81126528273464
1790553360,0.00016484013138754437,0.00016484013138754437,0.00016148832789433627,0.00016148832789433627,135.0112442155582
1790553420,0.00016148832789433627,0.00017630620003907202,0.00016148832789433627,0.00017630620003907202,1308.4718604963684
1790553480,0.00017630620003907202,0.00017714894246928924,0.000175758650217375,0.00017714894246928924,161.1874297070472
1790553540,0.00017714894246928924,0.00017905520753752472,0.00017547902281265834,0.00017695980968417138,303.15014655778737
1790553600,0.00017695980968417138,0.0001816108074619266,0.00017695980968417138,0.0001777291251369168,303.93050436433936
1790553660,0.0001777291251369168,0.0001777291251369168,0.00017530016257797892,0.0001769061364656754,289.457840217748
1790553720,0.0001769061364656754,0.0001769061364656754,0.00017068327221361136,0.00017099272670552206,810.4162443858437
1790553780,0.00017099272670552206,0.00017226482661983312,0.00016918063948898447,0.00016918063948898447,86.77902325346142
1790553840,0.00016918063948898447,0.00017122844313083394,0.00016848491590154191,0.00016899194903602263,114.76695330082012
1790553960,0.00016899194903602263,0.00017500925064229135,0.0001686574294734934,0.00017500925064229135,518.967532140729
1790554020,0.00017500925064229135,0.00017552160766152254,0.00017306734297678312,0.0001732332355034565,42.27558474756843
1790554080,0.0001732332355034565,0.0001732332355034565,0.00017308721325577674,0.00017308721325577674,7.558211020645892
1790554140,0.00017308721325577674,0.00017308721325577674,0.00017285768169250635,0.00017285768169250635,0.7377028619875778
1790554200,0.00017285768169250635,0.00017285768169250635,0.00017262232643774501,0.00017262232643774501,32.73408731635582
1790554260,0.00017262232643774501,0.0001754070666377325,0.00017227450049466057,0.0001754070666377325,101.90253362849802
1790554320,0.0001754070666377325,0.00017644872851618252,0.00017388367131596327,0.00017388367131596327,40.8742337672102
1790554380,0.00017388367131596327,0.00017388367131596327,0.00017314454723534205,0.00017314454723534205,128.08610204766092
1790554440,0.00017314454723534205,0.00017314454723534205,0.00017221600440245414,0.00017221600440245414,13.49440986213911
1790554500,0.00017221600440245414,0.00017221600440245414,0.00016993451209364025,0.00016993451209364025,177.5746687734048
1790554560,0.00016993451209364025,0.00017573670016048375,0.00016993451209364025,0.00017573670016048375,257.1160981976968
1790554620,0.00017573670016048375,0.00017734487069639922,0.0001732878481786131,0.00017734487069639922,173.43915356941505
1790554680,0.00017734487069639922,0.00018032074366208553,0.00017734487069639922,0.00018032074366208553,190.2330860247273
1790554740,0.00018032074366208553,0.00018411388432154865,0.00018016813031443042,0.00018282355706592413,344.6131628584148
1790554800,0.00018282355706592413,0.00018578241832280438,0.00018282355706592413,0.00018578241832280438,12.116872428609183
1790554860,0.00018578241832280438,0.0001884813074701253,0.00018578241832280438,0.0001879227764887423,300.3066152255277
1790554920,0.0001879227764887423,0.0001879227764887423,0.00018721178256583365,0.0001872955588806578,39.03200257931982
1790555040,0.0001872955588806578,0.0001872955588806578,0.0001811020847418083,0.0001811020847418083,540.9488311603865
1790555100,0.0001811020847418083,0.0001842209487239091,0.0001811020847418083,0.0001842209487239091,176.88441636921524
1790555160,0.0001842209487239091,0.00018495590922752744,0.00018189262895551846,0.00018495590922752744,63.5301678261188
1790555220,0.00018495590922752744,0.00018495590922752744,0.00018226116345208262,0.00018226116345208262,70.44130393652574
1790555280,0.00018226116345208262,0.0001878507224104232,0.00018211997488335236,0.0001878507224104232,298.8503097030448
1790555400,0.0001878507224104232,0.0001878507224104232,0.00018569530943451316,0.00018569530943451316,5.805649980224714
1790555460,0.00018569530943451316,0.00018569530943451316,0.0001852192314290989,0.0001852192314290989,36.85067821994902
1790555580,0.0001852192314290989,0.0001852192314290989,0.0001791900907186612,0.0001791900907186612,437.2952507468485
1790555640,0.0001791900907186612,0.00018099163774040294,0.00017379750337599145,0.00017379750337599145,1159.200990708301
1790555700,0.00017379750337599145,0.00017576878010294015,0.00017379750337599145,0.00017576878010294015,83.43687054721734
1790555760,0.00017576878010294015,0.00017576878010294015,0.00017143834724721028,0.00017143834724721028,263.7516264247135
1790555820,0.00017143834724721028,0.00017143834724721028,0.000155985234990076,0.00015917840366480547,1537.759674319719
1790555880,0.00015917840366480547,0.00016023833897997722,0.00014851489433869515,0.00015457199785116186,1647.087165830495
1790555940,0.00015457199785116186,0.00015457199785116186,0.00014936008195930557,0.00015205852672815708,514.6255573177272
1790556000,0.00015205852672815708,0.00015713133532333287,0.00015047196965804857,0.00015713133532333287,445.78968862744944
1790556060,0.00015713133532333287,0.00016032721200602242,0.00015344326695412367,0.00015344326695412367,761.5411464379636
1790556120,0.00015344326695412367,0.00015544327683568793,0.00015129012624602435,0.0001515615896602283,322.2809731696878
1790556180,0.0001515615896602283,0.0001515615896602283,0.00014655306324200818,0.00014864850750395965,353.5599859151553
1790556240,0.00014864850750395965,0.0001605291186744654,0.00014864850750395965,0.0001597213434777742,1259.7111399406567
1790556300,0.0001597213434777742,0.00015998262138451733,0.0001523884064022546,0.00015998262138451733,1170.8001783109962
1790556360,0.00015998262138451733,0.00016205487881387892,0.0001585748554100865,0.00016205487881387892,108.11282330386211
1790556420,0.00016205487881387892,0.0001636424237762396,0.00015989545521060203,0.0001617034998230466,468.2310570727789
1790556480,0.0001617034998230466,0.00016237329875941884,0.00015995250108713586,0.0001602854707532744,39.86133418723699
1790556540,0.0001602854707532744,0.00016299614424343398,0.0001602854707532744,0.0001611859106037569,66.44227325584787
1790556600,0.0001611859106037569,0.0001671437286350128,0.0001611859106037569,0.0001658398004903052,664.512229612464
1790556660,0.0001658398004903052,0.00016958691382050513,0.0001658398004903052,0.00016744270604979902,313.260500500116
1790556720,0.00016744270604979902,0.00016744270604979902,0.00016600045760171672,0.00016600045760171672,107.8811052465841
1790556780,0.00016600045760171672,0.00016722425515506577,0.00016488764238252316,0.00016722425515506577,13.606292291580843
1790556840,0.00016722425515506577,0.00016722425515506577,0.00016379594316837126,0.00016379594316837126,151.77687569354572
1790556900,0.00016379594316837126,0.0001642992987482216,0.00016072571844371475,0.00016072571844371475,195.8599039261193
1790556960,0.00016072571844371475,0.00016512329208792252,0.00016072571844371475,0.00016512329208792252,219.71349350791752
1790557020,0.00016512329208792252,0.00017201779787647754,0.00016512329208792252,0.00017071458326001478,671.4257105114724
1790557080,0.00017071458326001478,0.0001730548203769277,0.00017071458326001478,0.0001730548203769277,6.2437385754680115
1790557140,0.0001730548203769277,0.0001753161348452207,0.0001730548203769277,0.00017355148422371687,219.37684878848341
1790557200,0.00017355148422371687,0.00017621758944805848,0.00017342956747902656,0.00017621758944805848,116.28344395312901
1790557260,0.00017621758944805848,0.0001772104254420582,0.00017404745592409582,0.00017474087961776485,56.040316460455834
1790557320,0.00017474087961776485,0.00017790312874749596,0.00017451799199179173,0.00017790312874749596,85.27638375022272
1790557380,0.00017790312874749596,0.00017790312874749596,0.00016798246825649047,0.00016798246825649047,765.8921746729404
1790557440,0.00016798246825649047,0.00016806649157053729,0.00016798246825649047,0.00016806649157053729,0.6075896749664919
1790557500,0.00016806649157053729,0.00017212051374720954,0.00016806649157053729,0.00017212051374720954,136.42612209569964
1790557560,0.00017212051374720954,0.00017439655785639853,0.00017212051374720954,0.0001729126178775151,247.41699419241624
1790557620,0.0001729126178775151,0.00017676014438077996,0.0001729126178775151,0.00017407262818588178,468.03404163534105
1790557680,0.00017407262818588178,0.00017407262818588178,0.00016020655747316423,0.00016020655747316423,1041.232589381336
1790557740,0.00016020655747316423,0.00017166924000804648,0.00015988710522162194,0.00017156558644440653,840.1704569641992
1790557800,0.00017156558644440653,0.00017156558644440653,0.00016488254260899393,0.00016541164809591864,583.5745585605407
1790557860,0.00016541164809591864,0.00016541164809591864,0.00015919179890937915,0.00016154280559948106,339.9359060042792
1790557920,0.00016154280559948106,0.00016191711010842924,0.00015598225983621037,0.00015598225983621037,402.5874733029721
1790557980,0.00015598225983621037,0.0001564141116348403,0.00015371547293417046,0.00015371547293417046,129.20841674579833
1790558040,0.00015371547293417046,0.00016242615705927882,0.00015371547293417046,0.00015713992533963455,1311.5738392933288
1790558160,0.00015713992533963455,0.0001578724863192622,0.00015385640997847734,0.00015643711193994022,382.3522110841221
1790558220,0.00015643711193994022,0.00015643711193994022,0.00015242741454748085,0.00015542262362399606,366.67827080746986
1790558280,0.00015542262362399606,0.0001559669045861229,0.00013594870538448926,0.00014357464604979682,2769.3638853336
1790558340,0.00014357464604979682,0.00014357464604979682,0.00014128251977835193,0.00014351565153084342,128.92323410357633
1790558400,0.00014351565153084342,0.00014965599766265952,0.00014351565153084342,0.00014965599766265952,500.70690093591304
1790558520,0.00014965599766265952,0.00015574420884301862,0.00014965599766265952,0.00015574420884301862,624.951124129344
1790558580,0.00015574420884301862,0.00015730199018038193,0.00015529337169867965,0.00015534955526876187,111.50499107279502
1790558640,0.00015534955526876187,0.00015534955526876187,0.00015346998019384362,0.00015474873860147262,198.7764124563497
1790558700,0.00015474873860147262,0.00015474873860147262,0.00015070120158488425,0.0001507815904085909,124.6895210650298
1790558760,0.0001507815904085909,0.00015673971510518154,0.0001507815904085909,0.00015673971510518154,371.1455776172388
1790558820,0.00015673971510518154,0.00015673971510518154,0.00015296857577828452,0.00015296857577828452,159.4387506757175
1790558880,0.00015296857577828452,0.00015458563654940154,0.0001521743141769489,0.00015458563654940154,95.373300453679
1790559000,0.00015458563654940154,0.00015458563654940154,0.0001487734301177016,0.00014901939457151477,488.2356855649281
1790559060,0.00014901939457151477,0.00014935417722894285,0.00014901939457151477,0.00014935417722894285,59.80333401247195
1790559120,0.00014935417722894285,0.00015504905216787908,0.0001447046450958982,0.00015186091635994192,1271.65156745926
1790559180,0.00015186091635994192,0.0001554445466637544,0.00015186091635994192,0.00015361281704232103,247.51349114825325
1790559240,0.00015361281704232103,0.00015569296809503995,0.00015351667761281655,0.00015569296809503995,0.1934001942597344
1790559300,0.00015569296809503995,0.0001575931518019242,0.00015534749855448954,0.00015561791057822343,242.1067306366498
1790559420,0.00015561791057822343,0.00015858226722942212,0.00015560973047742258,0.00015726252047806633,161.90257897872846
1790559480,0.00015726252047806633,0.00015969535466456227,0.00015690925166964907,0.0001573082963435108,248.58363264881027
1790559540,0.0001573082963435108,0.00016587248751701372,0.0001573082963435108,0.00016305210134462696,573.913693439967
1790559600,0.00016305210134462696,0.00016633415533329313,0.00016305210134462696,0.00016633415533329313,58.95567276200143
1790559660,0.00016633415533329313,0.00016633415533329313,0.00016413451174236427,0.00016429097466688026,1.3833711717434756
1790559720,0.00016429097466688026,0.00016680751722232014,0.00016429097466688026,0.00016447619433490121,0.2388712989660135
1790559780,0.00016447619433490121,0.00016447619433490121,0.00016238912115909324,0.00016327950238438524,401.8804615385848
1790559840,0.00016327950238438524,0.00016457312318148942,0.00016145488120716722,0.00016145488120716722,192.74477027657434
1790559960,0.00016145488120716722,0.0001620029397551847,0.00015975251817122716,0.00015975251817122716,51.8160503090452
1790560020,0.00015975251817122716,0.00015975251817122716,0.0001590571402290627,0.0001590571402290627,62.28482802226567
1790560080,0.0001590571402290627,0.0001590571402290627,0.00015243465310496435,0.00015243465310496435,514.7984063088791
1790560140,0.00015243465310496435,0.0001531547314470066,0.00015099470105394143,0.0001531547314470066,125.53592459425805
1790560200,0.0001531547314470066,0.00015319470077972773,0.00015096490435481232,0.00015319470077972773,45.4293899269924
1790560260,0.00015319470077972773,0.00015319470077972773,0.0001508122190373396,0.00015244798926966293,114.26311619297967
1790560320,0.00015244798926966293,0.00015252398370056074,0.0001505145384454514,0.0001505145384454514,10.492787913810844
1790560380,0.0001505145384454514,0.00015260209104607823,0.0001504099953208718,0.0001504099953208718,32.89590640148567
1790560440,0.0001504099953208718,0.00015399355011111286,0.0001504099953208718,0.00015394712640051504,113.71818168320449
1790560500,0.00015394712640051504,0.00015394712640051504,0.00015140309100342733,0.00015140309100342733,72.27136427212255
1790560560,0.00015140309100342733,0.00015140309100342733,0.00015082727235531438,0.00015082727235531438,21.966853256216368
1790560620,0.00015082727235531438,0.00015286324657668368,0.00015033082575960488,0.00015033082575960488,67.00175300830183
1790560680,0.00015033082575960488,0.00015238722402763618,0.00014992530628352586,0.00014992530628352586,75.34467675744165
1790560740,0.00014992530628352586,0.00014992530628352586,0.000146044975881973,0.000146044975881973,380.55456533915975
1790560800,0.000146044975881973,0.00014817798636556135,0.000146044975881973,0.00014817798636556135,71.9814766094775
1790560860,0.00014817798636556135,0.00014817798636556135,0.00014033078382310598,0.00014246559938203387,783.7601097420691
1790560920,0.00014246559938203387,0.00014666493346223442,0.00014245166361622478,0.00014312458980128716,472.3706001638572
1790561040,0.00014312458980128716,0.00018411446703869933,0.00014312458980128716,0.00017318895451140447,7332.916286363179
1790561100,0.00017318895451140447,0.0001807144958273803,0.00017318895451140447,0.0001807144958273803,1085.0079627125463
1790561160,0.0001807144958273803,0.0001807144958273803,0.00017344907703185474,0.00017344907703185474,528.5066530702272
1790561220,0.00017344907703185474,0.00017344907703185474,0.00017072369122119864,0.00017072369122119864,227.1123372125943
1790561400,0.00017072369122119864,0.00017072369122119864,0.0001675508106782957,0.0001675508106782957,146.5315138101657
1790561460,0.0001675508106782957,0.00016770203425106283,0.0001675508106782957,0.00016770203425106283,2.507931666606176
1790561520,0.00016770203425106283,0.00016770203425106283,0.00016768119814264645,0.00016768119814264645,9.565853322099127
1790561580,0.00016768119814264645,0.00016903874422789352,0.00016672297048997623,0.00016754725877929854,344.5066870832456
1790561640,0.00016754725877929854,0.00017206921276585946,0.00016754725877929854,0.00017206921276585946,220.64965550019056
1790561760,0.00017206921276585946,0.00017322126390490697,0.00017144548863363794,0.00017144548863363794,119.1779079834197
1790561820,0.00017144548863363794,0.00017405677867292084,0.00017144548863363794,0.00017405677867292084,59.80813650039194
1790561940,0.00017405677867292084,0.00017417908913696737,0.00017086817906477667,0.0001709909615500198,280.6606814759815
1790562060,0.0001709909615500198,0.0001709909615500198,0.0001707107963307466,0.0001707107963307466,36.54961653943967
1790562120,0.0001707107963307466,0.00017300128935080034,0.0001707107963307466,0.00017300128935080034,58.48058328530373
1790562180,0.00017300128935080034,0.00017364976240472833,0.0001711072428508269,0.00017364976240472833,11.135617182322035
1790562300,0.00017364976240472833,0.0001752138041680432,0.00017118356002373254,0.0001752138041680432,254.06247949529043
1790562360,0.0001752138041680432,0.00017803037630082164,0.0001743727343001751,0.00017803037630082164,177.04530764933637
1790562420,0.00017803037630082164,0.00018015406920922285,0.00017684134968308713,0.00017684134968308713,182.21127057896862
1790562480,0.00017684134968308713,0.00017684134968308713,0.00016930174976250906,0.00016930174976250906,538.7871576421659
1790562540,0.00016930174976250906,0.00016930174976250906,0.00016894649761471406,0.00016894649761471406,25.595250108020117
1790562600,0.00016894649761471406,0.0001708838701072219,0.0001686235895632777,0.0001708838701072219,23.0797974045395
1790562660,0.0001708838701072219,0.0001708838701072219,0.00016573971876189745,0.00016573971876189745,220.7738790308465
1790562720,0.00016573971876189745,0.00016573971876189745,0.00016388829318089615,0.00016437443667444222,256.72422817646924
1790562780,0.00016437443667444222,0.00016437443667444222,0.000161679773339971,0.00016368410437910533,45.03529971919911
1790562840,0.00016368410437910533,0.00016368410437910533,0.00016091178707317984,0.00016094407363986712,16.397241650301677
1790562900,0.00016094407363986712,0.00016508461713320488,0.00016094407363986712,0.00016310554346828348,392.05483361279937
1790562960,0.00016310554346828348,0.00016310554346828348,0.00016183196303516957,0.00016186869054443095,37.698119535996355
1790563020,0.00016186869054443095,0.00016186869054443095,0.00016003570391392134,0.00016003570391392134,225.0934544105618
1790563080,0.00016003570391392134,0.00016003570391392134,0.000152619529307374,0.000152619529307374,898.5075264781872
1790563140,0.000152619529307374,0.0001545321210617359,0.0001523466920200984,0.0001545321210617359,32.972329888110735
1790563200,0.0001545321210617359,0.0001550797654952178,0.0001545321210617359,0.0001550797654952178,61.37891750408387
1790563320,0.0001550797654952178,0.0001550797654952178,0.00015314548584402315,0.00015314548584402315,17.639453442189712
1790563500,0.00015314548584402315,0.00015314548584402315,0.0001529928128822775,0.0001529928128822775,6.1181871708269515
1790563560,0.0001529928128822775,0.00015524334198143403,0.0001529928128822775,0.00015514559966829091,1.0037784585196883
1790563620,0.00015514559966829091,0.00015514559966829091,0.000152756055785461,0.000152756055785461,2.091772782715266
1790563680,0.000152756055785461,0.000152756055785461,0.00015230121798939967,0.00015230121798939967,35.49552756969241
1790563740,0.00015230121798939967,0.00015230121798939967,0.00015216265020381655,0.00015216265020381655,7.2257631032595775
1790563800,0.00015216265020381655,0.00015430438367101325,0.00015216265020381655,0.00015430438367101325,14.794956344688169
1790563860,0.00015430438367101325,0.00015723212562101103,0.00015430438367101325,0.00015723212562101103,251.25028903871524
1790563920,0.00015723212562101103,0.00015762425625680032,0.00015431295844589303,0.00015431295844589303,104.60103034483144
1790563980,0.00015431295844589303,0.00015687113929801095,0.00015431295844589303,0.00015687113929801095,56.41549096249346
1790564040,0.00015687113929801095,0.00015731375401211136,0.00015687113929801095,0.00015731375401211136,7.871634625510835
1790564100,0.00015731375401211136,0.00015731375401211136,0.00015496501779374683,0.00015496501779374683,14.37057941963755
1790564220,0.00015496501779374683,0.00015496501779374683,0.00015468238360768404,0.00015468238360768404,16.539763355546363
1790564340,0.00015468238360768404,0.0001570191445269597,0.00015468238360768404,0.00015495834364815842,39.5491000758315
1790564400,0.00015495834364815842,0.00015495834364815842,0.0001540277715229022,0.0001540277715229022,168.78299162007937
1790564460,0.0001540277715229022,0.0001540277715229022,0.00015177064273664415,0.00015270640083888686,209.45692889927832
1790564520,0.00015270640083888686,0.00015270640083888686,0.0001499648048809903,0.0001499648048809903,40.83219134753591
1790564580,0.0001499648048809903,0.0001499648048809903,0.00014969291536730755,0.00014979319873017637,15.77697007569348
1790564640,0.00014979319873017637,0.00014979319873017637,0.00014625234861368868,0.00014625234861368868,310.88661376159837
1790564700,0.00014625234861368868,0.00014905743032216518,0.00014625234861368868,0.00014905743032216518,79.05543430523113
1790564760,0.00014905743032216518,0.00014932486105486046,0.00014905743032216518,0.00014932486105486046,23.656332224625636
1790564820,0.00014932486105486046,0.00014932486105486046,0.00014749331800712303,0.00014749331800712303,14.141900243748696
1790564880,0.00014749331800712303,0.00014749331800712303,0.00014198124528163277,0.00014668638799267728,1055.080879372142
1790564940,0.00014668638799267728,0.00014668638799267728,0.00014546785777310724,0.00014546785777310724,10.106260279905573
1790565000,0.00014546785777310724,0.00014869256821280617,0.00014546785777310724,0.00014869256821280617,107.90268679212457
1790565060,0.00014869256821280617,0.00014869256821280617,0.00014489278178832324,0.0001454521754972304,271.3986733928249
1790565180,0.0001454521754972304,0.00014731730489534085,0.00014333953221264993,0.00014731730489534085,173.18653507434078
1790565300,0.00014731730489534085,0.00014756554228380854,0.00014237409676053114,0.00014260954148207226,457.02810855133833
1790565360,0.00014260954148207226,0.00014290364798705979,0.00014086578878009086,0.00014086578878009086,17.942169237736387
1790565420,0.00014086578878009086,0.00014086578878009086,0.0001404471821133334,0.0001404471821133334,52.52242410403158
1790565480,0.0001404471821133334,0.0001404471821133334,0.00013404334322455227,0.00013404334322455227,601.5423615901105
1790565540,0.00013404334322455227,0.0001341950020815072,0.000130769765559588,0.00013402441774912292,732.8444018291024
1790565600,0.00013402441774912292,0.00013427666061308234,0.0001320743121527916,0.00013427666061308234,56.66050407518526
1790565660,0.00013427666061308234,0.00013427840433338843,0.00013221846111613784,0.00013221846111613784,41.95650143037319
1790565720,0.00013221846111613784,0.00013550175098647153,0.00013221846111613784,0.00013550175098647153,168.23151658290195
1790565780,0.00013550175098647153,0.00013631263710365648,0.00013301871731856004,0.00013631263710365648,365.99799036339454
1790565840,0.00013631263710365648,0.00013695467824941952,0.00013169149210893086,0.00013516635262451863,311.90054217293635
1790565900,0.00013516635262451863,0.0001381083707622739,0.00013514624704886945,0.00013764082432859523,171.60318587324986
1790565960,0.00013764082432859523,0.00013996140574389128,0.0001358599176943083,0.00013996140574389128,341.74412075985526
1790566020,0.00013996140574389128,0.0001403946169095179,0.00013856361399031613,0.00013856361399031613,27.943790254518813
1790566080,0.00013856361399031613,0.00013856361399031613,0.00013631737506171105,0.0001375364613378597,261.76400409970347
1790566140,0.0001375364613378597,0.0001381777383554958,0.00013748586960895572,0.0001381777383554958,118.27708773225532
1790566200,0.0001381777383554958,0.0001381777383554958,0.00013607312888432483,0.00013607312888432483,122.6395565684065
1790566260,0.00013607312888432483,0.00013607312888432483,0.00013410855742418884,0.00013410855742418884,120.4295114437535
1790566320,0.00013410855742418884,0.00013410855742418884,0.0001323042188150076,0.0001323042188150076,167.76825928067714
1790566380,0.0001323042188150076,0.00013239625520849064,0.00012753568362802587,0.00012755760884391545,633.8783277047937
1790566440,0.00012755760884391545,0.00012994667242391918,0.00012742790712585802,0.00012994667242391918,174.2803547047093
1790566500,0.00012994667242391918,0.00013090420458337747,0.00012902626061669914,0.00013088754627425586,33.57853043494832
1790566560,0.00013088754627425586,0.00013088754627425586,0.00012738880560615102,0.00012738880560615102,264.6096380478897
1790566620,0.00012738880560615102,0.00012921317908113735,0.00012738880560615102,0.00012758503449938565,13.141156184776676
1790566680,0.00012758503449938565,0.00012910226536605462,0.00012733191831683404,0.00012910226536605462,34.63146636395501
1790566740,0.00012910226536605462,0.00012910226536605462,0.00012728864928277428,0.00012728864928277428,6.146191506426486
1790566860,0.00012728864928277428,0.0001291205731522201,0.0001271360530678098,0.0001271360530678098,34.569470644513316
1790566920,0.0001271360530678098,0.00012723434518735724,0.00012470416339521473,0.00012553577361101468,314.9712417788909
1790566980,0.00012553577361101468,0.00012831502658166736,0.0001248660185042948,0.00012831502658166736,253.3520361604467
1790567040,0.00012831502658166736,0.0001296349815193868,0.00012661041391087027,0.0001296349815193868,197.28801210086016
1790567100,0.0001296349815193868,0.00013999684322795893,0.00012795312095266744,0.00013987638679785084,1033.9003367753978
1790567160,0.00013987638679785084,0.00014178329601675753,0.00013976684065332458,0.00014178329601675753,24.187530137413027
1790567220,0.00014178329601675753,0.0001430717865507746,0.0001399465528786456,0.0001430717865507746,157.1208502077889
1790567280,0.0001430717865507746,0.0001430717865507746,0.00014165800834686123,0.00014165800834686123,10.828170725459199
1790567340,0.00014165800834686123,0.00014165800834686123,0.0001398353991044964,0.00014069864870068448,298.8527887287645
1790567400,0.00014069864870068448,0.00014069864870068448,0.00013901892404679639,0.00013901892404679639,0.17747326878796282
1790567460,0.00013901892404679639,0.00014092512384389502,0.00013901892404679639,0.00014092512384389502,5.75013664061363
1790567520,0.00014092512384389502,0.00014092512384389502,0.00013860997520343432,0.00013860997520343432,50.741923211556816
1790567580,0.00013860997520343432,0.00013860997520343432,0.00013826320656659227,0.00013826320656659227,0.5932723352762007
1790567700,0.00013826320656659227,0.00013826320656659227,0.00013620496550925326,0.00013620496550925326,175.38634544388427
1790567760,0.00013620496550925326,0.00013620496550925326,0.0001308888929732984,0.00013253204741577032,596.4934489180145
1790567820,0.00013253204741577032,0.00013253204741577032,0.00012857414126884824,0.00012857414126884824,65.59518222017427
1790567880,0.00012857414126884824,0.00012996197875379928,0.00012780309809552124,0.00012780309809552124,97.95941065143194
1790567940,0.00012780309809552124,0.00012938172330429702,0.00012780309809552124,0.00012938172330429702,29.701002589112253
1790568000,0.00012938172330429702,0.00012938172330429702,0.0001276155928915572,0.0001276155928915572,0.05046514287239659
1790568060,0.0001276155928915572,0.0001297661436459812,0.0001276155928915572,0.00012950542025843447,174.70368914323404
1790568120,0.00012950542025843447,0.00013000611399301715,0.000128165691037478,0.00012818913215608744,49.50978662224094
1790568180,0.00012818913215608744,0.0001297760966028531,0.00012722366663606193,0.00012722366663606193,129.15236354755876
1790568240,0.00012722366663606193,0.00013001018475513687,0.00012722366663606193,0.00012874094304752374,279.631318814426
1790568300,0.00012874094304752374,0.000130603232760739,0.0001285353068031188,0.0001285353068031188,45.973037796664904
1790568360,0.0001285353068031188,0.0001318972578630081,0.00011916499003006067,0.00011916499003006067,1384.4089122880512
1790568420,0.00011916499003006067,0.0001214043322088956,0.00011891188923335802,0.0001193837900312391,245.13663835842235
1790568480,0.0001193837900312391,0.00012120696498396512,0.00011864641330988079,0.00011864641330988079,146.7756794108082
1790568540,0.00011864641330988079,0.00012223183862784297,0.00011778632738287526,0.00011999513325087341,444.31098727391065
1790568600,0.00011999513325087341,0.00012134365921585872,0.00011066176801190855,0.00011421151491534683,1469.8255123345725
1790568660,0.00011421151491534683,0.00011421151491534683,0.00011117298442911517,0.00011369112413166498,414.64120830292444
1790568720,0.00011369112413166498,0.00011487061810148735,0.00010872693178992593,0.00011060879708227861,855.4995722310246
1790568780,0.00011060879708227861,0.00011309965705320606,0.0001090936302740827,0.00011093064031972205,541.1039078896374
1790568840,0.00011093064031972205,0.00011170235290929289,0.00011016191175343477,0.00011016191175343477,86.79555221759227
1790568900,0.00011016191175343477,0.00011191185822715759,0.00010961128414757277,0.0001114748442454577,166.90613159379643
1790568960,0.0001114748442454577,0.00011275064566623431,0.0001114748442454577,0.00011260305935560927,121.34213467142159
1790569020,0.00011260305935560927,0.0001142563405316384,0.00011252615022624576,0.00011419746989292949,243.38054163879212
1790569080,0.00011419746989292949,0.00011565355901948572,0.00011419746989292949,0.00011565355901948572,147.92390776095172
1790569140,0.00011565355901948572,0.00011643801878715935,0.00011466533827088614,0.00011643801878715935,28.49537101374971
1790569200,0.00011643801878715935,0.00011669670306535968,0.00011477411811255192,0.00011513948575300846,210.2006431468623
1790569260,0.00011513948575300846,0.0001239998835730862,0.00011513948575300846,0.0001239998835730862,814.087566949912
1790569320,0.0001239998835730862,0.0001239998835730862,0.00012227312024334675,0.0001238794848319568,14.084991168907617
1790569380,0.0001238794848319568,0.0001238794848319568,0.00012178344906224302,0.0001238599080721147,82.98328694067007
1790569440,0.0001238599080721147,0.0001238599080721147,0.00012167433887490813,0.000122684882728116,124.56042352937939
1790569500,0.000122684882728116,0.000122684882728116,0.00011903248278502061,0.00011903248278502061,174.96092584326587
1790569560,0.00011903248278502061,0.00012033023958157385,0.0001187285145837193,0.00012033023958157385,32.66812574641339
1790569620,0.00012033023958157385,0.00012050767794848109,0.00011904570214027201,0.00012050767794848109,36.721877002009386
1790569680,0.00012050767794848109,0.00012075413182128622,0.00012050767794848109,0.00012075413182128622,18.28461993214739
1790569740,0.00012075413182128622,0.00012198040075329235,0.00012075413182128622,0.00012082462340921576,203.43656111980408
1790569800,0.00012082462340921576,0.00012336528304500126,0.00012082462340921576,0.00012336528304500126,78.99936743201066
1790569860,0.00012336528304500126,0.00012405670722790367,0.00012210959633243321,0.00012405670722790367,57.48636456828044
1790569980,0.00012405670722790367,0.00012438780989566732,0.00012284328210446176,0.00012284328210446176,34.43361493724617
1790570040,0.00012284328210446176,0.00012465748986331926,0.00012284328210446176,0.00012295966180960624,11.817490849717126
1790570100,0.00012295966180960624,0.00012306474471749138,0.00012295966180960624,0.00012306474471749138,0.34004268289819695
1790570220,0.00012306474471749138,0.00012595308872160446,0.00012279863864255637,0.00012595308872160446,353.6875769761667
1790570280,0.00012595308872160446,0.00012595308872160446,0.0001239127449101225,0.0001239127449101225,76.91707520707605
1790570340,0.0001239127449101225,0.0001239127449101225,0.00011731960239162613,0.00011993232542537294,804.0600675181024
1790570460,0.00011993232542537294,0.00012178077651583961,0.00011993232542537294,0.00012178077651583961,10.229655024643
1790570520,0.00012178077651583961,0.00012185734214343058,0.00012178077651583961,0.00012185734214343058,2.9642409006045094
1790570580,0.00012185734214343058,0.00012185734214343058,0.0001203126943997937,0.0001203126943997937,0.8732174735232748
1790570640,0.0001203126943997937,0.0001203126943997937,0.00012017211840298354,0.00012017211840298354,2.635105183804046
1790570760,0.00012017211840298354,0.00012229777691151304,0.00011999386734153386,0.00012229777691151304,93.49082965093592
1790570820,0.00012229777691151304,0.00012229777691151304,0.00011889231851762018,0.00011889231851762018,141.15393758128306
1790570880,0.00011889231851762018,0.00012709372444415427,0.00011880038760143141,0.0001260630296749115,647.7514762860458
1790571000,0.0001260630296749115,0.00012814813751238895,0.0001260630296749115,0.00012632142725579903,51.24658409972881
1790571060,0.00012632142725579903,0.000128284108718216,0.00012632142725579903,0.000128284108718216,30.435076033553695
1790571120,0.000128284108718216,0.0001301394619448234,0.0001268456139291744,0.00012879140174908006,466.9654272574209
1790571180,0.00012879140174908006,0.00012997380853259653,0.00012772307829555984,0.00012997380853259653,42.30852983359595
1790571240,0.00012997380853259653,0.00013015136786528948,0.00012844707104069515,0.00013015136786528948,19.931473617677124
1790571300,0.00013015136786528948,0.0001305280860813161,0.00012915816721205061,0.00012915816721205061,77.51124864622889
1790571360,0.00012915816721205061,0.00013120831131159928,0.00012915816721205061,0.00013120831131159928,16.767180044617998
1790571420,0.00013120831131159928,0.00013154632219076294,0.0001292317700970494,0.0001292317700970494,199.2152977979237
1790571480,0.0001292317700970494,0.0001292317700970494,0.00012810628823242768,0.00012810628823242768,62.813222825726854
1790571540,0.00012810628823242768,0.00013030179746068303,0.00012810628823242768,0.00013030179746068303,126.93373433134211
1790571600,0.00013030179746068303,0.0001340209813352889,0.00013030179746068303,0.00013251488768941186,692.0019262833837
1790571660,0.00013251488768941186,0.00013251488768941186,0.00013242409495858078,0.00013242409495858078,0.13840878051714706
1790571840,0.00013242409495858078,0.00013242409495858078,0.00013204681339642498,0.00013204681339642498,1.190121468582361
1790571900,0.00013204681339642498,0.00013204681339642498,0.00013138195278369525,0.00013138195278369525,104.65509734080001
1790571960,0.00013138195278369525,0.00013322193019303451,0.00013138195278369525,0.0001320334449410478,95.0095041460408
1790572020,0.0001320334449410478,0.0001338085799185767,0.0001317845011542107,0.0001338085799185767,14.04449593181177
1790572080,0.0001338085799185767,0.00013503456652455033,0.00013152204721943997,0.0001334303124856659,406.1559580995023
1790572140,0.0001334303124856659,0.00013353521624816754,0.0001315873017787284,0.0001315873017787284,1.1082158859676559
1790572200,0.0001315873017787284,0.00013363517434250346,0.0001315873017787284,0.00013363517434250346,33.518505302457456
1790572260,0.00013363517434250346,0.00013395733592840348,0.00013363517434250346,0.00013395733592840348,7.3035181196563235
1790572320,0.00013395733592840348,0.00013439477506944604,0.00013227964869194352,0.00013227964869194352,53.54309876008693
1790572380,0.00013227964869194352,0.00013401522859951732,0.00013227964869194352,0.00013401522859951732,19.888151257052876
1790572440,0.00013401522859951732,0.00013401522859951732,0.0001309051153528736,0.0001309051153528736,150.8893508819006
1790572500,0.0001309051153528736,0.0001309051153528736,0.0001283300101865073,0.0001283300101865073,203.17914917488886
1790572560,0.0001283300101865073,0.0001283300101865073,0.00012780630955743256,0.00012780630955743256,14.05960009645961
1790572680,0.00012780630955743256,0.00012954965831268295,0.00012733881670671518,0.00012733881670671518,50.4093314288397
1790572740,0.00012733881670671518,0.00012733881670671518,0.00012724106925929597,0.00012724106925929597,2.201665807431527
1790572800,0.00012724106925929597,0.0001329490210598878,0.00012720589517845821,0.00013266141905418207,553.2260377347659
1790572860,0.00013266141905418207,0.00013473567499671692,0.00013250730125724723,0.00013250730125724723,159.27089399957373
1790572980,0.00013250730125724723,0.00013353586752032026,0.00013250730125724723,0.00013353586752032026,4.538044922577031
1790573040,0.00013353586752032026,0.00013431961617296772,0.00013353586752032026,0.00013431961617296772,115.83733015407088
1790573100,0.00013431961617296772,0.00013451014492300126,0.00013270859342393298,0.00013449939324390454,42.1858267541493
1790573160,0.00013449939324390454,0.0001374159472749787,0.00013391636321615294,0.0001374159472749787,278.1885545847509
1790573220,0.0001374159472749787,0.00013749016607794614,0.00013504356465995738,0.00013535376125447783,230.13127577720817
1790573340,0.00013535376125447783,0.00013535376125447783,0.00013492958891898893,0.00013492958891898893,4.807211868615284
1790573400,0.00013492958891898893,0.0001366012520698097,0.00013465158338182186,0.0001347227509789637,11.83804787570975
1790573460,0.0001347227509789637,0.00013663851046708734,0.00013448947482541453,0.00013448947482541453,15.11396867783816
1790573520,0.00013448947482541453,0.0001349997873027743,0.00013367161865291752,0.0001349997873027743,95.62343701647275
1790573580,0.0001349997873027743,0.0001349997873027743,0.0001308780862280687,0.00013233721460897312,211.15292541259788
1790573640,0.00013233721460897312,0.00013233721460897312,0.00013211863597158523,0.00013222598111507295,0.6421823369574834
1790573700,0.00013222598111507295,0.00013641726840056648,0.00013022743754203267,0.00013641726840056648,552.8428586572569
1790573760,0.00013641726840056648,0.00013703767874051446,0.00013469372428141047,0.00013469372428141047,106.55571592105255
1790573820,0.00013469372428141047,0.0001358382321143404,0.0001335317308360626,0.0001358382321143404,104.15468598047374
1790573880,0.0001358382321143404,0.0001358382321143404,0.00013210087343976638,0.00013210087343976638,145.05902036564385
1790573940,0.00013210087343976638,0.0001346246655752551,0.00013210087343976638,0.0001346246655752551,106.24211043895207
1790574000,0.0001346246655752551,0.0001346246655752551,0.00013206528961003103,0.000134169965350528,103.37162539781066
1790574060,0.000134169965350528,0.000134169965350528,0.00013150258905527125,0.00013380900802492982,158.67275343490144
1790574120,0.00013380900802492982,0.00013399460843958666,0.00013380900802492982,0.00013399460843958666,0.1189854554910417
1790574180,0.00013399460843958666,0.00013436940941671902,0.00013399460843958666,0.00013436940941671902,24.180417343386917
1790574240,0.00013436940941671902,0.00013436940941671902,0.0001324058762124801,0.00013407856345219136,59.118222150767586
1790574300,0.00013407856345219136,0.00013407856345219136,0.00013210129902353052,0.00013210129902353052,24.312054457336338
1790574360,0.00013210129902353052,0.00013210129902353052,0.00013162846921717332,0.00013162846921717332,24.738618960682086
1790574420,0.00013162846921717332,0.00013174261364375578,0.00013120416936174376,0.00013120416936174376,88.13331502846859
1790574480,0.00013120416936174376,0.00013172131301735114,0.00012950469255841034,0.00012950469255841034,137.13948866611372
1790574540,0.00012950469255841034,0.00013088895859543457,0.00012827757116034137,0.00013008147840109024,82.54888563656635
1790574600,0.00013008147840109024,0.00013008147840109024,0.00012673356538497787,0.00012715161954584745,252.82462363927772
1790574660,0.00012715161954584745,0.00012715161954584745,0.000125238590629626,0.000125238590629626,26.34162303098409
1790574720,0.000125238590629626,0.00012723718097955693,0.000125238590629626,0.00012723718097955693,16.6107367332585
1790574780,0.00012723718097955693,0.00012723718097955693,0.00012480601288747037,0.00012652109490013237,59.90017495911587
1790574840,0.00012652109490013237,0.0001276030987142896,0.00012652109490013237,0.0001276030987142896,133.72853760864206
1790574900,0.0001276030987142896,0.00013103613664247385,0.00012608447166500428,0.00013028229565673047,667.3827792254577
1790574960,0.00013028229565673047,0.00013028229565673047,0.00013005031097556682,0.00013005031097556682,15.04423674754268
1790575020,0.00013005031097556682,0.00013005031097556682,0.00012974021476468888,0.00012974021476468888,20.537634089474036
1790575080,0.00012974021476468888,0.00012974021476468888,0.0001291574761098206,0.0001291574761098206,89.53888794146609
1790575140,0.0001291574761098206,0.0001291574761098206,0.00012169423225502485,0.00012627694044391345,1165.6586557567675
1790575200,0.00012627694044391345,0.0001266714824100398,0.0001247379920359936,0.00012493869214245606,43.579096385838774
1790575260,0.00012493869214245606,0.00012493869214245606,0.00012465820538991947,0.00012465820538991947,12.05787516544614
1790575320,0.00012465820538991947,0.00012759523595331723,0.00012465820538991947,0.00012759523595331723,184.4859214383196
1790575380,0.00012759523595331723,0.00012793128536259165,0.00012595525560094871,0.00012793128536259165,60.71522714971325
1790575440,0.00012793128536259165,0.0001288655978319174,0.00012793128536259165,0.0001288655978319174,103.66615480455089
1790575500,0.0001288655978319174,0.00012953104098536653,0.00012776405344443122,0.00012776405344443122,24.604102170152114
1790575560,0.00012776405344443122,0.00012976062742606697,0.00012776405344443122,0.00012795538523273787,28.01791639221507
1790575620,0.00012795538523273787,0.00012795538523273787,0.00012783507393019156,0.00012783507393019156,4.752776243601301
1790575680,0.00012783507393019156,0.00013014986516972135,0.00012783507393019156,0.00013014986516972135,43.199661409325955
1790575740,0.00013014986516972135,0.0001303359379715583,0.00012850956358570847,0.0001303359379715583,21.253277607442655
1790575800,0.0001303359379715583,0.0001303359379715583,0.0001285291174269054,0.0001285291174269054,21.698901199968066
1790575860,0.0001285291174269054,0.00013193745448868702,0.0001285291174269054,0.00013193745448868702,283.04936751202627
1790575920,0.00013193745448868702,0.0001344364518729444,0.0001304901603865476,0.0001344364518729444,267.52421007191
1790575980,0.0001344364518729444,0.0001344364518729444,0.000132622168712288,0.00013433496125855732,192.80241307292695
1790576040,0.00013433496125855732,0.00013518548134634707,0.00013285972422895576,0.00013320523223064526,76.92517884234981
1790576100,0.00013320523223064526,0.00013379019500453016,0.00013240588684900454,0.00013379019500453016,143.0008978829686
1790576160,0.00013379019500453016,0.0001348659401983932,0.0001315228815065502,0.00013236577879219383,453.0559813620168
1790576220,0.00013236577879219383,0.00013571636103870788,0.00013236577879219383,0.00013496255972735518,338.65776249149405
1790576280,0.00013496255972735518,0.00013662400930377025,0.00013473449451821998,0.00013662400930377025,15.91405721469005
1790576400,0.00013662400930377025,0.00013729093152839019,0.0001355497638068317,0.0001355497638068317,144.49203745290083
1790576460,0.0001355497638068317,0.00013723360355729578,0.00013527908200126052,0.000135315178353054,36.25163851129074
1790576520,0.000135315178353054,0.0001374763638010629,0.00013528044179219052,0.0001374763638010629,47.16244359788672
1790576580,0.0001374763638010629,0.00013756237984191599,0.00013558619827383538,0.00013558619827383538,33.74397217283535
1790576640,0.00013558619827383538,0.00013950892329758798,0.00013558619827383538,0.00013937033336839253,359.9712151227418
1790576700,0.00013937033336839253,0.00014304916714359515,0.00013784422040530913,0.0001430206885722523,564.9124761147676
1790576760,0.0001430206885722523,0.00014963721304652854,0.0001430206885722523,0.00014957723623623903,540.193203396538
1790576820,0.00014957723623623903,0.00015370122811683161,0.0001454230596513355,0.0001454230596513355,875.5463549753447
1790576880,0.0001454230596513355,0.00014774058283591196,0.0001419845373684034,0.00014774058283591196,838.1278193149697
1790576940,0.00014774058283591196,0.00015027381330200097,0.00014418006310016666,0.00014600305791149653,435.5469597408047
1790577000,0.00014600305791149653,0.00014679171504251517,0.00014393159070823106,0.00014679171504251517,82.47877372892485
1790577060,0.00014679171504251517,0.00014895555315137742,0.00014679171504251517,0.00014895555315137742,158.10759276465595
1790577120,0.00014895555315137742,0.00014895555315137742,0.00014706282746233847,0.00014706282746233847,20.046840321942987
1790577180,0.00014706282746233847,0.00014706282746233847,0.00014639423902712765,0.00014639423902712765,80.51337302642082
1790577240,0.00014639423902712765,0.00014824542602196112,0.00014600016483634672,0.00014824542602196112,8.977671251986898
1790577300,0.00014824542602196112,0.00014824542602196112,0.00014427152132494886,0.0001466783423403886,474.034867327042
1790577360,0.0001466783423403886,0.0001469329672697871,0.0001382386876876358,0.0001388613194948107,770.8392380664769
1790577420,0.0001388613194948107,0.00013891309002684194,0.00013653732524873688,0.00013653732524873688,92.95554292395786
1790577480,0.00013653732524873688,0.00013971165997083237,0.00013653732524873688,0.00013971165997083237,165.02555631596917
1790577540,0.00013971165997083237,0.00013971165997083237,0.00012319980992525384,0.00012639234976544818,1959.787044744117
1790577600,0.00012639234976544818,0.0001389294064921559,0.0001250872510561647,0.0001389294064921559,1539.8898329261958
1790577720,0.0001389294064921559,0.00013928332745715533,0.00013359761681004401,0.00013359761681004401,406.70912821075507
1790577780,0.00013359761681004401,0.00013669162123439025,0.00013359761681004401,0.00013663815831286904,339.35779610914545
1790577840,0.00013663815831286904,0.0001385131471761629,0.00013659939527412785,0.00013664301910778243,22.9290233541468
1790577900,0.00013664301910778243,0.0001383667820383426,0.00013633142069508,0.00013659874406706202,23.98594332080538
1790577960,0.00013659874406706202,0.00014062531218987634,0.00013659874406706202,0.00014062531218987634,170.2564765902093
1790578020,0.00014062531218987634,0.00014062531218987634,0.00013414509318609148,0.00013414509318609148,443.40339452411956
1790578140,0.00013414509318609148,0.00014402712837932732,0.00013414509318609148,0.0001435936250745586,941.4166190849755
1790578200,0.0001435936250745586,0.0001435936250745586,0.0001418840630289315,0.0001418840630289315,253.52619526626472
1790578260,0.0001418840630289315,0.0001436877179990384,0.00014161284123170628,0.00014161284123170628,124.17502137602231
1790578320,0.00014161284123170628,0.0001435678652722337,0.0001415303263124363,0.00014159072170125548,10.682638391414132
1790578380,0.00014159072170125548,0.0001437206049758389,0.00014129838452251917,0.00014129838452251917,48.827166253033674
1790578440,0.00014129838452251917,0.00014129838452251917,0.00014121660414987707,0.00014121660414987707,4.894786785779028
1790578500,0.00014121660414987707,0.00014330777405265744,0.00014116083759189434,0.00014116083759189434,32.71677688395546
1790578560,0.00014116083759189434,0.00014116083759189434,0.00014094378432024274,0.00014094378432024274,6.6110318671436445
1790578620,0.00014094378432024274,0.0001429902521776969,0.00014094378432024274,0.00014100351535235747,9.772445428295866
1790578680,0.00014100351535235747,0.00014100351535235747,0.00013969754475023243,0.00013969754475023243,177.616853836829
1790578740,0.00013969754475023243,0.00013969754475023243,0.00013684842882400938,0.00013684842882400938,263.619430035909
1790578800,0.00013684842882400938,0.0001380699288972189,0.00013582619162025506,0.00013789187632346403,348.9083130577081
1790578860,0.00013789187632346403,0.00013800934299451902,0.00013789187632346403,0.00013800934299451902,6.138190090755631
1790578920,0.00013800934299451902,0.0001398590180594835,0.00013800934299451902,0.0001398590180594835,256.2493764054567
1790579040,0.0001398590180594835,0.00014141673511378126,0.00013800233665901485,0.00014141673511378126,248.62482100687527
1790579100,0.00014141673511378126,0.00014141673511378126,0.00013999694649765958,0.00013999694649765958,124.43725582156944
1790579220,0.00013999694649765958,0.00013999694649765958,0.00013915344792019457,0.00013915344792019457,4.911959077861297
1790579280,0.00013915344792019457,0.00013915344792019457,0.00013782783085563584,0.00013782783085563584,178.55027130786542
1790579340,0.00013782783085563584,0.00013782783085563584,0.00013669536243414782,0.00013669536243414782,26.154018070917463
1790579400,0.00013669536243414782,0.00013669536243414782,0.00013645863509545745,0.00013645863509545745,4.624788822507204
1790579520,0.00013645863509545745,0.0001383986753363654,0.00013620887056998992,0.00013620887056998992,17.563028395596938
1790579580,0.00013620887056998992,0.00013620887056998992,0.00013587494830156482,0.00013587494830156482,25.798301624133348
1790579640,0.00013587494830156482,0.0001392590089256434,0.00013560761143750812,0.0001392590089256434,324.82717180099877
1790579760,0.0001392590089256434,0.00014338999380471095,0.0001392590089256434,0.00014338999380471095,241.56303823253106
1790579820,0.00014338999380471095,0.00014338999380471095,0.00014231410919271915,0.00014231410919271915,1.3246906580604372
1790579880,0.00014231410919271915,0.0001443821774114722,0.00014227935297054975,0.0001443821774114722,20.12327161948323
1790579940,0.0001443821774114722,0.00014560569093622852,0.00014382776700408686,0.00014382776700408686,309.84197488706013
1790580060,0.00014382776700408686,0.00014492264486195354,0.00014382776700408686,0.00014492264486195354,3.7556086006379035
1790580120,0.00014492264486195354,0.00014530118814017742,0.00014157925493938516,0.00014157925493938516,368.2336147208486
1790580240,0.00014157925493938516,0.00014245493110561872,0.00014048963043660474,0.00014245493110561872,14.920730142768416
1790580420,0.00014245493110561872,0.00014245493110561872,0.00013866146569238366,0.00013866146569238366,141.246448152986
1790580540,0.00013866146569238366,0.00013866146569238366,0.00013594661800786856,0.00013594661800786856,223.16046308933346
1790580600,0.00013594661800786856,0.00013804114851414872,0.00013589188108090278,0.00013804114851414872,30.936779116779416
1790580660,0.00013804114851414872,0.00013804114851414872,0.00013552032394070152,0.00013552032394070152,54.61817296008706
1790580720,0.00013552032394070152,0.00013740875025412456,0.00013552032394070152,0.00013740875025412456,11.667028213050413
1790580780,0.00013740875025412456,0.00013740875025412456,0.000134735055579507,0.00013640810947342016,182.61945315874075
1790580840,0.00013640810947342016,0.00013640810947342016,0.00013455812909398283,0.00013455812909398283,2.1336514170826555
1790580960,0.00013455812909398283,0.00013468632332763413,0.0001342960563801775,0.0001342960563801775,50.58853684062616
1790581020,0.0001342960563801775,0.00013614199674160516,0.0001342960563801775,0.00013614199674160516,0.9893979505383047
1790581080,0.00013614199674160516,0.00013614199674160516,0.00013418008189087713,0.00013418008189087713,0.9741473945277679
1790581140,0.00013418008189087713,0.00013425983135080177,0.00013418008189087713,0.00013425983135080177,2.3252681888191877
1790581200,0.00013425983135080177,0.00013680523793124444,0.00013425983135080177,0.00013557195497860183,119.65588130902503
1790581260,0.00013557195497860183,0.00013563875462761004,0.00013557195497860183,0.00013563875462761004,3.2140035596639462
1790581320,0.00013563875462761004,0.00013563875462761004,0.00013535137332294986,0.00013535137332294986,27.11038120832455
1790581380,0.00013535137332294986,0.00013535137332294986,0.00013389488158021957,0.00013389488158021957,206.16881647585652
1790581440,0.00013389488158021957,0.00013389488158021957,0.00013247271315482078,0.00013247271315482078,5.222489234580275
1790581500,0.00013247271315482078,0.00013417840407957136,0.0001324271109216953,0.0001341557910312548,22.519907365721373
1790581560,0.0001341557910312548,0.0001341557910312548,0.00013117599800055405,0.00013117599800055405,106.82111321155266
1790581620,0.00013117599800055405,0.00013287043149414697,0.00012823405712473094,0.00012897225838759516,508.3990672266479
1790581680,0.00012897225838759516,0.00012897225838759516,0.00011087578296248877,0.00011935898431527372,3176.861520235319
1790581740,0.00011935898431527372,0.00011935898431527372,0.00010155532572737644,0.00011387189535844885,4226.315552216563
1790581800,0.00011387189535844885,0.00012433944536463173,0.0001088644300688505,0.00011688408176775346,2706.9801489784595
1790581860,0.00011688408176775346,0.0001243614742897317,0.00011688408176775346,0.0001239672829391249,973.6379358588141
1790581920,0.0001239672829391249,0.00012808005512934706,0.0001230617407880124,0.00012641476317743036,711.9944175847057
1790581980,0.00012641476317743036,0.00012641476317743036,0.00012135899333569278,0.00012135899333569278,387.2713047514155
1790582040,0.00012135899333569278,0.00012135899333569278,0.00011841516230235685,0.00011841516230235685,287.6362387247414
1790582100,0.00011841516230235685,0.00012108506937905392,0.00011824475348197232,0.00012108506937905392,155.22735852077898
1790582160,0.00012108506937905392,0.00012108506937905392,0.000119114264613932,0.000119114264613932,81.4139056052846
1790582220,0.000119114264613932,0.0001210136731371312,0.000119114264613932,0.0001210136731371312,49.417974799768494
1790582280,0.0001210136731371312,0.0001210136731371312,0.00011900993934104544,0.00011900993934104544,70.35664028002249
1790582340,0.00011900993934104544,0.00011900993934104544,0.00011817927237310361,0.00011817927237310361,37.83798911471234
1790582400,0.00011817927237310361,0.00012002925935082116,0.00011744543466755356,0.00011777121546058727,153.65183184899692
1790582580,0.00011777121546058727,0.00012032642789341636,0.00011777121546058727,0.00012032642789341636,138.33809236852036
1790582640,0.00012032642789341636,0.00012032642789341636,0.00011791148762704175,0.00011791621797214566,109.95455404927172
1790582700,0.00011791621797214566,0.00011791621797214566,0.0001170984745454889,0.0001170984745454889,117.87728338786067
1790582760,0.0001170984745454889,0.00011867873857644504,0.00011694220116699617,0.00011867873857644504,73.06970847873527
1790582820,0.00011867873857644504,0.00011867873857644504,0.00011703223914699797,0.00011703223914699797,4.9719387592878705
1790582880,0.00011703223914699797,0.00011890915927705502,0.00011596129172887256,0.00011890915927705502,229.22762058811549
1790582940,0.00011890915927705502,0.00012114126826891243,0.00011841384777928856,0.00012114126826891243,254.45947212048165
1790583000,0.00012114126826891243,0.00012160710727174821,0.00012114126826891243,0.00012160710727174821,0.9422588307118694
1790583060,0.00012160710727174821,0.0001217166880371816,0.00012005485255945088,0.00012005485255945088,18.44826735759933
1790583120,0.00012005485255945088,0.00012181523439668534,0.00012005485255945088,0.00012020826844155815,20.087793363701042
1790583180,0.00012020826844155815,0.0001235792429319911,0.00012020826844155815,0.00012343267474571813,304.2546524489497
1790583240,0.00012343267474571813,0.00012343267474571813,0.00012336660214840313,0.00012339012846197914,4.0586254168398685
1790583300,0.00012339012846197914,0.0001258458122273189,0.00012339012846197914,0.0001239404032852584,62.284872528364815
1790583360,0.0001239404032852584,0.00012799244652240328,0.0001239404032852584,0.00012799244652240328,241.83087984088252
1790583420,0.00012799244652240328,0.00012835674528295573,0.00012642099353039698,0.00012835674528295573,51.129362411149955
1790583480,0.00012835674528295573,0.00012835674528295573,0.00012623139356346286,0.00012794422145519918,36.009896641743005
1790583600,0.00012794422145519918,0.00012794422145519918,0.0001259763244011765,0.00012599894277561132,3.5317112362169936
1790583720,0.00012599894277561132,0.00012599894277561132,0.00012576131329036542,0.00012576131329036542,30.92672763315441
1790583780,0.00012576131329036542,0.00012744248889234283,0.00012544414470003998,0.00012544414470003998,55.806433000194836
1790583840,0.00012544414470003998,0.0001271664551345547,0.00012532441850222163,0.00012532441850222163,14.873041044598297
1790583900,0.00012532441850222163,0.00012780201327442084,0.00012532441850222163,0.00012780201327442084,101.8097194354512
1790583960,0.00012780201327442084,0.00012780201327442084,0.00012654210594422743,0.00012654210594422743,15.245326266766119
1790584020,0.00012654210594422743,0.00012654210594422743,0.00012631402749873057,0.00012631402749873057,10.118620901034443
1790584080,0.00012631402749873057,0.00012647373978210818,0.00012523396631194212,0.00012525645900495348,297.27844650978614
1790584200,0.00012525645900495348,0.00012525645900495348,0.00012473883368093998,0.00012473883368093998,99.25698665254528
1790584260,0.00012473883368093998,0.00012473883368093998,0.00011353419738526879,0.00011353419738526879,1055.3190621411918
1790584320,0.00011353419738526879,0.00011353419738526879,0.00011194153065789137,0.00011334745797964891,59.009268509246986
1790584380,0.00011334745797964891,0.00011406650681374766,0.00011092482073116638,0.00011092482073116638,253.7245731823737
1790584440,0.00011092482073116638,0.00011231330787947118,0.00011051017570066635,0.00011231330787947118,42.11105745512951
1790584500,0.00011231330787947118,0.00011366170136940904,0.00011209471397706629,0.00011366170136940904,121.06079738900243
1790584560,0.00011366170136940904,0.00011366170136940904,0.00011179499399031509,0.00011179499399031509,22.553361800191993
1790584620,0.00011179499399031509,0.00011329541917249007,0.00011110005300782766,0.00011110005300782766,65.4186733533205
1790584680,0.00011110005300782766,0.00011158221270872415,0.00010955489701744829,0.00011158221270872415,243.13849153020638
1790584740,0.00011158221270872415,0.00011158221270872415,0.00010992811516464961,0.00010992811516464961,106.07578794055614
1790584800,0.00010992811516464961,0.00010992811516464961,0.00010755075327095967,0.00010755075327095967,198.66992329221284
1790584860,0.00010755075327095967,0.00010963259556047238,0.00010693734820535555,0.00010963259556047238,152.78757848148933
1790584920,0.00010963259556047238,0.00010985394831200318,0.00010803367652253458,0.00010985394831200318,71.76356497984716
1790584980,0.00010985394831200318,0.00011163985885030201,0.00010850603619707266,0.00011001525236970362,170.32269308417386
1790585040,0.00011001525236970362,0.00011001525236970362,0.00010886544930673413,0.00010886544930673413,112.11139163508247
1790585100,0.00010886544930673413,0.00011556815749322686,0.00010886544930673413,0.00011556815749322686,591.4597814856264
1790585160,0.00011556815749322686,0.00011658066838261896,0.00011467844932454678,0.00011467844932454678,152.1104077900182
1790585220,0.00011467844932454678,0.0001165717630420805,0.00011467844932454678,0.00011516908036759304,48.76617245279974
1790585280,0.00011516908036759304,0.00011516908036759304,0.00011493563145986985,0.00011493563145986985,37.539317384256314
1790585340,0.00011493563145986985,0.00011678281601000364,0.00011493563145986985,0.00011678281601000364,74.38895869855034
1790585400,0.00011678281601000364,0.00011739100837164576,0.00011678281601000364,0.00011739100837164576,48.554744619367156
1790585460,0.00011739100837164576,0.00011784052301415866,0.00011606319055998694,0.000116141486201088,30.476386293483092
1790585580,0.000116141486201088,0.00011779909306433067,0.000116141486201088,0.00011779909306433067,9.34846967182994
1790585640,0.00011779909306433067,0.00011798560115573895,0.0001161165485101356,0.00011785771299310864,44.85991965064949
1790585700,0.00011785771299310864,0.00011785771299310864,0.00011609925190220228,0.00011609925190220228,2.4970764882234846
1790585760,0.00011609925190220228,0.00011609925190220228,0.00011578628896277673,0.00011578628896277673,50.2485010174182
1790585820,0.00011545667929867104,0.00011545667929867104,0.00011545667929867104,0.00011545667929867104,0.9815908892917062
1790585880,0.00011545667929867104,0.00011717689213165608,0.00011545667929867104,0.00011717689213165608,4.899171422294433
1790585940,0.00011717689213165608,0.00011778146794440857,0.00011608589521474242,0.00011608589521474242,186.56810162922028
1790586000,0.00011608589521474242,0.00011608589521474242,0.00011567233334296502,0.00011567233334296502,2.229771046877199
1790586120,0.00011567233334296502,0.00011720220808419693,0.00011552499149420301,0.00011714374064948463,24.500372976139978
1790586180,0.00011714374064948463,0.00011714374064948463,0.00011519262036227344,0.00011525740066742533,16.752633706472647
1790586240,0.00011525740066742533,0.00011685669591580355,0.00011508786165454484,0.00011685669591580355,40.24623790019867
1790586300,0.00011685669591580355,0.00011685669591580355,0.00011548090856575093,0.00011548090856575093,0.8375128463052106
1790586360,0.00011548090856575093,0.0001169797519330213,0.00011528241855023112,0.0001169797519330213,9.275512300966742
1790586420,0.0001169797519330213,0.0001169797519330213,0.00011102534645630241,0.00011102534645630241,537.1925059531783
1790586480,0.00011102534645630241,0.00011158478867925669,0.00011102534645630241,0.00011158478867925669,84.13546597433611
1790586540,0.00011158478867925669,0.00011208100344282556,0.00010908594738410437,0.00011126489943007867,293.1297615044868
1790586600,0.00011126489943007867,0.00011455967014659185,0.00011126489943007867,0.00011455967014659185,239.47001324046886
1790586660,0.00011455967014659185,0.00011816981894398512,0.00011455967014659185,0.00011741562832896519,539.9250955698999
1790586720,0.00011741562832896519,0.00011741945189606969,0.00011573439382603016,0.00011573439382603016,309.5799975893429
1790586780,0.00011573439382603016,0.0001314764360872509,0.00011573439382603016,0.00013033890890103592,1531.1951756365793
1790586840,0.00013033890890103592,0.00013033890890103592,0.00012963958774832798,0.00012963958774832798,125.46600938924378
1790586900,0.00012963958774832798,0.00013099259333157153,0.00012898410335191498,0.00013099259333157153,27.486222841908926
1790586960,0.00013099259333157153,0.00013119973278058716,0.00012321423774438642,0.00012321423774438642,514.907284345383
1790587020,0.00012321423774438642,0.00012377564591246686,0.00012229958130062656,0.00012229958130062656,155.46587322016546
1790587080,0.00012229958130062656,0.00012229958130062656,0.00012218045103284941,0.00012224725293653692,1.248750372026405
1790587200,0.00012224725293653692,0.00012224725293653692,0.00012154131764857195,0.00012154131764857195,121.54131764857196
1790587260,0.00012154131764857195,0.00012154131764857195,0.00011509061331967433,0.00011610452408638106,568.6303904467867
1790587320,0.00011610452408638106,0.00011610452408638106,0.00010357118926552712,0.00010933952527981081,1891.0090701888005
1790587380,0.00010933952527981081,0.00011002706446674007,0.00010760015206787809,0.00010856794487119701,413.50584728161715
1790587440,0.00010856794487119701,0.00010856794487119701,0.00010393988992376888,0.00010393988992376888,606.1028792696789
1790587500,0.00010393988992376888,0.00010593984441748482,0.00010008756631643822,0.00010098840760591368,1620.1198968654296
1790587560,0.00010098840760591368,0.00010102090210954781,9.689328246611033e-05,9.863839505813284e-05,1561.0413539161646
1790587620,9.863839505813284e-05,0.0001022803257793107,9.863839505813284e-05,0.00010050946261069965,275.5902338194713
1790587680,0.00010050946261069965,0.00010194539391134648,0.00010000480825848633,0.00010000480825848633,103.03765696786014
1790587740,0.00010000480825848633,0.00010487595730625928,9.973120379272172e-05,0.00010324804143015424,535.600233988373
1790587800,0.00010324804143015424,0.00010324804143015424,0.00010150708827031056,0.00010308783180738074,50.418200884206406
1790587860,0.00010308783180738074,0.00010344280840874789,0.00010041839497834518,0.00010184674747119517,250.60927434248413
1790587920,0.00010184674747119517,0.00010205240784037241,0.00010047546144062427,0.00010205240784037241,23.48617768583376
1790587980,0.00010205240784037241,0.00010386469271001013,0.0001010376792485275,0.0001010376792485275,305.9679758919079
1790588040,0.0001010376792485275,0.00010541915502852372,0.0001010376792485275,0.00010541915502852372,37.73605963519906
1790588100,0.00010541915502852372,0.00010594692182659186,0.00010376810771492217,0.00010376810771492217,175.9452998182492
1790588160,0.00010376810771492217,0.00010632674759577699,0.00010376810771492217,0.00010535429244977845,223.30827473294286
1790588220,0.00010535429244977845,0.00010612153201619146,0.00010474375339179773,0.00010474375339179773,103.69127598438968
1790588280,0.00010474375339179773,0.0001064069939971731,0.00010474375339179773,0.0001049290485893035,53.270147118910145
1790588340,0.0001049290485893035,0.00010624934977781491,0.00010473754229134986,0.00010476988018521906,13.981521063009694
1790588400,0.00010476988018521906,0.00010617830582707505,0.00010461661394935548,0.00010615315591719757,13.54841170410995
1790588460,0.00010615315591719757,0.00010749724180901701,0.00010472197278161732,0.00010601316969230577,144.03939233771868
1790588520,0.00010601316969230577,0.00010607513688332838,0.00010594213425310577,0.00010594213425310577,11.849609022338798
1790588580,0.00010594213425310577,0.00010738955098037081,0.00010594213425310577,0.00010738955098037081,11.441354426892218
1790588640,0.00010738955098037081,0.00010738955098037081,0.00010545058638293323,0.00010545058638293323,74.85498272068956
1790588700,0.00010545058638293323,0.00010545058638293323,0.00010494266889835547,0.00010494266889835547,4.7648786531357725
1790588760,0.00010494266889835547,0.00010494266889835547,0.00010332478041264299,0.00010332478041264299,279.105186971295
1790588820,0.00010332478041264299,0.00010344496808363486,0.00010332478041264299,0.00010344496808363486,19.602390006989605
1790588880,0.00010344496808363486,0.00010344496808363486,9.660773349130417e-05,9.669343771218548e-05,685.0213544458477
1790588940,9.669343771218548e-05,0.00010190304817917822,9.669343771218548e-05,0.00010062363116074449,626.315205771922
1790589000,0.00010062363116074449,0.00010062363116074449,9.384349923483669e-05,9.389439938777451e-05,760.4203397430595
1790589060,9.389439938777451e-05,9.636818109788485e-05,9.341237469046578e-05,9.627349932528612e-05,331.6363747189028
1790589120,9.627349932528612e-05,9.654143009743072e-05,9.627349932528612e-05,9.654143009743072e-05,25.07279080020065
1790589180,9.654143009743072e-05,9.654143009743072e-05,9.383203514731683e-05,9.383203514731683e-05,237.3949603968025
1790589240,9.383203514731683e-05,9.418624283019784e-05,9.097965982729992e-05,9.099813011882947e-05,331.63659201983415
1790589300,9.099813011882947e-05,9.099813011882947e-05,7.293443631115062e-05,8.826366587653973e-05,4585.226037378792
1790589360,8.826366587653973e-05,8.826366587653973e-05,8.53883335019675e-05,8.669484530429225e-05,395.9761733405442
1790589420,8.669484530429225e-05,8.877978130373339e-05,8.669484530429225e-05,8.682194274152577e-05,394.07671750383275
1790589480,8.682194274152577e-05,8.682194274152577e-05,8.457002700970204e-05,8.567032954246462e-05,288.0298356100682
1790589540,8.567032954246462e-05,8.569714332801032e-05,8.41569235181027e-05,8.41569235181027e-05,94.53819825768744
1790589600,8.41569235181027e-05,9.06642095269353e-05,8.388789430381863e-05,8.942419364914956e-05,909.9296953201839
1790589660,8.942419364914956e-05,8.942419364914956e-05,8.769263682392305e-05,8.769263682392305e-05,469.0746765488506
1790589720,8.769263682392305e-05,8.873108569279422e-05,8.707332405169395e-05,8.813894108476838e-05,449.55104098100475
1790589780,8.813894108476838e-05,8.813894108476838e-05,8.69358997294675e-05,8.69358997294675e-05,13.825349601672345
1790589840,8.69358997294675e-05,8.69358997294675e-05,8.573523724003172e-05,8.588964027540644e-05,227.71935792107033
1790589900,8.588964027540644e-05,8.588964027540644e-05,8.358979427188347e-05,8.506582159643754e-05,407.25437997874195
1790589960,8.506582159643754e-05,8.67643576091794e-05,8.506582159643754e-05,8.67643576091794e-05,78.06066975668313
1790590020,8.67643576091794e-05,8.843168780199951e-05,8.465208438255677e-05,8.67137457347337e-05,488.87395045923756
1790590080,8.67137457347337e-05,9.026462495743887e-05,8.67137457347337e-05,9.026462495743887e-05,300.2975293164258
1790590140,9.026462495743887e-05,9.081457269232703e-05,8.934339323654684e-05,9.081457269232703e-05,45.53643177867257
1790590200,9.081457269232703e-05,9.251148006842685e-05,8.96753700026229e-05,9.176990414224907e-05,230.2648348292828
1790590260,9.176990414224907e-05,9.302126248571006e-05,9.156235331588985e-05,9.302126248571006e-05,27.15023221697835
1790590320,9.302126248571006e-05,9.846539758642708e-05,9.157529106151109e-05,9.846539758642708e-05,739.0212198968135
1790590380,9.846539758642708e-05,0.00010009935385002441,9.71180513103631e-05,9.91364963728244e-05,228.61233407138818
1790590440,9.91364963728244e-05,0.00010118160237598651,9.91364963728244e-05,9.944139158703129e-05,144.40894371196399
1790590500,9.944139158703129e-05,0.00010122938837587325,9.911803480199323e-05,9.911803480199323e-05,275.3832748055668
1790590560,9.911803480199323e-05,9.964965216476282e-05,9.779091780672856e-05,9.896208994307417e-05,111.46081352815432
1790590620,9.896208994307417e-05,9.918976895846544e-05,9.72662361377373e-05,9.918976895846544e-05,114.26466963413013
1790590680,9.918976895846544e-05,9.918976895846544e-05,9.66226974032249e-05,9.66226974032249e-05,232.98236606497272
1790590740,9.66226974032249e-05,9.76721534331315e-05,9.64424284810537e-05,9.76721534331315e-05,115.23708333649314
1790590800,9.76721534331315e-05,9.803293719667038e-05,9.628929937910072e-05,9.803293719667038e-05,120.857345824776
1790590860,9.803293719667038e-05,0.0001020394738644584,9.680774044725559e-05,0.00010131153646783071,782.9912659667996
1790590920,0.00010131153646783071,0.00010277748717766966,0.00010125656684912434,0.00010277748717766966,39.3906693020622
1790590980,0.00010277748717766966,0.00011012544485338622,0.00010141121213118677,0.00010768358258269842,826.7492002227997
1790591040,0.00010768358258269842,0.00010768358258269842,0.0001049346395547594,0.00010642751797472094,303.99835685730994
1790591100,0.00010642751797472094,0.00010642751797472094,0.00010494076279468937,0.00010639814721444679,19.41755232341769
1790591160,0.00010639814721444679,0.00010662655259457067,0.00010470229848193729,0.00010470229848193729,84.72656389095111
1790591220,0.00010470229848193729,0.0001062035804968161,0.00010423467802941228,0.00010525980951538496,118.2924375688178
1790591280,0.00010525980951538496,0.00010679598968686075,0.00010488696139542007,0.00010488696139542007,112.0680820740674
1790591340,0.00010488696139542007,0.00010488696139542007,0.00010384522737434082,0.00010486109688731688,94.75462456864877
1790591400,0.00010486109688731688,0.00010486109688731688,0.00010153664483412543,0.0001015591103740925,327.6839376888728
1790591460,0.0001015591103740925,0.0001015591103740925,9.866144142835604e-05,0.00010033113403794346,168.49379120849932
1790591520,0.00010033113403794346,0.00010033113403794346,9.864752781049113e-05,9.864752781049113e-05,30.09101701396507
1790591580,9.864752781049113e-05,9.99290656276268e-05,9.85446666779331e-05,9.99290656276268e-05,18.193971024474454
1790591640,9.99290656276268e-05,9.99290656276268e-05,9.823778562424478e-05,9.924536716243444e-05,64.99337641784889
1790591700,9.924536716243444e-05,9.948971060524417e-05,9.80790292862162e-05,9.80790292862162e-05,30.623061712559213
1790591760,9.80790292862162e-05,9.80790292862162e-05,9.720058766132042e-05,9.763934501144967e-05,182.22627311182472
1790591880,9.763934501144967e-05,9.784815254502406e-05,9.566323726491543e-05,9.784815254502406e-05,318.0594197657008
1790591940,9.784815254502406e-05,9.874169536068652e-05,9.700591910914685e-05,9.755083916666312e-05,143.46425346749348
1790592000,9.755083916666312e-05,9.834552891160034e-05,9.689375178043441e-05,9.689375178043441e-05,61.094153799662735
1790592060,9.689375178043441e-05,9.693061376426247e-05,9.689375178043441e-05,9.693061376426247e-05,0.7723039747706296
1790592120,9.693061376426247e-05,9.835448405185487e-05,9.61330250393876e-05,9.720158686533165e-05,145.8290618896726
1790592180,9.720158686533165e-05,9.720158686533165e-05,9.45180204994849e-05,9.500535458067182e-05,136.7731749070741
1790592240,9.500535458067182e-05,9.610106847699398e-05,9.500535458067182e-05,9.599931003989651e-05,31.933165548864025
1790592300,9.599931003989651e-05,9.631864973555062e-05,9.373261842653e-05,9.531441397049994e-05,203.77563791413948
1790592360,9.531441397049994e-05,9.538178267659256e-05,9.398071498316651e-05,9.398071498316651e-05,10.71169717457819
1790592420,9.398071498316651e-05,9.539212550461104e-05,9.398071498316651e-05,9.534310573570798e-05,5.877574788302661
1790592480,9.534310573570798e-05,9.534310573570798e-05,9.409036618452553e-05,9.409036618452553e-05,2.0503882966203
1790592540,9.409036618452553e-05,9.740811957617553e-05,9.387851111708728e-05,9.67843451818021e-05,342.01077194034156
1790592600,9.67843451818021e-05,9.692285021246923e-05,9.67843451818021e-05,9.692285021246923e-05,0.2907705435650538
1790592660,9.692285021246923e-05,9.71990801999802e-05,9.534776240578552e-05,9.534776240578552e-05,117.56900911157082
1790592720,9.534776240578552e-05,9.663527712505101e-05,9.534776240578552e-05,9.663527712505101e-05,5.872511875191172
1790592780,9.663527712505101e-05,9.663527712505101e-05,9.533812553095377e-05,9.533812553095377e-05,18.739351972745627
1790592840,9.533812553095377e-05,9.682297678324648e-05,9.514477140439733e-05,9.682297678324648e-05,43.35826761563934
1790592900,9.682297678324648e-05,9.713072329929584e-05,9.681536444546312e-05,9.713072329929584e-05,54.20783515323938
1790592960,9.713072329929584e-05,9.773108993596716e-05,9.605817396147234e-05,9.773108993596716e-05,53.05906799967933
1790593020,9.773108993596716e-05,9.815911005389131e-05,9.634872889639582e-05,9.815911005389131e-05,118.06037270535845
1790593080,9.815911005389131e-05,9.879596548737847e-05,9.732947715439938e-05,9.879596548737847e-05,10.151979831230658
1790593140,9.879596548737847e-05,9.879596548737847e-05,9.676426194308133e-05,9.815069620320935e-05,79.94729260090878
1790593200,9.815069620320935e-05,9.843506282070251e-05,9.691203193462549e-05,9.843506282070251e-05,19.999677100183643
1790593260,9.843506282070251e-05,0.00010194728794990492,9.843506282070251e-05,0.00010137325062987693,441.65925176127087
1790593320,0.00010137325062987693,0.00010858473271350156,0.00010137325062987693,0.00010791985728764931,673.9664598622048
1790593380,0.00010791985728764931,0.00010978153483951259,0.00010766403223146154,0.00010766403223146154,124.43146516650896
1790593440,0.00010766403223146154,0.00010809393434754852,0.00010658981306660396,0.00010703593665709395,254.45669840885807
1790593500,0.00010703593665709395,0.00010814650483683148,0.0001056191663579743,0.0001056191663579743,112.13262079499884
1790593560,0.0001056191663579743,0.00010718120858727556,0.0001048002829139465,0.0001048002829139465,199.46861302066614
1790593620,0.0001048002829139465,0.00010559223612209963,0.0001048002829139465,0.00010559223612209963,65.33154673677983
1790593680,0.00010559223612209963,0.0001058957245305321,0.00010559223612209963,0.0001058957245305321,0.4733537229246696
1790593740,0.0001058957245305321,0.00010674774949037437,0.0001058957245305321,0.00010674774949037437,95.81051514835848
1790593800,0.00010674774949037437,0.00010728665289699733,0.00010674774949037437,0.00010728665289699733,70.03488367379418
1790593860,0.00010728665289699733,0.00010770680412673647,0.00010609655108682091,0.0001062486787672228,20.387035614030545
1790593920,0.0001062486787672228,0.00010771407527014296,0.00010620387672422147,0.00010771407527014296,34.63040488322041
1790593980,0.00010771407527014296,0.00010787534320774703,0.0001047350791714721,0.0001047350791714721,332.76632918897997
1790594100,0.0001047350791714721,0.0001047350791714721,0.0001017508266753507,0.00010318306558857532,156.23919740772462
1790594160,0.00010318306558857532,0.00010346462412586205,0.0001017279955352289,0.0001017279955352289,33.41947324185144
1790594220,0.0001017279955352289,0.00010343884735562927,9.847881312398206e-05,9.847881312398206e-05,497.10052530062666
1790594280,9.847881312398206e-05,9.927199120618181e-05,9.730894391560327e-05,9.927199120618181e-05,165.674439909692
1790594340,9.927199120618181e-05,9.927199120618181e-05,9.838087832628967e-05,9.838087832628967e-05,14.535464361893276
1790594400,9.838087832628967e-05,9.973916562758768e-05,9.835230416152603e-05,9.973446322236153e-05,43.74632426074951
1790594460,9.973446322236153e-05,9.991951839455652e-05,9.831258836575132e-05,9.991951839455652e-05,22.47924633694768
1790594520,9.991951839455652e-05,0.00010009508645847349,9.850746741711246e-05,9.850746741711246e-05,64.93835047907415
1790594580,9.850746741711246e-05,9.96497267622107e-05,9.83647573305187e-05,9.83647573305187e-05,25.61690171560226
1790594640,9.83647573305187e-05,9.961119176134135e-05,9.767859960073604e-05,9.91960173144113e-05,87.0004199627417
1790594700,9.91960173144113e-05,9.91960173144113e-05,9.780556917921255e-05,9.780556917921255e-05,5.396632579824235
1790594760,9.780556917921255e-05,9.921577967068174e-05,9.692143892362232e-05,9.692143892362232e-05,126.75574814527027
1790594820,9.692143892362232e-05,9.692143892362232e-05,9.677609157943414e-05,9.677609157943414e-05,19.65971132994172
1790594880,9.677609157943414e-05,9.803141874603241e-05,9.60071404598602e-05,9.60071404598602e-05,79.89488592456048
1790594940,9.60071404598602e-05,9.737559575627601e-05,9.60071404598602e-05,9.737559575627601e-05,13.794549573214496
1790595000,9.737559575627601e-05,9.749543967685104e-05,9.607145935344314e-05,9.749543967685104e-05,12.058326207829984
1790595060,9.749543967685104e-05,9.87510179598608e-05,9.737807459145003e-05,9.87510179598608e-05,121.98143119467507
1790595180,9.87510179598608e-05,9.952730603261843e-05,9.873847096119259e-05,9.952730603261843e-05,84.65279277086043
1790595240,9.952730603261843e-05,9.952730603261843e-05,9.806953721656306e-05,9.935082305628513e-05,33.81040129297892
1790595300,9.935082305628513e-05,9.98822514560039e-05,9.935082305628513e-05,9.98822514560039e-05,51.754359386641816
1790595360,9.98822514560039e-05,9.98822514560039e-05,9.848836968492472e-05,9.848836968492472e-05,3.20482109663433
1790595420,9.848836968492472e-05,9.848836968492472e-05,9.81529575018872e-05,9.81529575018872e-05,39.18799378316726
1790595480,9.81529575018872e-05,9.81529575018872e-05,9.807561929554319e-05,9.807561929554319e-05,8.946247993996474
1790595600,9.807561929554319e-05,9.807561929554319e-05,9.382954517674525e-05,9.382954517674525e-05,523.631110799969
1790595660,9.382954517674525e-05,9.45939486397517e-05,9.291392624362368e-05,9.45939486397517e-05,102.49408922978591
1790595720,9.45939486397517e-05,9.511942723945675e-05,9.45939486397517e-05,9.511942723945675e-05,7.110346028292408
1790595780,9.511942723945675e-05,9.511942723945675e-05,9.34244843851827e-05,9.34244843851827e-05,67.28024218226588
1790595840,9.34244843851827e-05,9.451630605956566e-05,9.313149799206763e-05,9.313149799206763e-05,10.849344717305662
1790595900,9.313149799206763e-05,9.443108015379921e-05,9.313149799206763e-05,9.443108015379921e-05,5.072616295557928
1790595960,9.443108015379921e-05,9.444620406353112e-05,9.310484563661262e-05,9.444620406353112e-05,13.214032205484983
1790596020,9.444620406353112e-05,9.444620406353112e-05,9.314414753233126e-05,9.314414753233126e-05,1.9320557161590337
1790596080,9.314414753233126e-05,9.413810161637075e-05,9.303017295683043e-05,9.413810161637075e-05,27.95684066742595
1790596140,9.413810161637075e-05,9.445049107824391e-05,9.310725621920396e-05,9.310725621920396e-05,35.07593514234189
1790596200,9.310725621920396e-05,9.310725621920396e-05,9.157328111476139e-05,9.157328111476139e-05,161.69462195465402
1790596260,9.157328111476139e-05,9.157328111476139e-05,9.155878746664404e-05,9.155878746664404e-05,0.44210354747845754
1790596320,9.155878746664404e-05,9.34383714973977e-05,9.155878746664404e-05,9.34383714973977e-05,105.15236859984809
1790596440,9.34383714973977e-05,9.386713718424204e-05,9.255522926513313e-05,9.255522926513313e-05,23.176582070382878
1790596560,9.255522926513313e-05,9.397409462444957e-05,9.255522926513313e-05,9.256379643402919e-05,38.12743596271286
1790596620,9.256379643402919e-05,9.456764980565781e-05,9.256379643402919e-05,9.456764980565781e-05,144.87039955790044
1790596680,9.456764980565781e-05,9.456764980565781e-05,9.397463802054065e-05,9.397463802054065e-05,0.10501469936854854
1790596740,9.397463802054065e-05,9.397463802054065e-05,9.121316943430802e-05,9.235037428181379e-05,453.6941094953086
1790596800,9.235037428181379e-05,9.349277793029931e-05,9.235037428181379e-05,9.349277793029931e-05,10.05305480323318
1790596860,9.349277793029931e-05,9.349277793029931e-05,8.432632008670369e-05,8.493436609659043e-05,1123.6742390810552
1790596920,8.493436609659043e-05,8.839604681840446e-05,8.422799555267661e-05,8.732441439624495e-05,466.3546581941637
1790596980,8.732441439624495e-05,8.907235991396596e-05,8.732441439624495e-05,8.907235991396596e-05,53.040299600891856
1790597040,8.907235991396596e-05,9.198169195517136e-05,8.776356646781651e-05,9.198169195517136e-05,299.8345970165777
1790597100,9.198169195517136e-05,9.246080695108379e-05,9.198169195517136e-05,9.246080695108379e-05,21.455310473541218
1790597160,9.246080695108379e-05,9.45517835871955e-05,9.195898576311243e-05,9.45517835871955e-05,302.7836233945742
1790597280,9.45517835871955e-05,9.45517835871955e-05,9.412560739247874e-05,9.412560739247874e-05,60.68855146079118
1790597340,9.412560739247874e-05,9.412560739247874e-05,9.395378627900734e-05,9.395378627900734e-05,2.39877128316439
1790597400,9.395378627900734e-05,9.641622353164356e-05,9.395378627900734e-05,9.534211962043789e-05,305.43728601461294
1790597460,9.534211962043789e-05,9.569975642074658e-05,9.443929905587538e-05,9.569975642074658e-05,51.173846792546094
1790597520,9.569975642074658e-05,9.573183715994123e-05,9.560882451339939e-05,9.573183715994123e-05,32.98288439645009
1790597580,9.573183715994123e-05,9.573183715994123e-05,9.43807545742615e-05,9.43807545742615e-05,2.596862177137185
1790597640,9.43807545742615e-05,9.587242845520143e-05,9.43807545742615e-05,9.587242845520143e-05,1.179627580904172
1790597700,9.587242845520143e-05,9.587242845520143e-05,9.583890068205582e-05,9.583890068205582e-05,0.10801829803759372
1790597760,9.583890068205582e-05,9.583890068205582e-05,9.414898945927026e-05,9.414898945927026e-05,45.449566875514655
1790597880,9.414898945927026e-05,9.616671255055754e-05,9.414898945927026e-05,9.616671255055754e-05,84.97169067615224
1790597940,9.616671255055754e-05,9.636228083987296e-05,9.473309359066295e-05,9.473309359066295e-05,77.90196868540545
1790598000,9.473309359066295e-05,9.473309359066295e-05,9.441168417606311e-05,9.441168417606311e-05,7.857558236605636
1790598060,9.441168417606311e-05,9.444328086542296e-05,9.322480711368163e-05,9.423764614298147e-05,216.37847245380735
1790598120,9.423764614298147e-05,9.423764614298147e-05,9.187699063661348e-05,9.187699063661348e-05,43.51337811740963
1790598180,9.187699063661348e-05,9.397989857372925e-05,9.187699063661348e-05,9.397989857372925e-05,107.83056327469076
1790598240,9.397989857372925e-05,9.397989857372925e-05,9.174858435390069e-05,9.194635720842596e-05,230.41707904424774
1790598300,9.194635720842596e-05,9.194635720842596e-05,9.178740482435627e-05,9.178740482435627e-05,2.2886160345082396
1790598360,9.178740482435627e-05,9.266998784092733e-05,8.159685063696314e-05,8.161167709107331e-05,1344.6275348301401
1790598420,8.161167709107331e-05,8.488799864907874e-05,8.161167709107331e-05,8.374771936327306e-05,508.6513810176991
1790598480,8.374771936327306e-05,8.42125778670791e-05,8.233067975515201e-05,8.233067975515201e-05,185.86781631514043
1790598540,8.233067975515201e-05,8.325547983910182e-05,8.233067975515201e-05,8.325547983910182e-05,51.44922179127088
1790598600,8.325547983910182e-05,8.378851218431078e-05,8.227218104979568e-05,8.362956484924562e-05,256.6350445295304
1790598660,8.362956484924562e-05,8.465174532547798e-05,8.29716573111124e-05,8.465174532547798e-05,59.368203033592586
1790598780,8.465174532547798e-05,9.083234278493894e-05,8.465174532547798e-05,8.958274066605694e-05,639.8757759781844
1790598840,8.958274066605694e-05,8.958274066605694e-05,8.905610484290795e-05,8.905610484290795e-05,55.66111834160864
1790598900,8.905610484290795e-05,8.912999801762856e-05,8.905610484290795e-05,8.912999801762856e-05,6.63230620756464
1790598960,8.912999801762856e-05,9.764512356456525e-05,8.912999801762856e-05,9.764512356456525e-05,758.5703290313364
1790599020,9.764512356456525e-05,9.764512356456525e-05,9.257301539005271e-05,9.257301539005271e-05,404.09721080814154
1790599080,9.257301539005271e-05,9.448235544334348e-05,9.257301539005271e-05,9.448235544334348e-05,70.0365242072736
1790599140,9.448235544334348e-05,9.448235544334348e-05,9.313350383196587e-05,9.436729379462854e-05,14.429053545735917
1790599200,9.436729379462854e-05,9.436729379462854e-05,9.293759373082238e-05,9.293759373082238e-05,19.437289572753738
1790599260,9.293759373082238e-05,9.293759373082238e-05,9.277680102486293e-05,9.277680102486293e-05,6.8959726104074415
1790599380,9.277680102486293e-05,9.309095277040794e-05,9.213213189216973e-05,9.309095277040794e-05,154.65523740843528
1790599440,9.309095277040794e-05,9.354090535739558e-05,9.212717828531965e-05,9.212717828531965e-05,55.71950215828569
1790599500,9.212717828531965e-05,9.259536132153637e-05,9.163028364900682e-05,9.259536132153637e-05,127.96573049524356
1790599560,9.259536132153637e-05,9.259536132153637e-05,9.076937572971471e-05,9.076937572971471e-05,66.10724618451988
1790599620,9.076937572971471e-05,9.230181877522168e-05,9.076937572971471e-05,9.230181877522168e-05,66.03589337463784
1790599680,9.230181877522168e-05,9.230181877522168e-05,9.073173241452795e-05,9.073173241452795e-05,129.30876158056827
1790599740,9.073173241452795e-05,9.139365657387688e-05,8.913825842153046e-05,8.913825842153046e-05,198.66174519258325
1790599800,8.913825842153046e-05,8.973947509077972e-05,8.808494154810158e-05,8.808494154810158e-05,146.77772424180506
1790599860,8.808494154810158e-05,8.808494154810158e-05,8.750163265217587e-05,8.750163265217587e-05,56.987606715619705
1790599980,8.750163265217587e-05,8.750163265217587e-05,8.72753366656077e-05,8.72753366656077e-05,70.89281151023884
1790600040,8.72753366656077e-05,8.72753366656077e-05,8.702978632521234e-05,8.702978632521234e-05,0.6345856695363471
1790600160,8.702978632521234e-05,8.82146169588702e-05,8.687073994758428e-05,8.687073994758428e-05,30.748142198387626
1790600220,8.687073994758428e-05,8.687073994758428e-05,8.636783374580438e-05,8.636783374580438e-05,60.413997035594384
1790600280,8.636783374580438e-05,8.636783374580438e-05,8.126630313669613e-05,8.191983153789282e-05,730.0968584650533
1790600340,8.191983153789282e-05,8.191983153789282e-05,7.921116487394331e-05,7.921116487394331e-05,206.4014165343744
1790600400,7.921116487394331e-05,8.053917321410362e-05,7.909742086601303e-05,8.022993837514616e-05,95.39550567128684
1790600460,8.022993837514616e-05,8.264551276966392e-05,7.918594318394289e-05,8.264551276966392e-05,600.8646067240512
1790600520,8.264551276966392e-05,8.264551276966392e-05,7.964025300156396e-05,7.964025300156396e-05,215.54019499430206
1790600580,7.964025300156396e-05,8.068425555913099e-05,7.845583840676566e-05,7.850278997305342e-05,115.2274361502127
1790600640,7.850278997305342e-05,8.199553692825258e-05,7.845330386874287e-05,8.199553692825258e-05,442.6007667188124
1790600700,8.199553692825258e-05,8.24228797282883e-05,8.199553692825258e-05,8.24228797282883e-05,14.603918835123432
1790600760,8.24228797282883e-05,8.402358358766756e-05,8.24228797282883e-05,8.402358358766756e-05,66.16061641276283
1790600820,8.402358358766756e-05,8.431706264035652e-05,8.402358358766756e-05,8.431706264035652e-05,14.706726353978965
1790600880,8.431706264035652e-05,8.431706264035652e-05,8.197344575105556e-05,8.423084438797288e-05,376.1202950429936
1790600940,8.423084438797288e-05,8.461194825002049e-05,8.371415930541507e-05,8.461194825002049e-05,110.02777377816608
1790601000,8.461194825002049e-05,8.58839836759852e-05,8.461194825002049e-05,8.58839836759852e-05,136.92697876184255
1790601060,8.58839836759852e-05,8.612098927115807e-05,8.369172886805284e-05,8.535749617434556e-05,311.8255778693051
1790601120,8.535749617434556e-05,8.535749617434556e-05,8.532452810694977e-05,8.532452810694977e-05,7.29188318840159
1790601240,8.532452810694977e-05,8.673938480770396e-05,8.532452810694977e-05,8.673938480770396e-05,37.58064388426696
1790601300,8.673938480770396e-05,8.779394394133724e-05,8.673938480770396e-05,8.779394394133724e-05,137.45415106135863
1790601360,8.779394394133724e-05,8.851474434373911e-05,8.779394394133724e-05,8.851474434373911e-05,33.3814548856561
1790601420,8.851474434373911e-05,8.862457727241127e-05,8.851474434373911e-05,8.862457727241127e-05,36.105660702754065
1790601540,8.862457727241127e-05,9.455010943242751e-05,8.862457727241127e-05,9.141859705606631e-05,1325.3802732159336
1790601600,9.141859705606631e-05,9.141859705606631e-05,8.847083062533583e-05,8.847083062533583e-05,48.03919939331825
1790601660,8.847083062533583e-05,9.151673945324269e-05,8.847083062533583e-05,9.151673945324269e-05,362.8266134256459
1790601780,9.151673945324269e-05,9.19533401454788e-05,9.151673945324269e-05,9.16327681747313e-05,56.010546316314816
1790601840,9.16327681747313e-05,9.16327681747313e-05,9.12525570182483e-05,9.12525570182483e-05,53.7843327007213
1790601900,9.12525570182483e-05,9.12525570182483e-05,8.867884190937049e-05,8.867884190937049e-05,472.60631516716495
1790601960,8.867884190937049e-05,8.867884190937049e-05,8.721252646488932e-05,8.837795677567159e-05,142.41805292789616
1790602020,8.837795677567159e-05,8.837795677567159e-05,8.71184059766497e-05,8.713021599967493e-05,18.838384325322178
1790602080,8.713021599967493e-05,8.910804602710171e-05,8.713021599967493e-05,8.910804602710171e-05,81.49781616972155
1790602140,8.910804602710171e-05,8.910804602710171e-05,8.77869378203477e-05,8.77869378203477e-05,9.62494506613455
1790602200,8.77869378203477e-05,8.927062169924196e-05,8.77869378203477e-05,8.927062169924196e-05,39.5049673914431
1790602260,8.927062169924196e-05,9.009747106342079e-05,8.823382390791732e-05,9.009747106342079e-05,247.23549625071365
1790602320,9.009747106342079e-05,9.0603050069069e-05,9.009747106342079e-05,9.0603050069069e-05,24.228415343207534
1790602380,9.0603050069069e-05,9.0603050069069e-05,8.807601278125473e-05,8.810047978926725e-05,140.57871629158302
1790602440,8.810047978926725e-05,8.855966914528301e-05,8.737150630658535e-05,8.855966914528301e-05,109.05406350685456
1790602500,8.855966914528301e-05,8.855966914528301e-05,8.725536627588735e-05,8.725536627588735e-05,0.3611164303492345
1790602560,8.725536627588735e-05,8.772586663047893e-05,8.6445975899021e-05,8.6445975899021e-05,77.05476911956612
1790602620,8.6445975899021e-05,8.802409137094686e-05,8.6445975899021e-05,8.802409137094686e-05,13.205439251268801
1790602680,8.802409137094686e-05,8.839753682356733e-05,8.802409137094686e-05,8.839753682356733e-05,60.39861911890354
1790602740,8.839753682356733e-05,8.839753682356733e-05,8.562415710066046e-05,8.57893321735094e-05,343.81069254186326
1790602800,8.57893321735094e-05,8.57893321735094e-05,8.355995040829806e-05,8.355995040829806e-05,207.3603282015118
1790602860,8.355995040829806e-05,8.451876313119774e-05,8.355995040829806e-05,8.450602863795807e-05,65.75803348296759
1790602920,8.450602863795807e-05,8.450602863795807e-05,8.259205434037765e-05,8.259205434037765e-05,159.28720884737675
1790602980,8.183581350478097e-05,8.309586151124294e-05,8.183581350478097e-05,8.309586151124294e-05,44.61193115754403
1790603040,8.309586151124294e-05,8.309586151124294e-05,8.142851344747033e-05,8.256515346075083e-05,74.01421266855047
1790603100,8.256515346075083e-05,8.27622833994038e-05,8.256515346075083e-05,8.27622833994038e-05,24.763586980566714
1790603160,8.27622833994038e-05,8.418836425870999e-05,8.27622833994038e-05,8.418836425870999e-05,280.0056120920593
1790603220,8.418836425870999e-05,8.50032704845248e-05,8.40583287970944e-05,8.50032704845248e-05,54.6211220656774
1790603280,8.50032704845248e-05,8.50032704845248e-05,8.366550466812937e-05,8.366550466812937e-05,30.67133301062845
1790603340,8.366550466812937e-05,8.491958872057673e-05,8.366550466812937e-05,8.491958872057673e-05,98.06941820479702
1790603460,8.491958872057673e-05,8.570797259672119e-05,8.409279159246373e-05,8.570797259672119e-05,98.73525265301399
1790603580,8.570797259672119e-05,8.639389941697141e-05,8.525100837109943e-05,8.525100837109943e-05,9.563696682972742
1790603640,8.525100837109943e-05,8.687492031498551e-05,8.486672012388966e-05,8.687492031498551e-05,320.0404822203248
1790603700,8.687492031498551e-05,8.687492031498551e-05,8.644845149889285e-05,8.644845149889285e-05,35.29503194993161
1790603760,8.644845149889285e-05,8.832443598665353e-05,8.644845149889285e-05,8.832443598665353e-05,100.47539759509222
1790603820,8.832443598665353e-05,8.949148882888545e-05,8.832443598665353e-05,8.949148882888545e-05,213.58891915894432
1790603880,8.949148882888545e-05,8.949148882888545e-05,8.913053165945631e-05,8.913053165945631e-05,27.440569493258458
1790603940,8.913053165945631e-05,8.913053165945631e-05,8.893824620028425e-05,8.893824620028425e-05,1.6655483153576471
1790604000,8.893824620028425e-05,8.893824620028425e-05,8.875760084874588e-05,8.875760084874588e-05,1.22600129100953
1790604060,8.875760084874588e-05,9.015988188742915e-05,8.875760084874588e-05,9.015988188742915e-05,33.44244472381822
1790604120,9.015988188742915e-05,9.015988188742915e-05,8.908459898848376e-05,8.908459898848376e-05,4.197862960727653
1790604180,8.908459898848376e-05,8.908459898848376e-05,8.77760570859258e-05,8.77760570859258e-05,262.64332687724624
1790604240,8.77760570859258e-05,8.77760570859258e-05,8.760147843513858e-05,8.769976444671651e-05,32.24180706116981
1790604300,8.769976444671651e-05,8.786330299916017e-05,8.649427062841684e-05,8.649427062841684e-05,79.43558831971116
1790604360,8.649427062841684e-05,9.613681305570064e-05,8.64226471561434e-05,9.611415989073505e-05,1014.4141765669681
1790604420,9.611415989073505e-05,9.740190984638824e-05,9.569025004723068e-05,9.569025004723068e-05,138.67458635176243
1790604480,9.569025004723068e-05,9.569025004723068e-05,9.543778416525644e-05,9.543778416525644e-05,9.543778416525644
1790604540,9.543778416525644e-05,9.681806965474742e-05,9.543778416525644e-05,9.681806965474742e-05,4.8102177900493786
1790604600,9.681806965474742e-05,9.681806965474742e-05,9.433400060109659e-05,9.433400060109659e-05,187.6068499570225
1790604660,9.433400060109659e-05,9.46887903144799e-05,9.316452870372726e-05,9.46887903144799e-05,51.796197624445746
1790604720,9.46887903144799e-05,9.46887903144799e-05,9.194867734244995e-05,9.194867734244995e-05,236.86581948285854
1790604780,9.194867734244995e-05,9.194867734244995e-05,9.056173592355894e-05,9.176427346036028e-05,33.57082871061568
1790604840,9.176427346036028e-05,9.177816027801889e-05,9.051042903576897e-05,9.051042903576897e-05,6.197351574767107
1790604900,9.051042903576897e-05,9.174276103116187e-05,9.044153950304163e-05,9.044153950304163e-05,3.4039382590831178
1790604960,9.044153950304163e-05,9.18415926285264e-05,9.023782594618594e-05,9.18415926285264e-05,55.44571543023176
1790605020,9.18415926285264e-05,9.18415926285264e-05,9.075890940872964e-05,9.075890940872964e-05,3.1872614450564365
1790605080,9.075890940872964e-05,9.195432296111324e-05,9.075890940872964e-05,9.195432296111324e-05,8.258980142926251
1790605200,9.195432296111324e-05,9.213653830846065e-05,9.195432296111324e-05,9.213653830846065e-05,7.566531167974038
1790605260,9.213653830846065e-05,9.873168430146219e-05,9.213653830846065e-05,9.873168430146219e-05,668.2007729972464
1790605320,9.873168430146219e-05,0.00010119241512170077,9.750126943423187e-05,0.00010051521078438602,600.5901479363014
1790605380,0.00010051521078438602,0.00010127272115525541,9.908653604214278e-05,9.908653604214278e-05,122.36245453191214
1790605440,9.908653604214278e-05,9.912048447456734e-05,9.908653604214278e-05,9.912048447456734e-05,0.1150173942718747
1790605500,9.912048447456734e-05,0.0001009689588783928,9.912048447456734e-05,9.944052622803998e-05,106.37304282799585
1790605560,9.944052622803998e-05,0.00011143120082862363,9.944052622803998e-05,0.00011136357827946463,1622.101790420139
1790605620,0.00011136357827946463,0.00011141346645969784,0.00011044599922088353,0.00011141346645969784,144.39755321779742
1790605680,0.00011141346645969784,0.00011159201014123018,0.00011136941302572615,0.00011159201014123018,27.970973072075676
1790605740,0.00011159201014123018,0.00012433000251491102,0.000111385082833921,0.00012251789909087642,1203.2919217357457
1790605800,0.00012251789909087642,0.00012337021894363306,0.00011880258082771294,0.00011880258082771294,394.54149357248565
1790605860,0.00011880258082771294,0.0001205550048134555,0.00011382883256025303,0.00011841485241169061,736.5315002660561
1790605920,0.00011841485241169061,0.00011841485241169061,0.00011824135618217559,0.00011824135618217559,0.8447729124246547
1790605980,0.00011824135618217559,0.00011824135618217559,0.00011572905212754942,0.00011669802348574843,209.80212737410534
1790606040,0.00011669802348574843,0.0001172897675860029,0.00011229247746118662,0.00011229247746118662,533.4717351727444
1790606100,0.00011229247746118662,0.0001132374394065861,0.00011150579411543001,0.0001132374394065861,22.925429770500806
1790606160,0.0001132374394065861,0.0001132374394065861,0.00010172239222823405,0.00010264052410606915,1119.2517571316812
1790606220,0.00010264052410606915,0.0001031593649209208,9.514269092150602e-05,9.861488431220738e-05,1519.1759529222657
1790606280,9.861488431220738e-05,0.00010021351978155079,9.748686751492465e-05,0.00010021351978155079,307.75751365093515
1790606400,0.00010021351978155079,0.00010190876214428608,0.00010021351978155079,0.00010052339753228296,16.426298542520282
1790606460,0.00010052339753228296,0.00010175419610655476,9.980045545693748e-05,9.980045545693748e-05,111.23624994350197
1790606520,9.980045545693748e-05,0.00010039489617580066,9.920297483284372e-05,0.00010039489617580066,1.4095444501599028
1790606580,0.00010039489617580066,0.00010128665503923037,0.00010038315821152638,0.00010128665503923037,197.0019611586554
1790606640,0.00010128665503923037,0.00010235545628528288,0.00010075357652075533,0.00010235545628528288,14.214967953468484
1790606760,0.00010235545628528288,0.00010235545628528288,0.00010095419210546645,0.00010095419210546645,18.050645595363143
1790606820,0.00010095419210546645,0.00010156079090849212,0.00010027330861377326,0.00010156079090849212,59.74772837874101
1790606880,0.00010156079090849212,0.00010156079090849212,9.99322648033934e-05,0.00010142496410586376,20.94541211204559
1790606940,0.00010142496410586376,0.00010159585912772888,9.642419691036172e-05,9.798317098076565e-05,420.0745001219606
1790607000,9.798317098076565e-05,9.798317098076565e-05,9.533343438165318e-05,9.708627364604361e-05,204.25928987071512
1790607060,9.708627364604361e-05,9.708627364604361e-05,9.698225675853486e-05,9.698225675853486e-05,39.88688196406048
1790607120,9.698225675853486e-05,9.719034822095519e-05,9.698225675853486e-05,9.719034822095519e-05,65.08258342517412
1790607180,9.719034822095519e-05,9.782095577091332e-05,9.719034822095519e-05,9.782095577091332e-05,19.050824387650575
1790607240,9.782095577091332e-05,9.808538006770834e-05,9.601067007565672e-05,9.601067007565672e-05,138.69260604888444
1790607300,9.601067007565672e-05,9.660658731469357e-05,9.601067007565672e-05,9.660658731469357e-05,1.8778860524810037
1790607360,9.660658731469357e-05,9.660658731469357e-05,9.498466584045285e-05,9.498466584045285e-05,30.936241268909015
1790607540,9.498466584045285e-05,9.707602885130666e-05,9.4920207989479e-05,9.572370567050888e-05,92.33796133777763
1790607600,9.572370567050888e-05,9.725622781386062e-05,9.572370567050888e-05,9.725622781386062e-05,11.693334422976411
1790607660,9.725622781386062e-05,9.793884368796278e-05,9.725622781386062e-05,9.793884368796278e-05,104.98894266886278
1790607720,9.793884368796278e-05,9.84591685059013e-05,9.70296460804682e-05,9.84591685059013e-05,26.58718128161916
1790607780,9.84591685059013e-05,9.84591685059013e-05,9.736670407762291e-05,9.736670407762291e-05,4.3947017173590455
1790607840,9.736670407762291e-05,9.736670407762291e-05,9.722087247848446e-05,9.722087247848446e-05,7.984072066212319
1790607900,9.722087247848446e-05,9.722087247848446e-05,9.691452105127747e-05,9.691452105127747e-05,17.977860466363595
1790607960,9.691452105127747e-05,9.832226789814545e-05,9.691452105127747e-05,9.832226789814545e-05,8.692471444734485
1790608020,9.832226789814545e-05,9.832226789814545e-05,9.695023142536201e-05,9.695023142536201e-05,12.483239410730171
1790608080,9.695023142536201e-05,9.695023142536201e-05,9.314593791714498e-05,9.545343736090855e-05,466.8732011231487
1790608140,9.545343736090855e-05,9.606563506392247e-05,9.406214852510199e-05,9.484211728735005e-05,125.29070424863266
1790608200,9.484211728735005e-05,9.61233324095147e-05,9.484211728735005e-05,9.61233324095147e-05,20.32101394880974
1790608260,9.61233324095147e-05,0.00010250292470563094,9.61233324095147e-05,0.00010059565947731096,801.2980444259994
1790608320,0.00010059565947731096,0.00010190631862595626,0.00010059565947731096,0.00010133264887265774,109.44671831797233
1790608380,0.00010133264887265774,0.00010133264887265774,0.00010102424714492417,0.00010102424714492417,36.39221607521385
1790608500,0.00010102424714492417,0.00010258301790964729,0.0001009493026407943,0.00010129204671221421,28.210124557481635
1790608560,0.00010129204671221421,0.0001016083537988095,0.00010067074819195721,0.0001016083537988095,95.22837155296834
1790608620,0.0001016083537988095,0.00010178367216811931,0.0001016083537988095,0.00010178367216811931,48.54412514137626
1790608680,0.00010178367216811931,0.00010178367216811931,0.00010020605781523912,0.00010020605781523912,33.33229144663918
1790608740,0.00010020605781523912,0.00010156166785325824,0.00010020605781523912,0.00010156166785325824,22.781679932039886
1790608860,0.00010156166785325824,0.0001018737745724121,0.00010156166785325824,0.0001018737745724121,30.943899438466236
1790608920,0.0001018737745724121,0.00010307887297448143,0.0001018737745724121,0.00010307887297448143,192.46197578726424
1790608980,0.00010307887297448143,0.000104800764093264,0.00010307887297448143,0.000104800764093264,119.79653161645471
1790609160,0.000104800764093264,0.0001055799931349616,0.000104800764093264,0.0001055799931349616,6.585740507903157
1790609220,0.0001055799931349616,0.0001062825256776838,0.00010423128043202478,0.0001062825256776838,133.07149107193166
1790609340,0.0001062825256776838,0.00010699860970106993,0.0001062825256776838,0.00010699860970106993,2.677341295383228
1790609400,0.00010699860970106993,0.00010733834012135734,0.0001062191532621756,0.0001062191532621756,85.73897565862845
1790609460,0.0001062191532621756,0.00010771270368691953,0.00010613774844702157,0.00010771270368691953,21.82908001309087
1790609520,0.00010771270368691953,0.00010771270368691953,0.00010627372627854339,0.00010627372627854339,0.842249786843132
1790609580,0.00010627372627854339,0.00010632843644346251,0.00010627372627854339,0.00010632843644346251,0.3170418463563635
1790609640,0.00010632843644346251,0.00010632843644346251,0.00010631379268358007,0.00010632290600256623,2.5085814975610368
1790609700,0.00010632290600256623,0.00010632290600256623,0.00010624437637064226,0.00010624437637064226,8.030062922989211
1790609760,0.00010624437637064226,0.00010812584011437725,0.00010624437637064226,0.00010812584011437725,21.07886133416006
1790609820,0.00010812584011437725,0.00010812584011437725,0.00010240350170082707,0.00010240350170082707,404.22602391370225
1790609880,0.00010240350170082707,0.00010240350170082707,0.00010165374148510203,0.00010165374148510203,185.70081831438844
1790609940,0.00010165374148510203,0.00010165374148510203,0.00010032280718244219,0.00010032280718244219,57.48448802467116
1790610000,0.00010032280718244219,0.00010187548913877791,0.00010006724814048172,0.00010094310081274347,105.53162618970863
1790610120,0.00010094310081274347,0.00010094310081274347,0.00010091948020138815,0.00010091948020138815,10.791043437300559
1790610360,0.00010091948020138815,0.00010183705360395424,0.0001003491883875526,0.00010183705360395424,99.0835751631379
1790610420,0.00010183705360395424,0.00010280433393017202,0.00010174144834885522,0.00010174144834885522,184.92192719998937
1790610480,0.00010174144834885522,0.00010174144834885522,0.00010150571328862532,0.00010150571328862532,6.630171526324381
1790610540,0.00010150571328862532,0.00010150571328862532,0.00010142661290888571,0.00010142661290888571,3.6513580647198856
1790610720,0.00010142661290888571,0.00010319128463060748,0.00010142661290888571,0.00010319128463060748,45.56518330417767
1790610780,0.00010319128463060748,0.00010385255432849116,0.00010319128463060748,0.00010385255432849116,91.09177961859716
1790610840,0.00010385255432849116,0.00010445097202383868,0.00010255551614038026,0.00010255551614038026,62.60873747618662
1790610900,0.00010255551614038026,0.00010421614217509503,0.00010255551614038026,0.00010421614217509503,32.79477157758902
1790611020,0.00010421614217509503,0.00010441616811254646,0.00010421614217509503,0.00010441616811254646,14.55411268216959
1790611080,0.00010441616811254646,0.00010488457951719598,0.00010441616811254646,0.00010488457951719598,86.59452454537009
1790611260,0.00010488457951719598,0.00010488457951719598,0.00010213296557294117,0.00010213296557294117,168.0840659003861
1790611320,0.00010213296557294117,0.00010346147227757221,0.0001017376497872866,0.0001017376497872866,16.60113240811726
1790611380,0.0001017376497872866,0.0001017376497872866,0.0001013339485660421,0.0001013339485660421,67.6974714496711
1790611440,0.0001013339485660421,0.0001013339485660421,0.00010065021128083184,0.00010065021128083184,44.47789722811775
1790611500,0.00010065021128083184,0.0001019518962745783,0.00010050558287794726,0.00010193934272426611,4.964959318906339
1790611560,0.00010193934272426611,0.00010196292425044375,0.00010193934272426611,0.00010196292425044375,4.029967723330564
1790611620,0.00010196292425044375,0.0001034090755976138,0.00010196292425044375,0.0001034090755976138,115.40240028443293
1790611680,0.0001034090755976138,0.0001034090755976138,0.00010174911647237313,0.00010329813735483417,40.915276760484446
1790611740,0.00010329813735483417,0.00010412984219494679,0.00010175390643970845,0.00010412984219494679,194.47688935621449
1790611800,0.00010412984219494679,0.00010532662055104226,0.00010344580476359648,0.00010344580476359648,68.89004208099202
1790611920,0.00010344580476359648,0.0001046395864180659,0.0001031404755955099,0.0001046395864180659,16.54552029993217
1790611980,0.0001046395864180659,0.0001046395864180659,0.0001029841949404295,0.00010432582246506233,37.740132817386666
1790612160,0.00010432582246506233,0.00010432582246506233,0.00010219309488845239,0.00010219309488845239,109.45460350884898
1790612220,0.00010219309488845239,0.00010219309488845239,0.00010190009139466352,0.00010190009139466352,57.15145777819688
1790612280,0.00010190009139466352,0.00010310745827068618,0.00010190009139466352,0.00010310745827068618,3.891496718479818
1790612340,0.00010310745827068618,0.00010310745827068618,0.00010156629994906157,0.00010157164188307944,20.951072861061792
1790612460,0.00010157164188307944,0.00010157164188307944,0.00010145524925850053,0.00010145524925850053,37.937174894839934
1790612520,0.00010145524925850053,0.00010145524925850053,9.895172652209567e-05,9.895172652209567e-05,291.0785320426839
1790612580,9.895172652209567e-05,0.00010209347455061758,9.895172652209567e-05,0.00010209347455061758,346.8712863189658
1790612640,0.00010209347455061758,0.00010209347455061758,0.00010197449315958971,0.00010197449315958971,29.97930929167371
1790612700,0.00010197449315958971,0.00010327840090850755,0.00010182438217576088,0.00010182438217576088,20.49188530537623
1790612760,0.00010182438217576088,0.0001032657006497255,0.00010182438217576088,0.0001032657006497255,0.11744712820343048
1790612820,0.0001032657006497255,0.00010347236100371977,0.0001019565815488082,0.0001019565815488082,3.891415176962985
1790612880,0.0001019565815488082,0.00010358610570198074,0.00010166827062651928,0.00010358610570198074,119.84371572158668
1790612940,0.00010358610570198074,0.00010390642385100738,0.00010358610570198074,0.00010390642385100738,9.488728189590569
1790613000,0.00010390642385100738,0.00010390642385100738,7.985820487800793e-05,8.801470111784727e-05,3853.5754036710728
1790613060,8.801470111784727e-05,8.908499514030357e-05,8.693136530835679e-05,8.908499514030357e-05,115.10227074652448
1790613180,8.908499514030357e-05,8.908499514030357e-05,8.555501695952203e-05,8.666896440934433e-05,312.8731891254931
1790613240,8.666896440934433e-05,8.679142767066214e-05,8.440378899742799e-05,8.440378899742799e-05,195.6047816910987
1790613300,8.440378899742799e-05,8.625128917416372e-05,7.814570933122674e-05,8.44153488636723e-05,1813.0552831419639
1790613360,8.44153488636723e-05,8.518994901015005e-05,8.337112202295169e-05,8.337112202295169e-05,243.13394698015097
1790613420,8.337112202295169e-05,8.382912231990582e-05,8.252040994275353e-05,8.252040994275353e-05,152.3632548668317
1790613480,8.252040994275353e-05,8.374935641123215e-05,8.252040994275353e-05,8.301538422711907e-05,99.61559512521247
1790613540,8.301538422711907e-05,8.439501870348727e-05,8.301538422711907e-05,8.439501870348727e-05,32.37404362989129
1790613600,8.439501870348727e-05,8.46893336759498e-05,8.439501870348727e-05,8.46893336759498e-05,48.59915076733393
1790613660,8.46893336759498e-05,8.49984378663923e-05,8.268512866764086e-05,8.403576308756108e-05,194.9953198929742
1790613720,8.403576308756108e-05,8.403576308756108e-05,8.267512733264782e-05,8.267512733264782e-05,40.113894199461235
1790613780,8.267512733264782e-05,8.28402647769674e-05,8.17101503763993e-05,8.28402647769674e-05,92.3144459961873
1790613840,8.28402647769674e-05,8.28402647769674e-05,8.050740878095098e-05,8.087931458112303e-05,235.41476358561908
1790613900,8.087931458112303e-05,8.149736018820256e-05,7.949816176965369e-05,8.149736018820256e-05,144.23865907982653
1790613960,8.149736018820256e-05,8.180040358513278e-05,8.026432467396657e-05,8.180040358513278e-05,61.95714802093246
1790614020,8.180040358513278e-05,8.264520355905986e-05,8.178206145525873e-05,8.264520355905986e-05,180.3277479614233
1790614080,8.264520355905986e-05,8.404996535040088e-05,8.15861064961462e-05,8.404996535040088e-05,460.0697526885899
1790614140,8.404996535040088e-05,8.532272552368832e-05,8.366460598086765e-05,8.532272552368832e-05,178.5671468565885
1790614200,8.532272552368832e-05,8.532272552368832e-05,8.388293112124272e-05,8.388293112124272e-05,189.55260614578077
1790614260,8.388293112124272e-05,8.388293112124272e-05,8.286465680239101e-05,8.327278283317528e-05,175.49766589554523
1790614320,8.327278283317528e-05,8.327278283317528e-05,8.053983634234253e-05,8.059731744454962e-05,185.7908356047991
1790614380,8.059731744454962e-05,8.306647026578197e-05,8.008804914852021e-05,8.306647026578197e-05,389.40839981607485
1790614440,8.306647026578197e-05,8.306647026578197e-05,7.996004918430642e-05,7.996004918430642e-05,246.33477774431591
1790614500,7.996004918430642e-05,8.088637337834373e-05,7.970117593248179e-05,8.088637337834373e-05,40.27654946946522
1790614620,8.088637337834373e-05,8.096427133079971e-05,7.974814870583863e-05,7.974814870583863e-05,19.812813002606106
1790614680,7.974814870583863e-05,8.42515672358326e-05,7.96158556677904e-05,8.42065441232727e-05,723.0120853676451
1790614740,8.42065441232727e-05,8.69480454102359e-05,8.357607586490968e-05,8.357607586490968e-05,564.7680535448687
1790614800,8.357607586490968e-05,8.40265149500782e-05,8.27594065068568e-05,8.291494302509021e-05,49.82084902947029
1790614920,8.291494302509021e-05,8.394378289973908e-05,8.250971087083535e-05,8.264449860079923e-05,87.7607718657634
1790614980,8.264449860079923e-05,8.264449860079923e-05,8.228228592159691e-05,8.228228592159691e-05,4.405613241215978
1790615040,8.228228592159691e-05,8.228228592159691e-05,8.223843976102902e-05,8.223843976102902e-05,7.350109127138229
1790615100,8.223843976102902e-05,8.223843976102902e-05,8.074501605613865e-05,8.074501605613865e-05,197.97341184792893
1790615160,8.074501605613865e-05,8.074501605613865e-05,8.016275822805323e-05,8.016275822805323e-05,12.307769126662725
1790615220,8.016275822805323e-05,8.016275822805323e-05,8.01212566513692e-05,8.01212566513692e-05,8.012125665136919
1790615280,8.01212566513692e-05,8.156470981868536e-05,7.991552223572492e-05,7.998313890195162e-05,125.86634513733593
1790615400,7.998313890195162e-05,8.20824598440023e-05,7.998313890195162e-05,8.20824598440023e-05,3.5030558154775084
1790615460,8.20824598440023e-05,8.2390377591165e-05,8.159394927696634e-05,8.159394927696634e-05,32.32662109444639
1790615520,8.159394927696634e-05,8.159394927696634e-05,8.1083220172669e-05,8.156857537329544e-05,187.82045478598334
1790615640,8.156857537329544e-05,8.156857537329544e-05,8.091000432733028e-05,8.091000432733028e-05,3.0537171763597803
1790615760,8.091000432733028e-05,8.218662265179528e-05,8.091000432733028e-05,8.218662265179528e-05,0.25777601992870613
1790615820,8.218662265179528e-05,8.218662265179528e-05,8.063731004070946e-05,8.063731004070946e-05,54.86740855763199
1790615880,8.063731004070946e-05,8.140761016175855e-05,7.954543797461972e-05,7.954543797461972e-05,89.07513790204386
1790615940,7.954543797461972e-05,8.045946062256278e-05,7.943166793915161e-05,8.045946062256278e-05,11.962108522812104
1790616000,8.045946062256278e-05,8.045946062256278e-05,7.8137899965004e-05,7.904638106253836e-05,154.90775500748438
1790616060,7.904638106253836e-05,8.059079561707861e-05,7.904638106253836e-05,8.059079561707861e-05,162.78119368602043
1790616120,8.059079561707861e-05,8.072223179021229e-05,8.059079561707861e-05,8.072223179021229e-05,24.862892871309352
1790616180,8.072223179021229e-05,8.097417547134999e-05,7.976005360320729e-05,7.976005360320729e-05,22.603240169252462
1790616240,7.976005360320729e-05,8.097800709775108e-05,7.976005360320729e-05,8.097800709775108e-05,19.751170818637725
1790616360,8.097800709775108e-05,8.097800709775108e-05,7.968613988668094e-05,7.968613988668094e-05,34.006731344080656
1790616480,7.968613988668094e-05,7.968613988668094e-05,7.847082878314133e-05,7.954051241808296e-05,142.64271883658608
1790616540,7.954051241808296e-05,7.963558315780882e-05,7.851573082739276e-05,7.962079655271017e-05,14.620035867742176
1790616600,7.962079655271017e-05,7.996185639095596e-05,7.962079655271017e-05,7.996185639095596e-05,48.92494075671341
1790616660,7.996185639095596e-05,7.996185639095596e-05,7.859735908300685e-05,7.859735908300685e-05,62.9506862279018
1790616720,7.859735908300685e-05,7.997996924931224e-05,7.853352442108147e-05,7.853352442108147e-05,178.5244046588223
1790616780,7.853352442108147e-05,7.853352442108147e-05,7.342449011222979e-05,7.362264695937655e-05,561.1421281940793
1790616840,7.362264695937655e-05,7.621511598879558e-05,7.340088099630947e-05,7.620429740938659e-05,213.13616803705096
1790616900,7.620429740938659e-05,7.620429740938659e-05,7.314968403087559e-05,7.323478401612628e-05,316.03712917648687
1790616960,7.323478401612628e-05,7.409760353712363e-05,7.06658516805177e-05,7.257328307008618e-05,644.8670146682138
1790617020,7.257328307008618e-05,7.278508073147522e-05,7.156301035920487e-05,7.156301035920487e-05,61.342621675432355
1790617080,7.156301035920487e-05,7.156301035920487e-05,7.111864999688045e-05,7.111864999688045e-05,60.20593286093623
1790617140,7.111864999688045e-05,7.199684205731356e-05,7.094088308247781e-05,7.199684205731356e-05,5.129231334007639
1790617200,7.199684205731356e-05,7.22644349486874e-05,7.199684205731356e-05,7.22644349486874e-05,61.30607350741623
1790617260,7.22644349486874e-05,7.277596995712305e-05,7.174752292638269e-05,7.174752292638269e-05,28.14450475990788
1790617320,7.174752292638269e-05,7.288381996053731e-05,7.163469555919275e-05,7.288381996053731e-05,54.45466588498035
1790617380,7.288381996053731e-05,7.395241160292277e-05,7.288381996053731e-05,7.395241160292277e-05,177.8365748726058
1790617440,7.395241160292277e-05,7.524538848307723e-05,7.395241160292277e-05,7.524538848307723e-05,96.25492379777236
1790617560,7.524538848307723e-05,7.524538848307723e-05,7.415057443366451e-05,7.415057443366451e-05,86.35519497313352
1790617620,7.415057443366451e-05,7.415057443366451e-05,7.322565393619396e-05,7.322565393619396e-05,119.05523525800767
1790617680,7.322565393619396e-05,7.437337444566679e-05,7.26785170730708e-05,7.437337444566679e-05,84.02721301171213
1790617800,7.437337444566679e-05,7.444600399656957e-05,7.437337444566679e-05,7.444600399656957e-05,39.21958025647664
1790617920,7.444600399656957e-05,7.471096130818829e-05,7.444600399656957e-05,7.471096130818829e-05,5.5072228475442
1790617980,7.471096130818829e-05,7.483441393129901e-05,7.369810875742728e-05,7.369810875742728e-05,36.21977551346483
1790618040,7.369810875742728e-05,7.369810875742728e-05,7.361546592779589e-05,7.361546592779589e-05,4.443514991767472
1790618160,7.361546592779589e-05,7.361716973205684e-05,7.355211939090031e-05,7.355211939090031e-05,13.015732783059294
1790618280,7.355211939090031e-05,7.355211939090031e-05,7.13959315572189e-05,7.13959315572189e-05,412.88002303812004
1790618340,7.13959315572189e-05,7.4110654356485e-05,7.13959315572189e-05,7.4110654356485e-05,431.94388213438043
1790618400,7.4110654356485e-05,7.50348865971853e-05,7.309587694076327e-05,7.396822475857416e-05,204.1777423802429
1790618460,7.396822475857416e-05,7.396822475857416e-05,7.219651723668532e-05,7.321083365046455e-05,32.570894135754834
1790618520,7.321083365046455e-05,7.321083365046455e-05,7.234887306780999e-05,7.234887306780999e-05,18.44109795144511
1790618580,7.234887306780999e-05,7.332689054344677e-05,7.233213959501393e-05,7.331854398101014e-05,11.579181208338872
1790618640,7.331854398101014e-05,7.333878383442805e-05,7.170174657252201e-05,7.170174657252201e-05,159.35724873672478
1790618700,7.170174657252201e-05,7.200560004867936e-05,7.170174657252201e-05,7.200560004867936e-05,4.898844764018347
1790618760,7.200560004867936e-05,7.200560004867936e-05,7.032924766354607e-05,7.032924766354607e-05,158.1371154239852
1790618820,7.032924766354607e-05,7.032924766354607e-05,6.962159160214568e-05,6.962159160214568e-05,0.9006561157994682
1790618880,6.962159160214568e-05,7.087575905774602e-05,6.962159160214568e-05,7.087575905774602e-05,68.80456862419922
1790618940,7.087575905774602e-05,7.087575905774602e-05,6.446468319431208e-05,6.562801523681065e-05,1097.0192620987236
1790619000,6.562801523681065e-05,6.675991470430168e-05,6.54709260025092e-05,6.54709260025092e-05,107.50200583048334
1790619060,6.54709260025092e-05,6.808565854809818e-05,6.54709260025092e-05,6.808565854809818e-05,244.9407931976658
1790619120,6.808565854809818e-05,6.82709032583233e-05,6.713832103501359e-05,6.723150506048786e-05,90.4616497241459
1790619180,6.723150506048786e-05,6.790227016412343e-05,6.689271379881524e-05,6.689271379881524e-05,15.519689352968259
1790619240,6.689271379881524e-05,6.689271379881524e-05,6.538993569756206e-05,6.63324061787017e-05,267.75304631391015
1790619300,6.63324061787017e-05,6.639145381210516e-05,6.54071793255374e-05,6.551301124790795e-05,37.2912690450611
1790619360,6.551301124790795e-05,6.802381238916779e-05,6.551301124790795e-05,6.702968468822398e-05,190.25500985041924
1790619420,6.702968468822398e-05,6.802987513267199e-05,6.702968468822398e-05,6.802987513267199e-05,1.8933146255456876
1790619480,6.802987513267199e-05,6.855791684779923e-05,6.696876100740995e-05,6.767238448827647e-05,90.37961232460269
1790619540,6.767238448827647e-05,6.767238448827647e-05,6.717902207042362e-05,6.717902207042362e-05,92.46536893039159
1790619660,6.717902207042362e-05,6.717902207042362e-05,6.677683887111646e-05,6.677683887111646e-05,5.745743607811979
1790619720,6.677683887111646e-05,6.677683887111646e-05,6.661677893169066e-05,6.661677893169066e-05,24.992639738804403
1790619780,6.661677893169066e-05,6.765045087185666e-05,6.641675897323097e-05,6.729682225215299e-05,63.38376614645431
1790619840,6.729682225215299e-05,6.729682225215299e-05,6.618141670739057e-05,6.618141670739057e-05,32.974489358425316
1790619900,6.618141670739057e-05,6.871430090871092e-05,6.618141670739057e-05,6.871430090871092e-05,253.93124613363779
1790619960,6.871430090871092e-05,6.91854627329949e-05,6.817814911924439e-05,6.91854627329949e-05,13.730796872916686
1790620020,6.91854627329949e-05,6.921054065712164e-05,6.672737972275823e-05,6.672737972275823e-05,343.4555272381816
1790620080,6.672737972275823e-05,6.672737972275823e-05,6.575398962446173e-05,6.575398962446173e-05,19.410387491959284
1790620140,6.575398962446173e-05,6.740718984444983e-05,6.563714539660484e-05,6.740718984444983e-05,148.10637537282133
1790620200,6.740718984444983e-05,7.011463608557369e-05,6.740718984444983e-05,7.011463608557369e-05,329.9678950053934
1790620260,7.011463608557369e-05,7.011463608557369e-05,6.918820596021151e-05,6.947848855346483e-05,67.32536381051149
1790620320,6.947848855346483e-05,7.053556896701371e-05,6.893726471515292e-05,7.013569215950291e-05,159.60801634430308
1790620380,7.013569215950291e-05,7.013569215950291e-05,7.000405003995921e-05,7.000405003995921e-05,19.59961195839338
1790620440,7.000405003995921e-05,7.097945329543133e-05,7.000405003995921e-05,7.001170582488781e-05,7.127122251035444
1790620500,7.001170582488781e-05,7.105365475376944e-05,7.001170582488781e-05,7.105365475376944e-05,17.42594891945038
1790620620,7.105365475376944e-05,7.105365475376944e-05,6.756875118761436e-05,6.899091262535781e-05,384.08992344210026
1790620680,6.899091262535781e-05,7.051693749748864e-05,6.899091262535781e-05,7.051693749748864e-05,257.2330020558391
1790620740,7.051693749748864e-05,7.051693749748864e-05,6.89108372099507e-05,6.89108372099507e-05,206.23846085447553
1790620800,6.89108372099507e-05,6.948904814743406e-05,6.851284337735469e-05,6.854912280465963e-05,28.659534800308887
1790620860,6.854912280465963e-05,6.992355524485754e-05,6.854537575169654e-05,6.992355524485754e-05,111.94104888680859
1790620980,6.992355524485754e-05,7.042281334234493e-05,6.940329023746901e-05,7.042281334234493e-05,7.11491215066783
1790621040,7.042281334234493e-05,7.042281334234493e-05,6.955254085862696e-05,6.955254085862696e-05,0.5323053824716312
1790621100,6.955254085862696e-05,7.164562758627641e-05,6.955254085862696e-05,7.164562758627641e-05,261.92042887707987
1790621160,7.164562758627641e-05,7.164562758627641e-05,7.16084999529185e-05,7.16084999529185e-05,0.9042180664716168
1790621220,7.16084999529185e-05,7.167530557095554e-05,7.099504703558472e-05,7.167530557095554e-05,128.36096350337846
1790621280,7.167530557095554e-05,7.176966221460154e-05,7.084961463641819e-05,7.084961463641819e-05,15.171456830511024
1790621340,7.084961463641819e-05,7.306557950593176e-05,7.084961463641819e-05,7.306557950593176e-05,191.10684218976382
1790621400,7.306557950593176e-05,7.306557950593176e-05,7.060784900917294e-05,7.060784900917294e-05,215.7700092905777
1790621460,7.060784900917294e-05,7.249491708739672e-05,7.060784900917294e-05,7.249491708739672e-05,207.17390230240864
1790621580,7.249491708739672e-05,7.48887755087748e-05,7.249491708739672e-05,7.48887755087748e-05,176.74233362606353
1790621640,7.48887755087748e-05,7.583480701991524e-05,7.439179728935857e-05,7.439179728935857e-05,205.24253204881342
1790621700,7.439179728935857e-05,7.439179728935857e-05,7.314188562954863e-05,7.350651644958316e-05,153.04237224804183
1790621760,7.350651644958316e-05,7.628541674134397e-05,7.350651644958316e-05,7.628541674134397e-05,324.96367471154684
1790621820,7.628541674134397e-05,7.892132021016387e-05,7.574304646188701e-05,7.770027819450272e-05,385.078187589681
1790621880,7.770027819450272e-05,7.770027819450272e-05,7.660135644904382e-05,7.660135644904382e-05,106.54075560723658
1790621940,7.660135644904382e-05,7.660135644904382e-05,7.649737765133049e-05,7.649737765133049e-05,11.72900558027893
1790622000,7.649737765133049e-05,7.649737765133049e-05,7.637290770582932e-05,7.637290770582932e-05,14.01853461356369
1790622060,7.637290770582932e-05,7.728316329819459e-05,7.573059714309197e-05,7.676616090979276e-05,66.57832772194254
1790622240,7.676616090979276e-05,7.676616090979276e-05,7.552964045358505e-05,7.552964045358505e-05,8.256419167857162
1790622300,7.552964045358505e-05,7.552964045358505e-05,7.431548469328844e-05,7.431548469328844e-05,138.8865039190066
1790622420,7.431548469328844e-05,7.431548469328844e-05,7.410496824404876e-05,7.410496824404876e-05,0.8898097433851622
1790622480,7.410496824404876e-05,7.410496824404876e-05,7.394865555079581e-05,7.394865555079581e-05,13.255152952776942
1790622540,7.394865555079581e-05,7.395285592356301e-05,7.394865555079581e-05,7.395285592356301e-05,0.25427101918987316
1790622600,7.395285592356301e-05,7.650949738444232e-05,7.395285592356301e-05,7.650949738444232e-05,298.765669348853
1790622720,7.650949738444232e-05,7.653702702713216e-05,7.648045173760853e-05,7.653702702713216e-05,4.50538068860105
1790622900,7.653702702713216e-05,7.765014422728984e-05,7.634550340537374e-05,7.634550340537374e-05,47.263871225355444
1790622960,7.634550340537374e-05,7.634550340537374e-05,7.631531174851451e-05,7.631531174851451e-05,0.16074427718805892
1790623080,7.631531174851451e-05,7.709117082544115e-05,7.605928130724692e-05,7.709117082544115e-05,39.532346491102814
1790623200,7.709117082544115e-05,7.709117082544115e-05,7.56070283364431e-05,7.56070283364431e-05,105.14044812221293
1790623260,7.56070283364431e-05,7.56070283364431e-05,7.448137686669334e-05,7.448137686669334e-05,119.74036803838912
1790623320,7.448137686669334e-05,7.512174324856598e-05,7.391593139666944e-05,7.512174324856598e-05,45.70820853500388
1790623380,7.512174324856598e-05,7.512174324856598e-05,7.383884264089028e-05,7.383884264089028e-05,45.69650121408182
1790623440,7.383884264089028e-05,7.383884264089028e-05,7.36818106641674e-05,7.36818106641674e-05,32.652779525700154
1790623500,7.36818106641674e-05,7.469771314334008e-05,7.36818106641674e-05,7.469771314334008e-05,37.18289754912819
1790623560,7.469771314334008e-05,7.509996829136107e-05,7.37547619540376e-05,7.509996829136107e-05,50.360240287949175
1790623620,7.509996829136107e-05,7.509996829136107e-05,7.380400023078672e-05,7.380400023078672e-05,3.5333115652992144
1790623680,7.380400023078672e-05,7.380704855728011e-05,7.279941623021455e-05,7.279941623021455e-05,117.98818976294002
1790623740,7.279941623021455e-05,7.288966815185135e-05,7.187597630282714e-05,7.288966815185135e-05,96.3917670320146
1790623800,7.288966815185135e-05,7.288966815185135e-05,7.284091500050959e-05,7.286557808676769e-05,7.765162575286126
1790623920,7.286557808676769e-05,7.2921508733827e-05,7.1866649884089e-05,7.2921508733827e-05,2.95918818955857
1790623980,7.2921508733827e-05,7.294905593357958e-05,7.196838503899658e-05,7.196838503899658e-05,10.158508165906035
1790624040,7.196838503899658e-05,7.196838503899658e-05,6.66753158790119e-05,6.66753158790119e-05,723.8619218802284
1790624100,6.66753158790119e-05,6.66770482522699e-05,6.660602747157998e-05,6.660602747157998e-05,2.510894824662082
1790624400,6.660602747157998e-05,6.734865126532186e-05,6.600018544553004e-05,6.648236381102503e-05,123.6344391306306
1790624460,6.648236381102503e-05,6.667280895013072e-05,6.647401323851312e-05,6.667280895013072e-05,23.12598611064414
1790624520,6.667280895013072e-05,6.674450896605733e-05,6.58135624677751e-05,6.674450896605733e-05,4.173533744450932
1790624640,6.674450896605733e-05,6.674450896605733e-05,6.673741325828489e-05,6.673741325828489e-05,7.364039270813794
1790624700,6.673741325828489e-05,6.69077590063981e-05,6.553149030988717e-05,6.553149030988717e-05,69.89144583383431
1790624760,6.553149030988717e-05,6.553149030988717e-05,6.388053183935256e-05,6.388053183935256e-05,247.10031398872974
1790624820,6.388053183935256e-05,6.490280455660093e-05,6.367651803420525e-05,6.397728321805289e-05,93.42754587111105
1790624880,6.397728321805289e-05,6.494250122445008e-05,6.397728321805289e-05,6.494250122445008e-05,7.77113075483039
1790624940,6.494250122445008e-05,6.494250122445008e-05,6.39843003651073e-05,6.491393276223088e-05,5.515152790707195
1790625000,6.491393276223088e-05,6.500528459391379e-05,6.491393276223088e-05,6.500528459391379e-05,1.5739074953795897
1790625060,6.500528459391379e-05,6.500742575620051e-05,6.418089594707472e-05,6.418089594707472e-05,6.173629773587597
1790625120,6.418089594707472e-05,6.511087561529937e-05,6.418089594707472e-05,6.419351111252477e-05,4.340039397676146
1790625240,6.419351111252477e-05,6.512132189123238e-05,6.415299789287549e-05,6.415299789287549e-05,1.1253457295159457
1790625300,6.415299789287549e-05,6.50171647561871e-05,6.415299789287549e-05,6.50171647561871e-05,0.05100979812298818
1790625360,6.50171647561871e-05,6.789803399528493e-05,6.50171647561871e-05,6.789803399528493e-05,343.9839190759385
1790625420,6.789803399528493e-05,6.84855823276965e-05,6.789803399528493e-05,6.819286429328675e-05,70.49864056521433
1790625480,6.819286429328675e-05,6.826900631295067e-05,6.730703860301932e-05,6.730703860301932e-05,39.77747852426573
1790625540,6.730703860301932e-05,6.731806877507307e-05,6.728277196706903e-05,6.728277196706903e-05,8.289494702649776
1790625600,6.728277196706903e-05,6.87069474440685e-05,6.728277196706903e-05,6.87069474440685e-05,120.55307903693692
1790625660,6.87069474440685e-05,6.87069474440685e-05,6.80480340231385e-05,6.80480340231385e-05,3.0635588711533566
1790625720,6.80480340231385e-05,6.915123017793257e-05,6.80480340231385e-05,6.915123017793257e-05,26.027561910520408
1790625780,6.915123017793257e-05,6.940205098577243e-05,6.915123017793257e-05,6.940205098577243e-05,2.744803624525006
1790625900,6.940205098577243e-05,6.940205098577243e-05,6.108925936577571e-05,6.219397316394169e-05,1160.088131406618
1790625960,6.219397316394169e-05,6.336901146888522e-05,6.219397316394169e-05,6.336901146888522e-05,139.46770164844554
1790626020,6.336901146888522e-05,6.495916827401142e-05,6.336901146888522e-05,6.495916827401142e-05,141.853801365459
1790626080,6.495916827401142e-05,6.495916827401142e-05,6.267011311242577e-05,6.267011311242577e-05,394.0190439440123
1790626140,6.267011311242577e-05,6.542377612030542e-05,6.212247911069724e-05,6.542377612030542e-05,455.34502057251177
1790626200,6.542377612030542e-05,6.567312732269822e-05,6.473286898580728e-05,6.473286898580728e-05,14.905560435829198
1790626260,6.473286898580728e-05,6.473286898580728e-05,6.464736537844953e-05,6.464736537844953e-05,6.883080998009587
1790626380,6.464736537844953e-05,6.575187490426469e-05,6.464736537844953e-05,6.575187490426469e-05,73.56786343242683
1790626440,6.575187490426469e-05,6.575187490426469e-05,6.517079138751658e-05,6.517079138751658e-05,2.0068673055142887
1790626500,6.517079138751658e-05,6.517079138751658e-05,6.505608787888498e-05,6.505608787888498e-05,22.582344331837067
1790626560,6.505608787888498e-05,6.505608787888498e-05,6.4753475311393e-05,6.4753475311393e-05,24.980541511956375
1790626680,6.4753475311393e-05,6.598734655279748e-05,6.4753475311393e-05,6.539788887354802e-05,99.38910029716521
1790626800,6.539788887354802e-05,6.539788887354802e-05,6.523392872493713e-05,6.523392872493713e-05,66.86648416722767
1790626920,6.523392872493713e-05,6.523392872493713e-05,6.487252144626869e-05,6.487252144626869e-05,18.868987306759404
1790626980,6.487252144626869e-05,6.487252144626869e-05,6.457322318524259e-05,6.457322318524259e-05,20.814578708915842
1790627040,6.457322318524259e-05,6.571643679408845e-05,6.457322318524259e-05,6.571643679408845e-05,34.027352478908305
1790627160,6.571643679408845e-05,6.571643679408845e-05,6.480515661358721e-05,6.480515661358721e-05,14.790819994353582
1790627280,6.480515661358721e-05,6.480515661358721e-05,6.45634864887553e-05,6.45634864887553e-05,33.38219700787084
1790627400,6.45634864887553e-05,6.45634864887553e-05,6.440123048621278e-05,6.440123048621278e-05,2.179719684819011
1790627460,6.440123048621278e-05,6.440525750888618e-05,6.440123048621278e-05,6.440525750888618e-05,5.492480236828531
1790627520,6.440525750888618e-05,6.440525750888618e-05,6.434234643767705e-05,6.434234643767705e-05,5.009252425436045
1790627580,6.434234643767705e-05,6.43750609967853e-05,6.434190451244155e-05,6.43750609967853e-05,2.643908371081776
1790627640,6.43750609967853e-05,6.525488782485956e-05,6.43750609967853e-05,6.525488782485956e-05,4.8480407042603035
1790627700,6.525488782485956e-05,6.525488782485956e-05,6.418800491527957e-05,6.418800491527957e-05,33.49215345387078
1790627760,6.418800491527957e-05,6.508114916795766e-05,6.415436063461989e-05,6.415436063461989e-05,2.9978290605700137
1790627820,6.415436063461989e-05,6.415436063461989e-05,6.411219821964062e-05,6.411219821964062e-05,10.869074400188595
1790627880,6.411219821964062e-05,6.504416297938161e-05,6.411219821964062e-05,6.415842042514522e-05,17.57732969860113
1790628000,6.415842042514522e-05,6.509199523104486e-05,6.415842042514522e-05,6.416827508042998e-05,2.825920722895289
1790628060,6.416827508042998e-05,6.431602139816204e-05,6.344791917768963e-05,6.354561853977474e-05,131.0090404565861
1790628180,6.354561853977474e-05,6.354561853977474e-05,6.339340974471695e-05,6.339340974471695e-05,6.088938222055842
1790628240,6.339340974471695e-05,6.495037185647766e-05,6.339340974471695e-05,6.404070654351323e-05,156.69169336555774
1790628360,6.404070654351323e-05,6.527176677205635e-05,6.404070654351323e-05,6.527176677205635e-05,74.17463342623007
1790628480,6.527176677205635e-05,6.589275902353151e-05,6.527176677205635e-05,6.589275902353151e-05,54.8411544977857
1790628540,6.589275902353151e-05,6.607726753461131e-05,6.589275902353151e-05,6.607726753461131e-05,10.413682132587683
1790628600,6.607726753461131e-05,6.607726753461131e-05,6.507630701334363e-05,6.597789319201595e-05,5.141838974887872
1790628660,6.597789319201595e-05,6.597789319201595e-05,6.499115985484155e-05,6.499115985484155e-05,15.888930389462482
1790628720,6.499115985484155e-05,6.499115985484155e-05,6.49455190413475e-05,6.49455190413475e-05,1.1263718655563952
1790628780,6.49455190413475e-05,6.49455190413475e-05,6.374837598565988e-05,6.374837598565988e-05,148.1591010477666
1790628840,6.374837598565988e-05,6.466401234468624e-05,6.372120569867456e-05,6.466401234468624e-05,13.187241546268469
1790629020,6.466401234468624e-05,6.466401234468624e-05,6.358674709849483e-05,6.358674709849483e-05,69.97714763388288
1790629080,6.358674709849483e-05,6.358674709849483e-05,6.32967607422077e-05,6.32967607422077e-05,0.31423794437872415
1790629140,6.32967607422077e-05,6.32967607422077e-05,6.0911171946964784e-05,6.0911171946964784e-05,334.5321835088405
1790629200,6.0911171946964784e-05,6.0911171946964784e-05,5.9825962090266535e-05,5.9825962090266535e-05,152.70410041619596
1790629260,5.9825962090266535e-05,5.9825962090266535e-05,5.903732989541165e-05,5.958252468841405e-05,118.03530924302517
1790629320,5.958252468841405e-05,5.958252468841405e-05,5.881147718995225e-05,5.881147718995225e-05,0.01814650724065513
1790629380,5.881147718995225e-05,5.9717298847653e-05,5.881147718995225e-05,5.9717298847653e-05,23.46551327123965
1790629440,5.9717298847653e-05,6.00443915150531e-05,5.90693906225485e-05,5.9160665612937505e-05,24.819691951951725
1790629500,5.9160665612937505e-05,6.0626839150773817e-05,5.9160665612937505e-05,6.050793950315004e-05,91.28303606405719
1790629560,6.050793950315004e-05,6.050793950315004e-05,5.980328003103531e-05,5.9820794304697665e-05,5.008816109499874
1790629680,5.9820794304697665e-05,6.077609823522465e-05,5.9820794304697665e-05,6.077609823522465e-05,36.4127399380904
1790629740,6.077609823522465e-05,6.096502627776291e-05,6.077609823522465e-05,6.096502627776291e-05,6.133503062458143
1790629800,6.096502627776291e-05,6.101648120402416e-05,6.011689250106855e-05,6.011689250106855e-05,1.8950160922937032
1790629920,6.011689250106855e-05,6.012275615210289e-05,6.011689250106855e-05,6.012275615210289e-05,2.962587767377665
1790630100,6.012275615210289e-05,6.146188308927084e-05,6.012275615210289e-05,6.146188308927084e-05,79.56623891655875
1790630160,6.146188308927084e-05,6.334442060575211e-05,6.146188308927084e-05,6.334442060575211e-05,308.2200674570631
1790630220,6.334442060575211e-05,6.334442060575211e-05,6.296498728075559e-05,6.296498728075559e-05,15.729201602584702
1790630280,6.296498728075559e-05,6.381509159476302e-05,6.287901865403938e-05,6.287901865403938e-05,6.77004014558578
1790630340,6.287901865403938e-05,6.387904116290782e-05,6.287451467678195e-05,6.387904116290782e-05,12.655857023777683
1790630400,6.387904116290782e-05,6.387904116290782e-05,6.236043607840474e-05,6.236043607840474e-05,159.98559404083906
1790630640,6.236043607840474e-05,6.247036372527187e-05,6.236043607840474e-05,6.247036372527187e-05,1.4818449851870956
1790630700,6.247036372527187e-05,6.254302476840146e-05,6.244288226238935e-05,6.254302476840146e-05,21.490102616132674
1790630820,6.254302476840146e-05,6.255590291527586e-05,6.254302476840146e-05,6.255590291527586e-05,2.0905404953580673
1790631060,6.255590291527586e-05,6.262196564568865e-05,6.255590291527586e-05,6.262196564568865e-05,3.328595711321039
1790631120,6.262196564568865e-05,6.262196564568865e-05,6.261721004476783e-05,6.261721004476783e-05,4.94468168412626
1790631180,6.261721004476783e-05,6.314709433192237e-05,6.235178877984497e-05,6.235178877984497e-05,219.01296555493576
1790631240,6.235178877984497e-05,6.235178877984497e-05,6.202098400723894e-05,6.202098400723894e-05,1.2097593779053901
1790631360,6.202098400723894e-05,6.296236097022174e-05,6.202098400723894e-05,6.296236097022174e-05,11.607541290378276
1790631420,6.296236097022174e-05,6.30102465589322e-05,6.215830403214277e-05,6.215830403214277e-05,12.252089057494365
1790631540,6.215830403214277e-05,6.352401187867611e-05,6.215830403214277e-05,6.307929455784414e-05,124.9678458266772
1790631660,6.307929455784414e-05,6.309378562427512e-05,6.307929455784414e-05,6.309378562427512e-05,3.1334702151548655
1790631840,6.309378562427512e-05,6.309378562427512e-05,6.304943460260008e-05,6.304943460260008e-05,6.26908371401559
1790631900,6.304943460260008e-05,6.395925585436444e-05,6.304943460260008e-05,6.395925585436444e-05,9.387587488897575
1790631960,6.395925585436444e-05,6.395925585436444e-05,6.243078353134894e-05,6.243078353134894e-05,148.66363005955395
1790632140,6.243078353134894e-05,6.243078353134894e-05,6.179180661764612e-05,6.179180661764612e-05,2.8675776802165482
1790632200,6.179180661764612e-05,6.346276898684508e-05,6.175172263871914e-05,6.346276898684508e-05,239.27981096341043
1790632260,6.346276898684508e-05,6.469796743954364e-05,6.346276898684508e-05,6.469796743954364e-05,66.01107445607279
1790632320,6.469796743954364e-05,6.500974586966308e-05,6.469796743954364e-05,6.500974586966308e-05,0.39667332867697963
1790632380,6.500974586966308e-05,6.500974586966308e-05,6.397809163446357e-05,6.397809163446357e-05,5.37415969729494
1790632440,6.397809163446357e-05,6.397809163446357e-05,6.369894511380587e-05,6.369894511380587e-05,29.489226866009762
1790632500,6.369894511380587e-05,6.369894511380587e-05,6.369371238283401e-05,6.369371238283401e-05,4.134787079012158
1790632560,6.369371238283401e-05,6.369371238283401e-05,6.321272640982834e-05,6.321272640982834e-05,115.64169558812256
1790632620,6.321272640982834e-05,6.321272640982834e-05,6.272502331844606e-05,6.272502331844606e-05,3.572908519488438
1790632680,6.272502331844606e-05,6.443702685000911e-05,6.272502331844606e-05,6.443702685000911e-05,213.18062588331148
1790632740,6.443702685000911e-05,6.443702685000911e-05,6.358061054774558e-05,6.358061054774558e-05,188.55170081564867
1790632860,6.358061054774558e-05,6.358061054774558e-05,6.274588824601351e-05,6.274588824601351e-05,2.549028114779499
1790632920,6.274588824601351e-05,6.274588824601351e-05,6.267246068895881e-05,6.267246068895881e-05,0.4605351141374811
1790632980,6.267246068895881e-05,6.282240660230416e-05,6.267246068895881e-05,6.282240660230416e-05,3.609133245570955
1790633040,6.282240660230416e-05,6.282240660230416e-05,6.276811582065876e-05,6.276811582065876e-05,1.0359514621082748
1790633100,6.276811582065876e-05,6.276811582065876e-05,6.169013587276886e-05,6.169013587276886e-05,124.31949896772544
1790633160,6.169013587276886e-05,6.169013587276886e-05,6.14916578679056e-05,6.14916578679056e-05,6.717110762125137
1790633220,6.14916578679056e-05,6.238314359044296e-05,6.14916578679056e-05,6.238314359044296e-05,1.2726066446544548
1790633400,6.238314359044296e-05,6.238314359044296e-05,6.1337030030464e-05,6.1337030030464e-05,30.687364626186387
1790633520,6.1337030030464e-05,6.1337030030464e-05,6.079744442183605e-05,6.079744442183605e-05,119.45061191945837
1790633580,6.079744442183605e-05,6.079744442183605e-05,6.0343283571367256e-05,6.0343283571367256e-05,3.2398875075067726
1790633700,6.0343283571367256e-05,6.114250031294585e-05,6.026575540048805e-05,6.114250031294585e-05,11.373338995986346
1790633760,6.114250031294585e-05,6.114250031294585e-05,6.001338692887428e-05,6.001338692887428e-05,65.52189283778594
1790633880,6.001338692887428e-05,6.001338692887428e-05,5.9871842336627834e-05,5.9871842336627834e-05,5.692438608444867
1790634000,5.9871842336627834e-05,5.9871842336627834e-05,5.981062781048448e-05,5.981062781048448e-05,9.81942542286704
1790634120,5.981062781048448e-05,5.981062781048448e-05,5.968899557278648e-05,5.968899557278648e-05,14.267117111708519
1790634180,5.968899557278648e-05,5.968899557278648e-05,5.88908903241125e-05,5.88908903241125e-05,152.4421477255116
1790634300,5.88908903241125e-05,6.0033314463634046e-05,5.88908903241125e-05,6.0033314463634046e-05,143.7549485641417
1790634360,6.0033314463634046e-05,6.0033314463634046e-05,5.9282633539221964e-05,5.9282633539221964e-05,14.793841003339155
1790634480,5.9282633539221964e-05,5.9282633539221964e-05,5.913455343107239e-05,5.913455343107239e-05,37.04996685183519
1790634600,5.913455343107239e-05,5.998878103010798e-05,5.913455343107239e-05,5.998878103010798e-05,26.415075552698557
1790634720,5.998878103010798e-05,6.0016501481208416e-05,5.9172674888410573e-05,6.0016501481208416e-05,1.530803235442117
1790634780,6.0016501481208416e-05,6.0178895037230825e-05,6.0016501481208416e-05,6.0178895037230825e-05,23.290910396464092
1790634900,6.0178895037230825e-05,6.034944373515274e-05,5.915207226262176e-05,5.9160264625979545e-05,52.585358277373125
1790634960,5.9160264625979545e-05,6.078172360901145e-05,5.9160264625979545e-05,5.995237129597491e-05,300.4030843514198
1790635080,5.995237129597491e-05,6.134115983610554e-05,5.995237129597491e-05,6.134115983610554e-05,265.51757091722556
1790635140,6.134115983610554e-05,6.273709065466119e-05,6.134115983610554e-05,6.273709065466119e-05,62.30338484691889
1790635260,6.273709065466119e-05,6.43137352503408e-05,6.273709065466119e-05,6.43137352503408e-05,187.21766197941193
1790635440,6.43137352503408e-05,6.43137352503408e-05,6.365403710481223e-05,6.365403710481223e-05,1.8138051873680423
1790635620,6.365403710481223e-05,6.368151702839659e-05,6.365403710481223e-05,6.365525573198101e-05,8.847104863717567
1790635680,6.365525573198101e-05,6.480409075360022e-05,6.365525573198101e-05,6.390876642949821e-05,39.90264000478715
1790635980,6.390876642949821e-05,6.494360552038731e-05,6.390876642949821e-05,6.494360552038731e-05,33.0406787761956
1790636100,6.494360552038731e-05,6.494360552038731e-05,6.423543911277698e-05,6.423543911277698e-05,1.9794899650598985
1790636220,6.423543911277698e-05,6.423543911277698e-05,6.330831036538324e-05,6.330831036538324e-05,122.0056438237414
1790636280,6.330831036538324e-05,6.330831036538324e-05,6.282312199971959e-05,6.282312199971959e-05,55.09726750640864
1790636460,6.282312199971959e-05,6.282312199971959e-05,6.237876943126887e-05,6.237876943126887e-05,109.01212972725632
1790636520,6.237876943126887e-05,6.237876943126887e-05,6.151387732125382e-05,6.151387732125382e-05,87.12138779248572
1790636580,6.151387732125382e-05,6.22577971138165e-05,6.151387732125382e-05,6.22577971138165e-05,15.435605020311039
1790636640,6.22577971138165e-05,6.22577971138165e-05,6.094295450745871e-05,6.135903762161083e-05,118.12589878312261
1790636700,6.135903762161083e-05,6.145341433237593e-05,6.135903762161083e-05,6.145341433237593e-05,19.542772864443926
1790636760,6.145341433237593e-05,6.145341433237593e-05,6.0253491738169424e-05,6.0253491738169424e-05,81.4407325924481
1790636820,6.0253491738169424e-05,6.0253491738169424e-05,5.9299345407150204e-05,6.010866969014953e-05,117.18671805776563
1790636880,6.010866969014953e-05,6.135193935918849e-05,6.010866969014953e-05,6.135193935918849e-05,252.5552485974372
1790636940,6.135193935918849e-05,6.239321551913745e-05,6.135193935918849e-05,6.170673821344073e-05,61.24218758986846
1790637000,6.170673821344073e-05,6.258020051862181e-05,6.170673821344073e-05,6.258020051862181e-05,0.9893833074409695
1790637120,6.258020051862181e-05,6.423684156871398e-05,6.258020051862181e-05,6.423684156871398e-05,236.80403837197392
1790637180,6.423684156871398e-05,6.423684156871398e-05,6.32550884048213e-05,6.32550884048213e-05,38.6232644641374
1790637240,6.32550884048213e-05,7.95708931434821e-05,6.32550884048213e-05,7.622415807403709e-05,2574.6881214361442
1790637300,7.622415807403709e-05,7.622415807403709e-05,7.517657406480185e-05,7.517657406480185e-05,67.38734395209258
1790637360,7.517657406480185e-05,7.634227439062568e-05,7.517657406480185e-05,7.634227439062568e-05,15.957864928676901
1790637420,7.634227439062568e-05,7.634227439062568e-05,7.49297664238681e-05,7.49297664238681e-05,89.66966507368555
1790637480,7.49297664238681e-05,7.539783924605629e-05,7.435783370121509e-05,7.435783370121509e-05,50.60712986675643
1790637540,7.435783370121509e-05,7.435783370121509e-05,7.207211018002906e-05,7.21171869192062e-05,249.87073874588194
1790637600,7.21171869192062e-05,7.340050628190948e-05,7.21171869192062e-05,7.242367429491418e-05,60.595384751890066
1790637660,7.242367429491418e-05,7.391624248774455e-05,7.242367429491418e-05,7.391624248774455e-05,126.21430396224008
1790637720,7.391624248774455e-05,7.391624248774455e-05,7.289589352565077e-05,7.289589352565077e-05,139.42046828569136
1790637900,7.289589352565077e-05,7.331377640098683e-05,7.187557486906004e-05,7.187557486906004e-05,99.1685975282798
1790638080,7.187557486906004e-05,7.187557486906004e-05,7.130148334074136e-05,7.130148334074136e-05,55.1814657333582
1790638200,7.130148334074136e-05,7.130148334074136e-05,7.100223923982396e-05,7.100223923982396e-05,5.005598430504124
1790638260,7.100223923982396e-05,7.220479110604966e-05,7.100223923982396e-05,7.220479110604966e-05,58.77377762953632
1790638320,7.220479110604966e-05,7.220479110604966e-05,7.13540645548908e-05,7.13540645548908e-05,18.154659159341687
1790638380,7.13540645548908e-05,7.294356533608035e-05,7.13540645548908e-05,7.294356533608035e-05,295.5677304309073
1790638440,7.294356533608035e-05,7.330401199832756e-05,7.294356533608035e-05,7.330401199832756e-05,4.1004487916682635
1790638500,7.330401199832756e-05,7.369182194792025e-05,7.330401199832756e-05,7.369182194792025e-05,74.6161262833121
1790638620,7.369182194792025e-05,7.369182194792025e-05,7.293064473999918e-05,7.293064473999918e-05,11.021772999731494
1790638680,7.293064473999918e-05,7.293064473999918e-05,5.8375430171916266e-05,6.164521714454704e-05,2297.5762576751076
1790638740,6.164521714454704e-05,6.176899282855915e-05,6.164521714454704e-05,6.176899282855915e-05,12.315553181960157
1790638800,6.176899282855915e-05,6.2665133839357e-05,6.176899282855915e-05,6.2665133839357e-05,118.2017533692006
1790638860,6.2665133839357e-05,6.353634473030262e-05,6.184961073521436e-05,6.184961073521436e-05,308.0040878110315
1790638920,6.184961073521436e-05,6.196812678839662e-05,6.184961073521436e-05,6.196812678839662e-05,42.02894915381106
1790638980,6.196812678839662e-05,6.218244919504903e-05,6.196812678839662e-05,6.218244919504903e-05,2.3369897634203673
1790639100,6.218244919504903e-05,6.218244919504903e-05,6.106298218512501e-05,6.106298218512501e-05,62.15711367563518
1790639220,6.106298218512501e-05,6.271553595612166e-05,6.106298218512501e-05,6.271553595612166e-05,260.90140031260114
1790639280,6.271553595612166e-05,6.381870161398644e-05,6.271553595612166e-05,6.381870161398644e-05,4.849377792783972
1790639520,6.381870161398644e-05,6.381870161398644e-05,6.261850111218804e-05,6.261850111218804e-05,71.85667325923015
1790639580,6.261850111218804e-05,6.373710571204505e-05,6.261850111218804e-05,6.373710571204505e-05,117.06922934518037
1790639760,6.373710571204505e-05,6.473382192140473e-05,6.373710571204505e-05,6.426411760956132e-05,117.79611882769782
1790639820,6.426411760956132e-05,6.583536487834563e-05,6.426411760956132e-05,6.557824453237121e-05,163.834002390692
1790639880,6.557824453237121e-05,6.557824453237121e-05,6.480716580162397e-05,6.480716580162397e-05,185.48527439514623
1790639940,6.480716580162397e-05,6.496424946113305e-05,6.28219996505677e-05,6.367879024564199e-05,161.83792861177955
1790640000,6.367879024564199e-05,6.409693492943594e-05,6.342149147016722e-05,6.342149147016722e-05,122.54166431559679
1790640060,6.342149147016722e-05,6.428281551765012e-05,6.33794899931216e-05,6.428281551765012e-05,1.186054448923209
1790640120,6.428281551765012e-05,6.476879296582079e-05,6.428281551765012e-05,6.476879296582079e-05,106.00148662620757
1790640180,6.476879296582079e-05,6.534488906011508e-05,6.456622749619238e-05,6.456622749619238e-05,34.10844383200201
1790640300,6.456622749619238e-05,6.550430433453587e-05,6.456622749619238e-05,6.457336461840981e-05,19.318257146473496
1790640360,6.457336461840981e-05,6.603117215175613e-05,6.457336461840981e-05,6.566115154665739e-05,166.74284326903341
1790640420,6.566115154665739e-05,6.566115154665739e-05,6.516240150199445e-05,6.516240150199445e-05,10.947636270971
1790640480,6.516240150199445e-05,6.516240150199445e-05,6.513353129060103e-05,6.513353129060103e-05,3.1016125201362197
1790640540,6.513353129060103e-05,6.513353129060103e-05,6.509965230712906e-05,6.509965230712906e-05,0.2745942504775497
1790640600,6.509965230712906e-05,6.609434975245858e-05,6.503890884196983e-05,6.609434975245858e-05,34.93399889990568
1790640660,6.609434975245858e-05,6.609434975245858e-05,6.407462712658796e-05,6.407462712658796e-05,277.37906083099926
1790640720,6.407462712658796e-05,6.407462712658796e-05,6.191545914080379e-05,6.191545914080379e-05,256.54375811206194
1790640780,6.191545914080379e-05,6.211360423931339e-05,6.075322938994732e-05,6.075322938994732e-05,144.64278677925583
1790640840,6.075322938994732e-05,6.127750388265098e-05,5.860107399226727e-05,5.9794082291181075e-05,463.62085098894426
1790640900,5.9794082291181075e-05,5.9959441974001525e-05,5.920251330350284e-05,5.9936564960181146e-05,9.26277048922614
1790640960,5.9936564960181146e-05,6.090771167194787e-05,5.9587848153697e-05,6.090771167194787e-05,185.9113350374486
1790641080,6.090771167194787e-05,6.143981841836135e-05,6.090771167194787e-05,6.143981841836135e-05,14.765239841457895
1790641140,6.143981841836135e-05,6.264078008182865e-05,6.143981841836135e-05,6.262072864485904e-05,268.1625047905999
1790641200,6.262072864485904e-05,6.262072864485904e-05,6.131896421642167e-05,6.131896421642167e-05,151.14175202972424
1790641260,6.131896421642167e-05,6.131896421642167e-05,6.127463471825847e-05,6.127463471825847e-05,23.136917720852924
1790641320,6.127463471825847e-05,6.127463471825847e-05,6.014719071167148e-05,6.014719071167148e-05,124.76593309722224
1790641380,6.014719071167148e-05,6.093651823042043e-05,6.014719071167148e-05,6.093651823042043e-05,0.7017986351077345
1790641440,6.093651823042043e-05,6.096523541436261e-05,5.9766181187771245e-05,6.05864084255287e-05,71.8011280888384
1790641560,6.05864084255287e-05,6.072436566512985e-05,6.05864084255287e-05,6.072436566512985e-05,2.938029074108644
1790641620,6.072436566512985e-05,6.180849952815243e-05,6.072436566512985e-05,6.180849952815243e-05,135.01945508487958
1790641680,6.180849952815243e-05,6.184153408721153e-05,6.0970495722419684e-05,6.0970495722419684e-05,5.041968579872801
1790641740,6.0970495722419684e-05,6.188131383766893e-05,6.0970495722419684e-05,6.188131383766893e-05,1.1176561010278834
1790641800,6.188131383766893e-05,6.188131383766893e-05,6.090962598472202e-05,6.096689560912226e-05,18.868634766800362
1790641920,6.096689560912226e-05,6.159910684055545e-05,6.0670618922343444e-05,6.0670618922343444e-05,39.35695839849624
1790641980,6.0670618922343444e-05,6.0670618922343444e-05,5.976197340614213e-05,5.976197340614213e-05,135.8681098079269
1790642040,5.976197340614213e-05,5.990796832711671e-05,5.856491159808867e-05,5.976958327135957e-05,413.43851089943297
1790642100,5.976958327135957e-05,6.046524894230681e-05,5.976958327135957e-05,6.001316688808669e-05,134.41651120289686
1790642160,6.001316688808669e-05,6.001316688808669e-05,5.991593397424566e-05,5.991593397424566e-05,1.517417160410827
1790642220,5.991593397424566e-05,6.206701480242753e-05,5.991593397424566e-05,6.206701480242753e-05,329.56178423941793
1790642280,6.206701480242753e-05,6.24906524828142e-05,6.206701480242753e-05,6.239889189660936e-05,20.340105823744032
1790642340,6.239889189660936e-05,6.239889189660936e-05,6.230692345427432e-05,6.230692345427432e-05,4.2436217263834495
1790642400,6.230692345427432e-05,6.386340974396781e-05,6.230692345427432e-05,6.309593488805021e-05,227.75696377241226
1790642460,6.309593488805021e-05,6.370953858164746e-05,6.282805631227597e-05,6.282805631227597e-05,18.16707148514434
1790642520,6.282805631227597e-05,6.463015987845951e-05,6.282805631227597e-05,6.463015987845951e-05,221.72965914146283
1790642640,6.463015987845951e-05,6.583759709735383e-05,6.455498287435484e-05,6.583759709735383e-05,116.44093244503296
1790642820,6.583759709735383e-05,6.583759709735383e-05,6.515352807069007e-05,6.515352807069007e-05,2.1616353360544025
1790642880,6.515352807069007e-05,6.515352807069007e-05,6.453656216329749e-05,6.453656216329749e-05,133.46091656920032
1790642940,6.453656216329749e-05,6.482756158364961e-05,6.453656216329749e-05,6.482756158364961e-05,0.8831250229102534
1790643000,6.482756158364961e-05,6.482756158364961e-05,6.177531607520327e-05,6.228834061539153e-05,324.87021990410545
1790643060,6.228834061539153e-05,6.228834061539153e-05,6.1009573465440456e-05,6.1009573465440456e-05,99.62419613217577
1790643120,6.1009573465440456e-05,6.150880389903276e-05,6.1009573465440456e-05,6.150880389903276e-05,15.536601296684797
1790643180,6.150880389903276e-05,6.150880389903276e-05,6.069400988022036e-05,6.069400988022036e-05,0.27431456085816347
1790643360,6.069400988022036e-05,6.150431604562896e-05,6.069400988022036e-05,6.150431604562896e-05,0.3786960105864405
1790643420,6.150431604562896e-05,6.150872470037573e-05,6.060940694790774e-05,6.060940694790774e-05,5.745927761025052
1790643480,6.060940694790774e-05,6.150792914601438e-05,6.060940694790774e-05,6.063213550129911e-05,5.961629568060322
1790643540,6.063213550129911e-05,6.150890135507948e-05,6.038984582937575e-05,6.038984582937575e-05,62.09593431229415
1790643660,6.038984582937575e-05,6.091402429499935e-05,5.99915366756757e-05,6.091402429499935e-05,43.98903157691619
1790643720,6.091402429499935e-05,6.114997250529745e-05,6.091402429499935e-05,6.114997250529745e-05,12.69837803550414
1790643840,6.114997250529745e-05,6.114997250529745e-05,6.0219081299578025e-05,6.108579383568852e-05,15.693423872063773
1790643900,6.108579383568852e-05,6.118578492194739e-05,6.108579383568852e-05,6.118578492194739e-05,7.687952192317036
1790643960,6.118578492194739e-05,6.164899703706645e-05,6.03321549033537e-05,6.164899703706645e-05,124.90029484830842
1790644020,6.164899703706645e-05,6.23320619639711e-05,6.164899703706645e-05,6.23320619639711e-05,62.80192374315371
1790644140,6.23320619639711e-05,6.393676157919668e-05,6.23320619639711e-05,6.393676157919668e-05,204.38650667946752
1790644260,6.393676157919668e-05,6.41397548835493e-05,6.393676157919668e-05,6.408263327241023e-05,3.6050397404245293
1790644380,6.408263327241023e-05,6.408263327241023e-05,6.285611489119833e-05,6.285611489119833e-05,83.74834202795326
1790644440,6.285611489119833e-05,6.349391107540769e-05,6.260860943389213e-05,6.349391107540769e-05,10.159473725340037
1790644500,6.349391107540769e-05,6.366686268496047e-05,6.235064203011111e-05,6.366686268496047e-05,194.7701759530174
1790644560,6.366686268496047e-05,6.41843399629452e-05,6.322674172719771e-05,6.322674172719771e-05,16.836529563493666
1790644620,6.322674172719771e-05,6.41704604118302e-05,6.274722494408499e-05,6.38052289748851e-05,136.95403865839526
1790644740,6.38052289748851e-05,6.38052289748851e-05,6.267998209580164e-05,6.267998209580164e-05,29.779369149133416
1790644800,6.267998209580164e-05,6.267998209580164e-05,6.228268055531765e-05,6.228268055531765e-05,58.83078029003681
1790644860,6.228268055531765e-05,6.228268055531765e-05,6.15856779916648e-05,6.17887145449753e-05,194.73584064448832
1790644920,6.17887145449753e-05,6.17887145449753e-05,6.09318209827536e-05,6.09318209827536e-05,28.830685863293628
1790645040,6.09318209827536e-05,6.182891455301887e-05,6.09318209827536e-05,6.182891455301887e-05,48.93850469207626
1790645100,6.182891455301887e-05,6.182891455301887e-05,6.113489269594496e-05,6.113489269594496e-05,15.079926357658302
1790645160,6.113489269594496e-05,6.186260402346862e-05,6.095824736521802e-05,6.186260402346862e-05,16.376600966600403
1790645280,6.186260402346862e-05,6.186260402346862e-05,6.0869919495283214e-05,6.0869919495283214e-05,14.703024772566271
1790645340,6.0869919495283214e-05,6.0869919495283214e-05,6.072031133658352e-05,6.072031133658352e-05,18.718818737455372
1790645400,6.072031133658352e-05,6.157334406648911e-05,6.072031133658352e-05,6.157334406648911e-05,22.9100126212579
1790645460,6.157334406648911e-05,6.157334406648911e-05,6.050683346558314e-05,6.13811101666341e-05,64.80362557887145
1790645520,6.13811101666341e-05,6.15343852416543e-05,6.13811101666341e-05,6.15343852416543e-05,45.755275252101626
1790645580,6.15343852416543e-05,6.234284469950641e-05,6.15343852416543e-05,6.234284469950641e-05,64.09808252540772
1790645700,6.234284469950641e-05,6.257653319823085e-05,6.147070800462405e-05,6.185560249164475e-05,63.93145103472494
1790645760,6.185560249164475e-05,6.292253442507264e-05,6.185560249164475e-05,6.235059424869016e-05,68.90658658974777
1790645820,6.235059424869016e-05,6.356162313228073e-05,6.235059424869016e-05,6.356162313228073e-05,73.34428009070642
1790645880,6.356162313228073e-05,6.387638845085561e-05,6.356162313228073e-05,6.387638845085561e-05,12.603840905807045
1790645940,6.387638845085561e-05,6.387638845085561e-05,6.303529565234452e-05,6.303529565234452e-05,2.020637139704284
1790646000,6.303529565234452e-05,6.303529565234452e-05,6.235145767712229e-05,6.235145767712229e-05,158.36334472154294
1790646060,6.235145767712229e-05,6.264960960548926e-05,6.235145767712229e-05,6.264960960548926e-05,26.37541889958554
1790646120,6.264960960548926e-05,6.299449814319126e-05,6.264960960548926e-05,6.299449814319126e-05,8.893744685176245
1790646180,6.299449814319126e-05,6.299593679779574e-05,6.299449814319126e-05,6.299593679779574e-05,0.8789029247706972
1790646360,6.299593679779574e-05,6.299593679779574e-05,6.209071092984953e-05,6.209071092984953e-05,44.05687814996753
1790646420,6.209071092984953e-05,6.357582112491158e-05,6.169656040149837e-05,6.357582112491158e-05,318.5552442211259
1790646480,6.357582112491158e-05,6.376987565643409e-05,6.357582112491158e-05,6.376987565643409e-05,0.12310413640879223
1790646540,6.376987565643409e-05,6.510489294248707e-05,6.376987565643409e-05,6.510489294248707e-05,57.22707131530424
1790646660,6.510489294248707e-05,6.510489294248707e-05,6.388148105027296e-05,6.46445636226729e-05,63.273357431925554
1790646780,6.46445636226729e-05,6.49074213658299e-05,6.46445636226729e-05,6.49074213658299e-05,3.0880204504311024
1790646960,6.49074213658299e-05,6.49346491473586e-05,6.404125063692921e-05,6.404125063692921e-05,45.14684301649712
1790647020,6.404125063692921e-05,6.404125063692921e-05,6.390974673647178e-05,6.393762130401504e-05,2.8803312634199525
1790647140,6.393762130401504e-05,6.505974309295956e-05,6.388242367719228e-05,6.505974309295956e-05,40.15505149067155
1790647200,6.505974309295956e-05,6.528688428047664e-05,6.505974309295956e-05,6.528688428047664e-05,4.2716342037554496
1790647380,6.528688428047664e-05,6.528688428047664e-05,6.379644659209489e-05,6.379644659209489e-05,93.01738561974857
1790647440,6.379644659209489e-05,6.379644659209489e-05,6.342335290825521e-05,6.342335290825521e-05,14.665560949999364
1790647560,6.342335290825521e-05,6.342335290825521e-05,6.316335217207146e-05,6.316335217207146e-05,22.64105834538736
1790647680,6.316335217207146e-05,6.3887884304909e-05,6.299914002920591e-05,6.3887884304909e-05,22.064418226571473
1790647920,6.3887884304909e-05,6.413050073208971e-05,6.3887884304909e-05,6.413050073208971e-05,71.0542520536125
1790648040,6.413050073208971e-05,6.413050073208971e-05,6.364081760899305e-05,6.364081760899305e-05,1.0269384338796306
1790648160,6.364081760899305e-05,6.365452207684425e-05,6.364081760899305e-05,6.365452207684425e-05,3.9926812799830382
1790648280,6.365452207684425e-05,6.365452207684425e-05,6.189399523337122e-05,6.189399523337122e-05,211.90290962501194
1790648340,6.189399523337122e-05,6.302372902697384e-05,6.189399523337122e-05,6.302372902697384e-05,78.20547319274147
1790648400,6.302372902697384e-05,6.345302395080234e-05,6.302372902697384e-05,6.345302395080234e-05,4.557199971845523
1790648640,6.345302395080234e-05,6.345302395080234e-05,6.232884387510755e-05,6.232884387510755e-05,21.589845031787384
1790648700,6.232884387510755e-05,6.232884387510755e-05,6.212011837941506e-05,6.212011837941506e-05,12.99135265379285
1790648760,6.212011837941506e-05,6.212011837941506e-05,6.203696924624662e-05,6.203696924624662e-05,5.9819666201182145
1790648820,6.203696924624662e-05,6.266930901928587e-05,6.18265198955244e-05,6.266930901928587e-05,41.7182546370191
1790648880,6.266930901928587e-05,6.268186296920432e-05,6.162953752955048e-05,6.162953752955048e-05,54.36765331838186
1790649000,6.162953752955048e-05,6.162953752955048e-05,6.0970275515544e-05,6.0970275515544e-05,131.44707062147668
1790649060,6.0970275515544e-05,6.0970275515544e-05,6.02799081551657e-05,6.02799081551657e-05,15.518242853897874
1790649180,6.02799081551657e-05,6.02799081551657e-05,6.019710988272386e-05,6.019710988272386e-05,10.89663107274039
1790649240,6.019710988272386e-05,6.019710988272386e-05,6.004555750547395e-05,6.004555750547395e-05,4.463286732509653
1790649360,6.004555750547395e-05,6.055503741533931e-05,5.976439906658844e-05,6.055503741533931e-05,148.40501160247095
1790649480,6.055503741533931e-05,6.055503741533931e-05,5.9606238609197455e-05,5.9606238609197455e-05,103.13524486334919
1790649540,5.9606238609197455e-05,6.0162774101457886e-05,5.9606238609197455e-05,6.0162774101457886e-05,6.6912691974992775
1790649660,6.0162774101457886e-05,6.0162774101457886e-05,5.92560663919221e-05,5.92560663919221e-05,34.767742297278744
1790649780,5.92560663919221e-05,5.952577366602387e-05,5.886174669785849e-05,5.952577366602387e-05,44.67741905775778
1790649900,5.952577366602387e-05,5.952577366602387e-05,5.863953884004731e-05,5.863953884004731e-05,42.2949590141808
1790650020,5.863953884004731e-05,5.93317505832136e-05,5.863953884004731e-05,5.93317505832136e-05,2.2829770244307843
1790650140,5.93317505832136e-05,5.934271598753726e-05,5.93317505832136e-05,5.934271598753726e-05,3.8584381328583874
1790650200,5.934271598753726e-05,5.934271598753726e-05,5.805559959653219e-05,5.805559959653219e-05,120.69936732855791
1790650260,5.805559959653219e-05,5.845174993474829e-05,5.805559959653219e-05,5.845174993474829e-05,12.426605341143688
1790650320,5.845174993474829e-05,5.845587338270474e-05,5.845174993474829e-05,5.845587338270474e-05,11.552782354169963
1790650440,5.845587338270474e-05,5.8731826187165825e-05,5.845587338270474e-05,5.8731826187165825e-05,56.855825272328914
1790650500,5.8731826187165825e-05,5.900493086850893e-05,5.8731826187165825e-05,5.900493086850893e-05,1.8804171049761922
1790650740,5.900493086850893e-05,5.900493086850893e-05,5.816528242882376e-05,5.816528242882376e-05,11.646911674915255
1790650800,5.816528242882376e-05,5.856197941137142e-05,5.789090227567111e-05,5.856197941137142e-05,80.38879722571019
1790650860,5.856197941137142e-05,5.856197941137142e-05,5.795124415390108e-05,5.795124415390108e-05,6.967608073552555
1790650920,5.795124415390108e-05,5.795124415390108e-05,5.7807554398850616e-05,5.7807554398850616e-05,14.651580735530834
1790650980,5.7807554398850616e-05,5.872697764290986e-05,5.7807554398850616e-05,5.787358416629434e-05,8.964993981891098
1790651040,5.787358416629434e-05,5.787358416629434e-05,5.771684290294877e-05,5.771684290294877e-05,0.032513845262094804
1790651220,5.771684290294877e-05,5.861219752082065e-05,5.617809534902569e-05,5.627159530998351e-05,334.7095980593724
1790651280,5.627159530998351e-05,5.638711633292262e-05,5.627159530998351e-05,5.638711633292262e-05,15.659804109599213
1790651340,5.638711633292262e-05,5.6445818394082374e-05,5.638711633292262e-05,5.6445818394082374e-05,4.375079757516282
1790651400,5.6445818394082374e-05,5.6445818394082374e-05,5.466502757744408e-05,5.466502757744408e-05,152.56656506647226
1790651460,5.466502757744408e-05,5.553952237628916e-05,5.466502757744408e-05,5.547132789783886e-05,59.807606283083665
1790651520,5.547132789783886e-05,5.587987724826219e-05,5.547132789783886e-05,5.587987724826219e-05,46.885841284840104
1790651640,5.587987724826219e-05,5.587987724826219e-05,5.5836669299814e-05,5.5836669299814e-05,2.9571629001391404
1790651700,5.5836669299814e-05,5.59130267925492e-05,5.5836669299814e-05,5.59130267925492e-05,5.7279453358742085
1790651760,5.59130267925492e-05,5.5968527201937525e-05,5.59130267925492e-05,5.5968527201937525e-05,2.5322577420847
1790651820,5.5968527201937525e-05,5.673902378395501e-05,5.5968527201937525e-05,5.673902378395501e-05,105.41004355407898
1790651880,5.673902378395501e-05,5.682531408474937e-05,5.673902378395501e-05,5.682531408474937e-05,1.5321533526472713
1790652060,5.682531408474937e-05,5.704649317617729e-05,5.682531408474937e-05,5.704649317617729e-05,9.818851976516074
1790652120,5.704649317617729e-05,5.7089940045767006e-05,5.704649317617729e-05,5.7070959913363986e-05,4.842162215699868
1790652180,5.7070959913363986e-05,5.7385327481986766e-05,5.7070959913363986e-05,5.7385327481986766e-05,25.634340235629914
1790652300,5.7385327481986766e-05,5.745219759276916e-05,5.7385327481986766e-05,5.745219759276916e-05,4.899775896458636
1790652360,5.745219759276916e-05,5.752343489960098e-05,5.745219759276916e-05,5.752343489960098e-05,5.84247665952289
1790652480,5.752343489960098e-05,5.752343489960098e-05,5.67249841921706e-05,5.67249841921706e-05,0.12069919968286238
1790652540,5.67249841921706e-05,5.7579686652078484e-05,5.67249841921706e-05,5.7579686652078484e-05,9.83310908477854
1790652660,5.7579686652078484e-05,5.7579686652078484e-05,5.658093893792609e-05,5.7214488498299196e-05,61.62433548599468
1790652720,5.7214488498299196e-05,5.729346082157534e-05,5.7214488498299196e-05,5.729346082157534e-05,0.6986279699663417
1790652780,5.729346082157534e-05,5.729346082157534e-05,5.653141729156152e-05,5.653141729156152e-05,2.5501976423419634
1790652840,5.653141729156152e-05,5.738468087983947e-05,5.632801025289036e-05,5.632801025289036e-05,57.00445911289477
1790652960,5.632801025289036e-05,5.727631061600441e-05,5.632801025289036e-05,5.727631061600441e-05,35.01819530585854
1790653080,5.727631061600441e-05,5.7502897765546995e-05,5.727631061600441e-05,5.7502897765546995e-05,16.731354414080634
1790653140,5.7502897765546995e-05,5.7502897765546995e-05,5.642755559313295e-05,5.642755559313295e-05,64.96463414053174
1790653200,5.642755559313295e-05,5.642755559313295e-05,5.5360169772180504e-05,5.5360169772180504e-05,201.89217843507276
1790653320,5.5360169772180504e-05,5.5360169772180504e-05,5.459837679600503e-05,5.461698038896805e-05,2.0215268611499835
1790653380,5.461698038896805e-05,5.543628090545316e-05,5.4609118856490776e-05,5.543628090545316e-05,8.549349542852472
1790653500,5.543628090545316e-05,5.543628090545316e-05,5.423181336918442e-05,5.4643209925094714e-05,117.63515566495663
1790653560,5.4643209925094714e-05,5.4962602790192313e-05,5.3716683265423934e-05,5.431040239957391e-05,154.406847098866
1790653620,5.431040239957391e-05,5.6547233568006996e-05,5.425219018127346e-05,5.6547233568006996e-05,229.2704097452391
1790653680,5.6547233568006996e-05,5.6547233568006996e-05,5.5830023641094005e-05,5.5830023641094005e-05,4.53016243564918
1790653800,5.5830023641094005e-05,6.0482974861267674e-05,5.576269711748895e-05,5.968197419059693e-05,527.6571614346378
1790653860,5.968197419059693e-05,5.968197419059693e-05,5.953875858456886e-05,5.953875858456886e-05,22.102619166031772
1790653980,5.953875858456886e-05,6.0480384546684416e-05,5.953875858456886e-05,5.975559319355578e-05,33.252491746604996
1790654040,5.975559319355578e-05,5.975559319355578e-05,5.966860558844845e-05,5.966860558844845e-05,1.6017026838715094
1790654100,5.966860558844845e-05,6.048947728486403e-05,5.966860558844845e-05,6.048947728486403e-05,0.4713196151657565
1790654280,6.048947728486403e-05,6.048947728486403e-05,5.952508508127085e-05,5.952508508127085e-05,22.019036935542506
1790654340,5.952508508127085e-05,5.952508508127085e-05,5.8942958154146986e-05,5.8942958154146986e-05,67.23901163742495
1790654460,5.8942958154146986e-05,6.0346182278664596e-05,5.8942958154146986e-05,6.0346182278664596e-05,144.25435105611245
1790654520,6.0346182278664596e-05,6.0346182278664596e-05,5.962261218178533e-05,6.0015321741436526e-05,116.30353089432553
1790654700,6.0015321741436526e-05,6.0015321741436526e-05,5.984472058312291e-05,5.984472058312291e-05,11.372745471500846
1790654760,5.984472058312291e-05,5.995346218163239e-05,5.984472058312291e-05,5.994832441909169e-05,7.090642103558864
1790654820,5.994832441909169e-05,6.019020792689688e-05,5.994832441909169e-05,6.019020792689688e-05,28.978130328311508
1790654880,6.019020792689688e-05,6.0211699425268885e-05,5.9323177972861404e-05,5.9323177972861404e-05,24.149642837548374
1790655000,5.9323177972861404e-05,5.982818017897286e-05,5.8838029996195647e-05,5.982818017897286e-05,308.4169000957331
1790655120,5.982818017897286e-05,5.982818017897286e-05,5.97055882878945e-05,5.97055882878945e-05,1.2240057863120222
1790655180,5.97055882878945e-05,6.052987951420531e-05,5.97055882878945e-05,5.972764520844119e-05,13.846648238263638
1790655240,5.972764520844119e-05,5.972764520844119e-05,5.970276068930937e-05,5.970276068930937e-05,1.9108336150635183
1790655300,5.970276068930937e-05,6.056253430902265e-05,5.970276068930937e-05,5.970325490884678e-05,8.759989829330747
1790655360,5.970325490884678e-05,5.970325490884678e-05,5.955246812961514e-05,5.955246812961514e-05,14.148280795904428
1790655480,5.955246812961514e-05,5.957046868783932e-05,5.955246812961514e-05,5.957046868783932e-05,19.52242372080488
1790655660,5.957046868783932e-05,5.957046868783932e-05,5.9433304497458476e-05,5.9433304497458476e-05,1.4038964497520494
1790655780,5.9433304497458476e-05,5.951205784044339e-05,5.9433304497458476e-05,5.951205784044339e-05,3.428978127277722
1790656080,5.951205784044339e-05,5.951205784044339e-05,5.928835136108585e-05,5.928835136108585e-05,28.967885726054178
1790656140,5.928835136108585e-05,5.928835136108585e-05,5.9192660015461845e-05,5.9192660015461845e-05,2.0558692249591317
1790656380,5.9192660015461845e-05,5.9192660015461845e-05,5.9090656121329975e-05,5.9090656121329975e-05,4.542571798104917
1790656440,5.9090656121329975e-05,5.9090656121329975e-05,5.889305522905906e-05,5.889305522905906e-05,37.04126147011213
1790656500,5.889305522905906e-05,5.889305522905906e-05,5.865743822247904e-05,5.865743822247904e-05,11.631769999517594
1790656740,5.865743822247904e-05,5.865743822247904e-05,5.854780002244654e-05,5.854780002244654e-05,35.79557191907355
1790656860,5.854780002244654e-05,5.854780002244654e-05,5.830350008118652e-05,5.830350008118652e-05,7.453733379738612
1790657040,5.830350008118652e-05,5.912449859387898e-05,5.830350008118652e-05,5.912449859387898e-05,0.9866244035939671
1790657100,5.912449859387898e-05,5.91269234525474e-05,5.828197072604863e-05,5.91269234525474e-05,14.459970541135817
1790657160,5.91269234525474e-05,5.912817968856076e-05,5.9125737651801506e-05,5.912817968856076e-05,1.9697909460586627
1790657220,5.912817968856076e-05,5.912817968856076e-05,5.769570221895909e-05,5.769570221895909e-05,97.07411573050499
1790657280,5.769570221895909e-05,5.769570221895909e-05,5.7397312876710007e-05,5.7397312876710007e-05,13.983831327148273
1790657460,5.7397312876710007e-05,5.802600051555247e-05,5.7217431965683856e-05,5.802600051555247e-05,20.985466502646464
1790657700,5.802600051555247e-05,5.802600051555247e-05,5.7323095648194036e-05,5.7323095648194036e-05,4.135247703151023
1790657880,5.7323095648194036e-05,5.7323095648194036e-05,5.722262373759573e-05,5.726264445777e-05,10.175434432319653
1790657940,5.726264445777e-05,5.8103092849918695e-05,5.726264445777e-05,5.8103092849918695e-05,24.671191192302164
1790658000,5.8103092849918695e-05,5.8103092849918695e-05,5.741276754525684e-05,5.741276754525684e-05,7.702203445849006
1790658060,5.741276754525684e-05,5.741276754525684e-05,5.736755023687196e-05,5.736755023687196e-05,17.850897488659307
1790658180,5.736755023687196e-05,5.811708074823739e-05,5.736755023687196e-05,5.811708074823739e-05,3.4503096349629336
1790658240,5.811708074823739e-05,5.811708074823739e-05,5.8111906003571916e-05,5.8111906003571916e-05,7.206371195158141
1790658300,5.8111906003571916e-05,5.816264802018788e-05,5.8111906003571916e-05,5.816264802018788e-05,3.1698303354568083
1790658360,5.816264802018788e-05,5.816264802018788e-05,5.810832254608808e-05,5.810832254608808e-05,1.2740075395005421
1790658420,5.810832254608808e-05,5.8162750743788076e-05,5.810832254608808e-05,5.8162750743788076e-05,9.702569013585908
1790658480,5.8162750743788076e-05,5.866824531446708e-05,5.8162750743788076e-05,5.866824531446708e-05,122.16349891560361
1790658540,5.866824531446708e-05,5.866824531446708e-05,5.832285161658058e-05,5.832285161658058e-05,10.27312589213135
1790658780,5.832285161658058e-05,5.917029710924933e-05,5.832285161658058e-05,5.917029710924933e-05,0.23260881682076415
1790658840,5.917029710924933e-05,5.917029710924933e-05,5.718130746539178e-05,5.718130746539178e-05,304.3501857470497
1790659200,5.718130746539178e-05,5.718130746539178e-05,5.602974831046771e-05,5.602974831046771e-05,3.72276640310051
1790659380,5.602974831046771e-05,5.602974831046771e-05,5.572654139445496e-05,5.572654139445496e-05,52.33165750692531
1790659440,5.572654139445496e-05,5.572654139445496e-05,5.5658819771990275e-05,5.5658819771990275e-05,3.214369949135621
1790659560,5.5658819771990275e-05,5.6567812662972935e-05,5.5658819771990275e-05,5.6567812662972935e-05,32.54983475576259
1790659620,5.6567812662972935e-05,5.674510118789253e-05,5.6567812662972935e-05,5.674510118789253e-05,27.63654606589562
1790659740,5.674510118789253e-05,5.7268090964504126e-05,5.674510118789253e-05,5.7268090964504126e-05,47.35390068212425
1790659800,5.7268090964504126e-05,5.7268090964504126e-05,5.722564093475763e-05,5.722564093475763e-05,19.613617981598686
1790660040,5.722564093475763e-05,5.722564093475763e-05,5.6329602315527066e-05,5.6329602315527066e-05,0.26695681575326075
1790660100,5.6329602315527066e-05,5.712924706028717e-05,5.6329602315527066e-05,5.7082957353618445e-05,14.478131155881606
1790660220,5.7082957353618445e-05,5.7082957353618445e-05,5.6268449735436376e-05,5.6268449735436376e-05,13.790863379738623
1790660580,5.6268449735436376e-05,5.649456375872201e-05,5.6268449735436376e-05,5.649456375872201e-05,1.1950536527953135
1790660700,5.649456375872201e-05,5.763033035150645e-05,5.649456375872201e-05,5.763033035150645e-05,76.7952896356616
1790661060,5.763033035150645e-05,5.822103873796411e-05,5.7578836056163147e-05,5.7578836056163147e-05,48.581068665448235
1790661240,5.7578836056163147e-05,5.843196762928288e-05,5.7578836056163147e-05,5.843196762928288e-05,1.5071355491715117
1790661360,5.843196762928288e-05,5.846662950053941e-05,5.843196762928288e-05,5.846662950053941e-05,1.8810428780593258
1790661420,5.846662950053941e-05,5.857049137815039e-05,5.846662950053941e-05,5.857049137815039e-05,33.93317778735759
1790661480,5.857049137815039e-05,5.857049137815039e-05,5.573977280495407e-05,5.573977280495407e-05,279.35593431067485
1790661780,5.573977280495407e-05,5.581908537658773e-05,5.573977280495407e-05,5.581908537658773e-05,4.795813264909531
1790661840,5.581908537658773e-05,5.582944089779997e-05,5.581908537658773e-05,5.582944089779997e-05,1.5013222965943895
1790662020,5.582944089779997e-05,5.675657236166129e-05,5.582944089779997e-05,5.675657236166129e-05,16.607974164591816
1790662080,5.675657236166129e-05,5.6995798099662705e-05,5.675657236166129e-05,5.6995798099662705e-05,35.159293221457
1790662320,5.6995798099662705e-05,5.739075967510745e-05,5.655140620315152e-05,5.655140620315152e-05,64.71796345485194
1790662440,5.655140620315152e-05,5.707842214352166e-05,5.63507732897868e-05,5.707842214352166e-05,40.545953214657686
1790662620,5.707842214352166e-05,5.707842214352166e-05,5.616276255805817e-05,5.616276255805817e-05,0.24283976896529258
1790662680,5.616276255805817e-05,5.691122164891956e-05,5.616276255805817e-05,5.691122164891956e-05,0.9888818947247401
1790662740,5.691122164891956e-05,5.691122164891956e-05,5.614948304607662e-05,5.614948304607662e-05,2.0702482485373426
1790662800,5.614948304607662e-05,5.614948304607662e-05,5.587920174180639e-05,5.587920174180639e-05,74.46182342176033
1790662920,5.587920174180639e-05,5.650533276360012e-05,5.587920174180639e-05,5.650533276360012e-05,1.8809736296683814
