ts,o,h,l,c,v
1791325440,0.00030013252299688516,0.00030779682223326004,0.0002960328968557013,0.00030736615866525677,2149.0299531627306
1791325500,0.00030736615866525677,0.00030736615866525677,0.00029222288490635373,0.00029407678286658595,2210.6470966875327
1791325560,0.00029407678286658595,0.00030711950917958994,0.00029384642436874707,0.00030029721462168234,2123.07997872659
1791325620,0.00030029721462168234,0.00031900363892546727,0.00029850802529433044,0.0003188444225542936,2939.1659559328714
1791325680,0.0003188444225542936,0.00031885604895007166,0.00029166548509145505,0.0002994523533127327,1991.9182513124163
1791325740,0.0002994523533127327,0.0003005448651363474,0.0002882654188519192,0.00029319672595300297,1168.0921484846397
1791325800,0.00029319672595300297,0.00029319672595300297,0.00027194437788404625,0.0002840874743215101,1309.4267009871796
1791325860,0.0002840874743215101,0.00029154101597662256,0.00027894168683332833,0.00029154101597662256,1733.9134169360657
1791325920,0.00029154101597662256,0.0002987807882645157,0.00028757453236821285,0.0002946933777502824,1452.806334105532
1791325980,0.0002946933777502824,0.00029868518675949456,0.0002778701109989054,0.0002778701109989054,1061.5575913248729
1791326040,0.0002778701109989054,0.00029424510744831934,0.0002749186775564158,0.00028096343294508285,1372.3596701890544
1791326100,0.00028096343294508285,0.0002954151019149769,0.00028067546027809583,0.0002827909757598386,1148.8791652956595
1791326160,0.0002827909757598386,0.0002926599890386245,0.0002794912159517098,0.00028860333865966196,969.8626386075628
1791326220,0.00028860333865966196,0.0002925805503034138,0.00027584589410655305,0.00027926226588164457,1216.9537073948977
1791326280,0.00027926226588164457,0.00027926226588164457,0.0002570397039106555,0.0002696252901229397,1443.370537349257
1791326340,0.0002696252901229397,0.00027308952164321497,0.0002575224364611824,0.0002678282263970433,1185.259028102871
1791326400,0.0002678282263970433,0.0002747888516900557,0.0002637398705756387,0.0002678193545344829,1825.827862925958
1791326460,0.0002678193545344829,0.00027543632366216895,0.00026386938329265664,0.00027189871024775814,940.1863207035966
1791326520,0.00027189871024775814,0.000290508242093549,0.00027189871024775814,0.0002870319715119218,1348.2016295824135
1791326580,0.0002870319715119218,0.0002870319715119218,0.00027368910832319414,0.0002806163580426382,1231.0166986597512
1791326640,0.0002806163580426382,0.00028501961711226414,0.00027335506256561445,0.00027626200731862004,1200.830263099904
1791326700,0.00027626200731862004,0.0002957772872274383,0.00027250859859573404,0.0002923673786097066,1798.4933746126862
1791326760,0.0002923673786097066,0.00029371502456565426,0.00028514089630246267,0.0002897234469869383,1012.131103528574
1791326820,0.0002897234469869383,0.0002938530213463605,0.00028495675195474565,0.0002938530213463605,1433.3417677626808
1791326880,0.0002938530213463605,0.0003032427882866275,0.00028965407453120453,0.0003008954758901072,1435.4438223452737
1791326940,0.0003008954758901072,0.00030110905533875607,0.00028463155749643127,0.0002938368987212341,1253.7052155950637
1791327000,0.0002938368987212341,0.0002938823687436812,0.0002797089592957302,0.00028202724465798274,1209.1463193287236
1791327060,0.00028202724465798274,0.0002922270797874381,0.00027828753280753236,0.0002848760826781277,1063.1130632702036
1791327120,0.0002848760826781277,0.00028950320416067153,0.00027499017040490673,0.0002856574117894142,1347.3761913544072
1791327180,0.0002856574117894142,0.000286320705912304,0.000273935297998275,0.00028023556657906805,1191.2437914840013
1791327240,0.00028023556657906805,0.00028570276015624316,0.00027366291191314573,0.0002790929638460435,1395.1617424683857
1791327300,0.0002790929638460435,0.000288013288123169,0.00027318453788818196,0.000286437640191685,875.9620274679334
1791327360,0.000286437640191685,0.00029582237383299153,0.0002861824349845305,0.0002862329978292521,1314.9544796413145
1791327420,0.0002862329978292521,0.00029020431586027995,0.00027920385124508804,0.00028693085725800104,1014.2604810975098
1791327480,0.00028693085725800104,0.00028789232273586124,0.0002785317488900172,0.0002842195627987871,1020.674966626744
1791327540,0.0002842195627987871,0.0002900402539899283,0.00027761685765262265,0.00029002444903117894,727.2233482236275
1791327600,0.00029002444903117894,0.00029818220482335345,0.00028163980759497205,0.0002879327617452599,1287.0217313208448
1791327660,0.0002879327617452599,0.0003097830927891996,0.0002875394275585541,0.0003097121483055076,977.1225508781876
1791327720,0.0003097121483055076,0.0003097596224919646,0.0002990647110053928,0.0002990647110053928,903.1665011225008
1791327780,0.0002990647110053928,0.0003040492503884339,0.0002929505382071547,0.0003017321486319186,1077.414092739495
1791327840,0.0003017321486319186,0.0003189908668385659,0.0002938621643666318,0.0003188492644502388,1210.836956105554
1791327900,0.0003188492644502388,0.0003196801989229049,0.00030485663664568983,0.000311112046923589,1285.5973323753456
1791327960,0.000311112046923589,0.0003183096942951745,0.0003064501365515529,0.0003172147316937447,1005.4875759274187
1791328020,0.0003172147316937447,0.0003332139974411709,0.000310582372454132,0.0003287293059288726,1363.6917040217486
1791328080,0.0003287293059288726,0.0003311339152946926,0.0003183711220304031,0.0003183711220304031,982.6358301261331
1791328140,0.0003183711220304031,0.00032542295845425435,0.00031590574950085494,0.00032108783291434195,1315.8143428951287
1791328200,0.00032108783291434195,0.00033007648795202964,0.0003084243375265778,0.0003154151992140802,1265.995286902568
1791328260,0.0003154151992140802,0.00032729694798265053,0.00030990874915689224,0.00031247919296772784,1360.6146411951622
1791328320,0.00031247919296772784,0.0003126004656558333,0.0002999970990360026,0.00030797766947853004,1175.6022040991586
1791328380,0.00030797766947853004,0.0003091189787155495,0.00029659636900460095,0.00029867065641178827,1375.682394605145
1791328440,0.00029867065641178827,0.00030069885619780695,0.0002875059551061157,0.00029572612813224007,1038.2175345106089
1791328500,0.00029572612813224007,0.00029917092062923156,0.0002897187133338277,0.00029699937898684694,1230.5324452662676
1791328560,0.00029699937898684694,0.00030100577387645166,0.00028631062058148037,0.00030100577387645166,929.3449987973128
1791328620,0.00030100577387645166,0.00032325391648492546,0.00029703322444345816,0.00031010683575199765,1997.3162132200866
1791328680,0.00031010683575199765,0.00031010683575199765,0.0002970596792326474,0.00030709020210242826,1157.1783778936299
1791328740,0.00030709020210242826,0.00032173519651061016,0.0003005742148744272,0.00032173519651061016,1232.754831557883
1791328800,0.00032173519651061016,0.00032173519651061016,0.00030564586476461534,0.00030959591355940604,898.6760794617508
1791328860,0.00030959591355940604,0.0003183182605454898,0.0003024279342230825,0.00031117322508732805,1743.4541236891394
1791328920,0.00031117322508732805,0.00031984192432029995,0.0002973978773538726,0.00030325048772780354,1582.75092809482
1791328980,0.00030325048772780354,0.0003078118217175038,0.0002978876262427297,0.0003029657871264474,971.0422223963515
1791329040,0.0003029657871264474,0.00030382715313001084,0.00029504397720892623,0.000299825690405479,1032.1091121424543
1791329100,0.000299825690405479,0.00030328166286481536,0.00029250105315699337,0.0002967951053141241,1008.0990573951395
1791329160,0.0002967951053141241,0.00030811502296135913,0.00029264990943794484,0.00030811502296135913,1123.3427798563362
1791329220,0.00030811502296135913,0.0003082547079568247,0.00030028415102968165,0.0003068785286409375,752.3820794822398
1791329280,0.0003068785286409375,0.0003207313149930243,0.0002983720113878509,0.00031695431588921283,1334.7848521070825
1791329340,0.00031695431588921283,0.0003289320642765137,0.00031109625358381775,0.0003263931185676828,1139.2248451900825
1791329400,0.0003263931185676828,0.00032953923009976813,0.00031817448965535273,0.00032337555326986887,1038.0377495305079
1791329460,0.00032337555326986887,0.0003263301511260944,0.00031516214218951165,0.000317504903400416,1434.11174824903
1791329520,0.000317504903400416,0.00032337673016633397,0.00030748609399786417,0.00031250038870686125,1178.6398095611057
1791329580,0.00031250038870686125,0.00031652032336953063,0.0003020571002829059,0.0003081729777757051,1128.3900810932757
1791329640,0.0003081729777757051,0.0003166598086987512,0.0003045252033331942,0.00031555485002778303,1330.9186934920224
1791329700,0.00031555485002778303,0.0003211586447218253,0.0003098736038340956,0.0003167594331434736,996.9074408154448
1791329760,0.0003167594331434736,0.0003224771288801234,0.00030404346751173537,0.000311123745598855,1379.1928082641773
1791329820,0.000311123745598855,0.0003113199620775921,0.00029567119398254716,0.0003022630709318354,1289.5600806189143
1791329880,0.0003022630709318354,0.0003147498077763778,0.0002983188886081089,0.000311082006780238,1106.1054896223052
1791329940,0.000311082006780238,0.00031744895510306853,0.00030496037299671284,0.00031258031481477084,1104.958039812504
1791330000,0.00031258031481477084,0.00032561372129841866,0.00030495707877015524,0.00032561372129841866,1455.0846880755246
1791330060,0.00032561372129841866,0.0003293002592567467,0.0003150093087494162,0.00032564644376551887,1248.1278975999778
1791330120,0.00032564644376551887,0.00032784990450973855,0.0003139292897080382,0.00031815332778479415,875.3720985167688
1791330180,0.00031815332778479415,0.00032682194241327067,0.00031203145668927976,0.0003186364230516508,1276.389058717883
1791330240,0.0003186364230516508,0.0003230364861574452,0.00030818842760750776,0.00031224639470035434,1117.1087419255116
1791330300,0.00031224639470035434,0.0003122788441578468,0.0002943024297693864,0.0003006976114945431,1313.8810403034076
1791330360,0.0003006976114945431,0.00030276786813215027,0.0002917554566899037,0.0002957966685440275,1240.39474677601
1791330420,0.0002957966685440275,0.0002957966685440275,0.00027771000251138386,0.0002798081280216854,1441.6806643486948
1791330480,0.0002798081280216854,0.00028740485087988944,0.0002728500226324002,0.00027758126771338694,1675.552328211335
1791330540,0.00027758126771338694,0.0002945044249252427,0.00027758126771338694,0.0002876921259384653,1671.9444522125305
1791330600,0.0002876921259384653,0.00029331380770379714,0.0002816293681362521,0.0002864542197073946,909.2731796668314
1791330660,0.0002864542197073946,0.0002960362179927978,0.0002842965625025558,0.0002938969668623294,1413.8219000793888
1791330720,0.0002938969668623294,0.00029417383808179505,0.00028225832860399386,0.0002890121132357503,1000.7375225086656
1791330780,0.0002890121132357503,0.00030177046530153204,0.0002813362542651004,0.00029390519483360635,1366.5321351757707
1791330840,0.00029390519483360635,0.0003107303796749024,0.0002866994094564637,0.0003072795482832033,1496.4237105236673
1791330900,0.0003072795482832033,0.00030914525534372076,0.00029351500879605904,0.00030845196372215677,1506.7692866948657
1791330960,0.00030845196372215677,0.0003226087737127703,0.0003021257953675267,0.0003226087737127703,1229.4353780709616
1791331020,0.0003226087737127703,0.0003226170015792475,0.0003083192227404458,0.0003138562324637004,1174.0061191640234
1791331080,0.0003138562324637004,0.00033250837457426816,0.00030983902699397364,0.0003304344797011829,1495.9107035665832
1791331140,0.0003304344797011829,0.0003388712672446301,0.00032347207046355534,0.0003284259045603482,1224.7475290729335
1791331200,0.0003284259045603482,0.000335504988569358,0.00031341346209190534,0.00031963079788919336,1440.4136112878086
1791331260,0.00031963079788919336,0.0003270973853627436,0.00030201139089797434,0.00030201139089797434,1515.8087135108278
1791331320,0.00030201139089797434,0.0003172573941506517,0.00030190084162203516,0.00031291940484217936,1689.8672473938395
1791331380,0.00031291940484217936,0.00031301045292475305,0.0003017248171640746,0.0003121849579881786,972.8525231225575
1791331440,0.0003121849579881786,0.00032088780017476445,0.00030795632007920155,0.00031111018986128915,1432.26395757372
1791331500,0.00031111018986128915,0.00032162693390339894,0.00030644784645547657,0.00032157241047004397,1634.0365136894927
1791331560,0.00032157241047004397,0.0003217071749685781,0.00030762140617725795,0.00031354705143567474,932.4119084259063
1791331620,0.00031354705143567474,0.00032102182203493676,0.0003071729026888986,0.00031804396017841465,1287.8989490772713
1791331680,0.00031804396017841465,0.0003214128504037305,0.00029719355069627397,0.00029719355069627397,1242.447402779207
1791331740,0.00029719355069627397,0.0003058766318042152,0.0002918804386460296,0.00030055514940032825,1402.796724924842
1791331800,0.00030055514940032825,0.00030716153092726615,0.00029238860840754264,0.00029924631990850304,1180.209424102365
1791331860,0.00029924631990850304,0.000305848309065553,0.00029189144035011283,0.0002984504019437002,1419.3567643893768
1791331920,0.0002984504019437002,0.0003038397318839263,0.00029385378570393855,0.0003038060278529297,1028.1130484306827
1791331980,0.0003038060278529297,0.00031606134826095796,0.0002998534570105023,0.0003102646730913444,1177.742946747174
1791332040,0.0003102646730913444,0.00031223812131960665,0.000302708939097028,0.00030789009734853793,1042.5391601846725
1791332100,0.00030789009734853793,0.0003187616671340023,0.00030639023693367843,0.00031005626525056084,1456.9128767197526
1791332160,0.00031005626525056084,0.00031789901164736104,0.0003090317876777304,0.00031304185682876464,1191.7131663975738
1791332220,0.00031304185682876464,0.0003247387917599856,0.00030786948525773043,0.00032456136009633113,1455.2658374659868
1791332280,0.00032456136009633113,0.00033081083946719694,0.0003188182069926932,0.0003194622685539428,1699.50218469268
1791332340,0.0003194622685539428,0.0003316735489402112,0.00031925883273852505,0.00032729846163003385,1249.871147802674
1791332400,0.00032729846163003385,0.0003274192782919919,0.00031435698666332435,0.00031435698666332435,1625.9462554433803
1791332460,0.00031435698666332435,0.00032489995713798114,0.00031346846075135625,0.00032489995713798114,1274.2432608054633
1791332520,0.00032489995713798114,0.0003350760694862623,0.0003188173432204519,0.0003321783754984802,1269.5911008522612
1791332580,0.0003321783754984802,0.0003417938786767772,0.00032419835717631385,0.00032872370711329956,1623.710982421178
1791332640,0.00032872370711329956,0.0003503955557322275,0.0003284041049389357,0.0003465567122297221,1390.472288234876
1791332700,0.0003465567122297221,0.0003532501763531346,0.00033970648760910403,0.00034911455143756453,1352.730487385862
1791332760,0.00034911455143756453,0.0003527799584751219,0.00033964350154208335,0.0003460343292564069,1203.1600519915216
1791332820,0.0003460343292564069,0.00035447554130832253,0.00034192321475141576,0.000348185665479759,1894.6536858925097
1791332880,0.000348185665479759,0.0003485222203365144,0.00033243999967361404,0.00033837562121668207,1569.1206530552656
1791332940,0.00033837562121668207,0.0003446350676904767,0.0003293433001417045,0.0003365600752503901,1295.993229202349
1791333000,0.0003365600752503901,0.0003438767499268467,0.00032571645850176025,0.00032571645850176025,1412.1915461077288
1791333060,0.00032571645850176025,0.0003435042638720477,0.00032571645850176025,0.00033305956553293154,1408.624387645709
1791333120,0.00033305956553293154,0.0003334064364381711,0.00032349794129213284,0.0003325404088356486,1351.1264737223491
1791333180,0.0003325404088356486,0.00033355790098144316,0.0003240117961106436,0.00032955370286968645,919.1239822003587
1791333240,0.00032955370286968645,0.0003339635911142068,0.000323456903626495,0.0003306935452992818,1311.3095521070102
1791333300,0.0003306935452992818,0.00034035786398781565,0.00032306708105325646,0.0003324496294992723,1383.3759886257983
1791333360,0.0003324496294992723,0.00034453679724024804,0.0003279358292856844,0.00033863964247096007,1250.0023268370533
1791333420,0.00033863964247096007,0.0003428641308004297,0.00032950189847370207,0.00033844526281176805,1446.0087855594993
1791333480,0.00033844526281176805,0.0003437833398189506,0.00032816683302338775,0.0003394764910995823,1228.2778356810236
1791333540,0.0003394764910995823,0.000339565336836965,0.0003228014848480447,0.0003274290435243,1200.9563070427735
1791333600,0.0003274290435243,0.0003318615488952723,0.0003175389095311149,0.0003318615488952723,1372.680622123675
1791333660,0.0003318615488952723,0.0003384367652284879,0.0003202712328741384,0.00033823244417916117,1150.5363514213377
1791333720,0.00033823244417916117,0.00035286026338122187,0.00033352873871347855,0.00035286026338122187,799.1178201515321
1791333780,0.00035286026338122187,0.00035287480699940777,0.0003281140579584675,0.0003413195079876276,1649.7834409510099
1791333840,0.0003413195079876276,0.00034599015064492363,0.00034104233170157946,0.00034583994029024163,187.73013878800194
1791333900,0.00034583994029024163,0.00034609451792444175,0.0003074270701990169,0.00031190872139418653,1636.9802112595064
1791333960,0.00031190872139418653,0.0003361351492903081,0.00029028117836469615,0.00033581624941519245,2781.6553270130185
1791334020,0.00033581624941519245,0.0003500853526663373,0.0003312756781674223,0.00034685684268438054,969.7437403511871
1791334080,0.00034685684268438054,0.0003474038583604389,0.0003241810033084287,0.0003248742292843033,1018.5932015584139
1791334140,0.0003248742292843033,0.0003302995299670658,0.00031431789557338134,0.00031875393799301726,678.7194366133208
1791334200,0.00031875393799301726,0.00031875393799301726,0.00030518840591604917,0.0003131317263725111,1290.2935650042746
1791334260,0.0003131317263725111,0.00031834303522293233,0.0003076596207129169,0.00031374493956701894,1065.8478422962635
1791334320,0.00031374493956701894,0.00032441616952343067,0.00030959416853540493,0.00031845637519477586,1253.7140714190766
1791334380,0.00031845637519477586,0.00032856253328296354,0.0003126750064054135,0.00032509330164633187,1537.6300605078784
1791334440,0.00032509330164633187,0.00033368200264568653,0.0003165514974971922,0.00033121743936609485,1214.4998208947106
1791334500,0.00033121743936609485,0.00033349212454971,0.0003225135750543794,0.0003268157867208847,1219.93280916361
1791334560,0.0003268157867208847,0.00033367388810111347,0.0003198554591189016,0.00032650356032489105,1527.7840180847752
1791334620,0.00032650356032489105,0.00032742624859412106,0.00031562425022739574,0.0003173175900962771,1333.1549725077152
1791334680,0.0003173175900962771,0.00032459788230728337,0.0003119369815014602,0.00032178443859639036,1463.0398130879278
1791334740,0.00032178443859639036,0.00033195830211320206,0.0003168654279447474,0.0003223394631297537,1335.9930988867386
1791334800,0.0003223394631297537,0.0003343888582024017,0.00031807294490058266,0.00032995272292278224,1256.1744014692254
1791334860,0.00032995272292278224,0.0003415018826384106,0.0003248418417739695,0.00033522530618128993,1518.9627338017144
1791334920,0.00033522530618128993,0.000339297569649921,0.00032790395624521116,0.0003321619871616767,1125.5464126860527
1791334980,0.0003321619871616767,0.0003392087502963446,0.0003174835199260659,0.00032172132869788176,1331.6075122813206
1791335040,0.00032172132869788176,0.00032473920577528364,0.00031183308809076685,0.00032328500036329086,1224.067884677636
1791335100,0.00032328500036329086,0.00033373532722521203,0.0003170332132441286,0.00032962980338801617,1226.4663223402515
1791335160,0.00032962980338801617,0.00033353254107794074,0.0003205238175054004,0.0003250526703802877,1274.457111398777
1791335220,0.0003250526703802877,0.00033198030513478203,0.0003048069967827413,0.0003048069967827413,1862.2465519940697
1791335280,0.0003048069967827413,0.0003270133215239155,0.00030011280317043744,0.0003270133215239155,1294.7655101734767
1791335340,0.0003270133215239155,0.000338171752961386,0.00032278136137085594,0.00032858651559802946,984.1082528795258
1791335400,0.00032858651559802946,0.00034305423339021576,0.00032792303168969426,0.00033229211527563006,1216.5201740214688
1791335460,0.00033229211527563006,0.0003404256965464722,0.0003259908457680547,0.00033063184062355255,1148.959432467386
1791335520,0.00033063184062355255,0.00033612339333417027,0.00032084608057281525,0.0003261586985371151,1704.7135541163868
1791335580,0.0003261586985371151,0.0003386447213892484,0.00032195492751641486,0.000330545789409258,1335.6033211605154
1791335640,0.000330545789409258,0.0003407342717292243,0.0003300647376044602,0.00033690653209389785,1075.862287224447
1791335700,0.00033690653209389785,0.0003459752393583008,0.00032640009382864295,0.0003459752393583008,1400.8271243551753
1791335760,0.0003459752393583008,0.0003459752393583008,0.0003300061952768838,0.00034400887982962824,1364.4654810381237
1791335820,0.00034400887982962824,0.0003463802280792425,0.00032674061173257546,0.0003315740865285399,1410.5116880425471
1791335880,0.0003315740865285399,0.0003320790768754579,0.00032145323539363614,0.0003303750750379494,1151.4818418131008
1791335940,0.0003303750750379494,0.0003306407189200331,0.00031261117509156594,0.00031560260522993003,1277.6403535887048
1791336000,0.00031560260522993003,0.0003260862955608317,0.00031065677281584856,0.00032082961507251567,1455.0611552093903
1791336060,0.00032082961507251567,0.00033574573496297116,0.00031331746052103886,0.00033543790886287635,1492.447301221264
1791336120,0.00033543790886287635,0.000335543489482116,0.0003161733506912775,0.0003203950141395354,1144.3165355536075
1791336180,0.0003203950141395354,0.0003255975001088936,0.0003129088510217893,0.0003229045819585474,1063.3224920770874
1791336240,0.0003229045819585474,0.0003317156717668495,0.00031299413483374706,0.0003208277309363434,1406.1708646933157
1791336300,0.0003208277309363434,0.00032441141275226274,0.00030692617947876086,0.0003109135377804411,1516.322508423692
1791336360,0.0003109135377804411,0.0003109135377804411,0.0002972456243645261,0.0003035239986030536,1271.1364794268552
1791336420,0.0003035239986030536,0.0003284299880319666,0.00030115729482437756,0.0003282429999867766,1315.5411545605716
1791336480,0.0003282429999867766,0.00034047473186812053,0.0003233892763615732,0.00034047473186812053,992.2406492392372
1791336540,0.00034047473186812053,0.00034210144923966477,0.0003264240009908193,0.0003264240009908193,1158.0952072876944
1791336600,0.0003264240009908193,0.0003418729945456951,0.0003264240009908193,0.00033598609791069044,1472.1865486380202
1791336660,0.00033598609791069044,0.00033598609791069044,0.0003198183107996664,0.00032408319616279637,1582.266934461735
1791336720,0.00032408319616279637,0.00032411850927608916,0.0003090410723121806,0.0003181158637688787,1418.6271093101443
1791336780,0.0003181158637688787,0.00032127570814855313,0.00030953114318701594,0.0003146841209808427,1418.4938596723455
1791336840,0.0003146841209808427,0.00032127064264723677,0.00030917340728833044,0.00031647572461432176,1101.023247087998
1791336900,0.00031647572461432176,0.0003165738050129138,0.00029808838872856286,0.00030791600661799894,1391.8463822512035
1791336960,0.00030791600661799894,0.0003140464611373322,0.0003001818888629332,0.00031209757030097805,1462.5469922766804
1791337020,0.00031209757030097805,0.00032161780994088157,0.00030967114533539977,0.0003196938302343068,1794.4426585728572
1791337080,0.0003196938302343068,0.0003270388107428076,0.00031408764379753823,0.00032683354557792556,1471.6929854858124
1791337140,0.00032683354557792556,0.00032683354557792556,0.00031200233173779156,0.00032289093817131114,1436.6340011475913
1791337200,0.00032289093817131114,0.0003263798459883108,0.00031496637195694546,0.000326352164971131,881.3083156306639
1791337260,0.000326352164971131,0.00032641491545362325,0.00031313367861759045,0.00031313367861759045,1193.2362057126334
1791337320,0.00031313367861759045,0.00031931171759521065,0.00030825968724854314,0.0003101134118833422,1082.985050850614
1791337380,0.0003101134118833422,0.000325034761556998,0.0003101134118833422,0.0003216574265926856,1649.5632579489413
1791337440,0.0003216574265926856,0.00033125956058274275,0.0003139956187180627,0.0003267439368791883,1944.20443064943
1791337500,0.0003267439368791883,0.0003379496393247895,0.000321414218683056,0.0003277321254336515,1553.805640047628
1791337560,0.0003277321254336515,0.0003277321254336515,0.0003099398006100346,0.0003140465555716832,1776.726725881028
1791337620,0.0003140465555716832,0.0003206671602435978,0.00030231146792664794,0.00030958645323385083,1919.8797728146278
1791337680,0.00030958645323385083,0.0003331958939112944,0.00030958645323385083,0.0003289331205030506,1593.7487763106428
1791337740,0.0003289331205030506,0.00032990804365367574,0.00031947187175068075,0.0003250808454784362,1228.2144656469727
1791337800,0.0003250808454784362,0.0003269690673741338,0.0003024523030524133,0.0003093138137104638,1646.058937059229
1791337860,0.0003093138137104638,0.00031374300993547964,0.00030216079814810316,0.00030962908896088625,1846.958133188451
1791337920,0.00030962908896088625,0.0003172255208560394,0.00030340210954590076,0.00031233263494853235,1276.8273606596501
1791337980,0.00031233263494853235,0.00032185780341511595,0.00030784849906158584,0.0003191043271403353,1481.1365115172916
1791338040,0.0003191043271403353,0.00032581068402250254,0.0003135768655749913,0.0003188413972080509,1490.1431205472613
1791338100,0.0003188413972080509,0.00032639886974294047,0.0003147229891797534,0.0003180184576665578,1419.772115698864
1791338160,0.0003180184576665578,0.00032354517569238523,0.00030962254311210386,0.00031260364229444436,1591.04516688486
1791338220,0.00031260364229444436,0.0003129988005944614,0.000295987073306723,0.00030954473991321395,1464.4948381325207
1791338280,0.00030954473991321395,0.0003096531573012155,0.0002842116684539116,0.000288217015150538,1495.4407842273038
1791338340,0.000288217015150538,0.00030709608391768094,0.00028430756948247976,0.00029196917128898977,1951.3367337314007
1791338400,0.00029196917128898977,0.00030538104045352575,0.00029027801176949823,0.0002975285537328698,1734.107545509728
1791338460,0.0002975285537328698,0.00030582864357434287,0.00029713381596096686,0.00030467451901388575,293.1388129335767
1791338520,0.00030467451901388575,0.0003171190936686354,0.0002993482859799122,0.00030330088154868285,1447.5326204069843
1791338580,0.00030330088154868285,0.000327303063393179,0.00029927746817397303,0.00032176337210106136,1862.5412106864876
1791338640,0.00032176337210106136,0.00032631140426919866,0.00031074492633966107,0.00031442778200290757,1715.210385431291
1791338700,0.00031442778200290757,0.00032290875309119396,0.00031119493257462667,0.0003227604803027525,1179.0509826212417
1791338760,0.0003227604803027525,0.00032776250454558397,0.00031224224388476726,0.0003275976261091634,1435.7717119213123
1791338820,0.0003275976261091634,0.0003411962012194651,0.00032751877223639896,0.0003367176713853247,1441.1195942834058
1791338880,0.0003367176713853247,0.0003411006031330779,0.0003220748072380611,0.00032941669020189343,1265.1855435697428
1791338940,0.00032941669020189343,0.00032941669020189343,0.0003153416717230963,0.0003196191456563158,1310.7552828770415
1791339000,0.0003196191456563158,0.00032188275521500957,0.0003086993769292076,0.0003194946065248953,1409.5060957984676
1791339060,0.0003194946065248953,0.000325043953966629,0.00031281233242234663,0.0003218278842164888,982.37539326321
1791339120,0.0003218278842164888,0.0003280489027604026,0.0003172539167534266,0.00032533168736694325,1054.8655092867518
1791339180,0.00032533168736694325,0.00034868613116075014,0.00031947569639306246,0.0003376899580669994,1897.6813981999853
1791339240,0.0003376899580669994,0.0003430023570203709,0.00032470473251115686,0.00032508671122923635,1496.4328009483304
1791339300,0.00032508671122923635,0.000342903799484784,0.00032042486587392565,0.0003343541444039183,1525.7672148394765
1791339360,0.0003343541444039183,0.00034886013628104433,0.00032909007805157126,0.00034847282806073566,1393.1709018701995
1791339420,0.00034847282806073566,0.00034850252322556253,0.00033548339280278577,0.00033770497260710676,1386.2336593007922
1791339480,0.00033770497260710676,0.0003501662437188748,0.00033415102440983085,0.0003449769642308845,1676.3745382849656
1791339540,0.0003449769642308845,0.00034506634338890243,0.0003262442736203051,0.0003329019190001832,1636.9678958985442
1791339600,0.0003329019190001832,0.00033358948244336485,0.00032098755048288904,0.00032678576431875364,1301.8025619039736
1791339660,0.00032678576431875364,0.00032984094280162423,0.0003164990398750259,0.0003298178978364028,1368.4272855539273
1791339720,0.0003298178978364028,0.0003348359536470569,0.0003155080881973317,0.00031968364806792124,1598.9168513355596
1791339780,0.00031968364806792124,0.00033388804023296156,0.000315669602261227,0.00032451312937028425,1643.7293922967262
1791339840,0.00032451312937028425,0.0003425173934183278,0.00032413007920361144,0.00033804141449898697,1718.527813150321
1791339900,0.00033804141449898697,0.0003541438955496824,0.00033686303379200713,0.0003488457203936782,1541.3793300010623
1791339960,0.0003488457203936782,0.00035209789286355224,0.00033364133814368474,0.0003379999694923225,1557.2906578638044
1791340020,0.0003379999694923225,0.0003473949211407937,0.0003334036435169367,0.00034735352500100394,1203.5402397326036
1791340080,0.00034735352500100394,0.00035499514723465186,0.0003417626669898507,0.0003532965554638831,1247.6821853982922
1791340140,0.0003532965554638831,0.00035379320744129144,0.00033337998675450636,0.00033794650450714417,1588.929671779556
1791340200,0.00033794650450714417,0.00033909125446631306,0.00033003118829228644,0.00033205760127041667,1292.7768499719657
1791340260,0.00033205760127041667,0.00035370896056044796,0.00033030054335294294,0.0003526846351718235,1672.8258024373315
1791340320,0.0003526846351718235,0.0003526846351718235,0.0003321247178182367,0.0003382371190000176,1585.1672206587098
1791340380,0.0003382371190000176,0.0003482791221939257,0.00032335466928852454,0.0003280795096755892,1657.261876288142
1791340440,0.0003280795096755892,0.0003281295847679841,0.0003067647398019423,0.0003161663654647501,1487.8059676033574
1791340500,0.0003161663654647501,0.0003218542697113794,0.0003079450877165867,0.000321791083053052,1422.6871956732352
1791340560,0.000321791083053052,0.00033147283974058927,0.00031514055203131573,0.0003260823915061782,1706.7896641635762
1791340620,0.0003260823915061782,0.0003279687006169179,0.00031192663920519384,0.00032359832846843293,1284.9652745985934
1791340680,0.00032359832846843293,0.00034159778839455425,0.0003232825023164403,0.00033555180242440813,1384.9142813977162
1791340740,0.00033555180242440813,0.0003496452730158216,0.00033341657107028655,0.0003452714708913473,1994.9397356446893
1791340800,0.0003452714708913473,0.00034887538051074873,0.0003327222100394396,0.0003393228016014446,2067.001725516615
1791340860,0.0003393228016014446,0.00034964890673406466,0.0003335790917249094,0.00034956677172563467,1572.4305461457848
1791340920,0.00034956677172563467,0.0003507348636762546,0.00033791924629057057,0.00033824651911727694,1691.862112102053
1791340980,0.00033824651911727694,0.0003429798146634607,0.0003150143013211629,0.0003196265994084678,1464.9173426271375
1791341040,0.0003196265994084678,0.00033482732001241267,0.0003122450301902571,0.0003235594266995896,2353.642947406154
1791341100,0.0003235594266995896,0.00034467104776948667,0.00031542756176135284,0.00034020179125313614,1757.433452111609
1791341160,0.00034020179125313614,0.0003618157071879358,0.0003399383581363709,0.0003576963890111172,1523.4065209163218
1791341220,0.0003576963890111172,0.0003589671250777153,0.0003396480411990139,0.00034233742864657604,1916.5814954330397
1791341280,0.00034233742864657604,0.00035133523716918374,0.00033503577281262316,0.0003396332391718543,1300.4540334894211
1791341340,0.0003396332391718543,0.00033979299287787047,0.00032498857635882087,0.0003384478441389705,1539.9408213430308
1791341400,0.0003384478441389705,0.0003527086532352846,0.0003339456272904244,0.00034512561549566794,1969.9647061030078
1791341460,0.00034512561549566794,0.0003517048921027279,0.0003243198300513436,0.00032856180108493764,1773.4067918035903
1791341520,0.00032856180108493764,0.00034168309814750343,0.0003209317587447583,0.0003416142426202545,1289.9552444357055
1791341580,0.0003416142426202545,0.0003531084273604613,0.0003321338768732354,0.0003469354566841158,1865.323054151654
1791341640,0.0003469354566841158,0.00035375989769266395,0.00034027993300556135,0.0003477754315672119,1724.381045039786
1791341700,0.0003477754315672119,0.0003651392195726092,0.00034622146192857337,0.0003552995529332909,1966.8627475581075
1791341760,0.0003552995529332909,0.0003554019467865331,0.00033850393101267454,0.00034664861370578955,1468.4527487031073
1791341820,0.00034664861370578955,0.0003513026905632729,0.00034001699510108856,0.00035029506580295665,1221.5456177349454
1791341880,0.00035029506580295665,0.00035029506580295665,0.00033878657925646456,0.00034549415477889116,1204.8296111426994
1791341940,0.00034549415477889116,0.00036251021147936193,0.0003410431629017163,0.00036245812255096977,1566.8559286605314
1791342000,0.00036245812255096977,0.00036282249862072745,0.0003505639786807493,0.0003596387755866556,1283.992434869604
1791342060,0.0003596387755866556,0.000362303189569508,0.0003426213794857926,0.00034552893470782384,1744.093749630058
1791342120,0.00034552893470782384,0.0003589375740560149,0.00034094737438176943,0.00035254428454974986,1294.1584422689068
1791342180,0.00035254428454974986,0.0003573029927301127,0.00034147742619154427,0.000350097234699193,1469.5294044376183
1791342240,0.000350097234699193,0.00037297389919387975,0.00035000007784222447,0.0003676554688054196,1790.3637909990277
1791342300,0.0003676554688054196,0.0003752417724910194,0.0003565727123009538,0.00036249469178925516,1437.3040759122225
1791342360,0.00036249469178925516,0.0003713886981815564,0.0003579397622404835,0.0003662902985018445,1158.5279553812338
1791342420,0.0003662902985018445,0.00038273858909462576,0.00035766998444413463,0.00036244410013707367,1693.0417398334641
1791342480,0.00036244410013707367,0.0003627952259415674,0.0003508022058439328,0.00035635563702865605,1137.517802476692
1791342540,0.00035635563702865605,0.0003706637965284912,0.0003487983906571092,0.0003534977064148705,1685.7683115621282
1791342600,0.0003534977064148705,0.0003543595106742075,0.000340097503189477,0.0003428425343613214,1748.149362572086
1791342660,0.0003428425343613214,0.0003533142286247547,0.00033744730967508885,0.00034729437477306105,1469.2469689491102
1791342720,0.00034729437477306105,0.0003696168592814248,0.0003395408128638263,0.0003616173794600255,1959.979117870185
1791342780,0.0003616173794600255,0.0003616173794600255,0.00034025578101700864,0.00036083176561251895,1678.8218379393047
1791342840,0.00036083176561251895,0.00036083176561251895,0.00034377214026310983,0.00035423233820074086,1264.1328244011393
1791342900,0.00035423233820074086,0.000358818445892626,0.0003312393545126904,0.0003374012407196353,1642.7809255722825
1791342960,0.0003374012407196353,0.0003381917906468004,0.000320746687705694,0.0003209116287892391,1387.8465714406027
1791343020,0.0003209116287892391,0.0003291458588148975,0.0003170281643371976,0.0003254728063553853,1653.1057858118445
1791343080,0.0003254728063553853,0.00033642521024234557,0.0003186379681281242,0.00033300332818234416,1305.013147376774
1791343140,0.00033300332818234416,0.0003422573535941684,0.0003236817380480318,0.0003414268966652358,1358.3493431625723
1791343200,0.0003414268966652358,0.0003433037771972429,0.000328807145054355,0.00034226236640255703,1281.1825235102724
1791343260,0.00034226236640255703,0.00034982953147595186,0.0003337985634905633,0.0003403985667153782,1402.4561867729938
1791343320,0.0003403985667153782,0.0003450160311627772,0.0003319677294681575,0.000339192157852765,1376.2837506916715
1791343380,0.000339192157852765,0.0003476182265022261,0.00033213226588942296,0.00033645714450394377,1345.4131304278308
1791343440,0.00033645714450394377,0.00035226487287536327,0.00033194946122113084,0.00035217107938233835,1982.8254573286229
1791343500,0.00035217107938233835,0.0003559048177697666,0.0003443418816994095,0.0003493148492092997,1555.1695046549446
1791343560,0.0003493148492092997,0.00034962982384675043,0.0003329169024692647,0.00033995026283915316,1684.336558470252
1791343620,0.00033995026283915316,0.00034507088240171566,0.0003335409489860083,0.0003391957565174637,1496.4942820613694
1791343680,0.0003391957565174637,0.00035333637170260743,0.00033337211021497253,0.0003460131834967083,1577.9576851357938
1791343740,0.0003460131834967083,0.0003573255227540786,0.00034273269117542055,0.0003513697320888587,1487.3689499086602
1791343800,0.0003513697320888587,0.0003622071060046133,0.00034928374701852043,0.0003578955347490898,1788.298850435842
1791343860,0.0003578955347490898,0.0003662415062124422,0.00034552957271901275,0.00035024424544326553,1916.2122411266985
1791343920,0.00035024424544326553,0.00035931020717750557,0.000342486111114377,0.00035514169589885125,1901.9860773936225
1791343980,0.00035514169589885125,0.00036034663735935843,0.000341533528930306,0.0003533430331436857,1948.3102436584754
1791344040,0.0003533430331436857,0.00036036292737081136,0.0003432782792334021,0.0003552477174576962,1815.1562429375374
1791344100,0.0003552477174576962,0.00035702240848815495,0.00034398943902417856,0.00035173817926160224,1594.3357907650131
1791344160,0.00035173817926160224,0.0003602459415695801,0.00034474017349037556,0.0003505287556157993,1681.3428245778232
1791344220,0.0003505287556157993,0.0003551623781021807,0.00034183012026646795,0.00034183012026646795,1711.1311562854453
1791344280,0.00034183012026646795,0.0003447336462374824,0.0003300100189618668,0.00033639176750900526,1615.7121000507395
1791344340,0.00033639176750900526,0.000340849346747179,0.00032879824447569614,0.0003343197374822986,1464.249409850497
1791344400,0.0003343197374822986,0.00035534932547151864,0.0003275991961186344,0.00035514973910820305,1993.3535950611263
1791344460,0.00035514973910820305,0.0003565132050342695,0.00034525185532806996,0.0003533791518951284,1609.7497909940244
1791344520,0.0003533791518951284,0.000360640191663656,0.000344431535374798,0.0003468514729468364,1506.0453053020663
1791344580,0.0003468514729468364,0.0003600031213476523,0.0003437203519367172,0.0003459034497488057,1522.2720186155977
1791344640,0.0003459034497488057,0.00035981727480453423,0.0003427025683462823,0.00035425725534967117,1729.3718847861257
1791344700,0.00035425725534967117,0.00035810001918061665,0.0003459353697754145,0.0003500377421028428,1720.7677154006458
1791344760,0.0003500377421028428,0.00035533471923774565,0.0003363742048815328,0.0003396666014820372,1516.8763059439289
1791344820,0.0003396666014820372,0.00034970316060437174,0.000332282779110413,0.00033564999618972445,1784.3143289307968
1791344880,0.00033564999618972445,0.0003424751200813869,0.0003307045804882454,0.00033507201986704026,1298.2590192358564
1791344940,0.00033507201986704026,0.0003546795350766945,0.00033507201986704026,0.0003516970022900301,1919.875388102224
1791345000,0.0003516970022900301,0.0003595686759525437,0.00034376359162334105,0.000354892060787087,1672.5608652232231
1791345060,0.000354892060787087,0.00036586014742700905,0.0003489046554186973,0.0003636946324951835,1916.7565336779899
1791345120,0.0003636946324951835,0.00037735355954507296,0.000359455899974748,0.000376018815536258,1648.4718069013595
1791345180,0.000376018815536258,0.0003810456445573622,0.0003680675728798264,0.00037025391627955393,1643.365508092441
1791345240,0.00037025391627955393,0.00037904887118930667,0.0003661129764938338,0.00037109017484326804,1533.936404082105
1791345300,0.00037109017484326804,0.00038423299036391976,0.0003683183329400814,0.0003784073858255738,1835.453103426963
1791345360,0.0003784073858255738,0.0003903926102254084,0.0003715342210072417,0.0003766342331305485,1872.5840602965986
1791345420,0.0003766342331305485,0.0003925942387235335,0.00037183055819754577,0.000383616913583986,1772.4881847778918
1791345480,0.000383616913583986,0.0004007841894254223,0.000379234151354886,0.00038257765562612933,1861.447521501174
1791345540,0.00038257765562612933,0.0003992343084152739,0.0003779008125664927,0.0003899958542531442,2148.8582016685064
1791345600,0.0003899958542531442,0.00039008937783955596,0.0003708935597691094,0.0003790452986287717,1905.986176480085
1791345660,0.0003790452986287717,0.0003889470024824475,0.00036706890230523055,0.00037226212852981607,2209.086318233004
1791345720,0.00037226212852981607,0.0003729910988824101,0.0003562800566303795,0.0003692108941485262,1806.8144666426163
1791345780,0.0003692108941485262,0.0003824715122564317,0.00035984864972139915,0.0003785603545939921,2684.228016280364
1791345840,0.0003785603545939921,0.000385569341271754,0.000366686927666594,0.00038526963680394984,2540.3312505248573
1791345900,0.00038526963680394984,0.000400539513760386,0.00038115707626511453,0.0003984054865089745,2040.1037459262336
1791345960,0.0003984054865089745,0.0004088858689037783,0.0003888476640262178,0.0003994413894829048,2042.2459408462535
1791346020,0.0003994413894829048,0.0004136265675501946,0.0003942928794378733,0.00040056014337692134,2018.6567078131318
1791346080,0.00040056014337692134,0.0004051966911195418,0.0003906554398576569,0.00039745761483145673,1679.8727372246422
1791346140,0.00039745761483145673,0.0004008202273189503,0.0003885796625609238,0.0004002628991393118,1764.2979168550116
1791346200,0.0004002628991393118,0.00040390004478848575,0.00038710297645051355,0.00039243316801344303,2064.946663435881
1791346260,0.00039243316801344303,0.00041716800718514304,0.0003777238526389805,0.00038026370094682894,4265.837755968894
1791346320,0.00038026370094682894,0.000385497137841636,0.0003680017781142351,0.00038020283162846217,1763.3809048843623
1791346380,0.00038020283162846217,0.0003932529772738567,0.00037530015518342076,0.0003835191581258202,2174.1839809521935
1791346440,0.0003835191581258202,0.0003995608312967576,0.0003817996110746222,0.0003965365639505068,2059.7996002459145
1791346500,0.0003965365639505068,0.00040172483867664897,0.0003809345310067406,0.0004014012757953158,1798.1397692834348
1791346560,0.0004014012757953158,0.000402084678307775,0.0003599515359383344,0.0003905775501101938,3485.782729893416
1791346620,0.0003905775501101938,0.0004202861593839046,0.0003885288399582198,0.0004202606705590817,2141.228186830529
1791346680,0.0004202606705590817,0.0004267078915386569,0.00041069156107277394,0.00041816580303907774,1781.5961902587562
1791346740,0.00041816580303907774,0.00043263050263971325,0.00041461329692784145,0.0004208385639861811,1964.1887020035679
1791346800,0.0004208385639861811,0.0004272767420841636,0.0004100381682704989,0.00041907760338937537,1903.8047715576392
1791346860,0.00041907760338937537,0.0004191602987899751,0.00039890965786914737,0.00040605945428629343,1983.008452327108
1791346920,0.00040605945428629343,0.00041416971714147423,0.0003980650481081937,0.000410719831301399,1980.3957570908647
1791346980,0.000410719831301399,0.00042112764755857814,0.00040027031074982685,0.0004172113853901187,2234.5214851794217
1791347040,0.0004172113853901187,0.0004174417663987521,0.00040129089042845927,0.00041103222645856444,1778.170747617284
1791347100,0.00041103222645856444,0.00041103222645856444,0.00039505349319885586,0.0003968717475248121,1707.4266694674088
1791347160,0.0003968717475248121,0.00041001281853346216,0.0003917045171041212,0.00040981651945743304,1721.036751863494
1791347220,0.00040981651945743304,0.00041026523644604405,0.000392778505203484,0.0003985171427927836,1864.8390833392614
1791347280,0.0003985171427927836,0.0004047921703091953,0.0003924236091841452,0.00039636150070567286,1507.940525192308
1791347340,0.00039636150070567286,0.000397231750610818,0.0003659646890225737,0.0003659646890225737,2100.964406907324
1791347400,0.0003659646890225737,0.00038914863425537074,0.00036183234765254084,0.00038573508636472836,2038.7562243304994
1791347460,0.00038573508636472836,0.00038676685995665377,0.0003760800810477339,0.00038116284700167013,1512.1299190222337
1791347520,0.00038116284700167013,0.00039800302161878133,0.00037675443858627226,0.0003976242734581314,1807.2933775326094
1791347580,0.0003976242734581314,0.0004019163666030042,0.0003873541849469806,0.00039645820314030707,2048.8945626607156
1791347640,0.00039645820314030707,0.0004125048996524949,0.0003867509242804907,0.00039768445434010697,2276.882179226876
1791347700,0.00039768445434010697,0.00041689681711794724,0.00039768445434010697,0.00040547333372209434,1722.4326872550498
1791347760,0.00040547333372209434,0.00040650935257653345,0.0003869357938279974,0.0003932711223204278,1886.1961794399153
1791347820,0.0003932711223204278,0.00039912583471355897,0.00037978237187882656,0.0003924747235392821,1938.237234353448
1791347880,0.0003924747235392821,0.0003970719276263665,0.000382298060746242,0.00038539714380568524,2351.407561091594
1791347940,0.00038539714380568524,0.0004011567211822426,0.00038293774631823483,0.0003877675044135802,1781.8463267184777
1791348000,0.0003877675044135802,0.0003946098614688769,0.000379036823523328,0.0003889994103783359,1567.791782364609
1791348060,0.0003889994103783359,0.00039406965802088386,0.0003618724066368293,0.00037100389249207684,2096.600587467421
1791348120,0.00037100389249207684,0.0003792716520717379,0.0003584805365721594,0.00036684063655974974,2115.5122212344795
1791348180,0.00036684063655974974,0.00037665120194256183,0.0003561792671518823,0.00037346522861836807,1883.0241357890927
1791348240,0.00037346522861836807,0.0003796347644218715,0.0003668303998487198,0.0003788707123104907,1666.754547809147
1791348300,0.0003788707123104907,0.0003851622229352126,0.00036912443662063236,0.0003849538031550446,1841.0410559217207
1791348360,0.0003849538031550446,0.00040367236931560175,0.0003806426573745213,0.00039787690217224514,1959.960901512137
1791348420,0.00039787690217224514,0.00040850900918033855,0.0003866442429757237,0.00039128043411599937,1830.9873472154884
1791348480,0.00039128043411599937,0.0003956697485195996,0.0003760006808975614,0.00038274471614167354,1688.6673316075914
1791348540,0.00038274471614167354,0.0003935916973581493,0.00037383150695910125,0.00037931676740371765,2108.1303404370565
1791348600,0.00037931676740371765,0.00038584927225751743,0.0003711983926732714,0.0003802625136162597,2037.9594064801988
1791348660,0.0003802625136162597,0.00038848066737300806,0.00037459803855333725,0.000385952477439382,1600.2264696947343
1791348720,0.000385952477439382,0.00039754818138881994,0.00037485041341240623,0.0003899026385496404,2224.94124906457
1791348780,0.0003899026385496404,0.0004004295885345402,0.00038425821856593136,0.00039506248753645777,2175.9602111308095
1791348840,0.00039506248753645777,0.00041598230062005783,0.0003914675911552973,0.00041201970473569484,2321.9178311503224
1791348900,0.00041201970473569484,0.0004216032205912343,0.00039881026733082576,0.00041540934988318763,1765.0133467009175
1791348960,0.00041540934988318763,0.00044822358785003827,0.00041512781873366685,0.0004439265184437299,2248.1041129251657
1791349020,0.0004439265184437299,0.0004502749738719326,0.00043594618205132176,0.00043989331590135896,2101.0588452582374
1791349080,0.00043989331590135896,0.0004456969838751796,0.000430460616769015,0.00043834094219500285,1783.9684383122733
1791349140,0.00043834094219500285,0.0004574079034682457,0.00043753404197194887,0.00044555425730217514,1862.143346921668
1791349200,0.00044555425730217514,0.0004530924085627408,0.0004397549289272189,0.00045265851639978306,1620.9121244379835
1791349260,0.00045265851639978306,0.00045712622999812035,0.0004419454105286301,0.0004436489227456831,1881.5547167440639
1791349320,0.0004436489227456831,0.00047348220868747524,0.00043699680741248,0.00047348220868747524,2008.977531019639
1791349380,0.00047348220868747524,0.000473733561669587,0.00044784677899514466,0.0004582043700728079,1826.1452818001987
1791349440,0.0004582043700728079,0.00046486474921270815,0.00044481523671220267,0.0004507615250639565,2213.589360338438
1791349500,0.0004507615250639565,0.00045087080336605643,0.0004341912213368066,0.0004349102774784823,1808.621565630954
1791349560,0.0004349102774784823,0.0004556729711563761,0.00039883707583093867,0.0004149334821304821,3634.6538406885293
1791349620,0.0004149334821304821,0.00044856200626253515,0.0004102437195177651,0.00044760466616412575,1995.9023266359413
1791349680,0.00044760466616412575,0.0004508160259110816,0.00042839563287598305,0.0004342898342546488,2172.6454847090504
1791349740,0.0004342898342546488,0.0004417956364919417,0.00041906547760984565,0.00042466129936614055,1662.1432144406058
1791349800,0.00042466129936614055,0.00042765498611641576,0.00040955368883858237,0.00042765498611641576,1876.6440808453433
1791349860,0.00042765498611641576,0.00042793861477907915,0.0004103596580906835,0.0004161876377165738,1459.44266613596
1791349920,0.0004161876377165738,0.00042458241672232457,0.0003884600852816193,0.00038893848487458885,2455.384157668475
1791349980,0.00038893848487458885,0.0004041784671301791,0.00038893848487458885,0.0003983303142439442,2279.3549769868246
1791350040,0.0003983303142439442,0.00040974962958830857,0.00039070605454956397,0.00040974962958830857,1462.9768917025988
1791350100,0.00040974962958830857,0.000421341805425867,0.0003969379047938543,0.0004040163942547846,1985.3411800374224
1791350160,0.0004040163942547846,0.0004187887430507419,0.0003987617298846859,0.00040647967778441237,2192.579224584748
1791350220,0.00040647967778441237,0.0004110478580421305,0.00039614876528544545,0.00040145483357921144,1652.0006890393993
1791350280,0.00040145483357921144,0.00040145483357921144,0.00037514250643686854,0.0003842273421639936,1841.424315900224
1791350340,0.0003842273421639936,0.000391923754073877,0.00036123826361884415,0.000370399553949323,2269.122307717724
1791350400,0.000370399553949323,0.00037091273724000867,0.000354928147848101,0.0003643745156886117,1909.1561440984597
1791350460,0.0003643745156886117,0.0003777974360732917,0.0003616634538436102,0.00036883537419556475,2069.3889644298424
1791350520,0.00036883537419556475,0.00037355521754637905,0.00036231299162984274,0.0003700780036852748,1586.0557942510159
1791350580,0.0003700780036852748,0.0003769006654933382,0.00036281754695853346,0.00036407823770648475,2147.7386772685277
1791350640,0.00036407823770648475,0.0003825224388158093,0.00036360872236436664,0.0003825224388158093,1929.8625064049204
1791350700,0.0003825224388158093,0.0003831199555690757,0.0003651291157712084,0.0003690684115093456,1364.9125150438588
1791350760,0.0003690684115093456,0.0003849431651384496,0.000363962249913614,0.0003778242617340492,2150.231925354688
1791350820,0.0003778242617340492,0.0003904283326772875,0.0003702021167723956,0.0003900617348622459,1731.313100102238
1791350880,0.0003900617348622459,0.00039202787011759536,0.0003755597587368981,0.00039144943141367875,1877.9432729103085
1791350940,0.00039144943141367875,0.00040546127160644526,0.00038457007038357314,0.00039997434417409405,1955.7854814280656
1791351000,0.00039997434417409405,0.0004015403840564607,0.00038644625098021966,0.0003954633446659613,1603.0630795780812
1791351060,0.0003954633446659613,0.00040459750446877527,0.0003890662884836363,0.0003987904286139197,1601.8432218348753
1791351120,0.0003987904286139197,0.00041601816590503357,0.0003917479235293156,0.0004048511399189068,2169.374709423893
1791351180,0.0004048511399189068,0.0004173260112116403,0.00039930107788431083,0.00039930107788431083,1893.9906439994927
1791351240,0.00039930107788431083,0.0004054032855352991,0.0003897472709272819,0.0003998713497550448,1870.5537068714273
1791351300,0.0003998713497550448,0.00040307774016037966,0.0003894819244828902,0.0003949611344684403,1521.9703535407236
1791351360,0.0003949611344684403,0.00040310188444119444,0.0003784693315323578,0.0003784693315323578,1872.2143917400094
1791351420,0.0003784693315323578,0.00038893714743118906,0.0003747469653738496,0.00038688865554588916,1493.192281937781
1791351480,0.00038688865554588916,0.0003884282182768124,0.000374894613225324,0.00038322040859234066,1553.2894396350753
1791351540,0.00038322040859234066,0.0003857211802969345,0.0003734760927126014,0.0003821129799386003,1747.4408091640605
1791351600,0.0003821129799386003,0.00039145807700164623,0.0003734595016414339,0.000378241266336613,1699.846221346708
1791351660,0.000378241266336613,0.00038847592994248857,0.00037324829611740416,0.0003785654604695123,1365.5011840439292
1791351720,0.0003785654604695123,0.0003794721016177682,0.00036177192096168245,0.0003746986244730991,1974.905971448279
1791351780,0.0003746986244730991,0.00037988672283935696,0.0003610009258738769,0.00036671509110931604,1480.1531832415078
1791351840,0.00036671509110931604,0.0003737144790416391,0.0003622128488240335,0.0003675635588260648,1520.672762093129
1791351900,0.0003675635588260648,0.0003743548462966655,0.00035589775972070777,0.0003617335020582571,1812.219996864778
1791351960,0.0003617335020582571,0.0003664154383401661,0.00034767364993828077,0.00035429986084726405,1877.6346809566915
1791352020,0.00035429986084726405,0.00036888980193358314,0.0003514988859444055,0.0003621097496944309,1945.7763886456512
1791352080,0.0003621097496944309,0.0003691874561950739,0.0003555860837937038,0.0003645461463388699,1633.713437625287
1791352140,0.0003645461463388699,0.0003691692554107029,0.0003541475414300046,0.00036238925805992045,2039.4764227530625
1791352200,0.00036238925805992045,0.0003714440607180101,0.00035422566607513505,0.00036358495027409674,1935.4668861114515
1791352260,0.00036358495027409674,0.00037491770588026494,0.00035010201088252717,0.0003546225816590433,1852.7066844145352
1791352320,0.0003546225816590433,0.0003791047469894682,0.0003515297476986877,0.0003791047469894682,2081.929008702079
1791352380,0.0003791047469894682,0.00037986688159288666,0.00036325032021673856,0.00037855663167933525,1878.0967983573628
1791352440,0.00037855663167933525,0.0003788221431290432,0.00037855663167933525,0.0003788221431290432,9.781956801997397
1791352500,0.00036644930970251664,0.0003826875427677932,0.0003658523259160468,0.00037629322371077417,1624.2397450289948
1791352560,0.00037629322371077417,0.00038220638186810973,0.0003670718003765446,0.00037704300734810783,2046.7957376863096
1791352620,0.00037704300734810783,0.0003821648844942229,0.00036682383294609026,0.00037144707838207775,1651.1636100510684
1791352680,0.00037144707838207775,0.00042172180224176787,0.00037144707838207775,0.00042172180224176787,3530.705224084713
1791352740,0.00042172180224176787,0.00042652612712175696,0.00038622759751917574,0.00039660862098341774,2226.1747592175902
1791352800,0.00039660862098341774,0.00040895878502266624,0.00037997063389138544,0.0003847915450504229,2693.040219741856
1791352860,0.0003847915450504229,0.00040830399083782677,0.00038472599663871577,0.0004018589028313913,1770.2637526160722
1791352920,0.0004018589028313913,0.0004133295312504896,0.0003993417215812774,0.00040778490541643574,1961.929878679851
1791352980,0.00040778490541643574,0.000426155813618158,0.0003958829354798034,0.00042331053842762154,2344.3758534127423
1791353040,0.00042331053842762154,0.0004239714696821413,0.0004033347679919617,0.00040630954561193594,1960.197186036025
1791353100,0.00040630954561193594,0.00041972899733527975,0.0004010599104253382,0.000415022369273474,1806.0733372156155
1791353160,0.000415022369273474,0.0004153163073278489,0.00039650938282202974,0.00039702649978891444,1568.6413166342356
1791353220,0.00039702649978891444,0.0004119926928235263,0.00038985945150662646,0.0003921546940017706,2083.8606355251886
1791353280,0.0003921546940017706,0.0004066089192752081,0.00038902975787297444,0.0004031519234178785,1999.033849175631
1791353340,0.0004031519234178785,0.0004077460403910156,0.00039415258122242706,0.0004001304896491457,1709.659064846964
1791353400,0.0004001304896491457,0.0004171198794521032,0.0003894715860942237,0.0004078339165306965,2930.62657341136
1791353460,0.0004078339165306965,0.00041703411640772075,0.0003912625775052282,0.00040786885768334826,1788.6503780699081
1791353520,0.00040786885768334826,0.00041636876957824387,0.0004008574236395389,0.0004096479014574237,1765.077755161627
1791353580,0.0004096479014574237,0.0004228742884448798,0.00040288279899756946,0.00040299607602597835,1706.4730657298037
1791353640,0.00040299607602597835,0.0004183322818208655,0.00039762304835694686,0.00039762304835694686,1719.6990888873147
1791353700,0.00039762304835694686,0.00041939090539940596,0.00039386948079888164,0.0004190797721887114,1900.8330302744798
1791353760,0.0004190797721887114,0.00042944483899588635,0.0004105273181279277,0.00042465763627277714,1624.3103780931538
1791353820,0.00042465763627277714,0.00043619806626608095,0.0004144812177517627,0.0004258786141087461,2027.4849541332267
1791353880,0.0004258786141087461,0.0004441386480623455,0.00042570310879493507,0.0004311705597017293,1883.738355435212
1791353940,0.0004311705597017293,0.0004314442371366349,0.0004081147303812815,0.0004133628255606225,1719.6328785748442
1791354000,0.0004133628255606225,0.00042497243833662364,0.0004073037016812157,0.00042118514233346617,1868.5116050939403
1791354060,0.00042118514233346617,0.0004212605410458765,0.0004055990685330808,0.00041098109435247,1535.7578381335325
1791354120,0.00041098109435247,0.0004111304492507677,0.0003950814855889021,0.0004069905539614214,1757.1222399022884
1791354180,0.0004069905539614214,0.0004072393602146692,0.00038637129620750567,0.00039074340398093744,1711.40290280153
1791354240,0.00039074340398093744,0.0004110582231888252,0.0003820170698447132,0.0003972420116641542,2253.9416547794754
1791354300,0.0003972420116641542,0.00040414449269400923,0.00038634711855388805,0.0003905534654436673,2028.841790863911
1791354360,0.0003905534654436673,0.000404835386080886,0.00039048440432353274,0.00039915417516877877,1884.0331785059177
1791354420,0.00039915417516877877,0.00040694632033846153,0.0003870787336365634,0.0004023819671963261,1667.9060313068637
1791354480,0.0004023819671963261,0.0004119197781501457,0.000395895111042559,0.00039970772413167743,1678.5697507783593
1791354540,0.00039970772413167743,0.0004116968135795098,0.00039358864755399236,0.00039891285031025907,1819.9690997818723
1791354600,0.00039891285031025907,0.00041914867829087273,0.00039455305989701006,0.0004163564070327524,1828.9231914569382
1791354660,0.0004163564070327524,0.0004191207855788741,0.0004060901724268024,0.0004062596859473151,1838.1013110258382
1791354720,0.0004062596859473151,0.00042301321388496933,0.0003968702856179098,0.000419313787963946,2828.924116187455
1791354780,0.000419313787963946,0.0004356894931418013,0.00041735432793126443,0.0004290935926919968,1961.096495764779
1791354840,0.0004290935926919968,0.00044391434064000677,0.0004242464998099283,0.00044376866140340496,1591.159140325875
1791354900,0.00044376866140340496,0.00046073717994172576,0.0004358959710231703,0.00044640063254063197,1993.3528087335944
1791354960,0.00044640063254063197,0.0004519807713847226,0.00042815637838893153,0.0004343894773637095,2099.398268650162
1791355020,0.0004343894773637095,0.00044013909779608545,0.0004248261304826081,0.0004386262983009664,1691.3636534645373
1791355080,0.0004386262983009664,0.0004407828586525781,0.0004214787404273703,0.0004214787404273703,1458.402661952353
1791355140,0.0004214787404273703,0.00043522242112802105,0.0004202826903389978,0.0004206576393619485,1914.5164940036348
1791355200,0.0004206576393619485,0.00043036470102402635,0.00040841191220284816,0.00040841191220284816,1612.107458989462
1791355260,0.00040841191220284816,0.0004143445984125889,0.00038875371164716625,0.0003939736369363683,1728.3008817263787
1791355320,0.0003939736369363683,0.0004150180924124718,0.0003887635644607841,0.0004096879213205292,1759.519477852823
1791355380,0.0004096879213205292,0.00041620511069818635,0.00040317177217168165,0.0004052555336140105,1577.0525953933648
1791355440,0.0004052555336140105,0.0004209343086251799,0.0004022787561743695,0.00040760239665885904,1851.1070521404697
1791355500,0.00040760239665885904,0.0004213313235428308,0.0004020473436153799,0.0004195982615332019,1620.7697084813833
1791355560,0.0004195982615332019,0.0004327202666989678,0.00040844921751691883,0.00042735753933388854,2066.891982576191
1791355620,0.00042735753933388854,0.0004275859331855625,0.00040546365301488414,0.0004065494247107346,1673.0648906817273
1791355680,0.0004065494247107346,0.00042583385183799535,0.0004065494247107346,0.00041930326084808705,1736.9873626614976
1791355740,0.00041930326084808705,0.0004314397725759393,0.00041283858680464004,0.00042801941519608717,1938.7294498272024
1791355800,0.00042801941519608717,0.0004282993131868828,0.0004129903344595412,0.0004184425554280348,1429.4091043307226
1791355860,0.0004184425554280348,0.00043287828025084855,0.00041290147958969177,0.00042271438240381763,1830.3895005202487
1791355920,0.00042271438240381763,0.00042864953862988377,0.0004120405102294058,0.00042319837130878207,1602.8014937674552
1791355980,0.00042319837130878207,0.000438697549305537,0.0004221729290702696,0.0004325375001754577,1378.3862790626288
1791356040,0.0004325375001754577,0.00044218761561950966,0.0004223486088254651,0.0004343568049034262,1861.5909481554995
1791356100,0.0004343568049034262,0.0004440186677691561,0.00042579083562573733,0.0004314586764146107,1556.4170313505008
1791356160,0.0004314586764146107,0.00044685938014741975,0.0004311517037159744,0.0004389036311193717,1882.5585309637677
1791356220,0.0004389036311193717,0.0004513652074400765,0.0004291870634059973,0.0004476745173480911,2020.298407284968
1791356280,0.0004476745173480911,0.00046485577391433476,0.00043811385045436395,0.0004584761709456632,1773.7635935184492
1791356340,0.0004584761709456632,0.0004721060468727952,0.00044357052980502755,0.00044357052980502755,2415.773823555671
1791356400,0.00044357052980502755,0.0004554516530919089,0.0004407028258624704,0.0004470053725440724,1661.7194454998728
1791356460,0.0004470053725440724,0.0004470053725440724,0.000433786292220512,0.0004394707962891502,1317.659951368197
1791356520,0.0004394707962891502,0.000450720114566393,0.0004292687621853549,0.0004432417487608028,1327.9590157909715
1791356580,0.0004432417487608028,0.00044868768804385965,0.0004216252243731529,0.0004216252243731529,1737.4628786270002
1791356640,0.0004216252243731529,0.0004397940864751306,0.00041587175891651687,0.00043175237745558587,1955.488019927052
1791356700,0.00043175237745558587,0.00044221181628666595,0.0004245756761526173,0.0004335052488856013,1625.5167797170623
1791356760,0.0004335052488856013,0.00043731491011537364,0.0004143670018048297,0.0004214728940903452,1869.5163193486956
1791356820,0.0004214728940903452,0.00042731559876947936,0.00041133688200289714,0.00042379783810484514,1960.869962677504
1791356880,0.00042379783810484514,0.0004257927965186593,0.00041276366310644185,0.0004179465789089525,1560.501986705373
1791356940,0.0004179465789089525,0.00042539565936903004,0.0004130908544931479,0.00041536616231556043,1326.9901226243064
1791357000,0.00041536616231556043,0.0004381621335822846,0.0004100320087459553,0.0004280986257854119,1985.4442685339493
1791357060,0.0004280986257854119,0.00043017430834211304,0.00041708491853991467,0.000426203044716226,1430.992091078558
1791357120,0.000426203044716226,0.00042660019230110317,0.0004135644779184987,0.0004173986076070806,1185.7243073265442
1791357180,0.0004173986076070806,0.00043054744280960076,0.0004153866191736074,0.0004285410680120605,1310.1540231818803
1791357240,0.0004285410680120605,0.00043895307111407964,0.0004217783496132724,0.00043887533969295056,1549.865568379718
1791357300,0.00043887533969295056,0.00045385557866713604,0.00043287735631729356,0.00044282649059588526,1716.7170948900944
1791357360,0.00044282649059588526,0.00045596585781058967,0.0004420712945928461,0.0004490095600053817,1328.8754836567982
1791357420,0.0004490095600053817,0.0004527862131093093,0.0004385616124861945,0.0004527862131093093,1645.910733197768
1791357480,0.0004527862131093093,0.00046575367686969144,0.00044749064031345437,0.0004612150729281553,1955.128701822758
1791357540,0.0004612150729281553,0.00048105214217397744,0.0004496689848451244,0.00047908213864519903,2010.2992515420458
1791357600,0.00047908213864519903,0.00048370574590573786,0.00045766181830065667,0.0004752288730673582,1916.4398783605914
1791357660,0.0004752288730673582,0.0004793810514888586,0.00045643089003079897,0.00046509288920652846,1984.0529024356256
1791357720,0.00046509288920652846,0.0004764736181979718,0.000439722458302091,0.00045529066211106347,2715.1000798760165
1791357780,0.00045529066211106347,0.0004630411152969695,0.00044685472602496893,0.0004565311539502183,1854.502501264523
1791357840,0.0004565311539502183,0.0004566221345966239,0.00043437153827785053,0.0004417172072608714,2602.0959688519088
1791357900,0.0004417172072608714,0.0004473921952470969,0.00043260282823260807,0.00044183339388425,1758.8948122599222
1791357960,0.00044183339388425,0.00046045881361949417,0.0004385379875645266,0.00045639220772455844,1933.547706078467
1791358020,0.00045639220772455844,0.00046174681760581673,0.00044523503681055275,0.00045110243272065796,1773.3793482009942
1791358080,0.00045110243272065796,0.0004638444728934677,0.0004453702582361925,0.0004636949695907036,1636.3417927523203
1791358140,0.0004636949695907036,0.0004636949695907036,0.0004471598784472381,0.00045741267595566604,1564.286596744712
1791358200,0.00045741267595566604,0.00046750662595637524,0.00044418166529717036,0.0004518077871687024,1724.494434516755
1791358260,0.0004518077871687024,0.0004657517597295628,0.0004511507829709053,0.00046307273235970806,1760.0317991223217
1791358320,0.00046307273235970806,0.0004748907004060477,0.0004572936488828667,0.0004668438975277508,2000.2134240725397
1791358380,0.0004668438975277508,0.00047207327551589877,0.0004506836455480983,0.0004563255353375784,1641.2719545834755
1791358440,0.0004563255353375784,0.0004702740241619568,0.0004514833325182583,0.00045375996061254744,1898.3930848592126
1791358500,0.00045375996061254744,0.00047003579780308135,0.0004508175559596352,0.00045710809246665365,1807.4945021169342
1791358560,0.00045710809246665365,0.0004680755773725024,0.0004498866271579225,0.00046550190209873263,1930.667732501119
1791358620,0.00046550190209873263,0.0004689104136768169,0.00044995237249483374,0.0004689104136768169,2096.4220984498397
1791358680,0.0004689104136768169,0.00048528701665840696,0.00046273990673324945,0.0004765023505441626,1378.660717693069
1791358740,0.0004765023505441626,0.0004975547462690627,0.0004703471001482247,0.0004765623788272445,2063.850992983786
1791358800,0.0004765623788272445,0.00048655854166816356,0.00047041316708776846,0.0004858588592195804,1833.6878168889994
1791358860,0.0004858588592195804,0.0004868568008777058,0.0004726048032302944,0.00048107746665831085,1684.3812332254338
1791358920,0.00048107746665831085,0.0004953607482413744,0.00047466091451442037,0.00047489816208714185,1826.1733427320098
1791358980,0.00047489816208714185,0.0005008356253778664,0.00047489816208714185,0.00048791019436848933,1702.9326072094648
1791359040,0.00048791019436848933,0.0005051111965028932,0.00048272751891696134,0.0004967808697044772,1531.1622818817902
1791359100,0.0004967808697044772,0.0005094292902905219,0.0004891961025830097,0.0005007709921395374,1963.2336298129908
1791359160,0.0005007709921395374,0.000508696992715293,0.0004940371446610825,0.0005070391298557947,1659.3953316979446
1791359220,0.0005070391298557947,0.0005157421466410724,0.0004972603783648653,0.0005113811311539772,2006.309194976142
1791359280,0.0005113811311539772,0.0005202908108860468,0.0005036235003006142,0.000518724661595264,2469.283118406651
1791359340,0.000518724661595264,0.0005236943158776168,0.0005039975132031105,0.0005174333619947899,1868.4988139227216
1791359400,0.0005174333619947899,0.0005185748045295812,0.0005045341514966643,0.0005169765325515621,1646.2353427894911
1791359460,0.0005169765325515621,0.0005169765325515621,0.0004999207361086367,0.0005085214481053808,2151.9610625139235
1791359520,0.0005085214481053808,0.0005164925492226184,0.0004923797722334631,0.0004928201498591747,2023.3934964012608
1791359580,0.0004928201498591747,0.0005094338194038834,0.0004905142611769857,0.0005086865494673497,1690.191996776371
1791359640,0.0005086865494673497,0.0005121425213998776,0.00047409115798537413,0.0004802881613489329,1969.9171096054565
1791359700,0.0004802881613489329,0.0004891247508252256,0.00047570963848512414,0.0004890707984093502,1792.0146198711316
1791359760,0.0004890707984093502,0.000495726148120185,0.0004752621790079357,0.000493248961898719,1678.986354503523
1791359820,0.000493248961898719,0.0005048659774687472,0.00048123178827922986,0.000500344410112001,2248.2104733615374
1791359880,0.000500344410112001,0.0005042614167306158,0.00048413693051388006,0.0004988163842560411,2032.6132197660086
1791359940,0.0004988163842560411,0.0005117522357792791,0.0004925276693199852,0.0005059037113691609,1800.6682207531694
1791360000,0.0005059037113691609,0.0005165127376108828,0.0004975927926906439,0.000504737756695618,1783.2783465408127
1791360060,0.000504737756695618,0.0005220263091356461,0.0005005602650268303,0.0005128331927740325,1899.8449733550626
1791360120,0.0005128331927740325,0.0005292904014306166,0.0005124397216324482,0.0005177337884464722,1718.3312412858556
1791360180,0.0005177337884464722,0.0005374970550235501,0.0005141046585633562,0.0005289654929562007,1776.5594674237989
1791360240,0.0005289654929562007,0.0005396523860256982,0.0005243658196571282,0.0005345697384576315,1408.2938351326575
1791360300,0.0005345697384576315,0.0005535322547579797,0.000528030606845992,0.0005471615935110422,2582.65814547472
1791360360,0.0005471615935110422,0.000573404498519288,0.0005381687208298944,0.0005666877985343425,2001.1840924738865
1791360420,0.0005666877985343425,0.0005669088592839304,0.0005237865406766555,0.0005465124636349602,2996.5468522198344
1791360480,0.0005465124636349602,0.0005528988212288988,0.0005369688145419396,0.0005498699811442212,1674.8940175602406
1791360540,0.0005498699811442212,0.0005526363937628431,0.0005215213167306257,0.0005281825544484219,2266.133280714777
1791360600,0.0005281825544484219,0.0005419032361813567,0.0005215156180064681,0.000532549526149575,2321.5676018931604
1791360660,0.000532549526149575,0.0005390806894626833,0.0004996271712506275,0.0005144428057833891,2621.7055837849257
1791360720,0.0005144428057833891,0.0005268498885928085,0.0005076881439267274,0.0005224005838908944,1959.6387299734554
1791360780,0.0005224005838908944,0.0005226852715727386,0.0005079978445541183,0.000520898451019601,1831.3673852155466
1791360840,0.000520898451019601,0.0005273944433002625,0.0005126785974790614,0.0005232987062375813,1448.648863047564
1791360900,0.0005232987062375813,0.0005232987062375813,0.0005005698958870536,0.0005091547768498299,1930.4882079446563
1791360960,0.0005091547768498299,0.0005122806933268679,0.0004965309867523686,0.0005004344790891436,1962.3201548459028
1791361020,0.0005004344790891436,0.0005144437928280424,0.0004975523490401983,0.0005009640958268747,2130.518203396685
1791361080,0.0005009640958268747,0.0005210825310121656,0.0004988169070923944,0.0005119705330183214,1901.276896833442
1791361140,0.0005119705330183214,0.0005149380979652921,0.0004984903931339038,0.0005044106199959705,1476.601026479453
1791361200,0.0005044106199959705,0.0005305712088495357,0.0005031432844207663,0.0005305712088495357,1608.8173845907672
1791361260,0.0005305712088495357,0.0005366042619553089,0.000521629823814321,0.0005253128598432969,1900.3728035220895
1791361320,0.0005253128598432969,0.0005571629949074935,0.0005239157252747046,0.0005501136596894166,1628.353674970394
1791361380,0.0005501136596894166,0.0005627314857573511,0.0005337778491981813,0.000537572185465632,2395.0027418705167
1791361440,0.000537572185465632,0.0005775328921593522,0.0005295544158185737,0.0005639364749817192,3941.046247542914
1791361500,0.0005639364749817192,0.0005940368771243547,0.0005639364749817192,0.0005865767388323107,3076.183480359192
1791361560,0.0005865767388323107,0.0006078066372836383,0.000585042393420818,0.0005964627771787127,2929.2948905899834
1791361620,0.0005964627771787127,0.0005974535795603209,0.0005596797261894604,0.0005697595479737416,5894.180025680737
1791361680,0.0005697595479737416,0.000581614512305607,0.0005616330738568442,0.0005752293825986751,2897.3552025285912
1791361740,0.0005752293825986751,0.000580169594812447,0.0005341264179211292,0.0005341264179211292,4042.105650066571
1791361800,0.0005341264179211292,0.0005493070863114685,0.0005134163868515893,0.0005374183009131211,3536.77421856195
1791361860,0.0005374183009131211,0.000547872529180174,0.0005339747056395465,0.0005415968158580215,2346.5091909362122
1791361920,0.0005415968158580215,0.0005553536531656621,0.0005303917149506571,0.0005553536531656621,3435.9626312412074
1791361980,0.0005553536531656621,0.00056032256038649,0.0005416307182727965,0.0005465414452388265,3020.363817544452
1791362040,0.0005465414452388265,0.0005611790365711184,0.0005395408757436559,0.0005562868035249763,2578.4627911684884
1791362100,0.0005562868035249763,0.0005691559659670194,0.0005372529906005151,0.000568671226287152,2861.0359127843412
1791362160,0.000568671226287152,0.0005929458986058914,0.0005564721345954769,0.0005801781183441003,2664.170692489264
1791362220,0.0005801781183441003,0.0005907638749865404,0.0005654941994120036,0.0005840791644246563,3047.7821228033913
1791362280,0.0005840791644246563,0.0006003200452741757,0.0005699481391850438,0.0005974808269035315,2845.57204003696
1791362340,0.0005974808269035315,0.0005998311562741186,0.0005802759593882524,0.0005908563542456964,2659.812393818705
1791362400,0.0005908563542456964,0.0006036626323440954,0.0005806294858663631,0.0005999006621672603,3116.195453519935
1791362460,0.0005999006621672603,0.0006256971700030639,0.0005903280033481063,0.0006127526857346296,2593.834172233221
1791362520,0.0006127526857346296,0.0006280553883618777,0.0005386064078836325,0.0005486136643102202,4091.3659543878507
1791362580,0.0005486136643102202,0.0005676790754710815,0.0005450904412857554,0.0005644059126815978,2517.8792120846315
1791362640,0.0005644059126815978,0.00057023522319455,0.0005154014792930504,0.000520763393983163,2759.814315174591
1791362700,0.000520763393983163,0.0005450791043210406,0.000520763393983163,0.0005318538868160595,3002.2120142799813
1791362760,0.0005318538868160595,0.0005487325242985681,0.0005277669554124245,0.0005372905144442686,3090.602578225076
1791362820,0.0005372905144442686,0.0005546335298480878,0.0005316355275507808,0.0005457340352949957,2792.2002934808615
1791362880,0.0005457340352949957,0.0005539382940887912,0.0004986887738145515,0.0005125379744175278,3730.0528243872272
1791362940,0.0005125379744175278,0.0005194899997520965,0.0004970254520784646,0.0005156013805175354,2998.645228275704
1791363000,0.0005156013805175354,0.0005244242751435793,0.0005024688750455198,0.0005149815498022697,3639.0825331583133
1791363060,0.0005149815498022697,0.0005395900233437626,0.0005110263638413247,0.0005395900233437626,3179.55032612123
1791363120,0.0005395900233437626,0.0005395900233437626,0.0005176898949519143,0.0005347771358075248,2608.325717166348
1791363180,0.0005347771358075248,0.0005391994662209992,0.0005121828724013199,0.0005209286215731326,3065.4868869126935
1791363240,0.0005209286215731326,0.00052593934398534,0.0005089075721793476,0.0005108270604192147,2424.9855279584813
1791363300,0.0005108270604192147,0.0005250906130575216,0.000508597367436941,0.0005234826669290655,2720.739802766097
1791363360,0.0005234826669290655,0.0005234826669290655,0.0004826466195788279,0.0005120133273773602,3760.1129050211835
1791363420,0.0005120133273773602,0.0005124717930106543,0.000494172141043424,0.0004997918359730335,3054.3125725066157
1791363480,0.0004997918359730335,0.0005125074816233001,0.0004968818810976183,0.0005080304474630916,2602.576183494464
1791363540,0.0005080304474630916,0.0005219347198237237,0.000503307249033999,0.0005042736680396614,2931.0173436650116
1791363600,0.0005042736680396614,0.0005312356415431445,0.0005039187886221374,0.0005295282133580101,2168.8219778225757
1791363660,0.0005295282133580101,0.0005337293340886259,0.0005167924510499924,0.000532042494294667,2269.3870817881975
1791363720,0.000532042494294667,0.0005373323068216066,0.0005134354668181123,0.0005182270341498027,3063.817770789602
1791363780,0.0005182270341498027,0.0005375138172479486,0.0005129045232441469,0.00053661984192923,2300.197857395959
1791363840,0.00053661984192923,0.0005572358586174828,0.0005310560001640791,0.0005532745329765308,2797.514464405115
1791363900,0.0005532745329765308,0.0005532745329765308,0.0005193909652996423,0.0005282997190222524,3217.8704095849853
1791363960,0.0005282997190222524,0.0005465080753264527,0.0005190982664175055,0.0005300197358072105,2849.191592244889
1791364020,0.0005300197358072105,0.00057685764155248,0.0005273576368819038,0.0005515934238264468,3428.610762049586
1791364080,0.0005515934238264468,0.0005648701531653862,0.0005389439423682474,0.0005580443423255682,3251.9878273055624
1791364140,0.0005580443423255682,0.0005678181103502904,0.000549771950457938,0.000564846790394562,2813.6520433989467
1791364200,0.000564846790394562,0.000564846790394562,0.0005214286389178903,0.0005440990250252436,4312.526641850662
1791364260,0.0005440990250252436,0.0005447574578224261,0.0005259188405594502,0.0005377478143885921,2511.524054363812
1791364320,0.0005377478143885921,0.000548316267062785,0.000529815408521059,0.0005309660150376867,2734.2005702696306
1791364380,0.0005309660150376867,0.0005476335204469016,0.0005278296465778588,0.0005312126320495017,2394.0867236215877
1791364440,0.0005312126320495017,0.0005529832532371025,0.000530048748213077,0.0005414123171040649,3101.6433972535633
1791364500,0.0005414123171040649,0.0005618091934318023,0.0005352325576982148,0.0005581722260245642,2732.008479274999
1791364560,0.0005581722260245642,0.000566359170997329,0.0005464701325628051,0.0005648382372016778,3143.928862440875
1791364620,0.0005648382372016778,0.0006034289125346169,0.0005491612545584364,0.0005984017495336867,3563.1770095807483
1791364680,0.0005984017495336867,0.0006033652814159005,0.0005797796147767898,0.0005897310223895708,3001.8606302421595
1791364740,0.0005897310223895708,0.0006012831781479263,0.0005806167926938783,0.0005974623962029237,2970.1624538722854
1791364800,0.0005974623962029237,0.0006304478782856031,0.0005974623962029237,0.0006153346295129793,3758.598596922043
1791364860,0.0006153346295129793,0.0006494785524552241,0.0006058620617031604,0.0006118625508944409,4552.236977573323
1791364920,0.0006118625508944409,0.0006242563410525617,0.0005850375049945855,0.0006089081115741654,4966.049645846954
1791364980,0.0006089081115741654,0.0006440349267628111,0.0005889117468952113,0.0006440349267628111,3537.1418878547283
1791365040,0.0006440349267628111,0.000697515691941239,0.0006422092377496221,0.0006724337916582101,11353.068635360496
1791365100,0.0006724337916582101,0.0007674046190656009,0.0006676071023581161,0.0007108285822633258,13528.221903641463
1791365160,0.0007108285822633258,0.0007713018596283918,0.0006724202050609178,0.0007089270826566913,14875.70919453113
1791365220,0.0007089270826566913,0.0008422986631433567,0.0006853751357240511,0.000804905888745847,20387.937785490318
1791365280,0.000804905888745847,0.0009483692452744473,0.0007909257343995452,0.0009439837761807057,16324.578007597618
1791365340,0.0009439837761807057,0.0009821942516959647,0.000799675185529833,0.0009421812965125214,18951.792193115016
1791365400,0.0009421812965125214,0.0010853073931440832,0.0009252571208602242,0.0009512138762349395,16508.400785461403
1791365460,0.0009512138762349395,0.000974869620550742,0.0008620596417241732,0.0009176195137321658,23269.283938244957
1791365520,0.0009176195137321658,0.0012131675654654132,0.0009138340132274735,0.0010926986757392107,21750.206039193785
1791365580,0.0010926986757392107,0.001116529610650998,0.0009119456137201174,0.0009638935342704462,31478.511912693128
1791365640,0.0009638935342704462,0.0010177009506508346,0.0007576412120212877,0.0009780435235688595,29013.90729223729
1791365700,0.0009780435235688595,0.001240176773510464,0.000975848531661108,0.0012343012105134228,16138.360065274659
1791365760,0.0012343012105134228,0.0012577000253979442,0.0011751166687826366,0.0012181821380607063,17385.311751547073
1791365820,0.0012181821380607063,0.001241426265535785,0.0006243293890062931,0.0006319772155402818,19461.83126292588
1791365880,0.0006319772155402818,0.0006319772155402818,0.000501582966206484,0.0005030107316480491,4771.838680961254
1791365940,0.0005030107316480491,0.0005486348180095232,0.00043982657167268465,0.0005486348180095232,6268.495553952725
1791366000,0.0005486348180095232,0.0007774093823202231,0.0005486348180095232,0.0007305490673917733,23780.711563152
1791366060,0.0007305490673917733,0.0007657183411805473,0.0006492241256920664,0.0006878187021868337,19932.753609088108
1791366120,0.0006878187021868337,0.0007866445852556506,0.0006878187021868337,0.0007316776663841585,19399.63597498151
1791366180,0.0007316776663841585,0.0007342756426018022,0.0006687695083103605,0.0007342756426018022,19223.982263112972
1791366240,0.0007342756426018022,0.0007441461091362782,0.0005834490619685529,0.0006001682370851033,21608.54712546098
1791366300,0.0006001682370851033,0.0006372083634116863,0.000573075302431042,0.0005990023299902556,19823.080823614757
1791366360,0.0005990023299902556,0.0006545050385261356,0.0005712796519818249,0.0006289356688215482,19879.34293239418
1791366420,0.0006289356688215482,0.0006727707200375614,0.0006015715251378407,0.0006372378097700731,13328.210699244682
1791366480,0.0006372378097700731,0.0006556821096023083,0.0004708357764522881,0.00048199324504173626,13519.789999496552
1791366540,0.00048199324504173626,0.0005349836861334811,0.00047426045445216834,0.0005125213950250277,11240.486532479266
1791366600,0.0005125213950250277,0.0005288364843813859,0.0005034593847973635,0.0005218630558344254,7455.147375915655
1791366660,0.0005218630558344254,0.0005225659596698222,0.0005081106065439748,0.0005118356951067163,2070.1373476268427
1791366720,0.0005118356951067163,0.0005248480250221995,0.0005057780350016908,0.0005199218068439504,2006.5905989902183
1791366780,0.0005199218068439504,0.0005331815370270061,0.0005061094777007751,0.000531932004336554,2550.65345386583
1791366840,0.000531932004336554,0.000538201810747737,0.0005079805099648544,0.0005166592652138444,8197.298909811654
1791366900,0.0005166592652138444,0.0005530238769347016,0.0005080158297191815,0.0005339219776325993,8862.183124879555
1791366960,0.0005339219776325993,0.0005546672437471941,0.0005190523888227216,0.0005450325986765082,9844.941325623235
1791367020,0.0005450325986765082,0.0005465137786141097,0.0005198711565027705,0.0005293716255710987,9652.69001336752
1791367080,0.0005293716255710987,0.0005578808899211141,0.0005188842824037728,0.0005371325174224938,9589.645926057268
1791367140,0.0005371325174224938,0.0005479254994932191,0.000495452739169065,0.0005112193776664251,8969.169779006863
1791367200,0.0005112193776664251,0.0005178423072146005,0.000491928185784644,0.000508850888616892,3360.504219105861
1791367260,0.000508850888616892,0.0005267670461412033,0.0004981636723939274,0.0005262750730856781,4042.1210339518907
1791367320,0.0005262750730856781,0.0005351897830820485,0.0005091699400440323,0.0005266603519080453,3680.742678526297
1791367380,0.0005266603519080453,0.0005395984323084113,0.0005166751384040539,0.0005257575064266291,3834.0071640831893
1791367440,0.0005257575064266291,0.0005396026129672061,0.0005152470906407504,0.0005306249328586037,3887.93336865775
1791367500,0.0005306249328586037,0.0005462155340101163,0.0005187973970378703,0.0005253791688550154,4614.841887408156
1791367560,0.0005253791688550154,0.0005443265638039216,0.00045948061422301545,0.00045948061422301545,5514.12320243251
1791367620,0.00045948061422301545,0.0004757791636307949,0.0004453859550738138,0.0004482316944586143,5022.665308261217
1791367680,0.0004482316944586143,0.0004750853172645214,0.0004482316944586143,0.00046289924826314806,3283.722694583148
1791367740,0.00046289924826314806,0.0004808116486473508,0.0004573669925994304,0.00046591940180202207,3939.0459635740763
1791367800,0.00046591940180202207,0.0004833034332748982,0.00046161598736097127,0.00046161598736097127,4149.260201431691
1791367860,0.00046161598736097127,0.0004830314439508716,0.00046161598736097127,0.000464265595911531,3217.6708919692614
1791367920,0.000464265595911531,0.000496458894914445,0.000464265595911531,0.0004884784438987645,3752.752218705377
1791367980,0.0004884784438987645,0.0004885646853259988,0.0004674793868457087,0.0004699138543554259,1768.5491270459554
1791368040,0.0004699138543554259,0.0004945723849003955,0.0004699138543554259,0.00048158040321432934,2537.1437567018097
1791368100,0.00048158040321432934,0.0004942326544510299,0.00047192773656348595,0.0004939275536115371,2414.7946295448905
1791368160,0.0004939275536115371,0.0005152531303041237,0.00047940101370213785,0.0005079376817067211,2356.848060552904
1791368220,0.0005079376817067211,0.0005080430187060042,0.0004884652853978496,0.0004988246154067355,2530.4661088655416
1791368280,0.0004988246154067355,0.0005154036655572419,0.0004819993332701059,0.0004890877732331811,9951.386496970777
1791368340,0.0004890877732331811,0.0005230154792628709,0.0004509481672586677,0.000513219743820021,12499.087644630978
1791368400,0.000513219743820021,0.0005628964661648626,0.000496764507504191,0.0005409426045511328,13886.839159422754
1791368460,0.0005409426045511328,0.0005766157950704188,0.000490685940871631,0.000490685940871631,18839.22337602663
1791368520,0.000490685940871631,0.0005644387670392796,0.000479774080471348,0.0005087221575901053,15898.044074086738
1791368580,0.0005087221575901053,0.0005093115278915828,0.00038951931893038157,0.0005087685304378572,16176.05273597106
1791368640,0.0005087685304378572,0.0005426526038414813,0.0004619628893541331,0.0005313802675938879,15260.349756752876
1791368700,0.0005313802675938879,0.0005313896004224927,0.0004943109863807247,0.0005139214605983257,9990.236322453127
1791368760,0.0005139214605983257,0.0005360220945514565,0.0004837935434051518,0.000501027608320424,9674.422106641834
1791368820,0.000501027608320424,0.0005210445454935125,0.0004976628488435639,0.0005126242167599509,4072.550342231528
1791368880,0.0005126242167599509,0.0005148735886229314,0.0004934199496655702,0.0004964987674107019,3249.272680988496
1791368940,0.0004964987674107019,0.0005077778626844552,0.00048286714050670945,0.00048286714050670945,3691.0843257257943
1791369000,0.00048286714050670945,0.0005115570522965856,0.00048286714050670945,0.0004958755958317165,3888.2869527318167
1791369060,0.0004958755958317165,0.0005084852219740256,0.0004858228562681033,0.0005018203902485746,3840.635198496924
1791369120,0.0005018203902485746,0.0005078482941256157,0.00047915265825375044,0.0004955431570487114,3398.5180969492567
1791369180,0.0004955431570487114,0.0005038476177404962,0.00047791085878087243,0.0004979981455892472,4081.1573688798153
1791369240,0.0004979981455892472,0.0005009425834776586,0.00047872414408768794,0.00048392209105607996,3881.457110185278
1791369300,0.00048392209105607996,0.0005069746798423549,0.00047563754986058187,0.0004961373634000351,3885.603203225898
1791369360,0.0004961373634000351,0.0005175950863605871,0.0004898397512516976,0.0005015335169493859,4440.737153303702
1791369420,0.0005015335169493859,0.000520785785060022,0.0004944315335094034,0.0005173266375040793,3536.7642518435982
1791369480,0.0005173266375040793,0.0005227594745327887,0.000501504668464486,0.000501504668464486,3958.6032240513237
1791369540,0.000501504668464486,0.0005174162560220957,0.0004952566089719002,0.0005069405480652865,3909.8584006355622
1791369600,0.0005069405480652865,0.0005253718061305413,0.0005009455208372406,0.000511684129644076,3953.4780822386583
1791369660,0.000511684129644076,0.0005300798564241389,0.0004963126620106364,0.0005123618038482519,4014.2867820276037
1791369720,0.0005123618038482519,0.0005301588806210132,0.000510627317182756,0.0005205062514578515,3869.472575491743
1791369780,0.0005205062514578515,0.0005339322429867386,0.0005075382321026321,0.0005234733169711612,4235.525778767469
1791369840,0.0005234733169711612,0.0005253559161161981,0.0005016262714674142,0.000521047628844522,3768.6595709195008
1791369900,0.000521047628844522,0.0005353478456458172,0.0005107175221117429,0.000517137925409609,4063.3165790327216
1791369960,0.000517137925409609,0.0005290510148838674,0.000504725902117527,0.0005179548940510084,2694.371711084419
1791370020,0.0005179548940510084,0.0005248711210912322,0.0004969792162499377,0.0005006641960762456,3561.8451843018156
1791370080,0.0005006641960762456,0.0005123904591904535,0.000481374098051978,0.00048756927898188494,4035.169214854063
1791370140,0.00048756927898188494,0.0004938965073930014,0.0004775392741794439,0.0004845837631837346,3014.3771754590166
1791370200,0.0004845837631837346,0.000503647633330078,0.0004773559535713848,0.000496684277297906,2854.460575607559
1791370260,0.000496684277297906,0.0005038635361822411,0.0004853212726239314,0.0004965645119730643,3016.44945382118
1791370320,0.0004965645119730643,0.0005173196241067626,0.00047164315696456987,0.0004782079561385536,4010.0075915493826
1791370380,0.0004782079561385536,0.0004938026980710455,0.00047498816667621393,0.0004857651707889668,2755.6094850066743
1791370440,0.0004857651707889668,0.0004931574590611325,0.00045599179349734063,0.0004702277566621288,3824.109546333831
1791370500,0.0004702277566621288,0.000481264111298594,0.00045841617772235274,0.0004706346256038037,2905.620019586995
1791370560,0.0004706346256038037,0.0004804465809411171,0.0004509054644090631,0.00046553370118911796,3185.5657136541226
1791370620,0.00046553370118911796,0.0004831920896632238,0.0004653272915930517,0.0004759405127442482,3055.5725512946183
1791370680,0.0004759405127442482,0.0004901971210490656,0.0004673537290559072,0.0004834623369603112,3097.7648980328586
1791370740,0.0004834623369603112,0.0004967995234328562,0.00047062157372162225,0.0004950360380365637,2993.3550001112926
1791370800,0.0004950360380365637,0.0005066624389962619,0.0004864715488786405,0.0004988951135955275,2621.232025958406
1791370860,0.0004988951135955275,0.0005179308984156877,0.0004988868242159552,0.0005130186677266196,3284.2075330717157
1791370920,0.0005130186677266196,0.0005254892675599741,0.0005069595928185344,0.0005157090540542155,2842.615811814927
1791370980,0.0005157090540542155,0.0005326273521848195,0.0005075245274503538,0.0005216863901706334,2972.3458342319636
1791371040,0.0005216863901706334,0.0005414323077842764,0.0005149078362797635,0.0005348111317035474,2720.7280631609938
1791371100,0.0005348111317035474,0.0005431547454365169,0.0005190093750803085,0.0005294144719508646,3567.3270559305615
1791371160,0.0005294144719508646,0.0005535417903410637,0.0005290978668557858,0.0005320663119967945,3024.2597418449664
1791371220,0.0005320663119967945,0.0005515090267931329,0.000528238470494019,0.0005460630984649874,3443.005239669709
1791371280,0.0005460630984649874,0.000560337234325201,0.0005329502251851887,0.0005393940254522649,3844.0825083561067
1791371340,0.0005393940254522649,0.0005552263723017688,0.000528328997070837,0.0005414894947801504,3515.277133353237
1791371400,0.0005414894947801504,0.0005435699812043095,0.0005180934495747048,0.0005361805603979396,2893.6950356200796
1791371460,0.0005361805603979396,0.0005378369915331496,0.0005116305962143858,0.0005180077868577899,3270.4009978694644
1791371520,0.0005180077868577899,0.0005348374614102854,0.0005138352168922129,0.0005291132539872651,3343.4375214296906
1791371580,0.0005291132539872651,0.0005354261524863779,0.0005115067977760455,0.0005224353471749147,2953.836496781735
1791371640,0.0005224353471749147,0.000529953987920534,0.0005064159366440768,0.0005278145524015942,3125.7532285733296
1791371700,0.0005278145524015942,0.0005306735352666206,0.0005016740542864357,0.0005039833702204078,3024.781033558032
1791371760,0.0005039833702204078,0.0005110497982985517,0.0004893733283323392,0.0005037775151338234,2972.341429509061
1791371820,0.0005037775151338234,0.0005094303892241465,0.00048215758202047867,0.0004886981691184597,3301.5142826212596
1791371880,0.0004886981691184597,0.0005032496466040779,0.0004798256032260416,0.0004897849097437713,3297.597332147381
1791371940,0.0004897849097437713,0.0005024669148011621,0.00047641277734071416,0.0004903034041695217,3249.2703328730195
1791372000,0.0004903034041695217,0.0005143468465852915,0.000485334787544789,0.0005143468465852915,2752.4481401455246
1791372060,0.0005143468465852915,0.0005143468465852915,0.0004894313886462926,0.00049890169923402,3503.384721242342
1791372120,0.00049890169923402,0.0005198994942022684,0.000493673066117928,0.0005059839232528496,3171.466233994671
1791372180,0.0005059839232528496,0.0005212238732918017,0.0004979407680509638,0.000505852905764487,2956.3622219848235
1791372240,0.000505852905764487,0.0005303536482476958,0.0005055881290991082,0.0005191771630637587,3060.1229578514985
1791372300,0.0005191771630637587,0.0005378796824353139,0.0005093834363775842,0.000522431595256767,3239.8623499542678
1791372360,0.000522431595256767,0.0005619362848121819,0.000522431595256767,0.0005619362848121819,3282.939766062981
1791372420,0.0005619362848121819,0.0005620490186954143,0.000540408284211471,0.0005473995584693673,3015.6791101285185
1791372480,0.0005473995584693673,0.0005496020469228116,0.0005258774931480269,0.0005341795227672818,3585.859677501068
1791372540,0.0005341795227672818,0.0005354623816601434,0.0005160667244160178,0.0005280591518439218,3174.6318252380042
1791372600,0.0005280591518439218,0.0005333181452809717,0.0005172408321546089,0.0005194221995718516,2761.2432750314033
1791372660,0.0005194221995718516,0.0005304970514131593,0.0005077520509119951,0.0005204598458809137,3178.0302018051625
1791372720,0.0005204598458809137,0.0005287799691254835,0.0005006537902173,0.0005006537902173,3319.1671650410376
1791372780,0.0005006537902173,0.0005124363229635936,0.0004915844224565877,0.0004954459539454731,3222.0235652363262
1791372840,0.0004954459539454731,0.0005084744016656369,0.0004673703689635092,0.00047688527328587155,3167.2072652871148
1791372900,0.00047688527328587155,0.0004900699425671065,0.0004685833073586531,0.00047535781493806666,2915.9175517401695
1791372960,0.00047535781493806666,0.0004780985494113622,0.0004598168823219332,0.0004613408730537039,3226.825204472836
1791373020,0.0004613408730537039,0.00047732334938940856,0.00046062087629212406,0.0004702411254344008,2644.034053379546
1791373080,0.0004702411254344008,0.00048624463994275486,0.00045793627200095213,0.00047082024628370133,3717.378389811998
1791373140,0.00047082024628370133,0.0004827626044272793,0.0004636573372508813,0.00046940318320558153,3050.824367076053
1791373200,0.00046940318320558153,0.00048634957722072105,0.00046348082762440635,0.0004803427966955373,3250.985955931058
1791373260,0.0004803427966955373,0.0004967219005393799,0.00047425045252904934,0.0004948631071880349,2977.0311107358584
1791373320,0.0004948631071880349,0.000501758302442291,0.0004754333116819573,0.00048120662723641957,3325.7126371111767
1791373380,0.00048120662723641957,0.0005077752559623556,0.00048119031342185313,0.0005009684898903263,3519.3691375025837
1791373440,0.0005009684898903263,0.0005129267274109086,0.0004887024854879395,0.0004991262325107158,2832.4239325226745
1791373500,0.0004991262325107158,0.0005099033482360666,0.0004881738014743708,0.0005031267515119189,2989.9290303639523
1791373560,0.0005031267515119189,0.0005213091221765758,0.0004894375427739341,0.0005131299599522033,4128.2456569611895
1791373620,0.0005131299599522033,0.0005315527791533583,0.0005045854651111757,0.0005150089512465695,3409.811729767296
1791373680,0.0005150089512465695,0.000520629093939877,0.0005049898301277734,0.0005145447346480759,3336.892810267406
1791373740,0.0005145447346480759,0.0005257756104978889,0.0004960969925158558,0.0005053622241013212,4067.239055660993
1791373800,0.0005053622241013212,0.0005055481425668042,0.00048175063406647714,0.00048916407722059,2990.9681833172576
1791373860,0.00048916407722059,0.0004977574729263903,0.000467890026285674,0.0004826864476309135,3474.7075191247845
1791373920,0.0004826864476309135,0.0004935665753632137,0.00045556426716155453,0.00046977485857862953,3619.08961271643
1791373980,0.00046977485857862953,0.0004763526179420958,0.0004580818998209169,0.000474378265787613,3170.7006581137516
1791374040,0.000474378265787613,0.0004778097531347148,0.0004568728061610487,0.00046888191162243557,3351.983077595407
1791374100,0.00046888191162243557,0.0004788940013382637,0.000456434909811975,0.0004759305420377548,3146.240588503514
1791374160,0.0004759305420377548,0.0004759305420377548,0.00044384546887260253,0.0004566117817652628,3003.3146055342004
1791374220,0.0004566117817652628,0.00046710315031594206,0.00044458686546740663,0.00045309621644171183,3480.4532489863436
1791374280,0.00045309621644171183,0.00046969328123090453,0.00044437341319435587,0.00046969328123090453,3409.668004756708
1791374340,0.00046969328123090453,0.00047456857922459757,0.0004472752090658918,0.00045633528919305615,3697.9738360989327
1791374400,0.00045633528919305615,0.0004765415271171591,0.00045633528919305615,0.0004729486000922902,3077.0925240340944
1791374460,0.0004729486000922902,0.00047469592327711245,0.0004530174202846185,0.0004632440316011596,3234.965724196815
1791374520,0.0004632440316011596,0.00047583940447407276,0.00045617290654185067,0.0004588647754792335,2829.319691279816
1791374580,0.0004588647754792335,0.00047604985302402916,0.0004553546751695953,0.0004668731347703382,3024.7613452428013
1791374640,0.0004668731347703382,0.00047660419430971425,0.00045898665656990965,0.00047660419430971425,3573.409291059035
1791374700,0.00047660419430971425,0.0004841977118826848,0.00046259506578304963,0.00047498632977944545,3215.2552347660135
1791374760,0.00047498632977944545,0.0004914944267355126,0.0004707355530028759,0.00048445502164113085,3793.67360141724
1791374820,0.00048445502164113085,0.000504378231323022,0.0004722854792274293,0.0004957118526853893,3490.8681802803
1791374880,0.0004957118526853893,0.0005073189132881555,0.0004856754704344385,0.0004954589184749476,3345.0918305388186
1791374940,0.0004954589184749476,0.0005064955108679105,0.00048117858313888827,0.0004921397463442194,3014.234307868076
1791375000,0.0004921397463442194,0.0004948756443245774,0.00047586226768771067,0.00048497056874375287,2803.759736010013
1791375060,0.00048497056874375287,0.0004907943318409007,0.00046818333976627826,0.0004722815352464474,3706.810743737373
1791375120,0.0004722815352464474,0.0004872535222768244,0.0004654678937348806,0.00047834865812250893,2642.464424863521
1791375180,0.00047834865812250893,0.000485614374444485,0.00046161018941548747,0.0004712688844071206,3117.127065742034
1791375240,0.0004712688844071206,0.00047700640816263177,0.0004484545986024208,0.0004489009576344761,2860.0463598352844
1791375300,0.0004489009576344761,0.00046738646701822506,0.0004489009576344761,0.00046738646701822506,2354.8532015490473
1791375360,0.00046738646701822506,0.0004676699797230362,0.00043773339629358615,0.00044443934243363573,3361.170087593353
1791375420,0.00044443934243363573,0.0004550290578535418,0.0004253809687825629,0.0004260765082032616,3601.9698233258587
1791375480,0.0004260765082032616,0.0004442067085867413,0.000415983044168009,0.00041604391167755723,3588.6182170990232
1791375540,0.00041604391167755723,0.0004389228544349326,0.00041247276042985384,0.0004179343548442745,4368.356822927462
1791375600,0.0004179343548442745,0.0004393392742239681,0.0004179343548442745,0.00042784312248541365,4101.172029847235
1791375660,0.00042784312248541365,0.00044857251817228324,0.00042421769774254387,0.00044532885090105224,4404.107026963499
1791375720,0.00044532885090105224,0.00045837838722342277,0.00043623312222708296,0.000448698777724641,3825.7637420149895
1791375780,0.000448698777724641,0.00047579346554338375,0.00044086785404541767,0.00045545133003377673,4784.935362193443
1791375840,0.00045545133003377673,0.00047034237533468077,0.0004514340425352113,0.0004514340425352113,3584.4702079144054
1791375900,0.0004514340425352113,0.00047418793047384364,0.0004513203596514052,0.0004564021910767401,4673.420735088016
1791375960,0.0004564021910767401,0.00047103248611209364,0.0004413003079533493,0.0004515086373553967,4746.842298667455
1791376020,0.0004515086373553967,0.000460968224847989,0.00043274612922867737,0.0004366742542388414,4562.600199643121
1791376080,0.0004366742542388414,0.000447618905258535,0.0004301164461182379,0.000435080389510816,4275.392924998839
1791376140,0.000435080389510816,0.00045829756245761676,0.000435080389510816,0.00045381689329150745,4665.299724894712
1791376200,0.00045381689329150745,0.0004589882820359345,0.0004399883864201758,0.00045307917658975476,3536.4841662837684
1791376260,0.00045307917658975476,0.00045905929067239555,0.00043937250829576767,0.00044471546222361874,4301.835584032559
1791376320,0.00044471546222361874,0.00045566959681467105,0.00043356551163916193,0.0004438058506760251,4592.389602663728
1791376380,0.0004438058506760251,0.00045628271693331043,0.0004306532969159101,0.0004458309190076753,4859.096273670894
1791376440,0.0004458309190076753,0.00046342569934298495,0.000439327873855678,0.0004556562486927833,4132.145451573512
1791376500,0.0004556562486927833,0.0004625611647398498,0.0004471808701982868,0.0004604014332572438,3462.7055881464166
1791376560,0.0004604014332572438,0.00047844766669427244,0.0004565820296678789,0.0004706559131953654,4251.427137179914
1791376620,0.0004706559131953654,0.0004784786112789979,0.0004576791275889335,0.0004613252712921427,4719.805366850055
1791376680,0.0004613252712921427,0.00048275364315312255,0.0004582275854510531,0.00046923526604367925,3918.6027415484423
1791376740,0.00046923526604367925,0.00048768336941513426,0.00046403463423371426,0.00047521507716525587,4738.995334002932
1791376800,0.00047521507716525587,0.00048198434620597006,0.0004650990378231859,0.00047485331970022865,4268.018766653719
1791376860,0.00047485331970022865,0.00047927240758883767,0.0004435657135235834,0.0004530978237884298,4154.726079007299
1791376920,0.0004530978237884298,0.0004628013054949854,0.0004430515841487755,0.00044413198097058136,3224.8361548356047
1791376980,0.00044413198097058136,0.000459179012714119,0.00043573676008576477,0.00043920466248754166,3595.421054172006
1791377040,0.00043920466248754166,0.000452362578660088,0.0004291480551934763,0.00044742647228034977,3568.0837008234193
1791377100,0.00044742647228034977,0.00045968605009462187,0.0004422439589371528,0.0004498612711624551,3576.0880394532805
1791377160,0.0004498612711624551,0.0004606551492955176,0.000422782975109672,0.00045203769111249804,4148.585726914393
1791377220,0.00045203769111249804,0.0004650982717019997,0.0004421433660926917,0.00045704204077008393,4453.684651436115
1791377280,0.00045704204077008393,0.00047272164833468867,0.00045404241873142344,0.00046388686851017924,3447.692668142998
1791377340,0.00046388686851017924,0.00048099468608678536,0.0004593705277623942,0.00048096004596298115,3118.3635928770973
1791377400,0.00048096004596298115,0.00048096004596298115,0.00045857524820251726,0.0004717464871268112,3181.616392119172
1791377460,0.0004717464871268112,0.0004888292004639852,0.00046663359045751485,0.0004775224478823684,3151.6048104623487
1791377520,0.0004775224478823684,0.0005006572097250932,0.00047415050112227655,0.0004989654017482278,2911.943775846783
1791377580,0.0004989654017482278,0.0005069030889127688,0.0004845974052464102,0.000493206949208587,3786.6134789432317
1791377640,0.000493206949208587,0.0005010536087210931,0.0004771581479275806,0.0004915710841481668,2620.2221676105924
1791377700,0.0004915710841481668,0.0004965992443220389,0.00047685511824498004,0.000488296264261328,3453.7809851480765
1791377760,0.000488296264261328,0.00048936687467784,0.0004673561672090387,0.00048366995433698725,3373.4117526178175
1791377820,0.00048366995433698725,0.00048366995433698725,0.0004575496063115685,0.0004635126273986926,3455.5187752351253
1791377880,0.0004635126273986926,0.00047746044833696784,0.0004558957537507936,0.0004665935869850894,2749.0407545180183
1791377940,0.0004665935869850894,0.0004721163347286123,0.00045471654784861226,0.0004623293274990077,3492.471999237167
1791378000,0.0004623293274990077,0.00047131086784375976,0.00045083310468525264,0.0004626441482127822,3284.646092897791
1791378060,0.0004626441482127822,0.0004765238457947509,0.0004550155866541715,0.00046639690651005105,3181.79167768027
1791378120,0.00046639690651005105,0.0004782389731917557,0.0004584818043245293,0.0004701733871696921,3896.316304515732
1791378180,0.0004701733871696921,0.00048519634979397717,0.0004613082209573198,0.0004835059192059456,4082.7008070779802
1791378240,0.0004835059192059456,0.0004841470962355392,0.000457560082715557,0.00047312329603617305,4224.214458709111
1791378300,0.00047312329603617305,0.00047312329603617305,0.0004496413314884384,0.0004586389729546985,3849.6033903938724
1791378360,0.0004586389729546985,0.00046497271634890773,0.00044808655951797334,0.00045584567267953417,2844.8687826806517
1791378420,0.00045584567267953417,0.0004630620328533098,0.00044521368230606177,0.000458898249204482,3355.604205360889
1791378480,0.000458898249204482,0.00047555872448502823,0.0004481830804286846,0.0004667449916430378,4146.424554064406
1791378540,0.0004667449916430378,0.000483817454313973,0.000454502290129085,0.000483817454313973,3880.4004874466173
1791378600,0.000483817454313973,0.0004941132814707467,0.0004677908272346444,0.00048128984040268546,3866.6525961856187
1791378660,0.00048128984040268546,0.0004972610795296717,0.0004793656770039421,0.0004828885903180156,2433.1487381774928
1791378720,0.0004828885903180156,0.0005054252708596902,0.0004778529394157407,0.0004935207020953372,2177.694472967674
1791378780,0.0004935207020953372,0.0005068392857987161,0.00046894376098642534,0.00047242249841305167,2857.2601774221484
1791378840,0.00047242249841305167,0.00047242249841305167,0.0004364866538494315,0.00043936840983708456,3777.8933624271717
1791378900,0.00043936840983708456,0.0004526429904308349,0.00043108631771681945,0.0004332314324420781,3660.1338061866163
1791378960,0.0004332314324420781,0.00045142496979023994,0.00043072536784661544,0.0004360130235149699,4398.943872753842
1791379020,0.0004360130235149699,0.0004423043071330903,0.00041905533581130134,0.000430108346135251,4302.914025725476
1791379080,0.000430108346135251,0.0004397614954470691,0.0004218919849397252,0.0004256844307437491,3042.1468809586117
1791379140,0.0004256844307437491,0.000442135345369981,0.0004224745709505328,0.00042980972762010134,3833.3727162735067
1791379200,0.00042980972762010134,0.00044123390154480666,0.00042171058447420157,0.0004270264461113864,3471.2297679174494
1791379260,0.0004270264461113864,0.0004394283123030927,0.0004206792857269317,0.000429570188562281,3653.21711486822
1791379320,0.000429570188562281,0.0004387157941347285,0.00041833095015678405,0.0004317255986782339,2927.8766080952405
1791379380,0.0004317255986782339,0.00044099015954137695,0.00042065589945734224,0.00043023994876663157,3848.411731269398
1791379440,0.00043023994876663157,0.00044505309866771603,0.00042148246658125924,0.00043944587431171705,3873.839818752931
1791379500,0.00043944587431171705,0.00045465701998374797,0.0004346813313336271,0.0004517368763255079,3812.2711842302224
1791379560,0.0004517368763255079,0.0004796036268190507,0.0004423164760639073,0.0004765562125802163,11339.21165053814
1791379620,0.0004765562125802163,0.0005105538231692153,0.0004572542918833568,0.0004993793277932882,10472.446053432752
1791379680,0.0004993793277932882,0.0005248359020470593,0.00047352229799312744,0.0004921738308949441,12123.923885660122
1791379740,0.0004921738308949441,0.0005174375482278958,0.0004748855563137458,0.0005120549584172313,11599.06986744357
1791379800,0.0005120549584172313,0.0005410435721656914,0.0004870984837381791,0.0005053834676892371,9766.366834401097
1791379860,0.0005053834676892371,0.000527733263807623,0.00048637410204574114,0.0005029048206328364,11807.8932904891
1791379920,0.0005029048206328364,0.0005617826046770804,0.0004943842873685987,0.0005463838315488317,14071.861861148109
1791379980,0.0005463838315488317,0.0005791257952669063,0.0004832201893271338,0.0005411450872011514,11008.786898214234
1791380040,0.0005411450872011514,0.0005940704183304978,0.0005301067921285874,0.0005707166626418509,9583.94382288318
1791380100,0.0005707166626418509,0.0005707166626418509,0.0004886993965387876,0.0005582789688611217,9760.03942546169
1791380160,0.0005582789688611217,0.0006082525961314093,0.0005413607451640197,0.0006082525961314093,10851.528763519786
1791380220,0.0006082525961314093,0.0006138880595232404,0.0004965276555982592,0.0005126457406986688,16270.89910020506
1791380280,0.0005126457406986688,0.0005307987975582141,0.00047377687975699563,0.00047604708934504065,10955.453799168463
1791380340,0.00047604708934504065,0.0005928849333272509,0.00047398230949304444,0.0005767416841250386,10698.608819336529
1791380400,0.0005767416841250386,0.0006230836030463205,0.0005465509065981854,0.0005656553064672383,12237.681449697648
1791380460,0.0005656553064672383,0.0005795151916214884,0.000523117119662527,0.0005602222859703129,10517.803978530494
1791380520,0.0005602222859703129,0.0006538996221276311,0.0005428946048306755,0.0006148047110691002,15616.948205763842
1791380580,0.0006174671062079238,0.0006660095818652734,0.0006126365132756972,0.0006398394740788309,9518.61611723498
1791380640,0.0006398394740788309,0.0006398394740788309,0.0006052711866029562,0.000625932347903049,10350.720302690037
1791380700,0.000625932347903049,0.000625932347903049,0.0005054301046219891,0.0005457306133832499,13965.31441441585
1791380760,0.0005457306133832499,0.0005727549613604578,0.0004319534494896292,0.0004397989175076506,17701.40376326272
1791380820,0.0004397989175076506,0.00047736228798205845,0.0004397989175076506,0.0004664777424556704,11573.75537937082
1791380880,0.0004664777424556704,0.0005056218315250521,0.000447527508078116,0.0004579819641230564,13511.10737022183
1791380940,0.0004579819641230564,0.0005271397964529913,0.0004204188289916831,0.000503212024550308,13269.570439301686
1791381000,0.000503212024550308,0.000503212024550308,0.00039302026549576356,0.0004138248697403621,9759.618741419112
1791381060,0.0004138248697403621,0.0004289735062807497,0.0004101146098768764,0.00041634424970040957,2383.3073807031947
1791381120,0.00041634424970040957,0.0004237887723965496,0.0004079209364592456,0.0004192015239795853,2050.6374065561254
1791381180,0.0004192015239795853,0.00043473737209497103,0.00040815001937501713,0.00043086898088654196,3355.7254606229653
1791381240,0.00043086898088654196,0.0004417060402740359,0.0004192295315621905,0.00043407701539121597,3784.5437450382833
1791381300,0.00043407701539121597,0.0004392342972111382,0.00041916865963843945,0.0004315297991823885,2818.7654039519016
1791381360,0.0004315297991823885,0.000436897135214619,0.00041880685329159914,0.00042171661438608073,3621.978881445731
1791381420,0.00042171661438608073,0.0004420107094403323,0.0004209600463438906,0.0004261148026920281,3953.364050062126
1791381480,0.0004261148026920281,0.0004483329981205131,0.0004257043135763366,0.00043621577883139206,3548.575092930815
1791381540,0.00043621577883139206,0.00044926211676445945,0.00043035035702465997,0.00043922166148284094,3674.0011206335835
1791381600,0.00043922166148284094,0.0004523495414710667,0.0004318685003935145,0.00044376496888891986,3217.951790666594
1791381660,0.00044376496888891986,0.00045612464259547295,0.0004343594799946991,0.00044089953008111905,3827.875212026188
1791381720,0.00044089953008111905,0.000452354645321131,0.00041817360508189044,0.0004303522166074704,3745.111089512823
1791381780,0.0004303522166074704,0.0004388810057639632,0.0004169091169680503,0.00042161780883369506,4013.601352255288
1791381840,0.00042161780883369506,0.0004457797473651491,0.00041648800188954675,0.00043979209772876713,4176.787951850122
1791381900,0.00043979209772876713,0.00043979209772876713,0.0004226806045950714,0.0004279759141387084,3146.3243096193064
1791381960,0.0004279759141387084,0.00044116891935041456,0.0004225648111909812,0.0004358554275608039,3422.952007108831
1791382020,0.0004358554275608039,0.00045133047220400285,0.00042346049831292533,0.00044087865414318695,3837.2086740089276
1791382080,0.00044087865414318695,0.0004483564382867215,0.0004141064332978386,0.00041783075487850183,4114.343640166118
1791382140,0.00041783075487850183,0.00042948426261738237,0.0004083548026319573,0.00041956757071309465,3456.758724450786
1791382200,0.00041956757071309465,0.00042713835527235334,0.00040779580307856336,0.00041430612740120506,3880.032462500063
1791382260,0.00041430612740120506,0.00042288363392681266,0.0004043099804894291,0.0004171731114193142,3681.715759919593
1791382320,0.0004171731114193142,0.0004331955576705699,0.0004094730268000061,0.0004277850985565999,4086.1480288000907
1791382380,0.0004277850985565999,0.00043639440880004,0.00041567979285029596,0.0004214415899556259,3696.0195501226644
1791382440,0.0004214415899556259,0.0004352031497591276,0.0004153798471709474,0.00042641601891082065,3988.6289185630953
1791382500,0.00042641601891082065,0.0004332347586679758,0.0003995879460762647,0.000411671248457547,4494.423176528877
1791382560,0.000411671248457547,0.00041910130440244846,0.0003998338611442992,0.00040593127493961713,3859.6138707091163
1791382620,0.00040593127493961713,0.0004192438328460416,0.00039885701182536596,0.00041275117782850934,3674.6730661845836
1791382680,0.00041275117782850934,0.00041781735852202117,0.000397872358423671,0.00040131734246522235,3940.171785684774
1791382740,0.00040131734246522235,0.00041977742403246157,0.000399299670733252,0.00040609921259060944,3660.5400363014974
1791382800,0.00040609921259060944,0.00041959802463114183,0.0003995869877230703,0.0004161796005703712,3755.9697936853345
1791382860,0.0004161796005703712,0.00042008562925423867,0.0003972558001851704,0.00040774907889223086,3702.5866635959424
1791382920,0.00040774907889223086,0.0004221534818539778,0.0004025232801639209,0.000413967517215168,3683.496869653853
1791382980,0.000413967517215168,0.00042250226471127867,0.00040522242037355634,0.0004129761168976821,2619.1889973589673
1791383040,0.0004129761168976821,0.00042031115168108895,0.00040519622010372244,0.00041990410041847434,3612.7744078138076
1791383100,0.00041990410041847434,0.00042370637796983575,0.0004050353972471884,0.00041584157076247306,3397.4083370084277
1791383160,0.00041584157076247306,0.0004296330270399652,0.0004094402257389124,0.0004212201596989783,3831.042862878406
1791383220,0.0004212201596989783,0.00042962935652069215,0.000408506535016665,0.00041831218565012147,3854.299298815244
1791383280,0.00041831218565012147,0.00042583017284497253,0.0004102759762907059,0.00041472412630568563,3173.409653354185
1791383340,0.00041472412630568563,0.0004362166053732302,0.00041278454219359354,0.00042478439299639713,4036.048580590851
1791383400,0.00042478439299639713,0.00043995709567238564,0.00042047872518095447,0.0004377149343994467,4386.449315599217
1791383460,0.0004377149343994467,0.0004503178862486487,0.0004245438047248528,0.00043721870447390186,3534.7823947846955
1791383520,0.00043721870447390186,0.0004530704343797065,0.0004293828547573761,0.0004397524741092567,3840.8798223152976
1791383580,0.0004397524741092567,0.0004542427998664202,0.00043706744353278534,0.0004497007740956848,3425.9321099773415
1791383640,0.0004497007740956848,0.0004497007740956848,0.0004020266017188885,0.00041692089153843546,3808.009780998573
1791383700,0.00041692089153843546,0.000420804354037964,0.0003607218422179515,0.0003659660755044741,7310.754341448696
1791383760,0.0003659660755044741,0.00037752887931992814,0.0003521094767685877,0.0003703804650701374,3517.2365088928677
1791383820,0.0003703804650701374,0.00037883762054117636,0.0003657946614045404,0.00037199563853724415,3440.273738907738
1791383880,0.00037199563853724415,0.00039182334333835055,0.00036639887415549824,0.0003904529256307091,4262.415955617571
1791383940,0.0003904529256307091,0.0003978611221873633,0.00037940960739845097,0.0003927050854427265,3819.6430659949574
1791384000,0.0003927050854427265,0.0004097590684611837,0.0003862471932433902,0.00040308371160198864,4151.948004849685
1791384060,0.00040308371160198864,0.00041759770680429594,0.00039257793909817717,0.00041506452037766824,3509.1879801979794
1791384120,0.00041506452037766824,0.0004344745924497519,0.0004107432994224492,0.0004344745924497519,3544.6280929759396
1791384180,0.0004344745924497519,0.00043520552392204125,0.00040772907853656447,0.0004165125594317527,3658.3891368253016
1791384240,0.0004165125594317527,0.00042315832582947763,0.00040249410893301895,0.00041213880493920995,4303.809595123538
1791384300,0.00041213880493920995,0.0004239813411510556,0.0004005968591653205,0.0004231470175480813,3627.312461525831
1791384360,0.0004231470175480813,0.0004339909821768876,0.00040311085908665656,0.0004117851616483587,4089.6601369559153
1791384420,0.0004117851616483587,0.00041892846092242566,0.00040136025389943595,0.00040636442740543135,3790.6777656092104
1791384480,0.00040636442740543135,0.0004158932853353885,0.00036726422962248684,0.0003708342822853895,4113.49482388377
1791384540,0.0003708342822853895,0.0003817313817769794,0.00036737314390506115,0.00037711876364284245,3577.7414591478823
1791384600,0.00037711876364284245,0.00038799756900254235,0.00036691963818889615,0.00038799756900254235,3885.52621877632
1791384660,0.00038799756900254235,0.0003916397536102292,0.00034502868379102737,0.00034958368280618463,4049.542436616924
1791384720,0.00034958368280618463,0.0003637047799872136,0.0003412693934757403,0.0003601061782072078,4161.587063487186
1791384780,0.0003601061782072078,0.0003618083853276501,0.0003453228993907944,0.0003584003588207855,3154.7224241733466
1791384840,0.0003584003588207855,0.000366345688860085,0.0003499442180943912,0.000359250891278786,3405.681323864717
1791384900,0.000359250891278786,0.0003740558972459091,0.00035538540906524213,0.0003610158322131263,3467.8167621602697
1791384960,0.0003610158322131263,0.00037288656377490654,0.0003562142643568797,0.00036580056843723305,3411.7649385299424
1791385020,0.00036580056843723305,0.0003861943871541789,0.00036029871474762323,0.00036738639098613126,3374.590291861249
1791385080,0.00036738639098613126,0.0003931249164937218,0.00036644517986553427,0.0003875607883538785,3383.483332994725
1791385140,0.0003875607883538785,0.00039475735758107616,0.00037638038949738345,0.00039443462278025465,3635.2757276970883
1791385200,0.00039443462278025465,0.0004009313897273209,0.0003798428544650036,0.00039569994557459113,3420.502553980977
1791385260,0.00039569994557459113,0.0004109157450420014,0.0003903740701556204,0.0003963535418369908,3930.8416925366655
1791385320,0.0003963535418369908,0.0004190724364548692,0.00039324467193028746,0.00041367690761225415,3492.111631838588
1791385380,0.00041367690761225415,0.0004149490952556774,0.00039407319604153207,0.00040570369296106677,3810.9076236488563
1791385440,0.00040570369296106677,0.00042713106821396066,0.0004032061573707504,0.00041605635517672965,3666.770312038197
1791385500,0.00041605635517672965,0.0004275090173400786,0.0004095073378506122,0.0004157482118153978,3762.2526397046977
1791385560,0.0004157482118153978,0.00042852969950289184,0.000410422525335713,0.0004212792568818582,3230.883019981914
1791385620,0.0004212792568818582,0.00044857678177008504,0.0004163723640130302,0.00042426238346782744,3722.0444342192754
1791385680,0.00042426238346782744,0.000440679153394076,0.00041721493740568666,0.00041875977207040825,4043.174663221166
1791385740,0.00041875977207040825,0.00043270606292412797,0.00040883862422355074,0.00040883862422355074,3536.39415843426
1791385800,0.00040883862422355074,0.00042667815708548145,0.0003899974561900478,0.00039727336997961364,4106.657592274472
1791385860,0.00039727336997961364,0.00041576721325819316,0.0003895520472079456,0.0003989079629970149,4018.4418994495286
1791385920,0.0003989079629970149,0.00040208045134852645,0.0003717656948507745,0.0003794932189994488,3901.667838148521
1791385980,0.0003794932189994488,0.0003925687598292989,0.00037524209190982374,0.00038786623594540964,3613.0726772751595
1791386040,0.00038786623594540964,0.00039542298748147976,0.00037701626994146565,0.00038701658039817826,3173.456125161682
1791386100,0.00038701658039817826,0.0004023346324822809,0.00038203322785081053,0.0003937724554040988,3094.3199076456362
1791386160,0.0003937724554040988,0.00041418083238031257,0.0003881435910247788,0.0004049190029392115,4307.227751434012
1791386220,0.0004049190029392115,0.0004253722298338018,0.00039199678317409245,0.00041017207317546643,4672.956588358453
1791386280,0.00041017207317546643,0.0004212581105550755,0.00039887587486742496,0.0004102159528660361,3144.5769191286154
1791386340,0.0004102159528660361,0.00042295916763047606,0.00039942197178909663,0.00041547859422922545,4158.61867135423
1791386400,0.00041547859422922545,0.00042100484878379243,0.0003916857614391496,0.00040828452792704585,3824.405415957875
1791386460,0.00040828452792704585,0.0004362835184101121,0.0003847717279924958,0.00040721294443089363,16232.802131672519
1791386520,0.00040721294443089363,0.00045510991765850494,0.0003942285046869954,0.00045510991765850494,16642.89486273819
1791386580,0.00045510991765850494,0.00045510991765850494,0.00039492904143541475,0.0004464776616888708,17196.98417024181
1791386640,0.0004464776616888708,0.00048411610356341537,0.00041467286973868026,0.0004749576349858439,15528.84562640373
1791386700,0.0004749576349858439,0.0005247827384789768,0.00045086092767322283,0.0004642203180563939,10914.559705967506
1791386760,0.0004642203180563939,0.00048405477704736144,0.0003717631231338616,0.000405893874325318,19447.989552521183
1791386820,0.000405893874325318,0.0004591067215664681,0.00040003477452816536,0.0004139200442081116,10136.47396811636
1791386880,0.0004139200442081116,0.0004139200442081116,0.0003766829761759744,0.0004055148077930774,9555.260805317175
1791386940,0.0004055148077930774,0.0004184833281502188,0.0003666979231566153,0.0003708471272097784,9677.586798188502
1791387000,0.0003708471272097784,0.0003778988285512803,0.00034534613493877815,0.00035270651036305764,3172.7722474991383
1791387060,0.00035270651036305764,0.000382776500064299,0.0003497182138250202,0.00037002535402866647,3907.5884543310494
1791387120,0.00037002535402866647,0.0003913291266569387,0.000366709543228378,0.00037895527804290553,3720.3969866655166
1791387180,0.00037895527804290553,0.00038974468064239523,0.0003726546175504109,0.00038646245603717565,3593.850312908503
1791387240,0.00038646245603717565,0.00039406804053413775,0.00037495957907527586,0.00037505942848098915,3397.4979376676924
1791387300,0.00037505942848098915,0.000391730803416851,0.00037104733064967436,0.0003829074571823985,3172.4427745110906
1791387360,0.0003829074571823985,0.00038983212888588694,0.0003713992181300974,0.0003879604914976239,3516.5955160742883
1791387420,0.0003879604914976239,0.0004080735374865746,0.00037678564822847283,0.0004031746228942795,3708.1735529544367
1791387480,0.0004031746228942795,0.0004174057220508639,0.0003932301212866892,0.0003999014058289723,3586.8097666425797
1791387540,0.0003999014058289723,0.0004090572611036756,0.00039228596207504845,0.00040128454428439665,3033.252253221885
1791387600,0.00040128454428439665,0.00041291217748368436,0.0003885583102643835,0.00039744319184310426,3444.7616360152633
1791387660,0.00039744319184310426,0.000401707472710935,0.00037676187075535636,0.00039778562979592266,3663.5492437348094
1791387720,0.00039778562979592266,0.0004075331312894565,0.0003872797307331037,0.0003972955528039965,3591.4623562168504
1791387780,0.0003972955528039965,0.00041663002799314873,0.0003936793567262406,0.00041336325892549875,3956.1590109931735
1791387840,0.00041336325892549875,0.0004292771079164396,0.0003980816143450223,0.0004020277170989498,3409.9737763890566
1791387900,0.0004020277170989498,0.00040553010218849766,0.00038242156755092686,0.0004001589221994604,3119.7246125894185
1791387960,0.0004001589221994604,0.0004083443109163027,0.00037802334645770303,0.00038159602838574373,3044.7815110771
1791388020,0.00038159602838574373,0.0003898885051892876,0.00037016511275913915,0.00037522128523589373,3319.1943626910265
1791388080,0.00037522128523589373,0.0003881459560875963,0.0003726418264815281,0.00037782286685783073,3359.409085579773
1791388140,0.00037782286685783073,0.00039821023236650665,0.0003759571561942378,0.0003789156537106529,3234.063969078888
1791388200,0.0003789156537106529,0.00038521562658993413,0.00036478664423900646,0.00037274143341010956,3615.7898345256312
1791388260,0.00037274143341010956,0.0003852342339094277,0.0003653871524785106,0.00037453613617770927,3379.249848325556
1791388320,0.00037453613617770927,0.00038270624879226285,0.00036595345740361176,0.0003749299001645664,2874.65587659798
1791388380,0.0003749299001645664,0.0003939696354002178,0.00037343618765157163,0.00038581032140173703,3714.289982211781
1791388440,0.00038581032140173703,0.0003946677481415387,0.0003777150093889458,0.00038446333180097096,3449.559313157423
1791388500,0.00038446333180097096,0.0004029056807145641,0.0003764962134036283,0.000395976445629018,3543.8951719283023
1791388560,0.000395976445629018,0.000395976445629018,0.0003741503891761815,0.0003771836090082002,2721.813649395287
1791388620,0.0003771836090082002,0.00040286204006809937,0.0003712905020314146,0.00039751390272447417,3957.652777873794
1791388680,0.00039751390272447417,0.00041092462083720083,0.0003928127690426445,0.00039835904302126346,3292.009499213253
1791388740,0.00039835904302126346,0.0004223366244866031,0.0003970422411117837,0.0004223197175401632,3478.1099546074083
1791388800,0.0004223197175401632,0.00042577694585036455,0.0004040505430862482,0.0004150365585399488,3681.392618063828
1791388860,0.0004150365585399488,0.00041546825653248704,0.00039675886089877776,0.00040531654330479717,3222.503874910773
1791388920,0.00040531654330479717,0.00041676580611224275,0.0003977163454614129,0.0004072841999216093,3047.085912078965
1791388980,0.0004072841999216093,0.0004158746010545855,0.00039759613132581286,0.0004158746010545855,3223.416766653027
1791389040,0.0004158746010545855,0.00041619577189926375,0.0003881156939431847,0.00041320016604596204,4282.031792602645
1791389100,0.00041320016604596204,0.00042740023716656317,0.00039248354308420164,0.0004134267734100233,3804.397257982786
1791389160,0.0004134267734100233,0.0004134267734100233,0.0003753965639310827,0.00037983900309569534,3429.0156852142873
1791389220,0.00037983900309569534,0.00039176645567571677,0.00037569449651270154,0.00038347906033846913,2901.499385249691
1791389280,0.00038347906033846913,0.0004033009334100479,0.000378518056948138,0.0003831231106303988,3521.755663546898
1791389340,0.0003831231106303988,0.0004139476485226457,0.00038297684753810056,0.00040723148192765477,4144.851727405667
1791389400,0.00040723148192765477,0.0004235591220904387,0.0003964336293596138,0.0004009669590565956,3897.8312484664384
1791389460,0.0004009669590565956,0.00042475764745442823,0.0003891256395648168,0.00041393072691652097,4708.115489962546
1791389520,0.00041393072691652097,0.0004307946416084471,0.0004082195822782072,0.00042489893835993175,3712.926169607657
1791389580,0.00042489893835993175,0.000427414176633646,0.0004085212442413376,0.0004173821709371532,4120.302915743787
1791389640,0.0004173821709371532,0.0004235535100402299,0.0003999497645757622,0.00041044807539611405,4033.893628918031
1791389700,0.00041044807539611405,0.00041685565832512515,0.00038453802372091843,0.0003937841458314716,4289.045339806311
1791389760,0.0003937841458314716,0.00040859817596755767,0.0003881033038032268,0.0003992275269126452,4389.203223518292
1791389820,0.0003992275269126452,0.00042092145433054773,0.0003880134534078499,0.0004157357462609286,6739.883550337092
1791389880,0.0004157357462609286,0.0004450398473299485,0.00039698465289176384,0.0004174558044005023,14808.275499256064
1791389940,0.0004174558044005023,0.00044001337736257793,0.0003874686596622529,0.00041620663287892295,15497.623676158875
1791390000,0.00041620663287892295,0.0004485985663127217,0.0003914929787593322,0.0003980411520655928,10884.648063999468
1791390060,0.0003980411520655928,0.00044161093200962025,0.00039006596070893313,0.00042053022136807867,12110.62192615774
1791390120,0.00042053022136807867,0.0004588978008739372,0.0003947968904085379,0.0004434625685695598,16314.00183907991
1791390180,0.0004434625685695598,0.00045656108206814326,0.0003625979227464423,0.00039531540901314744,13901.514736333022
1791390240,0.00039531540901314744,0.00039531540901314744,0.0003429392024703709,0.00035473290087989945,11298.13445354254
1791390300,0.00035473290087989945,0.0003797401195937486,0.00034208953484163757,0.00036524410708929856,11924.54072578851
1791390360,0.00036524410708929856,0.0003924532667733699,0.00035660672568224713,0.00038702913626412596,6951.452585595987
1791390420,0.00038702913626412596,0.0003951256781990437,0.0003085318982449733,0.0003219382924584292,5983.299544806513
1791390480,0.0003219382924584292,0.00032596717231029524,0.00030729704464701855,0.0003140103455168663,4837.252413368856
1791390540,0.0003140103455168663,0.00032441130742182956,0.0003092103514689538,0.00031728426449050505,3835.4689788776263
1791390600,0.00031728426449050505,0.00032263490880208825,0.0003057493316458121,0.0003140953815429188,4823.26191375284
1791390660,0.0003140953815429188,0.000321757036389595,0.0003054791424018401,0.0003186818997201127,3593.222430745974
1791390720,0.0003186818997201127,0.00032323397858028026,0.0003059232456790937,0.00031739277725658277,4570.620964413442
1791390780,0.00031739277725658277,0.0003235308637234232,0.00030607360709904695,0.00031972993810749353,3059.3875974714115
1791390840,0.00031972993810749353,0.0003341511149096353,0.0003060358203195197,0.0003238523265574728,5617.806697029211
1791390900,0.0003238523265574728,0.00033852045758081995,0.00027400504005936003,0.00028278311402026956,11791.365336959523
1791390960,0.00028278311402026956,0.000291397257794935,0.0002733455687407702,0.0002843370508733595,8411.260915049816
1791391020,0.0002843370508733595,0.00029172217234022153,0.0002656176371406324,0.00027970072538293733,9598.669422684123
1791391080,0.00027970072538293733,0.00029623390443680607,0.00022751941111995175,0.00022928181795272407,10262.082687202068
1791391140,0.00022928181795272407,0.00023000680456337254,0.00015268464938236683,0.00015565020846199166,9506.224119487375
1791391200,0.00015565020846199166,0.00016478081231207484,0.0001503126096974678,0.0001600433611230431,6037.3986700087
1791391260,0.0001600433611230431,0.0001608618377907523,0.0001521499961358447,0.00015700100034140075,1818.9363172300052
1791391320,0.00015700100034140075,0.00016087509963217062,0.00015280399596304556,0.0001581075202934459,1431.5595540724573
1791391380,0.0001581075202934459,0.00016063553903403755,0.0001530456977484678,0.00015521059012192547,1249.2067656660167
1791391440,0.00015521059012192547,0.0001616800527532299,0.00015442905343840014,0.00015627267303878537,1160.1179663633234
1791391500,0.00015627267303878537,0.00016030186020447464,0.0001416885399468163,0.00015651685322039016,3222.2873716674526
1791391560,0.00015651685322039016,0.00018188559003987247,0.00015321721777206024,0.000181424567060022,3227.6309630183305
1791391620,0.000181424567060022,0.00024382590782546238,0.000181424567060022,0.00023718456017731308,8422.369526019138
1791391680,0.00023718456017731308,0.00026074971499417764,0.00022647793968318212,0.00025812138626076853,7631.8793883019525
1791391740,0.00025812138626076853,0.0003306061394543476,0.00025549761354924834,0.00032333851774025453,13747.287707881162
1791391800,0.00032333851774025453,0.0003378131748557178,0.00029334979111472623,0.0003224226858492161,13866.597994474714
1791391860,0.0003224226858492161,0.0003276498262306567,0.00027114645680361305,0.00027786087658441795,9546.285505349724
1791391920,0.00027786087658441795,0.00028370605163376757,0.00026434381001860677,0.0002737338784342591,7339.482721194487
1791391980,0.0002737338784342591,0.0002893637958086396,0.0002697622631860948,0.00027812967560907656,3917.5277988373114
1791392040,0.00027812967560907656,0.0002956694973123944,0.0002744052018670082,0.00028430274158891577,3776.1527282767456
1791392100,0.00028430274158891577,0.0002903440754021379,0.0002787031285564884,0.0002835538862542069,2066.8817119034193
1791392160,0.0002835538862542069,0.0002939794445525181,0.00027702467056538497,0.0002878926122537288,2476.320246244495
1791392220,0.0002878926122537288,0.0003020502328655115,0.00028403714134551375,0.0003006836312429745,2973.5954900070046
1791392280,0.0003006836312429745,0.00030480302309914665,0.0002912112234787902,0.0002987467969381227,2562.4411991598236
1791392340,0.0002987467969381227,0.0003147048172408799,0.000290915339110763,0.0003017694495718123,3061.3478051481557
1791392400,0.0003017694495718123,0.0003017694495718123,0.0002880160460150166,0.0002940631508120225,1880.3322838083893
1791392460,0.0002940631508120225,0.00030360789604047756,0.00027299853663934905,0.0002812327292922677,2584.645927384341
1791392520,0.0002812327292922677,0.0002926799681157683,0.00027534308267099635,0.0002821565147082975,2601.3795588948224
1791392580,0.0002821565147082975,0.0002860849424584172,0.0002651378078704077,0.0002651378078704077,2176.4295482038997
1791392640,0.0002651378078704077,0.00027206151380544175,0.0002518579543772767,0.00025919744966244743,2119.9432676582683
1791392700,0.00025919744966244743,0.0002627603068688719,0.0002399709114540299,0.00024730430493472255,2262.926178686539
1791392760,0.00024730430493472255,0.0002564317223848592,0.0002397065076498117,0.00025015941534347545,1742.0885917195142
1791392820,0.00025015941534347545,0.0002536287038823755,0.0002413723444840608,0.00024711158640866235,2296.540404772318
1791392880,0.00024711158640866235,0.0002621448956543421,0.0002444765602414444,0.00025619196727705236,2142.9708084104486
1791392940,0.00025619196727705236,0.00026293084194896213,0.0002501317051473837,0.0002629097932374298,2474.25758788697
1791393000,0.0002629097932374298,0.0002731720159026515,0.0002597754891521237,0.0002669292135605964,2385.525862723513
1791393060,0.0002669292135605964,0.0002712123342079102,0.00025885739994864937,0.0002653348951343832,2158.169554536411
1791393120,0.0002653348951343832,0.00027017128708551734,0.00026113117161670723,0.0002661138671374893,1938.122244670901
1791393180,0.0002661138671374893,0.00027284924806387524,0.0002599700222427692,0.00026108529390287435,2353.470137621584
1791393240,0.00026108529390287435,0.00028082214003244713,0.00026108529390287435,0.00027344639145481447,2542.836940310348
1791393300,0.00027344639145481447,0.0002897637801808436,0.00026848495673773226,0.0002864515492738281,2352.9184335384734
1791393360,0.0002864515492738281,0.00029262036685163495,0.0002788511145628128,0.00029236162962370424,2430.219339015786
1791393420,0.00029236162962370424,0.0002951852478308535,0.0002801101949433419,0.000292604375732219,2335.358498266944
1791393480,0.000292604375732219,0.00029819746094709044,0.00028587595749150454,0.00029132018538572833,2231.4581421355347
1791393540,0.00029132018538572833,0.0002913901267709585,0.00027591030233704795,0.00028391826301930575,2499.738866626284
1791393600,0.00028391826301930575,0.00029150783577542775,0.00027833370774574723,0.0002805909616941288,2319.299573790672
1791393660,0.0002805909616941288,0.00028444721495825357,0.0002727662296726962,0.0002750775361697049,1899.7964557397504
1791393720,0.0002750775361697049,0.0002838472665581511,0.00026620089432797286,0.0002735815808166669,3456.569002879953
1791393780,0.0002735815808166669,0.00028236174555195266,0.0002671429838484398,0.00027793539816836475,2084.99130353828
1791393840,0.00027793539816836475,0.0002842653312938945,0.0002714434686607813,0.00027645672885175636,2319.0819764583703
1791393900,0.00027645672885175636,0.00029140426132392023,0.00027236089503099,0.00028365428784365705,2750.9461563529653
1791393960,0.00028365428784365705,0.0003007880012778013,0.0002800297550721935,0.0002942825201559572,2412.499449767007
1791394020,0.0002942825201559572,0.0003100923686197161,0.00029128341213987294,0.00029329373228038506,2412.9353473284837
1791394080,0.00029329373228038506,0.00030152329923131317,0.00028686811098453555,0.00028858639530341697,2320.9765107181865
1791394140,0.00028858639530341697,0.0002942426590319441,0.00027599565586479473,0.00028079376973974064,2692.3234193685676
1791394200,0.00028079376973974064,0.00029559747402460167,0.0002762751591872303,0.00029282346773429747,2431.5057586499443
1791394260,0.00029282346773429747,0.00031211797975290814,0.0002890795611461422,0.0003052217575578594,2446.3092041089244
1791394320,0.0003052217575578594,0.00030991491872649446,0.0002834979244097085,0.00028986899983856636,2250.910414521135
1791394380,0.00028986899983856636,0.0002920731660122778,0.0002762756774287437,0.0002880805513909026,2244.401050309994
1791394440,0.0002880805513909026,0.0002979290701786947,0.00028441617373013955,0.0002953855338121268,2295.887185139631
1791394500,0.0002953855338121268,0.00030127296121659465,0.00028880426895193205,0.00029626358814651045,2194.775046146901
1791394560,0.00029626358814651045,0.00030330514129550554,0.0002765824937942137,0.00027734245736056427,2699.0660973083545
1791394620,0.00027734245736056427,0.0002856497665618872,0.00026249540287429205,0.0002633102580423711,2000.168951410824
1791394680,0.0002633102580423711,0.0002768175284723474,0.0002632617379001274,0.00026787711970961025,2370.6938700327046
1791394740,0.00026787711970961025,0.0002772433783574444,0.000261978165326912,0.000266211190594808,1528.7884068419057
1791394800,0.000266211190594808,0.00028649267978097826,0.00026578188740671846,0.0002826170922850014,1994.4050738285596
1791394860,0.0002826170922850014,0.000286383903681115,0.0002736194083319111,0.00027736426372757775,2104.417191461848
1791394920,0.00027736426372757775,0.0002958053368133207,0.0002772548850774263,0.00028615986652150827,2515.078670835646
1791394980,0.00028615986652150827,0.00029913761975300303,0.00028404417733354407,0.0002925747439607293,2160.801909486064
1791395040,0.0002925747439607293,0.00030541305688922606,0.000288817887772209,0.00030226597906850375,2551.7236404473033
1791395100,0.00030226597906850375,0.0003104388098635215,0.0002923055671659146,0.00030957612463921637,2228.3229275120175
1791395160,0.00030957612463921637,0.0003237864204507853,0.00030143404830443733,0.00031127841280782195,2646.306273695916
1791395220,0.00031127841280782195,0.00032000939613263093,0.00030600642061187145,0.00031660343949268524,2204.800551689547
1791395280,0.00031660343949268524,0.00031678821300489874,0.00029633139482403755,0.00030792707486001055,2529.1621770968572
1791395340,0.00030792707486001055,0.00031168723520415205,0.0002983813712011964,0.0003105273959020619,2991.436063366034
1791395400,0.0003105273959020619,0.00032135558379136546,0.0002988652381544883,0.0003151923212131215,2654.042013547159
1791395460,0.0003151923212131215,0.0003201301421834791,0.000305283489168625,0.00031599502245041063,2699.2143346625276
1791395520,0.00031599502245041063,0.00033199074372874433,0.0003157382498519484,0.0003228813514121549,2425.8411891999735
1791395580,0.0003228813514121549,0.0003228813514121549,0.0003006999166469088,0.00031876289747108914,2700.9767941005216
1791395640,0.00031876289747108914,0.00031891111297374376,0.0003020527389934352,0.0003040383604751826,3085.0606591308847
1791395700,0.0003040383604751826,0.00031274020864927916,0.0002973492864039531,0.0003037952782015367,2342.2700060486764
1791395760,0.0003037952782015367,0.00030871443605062543,0.00029739791453603964,0.0003029431394879216,2156.3488160811507
1791395820,0.0003029431394879216,0.00031399584477980017,0.0002987438418496238,0.00030445878538001234,2679.191225383691
1791395880,0.00030445878538001234,0.00031168315288211706,0.0002984190406294667,0.00030215580260538447,1938.9171843815532
1791395940,0.00030215580260538447,0.0003094404703760834,0.0002961695258955701,0.0003094404703760834,2153.338818713597
1791396000,0.0003094404703760834,0.0003199438797704772,0.00030701231597205354,0.0003089177152464204,2770.258586555284
1791396060,0.0003089177152464204,0.0003214088010917107,0.0003069660020577646,0.0003179599585987135,2106.4608174296395
1791396120,0.0003179599585987135,0.0003415780370901507,0.0003178459970008925,0.00033733083606087455,2696.7835083765544
1791396180,0.00033733083606087455,0.0003455250455396693,0.0003311248796990423,0.0003398916105148672,2346.880948988991
1791396240,0.0003398916105148672,0.00035425900881647446,0.00033747226361713833,0.0003455923411928331,2214.3055952407435
1791396300,0.0003455923411928331,0.0003465792282655247,0.0003237171290439641,0.0003330145333080444,2403.812205323056
1791396360,0.0003330145333080444,0.0003401300883971832,0.00032777758893119766,0.000337354079392456,2027.2366085655913
1791396420,0.000337354079392456,0.000337354079392456,0.00031900015068252494,0.0003268716117665422,2418.0568907552492
1791396480,0.0003268716117665422,0.0003285144282704888,0.00031197213819918787,0.00031197213819918787,2195.8962759143656
1791396540,0.00031197213819918787,0.0003246921563894312,0.0003094830120324192,0.0003202951585064869,2080.2688530621235
1791396600,0.0003202951585064869,0.00032316826885164964,0.00031185612298351915,0.00032316826885164964,1831.7625589851432
1791396660,0.00032316826885164964,0.00032316826885164964,0.00030740924086059126,0.0003114587889674334,2373.544926360035
1791396720,0.0003114587889674334,0.000322909742848968,0.00030579175868279777,0.00031870634557531227,2260.993043122765
1791396780,0.00031870634557531227,0.00032280822119698337,0.000312302095366512,0.0003227558921441262,1814.6727058041513
1791396840,0.0003227558921441262,0.0003309278836525832,0.0003096909600440289,0.0003308955706207158,2578.1900377663756
1791396900,0.0003308955706207158,0.000337414979434784,0.00032216097604455604,0.0003263780289390189,2092.0697940511377
1791396960,0.0003263780289390189,0.00034786252389607485,0.0003263780289390189,0.0003458522904491628,2652.4546581761456
1791397020,0.0003458522904491628,0.0003618554204094545,0.00033937342178324496,0.0003509991004541087,3232.7601598154984
1791397080,0.0003509991004541087,0.0003701041220996731,0.00034523462573006144,0.0003663510672303701,2478.0355648142145
1791397140,0.0003663510672303701,0.0003675810625322181,0.0003314576731877983,0.0003315049612964456,2606.5501385501134
1791397200,0.0003315049612964456,0.00034291985213551733,0.0003284739597146083,0.00033556373778993964,2253.368975682271
1791397260,0.00033556373778993964,0.00034510289785721427,0.0003301387244038432,0.00034191642600159234,2315.5930613450014
1791397320,0.00034191642600159234,0.0003805470868795554,0.00033359687229233355,0.0003681416934264589,6850.872761538423
1791397380,0.0003681416934264589,0.00039785247956083193,0.0003681416934264589,0.00038094909432033713,10937.360297026087
1791397440,0.00038094909432033713,0.00042150706141438345,0.00036894829538781584,0.00039873245182261654,11719.35779043346
1791397500,0.00039873245182261654,0.0004519148970655887,0.00039873245182261654,0.00043323274884424527,15161.434097964426
1791397560,0.00043323274884424527,0.0004791907206155406,0.00042150545092509,0.00043434763388452974,14830.233295978442
1791397620,0.00043434763388452974,0.0005064050350560037,0.00042559892440912153,0.0004679930754161805,13566.266568209225
1791397680,0.0004679930754161805,0.0005180737911432896,0.0004530289955044726,0.0005039232721992462,14417.713286338481
1791397740,0.0005039232721992462,0.0005529209228160736,0.0004973007862642451,0.0005231565610300977,13795.84623776855
1791397800,0.0005231565610300977,0.0005266032649313091,0.00047895391795329737,0.0005056957515281727,13029.707270975918
1791397860,0.0005056957515281727,0.0005137059898623027,0.0004548168733901992,0.00047265646234873206,16275.227700128762
1791397920,0.00047265646234873206,0.0004956632920581653,0.0004048399930085026,0.0004084908284731299,16949.061909266242
1791397980,0.0004084908284731299,0.0004742107106247983,0.0003672188974696215,0.0004389831350235846,14676.253128803588
1791398040,0.0004389831350235846,0.0004407645719553639,0.0003694017259917687,0.0004083424594955175,12718.963084110279
1791398100,0.0004083424594955175,0.0004224017046603257,0.0003202475243996326,0.00032567731756655944,12030.026889995797
1791398160,0.00032567731756655944,0.0003442803882708481,0.0003212749056960399,0.00034192082785586037,7963.272508718637
1791398220,0.00034192082785586037,0.0003486357321420714,0.00032787926158230047,0.0003346205812547506,8041.205822147971
1791398280,0.0003346205812547506,0.00035452763493002136,0.00033114403007408505,0.0003459373764594558,7320.601772651727
1791398340,0.0003459373764594558,0.000355488801775471,0.0003385944001690287,0.0003475616687557908,7447.204501377073
1791398400,0.0003475616687557908,0.0003664336350835395,0.00034073607043387657,0.0003504597139418722,7852.510629645461
1791398460,0.0003504597139418722,0.0003674246374132181,0.00034817490625102694,0.00035852383198463675,7095.445740616321
1791398520,0.00035852383198463675,0.000378736593900176,0.00034974515267574243,0.0003612272821619943,8339.963909533262
1791398580,0.0003612272821619943,0.0003860527275675421,0.00034873966191781584,0.0003690181525727239,12027.578572114358
1791398640,0.0003690181525727239,0.00038532390241828156,0.0003275450807303602,0.00034689687601842465,12681.251608286111
1791398700,0.00034689687601842465,0.0003661522244964261,0.0002669146609499987,0.0002669146609499987,17583.063127659574
1791398760,0.0002669146609499987,0.00031286140981568784,0.0002669146609499987,0.0002864336350892815,8558.742502718222
1791398820,0.0002864336350892815,0.0003134197963768524,0.0002814531864133913,0.00030634038918600834,9541.16548353448
1791398880,0.00030634038918600834,0.00035302022508624706,0.0003034917961997862,0.00034244777274224444,12698.293343021938
1791398940,0.00034244777274224444,0.00035308077239641476,0.0002474113841528693,0.0002723358546753479,12795.212765510882
1791399000,0.0002723358546753479,0.00027263107221082295,0.00022184372995365064,0.00022666330754847475,8814.93378615882
1791399060,0.00022666330754847475,0.00022666330754847475,0.00019977847375994386,0.0002184168133955265,9114.826804597707
1791399120,0.0002184168133955265,0.00022803361460069831,0.0002114689842566688,0.0002162556202149907,7429.286610021886
1791399180,0.0002162556202149907,0.00022329268908556993,0.00016957411068199718,0.00018202927025643743,9312.683779994808
1791399240,0.00018202927025643743,0.00018876451125325011,0.00017431602524319137,0.0001794903091152201,8660.578960926277
1791399300,0.0001794903091152201,0.00018584065034916655,0.00017507038230394663,0.00018329058008638828,4530.833140823725
1791399360,0.00018329058008638828,0.00018809037379333406,0.00018102262959672556,0.00018314505006494628,1263.7828301308216
1791399420,0.00018314505006494628,0.00019084383174639428,0.0001806696988059733,0.00018730036198915078,1274.4333499707066
1791399480,0.00018730036198915078,0.00019191013720651036,0.00018189487606653146,0.00018850855329620255,1362.2492904111346
1791399540,0.00018850855329620255,0.00019663427807930717,0.00018396368119962127,0.00019366516791900692,1374.3039386366856
1791399600,0.00019366516791900692,0.00019374346871623457,0.0001855471138442685,0.00018932186263792127,939.099087405996
1791399660,0.00018932186263792127,0.00020003677754948422,0.00018858733956057157,0.0001928663369816317,1530.3926626782945
1791399720,0.0001928663369816317,0.00019953472749066582,0.00019033562681002118,0.00019202220375373404,1040.5584706886245
1791399780,0.00019202220375373404,0.00019583863746613973,0.00018378362744462986,0.00018834899112143825,1432.4205273870546
1791399840,0.00018834899112143825,0.0001893928551094349,0.0001817338060376845,0.0001868906192873247,1075.258612755296
1791399900,0.0001868906192873247,0.00018928410839619934,0.00018142227921462217,0.00018828135265752457,818.4037353395215
1791399960,0.00018828135265752457,0.0001883955606619709,0.00017730259733180826,0.00017811104711810055,933.863171958531
1791400020,0.00017811104711810055,0.00018502506820806643,0.00017393253971801818,0.0001821882840949589,1153.0976050668476
1791400080,0.0001821882840949589,0.00018876262428848845,0.00017927672753003895,0.00018031997055010065,1391.5493276786374
1791400140,0.00018031997055010065,0.00018594574655290508,0.0001780567902377541,0.00018338748236298245,1234.5032769257127
1791400200,0.00018338748236298245,0.00018933851439164324,0.00018067251634115277,0.0001892869211179123,1532.2598251150425
1791400260,0.0001892869211179123,0.00018939329929195458,0.00018183050827375366,0.00018876227024180716,1139.5264143041375
1791400320,0.00018876227024180716,0.00019137549159192136,0.00018352813578309895,0.00019130868436112504,1153.0904913939194
1791400380,0.00019130868436112504,0.00019533167742856328,0.00018664854786274083,0.0001939301102836995,1227.2473752313863
1791400440,0.0001939301102836995,0.00019408928507118887,0.00018555014364954683,0.00019213093238352563,1205.50867275788
1791400500,0.00019213093238352563,0.0001922062599016039,0.0001851670670607555,0.00018788269165407237,1045.730912185422
1791400560,0.00018788269165407237,0.00019020016578682284,0.0001829148643274144,0.00019020016578682284,1018.3490432472098
1791400620,0.00019020016578682284,0.00019033123761521352,0.00018252626526918132,0.00018955723753612258,904.2788209338593
1791400680,0.00018955723753612258,0.00019158184091610988,0.0001835192509042612,0.00019158184091610988,1253.927742053991
1791400740,0.00019158184091610988,0.00019459662929807733,0.00018735507549808174,0.00019261198006122584,862.8014444157928
1791400800,0.00019261198006122584,0.00019335030806730597,0.00018387101433497494,0.00018996150904736643,1498.0193267785437
1791400860,0.00018996150904736643,0.00019342850721718242,0.00018746567544713813,0.00019341480241828285,962.2535423682067
1791400920,0.00019341480241828285,0.00019758795757683035,0.00019088354516294455,0.0001963034634815314,651.5326302953084
1791400980,0.0001963034634815314,0.00019835380441374673,0.0001903394865867246,0.00019594534774659226,1117.770416217119
1791401040,0.00019594534774659226,0.00020215195884196811,0.00019496453067603946,0.00019941881715864574,1140.8325627217976
1791401100,0.00019941881715864574,0.0002026937339165852,0.00019379529585382597,0.00020002812102766423,1079.380549509258
1791401160,0.00020002812102766423,0.00020104570991947142,0.00019301078250943507,0.00019841892923508505,1122.0040527245935
1791401220,0.00019841892923508505,0.00020201309303993843,0.00019278066842570192,0.00019278066842570192,1336.3907092670697
1791401280,0.00019278066842570192,0.0002044621843448652,0.00018994312194388146,0.00018994312194388146,1363.5740902844018
1791401340,0.00018994312194388146,0.00019778280523495415,0.00018854056258777317,0.00018854056258777317,913.0888064743207
1791401400,0.00018854056258777317,0.00019745302695850113,0.00018841589359736962,0.0001917686449423363,1280.7069162830066
1791401460,0.0001917686449423363,0.00019818198322620967,0.00018848774240087977,0.00019025520127129725,1194.629047031586
1791401520,0.00019025520127129725,0.00019135689828376644,0.00018498145209609732,0.00018848520675151246,919.3476205108173
1791401580,0.00018848520675151246,0.00019492549660357335,0.0001848165868573452,0.0001848581290563687,1196.1686338942093
1791401640,0.0001848581290563687,0.00019281279202384573,0.0001847898395426075,0.0001887171100063907,874.6697689787665
1791401700,0.0001887171100063907,0.0001945722065564863,0.00018689133256384884,0.00019124458808859318,1412.1064006194624
1791401760,0.00019124458808859318,0.00019143827182513363,0.0001792685865855331,0.0001819046405894649,857.0265564290819
1791401820,0.0001819046405894649,0.00018282568360427327,0.00017626646200361013,0.00018116702777319825,1028.0987714607377
1791401880,0.00018116702777319825,0.00018492762483028044,0.00017812224635330902,0.00018200389327162773,990.8733578402846
1791401940,0.00018200389327162773,0.0001894531884128133,0.0001812364927308458,0.000183297445205948,1394.797772653926
1791402000,0.000183297445205948,0.00019196493503568067,0.00018263326627015629,0.00018495490644626224,1431.5175618702795
1791402060,0.00018495490644626224,0.00019078165597610788,0.00018344895555132745,0.00018788747544371066,950.5798963685942
1791402120,0.00018788747544371066,0.0001946078024025656,0.00018618395761575566,0.00018860251534454217,1014.7449415849994
1791402180,0.00018860251534454217,0.00019350087117782664,0.0001861459895082668,0.00018917262253336441,948.9886909659683
1791402240,0.00018917262253336441,0.00019537619894363718,0.00018917262253336441,0.00019364821531447644,1008.2464262734302
1791402300,0.00019364821531447644,0.00020341587188227623,0.00019108668786875437,0.00019602201260274498,1410.1512127704357
1791402360,0.00019602201260274498,0.00020182495360602807,0.00019342077758552654,0.00019994878248738075,1117.1865293500302
1791402420,0.00019994878248738075,0.00019999458632303737,0.0001928198098649562,0.000197435039843664,964.5594712243006
1791402480,0.000197435039843664,0.00020342620468392222,0.00019372644541014404,0.0002002536808076058,1197.1442348534742
1791402540,0.0002002536808076058,0.0002040274164046635,0.00019597080881583284,0.00019863759440530405,721.5568768907697
1791402600,0.00019863759440530405,0.00020762930008206377,0.0001961131856151088,0.00020201895442077482,1238.3706994148372
1791402660,0.00020201895442077482,0.00020799728016878327,0.00019930703604572624,0.0002030214180067447,751.9043938381632
1791402720,0.0002030214180067447,0.0002088174212625928,0.00020075030840957197,0.0002050535371081504,1265.824553012428
1791402780,0.0002050535371081504,0.0002119149289726655,0.0002014050534205394,0.00021096009775866575,1078.9815713754808
1791402840,0.00021096009775866575,0.00021294133993417761,0.00019915478244509165,0.00020033105293425582,1455.692651023003
1791402900,0.00020033105293425582,0.0002085084034101983,0.00020033105293425582,0.00020542106309580653,1043.2585943040128
1791402960,0.00020542106309580653,0.00020555906598681702,0.000196710674362837,0.0002032584535204411,1198.262414343892
1791403020,0.0002032584535204411,0.00020351618593732787,0.00019479828442114466,0.00019882640174437796,1397.961243266894
1791403080,0.00019882640174437796,0.00020847279284241923,0.0001983929450889202,0.00020324181471321665,1019.3628734588231
1791403140,0.00020324181471321665,0.00020452670477618724,0.00019459948828320315,0.00019934298074338747,1381.8548937847463
1791403200,0.00019934298074338747,0.00020066335080016576,0.00019330481279675643,0.00019768020604805334,1018.6300380984205
1791403260,0.00019768020604805334,0.00019772768260143767,0.0001861818051925928,0.00018969897974251888,1004.6573212408638
1791403320,0.00018969897974251888,0.000192341115762719,0.00018557582472606923,0.0001899530441583434,933.5414286207905
1791403380,0.0001899530441583434,0.0001908184593037055,0.0001867475611395279,0.0001888441982329123,775.5778883674554
1791403440,0.0001888441982329123,0.00019444127479030897,0.00018569659571582555,0.00019444127479030897,1139.0327703668715
1791403500,0.00019444127479030897,0.00019651335587083486,0.00018924574144880884,0.0001894177555891891,1306.2380036198447
1791403560,0.0001894177555891891,0.00020335719935308318,0.00018825845913107668,0.0001951976275544715,1451.3460518403006
1791403620,0.0001951976275544715,0.00020261050457226116,0.00019347115166996483,0.0001990837291022694,1182.1140333938051
1791403680,0.0001990837291022694,0.0001997337707561918,0.0001931985895838306,0.0001959511150343352,870.7367218402345
1791403740,0.0001959511150343352,0.00020387029099947155,0.00019332698542208642,0.00020298210138442968,1245.0243019888003
1791403800,0.00020298210138442968,0.0002066891621026918,0.00019654968517730556,0.00019654968517730556,1161.6545163710111
1791403860,0.00019654968517730556,0.0002043335216175546,0.00019654968517730556,0.0002008988198220667,796.0554089818141
1791403920,0.0002008988198220667,0.0002043627432292538,0.00019704743643258378,0.00019967106357261216,1199.6752506520893
1791403980,0.00019967106357261216,0.0002040842724063067,0.0001956782128592611,0.00020133557097886857,1207.6483915060153
1791404040,0.00020133557097886857,0.00020823080833590326,0.0001968234834487836,0.00020524066932526194,1260.7136517047513
1791404100,0.00020524066932526194,0.0002111845174651489,0.00020023629870938493,0.0002066293258256219,1715.3547965387177
1791404160,0.0002066293258256219,0.00021307800225966376,0.00020518230880677343,0.00020890100598516844,1143.4378177436781
1791404220,0.00020890100598516844,0.0002129514822976192,0.00020483915644044486,0.00021087626643305458,1068.9940995234285
1791404280,0.00021087626643305458,0.00021386631792066205,0.0002022989311833967,0.0002070712615394976,1781.4805067389273
1791404340,0.0002070712615394976,0.0002142797306303964,0.00020422289385542034,0.00021426649416302141,1320.1928586861156
1791404400,0.00021426649416302141,0.00021865983619557582,0.00021039893538705111,0.00021639970534622534,1310.0824304663852
1791404460,0.00021639970534622534,0.00021639970534622534,0.00020750242991591586,0.00021529103039111383,1097.0243606005763
1791404520,0.00021529103039111383,0.00021993715678000428,0.0002097591451132817,0.00021595581290438867,998.4926883364625
1791404580,0.00021595581290438867,0.00022078228029332315,0.0002130490727925891,0.00021744830942609482,1111.2813646247546
1791404640,0.00021744830942609482,0.00021980566878273473,0.0002118287125927798,0.0002194949318146116,1300.5438924097236
1791404700,0.0002194949318146116,0.00022020277641996477,0.0002103200641451226,0.00021873933532944828,1294.7470075852532
1791404760,0.00021873933532944828,0.00022410777572408742,0.00021488139250698063,0.00022195643944378988,1083.2951761474162
1791404820,0.00022195643944378988,0.00022331402305030362,0.00021374714288902426,0.00021601880568442237,1110.8492881352222
1791404880,0.00021601880568442237,0.0002178226387801539,0.00020684947298876843,0.0002113008423782297,1349.8090250626772
1791404940,0.0002113008423782297,0.00021141172996925504,0.00019973061452086452,0.00020589667136382172,1352.2023631306213
1791405000,0.00020589667136382172,0.00021055699278612253,0.00020022001514476555,0.0002073088863820083,1291.5566018604648
1791405060,0.0002073088863820083,0.00020953649262443042,0.00019421300762688772,0.0001979100800698277,1119.0280419713674
1791405120,0.0001979100800698277,0.0002006043331653457,0.00019353080639105392,0.00019501670032054936,1004.9922634872672
1791405180,0.00019501670032054936,0.00020211951966631227,0.00019231242407330776,0.00019624070662766096,1309.1182487443118
1791405240,0.00019624070662766096,0.00020047466486560055,0.000190643363105666,0.00019960623770048257,1257.1712327764103
1791405300,0.00019960623770048257,0.0002043916344941108,0.00019426136450702007,0.00020259730146711407,1294.1122641802974
1791405360,0.00020259730146711407,0.00020685012726645704,0.00019887325933802294,0.00020377316288108622,1003.579717351903
1791405420,0.00020377316288108622,0.0002128434742551973,0.00020214700282112497,0.00020474926804384683,1383.964224086011
1791405480,0.00020474926804384683,0.00021465678329331766,0.0002044435239380575,0.00021159227044336535,1098.0307392704224
1791405540,0.00021159227044336535,0.0002142336628876643,0.00020703993118898213,0.00021004809974718068,911.6395050209204
1791405600,0.00021004809974718068,0.00021420566372405128,5.913741944545048e-06,5.915556185102927e-06,21113.6658189936
1791405660,5.915556185102927e-06,5.915556185102927e-06,5.153313445038101e-06,5.153313445038101e-06,279.98361859108405
1791405720,5.153313445038101e-06,5.153313445038101e-06,3.4675379524490434e-06,3.7047479868755395e-06,792.7474802562525
1791405780,3.7047479868755395e-06,3.7047479868755395e-06,3.6184128546708626e-06,3.6185339043716407e-06,26.18042565151215
1791405840,3.6185339043716407e-06,3.7162922536846293e-06,3.5869947765238046e-06,3.7033161810410247e-06,78.91144549008527
1791405900,3.7033161810410247e-06,3.78276927580652e-06,3.7005524026314047e-06,3.764222549495902e-06,36.77299687992627
1791405960,3.764222549495902e-06,4.028259765638758e-06,3.7628023386941787e-06,3.7775923265626848e-06,207.87180630801777
1791406020,3.7775923265626848e-06,4.254568999960364e-06,3.7775923265626848e-06,4.2139190065633795e-06,11.753723206120217
1791406080,4.2139190065633795e-06,4.2139190065633795e-06,4.163771657621947e-06,4.163771657621947e-06,22.462306968820037
1791406140,4.163771657621947e-06,4.163771657621947e-06,4.140973009053097e-06,4.143413759527776e-06,7.946701409147844
1791406200,4.143413759527776e-06,4.143413759527776e-06,3.925319468135695e-06,3.925319468135695e-06,93.90672276876275
1791406260,3.925319468135695e-06,3.925319468135695e-06,3.89657611504479e-06,3.903680314050682e-06,11.04321402048888
1791406320,3.903680314050682e-06,3.903680314050682e-06,3.8946219517297185e-06,3.89778782839107e-06,0.15909149407403894
1791406380,3.89778782839107e-06,3.948239285219107e-06,3.89778782839107e-06,3.898149406177092e-06,0.4334140547494602
1791406440,3.898149406177092e-06,3.898149406177092e-06,3.884900453341416e-06,3.888187570468261e-06,4.2817848826970435
1791406500,3.888187570468261e-06,3.888495401442525e-06,3.885954525588682e-06,3.888189037658331e-06,1.0166373263319841
1791406740,3.888189037658331e-06,3.938238309618914e-06,3.888189037658331e-06,3.938238309618914e-06,0.06024527897928775
1791406860,3.938238309618914e-06,3.955834754023243e-06,3.938238309618914e-06,3.955834754023243e-06,11.067785949364259
1791406920,3.955834754023243e-06,3.95951141200913e-06,3.955834754023243e-06,3.95951141200913e-06,0.1479552505856695
1791406980,3.95951141200913e-06,3.95951141200913e-06,3.905839401837729e-06,3.905839401837729e-06,0.00575785746386484
1791407160,3.905839401837729e-06,3.909015697452211e-06,3.905839401837729e-06,3.909015697452211e-06,0.986878856765994
1791407220,3.909015697452211e-06,3.958185969401506e-06,3.9084337054268134e-06,3.9084337054268134e-06,0.04475409265972019
1791407340,3.9084337054268134e-06,3.958604585875187e-06,3.9084337054268134e-06,3.958604585875187e-06,2.5132447655137633
1791407520,3.958604585875187e-06,3.958604585875187e-06,3.8998759182382736e-06,3.8998759182382736e-06,5.678698104847011
1791407700,3.8998759182382736e-06,3.8998759182382736e-06,3.838034273418252e-06,3.838034273418252e-06,53.7124152287922
1791407760,3.838034273418252e-06,3.838034273418252e-06,3.7385880627435532e-06,3.7385880627435532e-06,34.153416271071315
1791408180,3.7385880627435532e-06,3.7385880627435532e-06,3.69404783681349e-06,3.69404783681349e-06,2.9499339850241446
1791408240,3.69404783681349e-06,3.69404783681349e-06,3.6917370879621944e-06,3.6917370879621944e-06,1.043125114436992
1791408480,3.6917370879621944e-06,3.6917370879621944e-06,3.685088375470814e-06,3.685088375470814e-06,0.10020195624852146
1791408660,3.685088375470814e-06,3.7307907443310935e-06,3.6835405101051877e-06,3.6835405101051877e-06,0.24519246946182094
1791408780,3.6835405101051877e-06,3.731838462118797e-06,3.6835405101051877e-06,3.731838462118797e-06,2.626302854835063
1791408840,3.731838462118797e-06,3.7330127039354777e-06,3.731838462118797e-06,3.7330127039354777e-06,0.11393464478077048
1791409020,3.7330127039354777e-06,3.7330127039354777e-06,3.678537602260393e-06,3.678537602260393e-06,2.8193060775579553
1791409380,3.678537602260393e-06,3.678537602260393e-06,3.666543144470228e-06,3.666543144470228e-06,0.03340513960502913
1791409500,3.666543144470228e-06,3.6677524858025097e-06,3.666543144470228e-06,3.6677524858025097e-06,0.09266451929422234
1791409620,3.6677524858025097e-06,3.7204270797601096e-06,3.6677524858025097e-06,3.7204270797601096e-06,1.706238802931989
1791409740,3.7204270797601096e-06,3.726945688670465e-06,3.7204270797601096e-06,3.726945688670465e-06,2.781498612078631
1791409800,3.726945688670465e-06,3.727682733502104e-06,3.726945688670465e-06,3.727682733502104e-06,0.05590810244536471
1791409980,3.727682733502104e-06,3.727682733502104e-06,3.7237331844284925e-06,3.7237331844284925e-06,0.41293947005729476
1791410400,3.7237331844284925e-06,3.733185944749692e-06,3.7237331844284925e-06,3.733185944749692e-06,0.3799698849966722
1791410760,3.733185944749692e-06,3.733185944749692e-06,3.6856497005779566e-06,3.6856497005779566e-06,0.06786058501061282
1791411060,3.6856497005779566e-06,3.738574381865314e-06,3.6856497005779566e-06,3.738574381865314e-06,0.012189001916439342
1791411540,3.738574381865314e-06,3.738574381865314e-06,3.686307285063034e-06,3.686307285063034e-06,0.07689024733440944
1791411720,3.686307285063034e-06,3.7409002552825005e-06,3.686307285063034e-06,3.7409002552825005e-06,1.4235735760606711
1791412200,3.7409002552825005e-06,3.7459908542839156e-06,3.7409002552825005e-06,3.7459908542839156e-06,0.130585879040168
1791412500,3.7459908542839156e-06,3.7459908542839156e-06,3.703427682516773e-06,3.703427682516773e-06,0.03822194161810759
1791413700,3.703427682516773e-06,3.703427682516773e-06,3.7013835796744446e-06,3.7013835796744446e-06,1.8150132244173438
1791413820,3.7013835796744446e-06,3.7013835796744446e-06,3.696489733944486e-06,3.696489733944486e-06,1.3594601059189066
1791414060,3.696489733944486e-06,3.7426349407338012e-06,3.696489733944486e-06,3.7426349407338012e-06,1.119196108274448
1791414120,3.7426349407338012e-06,3.7500831586008238e-06,3.7426349407338012e-06,3.7500831586008238e-06,2.803721520329855
1791414180,3.7500831586008238e-06,3.754442897346953e-06,3.7500831586008238e-06,3.754442897346953e-06,0.2795612357391571
1791414840,3.754442897346953e-06,3.7604402762633366e-06,3.754442897346953e-06,3.7604402762633366e-06,4.34103025890364
1791415260,3.7604402762633366e-06,3.7604402762633366e-06,3.723516000023521e-06,3.723516000023521e-06,0.9619043181885301
1791415680,3.723516000023521e-06,3.7712189121818846e-06,3.723516000023521e-06,3.7712189121818846e-06,0.5395305321293188
1791415920,3.7712189121818846e-06,3.827434581482502e-06,3.7712189121818846e-06,3.7788465897779668e-06,96.1273242905418
1791416280,3.7788465897779668e-06,3.7788465897779668e-06,3.7223676409213127e-06,3.7223676409213127e-06,0.31124453362087895
1791416460,3.7223676409213127e-06,3.7223676409213127e-06,3.7217346482472593e-06,3.7217346482472593e-06,0.07246360370024313
1791416580,3.7217346482472593e-06,3.770605057251082e-06,3.7217346482472593e-06,3.770605057251082e-06,0.9540417931048333
1791416940,3.770605057251082e-06,3.7721508706906304e-06,3.770605057251082e-06,3.7721508706906304e-06,0.6431027092295789
1791417540,3.7721508706906304e-06,3.7742619074357756e-06,3.7721508706906304e-06,3.7742619074357756e-06,0.5657041772307183
1791417660,3.7742619074357756e-06,3.7742619074357756e-06,3.724078303227436e-06,3.724078303227436e-06,0.867494388344298
1791418020,3.724078303227436e-06,3.724078303227436e-06,3.7221679794258853e-06,3.7221679794258853e-06,0.5343696312158734
1791418140,3.7221679794258853e-06,3.7221679794258853e-06,3.716367389630737e-06,3.716367389630737e-06,3.5777874262550426
1791418380,3.716367389630737e-06,3.716367389630737e-06,3.71048266454123e-06,3.71048266454123e-06,0.8930305343052858
1791418500,3.71048266454123e-06,3.7113292415922726e-06,3.71048266454123e-06,3.7113292415922726e-06,0.6699257149084088
1791419880,3.7113292415922726e-06,3.761242156388057e-06,3.7113292415922726e-06,3.761242156388057e-06,4.010630295889876
1791419940,3.761242156388057e-06,3.7658942981737304e-06,3.761242156388057e-06,3.7658942981737304e-06,0.12587172181920034
1791420060,3.7658942981737304e-06,3.7658942981737304e-06,3.714578540534274e-06,3.714578540534274e-06,1.6542467184198806
1791420540,3.714578540534274e-06,3.715393791508785e-06,3.714578540534274e-06,3.715393791508785e-06,3.048951976928984
1791421320,3.715393791508785e-06,3.767708804362661e-06,3.715393791508785e-06,3.767708804362661e-06,0.16379729070738855
1791421380,3.767708804362661e-06,3.7719681213500126e-06,3.767708804362661e-06,3.7719681213500126e-06,2.645147588044532
1791421440,3.7719681213500126e-06,3.777700030092015e-06,3.7719681213500126e-06,3.7776609883570915e-06,0.3197259499470254
1791421620,3.7776609883570915e-06,3.7792161827862585e-06,3.7776609883570915e-06,3.7792161827862585e-06,0.5760768988254872
1791422100,3.7792161827862585e-06,3.7792161827862585e-06,3.7271661375993664e-06,3.7271661375993664e-06,2.9325678228927985
1791422580,3.7271661375993664e-06,3.762452088391249e-06,3.7271661375993664e-06,3.762452088391249e-06,2.606337465813868
1791422640,3.762452088391249e-06,3.768273022338464e-06,3.762452088391249e-06,3.768273022338464e-06,2.5802626787005463
1791422700,3.768273022338464e-06,3.775052126448301e-06,3.768273022338464e-06,3.775052126448301e-06,0.1486756121133179
1791423420,3.775052126448301e-06,3.775052126448301e-06,3.7269984092689496e-06,3.7269984092689496e-06,2.8156097499944606
1791423780,3.7269984092689496e-06,3.773709266496719e-06,3.721345537881807e-06,3.773709266496719e-06,4.0373391287685605
1791423840,3.773709266496719e-06,3.773709266496719e-06,3.773030741178696e-06,3.773030741178696e-06,0.14883697767764303
1791423960,3.773030741178696e-06,3.773030741178696e-06,3.7727792192902958e-06,3.7727792192902958e-06,0.007314823406959131
1791424320,3.7727792192902958e-06,3.7727792192902958e-06,3.7699337419858714e-06,3.7699337419858714e-06,0.5725388581588747
1791424620,3.7699337419858714e-06,3.7699337419858714e-06,3.717901228535671e-06,3.717901228535671e-06,2.6121105771367965
1791425100,3.717901228535671e-06,3.7665663890859823e-06,3.717901228535671e-06,3.7665663890859823e-06,2.9370215004272033
1791425220,3.7665663890859823e-06,3.7753817747218136e-06,3.7665663890859823e-06,3.7753817747218136e-06,2.460843946574924
1791425400,3.7753817747218136e-06,3.7753817747218136e-06,3.7214637643338514e-06,3.7214637643338514e-06,2.521514392999509
1791425700,3.7214637643338514e-06,3.7774964354888356e-06,3.7214637643338514e-06,3.7774964354888356e-06,2.1790821293494824
1791425820,3.7774964354888356e-06,3.7774964354888356e-06,3.7284292571246408e-06,3.7284292571246408e-06,0.0832878515718909
1791426060,3.7284292571246408e-06,3.775785963627147e-06,3.7284292571246408e-06,3.775785963627147e-06,0.18307841728980928
1791426600,3.775785963627147e-06,3.775785963627147e-06,3.7330159047793963e-06,3.7330159047793963e-06,2.4318847032617334
1791426900,3.7330159047793963e-06,3.7824618394982163e-06,3.7330159047793963e-06,3.7824618394982163e-06,0.5406369065183214
1791427080,3.7824618394982163e-06,3.7824618394982163e-06,3.733720898438243e-06,3.733720898438243e-06,0.3775460784234228
1791427140,3.733720898438243e-06,3.788472727066156e-06,3.733720898438243e-06,3.788472727066156e-06,2.185226998013638
1791427200,3.788472727066156e-06,3.791216514935286e-06,3.788472727066156e-06,3.7911205125037875e-06,0.11465884646729221
1791427320,3.7911205125037875e-06,3.7911205125037875e-06,3.78685993305701e-06,3.78685993305701e-06,0.006317050321591852
1791427380,3.78685993305701e-06,3.78685993305701e-06,3.7409431416011835e-06,3.7409431416011835e-06,0.6280181241892471
1791427500,3.7409431416011835e-06,3.791599693338378e-06,3.7409431416011835e-06,3.791599693338378e-06,0.919729837911173
1791427620,3.791599693338378e-06,3.791599693338378e-06,3.743169257337631e-06,3.743169257337631e-06,0.2380178606011278
1791428460,3.743169257337631e-06,3.7854440169932217e-06,3.743169257337631e-06,3.7854440169932217e-06,0.1306967442647858
1791428520,3.7854440169932217e-06,3.7854440169932217e-06,3.7375298162590544e-06,3.7375298162590544e-06,0.5461063761699986
1791428580,3.7375298162590544e-06,3.787133888791697e-06,3.7375298162590544e-06,3.787133888791697e-06,5.814482131001583
1791428700,3.787133888791697e-06,3.7888536430209627e-06,3.787133888791697e-06,3.7888536430209627e-06,0.17093421077285892
1791428760,3.7888536430209627e-06,3.7888536430209627e-06,3.783431252236043e-06,3.783431252236043e-06,0.2007394303765385
1791429060,3.783431252236043e-06,3.783431252236043e-06,3.7380253437655447e-06,3.7380253437655447e-06,0.009914150647222626
1791430200,3.7380253437655447e-06,3.7850762011143566e-06,3.7380253437655447e-06,3.7850762011143566e-06,0.6822939491635439
1791430560,3.7850762011143566e-06,3.7850762011143566e-06,3.7338143726279447e-06,3.7338143726279447e-06,1.05386633559403
1791430680,3.7338143726279447e-06,3.777755461071683e-06,3.7338143726279447e-06,3.777755461071683e-06,0.1423208025896696
1791430800,3.777755461071683e-06,3.777755461071683e-06,3.730271264424532e-06,3.730271264424532e-06,0.515079085513685
1791431160,3.730271264424532e-06,3.730271264424532e-06,3.7287717385319934e-06,3.7287717385319934e-06,0.07036928536352136
1791431640,3.7287717385319934e-06,3.7737894523424648e-06,3.7287717385319934e-06,3.7737894523424648e-06,0.13560918763855848
1791435720,3.7737894523424648e-06,3.7737894523424648e-06,3.7564167064770134e-06,3.7564167064770134e-06,1.8930005310437519
1791437100,3.7564167064770134e-06,3.7763060423188794e-06,3.7564167064770134e-06,3.7763060423188794e-06,0.9694330769757153
1791437640,3.7763060423188794e-06,3.7763060423188794e-06,3.731947306908896e-06,3.731947306908896e-06,0.022763610557211954
