ts,o,h,l,c,v
1790040480,0.004771811715694626,0.004819599520775883,0.0047663855323078885,0.004776849408898451,810.8860581833655
1790040540,0.004776849408898451,0.0049320985516628675,0.004776849408898451,0.0049033384687123234,4144.511354883264
1790040600,0.0049033384687123234,0.0049033384687123234,0.004850423057512685,0.0048618968358678195,1892.9417325345257
1790040660,0.0048618968358678195,0.0048618968358678195,0.004819351361891294,0.004825772120155779,4.98123970775133
1790040720,0.004825772120155779,0.004869353282727365,0.004822741620211902,0.00482507961495811,79.93861566654031
1790040780,0.00482507961495811,0.004877233794740881,0.00482507961495811,0.004873470539461805,89.64246290524989
1790040840,0.004873470539461805,0.004879869592500807,0.004873470539461805,0.004879869592500807,5.419823965730938
1790040900,0.004879869592500807,0.004879869592500807,0.004875537453671191,0.004875537453671191,117.19715863681162
1790040960,0.004875537453671191,0.004875537453671191,0.004504039608194166,0.0045256073784480716,9306.93743259589
1790041020,0.0045256073784480716,0.004526523279902104,0.004518093300844765,0.004518093300844765,12.973696697743753
1790041080,0.004518093300844765,0.004518268332091851,0.004510405157469882,0.004510405157469882,5.549061533487225
1790041140,0.004510405157469882,0.0045199414170882845,0.004467371939636164,0.0045199414170882845,118.32614128918792
1790041260,0.0045199414170882845,0.0045741645539731125,0.0045199414170882845,0.0045741645539731125,1261.8766946705323
1790041380,0.0045741645539731125,0.004574430845380857,0.004528505519378907,0.004528505519378907,96.084946386563
1790041440,0.004528505519378907,0.004573341041512292,0.004528505519378907,0.004573341041512292,2.387233319037289
1790041500,0.004573341041512292,0.004584671467879472,0.004573341041512292,0.004584671467879472,258.1146828366926
1790041560,0.004584671467879472,0.004619098731215063,0.004584671467879472,0.004619098731215063,1240.0053322659555
1790041680,0.004619098731215063,0.00469094742390766,0.004619098731215063,0.00469094742390766,1643.5337394674543
1790041740,0.00469094742390766,0.00470745212554952,0.00469094742390766,0.00470745212554952,282.6638717177795
1790041800,0.00470745212554952,0.00470745212554952,0.004661332684642446,0.004661332684642446,25.713788081303854
1790041920,0.004661332684642446,0.004666047949627237,0.004661332684642446,0.004666047949627237,20.769097517128976
1790041980,0.004666047949627237,0.004713375269496773,0.004666047949627237,0.004668236863416268,151.90582258668056
1790042040,0.004668236863416268,0.00471701453455176,0.004668236863416268,0.004715991835423175,43.68717259242071
1790042100,0.004715991835423175,0.004723028902250309,0.004715991835423175,0.004723028902250309,98.50750075494618
1790042160,0.004723028902250309,0.004723028902250309,0.00467379368629814,0.00467379368629814,8.526401195625342
1790042220,0.00467379368629814,0.004720862100604958,0.00467379368629814,0.004720862100604958,98.8690396017072
1790042280,0.004720862100604958,0.004725064676934391,0.004720862100604958,0.004725064676934391,11.262129385845743
1790042340,0.004725064676934391,0.004730993760706126,0.004725064676934391,0.004730993760706126,102.35272763900481
1790042400,0.004730993760706126,0.004774570474923705,0.004685618499400444,0.004774570474923705,1198.950875017119
1790042460,0.004774570474923705,0.004854166488578427,0.004740544201487278,0.004816971232190472,2052.539877924866
1790042520,0.004816971232190472,0.004820477581475336,0.004816971232190472,0.004820477581475336,99.11020170700036
1790042580,0.004820477581475336,0.0048719519474112166,0.004779881560515973,0.004779881560515973,1642.2000641047036
1790042640,0.004779881560515973,0.004791382149227564,0.004779881560515973,0.004791382149227564,6.402045900546122
1790042700,0.004791382149227564,0.004791382149227564,0.004741559134161104,0.004741559134161104,37.471624980951674
1790042760,0.004741559134161104,0.004798487527932544,0.004741559134161104,0.004798487527932544,96.51465197419508
1790042880,0.004798487527932544,0.004919721178216463,0.004798487527932544,0.004887812695009367,2830.301845061292
1790042940,0.004887812695009367,0.0049625379602847184,0.004887812695009367,0.004931159359419362,1367.7378160046894
1790043000,0.004931159359419362,0.004974870390361091,0.004927957143071695,0.004974870390361091,56.639591765136636
1790043060,0.004974870390361091,0.004974870390361091,0.004903020146883481,0.00495145902485026,555.4615058493852
1790043120,0.00495145902485026,0.004958985361304517,0.00490541094663275,0.00490541094663275,152.9376187661324
1790043180,0.00490541094663275,0.004959655589053734,0.00490541094663275,0.004959655589053734,86.90205055206765
1790043240,0.004959655589053734,0.004959655589053734,0.0049139580304327765,0.0049139580304327765,49.24399561769422
1790043360,0.0049139580304327765,0.0049139580304327765,0.004908718419252308,0.004908718419252308,100.02228365419589
1790043600,0.004908718419252308,0.004946707691021914,0.003218264098125116,0.0036915518093159154,86783.8136354072
1790043660,0.0036915518093159154,0.004083634655787687,0.0036915518093159154,0.004068095364812696,27827.07272046612
1790043720,0.004068095364812696,0.004158486925268237,0.0038808364150292075,0.004054931414633881,22725.251196592773
1790043780,0.004054931414633881,0.004354072877366561,0.004054931414633881,0.0042619147932708885,15741.983133451695
1790043840,0.0042619147932708885,0.004364358780505151,0.0042619147932708885,0.004354873057395866,9209.255012672405
1790043900,0.004354873057395866,0.004415884657439391,0.0042423628932266085,0.004264521558902031,6726.44799056418
1790043960,0.004264521558902031,0.00437541351546882,0.004258665244523902,0.00433535704837658,4197.607422078868
1790044020,0.00433535704837658,0.004389251426165376,0.004330261950499389,0.004341145209305654,678.8852864075028
1790044080,0.004341145209305654,0.004385947676569634,0.004304806774868119,0.004355175985898804,1530.2522832654147
1790044140,0.004355175985898804,0.004360290494110289,0.004355175985898804,0.004360290494110289,7.098552924411551
1790044200,0.004360290494110289,0.004360290494110289,0.004269164485478556,0.0042971966833323695,1440.8771935296554
1790044260,0.0042971966833323695,0.004319702688396892,0.0042971966833323695,0.004316008680913225,488.838688362445
1790044320,0.004316008680913225,0.004323360108631586,0.004270361643296674,0.004323360108631586,432.17274467261217
1790044380,0.004323360108631586,0.004327510974970563,0.00428592734886033,0.00428592734886033,54.976138132546055
1790044440,0.00428592734886033,0.004332660126691284,0.00428592734886033,0.004332660126691284,57.48415191796512
1790044500,0.004332660126691284,0.004337356751573468,0.0042897013909505635,0.004337356751573468,504.1152898035794
1790044560,0.004337356751573468,0.004369358235876375,0.004293768842462591,0.004369358235876375,615.8756840575288
1790044620,0.004369358235876375,0.004369358235876375,0.004325913813586089,0.004325913813586089,57.92436122903369
1790044680,0.004325913813586089,0.00432634253884784,0.004325913813586089,0.00432634253884784,149.7999176558009
1790044740,0.00432634253884784,0.004393250641359041,0.00432634253884784,0.004349493818440489,688.3895746543842
1790044800,0.004349493818440489,0.004349493818440489,0.0043248641393497335,0.00432694604026717,557.5769596688583
1790044860,0.00432694604026717,0.00432694604026717,0.0043204045820177455,0.0043204045820177455,17.493172222284286
1790044920,0.0043204045820177455,0.00437637636439768,0.004318939412173178,0.00437637636439768,223.69333983039644
1790044980,0.00437637636439768,0.00437637636439768,0.004333346373348194,0.004333346373348194,0.0005732367249983658
1790045040,0.004333346373348194,0.004386314205310733,0.004330309551309934,0.004386314205310733,484.5157931758071
1790045100,0.004386314205310733,0.004386314205310733,0.004343820276498654,0.004345351550744599,87.07954759646694
1790045160,0.004345351550744599,0.004390187089852778,0.0043360603821438045,0.0043360603821438045,160.410394640143
1790045280,0.0043360603821438045,0.004390000139475293,0.0043360603821438045,0.0043444690615098884,50.023746759429834
1790045340,0.0043444690615098884,0.004391341565019541,0.0043400877422941015,0.004340584651519629,166.3177393855406
1790045400,0.004340584651519629,0.0043821394758331,0.004328679595450922,0.004328679595450922,297.7140505880754
1790045460,0.004328679595450922,0.004366490572562426,0.004322879406624219,0.004366490572562426,142.8287094224675
1790045520,0.004366490572562426,0.004376196018061593,0.004317634633572072,0.0043306324020862185,826.3886293148025
1790045580,0.0043306324020862185,0.0046894496862101365,0.00431298752198938,0.004638816477608736,9430.962706487582
1790045640,0.004638816477608736,0.004638816477608736,0.004621319870148475,0.004621319870148475,301.47893553861303
1790045700,0.004621319870148475,0.005087494141321749,0.004620260660463834,0.004978832916717807,11859.314348513024
1790045760,0.004978832916717807,0.004978832916717807,0.004835612222016212,0.00487858985159938,3033.625828875673
1790045820,0.00487858985159938,0.00487858985159938,0.00481464656407241,0.004831016956455852,1368.476172708315
1790045880,0.004831016956455852,0.004881028716205833,0.004829239601241125,0.004831901785722506,105.47152778264423
1790045940,0.004831901785722506,0.004883550572318936,0.00482653069691551,0.004883550572318936,430.6921712348892
1790046000,0.004883550572318936,0.004883550572318936,0.0047639862367327085,0.004812772289587612,1369.962901516086
1790046060,0.004812772289587612,0.004812772289587612,0.0048039027965807645,0.0048039027965807645,11.285200923783758
1790046120,0.0048039027965807645,0.004814646886573877,0.0048039027965807645,0.004813720355481831,115.84452917599904
1790046180,0.004813720355481831,0.004827314886226872,0.004813720355481831,0.004827314886226872,122.34194135865715
1790046240,0.004827314886226872,0.004827314886226872,0.0047759045819378105,0.004776439804036242,63.53087753364878
1790046300,0.004776439804036242,0.004820564522836982,0.004776439804036242,0.004820564522836982,57.711128823504225
1790046360,0.004820564522836982,0.004824437696928566,0.004820564522836982,0.004824437696928566,20.784572357881284
1790046420,0.004824437696928566,0.004825811394413984,0.004821809839039244,0.004825811394413984,224.11909824321106
1790046480,0.004825811394413984,0.00483666532359357,0.004784300532958981,0.00483666532359357,35.20409304004
1790046540,0.00483666532359357,0.0048877080589238946,0.00483666532359357,0.0048877080589238946,2371.235525648283
1790046600,0.0048877080589238946,0.004888260608268226,0.004879852104293828,0.004879852104293828,309.027220460017
1790046660,0.004879852104293828,0.004879852104293828,0.0048640970758485735,0.0048640970758485735,354.12101556997624
1790046720,0.0048640970758485735,0.0049334390101001884,0.0048640970758485735,0.004931825113089377,628.1389398720103
1790046780,0.004931825113089377,0.0049498640450866575,0.004867703202574757,0.004869975910552175,1524.7583977752095
1790046840,0.004869975910552175,0.005238132697723319,0.004869975910552175,0.005158429021610335,10000.851132898519
1790046900,0.005158429021610335,0.005262097281795051,0.005147873154505364,0.005217966096713821,7664.202042983501
1790046960,0.005217966096713821,0.00569642822105092,0.005209927576909245,0.005460987276828894,14345.808755650247
1790047020,0.005460987276828894,0.005544130444524762,0.005394717890284062,0.005442373106548225,3066.3932041354005
1790047080,0.005442373106548225,0.005442702434893662,0.005356426224885342,0.005409935017959008,981.969731835661
1790047140,0.005409935017959008,0.005519837661325062,0.005353625509000312,0.005426552433524546,3498.2585711676174
1790047200,0.005426552433524546,0.0054721070112985605,0.005409197478270922,0.00546067973804249,128.37386372051373
1790047260,0.00546067973804249,0.005464594450193225,0.005408070341034075,0.005408070341034075,501.7777598959477
1790047320,0.005408070341034075,0.005454714443311438,0.0054001227689204285,0.005454714443311438,355.9847617927676
1790047380,0.005454714443311438,0.005458957869214475,0.005389701722280723,0.005458957869214475,1077.3660892194623
1790047440,0.005458957869214475,0.005458957869214475,0.00540112463458965,0.00540112463458965,271.8471101865124
1790047500,0.00540112463458965,0.00544663535604553,0.005386796431791124,0.0054399345931433135,240.0575860487353
1790047560,0.0054399345931433135,0.00544733827983842,0.005398899360546697,0.005400441799558174,84.5136797473661
1790047620,0.005400441799558174,0.005452953108467373,0.005337743764832202,0.005337743764832202,1636.0142864342545
1790047680,0.005337743764832202,0.005377060858025015,0.005337743764832202,0.005377060858025015,3.637734868294829
1790047740,0.005377060858025015,0.00538415890756476,0.005377060858025015,0.00538415890756476,46.32079996925619
1790047800,0.00538415890756476,0.00538415890756476,0.005301400151722649,0.005301400151722649,623.2581030628269
1790047860,0.005301400151722649,0.0053506740846489265,0.005294154931806471,0.0053506740846489265,90.25693461323687
1790047980,0.0053506740846489265,0.005350717212564447,0.005300972869124424,0.005350717212564447,51.297347807842165
1790048040,0.005350717212564447,0.005350717212564447,0.005301259186143529,0.005346459974008919,110.21204076427328
1790048100,0.005346459974008919,0.005348669887553001,0.0052612186237629656,0.00529794250226798,942.7171581159922
1790048160,0.00529794250226798,0.00529794250226798,0.005211143603028981,0.005211143603028981,775.829103652307
1790048220,0.005211143603028981,0.005258769014001399,0.005202543280792318,0.005202543280792318,192.37398771456114
1790048280,0.005202543280792318,0.005253531343954472,0.005202543280792318,0.005253531343954472,4.967117893184237
1790048340,0.005253531343954472,0.005254562316941154,0.0052507335081474985,0.005251064585743167,25.866349365715493
1790048520,0.005251064585743167,0.0052548443007574604,0.005251064585743167,0.0052548443007574604,5.182225915305428
1790048580,0.0052548443007574604,0.0052548443007574604,0.005251256188455363,0.005251256188455363,2.8810964302835655
1790048640,0.005251256188455363,0.00525861554689805,0.005208681617858,0.005208681617858,104.45788975956089
1790048700,0.005208681617858,0.005208681617858,0.0052033278732401,0.0052033278732401,137.70187767565002
1790048760,0.0052033278732401,0.0052033278732401,0.005196961429555974,0.005196961429555974,148.7223839723372
1790048820,0.005196961429555974,0.005196961429555974,0.005183239181452944,0.005183573240721517,272.38810119164293
1790048880,0.005183573240721517,0.005183573240721517,0.005180665564683084,0.005180665564683084,47.76988103882978
1790048940,0.005180665564683084,0.005234574248392058,0.005180665564683084,0.005234574248392058,42.66031226078827
1790049000,0.005234574248392058,0.005234574248392058,0.005141981810043568,0.005155558974241611,1648.7313830640599
1790049120,0.005155558974241611,0.005206604887475278,0.005155558974241611,0.005206604887475278,2029.468710240845
1790049180,0.005206604887475278,0.005206604887475278,0.005201181025230529,0.005201181025230529,184.55589799585044
1790049240,0.005201181025230529,0.005201181025230529,0.005189800801452852,0.005189800801452852,107.47410278387161
1790049300,0.005189800801452852,0.005194576499041857,0.005189800801452852,0.005194576499041857,0.889825936324972
1790049480,0.005194576499041857,0.005244797452675377,0.0051941102936976565,0.005244797452675377,136.66921984167888
1790049540,0.005244797452675377,0.005244797452675377,0.005189797436023322,0.005189797436023322,47.90316076501697
1790049600,0.005189797436023322,0.005232306664176774,0.0051196937765134775,0.0051196937765134775,1474.8562136840715
1790049660,0.0051196937765134775,0.0051604944677815625,0.0051196937765134775,0.0051604944677815625,19.86414087481289
1790049720,0.0051604944677815625,0.0051604944677815625,0.005116597446122864,0.005159460839358973,8.034474979544477
1790049960,0.005159460839358973,0.005178161516328429,0.005128919881857212,0.005128919881857212,8.321596882011068
1790050020,0.005128919881857212,0.005128919881857212,0.0051281092398487585,0.0051281092398487585,100.39447606850989
1790050080,0.0051281092398487585,0.005194317543059417,0.0051281092398487585,0.00516704726457695,1015.6994665565833
1790050140,0.00516704726457695,0.005208536270644048,0.005161184692268666,0.005161184692268666,51.26461450512589
1790050200,0.005161184692268666,0.0051674469664156324,0.005161072849738387,0.0051674469664156324,37.31378953094245
1790050260,0.0051674469664156324,0.0051674469664156324,0.005166722586215279,0.005166722586215279,7.426778462153084
1790050320,0.005166722586215279,0.005168384093961559,0.005166722586215279,0.005168384093961559,1.1855929930843978
1790050500,0.005168384093961559,0.005171724483601586,0.005165768022232151,0.005167163833997481,103.57743201114125
1790050560,0.005167163833997481,0.0052021724267447824,0.005149814548707969,0.005151311541018008,416.7799850594677
1790050620,0.005151311541018008,0.005200444651577431,0.005149546664041992,0.005151190845429593,53.935300215735346
1790050680,0.005151190845429593,0.005198588021901573,0.0051481832282757245,0.005148347267430313,53.81067120418881
1790050740,0.005148347267430313,0.005218917864783169,0.005148347267430313,0.0051959564469734555,960.7099116380372
1790050800,0.0051959564469734555,0.0051959564469734555,0.005182808061359265,0.005182808061359265,182.64576734518852
1790050860,0.005182808061359265,0.005189591406474414,0.005182808061359265,0.005186825814286731,14.105895834921757
1790050980,0.005186825814286731,0.005186825814286731,0.005183366236528921,0.005186116568460472,40.42207719929768
1790051040,0.005186116568460472,0.005236917812396951,0.005186116568460472,0.005236917812396951,1.9877734219750007
1790051160,0.005236917812396951,0.005236917812396951,0.005231905022777824,0.00523451664802657,56.094314173755166
1790051220,0.00523451664802657,0.00523451664802657,0.00518446378997229,0.00518446378997229,10.40914944843461
1790051280,0.00518446378997229,0.0052802907766904454,0.00518446378997229,0.005261757460353914,931.3487470747306
1790051340,0.005261757460353914,0.005261757460353914,0.0052282558439404395,0.0052282558439404395,60.178447752133216
1790051460,0.0052282558439404395,0.0052282558439404395,0.005221007797236202,0.005221007797236202,23.76495635450457
1790051520,0.005221007797236202,0.0052212028695562285,0.005216824317408751,0.005216824317408751,50.893927092129175
1790051580,0.005216824317408751,0.005216824317408751,0.005214883425246812,0.005214883425246812,2.4310032658907055
1790051640,0.005214883425246812,0.005214883425246812,0.005208466812978119,0.005208466812978119,0.12812060111071258
1790051700,0.005208466812978119,0.005209144430596283,0.005208466812978119,0.005209144430596283,0.5073376155186659
1790051760,0.005209144430596283,0.005278044219953198,0.005209144430596283,0.005241937379136184,705.4764371908976
1790051820,0.005241937379136184,0.005287446009638399,0.00523776554262264,0.00523776554262264,27.055632727836567
1790051880,0.00523776554262264,0.005251496144327759,0.00523776554262264,0.005251496144327759,0.17938515834510474
1790051940,0.005251496144327759,0.005257701528162057,0.005251496144327759,0.005257701528162057,0.7291292938524696
1790052000,0.005257701528162057,0.005257701528162057,0.005248506038984936,0.005248506038984936,0.5055921714650434
1790052060,0.005248506038984936,0.0053048059506440775,0.005248506038984936,0.0053048059506440775,258.1677594322264
1790052120,0.0053048059506440775,0.0053048059506440775,0.005254744756165134,0.005254744756165134,49.58896962829139
1790052300,0.005254744756165134,0.005254744756165134,0.005247709065353464,0.005249177423276158,72.85181545492622
1790052360,0.005249177423276158,0.005299065038448557,0.005249177423276158,0.00529637552851783,62.25501832632411
1790052480,0.00529637552851783,0.00529637552851783,0.005244780605815519,0.0052457451010324155,47.94347378807864
1790052540,0.0052457451010324155,0.0052457451010324155,0.005240743583314296,0.005240743583314296,0.0005266266004565037
1790052600,0.005240743583314296,0.005240743583314296,0.00523357568911049,0.00523357568911049,23.56297132023475
1790052660,0.00523357568911049,0.005243299739524689,0.005224407679735677,0.005224407679735677,0.0030601682866835526
1790052780,0.005224407679735677,0.005243073791415406,0.005224407679735677,0.005243073791415406,0.007029593512028501
1790052960,0.005243073791415406,0.005243073791415406,0.005237919161653268,0.005237919161653268,40.818130821383676
1790053020,0.005237919161653268,0.005237919161653268,0.005229374881872595,0.005229374881872595,53.80250632734997
1790053080,0.005229374881872595,0.005229374881872595,0.0052272319466147065,0.0052272319466147065,294.32866569648746
1790053140,0.0052272319466147065,0.005270641979641485,0.0052272319466147065,0.005270641979641485,67.60526825722621
1790053200,0.005270641979641485,0.005270641979641485,0.005214515181652027,0.005214515181652027,107.61139704983242
1790053260,0.005214515181652027,0.005214515181652027,0.005211014602387566,0.005211014602387566,44.06955049239165
1790053320,0.005211014602387566,0.0052670671348375095,0.005211014602387566,0.0052670671348375095,9.952703782073733
1790053380,0.0052670671348375095,0.0052670671348375095,0.005216192265519476,0.005216192265519476,7.302669171727266
1790053440,0.005216192265519476,0.005218178777372345,0.005216192265519476,0.005218178777372345,34.961797808394714
1790053500,0.005218178777372345,0.005218178777372345,0.005212252368871126,0.005212252368871126,1.077430600180763
1790053560,0.005212252368871126,0.005212252368871126,0.0052073426214171974,0.0052073426214171974,492.71891505877386
1790053620,0.0052073426214171974,0.0052440234419017795,0.005160065850831845,0.0051700858525195416,1598.0642007729296
1790053680,0.0051700858525195416,0.0051700858525195416,0.005166216408668446,0.005166216408668446,4.396235455822903
1790053740,0.005166216408668446,0.005171127094024102,0.005109381996234521,0.005109381996234521,152.7437839959692
1790053920,0.005109381996234521,0.005161214213033508,0.005106163454548834,0.005111757014899517,143.18070742361718
1790053980,0.005111757014899517,0.005111757014899517,0.005098999830003733,0.005098999830003733,174.8276665744133
1790054040,0.005098999830003733,0.0051186800746359905,0.005068832681372589,0.005068832681372589,488.9160202631045
1790054100,0.005068832681372589,0.005071725572307382,0.005068832681372589,0.005071660588673596,1.6635744011578886
1790054160,0.005071660588673596,0.00511364878338782,0.005071660588673596,0.00511364878338782,5.643733975293439
1790054220,0.00511364878338782,0.00511364878338782,0.005059544660828677,0.005106176569632432,212.93956451022473
1790054280,0.005106176569632432,0.005106176569632432,0.00510066762246316,0.0051008808960742716,25.951808509705526
1790054340,0.0051008808960742716,0.0051008808960742716,0.00503957787019396,0.005091692363432112,35.33659861761143
1790054400,0.005091692363432112,0.005091692363432112,0.0050915641663978545,0.0050915641663978545,29.760406342283243
1790054460,0.0050915641663978545,0.0050915641663978545,0.005049358748344783,0.005049358748344783,77.74522330439012
1790054520,0.005049358748344783,0.0051312058281408075,0.005049358748344783,0.005082348357141067,935.6232385498445
1790054580,0.005082348357141067,0.005125462265950718,0.0050705707411494595,0.0050705707411494595,629.1729119799226
1790054640,0.0050705707411494595,0.0050705707411494595,0.005062624573730225,0.005062624573730225,31.013224728016255
1790054820,0.005062624573730225,0.005062624573730225,0.0040197907455445415,0.004501391685300509,42448.49780882433
1790054880,0.004501391685300509,0.0045288130125266,0.00434611542870066,0.004483028851987921,12411.892804736439
1790054940,0.004483028851987921,0.004514822139764206,0.00443817330194661,0.004514822139764206,1246.6128840468716
1790055000,0.004514822139764206,0.004575409727944242,0.004474912689549242,0.0045357395785509,3076.8863078734084
1790055060,0.0045357395785509,0.004557404118261312,0.004485173450145867,0.004511900341128489,1072.4706396201918
1790055120,0.004511900341128489,0.004578343105333861,0.00451183773634185,0.004578343105333861,918.808295697342
1790055180,0.004578343105333861,0.004578343105333861,0.004452122901279778,0.0045052416143383745,2089.1825041896914
1790055240,0.0045052416143383745,0.0045162634543233484,0.004465377543685636,0.0045162634543233484,246.70804961566836
1790055300,0.0045162634543233484,0.004525148564981099,0.004480522190828188,0.004480522190828188,233.6953902599688
1790055360,0.004480522190828188,0.004521990981561775,0.004434434764608038,0.004509955821341971,2128.170474642544
1790055420,0.004509955821341971,0.004529923344855652,0.004483393453595489,0.004483393453595489,164.60100380127508
1790055480,0.004483393453595489,0.004542657517317914,0.004476146049774585,0.004526504380785231,1986.977794515214
1790055540,0.004526504380785231,0.004541499957547761,0.004495487114845034,0.004538099267401706,71.94967926179675
1790055600,0.004538099267401706,0.0045430665505423375,0.004470909406080185,0.004470909406080185,1020.2701322358229
1790055660,0.004470909406080185,0.0045170704067740855,0.004470909406080185,0.0045170704067740855,558.794937173131
1790055720,0.0045170704067740855,0.004534437441273772,0.00448158794846406,0.004534437441273772,676.9778350473337
1790055780,0.004534437441273772,0.004564719264298315,0.004502949622299397,0.004564719264298315,905.8805411565298
1790055840,0.004564719264298315,0.0045980658443432534,0.004548840085595044,0.0045980658443432534,636.848536718256
1790055900,0.0045980658443432534,0.004607838707569795,0.004564720704600744,0.004564720704600744,90.9726205223183
1790055960,0.004564720704600744,0.004610643491707326,0.004564720704600744,0.004610643491707326,14.769301628880697
1790056020,0.004610643491707326,0.004617986567880179,0.004566762473954079,0.004569021410105537,295.84607436853383
1790056080,0.004569021410105537,0.004589678567963933,0.004555594916147694,0.004589678567963933,504.6999663455491
1790056140,0.004589678567963933,0.004589678567963933,0.004529023521119111,0.004529023521119111,403.52465745403293
1790056200,0.004529023521119111,0.004565488042110991,0.004519896125882411,0.004519896125882411,140.14478898773356
1790056260,0.004519896125882411,0.004521285752855915,0.004519896125882411,0.004521285752855915,99.35132616770164
1790056380,0.004521285752855915,0.00457911632205163,0.0045202395784744625,0.004543185256162189,659.4473967852589
1790056440,0.004543185256162189,0.00459947268345966,0.004543185256162189,0.004597390241626558,211.16385172477905
1790056500,0.004597390241626558,0.004610348214366225,0.004542833636076315,0.004585297436102928,1193.1036271518299
1790056560,0.004585297436102928,0.004585297436102928,0.004584732894557224,0.004584732894557224,100.58375493743947
1790056620,0.004584732894557224,0.004626061333201504,0.004561328043731676,0.004561328043731676,779.6911084498006
1790056680,0.004561328043731676,0.004561328043731676,0.004508745678485727,0.004508745678485727,1051.3334405157423
1790056740,0.004508745678485727,0.004539410901364917,0.004490127077162876,0.004490127077162876,654.5570096412082
1790056800,0.004490127077162876,0.0045328951651267485,0.004477009775182732,0.0045328951651267485,353.749909368101
1790056860,0.0045328951651267485,0.004534307567614712,0.0045328951651267485,0.004534307567614712,3.7106967345369997
1790056920,0.004534307567614712,0.004575712095967622,0.00453042510238038,0.004574999982456292,1987.0151551238876
1790056980,0.004574999982456292,0.004615665303320483,0.004569149523944377,0.004615665303320483,121.54383852562967
1790057040,0.004615665303320483,0.004615665303320483,0.004562810416473308,0.004569482118298301,503.5113135356894
1790057100,0.004569482118298301,0.004614674599184932,0.004569482118298301,0.004614518788461497,24.404240920360266
1790057160,0.004614518788461497,0.004614518788461497,0.004564233308637975,0.004609973659381456,311.91256440457465
1790057280,0.004609973659381456,0.004609973659381456,0.00456079996516646,0.00456079996516646,35.90782632032899
1790057340,0.00456079996516646,0.004605626693097778,0.00456079996516646,0.004605626693097778,92.55908121315434
1790057400,0.004605626693097778,0.004605626693097778,0.004556004550568013,0.004556004550568013,71.76496111187978
1790057460,0.004556004550568013,0.004607654013343607,0.004556004550568013,0.004606795748335052,252.62572531858498
1790057520,0.004606795748335052,0.004606795748335052,0.0045610425097261315,0.0045637272870656265,5.827537034568915
1790057580,0.0045637272870656265,0.004609519355793739,0.004560555616588181,0.004560555616588181,28.44504101344568
1790057640,0.004560555616588181,0.004570348273915224,0.004560555616588181,0.004570348273915224,30.031280847087782
1790057700,0.004570348273915224,0.004614185814750995,0.004561390594697694,0.004561390594697694,19.17007260347511
1790057760,0.004561390594697694,0.004566151982029588,0.004560018949634023,0.004563288986048293,132.7199068005296
1790057820,0.004563288986048293,0.004601158825334616,0.004553421748739796,0.004601158825334616,133.01300520374983
1790057880,0.004601158825334616,0.004601158825334616,0.004555087776259703,0.004555087776259703,0.05264013396212551
1790057940,0.004555087776259703,0.0045925145361174705,0.004555087776259703,0.0045925145361174705,6.124472515296826
1790058000,0.0045925145361174705,0.0045925145361174705,0.004546703862684596,0.004546703862684596,100.02785529100466
1790058060,0.004546703862684596,0.004585824672165542,0.004542024180054011,0.004585824672165542,117.57607870203728
1790058120,0.004585824672165542,0.004585824672165542,0.0045453160092486546,0.0045453160092486546,18.936522282199675
1790058180,0.0045453160092486546,0.004584791308309637,0.004538546863989073,0.004538546863989073,68.5038653094747
1790058240,0.004538546863989073,0.004585402186519642,0.004538546863989073,0.004585402186519642,62.475204685035855
1790058360,0.004585402186519642,0.004585402186519642,0.004543559539076734,0.004543559539076734,1.1650495093741533
1790058420,0.004543559539076734,0.004589579351464581,0.004543559539076734,0.004589579351464581,99.17533144752547
1790058480,0.004589579351464581,0.004589579351464581,0.004540670132314568,0.004587190328618365,295.3798858644977
1790058540,0.004587190328618365,0.004592278249811999,0.004545533569570163,0.004592278249811999,79.89532458648243
1790058600,0.004592278249811999,0.004592278249811999,0.004543357008958339,0.004591126164506011,134.02275265460395
1790058660,0.004591126164506011,0.004632800208493222,0.004546748879839521,0.004632800208493222,802.4761309431273
1790058720,0.004632800208493222,0.004640609512008592,0.004632800208493222,0.004640609512008592,121.38477331129899
1790058780,0.004640609512008592,0.004645082121196376,0.004597516843837227,0.004597563262212313,95.09996699558515
1790058840,0.004597563262212313,0.0046504462386734524,0.004597563262212313,0.0046504462386734524,20.81379341630395
1790058900,0.0046504462386734524,0.0046504462386734524,0.004598085352687704,0.004603010607929398,30.190457000882418
1790058960,0.004603010607929398,0.004645623789548834,0.004594108247985161,0.004594108247985161,243.92356986914004
1790059020,0.004594108247985161,0.004637238798792293,0.004586932233014792,0.004637238798792293,200.97033399278482
1790059080,0.004637238798792293,0.004637238798792293,0.0045788754125376556,0.0045788754125376556,288.96276702790357
1790059200,0.0045788754125376556,0.004625624566806522,0.0045788754125376556,0.004625624566806522,102.2086257290482
1790059260,0.004625624566806522,0.0046269048109823276,0.004580113633412305,0.004580113633412305,16.281568705152704
1790059320,0.004580113633412305,0.004627767718014451,0.004580113633412305,0.004627767718014451,4.293197978777397
1790059380,0.004627767718014451,0.004627767718014451,0.004569336581107232,0.004614115356235354,318.97311653677934
1790059440,0.004614115356235354,0.004614115356235354,0.0045660454212193575,0.0045660454212193575,6.1035844570254
1790059500,0.0045660454212193575,0.004614317842614513,0.0045660454212193575,0.004614317842614513,99.23042300459622
1790059620,0.004614317842614513,0.004617488551164951,0.004572645880038174,0.004617488551164951,99.1657107598876
1790059680,0.004617488551164951,0.004624977758049362,0.004617488551164951,0.004624977758049362,99.15430079731802
1790059740,0.004624977758049362,0.004624977758049362,0.004568242977214944,0.004568242977214944,494.2121539325121
1790059800,0.004568242977214944,0.004568242977214944,0.004556641397221244,0.004556641397221244,11.732269709921118
1790059860,0.004556641397221244,0.004610152056949496,0.004556641397221244,0.004610152056949496,392.75745517942994
1790059920,0.004610152056949496,0.004624915330228746,0.004610152056949496,0.004624915330228746,49.58855689628156
1790059980,0.004624915330228746,0.004624915330228746,0.004577926027114929,0.004621182916295187,23.12090440018182
1790060040,0.004621182916295187,0.004623981398282563,0.004569672995282889,0.004569672995282889,291.3497003381599
1790060100,0.004569672995282889,0.004569672995282889,0.004542979970719261,0.004556151099060905,554.9703868590942
1790060160,0.004556151099060905,0.0045849763046268205,0.004556151099060905,0.0045849763046268205,5.908871903827099
1790060220,0.0045849763046268205,0.0045853437561534,0.004537970468237057,0.0045853437561534,219.31105740764815
1790060280,0.0045853437561534,0.00460072818562144,0.0045853437561534,0.00460072818562144,466.8317962286202
1790060400,0.00460072818562144,0.0046151451032441435,0.00456545953058586,0.0046151451032441435,35.66073034981411
1790060460,0.0046151451032441435,0.0046151451032441435,0.004568728059120458,0.004568728059120458,2.9413796903553564
1790060520,0.004568728059120458,0.004568728059120458,0.004563069151497403,0.004563069151497403,81.36156760996596
1790060580,0.004563069151497403,0.004611125089890989,0.004560967566216772,0.004567471595117387,468.4911242086336
1790060640,0.004567471595117387,0.004571350499860054,0.004567471595117387,0.004571350499860054,0.7400508445092377
1790060700,0.004571350499860054,0.004630363799513346,0.004571350499860054,0.004595589649214809,631.1706780655826
1790060820,0.004595589649214809,0.004648431974327101,0.004595589649214809,0.004648431974327101,12.132066021016788
1790060880,0.004648431974327101,0.004648431974327101,0.004602544443366894,0.004646556082972437,66.34980755197101
1790060940,0.004646556082972437,0.004652903995616303,0.004646556082972437,0.004652903995616303,117.53553277894454
1790061000,0.004652903995616303,0.004652903995616303,0.00461175996671694,0.00461175996671694,28.868073674175587
1790061060,0.00461175996671694,0.00466267470071519,0.00461175996671694,0.004615817037347942,187.30491404601733
1790061180,0.004615817037347942,0.0046566810562953,0.004609765965420715,0.004609765965420715,73.6825206523286
1790061240,0.004609765965420715,0.0046617993685382515,0.004609765965420715,0.0046617993685382515,110.80592612606979
1790061300,0.0046617993685382515,0.0046617993685382515,0.004613606170368033,0.004613606170368033,90.89944588520558
1790061360,0.004613606170368033,0.004658015034103422,0.004613606170368033,0.004658015034103422,94.88685167658117
1790061420,0.004658015034103422,0.004658015034103422,0.004611812626923564,0.004611812626923564,75.60012708746753
1790061540,0.004611812626923564,0.004663794253262361,0.004610494946853387,0.004655033687184962,237.90360959788137
1790061600,0.004655033687184962,0.004656207833424605,0.004608761924748879,0.004608761924748879,40.828694471601764
1790061660,0.004608761924748879,0.004641579556650778,0.0045953998011025515,0.0045953998011025515,7.151034886319611
1790061720,0.0045953998011025515,0.00459860365113859,0.004588557496807724,0.004588557496807724,210.4642893251772
1790061780,0.004588557496807724,0.004588557496807724,0.004584320905339365,0.004584320905339365,68.1930289519678
1790061900,0.004584320905339365,0.004585912289806857,0.004584320905339365,0.004585912289806857,3.976557178874007
1790061960,0.004585912289806857,0.004585912289806857,0.004582702245352203,0.004582702245352203,10.001846338974037
1790062020,0.004582702245352203,0.004582702245352203,0.004581196533115389,0.004581196533115389,1.1689178355950636
1790062140,0.004581196533115389,0.004629460410042824,0.004580421617277557,0.004583215724235232,0.8528930291763865
1790062200,0.004583215724235232,0.004623174255704864,0.004577887015612551,0.004623174255704864,100.26970420215235
1790062260,0.004623174255704864,0.0046444005918646804,0.0046067498876034094,0.0046067498876034094,798.0696563816635
1790062320,0.0046067498876034094,0.0046519535432404625,0.004596726626283159,0.004596726626283159,295.8396328415964
1790062440,0.004596726626283159,0.004630303826073121,0.004584417361772926,0.004630303826073121,96.7676129079054
1790062500,0.004630303826073121,0.004630303826073121,0.004627721503525905,0.004627721503525905,2.1945304824155643
1790062560,0.004627721503525905,0.004716378867482347,0.004582913492290117,0.004706142766592866,3183.281519966206
1790062620,0.004706142766592866,0.004706142766592866,0.004700852079927884,0.004700852079927884,15.364319601110465
1790062680,0.004700852079927884,0.004700852079927884,0.0046645487906527405,0.0046645487906527405,779.222436577894
1790062740,0.0046645487906527405,0.004669488861714949,0.0046645487906527405,0.004669488861714949,12.624464977681049
1790062800,0.004669488861714949,0.004669488861714949,0.004664797208869517,0.004664797208869517,198.51766409881606
1790062920,0.004664797208869517,0.004664797208869517,0.004658013691818653,0.004658013691818653,0.05723236210945893
1790062980,0.004658013691818653,0.004658425226072893,0.004656490539439344,0.004658425226072893,21.62855303080929
1790063040,0.004658425226072893,0.004658425226072893,0.0046549162372889735,0.0046549162372889735,7.302645603549825
1790063100,0.0046549162372889735,0.004707742799052716,0.0046549162372889735,0.004707742799052716,70.50569738876092
1790063160,0.004707742799052716,0.004709626718547621,0.004707742799052716,0.004709626718547621,98.06476231265388
1790063280,0.004709626718547621,0.004709626718547621,0.004652648010629297,0.004652648010629297,554.1954674065821
1790063400,0.004652648010629297,0.004652648010629297,0.004641916887777489,0.004641916887777489,3.570733636121764
1790063460,0.004641916887777489,0.004668665999430904,0.004632548593875999,0.004668665999430904,614.8433155088827
1790063520,0.004668665999430904,0.004671313464726767,0.00462497093694809,0.004671313464726767,14.87710600261581
1790063580,0.004671313464726767,0.004672112446395508,0.004671313464726767,0.004672112446395508,49.57907344816363
1790063640,0.004672112446395508,0.004678723287711929,0.004672112446395508,0.004678723287711929,126.86413540359143
1790063820,0.004678723287711929,0.004678723287711929,0.004627457262013997,0.004627457262013997,120.12047417356757
1790063940,0.004627457262013997,0.004678405919345654,0.004627457262013997,0.004678405919345654,29.523292654241512
1790064000,0.004678405919345654,0.004679318924620988,0.0046298458794020265,0.004679318924620988,68.47750742430463
1790064060,0.004679318924620988,0.004679318924620988,0.004632216119973502,0.004632216119973502,0.16252329442220192
1790064180,0.004632216119973502,0.00468209608381974,0.004632216119973502,0.00468209608381974,1.9774594304038164
1790064240,0.00468209608381974,0.004684250620932077,0.00468209608381974,0.004684250620932077,78.5520434748848
1790064300,0.004684250620932077,0.004684603201490522,0.004635679042791847,0.004684603201490522,112.417355819035
1790064360,0.004684603201490522,0.004692234117101187,0.004684603201490522,0.004692234117101187,9.929401049850222
1790064480,0.004692234117101187,0.00470724698535845,0.004662052592784253,0.004662052592784253,332.3073435352832
1790064600,0.004662052592784253,0.004717015458950459,0.004662052592784253,0.004717015458950459,342.54216301568385
1790064660,0.004717015458950459,0.004728248021325391,0.0046882556528490445,0.0046882556528490445,413.4319072935053
1790064720,0.0046882556528490445,0.0046882556528490445,0.004677315013071238,0.004678111328713895,171.15352972744864
1790064780,0.004678111328713895,0.004738616859794945,0.004677179891257807,0.004738616859794945,706.3804982487579
1790064840,0.004738616859794945,0.004738616859794945,0.00469391127956994,0.00469391127956994,599.1598409839518
1790064900,0.00469391127956994,0.004727119271172688,0.00469391127956994,0.004727119271172688,11.824408666608674
1790064960,0.004727119271172688,0.004727119271172688,0.004676209386349952,0.004676209386349952,6.003175107391228
1790065020,0.004676209386349952,0.004676209386349952,0.004675869917426606,0.004675869917426606,0.29887803743316166
1790065140,0.004675869917426606,0.004718641171355777,0.00466917360377191,0.00466917360377191,169.18772404682767
1790065200,0.00466917360377191,0.00475159362335975,0.00466917360377191,0.00473333193644344,1627.3713488010937
1790065260,0.00473333193644344,0.004792926201365859,0.004712905910696683,0.004759002301209155,1220.4263668323795
1790065320,0.004759002301209155,0.004761919112789791,0.004758915410792057,0.004761919112789791,49.56795005178592
1790065380,0.004761919112789791,0.004765228194924675,0.004761919112789791,0.004765228194924675,198.55621276567766
1790065500,0.004765228194924675,0.004765228194924675,0.00471811190984619,0.00471811190984619,20.472998956391656
1790065560,0.00471811190984619,0.004760485192344271,0.00471811190984619,0.004760485192344271,11.825013265406557
1790065620,0.004760485192344271,0.004763235130397684,0.004712852522254944,0.004712852522254944,35.91467906384191
1790065680,0.004712852522254944,0.004712852522254944,0.0047127492583765905,0.0047127492583765905,39.91530640139132
1790065740,0.0047127492583765905,0.0047127492583765905,0.004705815353228288,0.004705815353228288,11.110232103554969
1790065800,0.004705815353228288,0.0050713489544254,0.004705815353228288,0.005031258109862114,10324.33568689779
1790065860,0.005031258109862114,0.005031258109862114,0.004968893303207922,0.004969726934792589,1003.8732933641232
1790065920,0.004969726934792589,0.004969726934792589,0.0049434868500583965,0.0049434868500583965,340.25349136179085
1790065980,0.0049434868500583965,0.004991123206082644,0.004942759900218048,0.004991123206082644,46.41618019424769
1790066040,0.004991123206082644,0.004991123206082644,0.004940692667686061,0.004940692667686061,95.66878386551923
1790066100,0.004940692667686061,0.004944989979966513,0.004939257948574796,0.004939257948574796,384.95156674825427
1790066160,0.004939257948574796,0.005019273039397841,0.004939257948574796,0.005019273039397841,905.7814046997026
1790066220,0.005019273039397841,0.005028163189073148,0.004973915578585097,0.004973915578585097,273.2852438679858
1790066280,0.004973915578585097,0.0050460325628127545,0.004973915578585097,0.0050460325628127545,1027.6533453412992
1790066340,0.0050460325628127545,0.005060436568773041,0.005011184523270955,0.005016920652040167,44.2623078292494
1790066460,0.005016920652040167,0.005151657060630468,0.005016920652040167,0.005102358619676113,2029.6958000491395
1790066520,0.005102358619676113,0.005148495606073861,0.005091324859030841,0.005099109480365071,363.91149084582963
1790066580,0.005099109480365071,0.005099109480365071,0.00509625105338957,0.005096840526258741,65.93393614955694
1790066640,0.005096840526258741,0.005096840526258741,0.0050912270646793975,0.0050912270646793975,11.861284563649441
1790066760,0.0050912270646793975,0.005094604173331916,0.0050223931820879645,0.0050223931820879645,1925.9534921923414
1790066820,0.0050223931820879645,0.0050223931820879645,0.005002614558333402,0.005002718804079685,132.90888744599536
1790066880,0.005002718804079685,0.005012946915610039,0.005002718804079685,0.005012946915610039,19.56860163003227
1790066940,0.005012946915610039,0.005066211892772335,0.005012946915610039,0.005066211892772335,27.944155905816007
1790067000,0.005066211892772335,0.005068331209187629,0.005066211892772335,0.005068331209187629,247.28794582072862
1790067060,0.005068331209187629,0.005109873916196192,0.005068331209187629,0.005109873916196192,1259.1859636274812
1790067120,0.005109873916196192,0.005141501247091826,0.005109873916196192,0.005141501247091826,20.8998270958752
1790067180,0.005141501247091826,0.005150279835901262,0.005141501247091826,0.005150279835901262,55.42200224774075
1790067240,0.005150279835901262,0.005150279835901262,0.0050866268225694,0.0050866268225694,349.31266069039566
1790067300,0.0050866268225694,0.0050866268225694,0.005044382149161522,0.005044382149161522,1047.9183564825503
1790067360,0.005044382149161522,0.005044382149161522,0.00502549373944778,0.00502549373944778,31.703877282192444
1790067420,0.00502549373944778,0.0050675118577199795,0.005019109371900795,0.0050675118577199795,14.037209032102062
1790067480,0.0050675118577199795,0.0050675118577199795,0.005021332554427059,0.005066554614503156,114.85757460242387
1790067540,0.005066554614503156,0.005070541483644294,0.005022456449818299,0.005067637682604501,40.88180564258192
1790067600,0.005067637682604501,0.005067637682604501,0.005001543978259564,0.005001543978259564,500.1543978259565
1790067660,0.005001543978259564,0.005033125403161318,0.005001543978259564,0.005033125403161318,0.6128262876139815
1790067840,0.005033125403161318,0.005033125403161318,0.004968297005875739,0.004969191071768731,328.49626815533435
1790067900,0.004969191071768731,0.0049936835021498855,0.004958541038372791,0.004958541038372791,504.0774911614287
1790068020,0.004958541038372791,0.004958541038372791,0.004940857652123639,0.0049409559586342565,4.041954275051739
1790068080,0.0049409559586342565,0.004994629539030921,0.0049409559586342565,0.004994629539030921,31.45240626611199
1790068140,0.004994629539030921,0.004994629539030921,0.004938913424179519,0.00494059935365259,73.77242804516008
1790068200,0.00494059935365259,0.00494059935365259,0.0049363235949550196,0.004937504141944013,41.719896353457955
1790068320,0.004937504141944013,0.004942730280030121,0.004937504141944013,0.004940101730465367,108.36191031329447
1790068440,0.004940101730465367,0.004991114067586511,0.004940101730465367,0.0049890810995810225,102.01378911338922
1790068500,0.0049890810995810225,0.004989420710901164,0.004947634068874678,0.004947634068874678,19.445968854835815
1790068560,0.004947634068874678,0.004947634068874678,0.004941779066975229,0.0049427291796070435,54.08869416840703
1790068680,0.0049427291796070435,0.004995108472224225,0.0049427291796070435,0.004995108472224225,84.78866886008468
1790068740,0.004995108472224225,0.004995108472224225,0.004944981536848011,0.004985119294570106,198.91016822521013
1790068800,0.004985119294570106,0.004993128538761802,0.004985119294570106,0.004993128538761802,261.03256926343266
1790068860,0.004993128538761802,0.004997878157229863,0.004993128538761802,0.004997878157229863,8.178439362721965
1790068920,0.004997878157229863,0.004997878157229863,0.004951284293943004,0.004951284293943004,74.76025559545407
1790068980,0.004951284293943004,0.004951284293943004,0.004944191646353593,0.004944191646353593,15.730660247562302
1790069040,0.004944191646353593,0.004992898493132906,0.004944191646353593,0.004992898493132906,4.374667696086639
1790069100,0.004992898493132906,0.004992898493132906,0.004991913136290323,0.004991913136290323,0.6034279709868767
1790069160,0.004991913136290323,0.004991913136290323,0.004941620908007168,0.004941620908007168,1.77245508725994
1790069220,0.004941620908007168,0.004990648442455002,0.004941620908007168,0.004990648442455002,43.80286837550894
1790069280,0.004990648442455002,0.004990648442455002,0.004940573547578283,0.004940573547578283,67.9409577241541
1790069340,0.004940573547578283,0.004945195847777752,0.004940573547578283,0.004945195847777752,12.81823694128742
1790069400,0.004945195847777752,0.004945195847777752,0.004942717506431725,0.004942717506431725,93.11104824169422
1790069520,0.004942717506431725,0.004989540486391385,0.0049377580696873214,0.0049377580696873214,440.9741734737592
1790069640,0.0049377580696873214,0.004982286628174366,0.0049377580696873214,0.004982286628174366,11.867695359329193
1790069760,0.004982286628174366,0.004982286628174366,0.00493496643066052,0.00493496643066052,0.1598210098925061
1790069880,0.00493496643066052,0.004935924821291908,0.00493496643066052,0.004935834754512523,4.698579062856486
1790069940,0.004935834754512523,0.004935834754512523,0.004933622906650521,0.004933622906650521,1.2595994654073064
1790070000,0.004933622906650521,0.004933622906650521,0.004929109385283926,0.004929109385283926,0.023032421943444688
1790070060,0.004929109385283926,0.0049836393001205705,0.004929109385283926,0.0049836393001205705,25.542549617976327
1790070120,0.0049836393001205705,0.0049836393001205705,0.004938261471328199,0.004938261471328199,5.944150705676094
1790070180,0.004938261471328199,0.004938261471328199,0.0049354633766782305,0.0049354633766782305,186.75935945142453
1790070300,0.0049354633766782305,0.0049764871710663355,0.0049354633766782305,0.0049764871710663355,81.02598638384816
1790070360,0.0049764871710663355,0.004981758062358229,0.0049764871710663355,0.004981758062358229,29.470020162068565
1790070540,0.004981758062358229,0.004987076258411719,0.004940328485402969,0.004987076258411719,126.0357566323115
1790070600,0.004987076258411719,0.004987076258411719,0.004937050693016482,0.004937050693016482,112.82683466583181
1790070660,0.004937050693016482,0.004937050693016482,0.004934840701519206,0.004934840701519206,12.456371454838008
1790070720,0.004934840701519206,0.004993627818024651,0.004934840701519206,0.004993627818024651,251.24367253697943
1790070780,0.004993627818024651,0.004993627818024651,0.0049925402866278015,0.0049925402866278015,8.003163642827806
1790070840,0.0049925402866278015,0.005010318023779516,0.004952597588432052,0.00500828514089028,1203.5654515432616
1790070900,0.00500828514089028,0.005021311264396726,0.00500828514089028,0.005021311264396726,4.034834300184735
1790070960,0.005021311264396726,0.005039333216475325,0.004961424041535981,0.005039333216475325,704.967857667524
1790071020,0.005039333216475325,0.005039333216475325,0.004977166131946721,0.004977166131946721,283.4083141167201
1790071080,0.004977166131946721,0.005010341990748277,0.004964994107161766,0.005010341990748277,411.10871147452696
1790071140,0.005010341990748277,0.005010341990748277,0.004961896451593317,0.004961896451593317,72.64473480491583
1790071200,0.004961896451593317,0.004961896451593317,0.004960024366081002,0.004960024366081002,0.09358208420125855
1790071260,0.004960024366081002,0.005010179065797334,0.004952709756653511,0.005000785480212559,338.46663690114684
1790071320,0.005000785480212559,0.005000785480212559,0.004951758547034464,0.004951764527712436,43.00975658518381
1790071380,0.004951764527712436,0.004951764527712436,0.004947545702270488,0.004947545702270488,39.82095377716631
1790071440,0.004947545702270488,0.004990178479287235,0.004942032747373657,0.004990178479287235,149.1363300125437
1790071500,0.004990178479287235,0.004990178479287235,0.004944527579208773,0.004944527579208773,138.98404458460246
1790071680,0.004944527579208773,0.004944527579208773,0.004936061908989712,0.004936061908989712,57.38879860204638
1790071920,0.004936061908989712,0.004936061908989712,0.004929803164031395,0.004929803164031395,1.273151674323967
1790071980,0.004929803164031395,0.004972156061724377,0.004929803164031395,0.004972156061724377,1.5933932839030567
1790072160,0.004972156061724377,0.004972156061724377,0.004930414177858276,0.004930414177858276,2.1643973035598045
1790072280,0.004930414177858276,0.004930414177858276,0.004928427057185758,0.004928427057185758,6.313263321627709
1790072340,0.004928427057185758,0.004928427057185758,0.004917533149748534,0.004917533149748534,136.68826368987052
1790072400,0.004917533149748534,0.004917533149748534,0.004914254554318406,0.004914254554318406,60.07548841713178
1790072460,0.004914254554318406,0.004914254554318406,0.00490077775167335,0.00490077775167335,255.3214076713157
1790072640,0.00490077775167335,0.004939295537249967,0.004890059007371213,0.004939295537249967,43.91679780105338
1790072760,0.004939295537249967,0.004939295537249967,0.0048618201332688476,0.0048618201332688476,800.812818375235
1790072820,0.0048618201332688476,0.0048618201332688476,0.004843901194940326,0.004843901194940326,176.31800349582787
1790072880,0.004843901194940326,0.004878042104534607,0.004834071557265626,0.004878042104534607,111.8042716231032
1790073000,0.004878042104534607,0.004878042104534607,0.0048292874329161645,0.0048292874329161645,119.86344464982247
1790073060,0.0048292874329161645,0.004875981091113347,0.004825104012000336,0.004875981091113347,137.60380927499588
1790073120,0.004875981091113347,0.004880638068180464,0.004875981091113347,0.004880638068180464,4.927580904112524
1790073180,0.004880638068180464,0.004880638068180464,0.0048264449470033855,0.0048264449470033855,33.18869034824536
1790073300,0.0048264449470033855,0.004877154038484006,0.004823519693055784,0.004877154038484006,337.19181617334505
1790073420,0.004877154038484006,0.004892360748863914,0.004877154038484006,0.004891607354461546,124.99161274639972
1790073480,0.004891607354461546,0.004897798749757965,0.004847489546793401,0.004847489546793401,223.06441290882083
1790073540,0.004847489546793401,0.004891867773461971,0.004844775513804078,0.004891867773461971,363.41820183309216
1790073600,0.004891867773461971,0.004891867773461971,0.004842623736820518,0.004887196629872158,44.018531143343836
1790073660,0.004887196629872158,0.004887601493770212,0.0048411118934653845,0.0048411118934653845,18.969969914094438
1790073720,0.0048411118934653845,0.0048411118934653845,0.004838463096820319,0.004838463096820319,3.3692183443023493
1790073840,0.004838463096820319,0.004890714913874863,0.004838463096820319,0.004890714913874863,73.52782091981136
1790074020,0.004890714913874863,0.004890714913874863,0.004884557850498317,0.00488613473286496,64.63379546682333
1790074080,0.00488613473286496,0.004928281608312176,0.00488613473286496,0.0049074829631819495,1736.4078839762474
1790074140,0.0049074829631819495,0.00495233168491398,0.004894634579021089,0.004894634579021089,410.3018916259317
1790074200,0.004894634579021089,0.004894634579021089,0.004883590692658749,0.004883590692658749,0.28781034944079636
1790074260,0.004883590692658749,0.004932293106078112,0.004883590692658749,0.004932293106078112,5.588648970276194
1790074320,0.004932293106078112,0.004937086383088702,0.004886948252300671,0.004937086383088702,20.101203565411478
1790074380,0.004937086383088702,0.004938511134558358,0.004873135674747956,0.004873135674747956,656.8026198529395
1790074440,0.004873135674747956,0.004911130052453396,0.004862494917059666,0.004862494917059666,23.25081106350789
1790074500,0.004862494917059666,0.004913071173449437,0.004862494917059666,0.004862960527849739,262.4141981993277
1790074620,0.004862960527849739,0.00490429446453401,0.004862960527849739,0.00490429446453401,14.661184557715188
1790074740,0.00490429446453401,0.00490578362141103,0.0048576000065264895,0.00490578362141103,117.72764676678084
1790074800,0.00490578362141103,0.00490578362141103,0.004860853574281361,0.004860853574281361,8.600397488830197
1790074860,0.004860853574281361,0.00490869179830077,0.004860853574281361,0.00490869179830077,2.419884416593825
1790074920,0.00490869179830077,0.00490869179830077,0.004908313495793976,0.004908313495793976,24.34254903636852
1790074980,0.004908313495793976,0.004908313495793976,0.004905756985696984,0.004905756985696984,32.33256513621783
1790075100,0.004905756985696984,0.004906300940210147,0.004850218291472598,0.004850218291472598,257.5131386180853
1790075220,0.004850218291472598,0.004901804536490475,0.004850218291472598,0.004851708442523957,147.7540080632121
1790075280,0.004851708442523957,0.004896459531962252,0.004849722945945365,0.004849722945945365,9.750617093252997
1790075400,0.004849722945945365,0.004849722945945365,0.004833138162135687,0.004833138162135687,449.5963377120194
1790075460,0.004833138162135687,0.004893719091594715,0.004833138162135687,0.004893719091594715,246.92144844893065
1790075520,0.004893719091594715,0.004898205213756898,0.004893719091594715,0.004898205213756898,216.6630858712489
1790075700,0.004898205213756898,0.004918772149298238,0.004884589975979846,0.004884589975979846,492.5301007545199
1790075760,0.004884589975979846,0.0049615936918661835,0.004884589975979846,0.004918581193413726,648.0671140845989
1790075820,0.004918581193413726,0.005171742546387353,0.004918581193413726,0.005171742546387353,4578.932579319389
1790075880,0.005171742546387353,0.005205094334660999,0.005166632796388822,0.005166632796388822,1363.0352182067431
1790075940,0.005166632796388822,0.005232314475238352,0.005166632796388822,0.005232314475238352,412.2504753085356
1790076000,0.005232314475238352,0.005232314475238352,0.0051778439354240036,0.005181647415630123,25.75359099101105
1790076060,0.005181647415630123,0.005261759645598473,0.005181647415630123,0.005201368957111652,1052.589673137186
1790076120,0.005201368957111652,0.005201368957111652,0.005192469189290578,0.005192469189290578,114.30171131228504
1790076180,0.005192469189290578,0.005251380198592061,0.00518407144704133,0.00518407144704133,1024.8374163759242
1790076240,0.00518407144704133,0.005215491206557275,0.005152218767928687,0.005192863470325923,706.7141614527341
1790076300,0.005192863470325923,0.00520168661672163,0.005192863470325923,0.00520168661672163,37.69455273894024
1790076420,0.00520168661672163,0.00520168661672163,0.0051442146002858265,0.0051468390485381885,38.84694712062733
1790076480,0.0051468390485381885,0.0051914233154305,0.005137497589002614,0.005137497589002614,115.88090551556134
1790076600,0.005137497589002614,0.005197228735813876,0.005137497589002614,0.005150001022169164,587.3677910524281
1790076660,0.005150001022169164,0.005150001022169164,0.005136268800180791,0.005136268800180791,390.91871029885937
1790076780,0.005136268800180791,0.005136268800180791,0.005131314221182256,0.005131314221182256,159.07074085664993
1790076960,0.005131314221182256,0.005191160241212663,0.005131314221182256,0.005191160241212663,95.17092962087033
1790077020,0.005191160241212663,0.005191160241212663,0.004972126338671913,0.004991657212319617,4132.700366868818
1790077080,0.004991657212319617,0.004991657212319617,0.004989188473416111,0.004989188473416111,61.12952992801912
1790077140,0.004989188473416111,0.0050012099020833355,0.004989188473416111,0.0050012099020833355,134.97815859182057
1790077200,0.0050012099020833355,0.0050012099020833355,0.0050004094982799,0.0050004094982799,0.4124808042694575
1790077260,0.0050004094982799,0.0050004094982799,0.004953765019415556,0.004953765019415556,33.61721133899758
1790077320,0.004953765019415556,0.005001652797602238,0.004953765019415556,0.005001652797602238,2.7577835303589784
1790077380,0.005001652797602238,0.005419818866051392,0.005001652797602238,0.0053920788145965645,9990.520548900244
1790077440,0.0053920788145965645,0.0053920788145965645,0.005382411331937859,0.005382411331937859,117.9229192886002
1790077500,0.005382411331937859,0.00538674303592097,0.0053769195202299945,0.0053769195202299945,417.44595582428667
1790077560,0.0053769195202299945,0.0053769195202299945,0.005331156660310516,0.005334104255683432,603.6551600973107
1790077620,0.005334104255683432,0.0053855027871353755,0.00532366171799633,0.005365324765838952,393.5521793432023
1790077680,0.005365324765838952,0.005365324765838952,0.005361480954056548,0.005361480954056548,72.76968439701496
1790077740,0.005361480954056548,0.005739826072800776,0.005361480954056548,0.005693652934437524,11942.069127661474
1790077800,0.005693652934437524,0.005696613374308828,0.005606801939620277,0.005614147813539152,840.3804467575026
1790077860,0.005614147813539152,0.005705489141743486,0.005585436541723843,0.005687843798904475,3420.275992372065
1790077920,0.005687843798904475,0.0057789166812462645,0.005669565148948994,0.005693212997928868,4269.044034541242
1790077980,0.005693212997928868,0.005730090766927933,0.0056447813082708,0.005704080796200935,1162.6809648840565
1790078040,0.005704080796200935,0.005704080796200935,0.00563261247008529,0.00563261247008529,348.0638788973521
1790078100,0.00563261247008529,0.005686584487486694,0.005628608991321272,0.005630470735437697,251.86851147418176
1790078160,0.005630470735437697,0.005722084974501879,0.005622817907691486,0.005667501081724011,2183.1513659010034
1790078220,0.005667501081724011,0.005667501081724011,0.005592119523048368,0.005592119523048368,2357.332634945866
1790078340,0.005592119523048368,0.005592119523048368,0.005589273419110755,0.005589273419110755,18.99648713519918
1790078400,0.005589273419110755,0.005592896473492053,0.005538300263226722,0.0055411539252086875,73.31191483301711
1790078460,0.0055411539252086875,0.0056807865388204285,0.005519324938024919,0.005668291420805278,4866.349490740363
1790078520,0.005668291420805278,0.005668291420805278,0.005622765506698917,0.005622765506698917,1002.1914032106488
1790078580,0.005622765506698917,0.005696424882495529,0.005622765506698917,0.005660593588280726,1280.6077248729807
1790078640,0.005660593588280726,0.005660593588280726,0.005654003141115156,0.005654003141115156,7.592933463189457
1790078760,0.005654003141115156,0.005654003141115156,0.005619278045469977,0.005619547617118409,685.2425798524819
1790078820,0.005619547617118409,0.005692019302020406,0.005619547617118409,0.005692019302020406,992.878346023379
1790078880,0.005692019302020406,0.005718098838297169,0.0056630178283656185,0.005718098838297169,100.64399955733549
1790078940,0.005718098838297169,0.005718098838297169,0.005717397415720453,0.005717397415720453,20.949827709789158
1790079000,0.005717397415720453,0.005717397415720453,0.005636773377692855,0.005636773377692855,827.5905300879446
1790079060,0.005636773377692855,0.005636773377692855,0.005573562111654886,0.005573562111654886,1028.515782606264
1790079120,0.005573562111654886,0.005630064150194837,0.005573562111654886,0.005630064150194837,108.7154639328657
1790079180,0.005630064150194837,0.005634390150614358,0.005579021970778657,0.005627024952083323,103.70002953875365
1790079240,0.005627024952083323,0.0056292336822292306,0.005627024952083323,0.0056292336822292306,145.3917379603245
1790079300,0.0056292336822292306,0.0056292336822292306,0.005618185001968618,0.005618185001968618,12.253034671928656
1790079360,0.005618185001968618,0.005618185001968618,0.005567474153598643,0.005567474153598643,8.50306166608611
1790079420,0.005567474153598643,0.005613680135688582,0.005564389896619185,0.005613680135688582,51.98904907946162
1790079480,0.005613680135688582,0.0056224234248484,0.005613680135688582,0.0056224234248484,1.0095972597928236
1790079540,0.0056224234248484,0.0056224234248484,0.005617930459320784,0.005617930459320784,49.647385443254045
1790079600,0.005617930459320784,0.005633000757472249,0.005557269944059237,0.005585423378813423,975.6756914013234
1790079660,0.005585423378813423,0.005585423378813423,0.005498387559564749,0.00550041931251517,707.1979196466403
1790079720,0.00550041931251517,0.005548529931865947,0.005497255390704983,0.005548529931865947,53.000255636502324
1790079780,0.005548529931865947,0.005548529931865947,0.005462866189551968,0.005520230929682638,600.0777660904403
1790079840,0.005520230929682638,0.005520230929682638,0.005448072040773852,0.005484690896056595,607.781657495051
1790079900,0.005484690896056595,0.00548479031231985,0.005484690896056595,0.00548479031231985,4.4987791751660495
1790079960,0.00548479031231985,0.00548479031231985,0.00538674467071292,0.005436113373751394,1046.1639136912943
1790080080,0.005436113373751394,0.005436113373751394,0.005435149271729758,0.005435149271729758,2.0371731806503965
1790080140,0.005435149271729758,0.005439838578556151,0.005435149271729758,0.005439838578556151,48.74588455658409
1790080260,0.005439838578556151,0.0054494049085780615,0.005439838578556151,0.0054494049085780615,63.47598306584907
1790080320,0.0054494049085780615,0.0054494049085780615,0.005377182359968543,0.005399828710084271,1275.7973246893507
1790080380,0.005399828710084271,0.005399828710084271,0.005338668017613728,0.005338668017613728,161.72602505155425
1790080440,0.005338668017613728,0.005387499799576297,0.005338668017613728,0.005387499799576297,28.018650447919775
1790080560,0.005387499799576297,0.005393632614025359,0.005387499799576297,0.005393632614025359,111.6396874807166
1790080620,0.005393632614025359,0.005393632614025359,0.005328552941976129,0.005328552941976129,437.83891079100647
1790080680,0.005328552941976129,0.005371413407167989,0.005328552941976129,0.005371413407167989,4.903090303481848
1790080740,0.005371413407167989,0.005371413407167989,0.005315192597410261,0.005363963826075106,40.23556722816564
1790080800,0.005363963826075106,0.005376511251384263,0.005363963826075106,0.005376511251384263,543.8658033155126
1790080860,0.005376511251384263,0.005376511251384263,0.005339662956810147,0.005339662956810147,188.13192790825633
1790080920,0.005339662956810147,0.005380235763356642,0.005339662956810147,0.005380106677085607,5.950838358204131
1790080980,0.005380106677085607,0.005380106677085607,0.005330498539329148,0.005330498539329148,40.03759925880185
1790081040,0.005330498539329148,0.005330498539329148,0.005330086625739525,0.005330086625739525,0.028530690477053377
1790081100,0.005330086625739525,0.005381975884113688,0.005330086625739525,0.005331637600615518,37.58105591833555
1790081160,0.005331637600615518,0.005335825058272725,0.005256220192517232,0.0052668261793860395,2753.3238829169677
1790081220,0.0052668261793860395,0.005268330213136625,0.0052668261793860395,0.005268330213136625,0.19754873274904122
1790081400,0.005268330213136625,0.00527785094743378,0.005268330213136625,0.00527785094743378,278.3507820989102
1790081460,0.00527785094743378,0.00528311355392859,0.00527785094743378,0.00528311355392859,29.793087882487125
1790081520,0.00528311355392859,0.005285628174782895,0.00528311355392859,0.005283612509846225,59.647104508743226
1790081580,0.005283612509846225,0.005285920943765292,0.005283612509846225,0.005285920943765292,29.816559107993925
1790081640,0.005285920943765292,0.005285920943765292,0.005281141292556859,0.005281141292556859,29.80754717811128
1790081700,0.005281141292556859,0.005292456542545841,0.005281141292556859,0.005292456542545841,29.819176988946722
1790081760,0.005292456542545841,0.005293623027946215,0.005292456542545841,0.005293623027946215,29.827533709992426
1790081820,0.005293623027946215,0.005297665307103386,0.005293623027946215,0.005297665307103386,71.29762080504295
1790081880,0.005297665307103386,0.005304575757550851,0.005297665307103386,0.005304575757550851,29.81665294358094
1790081940,0.005304575757550851,0.005304575757550851,0.0052263539583554675,0.005255308106887118,923.5294382578089
1790082060,0.005255308106887118,0.00527557073608998,0.0052221873448968165,0.0052221873448968165,336.94317214657514
1790082120,0.0052221873448968165,0.0052335704181752625,0.0052221873448968165,0.0052335704181752625,59.9757476931785
1790082180,0.0052335704181752625,0.0056144336085049455,0.005226397160410214,0.005610310850666347,7993.473411043983
1790082240,0.005610310850666347,0.005610310850666347,0.005590533561709032,0.005590533561709032,517.7076265133388
1790082300,0.005590533561709032,0.005648369831623661,0.005590533561709032,0.005609767773348626,727.6341553573548
1790082360,0.005609767773348626,0.006059226630851763,0.0056065262395457475,0.005909530068643989,13915.90662187198
1790082420,0.005909530068643989,0.005963173242741022,0.005765030308623412,0.005765030308623412,3907.9642532067
1790082480,0.005765030308623412,0.005825361995384696,0.005750311402449861,0.005788800000870446,669.6754634180535
1790082540,0.005788800000870446,0.005788800000870446,0.0057865042667806,0.0057865042667806,38.717047445805505
1790082600,0.0057865042667806,0.0057898960263686764,0.0057332021897570735,0.005782360001368525,516.7466283494108
1790082660,0.005782360001368525,0.005782360001368525,0.005716688372489282,0.0057752031208404666,466.2597940476763
1790082720,0.0057752031208404666,0.0057752031208404666,0.005713786852448195,0.005727875016980746,507.79813962709994
1790082780,0.005727875016980746,0.005797741967806095,0.005727875016980746,0.005790864857661446,958.644538333424
1790082900,0.005790864857661446,0.005790864857661446,0.005729962244155458,0.005729962244155458,3.6849095638603213
1790082960,0.005729962244155458,0.0057318407792585945,0.005729962244155458,0.0057318407792585945,0.7869988370732496
1790083020,0.0057318407792585945,0.005784647980530719,0.0057271573907083225,0.005784647980530719,45.06774801838297
1790083080,0.005784647980530719,0.00583047424451226,0.005782681345337345,0.00583047424451226,919.4856963872928
1790083140,0.00583047424451226,0.00583409004958894,0.00583047424451226,0.00583409004958894,18.302666354092363
1790083200,0.00583409004958894,0.00583409004958894,0.00577988935349409,0.00577988935349409,117.02857815426555
1790083260,0.00577988935349409,0.00577988935349409,0.00577953248513388,0.00577953248513388,17.357696827885366
1790083320,0.00577953248513388,0.005833678553594332,0.00577953248513388,0.005833678553594332,173.2523655874949
1790083380,0.005833678553594332,0.005833678553594332,0.0056397227831455074,0.005714655479096231,4385.727471601741
1790083440,0.005714655479096231,0.005714655479096231,0.005713511527197806,0.005713511527197806,104.5467481322179
1790083500,0.005713511527197806,0.005741942228316807,0.005711194837578011,0.005741942228316807,1116.4865487567688
1790083560,0.005741942228316807,0.005849010294490106,0.005712349092522329,0.005784448177417098,2695.0499062728095
1790083620,0.005784448177417098,0.005847172529289526,0.00577394649279175,0.005847172529289526,1287.7747556528407
1790083680,0.005847172529289526,0.005849158661974798,0.005792970945498887,0.005849158661974798,524.2040931316487
1790083740,0.005849158661974798,0.005849158661974798,0.005786309344899562,0.005786975900060516,165.83277096330679
1790083800,0.005786975900060516,0.005832120053485775,0.005785562238435968,0.005785562238435968,7.0044152304891645
1790083860,0.005785562238435968,0.005873981044452794,0.005785562238435968,0.005842242981751725,988.7458181379101
1790083920,0.005842242981751725,0.00602172616876146,0.005842242981751725,0.005932848446821891,4391.118451446622
1790083980,0.005932848446821891,0.0060623316428196,0.005932848446821891,0.00599964257418521,3073.6681044013553
1790084040,0.00599964257418521,0.006002643757659752,0.005976681255366001,0.005976681255366001,837.1074721320562
1790084100,0.005976681255366001,0.005976681255366001,0.005915695246113302,0.005915695246113302,920.9597741281672
1790084160,0.005915695246113302,0.005934735404588407,0.00589669097052144,0.005934735404588407,321.3421326083505
1790084220,0.005934735404588407,0.005934735404588407,0.005866413542118321,0.005917672755780095,188.7493855607445
1790084280,0.005917672755780095,0.005930759049845788,0.005917672755780095,0.005930759049845788,241.87144267817777
1790084340,0.005930759049845788,0.005985879044873645,0.0058771209229497405,0.0059787394684511835,1937.3785795195868
1790084400,0.0059787394684511835,0.005978911256231842,0.005955417329421131,0.005957723902743769,341.4028775033333
1790084460,0.005957723902743769,0.005967828334434956,0.00592003277121589,0.005967828334434956,787.9535172330712
1790084520,0.005967828334434956,0.005967828334434956,0.005921836888259655,0.005921836888259655,5.4055234301795325
1790084580,0.005921836888259655,0.005928221130036782,0.005921836888259655,0.005928221130036782,3.337792178032294
1790084640,0.005928221130036782,0.005973488272165245,0.00591198519832603,0.005973488272165245,835.7950547385599
1790084700,0.005973488272165245,0.005973953100008835,0.00591449537987819,0.005916832719442992,204.36346121728016
1790084760,0.005916832719442992,0.005957631531388621,0.005899309253163511,0.005899479771305662,66.03628583380522
1790084820,0.005899479771305662,0.005951466752449665,0.005871600534217527,0.0058773556637320866,664.063365337207
1790084880,0.0058773556637320866,0.005936305460346926,0.005875879775960231,0.005936305460346926,293.6416475661966
1790084940,0.005936305460346926,0.005953853341020423,0.005878866120310362,0.005953853341020423,1512.641239356631
1790085000,0.005953853341020423,0.005990334291110022,0.005953853341020423,0.005990334291110022,56.95392559888555
1790085060,0.005990334291110022,0.005990334291110022,0.0059271144695256656,0.0059271144695256656,296.3557234762833
1790085120,0.0059271144695256656,0.0059271144695256656,0.0059177973535756555,0.0059177973535756555,7.384577605094154
1790085180,0.0059177973535756555,0.005918690663368085,0.0059121712082252096,0.0059121712082252096,100.35654391372232
1790085240,0.0059121712082252096,0.005976923055686236,0.0059121712082252096,0.005935811956272045,527.1301154586648
1790085300,0.005935811956272045,0.005938307450197831,0.00590814926385199,0.00590814926385199,749.5361549780687
1790085360,0.00590814926385199,0.00590814926385199,0.005902431266419176,0.005902431266419176,30.99129809316225
1790085480,0.005902431266419176,0.005902431266419176,0.005891566568757165,0.005891566568757165,747.398703029555
1790085540,0.005891566568757165,0.0059335495917064145,0.005891566568757165,0.0059335495917064145,49.650332936138184
1790085600,0.0059335495917064145,0.0059335495917064145,0.005868120596107427,0.005920442326834711,153.68364412070162
1790085660,0.005920442326834711,0.005920442326834711,0.005860921848042689,0.005862677782704242,44.42643620586318
1790085720,0.005862677782704242,0.005862677782704242,0.005857458607478975,0.005857458607478975,23.516971319661323
1790085840,0.005857458607478975,0.005857458607478975,0.005833294369571353,0.005833294369571353,633.7381862132565
1790085900,0.005833294369571353,0.005833294369571353,0.005807537996325429,0.005807537996325429,290.3768998162715
1790085960,0.005807537996325429,0.005807537996325429,0.005794506639653104,0.005794506639653104,21.317724793837968
1790086020,0.005794506639653104,0.005798807025966749,0.005794506639653104,0.005798807025966749,48.39145378391866
1790086080,0.005798807025966749,0.005852796235799745,0.005785638498916244,0.005800770809298331,318.10079572755006
1790086140,0.005800770809298331,0.005800770809298331,0.005760971410113272,0.005760971410113272,596.3737493591904
1790086200,0.005760971410113272,0.005795460873598448,0.005760971410113272,0.005795460873598448,0.47995815111839957
1790086260,0.005795460873598448,0.005829738211073265,0.005752562032209224,0.005829738211073265,1019.7579990974448
1790086320,0.005829738211073265,0.005851215366316618,0.005829738211073265,0.005851215366316618,579.7919281809923
1790086380,0.005851215366316618,0.005902037481457837,0.005838646255192998,0.005902037481457837,1283.9852082892517
1790086440,0.005902037481457837,0.00598800904036925,0.005892990492382704,0.00598800904036925,1936.9802333002294
1790086500,0.00598800904036925,0.0059998302126216,0.00594666645166147,0.0059998302126216,38.99388433461435
1790086560,0.0059998302126216,0.0059998302126216,0.00589623996658452,0.00589623996658452,1131.94473051008
1790086620,0.00589623996658452,0.0059279811480111196,0.005875501564795531,0.0059279811480111196,2.923865877292404
1790086680,0.0059279811480111196,0.0059279811480111196,0.005863692932615532,0.0058662929887827306,88.98223853541242
1790086740,0.0058662929887827306,0.005944360111837454,0.0058662929887827306,0.005931108816394739,826.262427473226
1790086800,0.005931108816394739,0.005931108816394739,0.005901508693657011,0.005901508693657011,56.643293435605145
1790086860,0.005901508693657011,0.005956501175175889,0.0058947385595392735,0.005956501175175889,112.71761286658474
1790086920,0.005956501175175889,0.005956501175175889,0.0059042868653937765,0.0059042868653937765,3.5887624126342836
1790086980,0.0059042868653937765,0.005961230554485372,0.0059042868653937765,0.005961230554485372,134.2488820043898
1790087040,0.005961230554485372,0.005961230554485372,0.005901270531816755,0.005901270531816755,25.40406904327407
1790087100,0.005901270531816755,0.005901270531816755,0.005899742443473492,0.005899742443473492,0.144484908864716
1790087160,0.005899742443473492,0.005950892456394998,0.005899742443473492,0.005950892456394998,20.986732008081553
1790087220,0.005950892456394998,0.005950892456394998,0.005890586400736275,0.005890586400736275,152.5860992216895
1790087280,0.005890586400736275,0.005892112141486731,0.005890586400736275,0.005892112141486731,10.560718894807735
1790087340,0.005892112141486731,0.005892112141486731,0.005857936256869642,0.005857936256869642,483.2550309263209
1790087400,0.005857936256869642,0.005907488268170632,0.005857936256869642,0.005907488268170632,11.630969193826068
1790087460,0.005907488268170632,0.005907488268170632,0.0056679253303681,0.0056679253303681,3405.254938836164
1790087520,0.0056679253303681,0.005708105046438014,0.005632151030013526,0.005632151030013526,672.683467215919
1790087580,0.005632151030013526,0.0056842012119720335,0.005632151030013526,0.0056842012119720335,114.84712538911877
1790087640,0.0056842012119720335,0.0056842012119720335,0.005585245909186326,0.005585245909186326,3545.2440222197765
1790087700,0.005585245909186326,0.00560857355528633,0.005585245909186326,0.005594708123100604,127.75234933225283
1790087760,0.005594708123100604,0.005603517040007907,0.005594708123100604,0.005602200426828457,17.30784354402665
1790087820,0.005602200426828457,0.005602200426828457,0.005532039998736952,0.005577674044512887,530.9429213255486
1790087880,0.005577674044512887,0.005577674044512887,0.005527052104052495,0.005527052104052495,1.1460480492973366
1790087940,0.005527052104052495,0.00559105302939525,0.005527052104052495,0.00559105302939525,0.222301187595878
1790088000,0.00559105302939525,0.005594093525116415,0.005535569841334503,0.005594093525116415,105.35394346139655
1790088060,0.005594093525116415,0.005597434690153137,0.005594093525116415,0.005597434690153137,2.1718919293836714
1790088120,0.005597434690153137,0.005597434690153137,0.005530215884003216,0.005530215884003216,47.67614690286512
1790088180,0.005530215884003216,0.005672434647272746,0.005530215884003216,0.005672434647272746,2859.130436591195
1790088300,0.005672434647272746,0.005680842505867246,0.005672434647272746,0.005680842505867246,378.86483800781457
1790088420,0.005680842505867246,0.005795413706183235,0.005680842505867246,0.005748569319720295,1419.9838736720733
1790088540,0.005748569319720295,0.005801123005156141,0.005735392490263419,0.005735392490263419,567.8601305043649
1790088780,0.005735392490263419,0.0057893368134357154,0.005735392490263419,0.0057893368134357154,704.7109049663316
1790088840,0.0057893368134357154,0.005852949267900304,0.0057893368134357154,0.0058330185616909044,2122.606799311459
1790088900,0.0058330185616909044,0.005837247750914246,0.0058330185616909044,0.005837247750914246,0.7780972396314634
1790089020,0.005837247750914246,0.005837247750914246,0.005837072168176268,0.005837072168176268,88.31157477337106
1790089080,0.005837072168176268,0.005837072168176268,0.005810778035378589,0.0058132956800489724,439.1410024603334
1790089140,0.0058132956800489724,0.0058132956800489724,0.005743483718273757,0.005743483718273757,1429.027088459388
1790089200,0.005743483718273757,0.005743483718273757,0.005739280689497448,0.005739280689497448,76.16525409355775
1790089260,0.005739280689497448,0.005739280689497448,0.005733605916658663,0.005733605916658663,25.536040788903243
1790089320,0.005733605916658663,0.005787440290465822,0.0057308852198272005,0.0057308852198272005,78.41309459260731
1790089380,0.0057308852198272005,0.0057308852198272005,0.005725790545291107,0.005725790545291107,36.75854437494448
1790089500,0.005725790545291107,0.005788562802965197,0.005725790545291107,0.005788562802965197,99.24443213454927
1790089560,0.005788562802965197,0.005788562802965197,0.00574516394156466,0.00574516394156466,0.1364963855830409
1790089680,0.00574516394156466,0.005796115224578683,0.00574516394156466,0.005796115224578683,63.20211597147566
1790089740,0.005796115224578683,0.0058016063884398,0.005749104889667326,0.0058016063884398,18.689971905390756
1790089800,0.0058016063884398,0.0058016063884398,0.005723606660734597,0.005783265858990361,456.216525668434
1790089860,0.005783265858990361,0.005783265858990361,0.005717591448321273,0.005717591448321273,311.8116799680018
1790089920,0.005717591448321273,0.005760878122080298,0.00571038361497845,0.005760878122080298,443.40491598135173
1790089980,0.005760878122080298,0.005760878122080298,0.005703377221669822,0.005703377221669822,0.3129248710434517
1790090040,0.005703377221669822,0.005707018775743657,0.00569610052435486,0.00569610052435486,455.82505207165775
1790090100,0.00569610052435486,0.005746920575217886,0.0056913828463392765,0.005746920575217886,18.665370423013368
1790090160,0.005746920575217886,0.005746920575217886,0.0056846189180131115,0.0056846189180131115,5.684618918013111
1790090220,0.0056846189180131115,0.0056846189180131115,0.005679321562096336,0.005679321562096336,15.20078853295197
1790090280,0.005679321562096336,0.005794918962612155,0.005671811910076092,0.005794918962612155,1972.2187752059099
1790090340,0.005794918962612155,0.005794918962612155,0.005767139092585157,0.005767139092585157,206.6019589950943
1790090400,0.005767139092585157,0.0058262376718536315,0.005767139092585157,0.005775563186457498,331.4876202815577
1790090460,0.005775563186457498,0.005776727314387281,0.005775563186457498,0.00577638886601228,24.83730672316842
1790090520,0.00577638886601228,0.005891024907171391,0.00577638886601228,0.005891024907171391,975.6476745380693
1790090580,0.005891024907171391,0.005894649405910253,0.0058295626127877745,0.005863380931406178,1147.9842611212775
1790090640,0.005863380931406178,0.005926221438196553,0.005863380931406178,0.005926221438196553,46.307627421169244
1790090700,0.005926221438196553,0.006003057854259488,0.0058702542113515215,0.005979216271154408,2031.4311057883492
1790090760,0.005979216271154408,0.006051368967794876,0.005979216271154408,0.006002058062741587,933.2955603728075
1790090820,0.006002058062741587,0.006112746405403343,0.006002058062741587,0.00607863079346597,4780.488608961872
1790090880,0.00607863079346597,0.006193722262120229,0.00607863079346597,0.006172030976383911,2598.6421557615663
1790090940,0.006172030976383911,0.006233981287650868,0.006149484776100061,0.006149484776100061,787.2531823918087
1790091000,0.006149484776100061,0.006232381037118434,0.006149484776100061,0.0061748396928310665,1806.8792923886306
1790091060,0.0061748396928310665,0.0061748396928310665,0.006104028593227739,0.006104028593227739,2281.008952674945
1790091120,0.006104028593227739,0.006104028593227739,0.0060499321937141776,0.0060499321937141776,110.34053461566944
1790091180,0.0060499321937141776,0.006181924299324023,0.006038767912300623,0.006119720029481703,3252.59101910932
1790091240,0.006119720029481703,0.006146794046959055,0.0060845268794797,0.006093782122014582,164.59139356785144
1790091300,0.006093782122014582,0.006594822987159947,0.006084823409836119,0.00645525642928764,13849.514542343946
1790091360,0.00645525642928764,0.006654244978854583,0.0064484039266721705,0.006629985506062476,9143.346218596142
1790091420,0.006629985506062476,0.006702139189198042,0.0064626733974446696,0.006695712775226503,7689.6489398968415
1790091480,0.006695712775226503,0.006700903742558604,0.00652153803608609,0.006527404384929373,3603.313669944668
1790091540,0.006527404384929373,0.006716216333809358,0.006519783913849247,0.006650568495936301,5774.561751113263
1790091600,0.006650568495936301,0.006972569831260253,0.006576134228004066,0.006879914928609143,13437.546316654823
1790091660,0.006879914928609143,0.007086492383545297,0.0068331366356347446,0.007026395466048713,8577.443978305
1790091720,0.007026395466048713,0.00728472146277574,0.006991801003788581,0.007187505013033508,6790.909297616437
1790091780,0.007187505013033508,0.007255505545504478,0.006806850344984108,0.006862451138541379,7766.8013509487955
1790091840,0.006862451138541379,0.006987863910384893,0.006776263117103618,0.006883180580747103,5316.13741048342
1790091900,0.006883180580747103,0.006961632642003672,0.006843185301469517,0.00690026272613847,3164.8614597709625
1790091960,0.00690026272613847,0.00690644980786027,0.006682699079556593,0.006682699079556593,3914.396357153638
1790092020,0.006682699079556593,0.006682699079556593,0.006262075049418012,0.006306665964825874,9928.986558063298
1790092080,0.006306665964825874,0.006551836282416925,0.0062575964216001366,0.0064891642488439155,8871.860523699686
1790092140,0.0064891642488439155,0.00669962677358814,0.006485394254911806,0.006624065640715996,3568.5796221818932
1790092200,0.006624065640715996,0.0066360748119712884,0.006527130823961178,0.006527130823961178,2295.1460146370337
1790092260,0.006527130823961178,0.006574102683402773,0.006464841579213837,0.00648688609030019,1887.7016064144784
1790092320,0.00648688609030019,0.006487637989021072,0.006485003286883144,0.006485003286883144,38.058514181072205
1790092380,0.006485003286883144,0.006490315322228636,0.006412992635147921,0.006412992635147921,673.718679946859
1790092440,0.006412992635147921,0.006443231678925666,0.006379807266672863,0.006441623492220004,444.79277436142866
1790092500,0.006441623492220004,0.006441623492220004,0.006325825088447671,0.006387142790759332,1114.4624630433734
1790092560,0.006387142790759332,0.00652989518090694,0.006387142790759332,0.006522676691631033,3504.6714465720625
1790092620,0.006522676691631033,0.0065362119977309275,0.0064716529630386025,0.006476680159335775,425.6917886931734
1790092680,0.006476680159335775,0.006570976844941954,0.00647656071364154,0.006570976844941954,2055.0993276575323
1790092740,0.006570976844941954,0.006828357615642301,0.006512650791964733,0.006756630069133373,7637.06894579895
1790092800,0.006756630069133373,0.00681890795865739,0.0066190629496236005,0.006724071671071619,3509.641312405351
1790092860,0.006724071671071619,0.006739473712720946,0.006637590844173369,0.006731016351917663,2031.6123892895455
1790092920,0.006731016351917663,0.006739750226976018,0.006669570337960077,0.006680850478228378,207.0336250425434
1790092980,0.006680850478228378,0.006725843992434738,0.00653793797142727,0.0065435170539935765,2298.3302114202115
1790093040,0.0065435170539935765,0.006954557760213896,0.00653896088352296,0.006892416132465732,7632.8081273371345
1790093100,0.006892416132465732,0.006954913866524267,0.006818148677340922,0.006876152508836983,1615.7221137097483
1790093160,0.006876152508836983,0.006880921249075375,0.006798786750626892,0.006857888916754788,525.6805943814145
1790093220,0.006857888916754788,0.006861049488507577,0.00679336794452502,0.006851732104204033,141.01531862889755
1790093280,0.006851732104204033,0.006865363773755604,0.006778276865051374,0.006865363773755604,972.1858351939244
1790093340,0.006865363773755604,0.006966178504683252,0.006865363773755604,0.006954737238057678,1418.4692574844632
1790093400,0.006954737238057678,0.007506256611138551,0.006893209266356374,0.007506256611138551,14746.30457399918
1790093460,0.007506256611138551,0.007506256611138551,0.007087367140683722,0.007087367140683722,7086.138390367407
1790093520,0.007087367140683722,0.007155916402840729,0.006954916179670641,0.0070212085689252005,5358.814376899654
1790093580,0.0070212085689252005,0.0071270233309225495,0.006964658477743429,0.00712019723336761,1962.3813646370263
1790093640,0.00712019723336761,0.0072348356745004375,0.007062629526870644,0.007234831173869853,1921.4478352143576
1790093700,0.007234831173869853,0.007245355883288007,0.007049140332920696,0.007109701921127017,2136.936675437904
1790093760,0.007109701921127017,0.007114930141618874,0.006931560233720125,0.006936119924277759,2175.3885154214886
1790093820,0.006936119924277759,0.00701689494386897,0.006933378281350171,0.007001425420047225,835.8410566709717
1790093880,0.007001425420047225,0.007003101165373059,0.006413385074836431,0.006535434313448782,11441.291273771578
1790093940,0.006535434313448782,0.006549904347238572,0.006463436170389066,0.006522955082081231,864.0045293098569
1790094000,0.006522955082081231,0.006525897159529606,0.0064527953674082695,0.0064527953674082695,386.4306388953116
1790094060,0.0064527953674082695,0.0065480649915785685,0.0064527953674082695,0.0065480649915785685,582.1819784840875
1790094120,0.0065480649915785685,0.006618280873060346,0.0065017018333187815,0.006616512251314818,1472.628144272217
1790094180,0.006616512251314818,0.006637506797006492,0.0065548636884604295,0.006636000459488606,1065.91142329273
1790094240,0.006636000459488606,0.0066376028334765675,0.006573044775143709,0.006577916427779579,283.2820911666264
1790094300,0.006577916427779579,0.0066360998505576125,0.0065526020802686375,0.006558565460090903,463.0240157133947
1790094360,0.006558565460090903,0.006662774888315531,0.00654949971478109,0.006658240978066588,907.7764218433637
1790094420,0.006658240978066588,0.0066992269760137455,0.006626585141385087,0.006648178112553267,1175.0576958942534
1790094480,0.006648178112553267,0.00675164168850195,0.006648178112553267,0.006748518428658001,1323.953282449144
1790094540,0.006748518428658001,0.006869701851858705,0.006705862777787727,0.006806880874940741,2742.027898098228
1790094600,0.006806880874940741,0.006806880874940741,0.006799327074862283,0.006799327074862283,30.550997976084453
1790094660,0.006807395593804118,0.006815405436671274,0.006735191683215633,0.006786525589857184,908.5080662691738
1790094720,0.006786525589857184,0.006786525589857184,0.00665986238798975,0.00665986238798975,2309.6166629898044
1790094780,0.00665986238798975,0.006663158917623853,0.006588047242206946,0.00664765348925395,492.4623437637807
1790094840,0.00664765348925395,0.006666319339429014,0.006590946086330439,0.006612677174279242,363.182212695307
1790094900,0.006612677174279242,0.0066669177922833445,0.006612677174279242,0.006663648235483237,52.26470316116321
1790094960,0.006663648235483237,0.006663648235483237,0.00656951465998344,0.006620749988944695,864.1218623105358
1790095020,0.006620749988944695,0.011792318198071479,0.006620749988944695,0.00938324622656585,135970.40641229472
1790095080,0.00938324622656585,0.009385889587959082,0.00856720516943154,0.00882521792723072,26040.899908803396
1790095140,0.00882521792723072,0.00887118982991117,0.008457106340401662,0.00852770595135738,8140.248856250059
1790095200,0.00852770595135738,0.008680262359106487,0.008427030723064556,0.008630919594458783,9904.601299405336
1790095260,0.008630919594458783,0.009836045978804189,0.008606909985904748,0.009830236984222895,31880.057204493925
1790095320,0.009830236984222895,0.010402433717711861,0.009687223149559422,0.00987741826227888,35759.03899294905
1790095380,0.00987741826227888,0.009981521228449248,0.0088518726835388,0.009595837122664923,37815.26042949751
1790095440,0.009595837122664923,0.00992778325202825,0.009307584718165321,0.009374904533251752,25175.045326377138
1790095500,0.009374904533251752,0.009374904533251752,0.008899411926770058,0.008975301794695825,12223.590957726854
1790095560,0.008975301794695825,0.00903822875479631,0.008643153219043843,0.008910588956901933,19499.385130479746
1790095620,0.008984206530201601,0.009058431463949832,0.008809350761727626,0.008809350761727626,4465.500512498602
1790095680,0.008809350761727626,0.008932587812879408,0.008778314870687729,0.008866502009140605,2356.4846833215133
1790095740,0.008866502009140605,0.009141752400999983,0.008862469910066123,0.009026706375608632,8214.25206655523
1790095800,0.009026706375608632,0.009053147703093591,0.008920706141012875,0.008991001796948866,1878.3821448386486
1790095860,0.008991001796948866,0.009335096466281391,0.008964346087679174,0.009182359970285832,11450.920017037044
1790095920,0.009182359970285832,0.009335066427565864,0.009182359970285832,0.009316177257383606,4848.12471212831
1790095980,0.009316177257383606,0.009447631910591066,0.009189682409384864,0.009281293778396458,8550.272204028715
1790096040,0.009281293778396458,0.009281624445663796,0.009076749392436438,0.009126808858576965,3645.6822942594517
1790096100,0.009126808858576965,0.009131306148893728,0.008728182449511686,0.008877651381391044,9338.331581747976
1790096160,0.008877651381391044,0.009005930147115388,0.008784387444111369,0.008931953670930736,3724.152132520587
1790096220,0.008931953670930736,0.00900007445636967,0.008892331990346598,0.0089937470607379,2053.830089548407
1790096280,0.0089937470607379,0.009010818094067785,0.008903213917020166,0.009010464288554136,978.7689345009937
1790096340,0.009010464288554136,0.009023767622031515,0.008781548103536997,0.008848269298927769,4151.800496721216
1790096400,0.008848269298927769,0.008876366123419096,0.008683287388428652,0.008749317038332274,2439.688144115118
1790096460,0.008749317038332274,0.008751217137171212,0.008373907140602651,0.008476930212754204,6574.151923431448
1790096520,0.008476930212754204,0.008582117075101023,0.008385092404009383,0.008448764844812327,4413.049290412963
1790096580,0.008448764844812327,0.009110549772984752,0.008385176631926504,0.00905298752691542,14007.709773947023
1790096640,0.00905298752691542,0.009777369805661096,0.00904147984896155,0.009267519397608545,30369.95315515421
1790096700,0.009267519397608545,0.00927852178970703,0.00912061815748685,0.009167983465464866,4539.684970706873
1790096760,0.009167983465464866,0.009257924206633832,0.009109309464845929,0.00917661910659101,1902.6003622527635
1790096820,0.00917661910659101,0.009245899923304213,0.008737688615216795,0.008872882931607028,15535.747796670108
1790096880,0.008872882931607028,0.008917348330978113,0.008803644168814262,0.0088947383002464,1300.8836767885477
1790096940,0.0088947383002464,0.009133857316233363,0.008803565946651382,0.009079154068367292,6227.651035543909
1790097000,0.009079154068367292,0.00907963489144078,0.008831655325737462,0.008899259076164347,3946.647247050645
1790097060,0.008899259076164347,0.009073315931112545,0.008819805139299523,0.00906580662964284,3573.6056420019513
1790097120,0.00906580662964284,0.009065821159555116,0.00891129501838891,0.008986916848517826,1688.5799362481869
1790097180,0.008986916848517826,0.00899219513854232,0.008909184102030728,0.008986713105207335,200.1678663737057
1790097240,0.008986713105207335,0.009025029507563894,0.0089189847604689,0.009017959829130754,1036.3972015774416
1790097300,0.009017959829130754,0.009132518227275998,0.008950923365289623,0.009039237648660055,2223.616068187112
1790097360,0.009039237648660055,0.009110728744254342,0.009023750420367448,0.009092229651861634,152.65435403237302
1790097420,0.009092229651861634,0.009115216345557136,0.008942502971775478,0.009011668833099774,1840.155320436234
1790097480,0.009011668833099774,0.009199107914841168,0.008943730372931601,0.009128144226564433,3703.7817893948304
1790097540,0.009128144226564433,0.009243941404231754,0.00911996354991555,0.009195045560455622,1806.724275856648
1790097600,0.009195045560455622,0.009380047723153859,0.009145609865173578,0.009343073663241677,3079.167443750409
1790097660,0.009343073663241677,0.009343088533454478,0.009123158162645131,0.009123158162645131,2431.1546585363612
1790097720,0.009123158162645131,0.009123158162645131,0.009034533139883793,0.009043942684081702,1469.221672196899
1790097780,0.009043942684081702,0.009127400515645983,0.009031666950329628,0.009106499175365518,1107.0483607693186
1790097840,0.009106499175365518,0.009107971754167549,0.008974728114224726,0.008997721615209757,1902.5339392344822
1790097900,0.008997721615209757,0.008997837854197334,0.008872293040533484,0.008990400783521587,1944.532342129171
1790097960,0.008990400783521587,0.009050939172732466,0.008760056338271397,0.0088379938083398,5649.762548954866
1790098020,0.0088379938083398,0.0088379938083398,0.008403664094619071,0.008454981625524384,7981.324215739554
1790098080,0.008454981625524384,0.00852675849335056,0.008128686866879243,0.008193127710419445,11548.489194961925
1790098140,0.008193127710419445,0.00836895553719827,0.00811978168444264,0.00836895553719827,3757.8229443548194
1790098200,0.00836895553719827,0.008548704839835412,0.00832069809214774,0.00832069809214774,7467.528365982558
1790098260,0.00832069809214774,0.008388714310842744,0.008252889802886527,0.008252889802886527,2516.799896644931
1790098320,0.008252889802886527,0.00833854161226865,0.008201196462978956,0.008269562768260645,2702.24297449049
1790098380,0.008269562768260645,0.008297336061082643,0.00821081577861803,0.008263210984508856,996.8269738889319
1790098440,0.008263210984508856,0.008268539152925091,0.008181103847581727,0.008246228509188772,357.0481570504012
1790098500,0.008246228509188772,0.008483751951260896,0.008173041126363493,0.00841357612672991,4604.473229145449
1790098560,0.00841357612672991,0.00841357612672991,0.008295367298289372,0.008336370340249944,2418.843936366365
1790098620,0.008336370340249944,0.008385745200785331,0.008206674421088602,0.008258755736125436,3562.1324786722053
1790098680,0.008258755736125436,0.008301127411798379,0.00819508892829653,0.008289466599694614,1620.9680433935769
1790098740,0.008289466599694614,0.008312012123791778,0.008224290498994615,0.008238255822772461,1315.061728717142
1790098800,0.008238255822772461,0.008281734161378694,0.008189003697006552,0.00819089981901536,2861.5226530815885
1790098860,0.00819089981901536,0.00819089981901536,0.008111718625250789,0.008111718625250789,1019.3455300336417
1790098920,0.008111718625250789,0.008215387918149037,0.008019439275391399,0.008149419993204388,4773.167067837325
1790098980,0.008149419993204388,0.008214905237362038,0.007590884133236108,0.007668644089093202,15926.726215465244
1790099040,0.007668644089093202,0.007700807280879301,0.007530341609335399,0.0075683450512404726,6982.55641486539
1790099100,0.0075683450512404726,0.007976790157787786,0.0075683450512404726,0.007976790157787786,7800.012276824302
1790099160,0.007976790157787786,0.00814903422049803,0.007935486292420314,0.008058480249995257,5186.4410548645565
1790099220,0.008058480249995257,0.008140347213879937,0.008036003345279487,0.008041156776567793,2393.7888000380794
1790099280,0.008041156776567793,0.008264176933070286,0.008041156776567793,0.008201803373955773,2799.5662202014773
1790099340,0.008201803373955773,0.008323506831936152,0.008201803373955773,0.008222147277891398,1854.409532540697
1790099400,0.008222147277891398,0.008334580823280164,0.008204790944030834,0.008260009553998006,2202.3647493916646
1790099460,0.008260009553998006,0.008296524972341481,0.008219194481354374,0.008288699767185862,716.5962542583521
1790099520,0.008288699767185862,0.008364104237226111,0.00826362868480675,0.008364104237226111,1209.275968166661
1790099580,0.008364104237226111,0.008364104237226111,0.008288765906596891,0.008294993769339029,163.83164202163968
1790099640,0.008294993769339029,0.008380216976491753,0.008225424891371637,0.008285189785653874,1658.2890474947606
1790099700,0.008285189785653874,0.008362078296532061,0.008202560755534853,0.008361525874650215,3550.124239722584
1790099760,0.008361525874650215,0.008570108824930369,0.008347219974240146,0.008540680356018003,4436.259579386745
1790099820,0.008540680356018003,0.008540680356018003,0.008411735904699296,0.008411735904699296,2608.9729033726426
1790099880,0.008411735904699296,0.008419830876225857,0.008353917202753032,0.008353917202753032,419.4435949388877
1790099940,0.008353917202753032,0.008415622460179628,0.008174927773385856,0.00818233426081675,4166.431619695088
1790100000,0.00818233426081675,0.008194804316188735,0.008122940548796764,0.008190101404268516,171.3840261415553
1790100060,0.008190101404268516,0.008190101404268516,0.008118834503935695,0.008189140211070726,7.953622372216195
1790100120,0.008189140211070726,0.008358406460374305,0.008118234427087185,0.008358406460374305,2980.1126186511165
1790100180,0.008358406460374305,0.008423184570602977,0.008343370330079435,0.008368251985110637,2094.6392785345242
1790100240,0.008368251985110637,0.008429450611118224,0.008308380428028027,0.008388750059815438,1428.4311126474945
1790100300,0.008388750059815438,0.008406342127502622,0.008388750059815438,0.008406342127502622,169.75629435608107
1790100360,0.008406342127502622,0.00841794060935893,0.008343665331487051,0.008367270096115507,763.2042946850137
1790100420,0.008367270096115507,0.008424904406565252,0.008284254168273828,0.008419941974648876,3832.9006056855055
1790100480,0.008419941974648876,0.008422134799730812,0.008314333618445448,0.008391900239721426,913.7988336040975
1790100540,0.008391900239721426,0.008397659882289977,0.008320776698194298,0.008390727692107134,601.9309643656683
1790100600,0.008390727692107134,0.00841135592718038,0.008332013193633775,0.008361397529853494,994.9497972945464
1790100660,0.008361397529853494,0.008369902522144404,0.00835989007971584,0.00835989007971584,82.22737094791661
1790100720,0.00835989007971584,0.008481559516485262,0.00835989007971584,0.008468958310949438,1598.6791689505624
1790100780,0.008468958310949438,0.008494609994376427,0.008454762493170032,0.008458716102978495,922.0611812064783
1790100840,0.008458716102978495,0.00868640260352386,0.008453929829659427,0.00868640260352386,2884.3387203601346
1790100900,0.00868640260352386,0.008695589583331142,0.008621265783970985,0.008622859429907951,171.15532645281132
1790100960,0.008622859429907951,0.008700594721057593,0.008622859429907951,0.008700594721057593,182.9032446242415
1790101020,0.008700594721057593,0.008770336453897822,0.008644402480403606,0.008767583313677427,1420.7061198451534
1790101080,0.008767583313677427,0.008782539415491624,0.008714686672997489,0.008714686672997489,42.79362968849649
1790101140,0.008714686672997489,0.008784274483944275,0.008537477036524417,0.008640324568996965,4329.408113036023
1790101200,0.008640324568996965,0.008736226349942037,0.008640324568996965,0.008699206275213717,1569.0908058399862
1790101260,0.008699206275213717,0.008699206275213717,0.00867084135708995,0.00867084135708995,675.8602041536277
1790101320,0.00867084135708995,0.008737525893279146,0.008531305139866422,0.008678715612065669,4985.9915284044555
1790101380,0.008678715612065669,0.008750948899973285,0.008641784517658978,0.008726645818406828,1718.1096577113726
1790101440,0.008726645818406828,0.00888322235178947,0.008726645818406828,0.008817096294509167,2314.503672055868
1790101500,0.008817096294509167,0.008929682445573257,0.008766618499808159,0.008876687404131008,4423.568441161137
1790101560,0.008876687404131008,0.008876687404131008,0.008707175388294673,0.008707175388294673,5972.812949734494
1790101620,0.008707175388294673,0.008707175388294673,0.008604565323648589,0.008604565323648589,1245.4613793487235
1790101680,0.008604565323648589,0.008753033196434827,0.008604565323648589,0.008721691970119343,2278.2125546728585
1790101740,0.008721691970119343,0.008794232667495131,0.00871815192675782,0.00879267130768699,455.5259226118376
1790101800,0.00879267130768699,0.010601885222058157,0.008739727469358125,0.009153370725079438,64742.0018317727
1790101860,0.009153370725079438,0.010021556996517125,0.009153370725079438,0.00956385866393169,26323.218100069458
1790101920,0.00956385866393169,0.009567844609845479,0.009397445177637112,0.009567844609845479,3047.4329210084093
1790101980,0.009567844609845479,0.009569656015184624,0.00935630508361132,0.009361381069596211,2382.2930731503748
1790102040,0.009361381069596211,0.009949621056653177,0.009361381069596211,0.009878239030658658,8245.538427691856
1790102100,0.009878239030658658,0.010201114100216272,0.009846188974605532,0.010035675866559663,7853.274094478107
1790102160,0.010035675866559663,0.010133991294901742,0.009739047727131559,0.00973976438545711,6309.694110225577
1790102220,0.00973976438545711,0.00981067524821952,0.009641939283465063,0.009641939283465063,1988.4747709569642
1790102280,0.009641939283465063,0.010253637726812993,0.009641939283465063,0.010250873611383549,10264.033975926926
1790102340,0.010250873611383549,0.0103445421645767,0.01008948403084223,0.010225833999021557,8683.963733925084
1790102400,0.010225833999021557,0.010529007306972373,0.010172783480259457,0.010353611336818603,7932.62125595419
1790102460,0.010353611336818603,0.010867552084633305,0.010352639682404735,0.010745726283655457,11202.897315976552
1790102520,0.010745726283655457,0.011787617083447745,0.010404798836185903,0.011168307612807038,64642.018162993336
1790102580,0.011168307612807038,0.011432296772089415,0.010992691321770384,0.011061104324725745,21326.85990737034
1790102640,0.011061104324725745,0.011094941316024032,0.010611852431858047,0.010948175673000608,13902.341373980937
1790102700,0.010948175673000608,0.01112046968640465,0.010668799448796238,0.010668799448796238,8700.242549427967
1790102760,0.010668799448796238,0.010741634885482786,0.010545571911417376,0.010650779580123015,3178.7564042994104
1790102820,0.010650779580123015,0.010650779580123015,0.010503065643365533,0.010582125729180986,2043.551219143443
1790102880,0.010582125729180986,0.010591128643071693,0.010360593955604283,0.010382960691686057,4851.7640676539695
1790102940,0.010382960691686057,0.010544893810990882,0.0101451828706798,0.010435701639113315,10050.962567938375
1790103000,0.010435701639113315,0.01086853234111796,0.010397485605449275,0.010809230516917756,9134.442202799028
1790103060,0.010809230516917756,0.011099341287115231,0.01067617161986564,0.010861930165475556,11193.445893546826
1790103120,0.010861930165475556,0.010874375185347236,0.010609239964244722,0.010699070375935156,2963.6644661076384
1790103180,0.010699070375935156,0.010720910755775553,0.009722998793257172,0.009994404332899819,21579.16582372559
1790103240,0.009994404332899819,0.01008722221184588,0.009945378295088627,0.010044546779614204,3356.326383465263
1790103300,0.010044546779614204,0.010044546779614204,0.009667425613370943,0.009836843666812877,6859.142051401846
1790103360,0.009836843666812877,0.009847425181302822,0.009646862617478805,0.009847425181302822,4277.462187616489
1790103420,0.009847425181302822,0.009859643532965924,0.009720727842447032,0.009744183912769116,2204.519055195497
1790103480,0.009744183912769116,0.009823763744360217,0.009727379225140591,0.009807045134180284,1372.0401574336106
1790103540,0.009807045134180284,0.009947724114703991,0.009720027188444383,0.009877157080476618,2603.7630945979804
1790103600,0.009877157080476618,0.009974543604607783,0.009867933468246383,0.009898566058425852,1117.9137174172483
1790103660,0.009898566058425852,0.00998055176515415,0.009896411812604524,0.00998055176515415,959.3017348494923
1790103720,0.00998055176515415,0.009982531460123314,0.009865140605129323,0.009865140605129323,768.649800219765
1790103780,0.009865140605129323,0.009968948820496874,0.009805658629008092,0.009894426926297079,2581.478243724615
1790103840,0.009894426926297079,0.010001578874728927,0.009894426926297079,0.009910624690432898,1107.3843055676473
1790103900,0.009910624690432898,0.010014167414440039,0.009853575798916077,0.009857562419327063,3070.4160237968595
1790103960,0.009857562419327063,0.009886874295231066,0.009792871087340959,0.009886874295231066,628.0629129311304
1790104020,0.009886874295231066,0.009961435611006892,0.00983541232416412,0.009960621580299787,1989.677653690944
1790104080,0.009960621580299787,0.009981399372408491,0.009857823160693214,0.00988322487057155,1888.726827891231
1790104140,0.00988322487057155,0.010091750073571147,0.009801800148415746,0.01001906139446082,9468.49682676229
1790104200,0.01001906139446082,0.010100290132149609,0.00987989994025024,0.009894412007474701,3808.116919141886
1790104260,0.009894412007474701,0.00997987653403146,0.009888016352927412,0.009960563520804908,1279.8462128230096
1790104320,0.009960563520804908,0.010118389365381477,0.00996045875956763,0.009984145383495053,3670.96207726016
1790104380,0.009984145383495053,0.010089511353904531,0.0098029867245578,0.009817410986283455,5659.205276385808
1790104440,0.009817410986283455,0.009890903523873874,0.009731165654904745,0.009810224075722657,1459.244860596682
1790104500,0.009810224075722657,0.009813493594597844,0.009485442657830433,0.009486479534869221,4551.056620335371
1790104560,0.009486479534869221,0.009486479534869221,0.008953080755325313,0.008962706654123529,16735.74704126319
1790104620,0.008962706654123529,0.009175339331179987,0.008962706654123529,0.009172730804632911,2529.235254018656
1790104680,0.009172730804632911,0.009486471213276386,0.009096192456772937,0.009382872651555636,14800.11112013524
1790104740,0.009382872651555636,0.0095096621774489,0.009146688724357777,0.009437910060200378,7511.972718531836
1790104800,0.009437910060200378,0.00952426979539604,0.009371443449091096,0.009371443449091096,2570.3678097804664
1790104860,0.009371443449091096,0.009371443449091096,0.009215611378285514,0.009331709237086915,3364.864907319515
1790104920,0.009331709237086915,0.009339954967802027,0.009214386946484916,0.009276645432467779,3487.8856703351807
1790104980,0.009276645432467779,0.009291514385322977,0.009216530937637447,0.009223813232368558,116.12889586424949
1790105040,0.009223813232368558,0.009468242718377809,0.009221350265467951,0.009457253430088212,3341.820093092876
1790105100,0.009457253430088212,0.009530609831391531,0.009384627307114025,0.009530609831391531,2527.480100738941
1790105160,0.009530609831391531,0.009572361017122,0.0094957847482873,0.009572361017122,756.0374431712886
1790105220,0.009572361017122,0.009618938974966162,0.00949837377124328,0.009614978763727734,1098.1964082406603
1790105280,0.009614978763727734,0.009958832084858062,0.009614978763727734,0.009958832084858062,11184.095493255983
1790105340,0.009958832084858062,0.009973850844496347,0.009860129196306685,0.009973850844496347,2029.7108038677547
1790105400,0.009973850844496347,0.010586570728096325,0.00990393068467765,0.010582649383856208,10681.237970264903
1790105460,0.010582649383856208,0.01100765114797644,0.01044561021251453,0.010929900268234639,22399.362156767715
1790105520,0.010929900268234639,0.011001595402731011,0.010541240126595542,0.010617801410307817,6344.683594905108
1790105580,0.010617801410307817,0.010617801410307817,0.01007469718420397,0.010508437090712475,15100.305921123878
1790105640,0.010508437090712475,0.010528375636368012,0.0103875281221742,0.01049903401762074,3019.6048505519598
1790105700,0.01049903401762074,0.010555061212991669,0.0104154278740018,0.010439838535296092,3163.481925295537
1790105760,0.010439838535296092,0.010967098647282875,0.010415280137986246,0.010947115565951527,11729.775517616054
1790105820,0.010947115565951527,0.010947115565951527,0.010578583816817606,0.010699935873389915,15148.59897985719
1790105880,0.010699935873389915,0.011111115490962584,0.0106484356338639,0.01071981685410952,11594.937439969797
1790105940,0.01071981685410952,0.010804507112281961,0.010551334437325208,0.01063100155449997,4783.9406444389515
1790106000,0.01063100155449997,0.01063100155449997,0.010437520015599087,0.010535419536710226,4420.981023504653
1790106060,0.010535419536710226,0.010535419536710226,0.010455402998300315,0.01053196231841805,140.8257791413406
1790106120,0.01053196231841805,0.010635609668496401,0.01053196231841805,0.010635609668496401,2225.7717555351633
1790106180,0.010635609668496401,0.010732603467089704,0.010587779834799685,0.010732603467089704,2809.7035163540622
1790106240,0.010732603467089704,0.010745608937164565,0.01053667574730459,0.010539796036375466,5357.9979182344605
1790106300,0.010539796036375466,0.010622130263971234,0.010295109920622164,0.010295109920622164,5376.979037177462
1790106360,0.010295109920622164,0.010303016514865766,0.010121708915529397,0.010121708915529397,1925.5404206452765
1790106420,0.010121708915529397,0.010394566261522534,0.010121708915529397,0.010312188563271386,3385.4080359671184
1790106480,0.010312188563271386,0.010347895691781942,0.010258681616958518,0.010258681616958518,775.3845942590632
1790106540,0.010258681616958518,0.01043763533151403,0.010258681616958518,0.01043763533151403,1747.848605401953
1790106600,0.01043763533151403,0.010510634047279427,0.010367948456472839,0.010434923051666888,1460.7987491538327
1790106660,0.010434923051666888,0.010505286097144342,0.010337481346409426,0.010337481346409426,1722.8521135365834
1790106720,0.010337481346409426,0.010365370662201763,0.01010092264711799,0.010134166110240324,4411.057583965212
1790106780,0.010134166110240324,0.010254468392703674,0.010066505484247288,0.010167215152853817,2488.0779870327065
1790106840,0.010167215152853817,0.01020817717363079,0.010119698584145046,0.010202612676512556,546.8331998487928
1790106900,0.010202612676512556,0.010208802954086951,0.01012448517360736,0.010203868628210674,453.4845277757859
1790106960,0.010203868628210674,0.010224301763540429,0.010131949534747806,0.010224301763540429,784.5203313015242
1790107020,0.010224301763540429,0.010319799232498152,0.010220366751923829,0.010317297148448852,1085.0728829627901
1790107080,0.010317297148448852,0.010317297148448852,0.010222269881198658,0.010293199270626413,539.5799445245892
1790107140,0.010293199270626413,0.010372686106814065,0.00990754112093476,0.010098318113672592,15453.822233595123
1790107200,0.010098318113672592,0.010113664188441205,0.010015509819597649,0.010015509819597649,1097.5046462362195
1790107260,0.010015509819597649,0.010117103181609551,0.01000426362673274,0.010117103181609551,2328.267382733235
1790107320,0.010117103181609551,0.010199544989988235,0.010043123480241174,0.010095676340624237,2590.9184732249523
1790107380,0.010095676340624237,0.01019811415947416,0.010095676340624237,0.010114552917895132,1288.1414199514143
1790107440,0.010114552917895132,0.010300414351398723,0.010114552917895132,0.010220747112905175,2008.76169107066
1790107500,0.010220747112905175,0.010300449481621267,0.010213123006097474,0.010239025209722028,1292.0096524627284
1790107560,0.010239025209722028,0.010258481277667333,0.010180718618359496,0.010180718618359496,739.4795175552996
1790107620,0.010180718618359496,0.010249963425181901,0.010175387747106114,0.010175699278904271,292.017794100887
1790107680,0.010175699278904271,0.010257791403323892,0.010168364408162803,0.010175219589081793,375.6293451344585
1790107740,0.010175219589081793,0.010247287369366217,0.010166274272243581,0.010243041034611239,353.5214753714365
1790107800,0.010243041034611239,0.01028563623440296,0.010205566001842616,0.010210093028920654,647.5799325870645
1790107860,0.010210093028920654,0.010517252610733377,0.010206070037811023,0.010458678934672212,5539.534178856808
1790107920,0.010458678934672212,0.010507521841662372,0.01012027964187667,0.010133616027466916,12173.828849868758
1790107980,0.010133616027466916,0.010180285558937675,0.009999898116932505,0.01004888226010338,3997.2804919484147
1790108040,0.01004888226010338,0.010076969103752463,0.009914855440142934,0.009992968798803114,2237.8070857979214
1790108100,0.009992968798803114,0.009992968798803114,0.009791844508938876,0.009856066806755272,3109.4194960316627
1790108160,0.009856066806755272,0.009946996398693375,0.00978946143527425,0.009944796620496224,1685.1486253471635
1790108220,0.009944796620496224,0.009971791362251292,0.009893947110522374,0.009968459498160732,403.49103034187345
1790108280,0.009968459498160732,0.009968980234938408,0.009830444448721597,0.009830444448721597,953.3417405632146
1790108340,0.009830444448721597,0.009930285760916471,0.00982593356847753,0.009867546228179517,1614.4764439159842
1790108400,0.009867546228179517,0.009867546228179517,0.009785047849561627,0.009863340903294928,147.6144340753526
1790108460,0.009863340903294928,0.011193917305328899,0.009863340903294928,0.011116816723604093,37479.92705068133
1790108520,0.011116816723604093,0.011207461130658663,0.010753048130660397,0.010753048130660397,7768.193873437439
1790108580,0.010753048130660397,0.010924892860665038,0.01051523266833721,0.010698348151766696,13335.76062977097
1790108640,0.010698348151766696,0.010821516358731935,0.010587715632405096,0.010587715632405096,2953.3312208685625
1790108700,0.010587715632405096,0.01070336155980273,0.010569134431952737,0.01070336155980273,1262.2324039422942
1790108760,0.01070336155980273,0.01070336155980273,0.010392712513307837,0.01058836246722645,6773.190834971562
1790108820,0.01058836246722645,0.010753073831680048,0.009970398402776325,0.01047274677862424,22747.332200966037
1790108880,0.01047274677862424,0.011549240207930009,0.01047274677862424,0.010868282731224772,29331.933735734037
1790108940,0.010868282731224772,0.011034834887123639,0.010866794772994542,0.010978949197573539,2214.950835796998
1790109000,0.010978949197573539,0.01104854563106916,0.01089327895015524,0.01089327895015524,1558.5522428018821
1790109060,0.01089327895015524,0.010950820164393619,0.010860960480681518,0.010860960480681518,1429.910113209212
1790109120,0.010860960480681518,0.011047654221611065,0.010850353335231142,0.010975856488866079,2066.698478373376
1790109180,0.010975856488866079,0.011137718332734288,0.010970321972246433,0.0110798065527812,2509.4795410102633
1790109240,0.0110798065527812,0.011175189151244148,0.011033466216903796,0.011034445285057837,1848.338804105853
1790109300,0.011034445285057837,0.011289774719098672,0.011034445285057837,0.011248381221638676,3137.8460903657196
1790109360,0.011248381221638676,0.01155104428975413,0.011248381221638676,0.011343400605873978,7029.444633963714
1790109420,0.011343400605873978,0.011548878105345972,0.011236711242027448,0.011543402246784731,6539.332511073773
1790109480,0.011543402246784731,0.01154342224457308,0.011147092312010954,0.011147092312010954,5933.597253240581
1790109540,0.011147092312010954,0.011235843976619477,0.011095525275361144,0.011147082400386612,1780.7423149985523
1790109600,0.011147082400386612,0.011150086021249863,0.010824281626183598,0.010857354637202409,5206.9227069664175
1790109660,0.010857354637202409,0.010879621407841981,0.010764068703121748,0.010878102604594271,1449.1234763299497
1790109720,0.010878102604594271,0.010883093893604652,0.010806251343074823,0.010806251343074823,279.27774122540194
1790109780,0.010806251343074823,0.010896738887212912,0.010797501989407574,0.010896738887212912,475.9808594306947
1790109840,0.010896738887212912,0.010963426540991807,0.010798798758341973,0.010798798758341973,3285.3193389049284
1790109900,0.010798798758341973,0.010836345652131887,0.01072275584331983,0.010737647560512133,1977.7150753310182
1790109960,0.010737647560512133,0.010831400283760112,0.010532690464678725,0.010532690464678725,4452.580165158089
1790110020,0.010532690464678725,0.011258819268474793,0.010532690464678725,0.011191991718730275,11044.853218402099
1790110080,0.011191991718730275,0.011191991718730275,0.010871272579345332,0.011087334810781968,11992.182413664948
1790110140,0.011087334810781968,0.011328554296546407,0.011087334810781968,0.011320530172465844,3455.9344983896744
1790110200,0.011320530172465844,0.011433930547908902,0.01117211890447588,0.01117211890447588,5167.293310131286
1790110260,0.01117211890447588,0.011364576711632286,0.011126995682500293,0.01120761636224404,5105.887419198878
1790110320,0.01120761636224404,0.01120761636224404,0.010900645283355697,0.011032688308847438,5726.221387841587
1790110380,0.011032688308847438,0.011103989578078372,0.01092064155664436,0.010989402856291332,3371.8259369588773
1790110440,0.010989402856291332,0.010993953098130059,0.010880613193528284,0.01095950518388563,516.7075309277039
1790110500,0.01095950518388563,0.01103855751868239,0.010829885671153444,0.010954609839021056,3245.8906673506017
1790110560,0.010954609839021056,0.011135587757894628,0.010954609839021056,0.011094262129843038,4665.332226218604
1790110620,0.011094262129843038,0.011113987911828925,0.011028138634266188,0.011028138634266188,434.9708182156776
1790110680,0.011028138634266188,0.011120839008498203,0.010962796463309292,0.010962796463309292,3357.8813923588855
1790110740,0.010962796463309292,0.011035075216501057,0.010933703845106077,0.011034748505240905,1009.229988821224
1790110800,0.011034748505240905,0.011034748505240905,0.010439831469136582,0.010526596501015414,12046.78638642413
1790110860,0.010526596501015414,0.010740579054229692,0.010519978728600278,0.010667971972184527,2179.1430077781292
1790110920,0.010667971972184527,0.010737538816911554,0.01019026838382243,0.01023624988820998,12169.224349638329
1790110980,0.01023624988820998,0.010362594873821424,0.01023624988820998,0.010361221817642395,1099.2752304822438
1790111040,0.010361221817642395,0.01050867496859971,0.01035853945855827,0.01047105044499884,4306.870902043985
1790111100,0.01047105044499884,0.010472913350193454,0.010321914427413103,0.010321914427413103,1236.0834985997747
1790111160,0.010321914427413103,0.010433034878484494,0.010290402091200473,0.010433034878484494,1917.0249541640587
1790111220,0.010433034878484494,0.010435597679760848,0.010322326381148035,0.010322326381148035,672.1259180840864
1790111280,0.010322326381148035,0.010387380598373018,0.01028776622621209,0.01028776622621209,710.9103877271535
1790111340,0.01028776622621209,0.01036497870985167,0.010254320626871531,0.010312019633465208,661.719971688709
1790111400,0.010312019633465208,0.01036670625394264,0.010243828055599797,0.01027132167842697,2314.5426150678845
1790111460,0.01027132167842697,0.010472797975210401,0.01027132167842697,0.010356524237903416,6604.445151226604
1790111520,0.010356524237903416,0.010356524237903416,0.010229553580583901,0.010333543750284209,1524.4784439571742
1790111580,0.010333543750284209,0.010397207635119813,0.010256531854205839,0.01033679107842454,1270.1055207135096
1790111640,0.01033679107842454,0.01039060856551456,0.010311832957764886,0.010336104294093509,1211.8055122437347
1790111700,0.010336104294093509,0.010336104294093509,0.010248720308447139,0.010248720308447139,1138.4253264682434
1790111760,0.010248720308447139,0.010321024890690547,0.010222789631737693,0.010237602394295133,452.5432898821718
1790111820,0.010237602394295133,0.010307205468636437,0.010085270447775,0.010149639082409494,2685.506588262499
1790111880,0.010149639082409494,0.010149639082409494,0.010062249576448877,0.010120296540947208,488.3729283392144
1790111940,0.010120296540947208,0.010120296540947208,0.01004127068964051,0.01010170080020208,255.73661460989786
1790112000,0.01010170080020208,0.010570573013591064,0.010031329027985475,0.010503431063232519,7624.452340522642
1790112060,0.010503431063232519,0.010692960582883817,0.010421789685798615,0.01042881819940307,10089.523091641704
1790112120,0.01042881819940307,0.010573111451632346,0.01042881819940307,0.010529761172317176,1920.794406789635
1790112180,0.010529761172317176,0.01086402556223725,0.010529761172317176,0.010848696075225931,5338.6117022453855
1790112240,0.010848696075225931,0.010926983152143318,0.010785521797832386,0.010862073490564532,1346.3680921843522
1790112300,0.010862073490564532,0.010935498188794692,0.010738730529979494,0.010924577727755453,3635.595825781303
1790112360,0.010924577727755453,0.011674133833826933,0.010917781015073725,0.011624147057548901,13793.81672950568
1790112420,0.011624147057548901,0.011718041027496183,0.011450315627746021,0.011694747994478526,5907.572989418642
1790112480,0.011694747994478526,0.011770896832647242,0.01160753490098439,0.01160753490098439,5805.346897585463
1790112540,0.01160753490098439,0.01160753490098439,0.011377291927828234,0.011380667849276462,2712.421568904968
1790112600,0.011380667849276462,0.0114563528034041,0.011332157392204474,0.011333076252707349,1320.6488770705648
1790112660,0.011333076252707349,0.011418483490889843,0.011333076252707349,0.011348991431152198,176.96630774844243
1790112720,0.011348991431152198,0.011485013050129476,0.011348991431152198,0.011481472769077766,1100.1966989777084
1790112780,0.011481472769077766,0.011557286854134012,0.0114108863622257,0.011557286854134012,2346.0586746141253
1790112840,0.011557286854134012,0.011622135022162947,0.011464757624391293,0.011534686170801826,1552.550433286464
1790112900,0.011534686170801826,0.011619931453981025,0.011304464194678569,0.011304464194678569,4308.6977628239665
1790112960,0.011304464194678569,0.011422953943219542,0.011185465450075425,0.011207022696370243,6760.001896328957
1790113020,0.011207022696370243,0.011207022696370243,0.011119940001241424,0.011181908417248802,1322.728789276747
1790113080,0.011181908417248802,0.011189788518530133,0.01106616774700703,0.011113901169266374,1142.1712909839641
1790113140,0.011113901169266374,0.01165024652083454,0.011113901169266374,0.011431467138849953,12815.842010824388
1790113200,0.011431467138849953,0.011579266688408623,0.011342378962755,0.011579266688408623,2357.1280282148105
1790113260,0.011579266688408623,0.011579266688408623,0.011300747687860315,0.011300747687860315,3498.7840110353914
1790113320,0.011300747687860315,0.012039657322902797,0.011300747687860315,0.011983732406081821,13433.134149804959
1790113380,0.011983732406081821,0.011983732406081821,0.011318649871354135,0.01157043207555353,17548.624089835947
1790113440,0.01157043207555353,0.011767069845445866,0.011534257137875837,0.011767069845445866,2461.8245179108094
1790113500,0.011767069845445866,0.011809531085449835,0.011648443753690903,0.011648443753690903,2165.7028979759725
1790113560,0.011648443753690903,0.011703267502567212,0.011596694441393772,0.011608020766311709,1405.0412621043815
1790113620,0.011608020766311709,0.011652112715258268,0.011568859192637256,0.011568859192637256,568.7305575144757
1790113680,0.011568859192637256,0.011679326901098653,0.011536263828774316,0.011596071716014586,1567.6317755704163
1790113740,0.011596071716014586,0.011718927714161125,0.011585895807857311,0.011660197083599281,1634.6050884828219
1790113800,0.011660197083599281,0.011660197083599281,0.011256619132706605,0.011270166801803462,6063.916560498459
1790113860,0.011270166801803462,0.011284657575659902,0.011132539194132127,0.011132539194132127,2478.5629974768135
1790113920,0.011132539194132127,0.011219316057316263,0.010980572346206006,0.011219316057316263,5600.432090980412
1790113980,0.011219316057316263,0.011263468773467265,0.011169053638440063,0.011189396263137823,946.5083910645069
1790114040,0.011189396263137823,0.011325422712294864,0.011189396263137823,0.01126056531706903,1290.0518352278905
1790114100,0.01126056531706903,0.011352835118491628,0.011226269951548995,0.011226269951548995,1186.9305243440874
1790114160,0.011226269951548995,0.011270914879275158,0.010893326266511513,0.010980745539418862,4900.999710971148
1790114220,0.010980745539418862,0.01100034701548026,0.010711005160321483,0.010711005160321483,3794.225534977812
1790114280,0.010711005160321483,0.010792976673333217,0.010579359501983824,0.010666991082181516,3162.193997368122
1790114340,0.010666991082181516,0.010712295625399252,0.010578314951058234,0.010636097340472871,1267.3395032559629
1790114400,0.010636097340472871,0.010719099227454726,0.010357673103175894,0.010466593803996012,8640.921952304456
1790114460,0.010466593803996012,0.01049970743327766,0.010395602671474572,0.010476326938031556,1697.5786133733743
1790114520,0.010476326938031556,0.01048325797116681,0.010381182249347054,0.010447355835189402,798.746171277767
1790114580,0.010447355835189402,0.010453876525403595,0.010328781391870509,0.010413743807528438,1654.5919994806711
1790114640,0.010413743807528438,0.0108193379679813,0.010316038652502975,0.0108193379679813,10979.855673592114
1790114700,0.0108193379679813,0.0108193379679813,0.010716505249359852,0.010719940757360614,584.8158513532962
1790114760,0.010719940757360614,0.010719940757360614,0.010358994079059642,0.010431960172154676,5194.557339911303
1790114820,0.010431960172154676,0.010431960172154676,0.010325460210492216,0.010393305593354467,1420.164503027952
1790114880,0.010393305593354467,0.01046585868170889,0.010278559953831576,0.010439224798266394,4258.283467845975
1790114940,0.010439224798266394,0.010574493958433615,0.010439224798266394,0.010478102711786135,1699.2834307008604
1790115000,0.010478102711786135,0.010579305495444518,0.010406010434179656,0.010522344127886055,3877.360180451753
1790115060,0.010522344127886055,0.010596667919032696,0.010515600999966146,0.010515600999966146,222.32305009516784
1790115120,0.010515600999966146,0.010515600999966146,0.010510277631691085,0.010510277631691085,161.1709986987193
1790115180,0.010510277631691085,0.010510277631691085,0.010412657861678123,0.010412657861678123,1588.9128870574718
1790115240,0.010412657861678123,0.010471861890769355,0.01030734377183288,0.01037142240654767,1420.1269296743542
1790115300,0.01037142240654767,0.01037142240654767,0.01019550352773886,0.010250110413787865,1934.265748552901
1790115360,0.010250110413787865,0.01027926744523533,0.010126034048822204,0.010163019054567343,4079.8572720919155
1790115420,0.010163019054567343,0.01017012640580394,0.01007453810293265,0.010085405293694422,670.3430718641246
1790115480,0.010085405293694422,0.010188507864766999,0.010085405293694422,0.010175195063439097,1270.529384740734
1790115540,0.010175195063439097,0.01023869081760633,0.010126991909422687,0.010126991909422687,2894.4008981764377
1790115600,0.010126991909422687,0.010201594907038258,0.010113600106483352,0.010113600106483352,342.73594769785467
1790115660,0.010113600106483352,0.010230841939147277,0.010092790990779619,0.010181890539172166,1377.683836999379
1790115720,0.010181890539172166,0.010503810419266247,0.010181890539172166,0.010423880602369009,3876.430798882185
1790115780,0.010423880602369009,0.010538434472561612,0.010423880602369009,0.010526700156478773,736.1028517480667
1790115840,0.010526700156478773,0.010575560509862934,0.010453898615080273,0.010575560509862934,1038.1027906898078
1790115900,0.010575560509862934,0.01057967842547206,0.010496712503785902,0.010508755614527006,109.65476304891384
1790115960,0.010508755614527006,0.01062553877332499,0.010505952552305147,0.01062553877332499,901.5875777640974
1790116020,0.01062553877332499,0.010697601926241565,0.010593354284177464,0.010630044934870108,1688.4164417908664
1790116080,0.010630044934870108,0.010630044934870108,0.010516369007110338,0.010516369007110338,2008.6570517291007
1790116140,0.010516369007110338,0.01056034613811812,0.010363999156422634,0.010363999156422634,2984.7483031529673
1790116200,0.010363999156422634,0.010374376673946294,0.010266558235532875,0.010266558235532875,1681.5513199273048
1790116260,0.010266558235532875,0.010303195756182458,0.010224438252733498,0.010298620895734151,224.04260173517855
1790116320,0.010298620895734151,0.010301922631690956,0.010225454002295084,0.010301922631690956,426.0281199124917
1790116380,0.010301922631690956,0.010637699546067577,0.010301922631690956,0.010637699546067577,5434.441847693841
1790116440,0.010637699546067577,0.01082483413579227,0.010594156640095395,0.01082483413579227,3405.377373501118
1790116500,0.01082483413579227,0.01082483413579227,0.010756375893480667,0.010756375893480667,94.20041130204635
1790116560,0.010756375893480667,0.010834369261363809,0.01069025098722673,0.01069025098722673,1177.4979839372236
1790116620,0.01069025098722673,0.01069025098722673,0.010685955625989573,0.010685955625989573,283.2633117337316
1790116740,0.010685955625989573,0.010751450788551928,0.010677898788674683,0.010678135985196038,78.64703274215134
1790116860,0.010678135985196038,0.011365382857279916,0.010678135985196038,0.011362780832607066,11936.275763979917
1790116920,0.011362780832607066,0.011493087091885078,0.011362780832607066,0.011398316894256287,2139.9450907244554
1790116980,0.011398316894256287,0.011728053961497736,0.011134741405128823,0.011646402329034493,11210.718335720967
1790117040,0.011646402329034493,0.012044287546940298,0.011626608435728056,0.011835391860497833,9654.8565023039
1790117100,0.011835391860497833,0.011890376764913908,0.011783550458367154,0.011806818624577997,1558.5324310378467
1790117160,0.011806818624577997,0.012036087335004806,0.011806818624577997,0.011894404862338889,4500.007223814183
1790117220,0.011894404862338889,0.011980492615977424,0.011776892015227362,0.011782005698041671,3965.7830407883494
1790117280,0.011782005698041671,0.011841371825528533,0.011459190117383685,0.011587185121546393,7868.85334399506
1790117340,0.011587185121546393,0.011649219188109074,0.011508820700453252,0.011577905976366272,1133.815141536582
1790117400,0.011577905976366272,0.01166048102167515,0.011551155248678871,0.011551155248678871,303.2473731085274
1790117460,0.011551155248678871,0.011617217945804325,0.011538293456788437,0.011538293456788437,378.316882604576
1790117520,0.011538293456788437,0.011629523565336662,0.011538293456788437,0.01155180480148626,246.4339242121675
1790117580,0.01155180480148626,0.012038047612839494,0.01155180480148626,0.012038047612839494,7495.634869581672
1790117640,0.012038047612839494,0.012044919875252491,0.010991715059047445,0.011090818191531288,15788.782553929888
1790117700,0.011090818191531288,0.011162439930065143,0.011001695565045317,0.011078674273750784,2102.6459881974074
1790117760,0.011078674273750784,0.011155117602178253,0.011046784237009215,0.011122279975405464,399.7320839988192
1790117820,0.011122279975405464,0.01114942143095258,0.011056756171154659,0.01112481432460273,553.9545459143136
1790117880,0.01112481432460273,0.011125730742693532,0.011043985118957777,0.01104861059790233,403.8566615416439
1790117940,0.01104861059790233,0.011207775052416684,0.011030948641214835,0.011207775052416684,6054.9861867574355
1790118000,0.011207775052416684,0.0112198342658602,0.011066062652347637,0.011145333149336469,1589.0654295803909
1790118060,0.011145333149336469,0.011150125594915909,0.011052965414958992,0.01106202320692783,251.24813863772056
1790118120,0.01106202320692783,0.01114275338656603,0.01103932242077762,0.01103932242077762,784.8160563337004
1790118180,0.01103932242077762,0.011099598271940337,0.010904271835481266,0.010904271835481266,2014.8729105912603
1790118240,0.010904271835481266,0.010973536975535257,0.01089944341704815,0.010973536975535257,21.040650353313413
1790118300,0.010973536975535257,0.01110361188632243,0.010899042536630753,0.011027982494135993,1812.2317389503903
1790118360,0.011027982494135993,0.0111118017579002,0.010989405322106374,0.010998307821260501,743.810181166148
1790118420,0.010998307821260501,0.011076761344870926,0.010985833201111591,0.011071656161626305,134.49255320207254
1790118480,0.011071656161626305,0.011072890365387,0.01085184149702807,0.010935623579399874,2016.305260852541
1790118540,0.010935623579399874,0.010963675457321999,0.010935623579399874,0.010963675457321999,203.94058740482484
1790118600,0.010963675457321999,0.010963766262373604,0.010877741661306378,0.010963766262373604,129.62158833796232
1790118660,0.010963766262373604,0.01098592016733253,0.010906697773628755,0.01098592016733253,301.5827152737406
1790118720,0.01098592016733253,0.01098592016733253,0.010888420681921753,0.010960984160847972,272.96131367237297
1790118780,0.010960984160847972,0.010960984160847972,0.010807741207980235,0.010813693850538602,1041.2442293807042
1790118840,0.010813693850538602,0.010894560003305997,0.010813693850538602,0.010894560003305997,49.504553776650866
1790118900,0.010894560003305997,0.010898826571543115,0.01081715259490581,0.010824230187791757,346.8368455912907
1790118960,0.010824230187791757,0.01089266581038194,0.010808287606992175,0.01088353561927018,183.38277655196748
1790119020,0.01088353561927018,0.01088353561927018,0.01076518197807755,0.01077080192407061,485.1633581827892
1790119080,0.01077080192407061,0.01079956597211488,0.010703573395312499,0.010751354318033573,1395.8893602546398
1790119140,0.010751354318033573,0.010753905130145066,0.010678090811409144,0.010751128523575428,34.77954716022956
1790119200,0.010751128523575428,0.010751128523575428,0.010744783581115294,0.010747961028771512,145.53876195155428
1790119260,0.010747961028771512,0.010747961028771512,0.010665219091674604,0.010735164329583043,140.17925710147182
1790119320,0.010735164329583043,0.010757606354406207,0.010735164329583043,0.010757606354406207,45.75766865544512
1790119380,0.010757606354406207,0.010757606354406207,0.010746689793693285,0.010748756080913812,5.470951490449873
1790119440,0.010748756080913812,0.010748756080913812,0.010667143043019982,0.010667143043019982,0.0027661288639146404
1790119500,0.010667143043019982,0.010738938776274413,0.010667143043019982,0.01073084025796993,87.79647721618642
1790119560,0.01073084025796993,0.011287162842808904,0.010658614442665209,0.011276903857044197,9057.682434920112
1790119620,0.011276903857044197,0.011424628488762328,0.011276903857044197,0.011379205521033773,1894.7995020674568
1790119680,0.011379205521033773,0.011454082193704073,0.011370134143946288,0.011381371623771196,66.92656011719494
1790119740,0.011381371623771196,0.011458899396313768,0.011337409044040589,0.011341114894706801,1300.4203922512784
1790119800,0.011341114894706801,0.011414408200512437,0.011124941766910229,0.01120670283680939,2995.9175726047515
1790119860,0.01120670283680939,0.011223443615079497,0.01113978849043154,0.0111965393750746,371.7993594240373
1790119920,0.0111965393750746,0.01125230338645918,0.011126856497538336,0.011126856497538336,1315.8410766217712
1790119980,0.011126856497538336,0.011222488108905854,0.011126856497538336,0.011160195878965351,439.27984289145667
1790120040,0.011160195878965351,0.011331532475422183,0.011160195878965351,0.011266813465199005,1293.2351375098913
1790120100,0.011266813465199005,0.011334193585123279,0.011254647170838749,0.011257785222780998,147.84533883605806
1790120160,0.011257785222780998,0.011322483163432127,0.011250450224783427,0.011251336241603592,38.79231897066091
1790120220,0.011251336241603592,0.01126949687257924,0.01119242249929481,0.01126949687257924,707.4040865989605
1790120280,0.01126949687257924,0.011274991909587775,0.011190006649555896,0.011274991909587775,132.47268288950764
1790120340,0.011274991909587775,0.01147392778180378,0.011274991909587775,0.011473756137856157,3908.8888744171977
1790120400,0.011473756137856157,0.011473756137856157,0.011461756755989186,0.011461756755989186,50.38924971616362
1790120460,0.011461756755989186,0.011539375594628866,0.01143309444014907,0.01143309444014907,667.4622069118627
1790120520,0.01143309444014907,0.011489438639294757,0.01140776807737894,0.011489438639294757,389.4543711281174
1790120580,0.011489438639294757,0.011554386775280394,0.0114238463283075,0.011551266010197606,678.2904735639241
1790120640,0.011551266010197606,0.011865502759068038,0.011472524206922408,0.011795193334364492,5628.942735223725
1790120700,0.011795193334364492,0.011919779272399615,0.011795193334364492,0.011839215316175123,1152.8949501902293
1790120760,0.011839215316175123,0.011936197311137355,0.011828024246457472,0.011930613037801194,1147.1004019690463
1790120820,0.011930613037801194,0.012050640357056164,0.011852591079912234,0.011952766240868709,2326.931294049124
1790120880,0.011952766240868709,0.012064681543935406,0.01188676782409932,0.012016029315065829,4099.259995315624
1790120940,0.012016029315065829,0.012093126548289255,0.011931771533706115,0.011946497696908273,2978.840182175151
1790121000,0.011946497696908273,0.012023419541082277,0.011633396801273071,0.011633396801273071,4872.894957761035
1790121060,0.011633396801273071,0.012598655440632073,0.011572272841312136,0.012323226232707006,18386.169427164907
1790121120,0.012323226232707006,0.01339163588495792,0.012323226232707006,0.01280867206208793,22816.73467169811
1790121180,0.01280867206208793,0.01353033246954133,0.0127871409477288,0.013136695311986987,19566.071996410774
1790121240,0.013136695311986987,0.013362796297552767,0.012613963756206928,0.012653472955160108,15660.979472816229
1790121300,0.012653472955160108,0.01281549481329985,0.012440712649175576,0.01279383594616404,8425.430577997267
1790121360,0.01279383594616404,0.013158913401789643,0.012377110092650204,0.012475939304774138,24417.285415026912
1790121420,0.012475939304774138,0.014239085437339982,0.012475939304774138,0.013726097641942537,36627.53910093588
1790121480,0.013726097641942537,0.013796745720476265,0.01345762828579737,0.0135323786878797,4168.684244187063
1790121540,0.0135323786878797,0.0135323786878797,0.013400666862215393,0.013481673915815737,2085.802094169371
1790121600,0.013481673915815737,0.013606331153673212,0.01339332857717762,0.0134738800868609,3519.6211136465613
1790121660,0.0134738800868609,0.013512430037629794,0.01321336691586445,0.013222874714023653,5488.119817566854
1790121720,0.013222874714023653,0.013462932038663535,0.013222874714023653,0.01345495347114152,4419.62753858029
1790121780,0.01345495347114152,0.013462765604321547,0.013331809239480146,0.013331809239480146,1391.1925221369593
1790121840,0.013331809239480146,0.013440754550924212,0.013247339959103219,0.013247339959103219,2405.5732886324904
1790121900,0.013247339959103219,0.013309266773628326,0.01317821711327542,0.013183572798124663,2124.960249620003
1790121960,0.013183572798124663,0.013337437691113022,0.013166254897393571,0.013279456498340966,1936.9416033076297
1790122020,0.013279456498340966,0.013284289942289243,0.013056925164705878,0.013139604242138888,1782.7651416724425
1790122080,0.013139604242138888,0.013139604242138888,0.012922388049257614,0.013014326563101922,1731.14421660444
1790122140,0.013014326563101922,0.013027009255718662,0.012903452874812343,0.013000309356529342,813.7489720243939
1790122200,0.013000309356529342,0.013003246973814286,0.012865935189433275,0.012986694516434815,2078.7541798707225
1790122260,0.012986694516434815,0.013264732188581011,0.012899476906786691,0.013264717320371948,4895.621431838746
1790122320,0.013264717320371948,0.013269158993110184,0.013139462610641507,0.013170579962805844,1176.4310531680355
1790122380,0.013170579962805844,0.01326697428794888,0.013170579962805844,0.013265980185220724,162.54019423457342
1790122440,0.013265980185220724,0.013268277105938382,0.013086555574368434,0.013177180751314643,1241.0588603781314
1790122500,0.013177180751314643,0.013178055395042474,0.013074117566761165,0.01315746443982895,180.23733030032895
1790122560,0.01315746443982895,0.013165302895144075,0.012857878460705867,0.012857878460705867,4364.619440385281
1790122620,0.012857878460705867,0.012873557341165971,0.012556583016742173,0.01269930247528281,5271.755814230379
1790122680,0.01269930247528281,0.012823308639514657,0.012615156123990891,0.012822921538114604,1824.7854614783635
1790122740,0.012822921538114604,0.01285235900433728,0.012739668499582071,0.012767996609307664,529.6621629607184
1790122800,0.012767996609307664,0.012908166590376718,0.012757044477846003,0.012908166590376718,1057.0054657654448
1790122860,0.012908166590376718,0.012922478489484012,0.01282415780284447,0.012922478489484012,133.3968782258495
1790122920,0.012922478489484012,0.012922478489484012,0.012811763105274546,0.012827409956282195,309.3406035411992
1790122980,0.012827409956282195,0.012916765153768875,0.012784544152714078,0.01286948912848815,614.936327807405
1790123040,0.01286948912848815,0.012880472613552999,0.012691698759698151,0.012774188613889638,1442.7209394478914
1790123100,0.012774188613889638,0.01294830147441746,0.012696565843887512,0.012946424340474817,3337.6005728012988
1790123160,0.012946424340474817,0.012967065999323986,0.012859616078782669,0.012960965581012729,281.01568014528823
1790123220,0.012960965581012729,0.012989287311183187,0.01287656333049158,0.01298132719059346,399.85435708921483
1790123280,0.01298132719059346,0.012986900742915157,0.012873626091543688,0.012956884835603692,337.96230200323873
1790123340,0.012956884835603692,0.013074578604614286,0.012783847532740547,0.012956003224280062,5662.656160835977
1790123400,0.012956003224280062,0.013043571881173761,0.012440998556272868,0.012522865646795637,8631.196019598465
1790123460,0.012522865646795637,0.012771594730484314,0.012448884847879477,0.0127587866823322,3231.012278563824
1790123520,0.0127587866823322,0.0127587866823322,0.012633331906787023,0.01275169403406556,203.1480175729929
1790123580,0.01275169403406556,0.012796794964925992,0.012667077427145934,0.012792015918103375,538.535550408167
1790123640,0.012792015918103375,0.012792247424482667,0.012548777494713184,0.012683506225767907,2897.163728741912
1790123700,0.012683506225767907,0.012711587096134855,0.012612060968708306,0.012699802071151085,308.10949124761504
1790123760,0.012699802071151085,0.012705599445728502,0.012610678949398248,0.012704649461264508,22.668289608052586
1790123820,0.012704649461264508,0.012705094638476078,0.012602548915081679,0.012685184253988036,247.59017262995803
1790123880,0.012685184253988036,0.012742627330442225,0.012579663867666757,0.012579663867666757,1882.7045081612011
1790123940,0.012579663867666757,0.012672055361145325,0.012561211964732314,0.012641364076166622,386.14953323126025
1790124000,0.012641364076166622,0.012641364076166622,0.012525725682573336,0.012583502209995491,1407.354392719404
1790124060,0.012583502209995491,0.012684794110024619,0.012562991215892955,0.012664593418581022,1479.9519722522848
1790124120,0.012664593418581022,0.012683055861003966,0.01257131087983944,0.012581071313542613,718.3574644323099
1790124180,0.012581071313542613,0.012981217021366787,0.012581071313542613,0.0129218612830266,4564.157136834761
1790124240,0.0129218612830266,0.013122421709120804,0.0129218612830266,0.013023453411994287,1598.5227675592082
1790124300,0.013023453411994287,0.013181014925911795,0.013023453411994287,0.013105705209989738,1401.5534675998215
1790124360,0.013105705209989738,0.014476919408859772,0.01309337063852441,0.014334189321789197,22924.0957310279
1790124420,0.014334189321789197,0.014556221936961529,0.014290614050010916,0.01433455211587859,6504.562212822581
1790124480,0.01433455211587859,0.014670693893332488,0.013977069742942607,0.014569224224907824,12074.322816121814
1790124540,0.014569224224907824,0.014684668250857078,0.014460739982473422,0.01452996495890281,4437.469599701962
1790124600,0.01452996495890281,0.014622390900326576,0.014444102600694515,0.014608448340057903,5567.515650928915
1790124660,0.014608448340057903,0.015251378929250747,0.014509942311357925,0.015251378929250747,9811.299442090985
1790124720,0.015251378929250747,0.01573150177333866,0.015104499344135401,0.015549337534467819,13651.262497323338
1790124780,0.015549337534467819,0.015641359923149894,0.014396296690967135,0.014396296690967135,26673.952085177723
1790124840,0.014396296690967135,0.014468665558628614,0.014188910466533918,0.014248689881468449,2725.2039813086044
1790124900,0.014248689881468449,0.014298725215187815,0.014030056386569484,0.01411767996470214,3714.6548283366355
1790124960,0.01411767996470214,0.014147453213061866,0.01397001076789489,0.013970329878431111,2379.166429356444
1790125020,0.013970329878431111,0.01446870030380771,0.013948101967928693,0.014369919568150223,6576.672349030882
1790125080,0.014369919568150223,0.014468843784601384,0.014363042559636014,0.01438582528924684,499.1171424478776
1790125140,0.01438582528924684,0.014626999480543764,0.014356319751846943,0.014559333184074376,4196.684352655622
1790125200,0.014559333184074376,0.014858118036761962,0.014466339697268286,0.014858118036761962,5736.4468841470025
1790125260,0.014858118036761962,0.014877176216186679,0.014707303832521638,0.014856705230804996,2408.85480676398
1790125320,0.014856705230804996,0.015160978827295606,0.014782736971882643,0.014973532731113789,5442.85940642371
1790125380,0.014973532731113789,0.01510870192741677,0.014954061495912925,0.015022456379498996,2243.732563796775
1790125440,0.015022456379498996,0.01511417708487337,0.014886176462914768,0.014914858564761881,3231.462773016019
1790125500,0.014914858564761881,0.014989203013276458,0.01486108208718832,0.01486194197305904,1259.7889044515991
1790125560,0.01486194197305904,0.015175285126535471,0.01434781756521829,0.015027865572824702,19442.898056816914
1790125620,0.015027865572824702,0.015027865572824702,0.014701605247446351,0.014770998407549325,5806.0114943293975
1790125680,0.014770998407549325,0.014770998407549325,0.014230423541868818,0.014230423541868818,5921.574065645996
1790125740,0.014230423541868818,0.014335401824335214,0.014159396928041974,0.014209081446370352,1968.517481010869
1790125800,0.014209081446370352,0.014293632509732838,0.014112768621343063,0.014293632509732838,1961.65691663609
1790125860,0.014293632509732838,0.014365392469224096,0.014216554485971976,0.014365392469224096,1039.0502080087467
1790125920,0.014365392469224096,0.014403439634480002,0.014258476451966122,0.014320532737371277,1230.2906086577416
1790125980,0.014320532737371277,0.014409120561115691,0.014234382021320716,0.014234382021320716,1332.356111748081
1790126040,0.014234382021320716,0.014318603870871952,0.014119425734549615,0.014121565638518163,1886.4040128774163
1790126100,0.014121565638518163,0.014121565638518163,0.013947447570526302,0.013947447570526302,2259.4106368986318
1790126160,0.013947447570526302,0.01403796981042555,0.01393587032006692,0.013951551808499218,216.87694556077875
1790126220,0.013951551808499218,0.014039227037688553,0.013887190890093288,0.01396420126363561,1270.8877590402744
1790126280,0.01396420126363561,0.01396420126363561,0.013854204159034952,0.013937973741158637,674.0302668314641
1790126340,0.013937973741158637,0.013969906895774202,0.013884899685228267,0.013889482145585288,542.0325919499975
1790126400,0.013889482145585288,0.013976234215252695,0.013838702545004985,0.013935080792324818,1967.8975671083015
1790126460,0.013935080792324818,0.013935080792324818,0.013808386221264856,0.013907170552836355,894.0115862122251
1790126520,0.013907170552836355,0.0139433640505191,0.01386111087586961,0.0139433640505191,201.86220392745273
1790126580,0.0139433640505191,0.0139433640505191,0.01380187016528912,0.013815219213122927,756.5788774614292
1790126640,0.013815219213122927,0.013901792921352204,0.01378864101309746,0.013829674198887146,711.6369830314477
1790126700,0.013829674198887146,0.013921533674229176,0.013173909682352046,0.013238212117052693,9929.43439159207
1790126760,0.013238212117052693,0.013392312381635107,0.013144732441018016,0.013390439659464428,4277.308038029302
1790126820,0.013390439659464428,0.013390439659464428,0.01318937000447871,0.013192185333327736,2288.192642123052
1790126880,0.013192185333327736,0.013271130151289013,0.012985721819185754,0.013065262921974108,2893.8446298870417
1790126940,0.013065262921974108,0.013100352251287438,0.012972996366254213,0.013100352251287438,1098.841645539015
1790127000,0.013100352251287438,0.013100352251287438,0.01296778975729472,0.013048372417203323,1258.4837866202613
1790127060,0.013048372417203323,0.013074134277630342,0.012968053328911072,0.013062999684960422,1114.1674067802305
1790127120,0.013062999684960422,0.013062999684960422,0.012935725713041706,0.012935725713041706,590.9286042347279
1790127180,0.012935725713041706,0.013039816786795558,0.012935725713041706,0.013039816786795558,316.00900154536754
1790127240,0.013039816786795558,0.013042714473450435,0.012942006507402378,0.012945155133555803,545.552654304214
1790127300,0.012945155133555803,0.013042308646172033,0.01290860191324604,0.01303845325568748,2839.9920001891837
1790127360,0.01303845325568748,0.01305601400704718,0.01294599312597929,0.012964360036734422,854.9668101963151
1790127420,0.012964360036734422,0.013063730314501028,0.012964360036734422,0.013054976895425358,246.1589030303734
1790127480,0.013054976895425358,0.013143421258016512,0.012809958056808997,0.012809958056808997,4376.637806639437
1790127540,0.012809958056808997,0.012898983717008755,0.012732294118791669,0.012813461883756429,1555.0313683499412
1790127600,0.012813461883756429,0.012817317754433897,0.012718670710965527,0.01281107932585646,106.9461018832527
1790127660,0.01281107932585646,0.012816307655591852,0.012712220301386832,0.012723073278545908,1270.1992874822358
1790127720,0.012723073278545908,0.012810744683697289,0.012343247987762696,0.01235407964902276,6386.321642442647
1790127780,0.01235407964902276,0.012595393827517593,0.012110405686094651,0.012445832362264587,13715.671328044515
1790127840,0.012445832362264587,0.012495730838077299,0.012331354366819059,0.012402584301489812,1690.3578812357541
1790127900,0.012402584301489812,0.012510398679799648,0.012268236476923189,0.012274915007075815,2488.530583551759
1790127960,0.012274915007075815,0.012380586087543742,0.012274915007075815,0.012372559069282446,224.92514316515678
1790128020,0.012372559069282446,0.012410003306305496,0.012287177083685617,0.0123235936810287,800.1802824851787
1790128080,0.0123235936810287,0.012380969131023859,0.012276156726552852,0.012366221348259996,628.493356782283
1790128140,0.012366221348259996,0.012374349969920402,0.012276609893921259,0.012282045771748894,327.98144804382355
1790128200,0.012282045771748894,0.012596620925032824,0.01226710456280535,0.012517133304195651,3106.075305978539
1790128260,0.012517133304195651,0.012636164422117464,0.012499798399570152,0.01259290142453857,1200.9092055304684
1790128320,0.01259290142453857,0.012602186160508188,0.01249537488781508,0.012521777389322062,474.0854132467377
1790128380,0.012521777389322062,0.012624198252960496,0.012521777389322062,0.012611031082856203,306.1563692602972
1790128440,0.012611031082856203,0.012617065982100372,0.012515730054643513,0.012601513770398648,280.6345573487711
1790128500,0.012601513770398648,0.012615445658395126,0.01251243831733437,0.012615445658395126,233.7821211938948
1790128560,0.012615445658395126,0.012834468902827143,0.012533478236688465,0.012834468902827143,3149.573500772826
1790128620,0.012834468902827143,0.013507559075066872,0.012777920190792507,0.013507559075066872,9085.00143059847
1790128680,0.013507559075066872,0.014290394946853047,0.013405375061098956,0.013791208030681167,19311.327360162995
1790128740,0.013791208030681167,0.013806762707557868,0.013601764735078868,0.01372159380014338,3808.5550323740445
1790128800,0.01372159380014338,0.01378197868060098,0.013617223123751266,0.013686923334079077,1139.177731187746
1790128860,0.013686923334079077,0.013780214081638481,0.011906279940336759,0.012367914523533675,37261.424577716345
1790128920,0.012367914523533675,0.012684555433245596,0.012367914523533675,0.012684555433245596,4037.2758815945904
1790128980,0.012684555433245596,0.01269003859302841,0.012566730742336576,0.012580259618478527,508.61972383166125
1790129040,0.012580259618478527,0.012648535400337581,0.01253319224598671,0.012613088488964407,981.5227201523547
1790129100,0.012613088488964407,0.012613102007091502,0.012487546367392587,0.012599549555364915,896.8026188872526
1790129160,0.012599549555364915,0.01260459954680036,0.012494952428062358,0.01257233802362362,584.9762039585459
1790129220,0.01257233802362362,0.01257233802362362,0.012340195172750949,0.012421404881919819,1873.4500247058681
1790129280,0.012421404881919819,0.012424144028709476,0.012321528202604412,0.012321528202604412,628.2176137994342
1790129340,0.012321528202604412,0.012410099002905788,0.01231554436010508,0.012397256849976938,284.20600299877253
1790129400,0.012397256849976938,0.012397256849976938,0.012249779615845884,0.012330402066142051,918.1484964280318
1790129460,0.012330402066142051,0.01234381117579222,0.012249781078232101,0.012331856527635007,133.3419048168185
1790129520,0.012331856527635007,0.012358713249995408,0.012242682625801303,0.012358713249995408,462.427739206449
1790129580,0.012358713249995408,0.012410883903213672,0.012270633533933277,0.012316997411768213,1594.1413123378227
1790129640,0.012316997411768213,0.01240526228558297,0.011976647668526333,0.012083290004590698,5495.062230217705
1790129700,0.012083290004590698,0.012314325957221461,0.012006876624434646,0.012220945241505696,3986.5862485699326
1790129760,0.012220945241505696,0.012303366198504093,0.01220808159037551,0.01222345001424703,119.36351939634088
1790129820,0.01222345001424703,0.012319161540025464,0.012220301359735128,0.0123190304698476,428.89130380933074
1790129880,0.0123190304698476,0.012322649107807771,0.012226279004362989,0.012314315523756454,183.10750378176422
1790129940,0.012314315523756454,0.012316444894627208,0.012006328188014028,0.012085321971728997,3125.609031538241
1790130000,0.012085321971728997,0.012185006170642667,0.012014154244598787,0.012183562929269861,1251.101713100235
1790130060,0.012183562929269861,0.01220647248738929,0.012101832156143804,0.012138619120244196,816.988312178226
1790130120,0.012138619120244196,0.012218236364384988,0.01185349909544887,0.01185349909544887,6270.258512309558
1790130180,0.01185349909544887,0.011893944256077852,0.011609257242288373,0.011722362215056507,5867.152590216248
1790130240,0.011722362215056507,0.011745982157931276,0.011530891389266022,0.011618400905101672,5618.515378225129
1790130300,0.011618400905101672,0.011739181604952537,0.0116111179484178,0.011717966872129,1757.3001657037244
1790130360,0.011717966872129,0.011717966872129,0.011571435841389904,0.011658971449439852,1302.1893632803435
1790130420,0.011658971449439852,0.011663019088216903,0.011436896974936946,0.01152761653177876,2489.6288555442147
1790130480,0.01152761653177876,0.011958101287813936,0.011448684858304083,0.011958101287813936,6109.81151341303
1790130540,0.011958101287813936,0.012028313553250208,0.011879914987417806,0.01201641880160928,1177.0742044545464
1790130600,0.01201641880160928,0.01221622599867834,0.011919767074579441,0.012212054357093487,5175.861252197453
1790130660,0.012212054357093487,0.012244333508762343,0.012105646506399989,0.012212383251443002,1511.4075640687727
1790130720,0.012212383251443002,0.01222671385818982,0.012126619736296964,0.012218799514258406,311.29774057054954
1790130780,0.012218799514258406,0.012222011276951574,0.012109311925598405,0.012188995856178431,542.6012518343932
1790130840,0.012188995856178431,0.012194746002670488,0.011912161935932652,0.011990536167322065,2754.769423614898
1790130900,0.011990536167322065,0.011991011954160991,0.011861722499483154,0.011939752797879087,738.4383996574353
1790130960,0.011939752797879087,0.011939766447407218,0.01184076869954607,0.011918821862966535,183.17521078119572
1790131020,0.011918821862966535,0.012164739295216621,0.011840814832912189,0.01214244779051446,3785.0423426148163
1790131080,0.01214244779051446,0.012148477549541774,0.012036402325644905,0.012126049733554451,519.298539063704
1790131140,0.012126049733554451,0.012310673806109704,0.012046700961519692,0.012289446842634628,3079.9126331949733
1790131200,0.012289446842634628,0.012289498628634614,0.012186980802525595,0.01219897465743866,126.66961390760592
1790131260,0.01219897465743866,0.01230288703926977,0.01219897465743866,0.012203880213911781,678.3952359470342
1790131320,0.012203880213911781,0.012205036572621543,0.012176503499272849,0.012176503499272849,424.6717764608032
1790131380,0.012176503499272849,0.012228750573327313,0.012132059394353231,0.012140051889542477,666.2254437520481
1790131440,0.012140051889542477,0.01223068406182909,0.012091752486344119,0.012091752486344119,1089.6311517311958
1790131500,0.012091752486344119,0.012165760462847291,0.012091752486344119,0.012165760462847291,245.82694029121515
1790131560,0.012165760462847291,0.012175934306149985,0.01208962121076984,0.012175934306149985,90.81138733704746
1790131620,0.012175934306149985,0.012179377273478604,0.012051240191583617,0.012071592081456585,2046.3769987237604
1790131680,0.012071592081456585,0.012282949676758654,0.01206346378679287,0.012209553728604574,2843.3814602326665
1790131740,0.012209553728604574,0.012286452251304012,0.012201398646292253,0.012283092418765006,187.89772636579363
1790131800,0.012283092418765006,0.012317382667228979,0.01220596597767492,0.012223219715530451,1174.388599458698
1790131860,0.012223219715530451,0.012291855609808323,0.012204367189221441,0.012208001007160985,568.7976563710127
1790131920,0.012208001007160985,0.012294654221594373,0.01219924818987333,0.012294654221594373,217.9144145433187
1790131980,0.012294654221594373,0.012294654221594373,0.012185647878894708,0.012185647878894708,526.5863952315046
1790132040,0.012185647878894708,0.012229234422659106,0.012112550944928135,0.012112550944928135,1384.3843934966446
1790132100,0.012112550944928135,0.012112550944928135,0.01185581673178993,0.011932555836110421,3185.5661697048345
1790132160,0.011932555836110421,0.01194396308584051,0.011858350216223706,0.01194396308584051,38.42297634212798
1790132220,0.01194396308584051,0.011952917804753948,0.01186439022417084,0.011875408863726138,577.5380430545433
1790132280,0.011875408863726138,0.012030218861176615,0.011546226933833318,0.011659424061700235,7286.489310592012
1790132340,0.011659424061700235,0.011659424061700235,0.011510034844147633,0.011608638616996162,1425.9224085438361
1790132400,0.011608638616996162,0.011654093726144095,0.011258707024213098,0.011572577888518011,12773.068190371798
1790132460,0.011572577888518011,0.01189313525642806,0.011572577888518011,0.011885976209063445,6003.695483822391
1790132520,0.011885976209063445,0.011974320184399978,0.011778490541790186,0.011778490541790186,1879.2891651008101
1790132580,0.011778490541790186,0.011868425280866467,0.011778490541790186,0.01177995709160924,850.0411147616368
1790132640,0.01177995709160924,0.011859676947636847,0.01177995709160924,0.011786259333631723,127.5081788352887
1790132700,0.011786259333631723,0.011856209876772163,0.01176591725438751,0.011768833061518444,412.0902546242972
1790132760,0.011768833061518444,0.011838736846170499,0.01175823308870577,0.011829924049850905,334.8280865837625
1790132820,0.011829924049850905,0.011829924049850905,0.011705795341701613,0.011705795341701613,740.7880154477709
1790132880,0.011705795341701613,0.011782006214395378,0.011692754595992996,0.011701321052228644,140.20098332090166
1790132940,0.011701321052228644,0.011702679094498913,0.011701321052228644,0.011702679094498913,1.0855793188895966
1790133000,0.011702679094498913,0.011950635341300725,0.011604662212503513,0.011950635341300725,5014.715326871114
1790133060,0.011950635341300725,0.011970550857098985,0.011867380360790825,0.011925865557414284,933.8081475006219
1790133120,0.011925865557414284,0.011925865557414284,0.011914678907999663,0.01191782483257326,103.21523386352646
1790133180,0.01191782483257326,0.01207265734851239,0.01191782483257326,0.011986522705673798,1497.5028449071835
1790133240,0.011986522705673798,0.011986522705673798,0.011556079489473542,0.011618439997060404,7151.445744931997
1790133300,0.011618439997060404,0.011625140199733196,0.0116140450579946,0.011625140199733196,106.74648477473792
1790133360,0.011625140199733196,0.011627643936709555,0.011209263718573328,0.011411546427717799,8404.84926140801
1790133420,0.011411546427717799,0.011680260121197831,0.011411546427717799,0.011518734345397194,4450.77044575328
1790133480,0.011518734345397194,0.011592876790971754,0.011460679691585134,0.011557001267149952,3027.094823365833
1790133540,0.011557001267149952,0.011557001267149952,0.011338410393110782,0.01144665103572644,5958.400392222509
1790133600,0.01144665103572644,0.011531509312514546,0.01144645515123174,0.011459807936811695,137.08724804846267
1790133660,0.011459807936811695,0.011540212622103717,0.011446388721561089,0.011448426122564364,175.64989186096147
1790133720,0.011448426122564364,0.011587109181265532,0.0113160196309693,0.0113160196309693,5233.368313717517
1790133780,0.0113160196309693,0.011364882777465743,0.0113160196309693,0.011364882777465743,448.5533711524757
1790133840,0.011364882777465743,0.011373890440177224,0.01117572263037814,0.011192304013684273,3662.1501003327294
1790133900,0.011192304013684273,0.011212771683689879,0.011063166568831594,0.011209441959384054,2954.4696067292734
1790133960,0.011209441959384054,0.011210809323095183,0.011124464540044315,0.011196722794544863,351.5872168609823
1790134020,0.011196722794544863,0.011206414755399496,0.011118899689571454,0.011196541133222866,106.6955554170686
1790134080,0.011196541133222866,0.011196541133222866,0.011050719448082058,0.011050719448082058,1501.3843367470142
1790134140,0.011050719448082058,0.011115124741156302,0.011050719448082058,0.011115124741156302,620.7578458992807
1790134200,0.011115124741156302,0.011446916444797943,0.01105999508829926,0.011446916444797943,5601.335209113648
1790134260,0.011446916444797943,0.011446916444797943,0.011217877996439078,0.011218642663160151,4105.793842048079
1790134320,0.011218642663160151,0.011229075333447467,0.011218642663160151,0.011229075333447467,40.3635789893544
1790134380,0.011229075333447467,0.011263663463377866,0.011125053984816353,0.011125053984816353,913.1145377491677
1790134440,0.011125053984816353,0.011157544723892888,0.011109625228679037,0.011109989665079336,824.3689691623824
1790134500,0.011109989665079336,0.011990304530399606,0.011109989665079336,0.011990304530399606,12547.151747805754
1790134560,0.011990304530399606,0.011990304530399606,0.011851763705840863,0.011851763705840863,1751.374879547169
1790134620,0.011851763705840863,0.012083999964240984,0.011790324767390786,0.012012455000204097,4937.9627754613875
1790134680,0.012012455000204097,0.012096738780084318,0.011997347111393138,0.012076045906369424,198.22640778058033
1790134740,0.012076045906369424,0.012076045906369424,0.011983357021677243,0.011991509891794606,474.8332501814191
1790134800,0.011991509891794606,0.011991509891794606,0.011137119038151613,0.0113235008813647,13216.890480560203
1790134860,0.0113235008813647,0.0113238419468635,0.011230441571334331,0.011230441571334331,145.84652162662852
1790134920,0.011230441571334331,0.01129825682047063,0.011141821870940661,0.011184875393202488,2182.14916835648
1790134980,0.011184875393202488,0.011341735503091095,0.011175861090476932,0.011316175167610878,5791.458751295579
1790135040,0.011316175167610878,0.0113639931811712,0.011276102898383033,0.011276102898383033,646.8167671243402
1790135100,0.011276102898383033,0.01128660297230713,0.011262933545801573,0.011262933545801573,129.85981650317657
1790135160,0.011262933545801573,0.011331084793565522,0.011245241547370399,0.011245241547370399,475.9984204826824
1790135220,0.011245241547370399,0.011332545835296248,0.011232005336456663,0.011332545835296248,393.7586332137848
1790135280,0.011332545835296248,0.01140218074525743,0.01125338592101869,0.01127169283737701,2984.953045724299
1790135340,0.01127169283737701,0.01127169283737701,0.011166764675277791,0.011166764675277791,573.5941265084814
1790135400,0.011166764675277791,0.011233850206501769,0.01115756676565838,0.01115756676565838,168.81344110527274
1790135460,0.01115756676565838,0.01123864202435446,0.011155241694140084,0.011155241694140084,39.44510908304255
1790135520,0.011155241694140084,0.011236091712425452,0.011155241694140084,0.011234508149198314,459.8369012570855
1790135580,0.011234508149198314,0.011244604109573857,0.011155189474711084,0.011187730018112556,673.7308670404727
1790135640,0.011187730018112556,0.011263341393142971,0.011187008488514592,0.011263341393142971,17.637679232924434
1790135700,0.011263341393142971,0.011263341393142971,0.011170359335748782,0.011176337189962346,198.99065279656858
1790135760,0.011176337189962346,0.011248423804730616,0.011161972329705486,0.01117357436139768,121.36384876344292
1790135820,0.01117357436139768,0.011368080350361428,0.01116471810877719,0.011351187993313713,2891.853921213586
1790135880,0.011351187993313713,0.011436884142389494,0.01134674116912046,0.011418828187557835,229.46517776070334
1790135940,0.011418828187557835,0.011419924311552388,0.011341536358085122,0.011414491998441127,303.97074316373374
1790136000,0.011414491998441127,0.011758995093445792,0.011318662782717015,0.01163115463418214,6529.932338986039
1790136060,0.01163115463418214,0.011715333565076516,0.011628212893964675,0.011715333565076516,263.23117512231846
1790136120,0.011715333565076516,0.011735914441050694,0.01161529189488503,0.011643178495776674,2718.005383663877
1790136180,0.011643178495776674,0.011643178495776674,0.011565540084530401,0.01164083132054199,191.391406681826
1790136240,0.01164083132054199,0.01164083132054199,0.011568323313194755,0.011569533817032242,25.318209700409746
1790136300,0.011569533817032242,0.011569533817032242,0.011545882728272698,0.011545882728272698,182.6700739621562
1790136360,0.011545882728272698,0.011624741938817547,0.011536434326835742,0.011624741938817547,139.8443912316202
1790136420,0.011624741938817547,0.011632834791572014,0.011538136193451754,0.011596288883002796,660.3364878791995
1790136480,0.011596288883002796,0.011600713109480824,0.01151986341397365,0.011600713109480824,18.279441792822805
1790136540,0.011600713109480824,0.011600713109480824,0.01152118831807436,0.011592887881302104,137.74677221886571
1790136600,0.011592887881302104,0.011649558094406416,0.011533239849468108,0.011649558094406416,544.1259507273633
1790136660,0.011649558094406416,0.011683359773649834,0.011593775248002525,0.011619519036786093,620.0260810018789
1790136720,0.011619519036786093,0.011704253541544396,0.011619519036786093,0.011622689361258709,121.26980099302138
1790136780,0.011622689361258709,0.01168121014544025,0.011291836562099072,0.011291836562099072,4492.402532389757
1790136840,0.011291836562099072,0.01136565638330578,0.011291836562099072,0.01136565638330578,8.626025547886726
1790136900,0.01136565638330578,0.011387385093273628,0.011278866623937818,0.011387385093273628,282.07638682058956
1790136960,0.011387385093273628,0.011387385093273628,0.011377945610479527,0.011377945610479527,3.8109056869619464
1790137020,0.011377945610479527,0.011377945610479527,0.011293582167013668,0.011373977463325677,119.24773217130848
1790137080,0.011373977463325677,0.011373977463325677,0.011302526614222532,0.011302526614222532,23.75645968610374
1790137140,0.011302526614222532,0.011390811571114287,0.011299482889611969,0.011312590288616803,285.661090771825
1790137200,0.011312590288616803,0.011387372269735813,0.011273713322007826,0.01128000493687134,762.8949878968025
1790137260,0.01128000493687134,0.011371317363008941,0.01128000493687134,0.011371317363008941,169.04502893841007
1790137320,0.011371317363008941,0.011376003313977102,0.01129185063225377,0.01129185063225377,249.43414046353644
1790137380,0.01129185063225377,0.011383763154558912,0.01129185063225377,0.011383763154558912,3.9324057211404364
1790137500,0.011383763154558912,0.01139318851130431,0.01132013533426006,0.01132013533426006,123.18376824891916
1790137560,0.01132013533426006,0.01132013533426006,0.011319686711760082,0.011319686711760082,17.087013741718373
1790137620,0.011319686711760082,0.011415319468255332,0.011302142485077929,0.011415319468255332,730.6296223566338
1790137680,0.011415319468255332,0.01141615653842588,0.01131840815014645,0.011412244127640242,316.4342507042057
1790137740,0.011412244127640242,0.011417775352561521,0.011339513321397803,0.011339513321397803,72.96848909548991
1790137800,0.011339513321397803,0.011708520673557795,0.011339513321397803,0.011708520673557795,4403.861591439894
1790137860,0.011708520673557795,0.011708520673557795,0.011646601156167162,0.011646601156167162,68.35422491286312
1790137920,0.011646601156167162,0.011706602928383958,0.011617176622375259,0.011617176622375259,925.8314998181239
1790137980,0.011617176622375259,0.01168448012969629,0.011614928155857887,0.01168448012969629,72.64972199294272
1790138040,0.01168448012969629,0.011692327595686733,0.011609524559013542,0.011609524559013542,23.712280597165012
1790138100,0.011609524559013542,0.011723004069653566,0.011572880789724115,0.01171481662626645,1427.1919648830878
1790138160,0.01171481662626645,0.011732941774359277,0.011582159324071882,0.011656099265559937,1219.3698822595572
1790138220,0.011656099265559937,0.011656099265559937,0.011574060004421021,0.011653128695768598,13.83397599032485
1790138340,0.011653128695768598,0.011653128695768598,0.011650848154355156,0.011650848154355156,5.816805478763875
1790138400,0.011650848154355156,0.011658228919618596,0.011563585225516303,0.011658228919618596,613.8845832058631
1790138460,0.011658228919618596,0.011682871607506905,0.011597074702247865,0.011613153955059935,529.7350395363788
1790138520,0.011613153955059935,0.011613153955059935,0.011593698836301108,0.011593698836301108,347.81096508903323
1790138580,0.011593698836301108,0.011593698836301108,0.011579353604824922,0.011579353604824922,100.51150860428524
1790138640,0.011579353604824922,0.011661868846323536,0.011579353604824922,0.011589853181787586,73.31563649964403
1790138700,0.011589853181787586,0.011589853181787586,0.011579526786453662,0.011584349450723034,58.8146371994239
1790138760,0.011584349450723034,0.011634259263862598,0.011555019903798699,0.011634259263862598,418.6448860742283
1790138820,0.011634259263862598,0.011635838572834635,0.011445963442384126,0.011446240606954846,2877.2381440879194
1790138880,0.011446240606954846,0.011466200058072872,0.011434530216514634,0.011466200058072872,367.55227084793466
1790138940,0.011466200058072872,0.011472857305516877,0.011387773220811246,0.011472857305516877,94.15728419550551
1790139000,0.011472857305516877,0.011474445141242458,0.011460092865540655,0.011460729408090826,49.29759449113383
1790139060,0.011460729408090826,0.011460729408090826,0.011457903584644446,0.011457903584644446,36.71256180832231
1790139120,0.011457903584644446,0.011495737653868484,0.011448707365516448,0.011448707365516448,818.5207964602843
1790139180,0.011448707365516448,0.011743320082385367,0.011448439540087464,0.011676161782000318,3457.7112660727457
1790139240,0.011676161782000318,0.011750147345927605,0.011670352881133137,0.011670352881133137,112.52046062910827
1790139300,0.011670352881133137,0.011670541905509079,0.011658822573040321,0.011661838990106473,268.12512903136934
1790139360,0.011661838990106473,0.011739305087917052,0.011648235582588635,0.011654536459781588,433.45139585697507
1790139420,0.011654536459781588,0.01170329919839372,0.011635761458869,0.01170329919839372,375.5620988881007
1790139480,0.01170329919839372,0.01177349301843041,0.011606195659076297,0.011742897542606335,2934.365689313768
1790139540,0.011742897542606335,0.011864262482963897,0.011742897542606335,0.011824606799758887,2262.6167988784305
1790139600,0.011824606799758887,0.011984143021413728,0.011745481545834602,0.011984143021413728,3031.139809202196
1790139660,0.011984143021413728,0.01209089668319585,0.01192942503461197,0.01209089668319585,1806.6294835960189
1790139720,0.01209089668319585,0.012276284774802474,0.012059509643929229,0.012276284774802474,3580.382920144385
1790139780,0.012276284774802474,0.012299483501380817,0.012185606978272152,0.012185606978272152,661.342915419034
1790139840,0.012185606978272152,0.012284915355897853,0.012185484748663102,0.012203250532671255,393.06805230542193
1790139900,0.012203250532671255,0.012689486771733302,0.012203250532671255,0.012602498980972507,9767.309564937443
1790139960,0.012602498980972507,0.012669216621240459,0.012541316436058214,0.01262959536489868,608.0623940832861
1790140020,0.01262959536489868,0.012630094422614889,0.01250709354429313,0.01250709354429313,941.8833614891445
1790140080,0.01250709354429313,0.012567146828779864,0.012462023919350347,0.012546578614415774,726.4913567975591
1790140140,0.012546578614415774,0.012672260595427021,0.012465464804919307,0.012672260595427021,2211.383522479066
1790140200,0.012672260595427021,0.012760683123657577,0.012577245353360312,0.012578717432490748,3553.597227674302
1790140260,0.012578717432490748,0.012578717432490748,0.012476174854011623,0.012548480471510895,355.42492120380285
1790140320,0.012548480471510895,0.012548480471510895,0.012468484387879208,0.012468752959486105,108.98250918600846
1790140380,0.012468752959486105,0.012565643664056396,0.012463541662265312,0.012544171771236769,710.5154566953441
1790140440,0.012544171771236769,0.01284226331904195,0.012458072283780569,0.012799760323176795,5857.594977514743
1790140500,0.012799760323176795,0.012952894421289099,0.012799760323176795,0.01292076477141412,1648.4181637947331
1790140560,0.01292076477141412,0.013001333822641207,0.012895637220608835,0.012895637220608835,526.6824339571943
1790140620,0.012895637220608835,0.013087471373501395,0.012893741795935415,0.013077012817384335,2648.3025440783385
1790140680,0.013077012817384335,0.013164550124431662,0.012973148681180616,0.013043727695588783,1560.5700219547748
1790140740,0.013043727695588783,0.013043727695588783,0.012767918700677712,0.012768825494495808,3540.0457192807594
1790140800,0.012768825494495808,0.012774039888418957,0.012768825494495808,0.012774039888418957,148.60244847902194
1790140860,0.012774039888418957,0.012774039888418957,0.012655333431189299,0.012737358911866994,990.4096524191523
1790140920,0.012737358911866994,0.012737358911866994,0.012727519333996714,0.012733634203293258,134.67071383120893
1790140980,0.012733634203293258,0.012733634203293258,0.012648980615272167,0.012648980615272167,218.8701705275209
1790141040,0.012648980615272167,0.012685976914975186,0.012600937925186182,0.012682670877810545,849.1294193985813
1790141100,0.012682670877810545,0.012682670877810545,0.012580151931146125,0.012580151931146125,708.9586088658257
1790141160,0.012580151931146125,0.012773351700371386,0.012539580602718543,0.012773351700371386,2294.8758559215908
1790141220,0.012773351700371386,0.012808723277021372,0.012683243693395173,0.01277296391709919,1198.0537370065024
1790141280,0.01277296391709919,0.012923574762823133,0.01277296391709919,0.012916900500664812,911.012823421749
1790141340,0.012916900500664812,0.012918875737920329,0.012767984728035446,0.012857317392297759,998.8125189465978
1790141400,0.012857317392297759,0.012857317392297759,0.012619811945977359,0.012619811945977359,2075.818710101074
1790141460,0.012619811945977359,0.012702479808990528,0.01260101311862794,0.012662138274272396,1118.8285841975442
1790141520,0.012662138274272396,0.012662138274272396,0.012567620401235028,0.012571158625800383,260.74931609037424
1790141580,0.012571158625800383,0.012619188871283046,0.01254859970276988,0.012619188871283046,374.0745814254034
1790141640,0.012619188871283046,0.012633955770461017,0.012553381923430168,0.01262103696892184,1146.3841499565522
1790141700,0.01262103696892184,0.01262103696892184,0.012532312379957132,0.012532312379957132,88.25467782070885
1790141760,0.012532312379957132,0.012614463469623348,0.01252351336173982,0.012530905406623886,165.43660514319325
1790141820,0.012530905406623886,0.012606490055131364,0.01251777492227245,0.012606181258575197,116.11927399037344
1790141880,0.012606181258575197,0.012609188510795897,0.012606181258575197,0.012609188510795897,8.759577573532914
1790141940,0.012609188510795897,0.012612326131257493,0.012246916149494871,0.012268603877581434,6134.980325709456
1790142000,0.012268603877581434,0.012276413493704848,0.012177721071031846,0.012180311250307331,422.0347900725614
1790142060,0.012180311250307331,0.012237544411663637,0.012157268824166845,0.012237544411663637,435.477208256743
1790142120,0.012237544411663637,0.012239982868931165,0.012237544411663637,0.012239982868931165,10.786825248209244
1790142180,0.012239982868931165,0.012239982868931165,0.012152236326054522,0.012214835257075996,312.08614040350915
1790142240,0.012214835257075996,0.012222702559619526,0.012144146204146082,0.012220966684900397,477.3111629562407
1790142300,0.012220966684900397,0.012220966684900397,0.012133832936255369,0.012133832936255369,143.97591919574074
1790142360,0.012133832936255369,0.012245990214084608,0.012133832936255369,0.012245990214084608,699.0578096554942
1790142420,0.012245990214084608,0.012245990214084608,0.012191620210780643,0.012191620210780643,8.463076240094292
1790142480,0.012191620210780643,0.012276211974537548,0.012101091956159316,0.012101091956159316,2459.912796274608
1790142540,0.012101091956159316,0.012101091956159316,0.011997815410086946,0.012073494974774227,365.00525904424694
1790142600,0.012073494974774227,0.012081369059842556,0.011954139096019665,0.012031079040850554,426.12494643042464
1790142660,0.012031079040850554,0.012049549518681809,0.012029330986748738,0.012049549518681809,310.11724896434276
1790142720,0.012049549518681809,0.012049549518681809,0.012042652177116855,0.01204748999936557,20.137234587833074
1790142780,0.01204748999936557,0.01204748999936557,0.011938265353111242,0.011938265353111242,315.7586101650672
1790142840,0.011938265353111242,0.012021673301190187,0.01166184081764119,0.011716867933136832,6032.178442060446
1790142900,0.011716867933136832,0.011763713981458816,0.01164624939525006,0.011763713981458816,881.3290186717226
1790142960,0.011763713981458816,0.011816166947385227,0.011738439837107732,0.011738439837107732,684.9339940563386
1790143020,0.011738439837107732,0.011789845512834683,0.0116844570784124,0.011766239453307183,723.9316317157281
1790143080,0.011766239453307183,0.011766239453307183,0.011650455507929995,0.011650455507929995,307.6897127135986
1790143140,0.011650455507929995,0.011743152580467752,0.011647995146863061,0.011647995146863061,206.11560797939265
1790143200,0.011647995146863061,0.01203606577961641,0.011647995146863061,0.01203606577961641,4353.059089476368
1790143260,0.01203606577961641,0.012079829806057322,0.011958530769027033,0.01200940042835554,1925.3645317989146
1790143320,0.01200940042835554,0.012020229622388181,0.011936622062876665,0.012009537077733728,1077.6629973036845
1790143380,0.012009537077733728,0.012009537077733728,0.011935259867708103,0.011935259867708103,0.00917015853785683
1790143440,0.011935259867708103,0.012028380779226777,0.011935259867708103,0.012028380779226777,400.51833168071533
1790143500,0.012028380779226777,0.012028380779226777,0.011947168093310744,0.011947168093310744,35.01440581123931
1790143560,0.011947168093310744,0.012051350575346939,0.011947168093310744,0.012051350575346939,213.2242094018444
1790143620,0.012051350575346939,0.012063461577165332,0.01198530113089197,0.012055431327651803,332.4429285360169
1790143680,0.012055431327651803,0.01209515678893297,0.012055431327651803,0.01209515678893297,789.05162721224
1790143800,0.01209515678893297,0.012160385418524567,0.012047265355138349,0.012160385418524567,753.4874887594026
1790143860,0.012160385418524567,0.012239643468615847,0.012083545492416884,0.012239643468615847,1174.4887337689313
1790143920,0.012239643468615847,0.012239643468615847,0.01213410309630087,0.01213410309630087,982.3570464750712
1790143980,0.01213410309630087,0.012209030355139736,0.01213410309630087,0.012209030355139736,544.8785021248245
1790144100,0.012209030355139736,0.012234951109947144,0.012147383941860067,0.012162694278408005,201.2210143691488
1790144160,0.012162694278408005,0.012243631364608756,0.012162694278408005,0.012243631364608756,24.62617581328785
1790144220,0.012243631364608756,0.012364434789260387,0.01224093823606867,0.01232486871921895,2715.901071839257
1790144280,0.01232486871921895,0.012405455417007567,0.012277320340271998,0.012357760043815155,3037.5891126493475
1790144340,0.012357760043815155,0.01246842313061919,0.012357760043815155,0.01246842313061919,1546.7191368176414
1790144400,0.01246842313061919,0.01246842313061919,0.012339363364244096,0.012339363364244096,1552.1763125491645
1790144460,0.012339363364244096,0.012491673383156298,0.012339363364244096,0.012479271003107062,1885.017855200436
1790144520,0.012479271003107062,0.012540674408038032,0.012447598227840109,0.012536749697385934,230.96377884694778
1790144580,0.012536749697385934,0.012536749697385934,0.011724109571319122,0.011724109571319122,10278.127633953365
1790144640,0.011724109571319122,0.011810206721594307,0.011724109571319122,0.01174033491002948,260.781488597349
1790144760,0.01174033491002948,0.011831621089439054,0.01174033491002948,0.011749102385377195,454.92337163072557
1790144820,0.011749102385377195,0.012059217959574115,0.011749102385377195,0.012059217959574115,3924.215313693431
1790144880,0.012059217959574115,0.01216021288538338,0.012047466095091587,0.01216021288538338,793.5121419337156
1790144940,0.01216021288538338,0.012170677695607686,0.012043976736832404,0.012120745950924711,860.6861382706202
1790145000,0.012120745950924711,0.012120745950924711,0.012025299201464548,0.012025299201464548,729.1010639579016
1790145060,0.012025299201464548,0.012025299201464548,0.011951427320785706,0.011951427320785706,843.4282248834809
1790145120,0.011951427320785706,0.012011638277139825,0.011926996106573143,0.011926996106573143,301.5997402701999
1790145240,0.011926996106573143,0.012040041847293641,0.011926996106573143,0.012040041847293641,671.9287169339235
1790145300,0.012040041847293641,0.012040041847293641,0.011937287552935646,0.011982634715496222,1132.7548080287424
1790145360,0.011982634715496222,0.01199439758937909,0.011982634715496222,0.01199439758937909,0.7203110010902828
1790145420,0.01199439758937909,0.01199439758937909,0.011902504526828726,0.011993718321690503,855.4050399147008
1790145540,0.011993718321690503,0.011993718321690503,0.01192907711752169,0.011929096978167826,53.05846862289668
1790145600,0.011929096978167826,0.01204996691052806,0.011929096978167826,0.01204996691052806,447.55502594269876
1790145660,0.01204996691052806,0.012054722575389924,0.01204996691052806,0.012054722575389924,0.988808364881937
1790145720,0.012054722575389924,0.012088255822883424,0.012002685804383113,0.012002685804383113,509.740355813608
1790145780,0.012002685804383113,0.012102411086867864,0.012002685804383113,0.012102411086867864,207.11192565708592
1790145840,0.012102411086867864,0.012102411086867864,0.012006251510448495,0.012006251510448495,619.7841423851955
1790145900,0.012006251510448495,0.012078490083989193,0.011995758662402566,0.012078490083989193,123.04117338226469
1790145960,0.012078490083989193,0.012111868437646925,0.012032151789051282,0.012104268651393461,619.1261093280058
1790146020,0.012104268651393461,0.012133037170330676,0.012038572518859536,0.012038572518859536,1674.923233457088
1790146080,0.012038572518859536,0.012073347919038068,0.011841125630632205,0.011845331673723869,3104.179224404025
1790146140,0.011845331673723869,0.01184580590400644,0.011845192351584353,0.01184580590400644,19.898106290910167
1790146200,0.01184580590400644,0.011862989233435916,0.011804457319490104,0.011804457319490104,521.7176011773947
1790146260,0.011804457319490104,0.011885612063610624,0.011804457319490104,0.011880324148324536,2.8960120898064403
1790146320,0.011880324148324536,0.011880324148324536,0.011789448121760153,0.011789448121760153,356.8207805949766
1790146380,0.011789448121760153,0.011862751329225263,0.011741648517452904,0.011741648517452904,999.2604341334353
1790146440,0.011741648517452904,0.01182222499207652,0.011696283387806589,0.01182222499207652,602.5358480809829
1790146500,0.01182222499207652,0.011827172375417689,0.01182222499207652,0.011827172375417689,2.044583394731494
1790146560,0.011827172375417689,0.011836892103929408,0.011827172375417689,0.011836892103929408,458.4637002888312
1790146740,0.011836892103929408,0.011868747919263872,0.011836892103929408,0.011868747919263872,100.32082923374877
1790146800,0.011868747919263872,0.011957100678965169,0.011862411342350974,0.011957100678965169,2119.0540818526742
1790146860,0.011957100678965169,0.012008357071602442,0.011926336707595036,0.011942045289745257,121.95509035575054
1790146920,0.011942045289745257,0.012008964417387594,0.011942045289745257,0.012008964417387594,59.16171415105352
1790146980,0.012008964417387594,0.012008964417387594,0.011949539456219958,0.011949539456219958,19.32654296018932
1790147100,0.011949539456219958,0.011949539456219958,0.011923693619872297,0.011923693619872297,15.957435497626006
1790147160,0.011923693619872297,0.011924506627786798,0.011923693619872297,0.011924506627786798,3.979096391404498
1790147220,0.011924506627786798,0.012017255764547695,0.011924506627786798,0.01194322212253722,286.10978674040706
1790147280,0.01194322212253722,0.011946259419209423,0.011938209400329898,0.011938288685530951,203.99197244938958
1790147340,0.011938288685530951,0.011938288685530951,0.01193495147388061,0.01193495147388061,3.722771630190153
1790147400,0.01193495147388061,0.011982418834956644,0.011896106607022812,0.011896106607022812,401.82610849001236
1790147460,0.011896106607022812,0.011896106607022812,0.011883191298650848,0.011883191298650848,469.8489259436264
1790147580,0.011883191298650848,0.011948922542768678,0.011866581125728285,0.011866581125728285,34.235682906471695
1790147640,0.011866581125728285,0.011950880101753334,0.011864646611092872,0.011948407447902928,142.95482455195668
1790147700,0.011948407447902928,0.011948407447902928,0.0118523905993237,0.0118523905993237,495.9862809049239
1790147760,0.0118523905993237,0.011968079948988566,0.0118523905993237,0.011931912355573141,935.6385091851945
1790147820,0.011931912355573141,0.012022555482649059,0.011931912355573141,0.012022555482649059,709.7679155634368
1790147880,0.012022555482649059,0.01204940806567425,0.012022555482649059,0.01204940806567425,367.21674629342357
1790147940,0.01204940806567425,0.01204940806567425,0.011849336411217628,0.011849336411217628,1641.117042730108
1790148000,0.011849336411217628,0.01196092935330825,0.011668339211197818,0.011668339211197818,5629.830928353225
1790148060,0.011668339211197818,0.01167390652531501,0.011668339211197818,0.011668553246783123,58.48548035887525
1790148120,0.011668553246783123,0.011672206214767052,0.011668553246783123,0.011672206214767052,58.66783962471187
1790148180,0.011672206214767052,0.011719497177330698,0.011661243640482613,0.011719497177330698,1294.4186812791945
1790148240,0.011719497177330698,0.011719497177330698,0.011677544981928557,0.011677544981928557,3.8886288665993147
1790148300,0.011677544981928557,0.011796610342852835,0.011677544981928557,0.011792585462111083,883.1471169565546
1790148360,0.011792585462111083,0.011792585462111083,0.011709264872865189,0.011710404790616389,92.0410690759361
1790148420,0.011710404790616389,0.011710404790616389,0.011698248102977519,0.01170167071349506,90.4370998539573
1790148480,0.01170167071349506,0.01170167071349506,0.011491063510681129,0.011582203568148573,3183.765717378544
1790148540,0.011582203568148573,0.01163311563576085,0.011488431063381275,0.011552424035621458,1416.5170089339351
1790148600,0.011552424035621458,0.011697100037437676,0.011552424035621458,0.011697100037437676,1963.0697470388811
1790148660,0.011697100037437676,0.01169794883704343,0.011656115627081246,0.01169794883704343,1234.83585122711
1790148720,0.01169794883704343,0.01169794883704343,0.010921580108284893,0.011141455879840933,14619.248038136231
1790148780,0.011141455879840933,0.011141455879840933,0.010962406668349889,0.010995895673687885,4477.410540135578
1790148840,0.010995895673687885,0.011063859796079385,0.010930869068162263,0.010982003548941913,2366.396181819777
1790148900,0.010982003548941913,0.010982003548941913,0.010842957748480098,0.010934069284625965,1156.7272309573918
1790148960,0.010934069284625965,0.010951106604035137,0.010747754528879232,0.010747754528879232,4246.858385895687
1790149020,0.010747754528879232,0.010823896610215124,0.010681644016502033,0.010706314149212658,2038.8768063322987
1790149080,0.010706314149212658,0.010786378816744819,0.010700770062585744,0.010767464573527815,283.2960364231838
1790149140,0.010767464573527815,0.010799441239254031,0.01067030067872379,0.010799441239254031,1984.1533774519908
1790149200,0.010799441239254031,0.01084895157274236,0.010713636573635582,0.01084895157274236,833.6026811171608
1790149260,0.01084895157274236,0.010854748431159807,0.01070838712610987,0.0107452440512354,4682.977426820448
1790149320,0.0107452440512354,0.010872227466200151,0.0107452440512354,0.010791852430708798,835.0097927145736
1790149380,0.010791852430708798,0.010945467086292337,0.010791852430708798,0.01087104781923946,1350.7362118403191
1790149440,0.01087104781923946,0.01087104781923946,0.010823140649281587,0.010823140649281587,389.1938788529473
1790149500,0.010823140649281587,0.011132772514157733,0.010823140649281587,0.011008385422774443,4001.412293995522
1790149560,0.011008385422774443,0.011114859805700001,0.011008277226913952,0.011114859805700001,417.18461883466534
1790149620,0.011114859805700001,0.01112014363659952,0.011114859805700001,0.01112014363659952,39.63492083744954
1790149680,0.01112014363659952,0.01112014363659952,0.0110088163752559,0.0110088163752559,311.3182852856354
1790149740,0.0110088163752559,0.011098718668718588,0.010969822575321773,0.010969822575321773,2120.3267538352334
1790149800,0.010969822575321773,0.010984268748110168,0.01090794904814211,0.010984268748110168,53.74798718199175
1790149860,0.010984268748110168,0.011006297385587237,0.010984268748110168,0.011006297385587237,120.63363515325325
1790149920,0.011006297385587237,0.011011666302921995,0.010928076457990814,0.01100581631862985,235.34058139710683
1790149980,0.01100581631862985,0.011104408597455312,0.01100581631862985,0.011104408597455312,1814.424755366887
1790150100,0.011104408597455312,0.011104408597455312,0.01103815306869235,0.01103815306869235,205.0787863860697
1790150160,0.01103815306869235,0.011111538964746794,0.011036099243502639,0.011036099243502639,4.2269084045021605
1790150220,0.011036099243502639,0.011112343897123164,0.011030889828927573,0.011032105818242027,352.7128780798002
1790150280,0.011032105818242027,0.011038258022403805,0.011032105818242027,0.011038258022403805,62.369176028510815
1790150340,0.011038258022403805,0.011119075894410902,0.01099911921398583,0.01099911921398583,757.7476500705587
1790150400,0.01099911921398583,0.011240335566104766,0.010933515456343032,0.011142548521843411,4643.599742082634
1790150460,0.011142548521843411,0.011238720306171152,0.011142548521843411,0.011238720306171152,251.03018093539723
1790150520,0.011238720306171152,0.011241488287781085,0.011154616178228537,0.011154616178228537,120.67070508944465
1790150580,0.011154616178228537,0.011211111635072985,0.011136905680268691,0.011211111635072985,122.11547602909073
1790150700,0.011211111635072985,0.011211111635072985,0.011109263103923152,0.011119201811524234,213.19092115154052
1790150760,0.011119201811524234,0.011139431062923175,0.011050834807654036,0.011050834807654036,751.2308222120263
1790150820,0.011050834807654036,0.011050834807654036,0.011046511219304833,0.011046511219304833,0.0012139784434679432
1790150880,0.011046511219304833,0.011150945319114262,0.011046511219304833,0.01107443534710403,303.0564078033147
1790150940,0.01107443534710403,0.011139208692029973,0.011022216400837214,0.011022216400837214,764.3529099941011
1790151000,0.011022216400837214,0.011022216400837214,0.01101384977116622,0.01101384977116622,141.1453768451819
1790151060,0.01101384977116622,0.011084548598075774,0.010999300929155768,0.010999300929155768,341.81064312524734
1790151120,0.010999300929155768,0.01107121504268954,0.010991259365864054,0.011070200405136578,438.95740276478097
1790151180,0.011070200405136578,0.011070200405136578,0.010994999746052267,0.010994999746052267,1.681959022227529
1790151240,0.010994999746052267,0.011079426672823665,0.010953807480472031,0.010953807480472031,1104.4702749834587
1790151300,0.010953807480472031,0.010953807480472031,0.010948221364654145,0.010948221364654145,117.9365463121114
1790151360,0.010948221364654145,0.011053288231483388,0.010948221364654145,0.0109821471073619,465.807632331896
1790151480,0.0109821471073619,0.011059882729017194,0.010976892313685958,0.010977220958851494,93.80405968376171
1790151540,0.010977220958851494,0.011055363431540512,0.010972164210173148,0.010972164210173148,388.57033886669865
1790151600,0.010972164210173148,0.01105917240123246,0.010965946084169828,0.0110527217011487,299.4822911295388
1790151660,0.0110527217011487,0.011067137719808178,0.010978279767207527,0.010989196410381492,458.1295186665984
1790151720,0.010989196410381492,0.010989196410381492,0.010960689609247872,0.010960689609247872,293.19786911213885
1790151780,0.010960689609247872,0.011024512699961637,0.010948327018533576,0.011021507372887747,74.513999855511
1790151840,0.011021507372887747,0.011021507372887747,0.010924592318497676,0.010924592318497676,833.097649429059
1790151900,0.010924592318497676,0.010924592318497676,0.010568397106460882,0.010657421138588216,5572.63987462169
1790151960,0.010657421138588216,0.010677198387774377,0.01059022069769856,0.010600980684135897,326.57011723568337
1790152020,0.010600980684135897,0.010677398078669683,0.010600980684135897,0.010676484829625658,127.58360976421774
1790152080,0.010676484829625658,0.010676484829625658,0.010470351005815802,0.010512697012051037,2821.5800348114744
1790152140,0.010512697012051037,0.010518774752350154,0.010512697012051037,0.01051352085361478,92.47947452638759
1790152200,0.01051352085361478,0.010816420465020772,0.010511601441393143,0.010816420465020772,4560.048114958872
1790152260,0.010816420465020772,0.010831517677987837,0.010523533700246328,0.010606660572302865,6514.425645331489
1790152320,0.010606660572302865,0.010621417850207156,0.010536734087345808,0.01054361048390721,232.58013946650968
1790152380,0.01054361048390721,0.010622899625882759,0.01054361048390721,0.010549787737625585,4.836104276994461
1790152440,0.010549787737625585,0.010646950163278712,0.010549787737625585,0.010646950163278712,596.9710258494321
1790152500,0.010646950163278712,0.010658802630925255,0.010584311217354878,0.01058501314598688,40.81340001345082
1790152560,0.01058501314598688,0.010663818876025268,0.010582808436677691,0.010658879073816843,11.537534204775838
1790152620,0.010658879073816843,0.01068231993949968,0.010628134545114727,0.010632961089332513,646.4846899178788
1790152680,0.010632961089332513,0.010706508808491761,0.010597383659173629,0.010597383659173629,4.105357087018751
1790152740,0.010597383659173629,0.010697875382338205,0.010597383659173629,0.010624373127671415,88.46477285884575
1790152800,0.010624373127671415,0.010627478805387244,0.010624373127671415,0.010627478805387244,2.0507073658145765
1790152860,0.010627478805387244,0.010726788056904652,0.010627478805387244,0.01072647091953835,413.61422333347474
1790152920,0.01072647091953835,0.010735846840983996,0.01072647091953835,0.01072957351811553,8.219721454660776
1790152980,0.01072957351811553,0.010824658789715719,0.01072957351811553,0.010748347185212897,1604.3832084633457
1790153040,0.010748347185212897,0.010819806500002452,0.010748347185212897,0.010749179281711048,16.222987058722918
1790153100,0.010749179281711048,0.010844558761677014,0.010749179281711048,0.010844558761677014,541.0173039883379
1790153160,0.010844558761677014,0.010855692489921336,0.01077605559019677,0.010850035961537136,144.00108329400837
1790153220,0.010850035961537136,0.010850035961537136,0.010759716020267741,0.010767921307520814,114.84197408727162
1790153280,0.010767921307520814,0.010842316429653028,0.010767921307520814,0.010774445714015975,58.78023983218896
1790153340,0.010774445714015975,0.010774445714015975,0.010727706862500375,0.010727706862500375,191.2713901966463
1790153460,0.010727706862500375,0.010780148273450462,0.010699983451696855,0.010707249240461233,77.26435937326325
1790153520,0.010707249240461233,0.010773926742063657,0.010692576654894146,0.010773465696421985,34.339100197133575
1790153580,0.010773465696421985,0.010788261369829482,0.010707678691670877,0.010788261369829482,72.0783849905767
1790153640,0.010788261369829482,0.010788957951946196,0.01066517422464811,0.01066517422464811,618.9771219223545
1790153700,0.01066517422464811,0.010708341567679813,0.010645091858677166,0.010708341567679813,702.2470667427979
1790153760,0.010708341567679813,0.010708341567679813,0.010627422745346561,0.01070708392319,44.570495877347355
1790153820,0.01070708392319,0.010733304150437582,0.01064432494126495,0.01064432494126495,618.7925844817439
1790153880,0.01064432494126495,0.010736853055164454,0.010627539529676084,0.01070525943058419,1225.584419358908
1790153940,0.01070525943058419,0.010778798283305625,0.01070525943058419,0.010778798283305625,116.0132823263514
1790154000,0.010778798283305625,0.010778798283305625,0.010619825234803128,0.010655619003403049,2783.1357089155226
1790154060,0.010655619003403049,0.010728107817480403,0.010655619003403049,0.010728107817480403,9.963305238046704
1790154120,0.010728107817480403,0.01078903717738403,0.010687182333384025,0.01078903717738403,787.4107327038035
1790154180,0.01078903717738403,0.01078903717738403,0.010687153557485557,0.010687153557485557,524.2641122089759
1790154240,0.010687153557485557,0.010753673819049289,0.010669982354164703,0.010677180762450519,169.32444153064512
1790154300,0.010677180762450519,0.010677180762450519,0.01066057902139828,0.010663370319870118,68.47400521476558
1790154360,0.010663370319870118,0.010740252720027488,0.010663370319870118,0.010740252720027488,2.334148277637762
1790154420,0.010740252720027488,0.010740252720027488,0.010658704202564234,0.010665080940034608,176.16805985911705
1790154480,0.010665080940034608,0.010735658129575745,0.010655588913078223,0.01072603155804507,444.7421664050921
1790154540,0.01072603155804507,0.010790100181707672,0.01072603155804507,0.010790100181707672,992.2795626437737
1790154600,0.010790100181707672,0.010874071400209621,0.010751215118085324,0.010874071400209621,1336.2139339801197
1790154660,0.010874071400209621,0.010874071400209621,0.010804616413920587,0.010804616413920587,707.915028626044
1790154720,0.010804616413920587,0.010871279469253887,0.010804616413920587,0.010808141964669137,304.2056645733132
1790154780,0.010808141964669137,0.010879693044173584,0.010799350349618618,0.010799350349618618,104.25401013512203
1790154840,0.010799350349618618,0.010799350349618618,0.010750211385735713,0.010750211385735713,649.1841522419793
1790154960,0.010750211385735713,0.010755678220679677,0.010743891621363195,0.010743891621363195,261.798896771295
1790155020,0.010743891621363195,0.010743891621363195,0.010735412128355807,0.010735412128355807,1.9998688893149401
1790155080,0.010735412128355807,0.010735412128355807,0.010726615222686694,0.010726615222686694,34.30880166765911
1790155140,0.010726615222686694,0.01083596643232498,0.010718729919967815,0.01083596643232498,1353.591034952323
1790155260,0.01083596643232498,0.01083596643232498,0.010803044483983181,0.010803044483983181,3.9043529270947404
1790155320,0.010803044483983181,0.010827423998214583,0.010803044483983181,0.010827423998214583,1.3228275232456448
1790155380,0.010827423998214583,0.010903944853486702,0.01081981032236339,0.010903944853486702,79.8744324051675
1790155440,0.010903944853486702,0.010907897220142503,0.010823086503037347,0.010907897220142503,428.6911562304781
1790155500,0.010907897220142503,0.010907897220142503,0.010841311469353097,0.010841311469353097,86.48158346120253
1790155560,0.010841311469353097,0.010910308227205939,0.010825873087994287,0.010825873087994287,163.16336697083773
1790155620,0.010825873087994287,0.010937202092871433,0.010825873087994287,0.010937202092871433,651.949038545019
