ts,o,h,l,c,v
1790235180,0.0030025635557004516,0.0030025635557004516,0.00283925353903242,0.00283925353903242,1756.6147379992447
1790235240,0.00283925353903242,0.003073588489913762,0.0028388941976093393,0.003073588489913762,6038.045506958914
1790235300,0.003073588489913762,0.0032759463175259474,0.002923410401793389,0.003118261863088884,19388.183124534324
1790235360,0.003118261863088884,0.0034282687696876642,0.003118261863088884,0.003359837175128808,16334.998989105627
1790235420,0.003359837175128808,0.0034896670648858763,0.0032524770181054335,0.0033336714474079773,11154.310076506888
1790235480,0.0033336714474079773,0.0035601489529363418,0.0033242242105987196,0.0035601489529363418,7281.014053356387
1790235540,0.0035601489529363418,0.0038509055001278627,0.0034103677032453726,0.003784210088665462,32603.854214221257
1790235600,0.003784210088665462,0.0037945283908233252,0.0035530839258558163,0.0035530839258558163,5820.264379049429
1790235660,0.0035530839258558163,0.0038060176902846143,0.0035530839258558163,0.00362424327876471,4443.2250142874445
1790235720,0.00362424327876471,0.004084720134668512,0.0035957938555692625,0.003870342661928,37396.233466215264
1790235780,0.003870342661928,0.004142712599381316,0.003870342661928,0.004125233797290563,12877.639616515788
1790235840,0.004125233797290563,0.0041364322978892755,0.0037062472047290937,0.0039008956072493005,17996.722776319308
1790235900,0.0039008956072493005,0.003908954644814706,0.0035071476550856315,0.003689211454168976,13872.291169515294
1790235960,0.003689211454168976,0.0037344405880890452,0.003537809794831558,0.0035558768038318343,3214.889132637136
1790236020,0.0035558768038318343,0.0037751068095983114,0.0035558768038318343,0.0037751068095983114,2560.1542657440723
1790236080,0.0037751068095983114,0.00377935153097959,0.003543241630826771,0.0035437206458212574,3133.987403457165
1790236140,0.0035437206458212574,0.0037183785460981823,0.0035173794670823166,0.0035173794670823166,2119.809657557518
1790236200,0.0035173794670823166,0.0035173794670823166,0.0035152287827874863,0.0035152287827874863,116.76862071470039
1790236260,0.0035152287827874863,0.003776022752371156,0.0035152287827874863,0.0035906128813041963,4618.165212343401
1790236320,0.0035906128813041963,0.0037876206226082937,0.0035886282971501864,0.0037876206226082937,774.5920040586474
1790236380,0.0037876206226082937,0.0037889910346430144,0.0036008184135198004,0.0037889910346430144,469.5979204325798
1790236440,0.0037889910346430144,0.0037901090236845876,0.0036021323876420266,0.0036021323876420266,177.62149372514705
1790236500,0.0036021323876420266,0.003789129357938628,0.0036021323876420266,0.0037879159078317718,275.394194494382
1790236560,0.0037879159078317718,0.0037902365580810976,0.003556316606941233,0.003721275000617832,4007.745722226633
1790236620,0.003721275000617832,0.0037582285911458204,0.003721275000617832,0.0037582285911458204,2190.4266237743805
1790236680,0.0037582285911458204,0.0037980400503023334,0.0035584798300664754,0.0037980400503023334,3963.5576643838785
1790236740,0.0037980400503023334,0.003798542686692897,0.003607544000374423,0.003794780154429016,531.292340630232
1790236800,0.003794780154429016,0.003884497932910005,0.00362252091530534,0.003884497932910005,5355.820524182207
1790236860,0.003884497932910005,0.004242059926704683,0.00369706755430799,0.004237563334935777,25187.516693887115
1790236920,0.004237563334935777,0.0044498497801459015,0.004028077263451422,0.004230279087972853,21440.79641963548
1790236980,0.004230279087972853,0.004706709068325605,0.004230279087972853,0.004620832762060948,21869.676345225613
1790237040,0.004620832762060948,0.004628628611472771,0.004264425137091352,0.004494787880138122,18751.176619330767
1790237100,0.004494787880138122,0.004508927244317543,0.004239986155183728,0.004508927244317543,5345.999112486409
1790237160,0.004508927244317543,0.00451697181042044,0.004261184062715465,0.004266757830668698,5166.815315128609
1790237220,0.004266757830668698,0.004818192299238221,0.004266757830668698,0.004528259850172342,32295.304092195536
1790237280,0.004528259850172342,0.0048462527550964685,0.004528259850172342,0.004839045452260627,13931.977210741848
1790237340,0.004839045452260627,0.004879380085489107,0.00457202817702294,0.00457703714799552,10797.059341614555
1790237400,0.00457703714799552,0.004810539832946606,0.004570327976023699,0.004810539832946606,472.69148273849396
1790237460,0.004810539832946606,0.004810725086114928,0.004557283331018689,0.004557283331018689,1757.5450722153316
1790237520,0.004557283331018689,0.004780489005287495,0.0045192153781333415,0.004753829263500545,1625.019515792651
1790237580,0.004753829263500545,0.004753829263500545,0.004488187664576777,0.004488187664576777,1711.6670853995195
1790237640,0.004488187664576777,0.004649330154790007,0.0044128330922108125,0.004649330154790007,4157.512721001992
1790237700,0.004649330154790007,0.004684351780164328,0.004480265841269925,0.004480275783832291,3606.002560783788
1790237760,0.004480275783832291,0.004839223785378141,0.004480275783832291,0.004839223785378141,7399.923394453863
1790237820,0.004839223785378141,0.004914159160677967,0.004839223785378141,0.004914159160677967,3250.2055325046585
1790237880,0.004914159160677967,0.005002810839590673,0.004741627789279012,0.004743092262627523,7103.192680490009
1790237940,0.004743092262627523,0.005143525909876804,0.004731254122733563,0.004981151541059167,20970.283417164323
1790238000,0.004981151541059167,0.005005480415412181,0.004736819362998855,0.005000262211853807,1945.7641509167872
1790238060,0.005000262211853807,0.00501910804547661,0.004764445430802932,0.005013141494214714,1855.1460851202105
1790238120,0.005013141494214714,0.005061426894511752,0.004752782457527529,0.005061426894511752,5687.790046059842
1790238180,0.005061426894511752,0.005061426894511752,0.00478650647235259,0.005036003077747503,1939.0546948744175
1790238240,0.005036003077747503,0.005042950351219552,0.0047817903533965665,0.0047987849413192035,1624.7309259706344
1790238300,0.0047987849413192035,0.005101357136210341,0.0047987849413192035,0.004841600074575268,5619.942991181915
1790238360,0.004841600074575268,0.004975985558933825,0.004726906925639117,0.004727871096793659,6134.825134292448
1790238420,0.004727871096793659,0.004977491357457683,0.004700450270884189,0.004700450270884189,4321.388972244253
1790238480,0.004700450270884189,0.004700450270884189,0.004484668368412855,0.004484668368412855,10916.377350647163
1790238540,0.004484668368412855,0.0047342732517990935,0.00442703717288391,0.00442703717288391,5657.613533179021
1790238600,0.00442703717288391,0.0045247069188765554,0.004297254016066857,0.004297254016066857,11021.1600733068
1790238660,0.004297254016066857,0.004512948813657359,0.004282323064555414,0.004283875622245992,977.0702728477827
1790238720,0.004283875622245992,0.004498618391458121,0.004260477082435949,0.004260477082435949,1460.2121595074736
1790238780,0.004260477082435949,0.00448866560258301,0.004253935620045815,0.004488427287396817,771.8595857857337
1790238840,0.004488427287396817,0.004488784040297945,0.004151346371030205,0.004221190115827594,13030.289200220954
1790238900,0.004221190115827594,0.004501288334819528,0.004211442777254878,0.004251641936734106,7290.370648451437
1790238960,0.004251641936734106,0.004462665177555838,0.004251641936734106,0.004462665177555838,1020.2139472534833
1790239020,0.004462665177555838,0.004561805252140999,0.004329021691564349,0.00433711247506441,5289.907476062151
1790239080,0.00433711247506441,0.004612713608378173,0.00433711247506441,0.004611172514240905,2844.877839063001
1790239140,0.004611172514240905,0.004677660553749296,0.004438476301372992,0.004442146893476895,3526.1064812603595
1790239200,0.004442146893476895,0.004675749307617392,0.004442146893476895,0.004674491700758847,282.0809848371856
1790239260,0.004674491700758847,0.004674491700758847,0.00443946940489025,0.004670579658359755,93.04564690441755
1790239320,0.004670579658359755,0.004670579658359755,0.004435696942704633,0.004662690993721952,595.7763700393951
1790239380,0.004662690993721952,0.004668414866621478,0.004426881015029426,0.004647875896131228,1306.1752152428953
1790239440,0.004647875896131228,0.004647875896131228,0.004207056953406543,0.004207056953406543,11316.431382404771
1790239560,0.004207056953406543,0.004207056953406543,0.0042010455928308335,0.004201957623164986,99.58907324635605
1790239620,0.004201957623164986,0.004290945505385732,0.00406762437994193,0.00406762437994193,7206.971563295513
1790239680,0.00406762437994193,0.004193298491549339,0.003869203500561233,0.003944598807845512,18368.600813652705
1790239740,0.003944598807845512,0.004152607980330634,0.003938387368672345,0.004139771282565238,1999.7651679813807
1790239800,0.004139771282565238,0.004139771282565238,0.003929676341945152,0.004133805741199022,893.1567087352897
1790239860,0.004133805741199022,0.00414019087633323,0.003934340889674941,0.00414019087633323,50.88727477195542
1790239980,0.00414019087633323,0.004144350511744473,0.00414019087633323,0.004144350511744473,288.5559066603206
1790240040,0.004144350511744473,0.004149107946797261,0.004144350511744473,0.004149107946797261,10.01386394713291
1790240100,0.004149107946797261,0.004149107946797261,0.004145931072097581,0.004145931072097581,1.137039627176994
1790240220,0.004145931072097581,0.004156872959578256,0.004145931072097581,0.004156872959578256,301.00683238112833
1790240280,0.004156872959578256,0.004159790819017171,0.004156872959578256,0.004158930198970379,18.661884677886043
1790240340,0.004158930198970379,0.004178244446896757,0.003953848960373395,0.004178244446896757,673.2415226212623
1790240400,0.004178244446896757,0.004185680736031247,0.004178244446896757,0.004185680736031247,142.9347217031231
1790240460,0.004185680736031247,0.004185680736031247,0.004182106693251679,0.004183537315262389,17.12051969135616
1790240520,0.004183537315262389,0.004183537315262389,0.0039651990759133355,0.004170424745738894,339.4170623098738
1790240580,0.004170424745738894,0.004170424745738894,0.003919778330383348,0.003919778330383348,2534.3323224048236
1790240640,0.003919778330383348,0.003919778330383348,0.003862757549706827,0.003862757549706827,2897.8211294554003
1790240700,0.003862757549706827,0.0039782280931042685,0.003770072084551966,0.003955502566417519,6248.898010872115
1790240760,0.003955502566417519,0.003955502566417519,0.0037256492361459684,0.003919100412338882,1650.618736780782
1790240820,0.003919100412338882,0.003919151810855778,0.003631857092586075,0.003631857092586075,5871.904561691592
1790240880,0.003631857092586075,0.003812130708464773,0.0036134915242667094,0.0037902098553612815,1653.4341275693262
1790240940,0.0037902098553612815,0.0037902098553612815,0.0035774242580594454,0.0035774242580594454,1826.8796902166748
1790241000,0.0035774242580594454,0.0035774242580594454,0.00355796127766414,0.00355796127766414,884.5686567900511
1790241060,0.00355796127766414,0.003692172859781939,0.0035021040487593137,0.003692172859781939,5170.7595841123
1790241120,0.003692172859781939,0.0037230832066860254,0.003692172859781939,0.0037230832066860254,1798.3397547757666
1790241180,0.0037230832066860254,0.0037230832066860254,0.003537674746823645,0.003537674746823645,47.277306955944724
1790241240,0.003537674746823645,0.00372253819178497,0.0035366146068038598,0.0035366146068038598,18.866388638804327
1790241300,0.0035366146068038598,0.0037293840835499843,0.0035366146068038598,0.0037293840835499843,675.8698195284227
1790241360,0.0037293840835499843,0.003736824979698162,0.003727347201935199,0.003736824979698162,793.5119958387002
1790241420,0.003736824979698162,0.003744247151559584,0.003736824979698162,0.003744247151559584,258.3540655479972
1790241480,0.003744247151559584,0.0037910483005955285,0.003744247151559584,0.0037910483005955285,2744.843724570715
1790241540,0.0037910483005955285,0.003872919695896325,0.0037906832930493803,0.003872919695896325,4591.076171945196
1790241600,0.003872919695896325,0.003943472228710634,0.003872919695896325,0.003943472228710634,5073.021447016402
1790241660,0.003943472228710634,0.00396957862737212,0.0037733974744995156,0.00396957862737212,368.3216972369838
1790241720,0.00396957862737212,0.003972829772104818,0.003967068879211407,0.003972305826258838,307.8015386647064
1790241780,0.003972305826258838,0.003972997553706487,0.0037573313171852664,0.0037573313171852664,1265.8102883263155
1790241840,0.0037573313171852664,0.003966281369194505,0.0037541085381573836,0.003949966719723755,3074.32391847141
1790241900,0.003949966719723755,0.004113333505847883,0.003908060370950072,0.004113333505847883,7087.343609883881
1790241960,0.004113333505847883,0.004130206764353172,0.004111251701510872,0.004130206764353172,1275.7561454520712
1790242020,0.004130206764353172,0.004137110474864074,0.003854866409393919,0.003854866409393919,4317.639540171848
1790242080,0.003854866409393919,0.0040571879046083816,0.003854866409393919,0.0040571879046083816,226.62769745194169
1790242200,0.0040571879046083816,0.004058169070547531,0.003856388797761645,0.004058169070547531,176.9170419973477
1790242260,0.004058169070547531,0.004058169070547531,0.0038521806091517657,0.00405760244693801,361.0596855160367
1790242320,0.00405760244693801,0.004064010272752756,0.0038616200095120037,0.004063061570090105,736.2522957590675
1790242380,0.004063061570090105,0.004080138921064819,0.004060742304255314,0.004080138921064819,975.8306393984076
1790242440,0.004080138921064819,0.004080138921064819,0.0038514498403016896,0.0038514498403016896,1626.1480465609366
1790242500,0.0038514498403016896,0.0038514498403016896,0.003841670689342468,0.0038438299430047598,131.96739518353507
1790242560,0.0038438299430047598,0.004051796566288091,0.0038438299430047598,0.004051796566288091,67.50368299418494
1790242620,0.004051796566288091,0.004060610006470128,0.004051796566288091,0.004060610006470128,9.065958223587831
1790242680,0.004060610006470128,0.004060610006470128,0.0038414331030046517,0.0038414331030046517,1545.918882013918
1790242740,0.0038414331030046517,0.003991843759216151,0.00380033998245386,0.003991843759216151,2144.5440133234724
1790242800,0.003991843759216151,0.003991843759216151,0.0037714529752681802,0.0037714529752681802,1598.7905902479658
1790242860,0.0037714529752681802,0.0037714529752681802,0.0037647551325253508,0.003767169857328901,186.7507874642546
1790242920,0.003767169857328901,0.003767169857328901,0.0036690197068242306,0.0036690197068242306,5811.507618433942
1790242980,0.0036690197068242306,0.0038226324370502786,0.0036114796804428235,0.0036114796804428235,3169.713120214801
1790243040,0.0036114796804428235,0.0036114796804428235,0.003605509010708315,0.003605509010708315,357.28258491229985
1790243100,0.003605509010708315,0.003792924381349243,0.003605509010708315,0.003792924381349243,11.31668455357451
1790243160,0.003792924381349243,0.003792924381349243,0.0037927134853024116,0.0037927134853024116,11.315463999547578
1790243220,0.0037927134853024116,0.0037927134853024116,0.003601407697516704,0.003601407697516704,992.2069354615967
1790243340,0.003601407697516704,0.0037968768289627797,0.003601407697516704,0.0037968768289627797,1399.1874414971792
1790243400,0.0037968768289627797,0.0038073052520896044,0.0037968768289627797,0.0038073052520896044,164.86003735361598
1790243460,0.0038073052520896044,0.003807948330293652,0.0038073052520896044,0.003807948330293652,20.18931270485065
1790243520,0.003807948330293652,0.003807948330293652,0.003807143475281832,0.003807143475281832,1.814465738766262
1790243580,0.003807143475281832,0.003823679121860053,0.003629171739439658,0.003822237994316353,915.1356057974973
1790243640,0.003822237994316353,0.003822237994316353,0.0036339617031841014,0.003634774122214223,3.5189845705888176
1790243700,0.003634774122214223,0.0038260804423102864,0.003634774122214223,0.0038260804423102864,99.87133830531556
1790243760,0.0038260804423102864,0.00383898121397788,0.0038239323650955015,0.00383898121397788,800.2020449620402
1790243820,0.00383898121397788,0.00383898121397788,0.0036405386539314663,0.003833757293700377,823.3388114656759
1790243880,0.003833757293700377,0.0038350905649067878,0.003833757293700377,0.0038350905649067878,56.51726578165205
1790243940,0.0038350905649067878,0.003836852326142229,0.003646613214457073,0.003836852326142229,104.24517472363536
1790244000,0.003836852326142229,0.003842024234596414,0.003836852326142229,0.003840826711953946,200.02195195988935
1790244060,0.003840826711953946,0.003840826711953946,0.0036275960663656064,0.0036275960663656064,1647.6321677062515
1790244120,0.0036275960663656064,0.0036275960663656064,0.003615594301193869,0.003615594301193869,899.379082421975
1790244180,0.003615594301193869,0.003615594301193869,0.003603213915155658,0.003603213915155658,536.2159560780646
1790244240,0.003603213915155658,0.0038133135655347814,0.003603213915155658,0.0038133135655347814,2941.0871283474994
1790244300,0.0038133135655347814,0.0038133135655347814,0.003627837036061069,0.003627837036061069,197.0700939664976
1790244360,0.003627837036061069,0.0038001463191491133,0.003612687455133755,0.0038001463191491133,851.0295292462062
1790244420,0.0038001463191491133,0.0038001463191491133,0.0036065817715252944,0.0036065817715252944,137.5507695768382
1790244480,0.0036065817715252944,0.0037945394477596904,0.0036034964569999937,0.0037945394477596904,695.8513391264578
1790244540,0.0037945394477596904,0.003800049617883698,0.0037945394477596904,0.003800049617883698,87.05044249059317
1790244600,0.003800049617883698,0.003800049617883698,0.003609264573187047,0.003791455974844957,689.8732319263671
1790244720,0.003791455974844957,0.003794727433170275,0.003601634530188137,0.003794727433170275,1826.9234286939052
1790244780,0.003794727433170275,0.0038097328902846994,0.003794727433170275,0.0038091798428127196,441.8233264682139
1790244840,0.0038091798428127196,0.0038091798428127196,0.0036157961407719532,0.003798837366331325,1050.827340009775
1790244900,0.003798837366331325,0.0038047197681811097,0.0036078061726623318,0.0038047197681811097,897.5672849057104
1790244960,0.0038047197681811097,0.0038108391922754086,0.0036193090741459817,0.0038108391922754086,801.3145318750209
1790245020,0.0038108391922754086,0.0038173926047723925,0.0038108391922754086,0.0038173926047723925,226.3151313813191
1790245080,0.0038173926047723925,0.0038193116710457248,0.0038173926047723925,0.0038193116710457248,11.202049354155138
1790245140,0.0038193116710457248,0.0038193116710457248,0.0036298892086773023,0.003813867198552466,196.96226878658112
1790245200,0.003813867198552466,0.0038153650479664553,0.0036231621708977934,0.0036231621708977934,64.13528733032585
1790245260,0.0036231621708977934,0.003811501554974852,0.0036231621708977934,0.003811501554974852,48.472536107305835
1790245380,0.003811501554974852,0.003811501554974852,0.0036272823263184617,0.0036272823263184617,5.298690019724108
1790245440,0.0036272823263184617,0.0036272823263184617,0.0036242725670636313,0.0036242725670636313,6.456676679303671
1790245500,0.0036242725670636313,0.0036242725670636313,0.003622152758918034,0.003622152758918034,19.034913344114162
1790245560,0.003622152758918034,0.003809587022507489,0.003622152758918034,0.003809587022507489,33.8847913672267
1790245620,0.003809587022507489,0.0038131032167826153,0.003809587022507489,0.0038111693506982856,223.65695941508682
1790245680,0.0038111693506982856,0.0038202250905637718,0.0038111693506982856,0.0038202250905637718,552.3321711374601
1790245740,0.0038202250905637718,0.003832034072224198,0.0038202250905637718,0.003832034072224198,597.9623281231188
1790245800,0.003832034072224198,0.00385221763068887,0.003832034072224198,0.0038515291798854752,1090.2439166035413
1790245860,0.0038515291798854752,0.0038515291798854752,0.0036581057376864168,0.0038459093667415076,100.88004833946366
1790245920,0.0038459093667415076,0.0038459093667415076,0.003649684695737011,0.0038380879974603695,1184.2820726340385
1790246040,0.0038380879974603695,0.003839637703622131,0.0038371771809822828,0.003839637703622131,237.78638125983724
1790246160,0.003839637703622131,0.0038661043902669706,0.003839637703622131,0.0038661043902669706,2045.8341354894724
1790246220,0.0038661043902669706,0.003901139420002231,0.0037075408275841315,0.0037100493139811523,1631.704624554385
1790246280,0.0037100493139811523,0.0039046351097512303,0.0037100493139811523,0.0039022049843939837,54.56585018301073
1790246340,0.0039022049843939837,0.003909024472054802,0.0039022049843939837,0.003909024472054802,124.50102810785667
1790246400,0.003909024472054802,0.004068077247599639,0.0037224532218017576,0.0037224532218017576,1370.5296304516269
1790246460,0.0037224532218017576,0.003911474507320961,0.0037224532218017576,0.003911474507320961,78.81298295474276
1790246520,0.003911474507320961,0.003976329368246319,0.003911474507320961,0.003976329368246319,3377.0359704786706
1790246640,0.003976329368246319,0.003976329368246319,0.003972976036206705,0.0039748052464968295,213.3639590196898
1790246760,0.0039748052464968295,0.0039748052464968295,0.0037541235242477093,0.003949972389353265,1390.8727435992546
1790246880,0.003949972389353265,0.003949972389353265,0.0037517720890543624,0.0037517720890543624,332.36901601457714
1790247060,0.0037517720890543624,0.003966044962375791,0.0037517720890543624,0.003966044962375791,1432.0272227106423
1790247120,0.003966044962375791,0.003981513690171463,0.003966044962375791,0.003981513690171463,376.64706400534635
1790247240,0.003981513690171463,0.003983708798458037,0.003786508341092453,0.0039795297163249905,363.491386922688
1790247300,0.0039795297163249905,0.003982178400372338,0.003979065558641775,0.003982178400372338,175.90075620081055
1790247360,0.003982178400372338,0.004000258338921808,0.003982178400372338,0.00399738712066683,1017.4864162815531
1790247420,0.00399738712066683,0.004014457385689245,0.0038136978312728036,0.0038136978312728036,559.5687350241813
1790247480,0.0038136978312728036,0.004019546463279273,0.0038136978312728036,0.004019546463279273,423.59460051573257
1790247540,0.004019546463279273,0.004023316236286413,0.0040187840874319055,0.004022084746136728,140.05495958755844
1790247600,0.004022084746136728,0.004031818348276842,0.004021201400035918,0.004031818348276842,375.2967341117867
1790247720,0.004031818348276842,0.004031818348276842,0.0038324940991997553,0.0038334510847979134,21.098913034508666
1790247780,0.0038334510847979134,0.003834208859778978,0.0038334510847979134,0.003834208859778978,5.405244610752821
1790247840,0.003834208859778978,0.0040446207462728374,0.003834208859778978,0.0040446207462728374,1134.8209223493875
1790247900,0.0040446207462728374,0.004065200587777624,0.0040446207462728374,0.004065200587777624,591.6383210080766
1790247960,0.004065200587777624,0.004065200587777624,0.0038571250341355398,0.004048816929511405,934.8193952494189
1790248020,0.004048816929511405,0.0042168675229623835,0.003994067295550549,0.004027952962552351,10709.632716054755
1790248080,0.004027952962552351,0.004296986761237677,0.004027952962552351,0.004296986761237677,3132.2933875872923
1790248140,0.004296986761237677,0.004296986761237677,0.004082592642497192,0.004292917663404743,209.64752827191955
1790248200,0.004292917663404743,0.0043235513432191095,0.004292917663404743,0.0043235513432191095,1487.6173025493774
1790248260,0.0043235513432191095,0.0043533469826452795,0.004135577613656679,0.0043533469826452795,2197.9641855263376
1790248320,0.0043533469826452795,0.004408132120632709,0.0041525802047702315,0.004408132120632709,3338.4650474553973
1790248380,0.004408132120632709,0.004453888661167143,0.004408132120632709,0.004453888661167143,1891.9752944509694
1790248500,0.004453888661167143,0.0044757419590222,0.004250808893670708,0.0044757419590222,1130.312866979761
1790248560,0.0044757419590222,0.004488200863145427,0.004258927652512703,0.004486365903546019,626.027671375286
1790248620,0.004486365903546019,0.004496992735839387,0.00427407465068425,0.004496992735839387,638.1674148049943
1790248740,0.004496992735839387,0.004496992735839387,0.004276002566930578,0.004276002566930578,279.0041403285584
1790248800,0.004276002566930578,0.004498662465233732,0.004276002566930578,0.004496433061770436,271.5853699379974
1790248860,0.004496433061770436,0.00450185121901259,0.004496433061770436,0.00450185121901259,134.31805835336766
1790248920,0.00450185121901259,0.004507921096823214,0.004276997978102164,0.004507921096823214,623.4998755223178
1790248980,0.004507921096823214,0.004518060286202761,0.0042386422681481815,0.0042386422681481815,3977.7220268135043
1790249040,0.0042386422681481815,0.0042386422681481815,0.004185797599911942,0.004185797599911942,3306.2140539016173
1790249100,0.004185797599911942,0.004185797599911942,0.004150783209252642,0.004150783209252642,1217.9908258980015
1790249160,0.004150783209252642,0.004150783209252642,0.004111292325607661,0.004113253941053031,2392.049109679188
1790249220,0.004113253941053031,0.004293592982156971,0.004050937059850069,0.004050937059850069,3351.450997515624
1790249280,0.004050937059850069,0.004050937059850069,0.004022279960175821,0.004024328600121613,1351.2820725952627
1790249340,0.004024328600121613,0.004024328600121613,0.004011437331078241,0.004011437331078241,724.7572168371453
1790249400,0.004011437331078241,0.004217236447637273,0.004011437331078241,0.004217236447637273,11.220369255560982
1790249460,0.004217236447637273,0.004217236447637273,0.00421286593957447,0.00421286593957447,11.575873257710644
1790249520,0.00421286593957447,0.00421286593957447,0.003988766025571749,0.003988860356337357,1085.5233799718417
1790249580,0.003988860356337357,0.003988860356337357,0.0037172639116378092,0.0037172639116378092,15215.093644192068
1790249640,0.0037172639116378092,0.0037172639116378092,0.0036433455223478404,0.0036433455223478404,4260.594898750715
1790249700,0.0036433455223478404,0.0036433455223478404,0.00361414906542233,0.00361414906542233,1851.4438612151519
1790249760,0.00361414906542233,0.00361414906542233,0.0036070313865063553,0.0036070313865063553,313.5840546317991
1790249820,0.0036070313865063553,0.0036070313865063553,0.0036031229352562013,0.003604815509584403,63.68165202974755
1790249880,0.003604815509584403,0.003806594187568401,0.0036003086703274077,0.003806594187568401,2146.300423537357
1790249940,0.003806594187568401,0.003819074562674262,0.003806594187568401,0.003819074562674262,267.4896157593363
1790250000,0.003819074562674262,0.003819074562674262,0.0036221171848246545,0.0036221171848246545,779.9219356547765
1790250120,0.0036221171848246545,0.0038033918436072645,0.0036177702191692814,0.0038033918436072645,354.0120111798061
1790250180,0.0038033918436072645,0.0038033918436072645,0.0036108909957651017,0.0036108909957651017,201.69830221338557
1790250240,0.0036108909957651017,0.0036122385752747612,0.0036006884951103203,0.0036006884951103203,1308.199437737979
1790250300,0.0036006884951103203,0.0036006884951103203,0.003541450390607694,0.003541450390607694,2874.6488830871663
1790250360,0.003541450390607694,0.003693300519049992,0.0035159622763984437,0.003693300519049992,1779.0675802747583
1790250420,0.003693300519049992,0.003693300519049992,0.003502121916098425,0.003502121916098425,1542.4741844900761
1790250480,0.003502121916098425,0.0035423230226923007,0.003283443203246655,0.0033989773635178127,17778.99932032542
1790250540,0.0033989773635178127,0.003407619329282663,0.0031897228771810312,0.0033652035966206034,4850.358989484996
1790250600,0.0033652035966206034,0.0033912282098274614,0.0032119644659336826,0.003222940780854189,2640.90856763968
1790250660,0.003222940780854189,0.003516796050595537,0.003222940780854189,0.003340643646794015,8035.56819750249
1790250720,0.003340643646794015,0.0034483259664307786,0.0032686680602153624,0.0034483259664307786,5887.540954271767
1790250780,0.0034483259664307786,0.003449344847020075,0.003238696171877972,0.003238696171877972,5088.08151660163
1790250840,0.003238696171877972,0.0032465257707589316,0.003026371135128386,0.0031476726775676723,16788.090396519794
1790250900,0.0031476726775676723,0.003156422400325163,0.002971322362686867,0.0031490423782174095,10324.241643359781
1790250960,0.0031490423782174095,0.00319899213475061,0.003031030138793918,0.0030338214164145833,4009.414180057207
1790251020,0.0030338214164145833,0.003194211967878941,0.0030303067900662667,0.0030303067900662667,942.6575563845207
1790251080,0.0030303067900662667,0.0031925937106639444,0.0029938643812239146,0.003166373878431783,5495.05954387669
1790251140,0.003166373878431783,0.003166373878431783,0.0031341397084025616,0.003148517716073189,804.4556192530456
1790251200,0.003148517716073189,0.0031511266052618512,0.002993065391782439,0.00314697425805509,462.23704059649083
1790251260,0.00314697425805509,0.003148205292145867,0.0029857029875333687,0.0029857029875333687,467.3922369774958
1790251320,0.0029857029875333687,0.003139503284917501,0.002969896480505206,0.0029699397267945993,1550.3195478309626
1790251380,0.0029699397267945993,0.003116899565823439,0.0029286508564251436,0.0029286508564251436,2599.2300657642604
1790251440,0.0029286508564251436,0.0030730240786899098,0.0028912336183367117,0.0030513686049337936,4480.066948992512
1790251500,0.0030513686049337936,0.0030640434815688736,0.0030513686049337936,0.0030640434815688736,16.296235513470297
1790251560,0.0030640434815688736,0.003102105045648704,0.002955816633687595,0.002955816633687595,2857.425231295741
1790251620,0.002955816633687595,0.0031494123337574803,0.002955816633687595,0.0031494123337574803,2610.2462948455704
1790251680,0.0031494123337574803,0.0031730004526052034,0.0030166939775669683,0.0030166939775669683,1544.145362264921
1790251740,0.0030166939775669683,0.003221597441120551,0.003014089928946127,0.0030635617303252215,3477.319844152242
1790251800,0.0030635617303252215,0.0032468391816857945,0.0030635617303252215,0.0032468391816857945,1652.773727756855
1790251860,0.0032468391816857945,0.0032468391816857945,0.0030837619383374034,0.0030837619383374034,364.33243777693764
1790251920,0.0030837619383374034,0.003285477142008159,0.0030770641910166474,0.003285477142008159,3524.774094965649
1790251980,0.003285477142008159,0.00329571565143634,0.003103292522144648,0.0032667943392948543,3948.8816183406875
1790252040,0.0032667943392948543,0.0032672199053470196,0.0032667943392948543,0.0032672199053470196,215.50792140101385
1790252100,0.0032672199053470196,0.0033046053269493395,0.003165270041655634,0.003165270041655634,3944.632511308508
1790252160,0.003165270041655634,0.0033430978541346187,0.003165270041655634,0.0033430978541346187,1227.0637938487566
1790252220,0.0033430978541346187,0.003364374580006008,0.003194454744787735,0.003194454744787735,1449.5344051498332
1790252280,0.003194454744787735,0.0033570876453944947,0.002916031381492248,0.002916031381492248,19786.02056076755
1790252340,0.002916031381492248,0.0030882161309300376,0.002912137928278198,0.002940712406860848,2101.119264035477
1790252400,0.002940712406860848,0.002940712406860848,0.002939141211765601,0.002939141211765601,103.00546304537122
1790252460,0.002939141211765601,0.0031302162106344993,0.002939141211765601,0.0031268309179771237,3238.6063832277623
1790252520,0.0031268309179771237,0.0031268309179771237,0.002913617105872311,0.002916013680534186,3957.1014062383006
1790252580,0.002916013680534186,0.0030665890500544118,0.002915342110834968,0.0030665890500544118,24.851272910405683
1790252640,0.0030665890500544118,0.0030665890500544118,0.002903558567466993,0.0030521733991336858,1750.2317286124244
1790252700,0.0030521733991336858,0.0030525069239760376,0.002892239053735136,0.002904869126109539,2523.218559756022
1790252820,0.002904869126109539,0.002904869126109539,0.0028905231129807253,0.0028905231129807253,1049.3120613208268
1790252880,0.0028905231129807253,0.003013503186892089,0.0028634913529842505,0.0028634913529842505,1503.647697814733
1790252940,0.0028634913529842505,0.003013531219961914,0.0028634913529842505,0.003012473689405083,65.77807074491224
1790253000,0.003012473689405083,0.003020763972862529,0.0030120496889209252,0.003020763972862529,367.3633828688076
1790253060,0.003020763972862529,0.003020763972862529,0.002865649392487224,0.002865649392487224,638.5364950313988
1790253120,0.002865649392487224,0.003003428770346406,0.00285368513804828,0.002999725834507435,728.6686039438813
1790253180,0.002999725834507435,0.002999725834507435,0.002837052544598389,0.002837052544598389,886.5706576824464
1790253240,0.002837052544598389,0.002987688478502201,0.0028355090316605804,0.002987688478502201,406.87083724478214
1790253300,0.002987688478502201,0.0030240319435644474,0.002987688478502201,0.0030240319435644474,3020.8744380568946
1790253420,0.0030240319435644474,0.003033892508083163,0.0028669112270414063,0.0028669112270414063,2576.1446566267423
1790253480,0.0028669112270414063,0.002997895576256905,0.002809022338949353,0.002809022338949353,3546.5526663432934
1790253540,0.002809022338949353,0.002809022338949353,0.002787297700055335,0.002787297700055335,1448.4196109103525
1790253600,0.002787297700055335,0.0028848436886631905,0.00272922875337895,0.0028622850065271386,5449.112653337568
1790253660,0.0028622850065271386,0.002874045629525626,0.002733035497055658,0.0027334203336387476,1442.483619390682
1790253720,0.0027334203336387476,0.0027343269943143323,0.002733105689618987,0.002733105689618987,339.0437000916487
1790253780,0.002733105689618987,0.0028734160528396235,0.0027289537928970402,0.0028703308191981324,131.18316504102515
1790253840,0.0028703308191981324,0.0028790722309724962,0.0028703308191981324,0.0028790722309724962,460.94961860368306
1790253900,0.0028790722309724962,0.002884298796355139,0.0027333501081740668,0.0027333501081740668,800.3555614467766
1790253960,0.0027333501081740668,0.002879791379533433,0.0027333501081740668,0.0027357546507471206,1992.7760865658713
1790254020,0.0027357546507471206,0.002880357302211803,0.0027241897978544133,0.0027241897978544133,1608.1776026645223
1790254080,0.0027241897978544133,0.0028782378493984627,0.0027241897978544133,0.0028782378493984627,1055.7384367967336
1790254140,0.0028782378493984627,0.0030428294755336957,0.0028782378493984627,0.0030428294755336957,10704.979251238137
1790254200,0.0030428294755336957,0.0030466611481616787,0.0028881188155571265,0.003045752314165425,1292.814647016042
1790254260,0.003045752314165425,0.0030517403964449488,0.0028928790639269676,0.0028928790639269676,1259.093252546086
1790254320,0.0028928790639269676,0.0030923711462662816,0.0028928790639269676,0.0030734263336536123,4816.176628352142
1790254380,0.0030734263336536123,0.0031380176854142465,0.0030734263336536123,0.003136769505279874,4156.273081594827
1790254440,0.003136769505279874,0.0033280129814522346,0.003136769505279874,0.003170090740208965,12465.894728938738
1790254500,0.003170090740208965,0.0033560176783189546,0.003170090740208965,0.0033560176783189546,1560.906771700497
1790254560,0.0033560176783189546,0.0033576807696203926,0.0031665026180314666,0.0033333187095943807,2673.798629955111
1790254620,0.0033333187095943807,0.0033333187095943807,0.0031237114404832817,0.0032986326663194576,5199.154745362803
1790254680,0.0032986326663194576,0.0033168483536780316,0.0032986326663194576,0.0033168483536780316,494.7598864866906
1790254740,0.0033168483536780316,0.0033168483536780316,0.0031373971836661917,0.00330250783887373,3009.7086924533996
1790254800,0.00330250783887373,0.0033104692109344417,0.0031442136954886383,0.0032989606375506907,1358.27555007907
1790254860,0.0032989606375506907,0.0033036621982912642,0.0032989606375506907,0.0033036621982912642,25.15371846060407
1790254920,0.0033036621982912642,0.0033036621982912642,0.0033014352791328203,0.0033014352791328203,24.8923681992723
1790254980,0.0033014352791328203,0.0033048629855819125,0.0031459925460512778,0.0031459925460512778,5.047121803351681
1790255040,0.0031459925460512778,0.003342204638634889,0.0031459925460512778,0.003342204638634889,4157.862066720422
1790255100,0.003342204638634889,0.0033790029241576457,0.0032103939501635873,0.0032103939501635873,56.97298152967156
1790255160,0.0032103939501635873,0.0034285982773382,0.0032103939501635873,0.0034285982773382,3290.3189842702936
1790255220,0.0034285982773382,0.003453950006800869,0.0032560275927039704,0.003283432564531968,2531.5090730655675
1790255280,0.003283432564531968,0.0036189367620158915,0.003283432564531968,0.0035967960779797253,15412.429663918883
1790255340,0.0035967960779797253,0.0036097503971475172,0.0035967960779797253,0.0036096537938504506,523.8420486845562
1790255400,0.0036096537938504506,0.003632737360285387,0.0036096537938504506,0.003632737360285387,1134.1814258588397
1790255460,0.003632737360285387,0.0036752537414848053,0.003464483814212597,0.0036752537414848053,3690.6895691530253
1790255520,0.0036752537414848053,0.003693726454915101,0.0034612694541314407,0.0036108456053652958,6827.687590008025
1790255580,0.0036108456053652958,0.0036182494351784315,0.0034347050624045548,0.0036182494351784315,681.1144541782547
1790255640,0.0036182494351784315,0.0036357191756762404,0.0034483817060414297,0.0036357191756762404,1257.9841025979379
1790255700,0.0036357191756762404,0.0036423958501340284,0.0036357191756762404,0.0036423958501340284,398.673808200763
1790255760,0.0036423958501340284,0.0036423958501340284,0.0034620322336001534,0.0036410482341885943,188.26276289176687
1790255820,0.0036410482341885943,0.0036410482341885943,0.0034639633248152437,0.0034639633248152437,190.66225693731695
1790255880,0.0034639633248152437,0.0036454007591189496,0.0034639633248152437,0.0036454007591189496,101.8807887968895
1790255940,0.0036454007591189496,0.003653999696465756,0.0036454007591189496,0.003653999696465756,611.7740569344309
1790256000,0.003653999696465756,0.0037295540823949528,0.003653999696465756,0.0037295540823949528,7524.860961007221
1790256060,0.0037295540823949528,0.003792411163883059,0.0037295540823949528,0.003792411163883059,277.9198403039622
1790256120,0.003792411163883059,0.0037949486694882277,0.0035999164055477814,0.0035999164055477814,552.4090700126089
1790256180,0.0035999164055477814,0.0035999164055477814,0.0035861657766714998,0.0035861657766714998,920.3130568163426
1790256240,0.0035861657766714998,0.0035861657766714998,0.0035767340865623947,0.0035767340865623947,412.2691307684687
1790256300,0.0035767340865623947,0.003767845239841633,0.0035767340865623947,0.003767845239841633,343.312496834294
1790256360,0.003767845239841633,0.003785272204158484,0.003580647967542927,0.003785272204158484,2813.2611840186846
1790256420,0.003785272204158484,0.003812102848246801,0.003785272204158484,0.003812102848246801,623.6593223801589
1790256480,0.003812102848246801,0.0038130128317124374,0.003617996118216181,0.0038035288192941456,1260.6298918596308
1790256540,0.0038035288192941456,0.003805206573347033,0.003616577847227661,0.003803324526183102,257.63158904473556
1790256600,0.003803324526183102,0.003804053780675503,0.003803324526183102,0.003804053780675503,113.24403318962298
1790256660,0.003804053780675503,0.003804053780675503,0.0036299256989785872,0.0036299307618532783,0.5099247253199862
1790256720,0.0036299307618532783,0.0038244571572673847,0.0036253107256541267,0.0036253107256541267,2451.594520390939
1790256780,0.0036253107256541267,0.0036253107256541267,0.003605582078016572,0.003605582078016572,1286.1334356641028
1790256840,0.003605582078016572,0.003795085138633671,0.0035943908715207157,0.003795085138633671,1629.4113932706955
1790256900,0.003795085138633671,0.0038013456986306605,0.003795085138633671,0.0038013456986306605,287.5566821378547
1790257080,0.0038013456986306605,0.0038013456986306605,0.00361363428573485,0.0038013169466970128,298.46319297763847
1790257200,0.0038013169466970128,0.0038013169466970128,0.003611627802339874,0.003611627802339874,91.89933734776533
1790257260,0.003611627802339874,0.003611627802339874,0.003578399747799705,0.003578399747799705,1374.2683370126736
1790257320,0.003578399747799705,0.003578399747799705,0.003547076511999504,0.003547076511999504,1806.0222609961118
1790257380,0.003547076511999504,0.003547076511999504,0.0035121810270770165,0.0035121810270770165,1971.855286610614
1790257440,0.0035121810270770165,0.003513811296109436,0.0034572834374249754,0.003473015984592331,3273.6851911556355
1790257500,0.003473015984592331,0.003473015984592331,0.003427367980455393,0.003427367980455393,1889.1143052879013
1790257560,0.003427367980455393,0.003427367980455393,0.003422442317452256,0.0034224711900817904,306.9741417132783
1790257620,0.0034224711900817904,0.0035700190370321653,0.0033932336602981164,0.0033932336602981164,2067.302313300108
1790257680,0.0033932336602981164,0.0035599870838192438,0.003372782395870909,0.003372782395870909,1055.1626171059515
1790257740,0.003372782395870909,0.003372782395870909,0.003353445040265072,0.003353445040265072,1122.1987600519037
1790257800,0.003353445040265072,0.003412890609583099,0.0032454116738729103,0.003246932578159448,6584.160776135123
1790257860,0.003246932578159448,0.0034176691681751005,0.00322635283394251,0.0033899529528716344,2296.189569828103
1790257920,0.0033899529528716344,0.0033899529528716344,0.003219661918999372,0.003219661918999372,227.07826146665633
1790257980,0.003219661918999372,0.003219661918999372,0.0031973915107654156,0.0031973915107654156,1443.632824014957
1790258040,0.0031973915107654156,0.0031973915107654156,0.003187489679942256,0.003187489679942256,449.8953791108538
1790258100,0.003187489679942256,0.003363604147307826,0.003187489679942256,0.003363604147307826,100.69067690776492
1790258160,0.003363604147307826,0.0033637395875736565,0.003361457998210073,0.0033637395875736565,148.9927632515654
1790258220,0.0033637395875736565,0.0033702288288097694,0.0032025694035314103,0.0032025694035314103,403.31723555643475
1790258280,0.0032025694035314103,0.00337673688477729,0.0032025694035314103,0.00337673688477729,197.4279636051831
1790258340,0.00337673688477729,0.0033806700382773757,0.00337673688477729,0.0033806700382773757,133.79204116981913
1790258400,0.0033806700382773757,0.0033828449695904065,0.0032126291977898963,0.0032190691778167728,453.03656263306084
1790258460,0.0032190691778167728,0.0033931283059027368,0.0032190691778167728,0.0033931283059027368,588.6543299487107
1790258520,0.0033931283059027368,0.0034014283466231735,0.0033931283059027368,0.0034014283466231735,853.6419163888219
1790258580,0.0034014283466231735,0.0034014283466231735,0.0032359626263894813,0.0032359644082415044,71.0126979438526
1790258700,0.0032359644082415044,0.0032359644082415044,0.0032263182328475266,0.0032263182328475266,1160.484154302071
1790258760,0.0032263182328475266,0.0034011233598073435,0.0032263182328475266,0.003400322174858557,688.1257847620315
1790258820,0.003400322174858557,0.003421817123361752,0.0032363843865605853,0.003421817123361752,1592.1733707200792
1790258880,0.003421817123361752,0.003423103180858995,0.003421817123361752,0.003423103180858995,628.6906172501575
1790258940,0.003423103180858995,0.0034338806586395073,0.003423103180858995,0.0034338806586395073,804.9737176671103
1790259240,0.0034338806586395073,0.0034338806586395073,0.0032672891424943783,0.0032672891424943783,40.82899162233415
1790259420,0.0032672891424943783,0.0032672891424943783,0.0032672180026321893,0.0032672180026321893,660.6523249830855
1790259480,0.0032672180026321893,0.0034346074822943825,0.0032672180026321893,0.0034346074822943825,26.063899233897285
1790259540,0.0034346074822943825,0.0034346074822943825,0.0032638775467003214,0.0032638775467003214,94.17918661003777
1790259660,0.0032638775467003214,0.0032700696636107003,0.0032638775467003214,0.0032679181020227,74.25579649707186
1790259720,0.0032679181020227,0.0032679181020227,0.003263526088432366,0.003263526088432366,16.174851175792913
1790259780,0.003263526088432366,0.003263526088432366,0.003262694642144913,0.003262694642144913,14.818751492070193
1790259840,0.003262694642144913,0.003262694642144913,0.0032567291822490955,0.0032567291822490955,816.1820439299217
1790259960,0.0032567291822490955,0.003265665820931637,0.0032567291822490955,0.0032626622244336383,83.54386918209134
1790260020,0.0032626622244336383,0.0032626622244336383,0.00325552741691095,0.00325552741691095,925.1969256769852
1790260200,0.00325552741691095,0.0032630084208435657,0.0032250004121894605,0.0032250004121894605,1993.8786688035605
1790260260,0.0032250004121894605,0.0033942934446204165,0.0032221491376501926,0.0032221491376501926,256.9199181489662
1790260320,0.0032221491376501926,0.003229167061313472,0.003217557753457974,0.003217557753457974,749.3198392754649
1790260380,0.003217557753457974,0.003217557753457974,0.0032021428325348473,0.0032021428325348473,740.8777382260438
1790260440,0.0032021428325348473,0.0032021428325348473,0.0031937439693727906,0.0031937439693727906,1039.0949978346227
1790260500,0.0031937439693727906,0.0031937439693727906,0.0031745899583425293,0.0031745899583425293,1159.0319314830829
1790260560,0.0031745899583425293,0.0033307605497637557,0.0031663422874463974,0.0031663422874463974,4.558076913663911
1790260620,0.0031663422874463974,0.0031663422874463974,0.0031453324334984717,0.0031453324334984717,2098.4514591936427
1790260680,0.0031453324334984717,0.0031453324334984717,0.003113088730864635,0.003113088730864635,2068.388765813398
1790260740,0.003113088730864635,0.003239661460908439,0.003078589084572335,0.0030798265127097196,1112.085042166495
1790260800,0.0030798265127097196,0.0030808296741924547,0.0030324311393813406,0.0030339777587851937,3324.6354460003827
1790260860,0.0030339777587851937,0.0031860809276814755,0.0030271735876457435,0.0030278161635182753,467.28016122149717
1790260920,0.0030278161635182753,0.0030278161635182753,0.0030165766984616795,0.0030165766984616795,647.5013719085943
1790260980,0.0030165766984616795,0.0030165766984616795,0.0029942657314345374,0.0029942657314345374,1371.179486664194
1790261040,0.0029942657314345374,0.0029942657314345374,0.0029631566300915013,0.0029631566300915013,1922.5233772577058
1790261100,0.0029631566300915013,0.0031154234680851214,0.0029631566300915013,0.0031119558522851873,34.594046609950745
1790261160,0.0031119558522851873,0.0031132816775148696,0.002958152945860309,0.0029598573291027847,164.4557544149725
1790261220,0.0029598573291027847,0.0029598573291027847,0.0029547446715181454,0.0029547446715181454,232.78689967535274
1790261280,0.0029547446715181454,0.0031049455083221357,0.0029143331911589687,0.0030652975921562817,1901.3290818229318
1790261340,0.0030652975921562817,0.0030652975921562817,0.0029114473910087863,0.0029114473910087863,6.822515970983541
1790261400,0.0029114473910087863,0.00305047586739076,0.0028936180908988984,0.0028936180908988984,930.640908891582
1790261460,0.0028936180908988984,0.0028936180908988984,0.002881462975013797,0.002881462975013797,902.5561438728312
1790261520,0.002881462975013797,0.003023071362230445,0.002881462975013797,0.003023071362230445,11.459199225310504
1790261640,0.003023071362230445,0.0030254227833593746,0.0028722669551849585,0.0028722669551849585,562.2701327449707
1790261700,0.0028722669551849585,0.0030052612385089283,0.002857090444935352,0.002857090444935352,858.5417756521624
1790261820,0.002857090444935352,0.00300021465352427,0.002852301728643885,0.00300021465352427,97.48920043598724
1790261940,0.00300021465352427,0.003002174475819524,0.0028409084083084167,0.0028643956523270366,1975.967767815739
1790262060,0.0028643956523270366,0.0028710836747601314,0.00283898198350173,0.00283898198350173,2323.6726887067775
1790262120,0.00283898198350173,0.0029633662295151836,0.0028252115283628463,0.0028252115283628463,1314.483945235259
1790262180,0.0028252115283628463,0.0029595243431594707,0.0028114250871827335,0.00295825079624649,484.96855203187783
1790262300,0.00295825079624649,0.0029635268904686547,0.00295825079624649,0.0029635268904686547,114.75708845234149
1790262360,0.0029635268904686547,0.0029660745828181635,0.0029635268904686547,0.0029660745828181635,2.273454989716689
1790262420,0.0029660745828181635,0.0029660745828181635,0.002821208136690698,0.002821208136690698,4.156981422465411
1790262540,0.002821208136690698,0.002967450702527014,0.002811825158333789,0.002811825158333789,1261.4078875403761
1790262660,0.002811825158333789,0.002811825158333789,0.002726519065954752,0.002726519065954752,5473.920625007807
1790262720,0.002726519065954752,0.0028711387141584685,0.0027205621857210303,0.0027272067374450567,2185.082428859846
1790262780,0.0027272067374450567,0.002865266473531701,0.002712052952062997,0.002712052952062997,1891.5730804656387
1790262840,0.002712052952062997,0.0028669125200391915,0.002712052952062997,0.0027241737866660425,1235.98903977313
1790262900,0.0027241737866660425,0.002867710961829108,0.0027235800233285034,0.0027235800233285034,594.2827751893897
1790262960,0.0027235800233285034,0.0028559978048818633,0.002711468037874819,0.0028544338592796834,663.8420778236801
1790263020,0.0028544338592796834,0.0028749521473281432,0.0027146021504078246,0.0028749521473281432,1311.7497923114004
1790263080,0.0028749521473281432,0.0028749521473281432,0.002872483556354964,0.002873215999588089,22.826110365355277
1790263140,0.002873215999588089,0.002901062339820499,0.002873215999588089,0.002901062339820499,3793.425066281283
1790263200,0.002901062339820499,0.0029364898472887327,0.002791554543988987,0.0029364898472887327,418.73123905748537
1790263260,0.0029364898472887327,0.0029496791076852337,0.0028035011459290587,0.0029496791076852337,1089.6069005769136
1790263320,0.0029496791076852337,0.003007167645952919,0.002812714575347344,0.0029584479148882996,7903.260922666768
1790263380,0.0029584479148882996,0.0029747590882329795,0.00280264087753227,0.002973149893382924,4109.760045683681
1790263500,0.002973149893382924,0.002973149893382924,0.0028344585043462854,0.0028344585043462854,11.994458656946597
1790263680,0.0028344585043462854,0.002974926467566681,0.0028344585043462854,0.002974926467566681,28.607674383655265
1790263800,0.002974926467566681,0.002974926467566681,0.0027747186341228365,0.0027747186341228365,3694.620401639952
1790263860,0.0027747186341228365,0.0027747186341228365,0.002770657349703646,0.002770657349703646,115.74245891329633
1790263920,0.002770657349703646,0.0027824581782678326,0.002631758401216774,0.0027824581782678326,11369.46121324378
1790263980,0.0027824581782678326,0.002790538872831236,0.0026516745385413176,0.0026516745385413176,224.74846439918474
1790264040,0.0026516745385413176,0.0026516745385413176,0.0026514067789322965,0.0026514067789322965,27.347486818034128
1790264100,0.0026514067789322965,0.00279275604845957,0.0026514067789322965,0.002656042386356182,49.30752640948462
1790264160,0.002656042386356182,0.0027952922941450915,0.002650928742465946,0.002650928742465946,753.7836031720067
1790264220,0.002650928742465946,0.0027865417173515857,0.002543184933849143,0.002543184933849143,8012.899301740097
1790264280,0.002543184933849143,0.0025952755877131635,0.002450010942711264,0.002450010942711264,6464.080795133031
1790264340,0.002450010942711264,0.002572993766228309,0.0024465798091762012,0.002572993766228309,343.6094349127731
1790264400,0.002572993766228309,0.002572993766228309,0.0024446705692161047,0.002568981799537547,267.9621892932908
1790264460,0.002568981799537547,0.002568981799537547,0.0024341279828126237,0.002560729348980496,785.3971769380648
1790264520,0.002560729348980496,0.002560729348980496,0.002422753030529611,0.002422753030529611,802.099076118236
1790264580,0.002422753030529611,0.0025481162871634952,0.002380601616576342,0.002380601616576342,3154.8248969275824
1790264640,0.002380601616576342,0.002463171547862031,0.002338485151120503,0.002338485151120503,3403.0012804044122
1790264700,0.002338485151120503,0.0024626920050152172,0.002334563080330873,0.002334563080330873,565.3121646186746
1790264760,0.002334563080330873,0.0024555318332693267,0.002334563080330873,0.002454461366173823,140.74570586405258
1790264820,0.002454461366173823,0.002456975499280723,0.0023336940421575724,0.002454763645788467,221.96950040467544
1790264880,0.002454763645788467,0.00245693114153969,0.002454763645788467,0.00245693114153969,80.95813610466065
1790264940,0.00245693114153969,0.00245693114153969,0.0023292525125208174,0.0024489751463882834,635.9530272882432
1790265060,0.0024489751463882834,0.0024489751463882834,0.0024487945223364634,0.0024487945223364634,18.84492635185001
1790265120,0.0024487945223364634,0.0024487945223364634,0.0023264876061069723,0.0023264876061069723,586.6070123818155
1790265240,0.0023264876061069723,0.0024455044732338105,0.002325154649505664,0.0024455044732338105,45.55305667678255
1790265300,0.0024455044732338105,0.002473898097501737,0.0024455044732338105,0.0024651563258889847,2297.3977936831884
1790265360,0.0024651563258889847,0.0024929017362613675,0.002368146158155062,0.0023703143075724516,975.5069302132733
1790265420,0.0023703143075724516,0.002495577002295724,0.0023703143075724516,0.002494916065282003,572.7172315795377
1790265480,0.002494916065282003,0.002520994483986891,0.002494916065282003,0.002520994483986891,1987.6491819486307
1790265540,0.002520994483986891,0.00255742884763849,0.002430472165977285,0.0025570598984367946,2318.66978762416
1790265600,0.0025570598984367946,0.0025697630080561804,0.002443649465359681,0.0025658963584304587,973.9132619370165
1790265660,0.0025658963584304587,0.002627543699927389,0.002480153534353195,0.002627543699927389,4955.214089706506
1790265720,0.002627543699927389,0.0026288326343687288,0.002627543699927389,0.0026288326343687288,116.04866846737964
1790265780,0.0026288326343687288,0.002629398606382571,0.0026288326343687288,0.002629398606382571,116.00099644753709
1790265840,0.002629398606382571,0.0026371506576289075,0.002629398606382571,0.0026371506576289075,542.6815008955102
1790265900,0.0026371506576289075,0.0026371506576289075,0.002502724619137605,0.0026266767713613148,1371.0401814915149
1790265960,0.0026266767713613148,0.002654434483148197,0.0025194296322438676,0.0026491616501796425,3394.0584136518523
1790266020,0.0026491616501796425,0.00265580792692899,0.0026491616501796425,0.00265580792692899,227.34318963179962
1790266080,0.00265580792692899,0.00265580792692899,0.0025227355322712517,0.0025227355322712517,9.946635092481237
1790266140,0.0025227355322712517,0.002657738838840097,0.0025227355322712517,0.002657738838840097,48.60294065026003
1790266200,0.002657738838840097,0.002659416329126755,0.002530072592715083,0.002530072592715083,597.652704814138
1790266320,0.002530072592715083,0.002530072592715083,0.0025244745998089495,0.0025244745998089495,626.3770852727371
1790266380,0.0025244745998089495,0.0025244745998089495,0.002501838496659024,0.002501838496659024,2162.2182872052836
1790266440,0.002501838496659024,0.0026203857203058734,0.002501838496659024,0.0026203857203058734,58.01538095094244
1790266500,0.0026203857203058734,0.0026203857203058734,0.0025005804850134475,0.0025005804850134475,270.4208749249852
1790266560,0.0025005804850134475,0.002501653081619778,0.0025003567097728616,0.0025003567097728616,256.80675877857857
1790266680,0.0025003567097728616,0.002507141018215069,0.0025003567097728616,0.002507141018215069,758.7603454915685
1790266800,0.002507141018215069,0.002627301981465128,0.0024950503440271756,0.0024964220317062534,318.7625453304173
1790266860,0.0024964220317062534,0.0024964220317062534,0.002493526445920828,0.002493526445920828,52.06905776904419
1790266920,0.002493526445920828,0.002493526445920828,0.002492458060720766,0.002492458060720766,1.4970795930925644
1790267040,0.002492458060720766,0.002492458060720766,0.0024886919618322366,0.0024886919618322366,13.156912494893133
1790267100,0.0024886919618322366,0.0024886919618322366,0.00244500237404142,0.002446140940138355,2916.557611707125
1790267220,0.002446140940138355,0.0024482629708555805,0.0024233985556425734,0.0024233985556425734,3409.308404604879
1790267280,0.0024233985556425734,0.0024233985556425734,0.0022711303145457936,0.0022711303145457936,17502.57552226614
1790267340,0.0022711303145457936,0.002367917346099286,0.002230801006480995,0.002230801006480995,1711.0988857444152
1790267400,0.002230801006480995,0.0023425686178398944,0.002226840956496437,0.002227369131149263,425.88490556468275
1790267460,0.002227369131149263,0.002342149665405253,0.002227369131149263,0.0023418606021345083,187.18929302641718
1790267520,0.0023418606021345083,0.0023418606021345083,0.002224729573007971,0.0023392959494918887,151.10421639808513
1790267580,0.0023392959494918887,0.002342835166085132,0.0023392959494918887,0.002342835166085132,268.9578285440951
1790267640,0.002342835166085132,0.002342835166085132,0.0022169477618555157,0.0022182637770591747,1038.9408710556804
1790267700,0.0022182637770591747,0.0023339129595399384,0.0022126455108040614,0.0022186822572404126,1166.3217862078438
1790267760,0.0022186822572404126,0.002330944269226809,0.0022178892169684977,0.0023305300440478287,489.70449098789777
1790267820,0.0023305300440478287,0.0023366337168422716,0.0023305300440478287,0.0023366337168422716,362.90817234459644
1790267880,0.0023366337168422716,0.002337622435932944,0.002335337749753218,0.002337622435932944,25.341725037820957
1790267940,0.002337622435932944,0.00233953164675992,0.002337622435932944,0.00233953164675992,5.810951900678567
1790268000,0.00233953164675992,0.00233953164675992,0.0022210846444630076,0.0022210846444630076,122.54174383726598
1790268060,0.0022210846444630076,0.002223206239305285,0.002213634260973178,0.002213634260973178,1523.591429415984
1790268120,0.002213634260973178,0.002213634260973178,0.0021850902414964945,0.0021850902414964945,1698.475050770295
1790268180,0.0021850902414964945,0.0021850902414964945,0.002174393192694035,0.002174393192694035,404.9225454785566
1790268240,0.002174393192694035,0.002283753024151542,0.0021708589794611544,0.002283753024151542,54.254740960865504
1790268300,0.002283753024151542,0.002283753024151542,0.002140116671975508,0.0022541944948643406,3460.573373544911
1790268360,0.0022541944948643406,0.002255632744879992,0.0021362246238636378,0.0022483591640646387,694.9035442167797
1790268420,0.0022483591640646387,0.0022483591640646387,0.002248185351287063,0.002248185351287063,5.861512049005341
1790268480,0.002248185351287063,0.0022503499985266347,0.002248185351287063,0.0022503499985266347,58.66050625727072
1790268540,0.0022503499985266347,0.0022511421250954004,0.0021397555181817897,0.0021397555181817897,33.21899872063055
1790268600,0.0021397555181817897,0.0021397555181817897,0.0019241492773885106,0.0020495695443835714,19742.77722119042
1790268660,0.0020495695443835714,0.002051192095916828,0.0019154208759926915,0.002010234457869485,3501.5856954593123
1790268720,0.002010234457869485,0.002010234457869485,0.0019073385504847701,0.002005280980219386,322.39915926098405
1790268780,0.002005280980219386,0.002016419353307822,0.0019173836403143353,0.0019173836403143353,2364.943803096304
1790268840,0.0019173836403143353,0.0020100863522698542,0.0019060862811764296,0.002002222423844396,953.7043614691144
1790268900,0.002002222423844396,0.002013128698330381,0.0019028147496619864,0.002013128698330381,1783.9410207613298
1790268960,0.002013128698330381,0.002059243333942827,0.001959483980836351,0.001959483980836351,3348.9909409020747
1790269080,0.001959483980836351,0.002074430033942068,0.001959483980836351,0.002074430033942068,1113.8755446699242
1790269140,0.002074430033942068,0.0020804914969137184,0.0019761737506184857,0.0019761737506184857,749.2772187746614
1790269200,0.0019761737506184857,0.002097236761038797,0.0019761737506184857,0.002097236761038797,1808.0223669819616
1790269320,0.002097236761038797,0.002097236761038797,0.001997174204993314,0.001997174204993314,22.27296123271893
1790269380,0.001997174204993314,0.002104961033347857,0.001997174204993314,0.002104961033347857,348.04679493559377
1790269440,0.002104961033347857,0.0021060921823458745,0.002103515010756751,0.002104980059532384,173.886027024661
1790269560,0.002104980059532384,0.002104980059532384,0.001997478883366294,0.001997478883366294,111.88051388236083
1790269620,0.001997478883366294,0.001998467321922928,0.001997478883366294,0.001998467321922928,3.7211210625693956
1790269680,0.001998467321922928,0.001998467321922928,0.0019957455971419446,0.0019957455971419446,277.01219958081026
1790269860,0.0019957455971419446,0.002104532530303485,0.0019957455971419446,0.002104532530303485,58.04069445604565
1790269920,0.002104532530303485,0.002104532530303485,0.001996873461017146,0.001996873461017146,145.31974123703003
1790269980,0.001996873461017146,0.0021355874225730976,0.001996030433668587,0.0021355874225730976,3260.5271735611273
1790270040,0.0021355874225730976,0.0021495270561914547,0.0021355874225730976,0.0021495270561914547,1158.8036971793933
1790270160,0.0021495270561914547,0.002161846984708898,0.0021495270561914547,0.002161846984708898,117.26569268073978
1790270280,0.002161846984708898,0.0021654357440530504,0.0020511888035849705,0.0021654357440530504,664.4807427481004
1790270340,0.0021654357440530504,0.0021728486946700942,0.0020653342477128505,0.0021728486946700942,455.93680324144475
1790270400,0.0021728486946700942,0.0022028232217305363,0.002170606556006601,0.0022028232217305363,2501.018375847567
1790270460,0.0022028232217305363,0.00223172835951117,0.0020956182198329384,0.002120879286441621,2015.2343119213938
1790270580,0.002120879286441621,0.0022285094641980273,0.002120879286441621,0.002228175706413392,115.83707185800839
1790270640,0.002228175706413392,0.0022295336836116973,0.002228175706413392,0.0022295336836116973,1.734710079368843
1790270700,0.0022295336836116973,0.0022295336836116973,0.002119591852935359,0.002119591852935359,0.68103900002579
1790270820,0.002119591852935359,0.0021205062133990036,0.002119591852935359,0.0021205062133990036,0.46651108492045446
1790271000,0.0021205062133990036,0.002123205314930517,0.0021100220608943837,0.0021100220608943837,2250.6813065234437
1790271060,0.0021100220608943837,0.0021100220608943837,0.0020968521270268315,0.0020968521270268315,122.11417169344273
1790271120,0.0020968521270268315,0.0020968521270268315,0.0020923664572107857,0.0020923664572107857,73.92833292512164
1790271360,0.0020923664572107857,0.0020923664572107857,0.002089040996012884,0.002089040996012884,0.8008920936612209
1790271420,0.002089040996012884,0.002199309725901999,0.002089040996012884,0.002199309725901999,347.02253957896716
1790271480,0.002199309725901999,0.002246396752776073,0.002127514277733694,0.002246396752776073,3586.3476967564447
1790271540,0.002246396752776073,0.002248589869637902,0.002134728470510836,0.0022446247190639106,1991.2046869803287
1790271600,0.0022446247190639106,0.002249465936642977,0.002244541940979573,0.002249465936642977,611.054975609493
1790271660,0.002249465936642977,0.0022532385991860275,0.002249465936642977,0.0022532385991860275,81.74813865900705
1790271720,0.0022532385991860275,0.0022558573186555555,0.0021445664678439898,0.002255396413623562,59.82244904736163
1790271780,0.002255396413623562,0.002255396413623562,0.0022529573102483204,0.0022529573102483204,27.007296603334144
1790271840,0.0022529573102483204,0.0022529573102483204,0.00214003577259083,0.00214003577259083,3.768123432776136
1790271900,0.00214003577259083,0.0022633283724338617,0.00213731454692368,0.0022633283724338617,2410.3671850163
1790272020,0.0022633283724338617,0.0022825483444827367,0.0022633283724338617,0.0022825483444827367,128.22299863148547
1790272080,0.0022825483444827367,0.0022825483444827367,0.0021713689184978797,0.0022824732580907924,287.2731158789265
1790272140,0.0022824732580907924,0.002283924978733888,0.0022824732580907924,0.002283924978733888,276.12320532528736
1790272200,0.002283924978733888,0.0022908492522542337,0.002283924978733888,0.0022908492522542337,445.4015788503486
1790272260,0.0022908492522542337,0.002296609618215934,0.0022908492522542337,0.002296609618215934,629.9096761528504
1790272320,0.002296609618215934,0.0022999108942472423,0.002296609618215934,0.0022999108942472423,11.66588582333858
1790272380,0.0022999108942472423,0.0022999108942472423,0.0021857249071113656,0.00218572919576463,3.305612464388972
1790272560,0.00218572919576463,0.0023000024055119007,0.00218572919576463,0.0023000024055119007,21.806469827412094
1790272620,0.0023000024055119007,0.0023145434293402123,0.0023000024055119007,0.0023145434293402123,926.3737789984948
1790272680,0.0023145434293402123,0.0023169836315948956,0.0023145434293402123,0.0023169836315948956,169.5034564017305
1790272800,0.0023169836315948956,0.0023169836315948956,0.0021930992118146253,0.0021930992118146253,1116.9147284057203
1790272860,0.0021930992118146253,0.0021930992118146253,0.0021806752096880516,0.0021806752096880516,719.3923444758858
1790272920,0.0021806752096880516,0.0021806752096880516,0.002121469390609527,0.0021224360791277934,3774.216822137854
1790273040,0.0021224360791277934,0.0021224360791277934,0.0021167373818747628,0.0021167373818747628,424.9708532090217
1790273100,0.0021167373818747628,0.0021167373818747628,0.002111066662479848,0.002111066662479848,502.28095390729897
1790273220,0.002111066662479848,0.0022347244906998605,0.002111066662479848,0.0022347244906998605,1024.5554718435267
1790273280,0.0022347244906998605,0.0022347244906998605,0.0021256460585675793,0.0021256460585675793,164.549341503745
1790273340,0.0021256460585675793,0.002240515015243067,0.0021256460585675793,0.002240515015243067,1.552370842250303
1790273460,0.002240515015243067,0.0022469279402864786,0.002240515015243067,0.0022469279402864786,577.7644417151995
1790273700,0.002131255834828588,0.0022372645612228495,0.002127967104848069,0.002127967104848069,964.762117421864
1790273820,0.002127967104848069,0.002130212864513177,0.002127967104848069,0.002130212864513177,127.63992071129569
1790273880,0.002130212864513177,0.002130212864513177,0.00212725513818067,0.00212725513818067,410.24968891885777
1790273940,0.00212725513818067,0.00212725513818067,0.00212251977724584,0.00212251977724584,264.87484319953194
1790274000,0.00212251977724584,0.00212251977724584,0.002100250971614265,0.002100250971614265,3338.0541117620396
1790274180,0.002100250971614265,0.002100250971614265,0.0020595044671113984,0.0020595044671113984,1678.5091200663962
1790274240,0.0020595044671113984,0.0021652075176992313,0.002052216851164422,0.002052216851164422,991.3427928835697
1790274300,0.002052216851164422,0.0021472100191062718,0.002040338651025242,0.002040338651025242,637.0544303030068
1790274360,0.002040338651025242,0.002140898931595011,0.0020078001016302603,0.0020078001016302603,4911.904910493611
1790274420,0.0020078001016302603,0.002083306283922577,0.0019825928369244573,0.0019825928369244573,500.22174491575646
1790274480,0.0019825928369244573,0.0021089946342296552,0.0019825928369244573,0.0021089946342296552,2385.6647986443927
1790274540,0.0021089946342296552,0.0021223873512191097,0.0021089946342296552,0.0021223873512191097,555.7724862989243
1790274600,0.0021223873512191097,0.002125620491134284,0.0020170208934709795,0.0020170208934709795,220.27652665474847
1790274720,0.0020170208934709795,0.00212110654057877,0.0020170208934709795,0.002017477998398023,140.48701679528628
1790274780,0.002017477998398023,0.00212044104901566,0.002017477998398023,0.00212044104901566,40.5775635873215
1790274840,0.00212044104901566,0.00212044104901566,0.0020119689307298576,0.002109979814669696,598.082045267199
1790274900,0.002109979814669696,0.002109979814669696,0.00199547116543442,0.00199547116543442,790.3730850534497
1790274960,0.00199547116543442,0.0020106679536472842,0.0019095910467158406,0.0019095910467158406,7033.797863497682
1790275020,0.0019095910467158406,0.002007148229557197,0.0018976147410118872,0.0019963773663989096,1585.9795480409498
1790275080,0.0019963773663989096,0.0019963773663989096,0.0018668401414428076,0.0018668401414428076,3048.935208834725
1790275140,0.0018668401414428076,0.0019657926585349636,0.0018644092442627405,0.0018644092442627405,192.23672602049535
1790275200,0.0018644092442627405,0.0019733476841465084,0.0018644092442627405,0.0019733476841465084,1234.044070604738
1790275260,0.0019733476841465084,0.001977713498000396,0.0018756869481393456,0.001976573608259308,392.39868989016315
1790275320,0.001976573608259308,0.002016900451446241,0.001976573608259308,0.002016900451446241,3682.9632395062063
1790275380,0.002016900451446241,0.002043298794963581,0.0019370801649816983,0.002042742310619163,2180.2827017805503
1790275440,0.002042742310619163,0.0020465096159185303,0.001944707549307688,0.0020465096159185303,234.77184682880173
1790275500,0.0020465096159185303,0.0020830226778939935,0.0020465096159185303,0.0020830226778939935,2768.303872928505
1790275560,0.0020830226778939935,0.0021307048879520307,0.0020830226778939935,0.0021307048879520307,3703.812666285786
1790275620,0.0021307048879520307,0.0022489507060358925,0.002056214883501217,0.0022489507060358925,9279.66671026636
1790275680,0.0022489507060358925,0.0024008196914445073,0.0022061529430250724,0.0024008196914445073,11018.032726046564
1790275740,0.0024008196914445073,0.002549853776998134,0.002282619681881336,0.002549853776998134,10725.27880218249
1790275800,0.002549853776998134,0.002593114494035236,0.002423237017682192,0.002593114494035236,2940.956943078893
1790275860,0.002593114494035236,0.002627239841583032,0.0024682708876025217,0.002627239841583032,7009.655279912596
1790275920,0.002627239841583032,0.0026866194457559754,0.002504290868090159,0.0026859325684517737,3952.2363064065253
1790275980,0.0026859325684517737,0.002863110244948477,0.0025524100371773794,0.0028425677411611397,22260.458146201814
1790276040,0.0028425677411611397,0.0030202000797878107,0.002689613909641205,0.002855624066285419,16775.803885174988
1790276100,0.002855624066285419,0.002888080881728566,0.002727592356537908,0.002888080881728566,2094.2493250336224
1790276160,0.002888080881728566,0.002888080881728566,0.0027274020428832584,0.0027312511641070973,1666.8870476241452
1790276220,0.0027312511641070973,0.0028775757454839496,0.0027136312964114065,0.0027136312964114065,3724.9180114199003
1790276280,0.0027136312964114065,0.0028321028729112684,0.002673454728085751,0.002673454728085751,1613.247032549528
1790276340,0.002673454728085751,0.0028130275987259265,0.0026733365258467608,0.002811610583797851,179.66848268118224
1790276400,0.002811610583797851,0.002815126402514226,0.0026734749575554537,0.002815126402514226,430.4320988290586
1790276460,0.002815126402514226,0.0028162563596350167,0.002660926890283575,0.002660926890283575,1035.700856135007
1790276520,0.002660926890283575,0.0028162278294230326,0.0026602976787644525,0.002676326784748041,1284.0680710499398
1790276580,0.002676326784748041,0.0028178648433748624,0.002676326784748041,0.0028178648433748624,134.05195461674413
1790276640,0.0028178648433748624,0.0028201914992494956,0.002678379653908986,0.0028183567529285218,421.88239421983866
1790276700,0.0028183567529285218,0.0028240900530808496,0.002682907032474043,0.002823969517391598,820.7560012690169
1790276760,0.002823969517391598,0.002826779990690989,0.0026861060861087037,0.002826779990690989,406.68916571652665
1790276820,0.002826779990690989,0.0028333012439786943,0.002691872257385446,0.002691872257385446,275.71871822010286
1790276880,0.002691872257385446,0.0028865922849995026,0.002691872257385446,0.0028865922849995026,3802.300167670446
1790276940,0.0028865922849995026,0.0029081701798065493,0.0027549069221760574,0.0029081701798065493,1073.0865404659291
1790277000,0.0029081701798065493,0.0029110135638381065,0.002765647861605133,0.0029110135638381065,527.1334235866444
1790277060,0.0029110135638381065,0.0029292932125549167,0.0029110135638381065,0.0029292932125549167,997.0465740620306
1790277120,0.0029292932125549167,0.0029341046753662333,0.002787836794507502,0.0029331726400944683,289.0519309527344
1790277180,0.0029331726400944683,0.002939844022519544,0.0029331726400944683,0.002939844022519544,234.71662572829752
1790277240,0.002939844022519544,0.0029438785694097702,0.0027946436738471724,0.0027946436738471724,451.20375978550106
1790277300,0.0027946436738471724,0.002943068614916548,0.0027946436738471724,0.0027974266876940723,330.1027856416865
1790277360,0.0027974266876940723,0.0029470487815823764,0.0027974266876940723,0.0029470158879106854,298.86751029980144
1790277420,0.0029470158879106854,0.0029470158879106854,0.0027926636269318275,0.0029371864515450453,1166.34206581986
1790277480,0.0029371864515450453,0.0029405161908572213,0.0027920340522285536,0.0029405161908572213,547.4103824256961
1790277540,0.0029405161908572213,0.0029498900162489836,0.002938362769088494,0.0029498900162489836,677.0389512189739
1790277600,0.0029498900162489836,0.0029498900162489836,0.002768011187769586,0.0028731284995261036,5220.112515250515
1790277660,0.0028731284995261036,0.002875304032638086,0.0027313637062771636,0.0027327900220237844,175.042871053679
1790277720,0.0027327900220237844,0.002872632552925358,0.002725083654460863,0.002725083654460863,589.4065152607768
1790277780,0.002725083654460863,0.00286791539168158,0.00271380983399808,0.0028534363543893703,968.4811770525474
1790277840,0.0028534363543893703,0.0028534363543893703,0.002490663159449775,0.002618412036820823,22751.356305987465
1790277900,0.002618412036820823,0.002618412036820823,0.0024739772151184496,0.0024740235526744766,2162.0836400168814
1790277960,0.0024740235526744766,0.0026041338526944825,0.002470278588373063,0.0025977884801304113,329.4167724274742
1790278020,0.0025977884801304113,0.002624205796192817,0.0025977884801304113,0.002624205796192817,1938.5813639689513
1790278080,0.002624205796192817,0.002624205796192817,0.0024369421027597587,0.002539001867340081,5980.7794370307865
1790278140,0.002539001867340081,0.002539214695305445,0.00218667054506026,0.0023005792911496197,17316.78415003561
1790278200,0.0023005792911496197,0.002309130227943263,0.002300106542551711,0.002309130227943263,753.6667019696539
1790278260,0.002309130227943263,0.0023092940237919527,0.00219405358163336,0.0023091488058604244,666.8279128878002
1790278320,0.0023091488058604244,0.0023091488058604244,0.0021963728215108652,0.0021963728215108652,0.8033184615562069
1790278380,0.0021963728215108652,0.0023111936376011477,0.0021963728215108652,0.0023111936376011477,174.93531182558436
1790278440,0.0023111936376011477,0.00232547866337068,0.0022124916321776705,0.0022124916321776705,899.5874823596367
1790278500,0.0022124916321776705,0.002343745269668139,0.0022124916321776705,0.002343745269668139,1432.621887953006
1790278560,0.002343745269668139,0.0023467747478286235,0.0023425669196739684,0.0023467747478286235,408.18292358683016
1790278620,0.0023467747478286235,0.002403322638477354,0.0022884093258374043,0.0022884093258374043,4489.862868336194
1790278680,0.0022884093258374043,0.0024235615313079376,0.0022884093258374043,0.0024220801746713525,1246.234519581213
1790278740,0.0024220801746713525,0.0024994735168709435,0.0024220801746713525,0.0024994735168709435,5753.8207542814325
1790278800,0.0024994735168709435,0.0025007310241047438,0.002364127602854597,0.002365345799836629,1259.8624622488599
1790278860,0.002365345799836629,0.002489616978244976,0.002365345799836629,0.002489616978244976,475.9497593934309
1790278920,0.002489616978244976,0.002489616978244976,0.002372239216674677,0.002372239216674677,24.67074091705956
1790278980,0.002372239216674677,0.0024960137910698633,0.0023720500289174124,0.0023720500289174124,177.50449502228977
1790279040,0.0023720500289174124,0.0024933890904315597,0.0023720500289174124,0.0024933890904315597,70.96776589362182
1790279160,0.0024933890904315597,0.0024965979780113335,0.0024933890904315597,0.0024965979780113335,23.468949213455176
1790279220,0.0024965979780113335,0.00249794594608858,0.0024965979780113335,0.00249794594608858,36.35779353607956
1790279280,0.00249794594608858,0.0024991457180610524,0.002371694967065077,0.0024973702484976847,641.8163692590246
1790279340,0.0024973702484976847,0.0024973702484976847,0.0023742069241683866,0.0024973132373748755,120.07797388553423
1790279400,0.0024973132373748755,0.0024978838107969094,0.0024968700262579338,0.00249717197940467,82.25045782893916
1790279580,0.00249717197940467,0.00249717197940467,0.0023718810285589063,0.0023718810285589063,223.5759740171719
1790279700,0.0023718810285589063,0.0024941411110255885,0.0023718810285589063,0.0024941411110255885,118.62690601373107
1790279820,0.0024941411110255885,0.0024941411110255885,0.0024915677438871707,0.0024915677438871707,37.78089004302353
1790279880,0.0024915677438871707,0.0024915677438871707,0.0023682435868824206,0.0024906963471759097,262.4590191495539
1790279940,0.0024906963471759097,0.002491001966900997,0.0023641976278597297,0.002491001966900997,504.1225352949367
1790280000,0.002491001966900997,0.002491001966900997,0.002490560793306552,0.002490560793306552,2.797087168149029
1790280060,0.002490560793306552,0.002490560793306552,0.002488980745803928,0.002488980745803928,205.46171245956822
1790280240,0.002488980745803928,0.0024919678926332224,0.0023693014112497485,0.0024919678926332224,38.639388189837995
1790280300,0.0024919678926332224,0.0024926630465134264,0.0024911083761015077,0.0024911083761015077,33.152276826720666
1790280420,0.0024911083761015077,0.0024911083761015077,0.0023653513474675633,0.0023653513474675633,209.91034530157046
1790280540,0.0023653513474675633,0.0023653513474675633,0.0023220844254003468,0.0023220844254003468,3422.527435270465
1790280600,0.0023220844254003468,0.0023220844254003468,0.0023147670111196236,0.0023155548716562494,493.61026948070077
1790280660,0.0023155548716562494,0.0024346159062171367,0.0023113754072249834,0.002314743558838928,1312.042311711032
1790280900,0.002314743558838928,0.002429674587157507,0.002314743558838928,0.002429674587157507,5.843534436819718
1790280960,0.002429674587157507,0.0024300856948310367,0.002429674587157507,0.0024300856948310367,5.68318956133279
1790281020,0.0024300856948310367,0.0024300856948310367,0.0022978126660957695,0.0022978126660957695,980.3954059563581
1790281200,0.0022978126660957695,0.0022978126660957695,0.0022855056241301757,0.0022855056241301757,676.2118305565563
1790281260,0.0022855056241301757,0.0024078719514327115,0.0022855056241301757,0.0024078719514327115,351.0267167797677
1790281320,0.0024078719514327115,0.0024078719514327115,0.0022915787083618287,0.0022915787083618287,7.813419562003931
1790281380,0.0022915787083618287,0.0022915787083618287,0.0022903340599777435,0.0022903340599777435,208.23556949933447
1790281440,0.0022903340599777435,0.0022903340599777435,0.002050916487447414,0.002050916487447414,18695.623560920718
1790281500,0.002050916487447414,0.0021480132420317794,0.0020388373070312623,0.0020388373070312623,779.0086475197842
1790281560,0.0020388373070312623,0.0021406662364001033,0.002033378817171711,0.0021406662364001033,365.5971342577574
1790281620,0.0021406662364001033,0.0021490433516565726,0.002036771483574389,0.0021490433516565726,1077.590347817079
1790281680,0.0021490433516565726,0.002158871436466456,0.002052502699999813,0.002052502699999813,627.5446759092333
1790281740,0.002052502699999813,0.0021665690674886376,0.002052502699999813,0.0021665690674886376,419.1511800830311
1790281800,0.0021665690674886376,0.0021677753968989645,0.00216605356582497,0.0021677753968989645,297.5533984395903
1790281860,0.0021677753968989645,0.0021764287780724713,0.0021677753968989645,0.0021764287780724713,662.3298886592236
1790281920,0.0021764287780724713,0.0021816318683413787,0.002176250458543253,0.0021816318683413787,593.1417976496817
1790281980,0.0021816318683413787,0.0021830748016548667,0.002073925651858422,0.0020752737730611232,80.67970375362735
1790282040,0.0020752737730611232,0.002183660666481022,0.0020752737730611232,0.002075639561199623,103.3048583633597
1790282100,0.002075639561199623,0.0021838085989285983,0.0020747037370199882,0.0021838085989285983,42.27372249031987
1790282160,0.0021838085989285983,0.002185327044438515,0.0020723548516491386,0.0020723548516491386,579.1272034632971
1790282220,0.0020723548516491386,0.002171135761081747,0.0020676295708295786,0.0021698577781538385,740.007711068572
1790282340,0.0021698577781538385,0.002171958085356466,0.0021698577781538385,0.002171958085356466,20.106198818961058
1790282400,0.002171958085356466,0.002171958085356466,0.002066020628926494,0.002066020628926494,23.698406717886513
1790282520,0.002066020628926494,0.0020661342772360235,0.002063555031340969,0.002063555031340969,262.09186443607376
1790282700,0.002063555031340969,0.002063555031340969,0.00205885747870226,0.00205885747870226,285.9393791705455
1790282760,0.00205885747870226,0.0021660934378232148,0.00205885747870226,0.0021660934378232148,26.237215167138018
1790282820,0.0021660934378232148,0.0021660934378232148,0.00205781107407694,0.00205781107407694,30.944514268046156
1790282940,0.00205781107407694,0.0021621407232447,0.0020556079519540296,0.0020570439823211313,571.660401341442
1790283000,0.0020570439823211313,0.0020582646572642996,0.0020570439823211313,0.0020582646572642996,3.388760856038024
1790283120,0.0020582646572642996,0.002163524072625238,0.0020568036573266196,0.002163524072625238,21.04643705466824
1790283300,0.002163524072625238,0.002163524072625238,0.0020427487120025056,0.0020427487120025056,897.135979300379
1790283360,0.0020427487120025056,0.0020427487120025056,0.0020403268355016287,0.0020403268355016287,60.70419875322091
1790283420,0.0020403268355016287,0.0021458526423276843,0.0020382578635453354,0.0020382578635453354,380.5588676665685
1790283480,0.0020382578635453354,0.0020382578635453354,0.0020332888553262875,0.002033356819640753,294.83126874611185
1790283540,0.002033356819640753,0.002139096133532269,0.002033356819640753,0.002139096133532269,19.179584424702067
1790283660,0.002139096133532269,0.002139096133532269,0.002031874339175629,0.002031874339175629,127.34828710565854
1790283720,0.002031874339175629,0.002136840925078955,0.002031874339175629,0.002136840925078955,84.9387703750821
1790283780,0.002136840925078955,0.002136840925078955,0.0020261518424914597,0.0020261518424914597,723.1727816826985
1790283840,0.0020261518424914597,0.0021255864542672662,0.002019261927583024,0.002019261927583024,478.4384978717018
1790283900,0.002019261927583024,0.002121955051957534,0.0020145123147266982,0.0020145123147266982,299.84593608062636
1790284080,0.0020145123147266982,0.0020145123147266982,0.0020086139419715644,0.0020086139419715644,336.34688451533003
1790284140,0.0020086139419715644,0.0021069934348422587,0.0019875614705053557,0.0020731689754541426,3203.0077708753424
1790284200,0.0020731689754541426,0.0020731689754541426,0.0019512906323620042,0.002053018804225476,1714.7185533387071
1790284260,0.002053018804225476,0.002053018804225476,0.0019515328132977152,0.0019515328132977152,85.09985087880268
1790284320,0.0019515328132977152,0.002052133622175835,0.0019358316767764713,0.0020225831266523797,2235.4894676743197
1790284440,0.0020225831266523797,0.0020225831266523797,0.0019203384968175736,0.0019203384968175736,282.8373463579183
1790284500,0.0019203384968175736,0.0020178426788603487,0.0019184990806133263,0.0020178426788603487,118.18378968247097
1790284560,0.0020178426788603487,0.0020201764165159964,0.001919943960397291,0.001919943960397291,132.59171860756194
1790284620,0.001919943960397291,0.001919943960397291,0.0019075596847980432,0.0019075596847980432,1179.28615085779
1790284680,0.0019075596847980432,0.00200733151351763,0.001905647634911542,0.002002292832241198,603.7657531326822
1790284740,0.002002292832241198,0.002002292832241198,0.001891520615447907,0.001988592815693005,1695.718024329819
1790284800,0.001988592815693005,0.001988592815693005,0.0018909736305636124,0.0018909736305636124,154.97132021133476
1790284860,0.0018909736305636124,0.0019880561187305724,0.0018898020838554429,0.0018900870010628876,125.43097072614245
1790284920,0.0018900870010628876,0.001989317420859075,0.0018895243032204607,0.0018895243032204607,144.19699065577421
1790284980,0.0018895243032204607,0.0019846666011500507,0.0018754136714395938,0.0018754136714395938,1822.5726792368755
1790285040,0.0018754136714395938,0.0018754136714395938,0.0018723851079864159,0.0018723851079864159,174.38853892951622
1790285220,0.0018723851079864159,0.001970549277841273,0.0018723851079864159,0.001970549277841273,6.8144872607934195
1790285280,0.001970549277841273,0.001970549277841273,0.0018699357804018916,0.0018707875701194727,200.37804807514996
1790285340,0.0018707875701194727,0.0019678468033891942,0.0018696266614506084,0.0019670634783373196,153.25504453098097
1790285400,0.0019670634783373196,0.001968183502518145,0.0019670634783373196,0.001968183502518145,233.68742650896218
1790285520,0.001968183502518145,0.001968183502518145,0.001872400296965267,0.001872400296965267,34.082140253257606
1790285580,0.001872400296965267,0.0019705828859257267,0.001872400296965267,0.0019705574001949865,4.3359700868599145
1790285640,0.0019705574001949865,0.0019720387028107924,0.0019705574001949865,0.0019720387028107924,202.444814649717
1790285700,0.0019720387028107924,0.0019882529124391566,0.0019720387028107924,0.0019882529124391566,1017.408006800206
1790285760,0.0019882529124391566,0.0019933841442592386,0.0019882529124391566,0.0019933841442592386,423.0456363602583
1790285820,0.0019933841442592386,0.002032001766804136,0.0019933841442592386,0.002032001766804136,3326.9403053390783
1790285880,0.002032001766804136,0.0020556899525262366,0.0018976633006253004,0.0018976633006253004,6366.314626474182
1790285940,0.0018976633006253004,0.0020045247272809912,0.0018976633006253004,0.0020045247272809912,587.2640725490704
1790286000,0.0020045247272809912,0.0020045247272809912,0.001904196826116764,0.001904196826116764,270.90998489201183
1790286060,0.001904196826116764,0.0020006977693295945,0.001901964615572209,0.0020006977693295945,88.9461541787306
1790286120,0.0020006977693295945,0.0020006977693295945,0.001886826444617167,0.001982041013885813,1570.7261559370477
1790286180,0.001982041013885813,0.001982041013885813,0.0018614147778872902,0.001959047208800087,2189.6809741673405
1790286240,0.001959047208800087,0.0019602905043349496,0.0018635506849183836,0.0019602905043349496,127.3971124965533
1790286300,0.0019602905043349496,0.0019604086565110923,0.0018649147310579903,0.0019604086565110923,46.2995960117291
1790286360,0.0019604086565110923,0.0019604086565110923,0.0018626923944489542,0.0019579816750702923,179.30783996481486
1790286420,0.0019579816750702923,0.0019579816750702923,0.0018570550888375684,0.0018570550888375684,410.885945633035
1790286480,0.0018570550888375684,0.0019509471229212326,0.0018556511509610887,0.0019509471229212326,180.82024612075656
1790286540,0.0019509471229212326,0.0019509471229212326,0.0018410708135837845,0.0018410708135837845,1531.484310871536
1790286600,0.0018410708135837845,0.001857636854262721,0.0017647186285339898,0.0018569009860460724,6871.434243258589
1790286720,0.0018569009860460724,0.0018569009860460724,0.0017685493916975458,0.0017685493916975458,43.529656861742026
1790286780,0.0017685493916975458,0.0018669162951021787,0.0017685493916975458,0.0018669162951021787,614.2272302017508
1790286840,0.0018669162951021787,0.001868410805955123,0.0018669162951021787,0.001868410805955123,27.282162139546646
1790286900,0.001868410805955123,0.001868410805955123,0.0017730006900838397,0.0018633964745921187,294.994864055438
1790287020,0.0018633964745921187,0.0018633964745921187,0.0017715808013222113,0.0017715808013222113,32.60853363621595
1790287140,0.0017715808013222113,0.0018646811494561178,0.0017681606350463217,0.0018646811494561178,677.9255820991351
1790287200,0.0018646811494561178,0.0018693444589075315,0.0018646811494561178,0.0018693444589075315,708.249938767602
1790287260,0.0018693444589075315,0.001878515353238172,0.0017826347499060647,0.0017826347499060647,1980.32187816983
1790287320,0.0017826347499060647,0.0018660168637712814,0.0017826347499060647,0.0018660168637712814,48.00661280393126
1790287380,0.0018660168637712814,0.001885065492138793,0.0017773639161597628,0.001885065492138793,1630.1868770173758
1790287440,0.001885065492138793,0.0018894610953049914,0.001885065492138793,0.0018894610953049914,15.928052954346104
1790287500,0.0018894610953049914,0.0018894610953049914,0.0018869310844499467,0.0018884279424076608,248.33695958352226
1790287560,0.0018884279424076608,0.0018896137572187294,0.0018884279424076608,0.0018896137572187294,11.667942937716413
1790287620,0.0018896137572187294,0.0018896137572187294,0.0017929803019942772,0.0017929803019942772,132.0756744523516
1790287680,0.0017929803019942772,0.001885673402892198,0.0017919886911014027,0.0017919886911014027,209.03752204959787
1790287740,0.0017919886911014027,0.0018834992258515407,0.0017919886911014027,0.0018834992258515407,1.951687497470565
1790287860,0.0018834992258515407,0.0018834992258515407,0.0017912011638434172,0.0017912011638434172,10.302628023624806
1790287920,0.0017912011638434172,0.001873945923594753,0.001786344703902684,0.001873945923594753,825.375614341341
1790287980,0.001873945923594753,0.001873945923594753,0.0017736942389231577,0.0017736942389231577,1127.0044787084778
1790288040,0.0017736942389231577,0.0018350881772008876,0.0017552973376287577,0.0017552973376287577,1990.3588454007443
1790288100,0.0017552973376287577,0.001835117252878835,0.001738238925959553,0.0017400774046487215,635.5030684783071
1790288160,0.0017400774046487215,0.0018148869247193652,0.0017288616196473041,0.0018148869247193652,1076.7575201672946
1790288220,0.0018148869247193652,0.0018148869247193652,0.0017231279830146758,0.0017231279830146758,371.4336115014129
1790288280,0.0017231279830146758,0.001770422886347384,0.0016816996608045472,0.0017685302370411555,3466.544807916359
1790288340,0.0017685302370411555,0.0017685302370411555,0.0016787895835177018,0.0016787895835177018,113.85456052213156
1790288400,0.0016787895835177018,0.001773463902887478,0.001672473464238752,0.001672473464238752,3056.7989301583475
1790288520,0.001672473464238752,0.001672473464238752,0.001656115361283517,0.001656115361283517,172.61336088088783
1790288580,0.001656115361283517,0.001656115361283517,0.0016552039730778174,0.0016552039730778174,251.62114316607077
1790288640,0.0016552039730778174,0.0017473117156417335,0.0016539925943388901,0.0017473117156417335,673.1205709672856
1790288700,0.0017473117156417335,0.001749247855503264,0.001662512393125803,0.0017486357221822664,23.039183861061403
1790288820,0.0017486357221822664,0.0017486357221822664,0.0016438415114923598,0.0017257754728489034,4987.0624697808025
1790288880,0.0017257754728489034,0.001727780121735307,0.0016412877373687684,0.001727780121735307,332.00964435812284
1790288940,0.001727780121735307,0.001728067450768445,0.0016410926624904146,0.0016410926624904146,229.9872414069457
1790289000,0.0016410926624904146,0.0017260912328725649,0.0016410926624904146,0.0017260912328725649,17.627698872352507
1790289120,0.0017260912328725649,0.0017260912328725649,0.001640568060290394,0.001640568060290394,9.087491100724547
1790289180,0.001640568060290394,0.0017206479956837946,0.0016378260557483454,0.0017206479956837946,955.8020199176599
1790289240,0.0017206479956837946,0.0017206479956837946,0.0016360940826331356,0.001719602578427869,307.7939829838037
1790289300,0.001719602578427869,0.001719602578427869,0.0016355284884649523,0.0016355284884649523,91.57423470598977
1790289360,0.0016355284884649523,0.0017144261862579498,0.0016326590279342906,0.0017144261862579498,377.53575622384193
1790289420,0.0017144261862579498,0.0017144261862579498,0.0016298314534790178,0.0017139534817729918,155.77705385045343
1790289480,0.0017139534817729918,0.0017139534817729918,0.0016218663778872968,0.0016218663778872968,837.1277391553822
1790289540,0.0016218663778872968,0.0016218663778872968,0.0016059409217210028,0.0016059409217210028,1479.1387589294739
1790289660,0.0016059409217210028,0.00169046148425746,0.0016059409217210028,0.00169046148425746,737.4691072957739
1790289720,0.00169046148425746,0.0016949411180220602,0.00169046148425746,0.0016949411180220602,11.625634415461928
1790289780,0.0016949411180220602,0.0016978671616717019,0.0016949411180220602,0.0016978671616717019,306.8111589931505
1790289840,0.0016978671616717019,0.0017193607215243698,0.0016137447879797258,0.0016137447879797258,4996.117766414226
1790289900,0.0016137447879797258,0.0016823173194496156,0.0015987478181546358,0.0015987478181546358,527.4917919841455
1790289960,0.0015987478181546358,0.0016815101451840189,0.0015963578658130966,0.0015970508994385527,135.65396243712988
1790290020,0.0015970508994385527,0.0015970508994385527,0.0015959388850620615,0.0015959388850620615,294.7840113643159
1790290140,0.0015959388850620615,0.0015959388850620615,0.0015925431468771815,0.0015925431468771815,149.93108579270492
1790290200,0.0015925431468771815,0.0015925431468771815,0.0015846539907140773,0.0015846539907140773,1584.6539907140773
1790290260,0.0015846539907140773,0.0015846539907140773,0.0015728621059110154,0.0015728621059110154,216.1550868672016
1790290320,0.0015733014209402536,0.0015733014209402536,0.0015672748213239479,0.0015672748213239479,894.5383423792503
1790290500,0.0015672748213239479,0.0015672748213239479,0.0015521992147337338,0.0015521992147337338,1573.0636000742782
1790290560,0.0015521992147337338,0.0015521992147337338,0.0015363073889275974,0.0015363073889275974,1740.4233726243478
1790290620,0.0015363073889275974,0.001605355575811659,0.0015261963772844483,0.001605355575811659,194.62077318059647
1790290680,0.001605355575811659,0.001605355575811659,0.0015133833283084007,0.0015133833283084007,1302.7648489746227
1790290740,0.0015133833283084007,0.001553802462806488,0.0014752860287654667,0.001549981508053905,3677.14535994236
1790290860,0.001549981508053905,0.0015516486926787966,0.001549981508053905,0.0015516486926787966,109.14906661939142
1790290920,0.0015516486926787966,0.0015537492186944151,0.0014771020386077577,0.0014771020386077577,262.00733710436566
1790290980,0.0014771020386077577,0.0015553198212309234,0.0014771020386077577,0.0015553198212309234,54.05785199055923
1790291040,0.0015553198212309234,0.0015553198212309234,0.0014632772802361605,0.0014632772802361605,2118.8883434184027
1790291100,0.0014632772802361605,0.0015370773446901102,0.0014606270923970706,0.0014608688874999433,127.37310715518839
1790291160,0.0014608688874999433,0.0015322355481805082,0.0014567344763422368,0.0015322355481805082,515.6699953424359
1790291220,0.0015322355481805082,0.001551084079540025,0.001470250073216973,0.0015482916316559585,2233.1827183963474
1790291280,0.0015482916316559585,0.0015642704491827884,0.0015482916316559585,0.0015642704491827884,1864.581260240043
1790291340,0.0015642704491827884,0.001569191343229044,0.0014897378853301337,0.0015676375312687859,1333.817556706814
1790291400,0.0015676375312687859,0.00156925232891164,0.001465089790821069,0.0015402995841185365,2998.803920432379
1790291460,0.0015402995841185365,0.0015456377055586051,0.0015402995841185365,0.0015456377055586051,463.1785942967132
1790291520,0.0015456377055586051,0.0015467320896288366,0.001545158825817324,0.001545158825817324,88.4440171460949
1790291640,0.001545158825817324,0.001556923495386305,0.0014681184696996334,0.0014681184696996334,3052.3134307747514
1790291700,0.0014681184696996334,0.0015361642639571433,0.001458729846830125,0.001536136724180624,1457.5971543203666
1790291760,0.001536136724180624,0.001539974352206956,0.0014604268421889025,0.0015301612746776657,1399.1830903509053
1790291820,0.0015301612746776657,0.0015315184710744726,0.0014303161216297725,0.001513129131404567,4304.612616665806
1790291880,0.001513129131404567,0.00151398142090343,0.0014381484244127244,0.0015132051842160082,288.25078932535456
1790291940,0.0015132051842160082,0.0015151461938188683,0.0014357538567123934,0.001506123333047166,957.7588216497693
1790292000,0.001506123333047166,0.001512962091331121,0.0014312984688129213,0.0015043433600037712,1396.3140533780254
1790292060,0.0015043433600037712,0.0015050460367116289,0.0014225931365344179,0.0014225931365344179,1436.9898380759712
1790292120,0.0014225931365344179,0.001498751498215282,0.0014225931365344179,0.001498751498215282,244.82672441384616
1790292180,0.001498751498215282,0.001498751498215282,0.0014223038148145851,0.0014223038148145851,595.3824016664729
1790292240,0.0014223038148145851,0.0014778731585659206,0.0014097355201105899,0.0014778731585659206,2309.919302853302
1790292300,0.0014778731585659206,0.0014915110127457021,0.0014778731585659206,0.0014915110127457021,1056.7499133917972
1790292360,0.0014915110127457021,0.0014954950633957885,0.0014196628676215268,0.0014196628676215268,257.31145686912737
1790292420,0.0014196628676215268,0.001495395454238311,0.0014196628676215268,0.001495395454238311,123.02879579825522
1790292480,0.001495395454238311,0.001495965234932726,0.0014143088273725704,0.0014143088273725704,1017.6295203866437
1790292540,0.0014143088273725704,0.0014882332913324428,0.0014143088273725704,0.0014882332913324428,152.42396666582925
1790292600,0.0014882332913324428,0.0014893508816849403,0.0014156170722594862,0.0014893508816849403,58.26330794906586
1790292660,0.0014893508816849403,0.0014972680894684944,0.0014135634128380804,0.0014972680894684944,983.4817852166287
1790292720,0.0014972680894684944,0.0014981854134491442,0.001496801783853757,0.0014980532431131505,199.03906254730467
1790292780,0.0014980532431131505,0.001498284656334665,0.0014980532431131505,0.001498284656334665,35.07112245676047
1790292840,0.001498284656334665,0.001498358647098879,0.001498284656334665,0.001498358647098879,21.046586183387138
1790292900,0.001498358647098879,0.0015071961411399506,0.0014287383855755395,0.0015071961411399506,1109.771860246644
1790292960,0.0015071961411399506,0.0015235866879362346,0.0014479537881619514,0.0015235866879362346,1062.5919048628223
1790293020,0.0015235866879362346,0.0015818893963962285,0.0015235866879362346,0.0015818893963962285,5306.186513907302
1790293080,0.0015818893963962285,0.001598533337095348,0.0015818893963962285,0.001598533337095348,1393.2278599540537
1790293140,0.001598533337095348,0.0016327730147563735,0.0015536685754488327,0.0016327730147563735,3460.92124201475
1790293200,0.0016327730147563735,0.0016427318976816566,0.001632620909648814,0.0016427318976816566,1577.469042667294
1790293260,0.0016427318976816566,0.0016516016470993515,0.001569066306281583,0.0016482859497222017,559.0473484843449
1790293320,0.0016482859497222017,0.0016665490483304985,0.0015700523213277606,0.0016665490483304985,1897.6356424147775
1790293380,0.0016665490483304985,0.0017064426584680137,0.0015955167427381168,0.0017064426584680137,4291.704413035412
1790293440,0.0017064426584680137,0.0017148930135858973,0.0016243919118135901,0.0017148265546426734,580.4343385797001
1790293500,0.0017148265546426734,0.0017323159614517838,0.0016294516945927877,0.0016454318969347625,1775.7571547918035
1790293560,0.0016454318969347625,0.0017320041661565576,0.0016448210446252018,0.0016448210446252018,260.2272942150036
1790293620,0.0016448210446252018,0.0017672441364797772,0.0016448210446252018,0.0016727051260232155,5463.686521529145
1790293680,0.0016727051260232155,0.0017554734833378613,0.0016675757145334113,0.0017551766302175236,424.59143743043546
1790293740,0.0017551766302175236,0.0017551766302175236,0.001669335594923966,0.001669335594923966,7.270121229237024
1790293800,0.001669335594923966,0.0017648013136087114,0.001669335594923966,0.0017648013136087114,775.5996957738417
1790293860,0.0017648013136087114,0.001766489401673938,0.0016607191659318398,0.0017421770368424687,3574.394520808856
1790293920,0.0017421770368424687,0.0017457961646734908,0.001660295685674026,0.001660295685674026,53.856858567831196
1790293980,0.001660295685674026,0.0017451049252029522,0.001660295685674026,0.0017451049252029522,16.92042817227818
1790294040,0.0017451049252029522,0.0017458469651826772,0.0017451049252029522,0.0017458469651826772,57.928417253631075
1790294160,0.0017458469651826772,0.0017465947978501468,0.0017458469651826772,0.0017465947978501468,115.83930412869243
1790294220,0.0017465947978501468,0.0017468513372519328,0.0017465947978501468,0.0017468513372519328,116.93543608427733
1790294280,0.0017468513372519328,0.0017468513372519328,0.0016612138591179798,0.0016612138591179798,13.28971293118781
1790294340,0.0016612138591179798,0.0017484387573458054,0.001659520464473436,0.0017480978439301444,431.9027922488627
1790294400,0.0017480978439301444,0.0017480978439301444,0.0016628559918216528,0.0016628559918216528,45.833416207259575
1790294460,0.0016628559918216528,0.0016628559918216528,0.0016329984339787961,0.0016329984339787961,2627.665500362132
1790294520,0.0016329984339787961,0.001695910397499119,0.0016120498460596567,0.0016120498460596567,2173.2163098141027
1790294580,0.0016120498460596567,0.0017050829132628249,0.0016120498460596567,0.0017050829132628249,797.7178897907459
1790294640,0.0017050829132628249,0.0017187139801788727,0.0017050829132628249,0.0017187139801788727,1145.697395692131
1790294820,0.0017187139801788727,0.001719210851082498,0.0016350434259872239,0.0016350434259872239,224.06417406741537
1790294880,0.0016350434259872239,0.001733352593256903,0.0016350434259872239,0.0016512954443969382,1875.8649384984676
1790294940,0.0016512954443969382,0.0017418406743278827,0.0016512954443969382,0.0017418406743278827,359.21174005297013
1790295000,0.0017418406743278827,0.0017470697914208622,0.0017418406743278827,0.0017470697914208622,502.2735216188211
1790295180,0.0017470697914208622,0.0017470697914208622,0.0016576744646700635,0.0017458475915273599,437.1440440923833
1790295240,0.0017458475915273599,0.0017458475915273599,0.0016515427416834644,0.0017262375725639583,1677.441571817607
1790295300,0.0017262375725639583,0.0017262375725639583,0.0016359718820139811,0.0017160956675314246,863.7394649091332
1790295360,0.0017160956675314246,0.0017160956675314246,0.001625599726159817,0.0017057290883910796,882.2386701839492
1790295420,0.0017057290883910796,0.0017064528204572694,0.0016220097991399237,0.0016220097991399237,167.37478105664698
1790295480,0.0016220097991399237,0.0017047470334413028,0.0016220097991399237,0.0017038275979185287,23.47026499163555
1790295540,0.0017038275979185287,0.0017038275979185287,0.001619083830055562,0.001619083830055562,13.162862493030042
1790295600,0.001619083830055562,0.001709988607266058,0.001619083830055562,0.001709988607266058,544.7085443317745
1790295660,0.001709988607266058,0.001709988607266058,0.0016267828955490527,0.0016267828955490527,89.32438591030868
1790295780,0.0016267828955490527,0.0016267828955490527,0.0016160249506338646,0.0016160249506338646,819.7542333961499
1790295840,0.0016160249506338646,0.0017031339292657441,0.0016160249506338646,0.0017031339292657441,649.4752822986792
1790295900,0.0017031339292657441,0.001708060023831361,0.0017031339292657441,0.001708060023831361,93.29431863711147
1790295960,0.001708060023831361,0.001708894494273603,0.001708060023831361,0.001708894494273603,5.869600856950315
1790296020,0.001708894494273603,0.001709649508735939,0.0016239080832980708,0.001709649508735939,109.77169443643183
1790296080,0.001709649508735939,0.001709649508735939,0.0017089597801389265,0.0017089597801389265,4.692449270100512
1790296140,0.0017089597801389265,0.001710074026744775,0.0016254171404484349,0.001710074026744775,69.26414868181688
1790296200,0.001710074026744775,0.0017527381220591753,0.001710074026744775,0.0017519703188678135,3830.857575036184
1790296260,0.0017519703188678135,0.0017519703188678135,0.0016651235169217423,0.0016656111614467685,97.5734213482661
1790296320,0.0016656111614467685,0.0016662266530851149,0.001664845013344844,0.001664845013344844,35.00232833766792
1790296500,0.001664845013344844,0.0017525837744566722,0.001664845013344844,0.0017525837744566722,272.0651745643988
1790296560,0.0017525837744566722,0.0017536068410409721,0.0017525837744566722,0.0017536068410409721,43.530240010186006
1790296620,0.0017536068410409721,0.0017592655491080824,0.0017536068410409721,0.0017592655491080824,428.3290161508531
1790296680,0.0017592655491080824,0.0017635444856271484,0.0017592655491080824,0.0017635444856271484,270.4026454627447
1790296740,0.0017635444856271484,0.0017647978148972387,0.0016777518142012337,0.0017646218820348877,90.35856936209042
1790296860,0.0017646218820348877,0.0017669194376381911,0.0017646218820348877,0.0017669194376381911,5.877711857978425
1790296920,0.0017669194376381911,0.0017669194376381911,0.001678666423835315,0.001678666423835315,2.471943246480549
1790296980,0.001678666423835315,0.001678666423835315,0.00167428916649147,0.00167428916649147,633.7523320332149
1790297100,0.00167428916649147,0.0017540743418588336,0.0016606608047802362,0.0016606608047802362,913.9747922350776
1790297160,0.0016606608047802362,0.0016606608047802362,0.001656692955953034,0.001656692955953034,320.17057406904763
1790297220,0.001656692955953034,0.001656692955953034,0.0016485509541261547,0.0016485509541261547,1256.312978523391
1790297280,0.0016485509541261547,0.0016485509541261547,0.0016365114192340513,0.0016365114192340513,589.7250087012947
1790297340,0.0016365114192340513,0.0016365114192340513,0.0016249968080396372,0.0016249968080396372,1010.9548517052516
1790297400,0.0016249968080396372,0.0016249968080396372,0.0016220724797990638,0.0016220724797990638,297.11512328539084
1790297460,0.0016220724797990638,0.0016220724797990638,0.0016007593613219203,0.0016007593613219203,1813.394500961022
1790297520,0.0016007593613219203,0.0016007593613219203,0.0015883268854844364,0.0015883268854844364,1089.3985492613272
1790297580,0.0015883268854844364,0.0015883268854844364,0.0015723507169425545,0.0015723507169425545,1430.8273712277762
1790297640,0.0015723507169425545,0.0015723507169425545,0.0015652018631217332,0.001567458931321305,659.2420780709488
1790297700,0.001567458931321305,0.0016419919562581599,0.0015595260761673384,0.0015595260761673384,644.1766395676207
1790297760,0.0015595260761673384,0.0016382930664308026,0.0015559348051605777,0.0015561753625358864,217.97731234037536
1790297820,0.0015561753625358864,0.0016385723586210157,0.0015561753625358864,0.0016385723586210157,296.84739499742875
1790297880,0.0016385723586210157,0.0016385723586210157,0.0015558770519347232,0.0015558770519347232,328.8560372288469
1790297940,0.0015558770519347232,0.0015558770519347232,0.0015547549923237752,0.0015553759240135205,62.57862259168207
1790298000,0.0015553759240135205,0.0015553759240135205,0.0015533127745205723,0.0015533127745205723,20.854369381265673
1790298060,0.0015533127745205723,0.001635985522341283,0.0015533127745205723,0.0015557577732557971,209.01922867843504
1790298120,0.0015557577732557971,0.0015557577732557971,0.0015541116328333664,0.0015541116328333664,425.159088898612
1790298240,0.0015541116328333664,0.0015551980167310842,0.0015541116328333664,0.0015551980167310842,74.2462294768896
1790298300,0.0015551980167310842,0.001641756293464617,0.0015551980167310842,0.001641756293464617,715.0616428311746
1790298420,0.001641756293464617,0.001641756293464617,0.001559145497576345,0.0016408774438762845,481.28982476514466
1790298480,0.0016408774438762845,0.0016490952565193775,0.0016408774438762845,0.0016490952565193775,712.7923779024377
1790298540,0.0016490952565193775,0.0016508569571588119,0.0016490952565193775,0.0016508569571588119,100.64521021301788
1790298600,0.0016508569571588119,0.0016508569571588119,0.0015661954645734004,0.0015661954645734004,401.22442466474274
1790298660,0.0015661954645734004,0.0016466001967968017,0.0015645683233803563,0.0015645683233803563,785.6675102927205
1790298720,0.0015645683233803563,0.0015645683233803563,0.0015539249496972852,0.0015539249496972852,559.718596609108
1790298780,0.0015539249496972852,0.001554280913171761,0.0015539249496972852,0.001554280913171761,35.05963460289161
1790298840,0.001554280913171761,0.0016353553419871814,0.0015432776304237486,0.0015432776304237486,990.742200394452
1790298900,0.0015432776304237486,0.0015432776304237486,0.0015326568954902224,0.0015326568954902224,1013.4739502542932
1790298960,0.0015326568954902224,0.0015331461617682754,0.0015326568954902224,0.0015331461617682754,4.836791852152424
1790299080,0.0015331461617682754,0.0015331461617682754,0.001529228660508391,0.001529228660508391,466.74345041177685
1790299140,0.001529228660508391,0.001529228660508391,0.001528017835200462,0.001528017835200462,11.99868363473969
1790299200,0.001528017835200462,0.001528017835200462,0.001525511855848354,0.001525511855848354,245.20600203813063
1790299380,0.001525511855848354,0.001525511855848354,0.001520328299150221,0.001520328299150221,130.5462096026954
1790299620,0.001520328299150221,0.0015204940511465775,0.001520328299150221,0.0015204940511465775,156.7396708699804
1790299680,0.0015204940511465775,0.0015204940511465775,0.001510086308021937,0.001510086308021937,886.5816210328641
1790299740,0.001510086308021937,0.001588863628483035,0.001510086308021937,0.001588863628483035,234.73507012614664
1790299920,0.001588863628483035,0.001588863628483035,0.0015082949427299278,0.0015082949427299278,45.9222627687163
1790299980,0.0015082949427299278,0.0015889830976084823,0.0015082949427299278,0.0015889830976084823,197.06026747943906
1790300040,0.0015889830976084823,0.0015950541347572434,0.0015880791565623096,0.0015950541347572434,1265.0369558978264
1790300100,0.0015950541347572434,0.0016089180146973488,0.0015228956637836468,0.0016046642095920987,961.0779793809279
1790300160,0.0016046642095920987,0.0016096932328899984,0.0016046642095920987,0.0016096932328899984,41.359007065288324
1790300220,0.0016096932328899984,0.0016560578912389263,0.0016096932328899984,0.0016560578912389263,4186.007259204804
1790300280,0.0016560578912389263,0.0016593839974639298,0.001577638342752737,0.0016582077318597855,265.8982504602748
1790300340,0.0016582077318597855,0.0016668486751241047,0.0016582077318597855,0.0016644711738795026,785.5608986857202
1790300400,0.0016644711738795026,0.0016720254148138826,0.0016644711738795026,0.0016720254148138826,352.02743710642324
1790300460,0.0016720254148138826,0.0016895671509277092,0.0016720254148138826,0.0016893716489485115,1411.493154411107
1790300520,0.0016893716489485115,0.0016907229163314321,0.0016053655377703303,0.0016053655377703303,510.3575038459065
1790300640,0.0016053655377703303,0.0016053655377703303,0.001603765777804111,0.001603765777804111,116.7942427685844
1790300760,0.001603765777804111,0.00174222123077582,0.001603765777804111,0.00174222123077582,4692.4035524781075
1790300820,0.00174222123077582,0.0017617145072019668,0.0017419414805905933,0.0017604869750555922,1637.8794842027598
1790300880,0.0017604869750555922,0.0017660985575745213,0.0016754774740190682,0.0017660985575745213,581.3296329501567
1790300940,0.0017660985575745213,0.0017809140324186329,0.001688769880602604,0.0017809140324186329,1375.0970741034766
1790301000,0.0017809140324186329,0.0017982007050439473,0.0017809140324186329,0.0017982007050439473,2170.0068162819853
1790301060,0.0017982007050439473,0.0018195142601438192,0.0017256804979367498,0.0018195142601438192,1226.598332671125
1790301120,0.0018195142601438192,0.001826685262629424,0.0017336959503161816,0.001826685262629424,427.60493126466514
1790301180,0.001826685262629424,0.0018296471504240526,0.001826685262629424,0.001827610584226417,208.730032688565
1790301240,0.001827610584226417,0.001827610584226417,0.0017376130211907937,0.0017376130211907937,101.89456315429521
1790301300,0.0017376130211907937,0.0017376130211907937,0.0017333637977772435,0.0017333637977772435,321.2044931964584
1790301360,0.0017333637977772435,0.0018239116520121737,0.0017333637977772435,0.0018239116520121737,52.23509904581203
1790301420,0.0018239116520121737,0.001833048093783344,0.0018239116520121737,0.001833048093783344,1350.9755155622838
1790301480,0.001833048093783344,0.0018420367711279148,0.001833048093783344,0.0018420367711279148,318.26029508187145
1790301540,0.0018420367711279148,0.001856046717213488,0.0018420367711279148,0.001856046717213488,886.2472382859253
1790301660,0.001856046717213488,0.001856046717213488,0.001763278178970869,0.001763278178970869,54.49047428927212
1790301720,0.001763278178970869,0.0018594639980892755,0.001763278178970869,0.0018594639980892755,44.74756746841942
1790301780,0.0018594639980892755,0.001864431442351212,0.0017693546057485495,0.0017693546057485495,387.9865428881219
1790301840,0.0017693546057485495,0.0018709640244469418,0.0017693546057485495,0.0018709640244469418,1085.9644149162805
1790301900,0.0018709640244469418,0.0018805680633947942,0.0018709640244469418,0.0018794924575645225,124.13905260115287
1790301960,0.0018794924575645225,0.0018818276646364743,0.0018794861885516453,0.0018818276646364743,112.8552310189371
1790302080,0.0018818276646364743,0.0018818276646364743,0.001787524361707902,0.0018808242988558174,87.50528409930763
1790302200,0.0018808242988558174,0.0018808242988558174,0.001786570436711032,0.001786570436711032,323.50308513807653
1790302260,0.001786570436711032,0.0018789375280106057,0.001786570436711032,0.0018789375280106057,1.0173159905021998
1790302380,0.0018789375280106057,0.0018789375280106057,0.001777324138881969,0.001777324138881969,1535.2525911662447
1790302440,0.001777324138881969,0.001777324138881969,0.0017590285967807656,0.0017590285967807656,1130.9464932098924
1790302500,0.0017590285967807656,0.0018471399922818656,0.0017545467970170692,0.0018471399922818656,129.3582282114891
1790302560,0.0018471399922818656,0.0018471399922818656,0.0018453017752952353,0.0018453017752952353,9.91935784965584
1790302680,0.0018453017752952353,0.0018453017752952353,0.0017570421688282779,0.0017570421688282779,223.93419876196438
1790302740,0.0017570421688282779,0.0017570421688282779,0.001743123915254062,0.0017440794429627647,1032.2149755368819
1790302800,0.0017440794429627647,0.0017440794429627647,0.0017380538420186402,0.0017380538420186402,443.9256278269519
1790302860,0.0017380538420186402,0.0018272781954489232,0.0017368166985613888,0.0018272781954489232,8.510174940068438
1790302980,0.0018272781954489232,0.0018272781954489232,0.0017330775665586574,0.0017330775665586574,281.4160163193033
1790303040,0.0017330775665586574,0.0017330775665586574,0.0017289001165391752,0.0017289001165391752,440.6678141002898
1790303100,0.0017289001165391752,0.0017289001165391752,0.0017262341404362688,0.0017262341404362688,12.4619532512045
1790303160,0.0017262341404362688,0.001816098951996643,0.0017262341404362688,0.001816098951996643,2.4521496734424586
1790303220,0.001816098951996643,0.001816098951996643,0.0017266393080062488,0.0017266393080062488,77.40696197573152
1790303340,0.0017266393080062488,0.0017266393080062488,0.0017212315138268185,0.0017212315138268185,188.7764883995857
1790303400,0.0017212315138268185,0.0017212315138268185,0.0017103598362953414,0.0017103598362953414,824.6946349540625
1790303460,0.0017103598362953414,0.0017128854899917632,0.0017103598362953414,0.0017128854899917632,15.351547629061812
1790303520,0.0017128854899917632,0.0017920343215954266,0.0017082072736341462,0.0017920343215954266,807.8554146021386
1790303580,0.0017920343215954266,0.0017920343215954266,0.0017029610253674024,0.0017029610253674024,173.8243996613702
1790303700,0.0017029610253674024,0.0017265121586820976,0.0016688000288476834,0.0017265121586820976,5414.466241646988
1790303820,0.0017265121586820976,0.0017265121586820976,0.0016282856854217863,0.0016284106641512154,866.5865202119315
1790303880,0.0016284106641512154,0.0016284106641512154,0.0016225208289972883,0.0016225208289972883,578.436118334247
1790303940,0.0016225208289972883,0.0016986744293575923,0.0016166759070057395,0.0016986744293575923,493.60081706244046
1790304000,0.0016986744293575923,0.0016986744293575923,0.0016147687893790354,0.0016147687893790354,100.55149365852334
1790304060,0.0016147687893790354,0.001696605006498219,0.0016147687893790354,0.001696605006498219,23.456281491929687
1790304120,0.001696605006498219,0.001698547783256176,0.0016145920541310837,0.0016145920541310837,17.24743200601904
1790304180,0.0016145920541310837,0.0016146834909481639,0.001614538352651655,0.001614538352651655,76.1528371786655
1790304240,0.001614538352651655,0.001614538352651655,0.0016133465612777902,0.0016133465612777902,43.073747237763975
1790304360,0.0016133465612777902,0.0016133465612777902,0.001606605451965572,0.001606605451965572,757.0581325677479
1790304420,0.001606605451965572,0.0016477775164027745,0.001571788491044434,0.0016477775164027745,2880.8901410428166
1790304480,0.0016477775164027745,0.0016477775164027745,0.0015645455271130837,0.0015645455271130837,138.90138938648843
1790304600,0.0015645455271130837,0.0015645455271130837,0.0015625605604432924,0.0015630528532834022,259.6132435786019
1790304720,0.0015630528532834022,0.0015630528532834022,0.0015546849840408744,0.0015546849840408744,621.528901377794
1790304780,0.0015546849840408744,0.0016345443872853678,0.0015537682156936768,0.0016334806008163145,168.3177332067282
1790304840,0.0016334806008163145,0.0016334806008163145,0.0015484940665499648,0.0015484940665499648,307.7705652346367
1790304900,0.0015484940665499648,0.0015484940665499648,0.0015448404785293186,0.0015448404785293186,776.4958647618814
1790304960,0.0015448404785293186,0.0015814053653153792,0.0015013877172909652,0.0015814053653153792,3988.131201737352
1790305020,0.0015814053653153792,0.0015814053653153792,0.0014981873996513493,0.0015755291811425484,123.73794992341351
1790305080,0.0015755291811425484,0.001576155224822727,0.001493637332726018,0.001494550965203957,438.8553773682112
1790305200,0.001494550965203957,0.001494550965203957,0.0014933174107469422,0.0014933174107469422,9.690763953781879
1790305260,0.0014933174107469422,0.001493403558205563,0.0014901613022229615,0.0014901613022229615,395.2633754037665
1790305320,0.0014901613022229615,0.0015630792825964126,0.0014830694163339955,0.0015599650429410142,695.6976372105984
1790305380,0.0015599650429410142,0.0015599650429410142,0.0015596727468502665,0.0015596727468502665,5.047984867554739
1790305440,0.0015596727468502665,0.0015596727468502665,0.0014810592258912684,0.0015571068544623172,459.0955185594872
1790305680,0.0015571068544623172,0.0015618355557253509,0.0015571068544623172,0.0015618355557253509,167.7139831947275
1790305800,0.0015618355557253509,0.0015632215587120908,0.0015618355557253509,0.0015632215587120908,23.21211456287186
1790305920,0.0015632215587120908,0.0015632215587120908,0.0015615716750034404,0.0015615716750034404,159.1699605968141
1790305980,0.0015615716750034404,0.001575495483380235,0.001497095649751627,0.001497095649751627,1293.5923859674813
1790306040,0.001497095649751627,0.0015849233310713975,0.001497095649751627,0.0015849233310713975,1918.298892917038
1790306100,0.0015849233310713975,0.001597377930732596,0.0015849233310713975,0.001597377930732596,233.8560240119048
1790306220,0.001597377930732596,0.0016234444982583837,0.0015968527044818354,0.0016234444982583837,2317.9976517527075
1790306280,0.0016234444982583837,0.0016400956834018477,0.0016234444982583837,0.001639195009890566,1467.0227896605059
1790306340,0.001639195009890566,0.0016407085469434949,0.001639195009890566,0.0016398550633526733,121.437142082016
1790306400,0.0016398550633526733,0.0016408083097513575,0.0016398550633526733,0.0016408083097513575,89.39616905244391
1790306460,0.0016408083097513575,0.0016516160009800334,0.001574782454493344,0.0016516160009800334,1385.786155703421
1790306520,0.0016516160009800334,0.0016584151559923786,0.0016516160009800334,0.0016584151559923786,330.66625752043456
1790306580,0.0016584151559923786,0.0016584151559923786,0.001576332452606382,0.001576332452606382,115.43892714820468
1790306640,0.001576332452606382,0.0016589850754041232,0.0015748155295354966,0.0015770268414619128,274.39422826637286
1790306700,0.0015770268414619128,0.0016603922778841236,0.0015770268414619128,0.0015794110069600688,233.20682976641692
1790306760,0.0015794110069600688,0.0016633126932660085,0.0015794110069600688,0.001661682514034058,352.0536264680644
1790306820,0.001661682514034058,0.0016638999431324106,0.001661682514034058,0.0016638999431324106,230.9290170998694
1790306880,0.0016638999431324106,0.0016652577071020822,0.0016638999431324106,0.0016652577071020822,56.94112268336512
1790306940,0.0016652577071020822,0.0016665390257662373,0.0016652577071020822,0.0016660164716097636,107.65427154896068
1790307060,0.0016660164716097636,0.0016669893535790636,0.0016660164716097636,0.0016669893535790636,47.804620378217066
1790307120,0.0016669893535790636,0.0016709552778040578,0.0015849286844356403,0.0016709552778040578,404.8244381944539
1790307240,0.0016709552778040578,0.0016709552778040578,0.0015876051437513849,0.0015876051437513849,592.7169767108369
1790307300,0.0015876051437513849,0.0016665696583436954,0.0015876051437513849,0.0016665696583436954,3.6498321141787873
1790307360,0.0016665696583436954,0.0016665696583436954,0.0015829777948387247,0.0015829777948387247,284.83655898280165
1790307420,0.0015829777948387247,0.0015829777948387247,0.0015803021725551707,0.0015803021725551707,125.2377465657065
1790307600,0.0015803021725551707,0.001663611482635991,0.0015803021725551707,0.001663611482635991,1.3255723037736258
1790307720,0.001663611482635991,0.0016647382822690107,0.0015809000755078824,0.0015809000755078824,140.24895891454406
1790307840,0.0015809000755078824,0.0016621166922274238,0.001579661775280505,0.0016621166922274238,128.73867795812114
1790307900,0.0016621166922274238,0.0016621166922274238,0.0015722756232690327,0.0015722756232690327,295.7341255117262
1790307960,0.0015722756232690327,0.0016533496721347456,0.0015692906419877825,0.0015692906419877825,383.4029477590331
1790308020,0.0015692906419877825,0.0016503496389399788,0.0015677166363425477,0.0016503496389399788,54.788364966485325
1790308080,0.0016503496389399788,0.0016503496389399788,0.001556497052196875,0.001556497052196875,2520.6451996759574
1790308140,0.001556497052196875,0.001556497052196875,0.0015409408985061401,0.0015409408985061401,53.74931053374032
1790308200,0.0015409408985061401,0.001614991446368248,0.001535270835114535,0.001614991446368248,686.1336743742809
1790308260,0.001614991446368248,0.0016155662018898693,0.0015357606059458614,0.0016155662018898693,16.720843135307273
1790308440,0.0016155662018898693,0.0016155662018898693,0.0015201566422246477,0.0015842977937500482,2660.3193513370484
1790308560,0.0015842977937500482,0.0015858136660976232,0.0015061698668291227,0.0015061698668291227,458.0365669459069
1790308620,0.0015061698668291227,0.0015819565824444404,0.0015061698668291227,0.0015819565824444404,26.482850757481764
1790308680,0.0015819565824444404,0.0015825208915557383,0.0015819565824444404,0.0015825208915557383,29.199122536332748
1790308740,0.0015825208915557383,0.0015825208915557383,0.0015047382150064437,0.0015047382150064437,31.369868074161786
1790308800,0.0015047382150064437,0.001582216886077617,0.0015033337436193136,0.001582216886077617,87.2499921887134
1790308860,0.001582216886077617,0.001582216886077617,0.0015817407473045244,0.0015818089219454005,13.602375452138281
1790308980,0.0015818089219454005,0.0015818089219454005,0.0015006926390826682,0.0015006926390826682,334.79800876151495
1790309040,0.0015006926390826682,0.0015782311226860187,0.0014980902196127881,0.0014980902196127881,658.9090076255966
1790309100,0.0014980902196127881,0.001578613948728008,0.0014980902196127881,0.001578613948728008,210.2193515420588
1790309160,0.001578613948728008,0.0015799141302218582,0.001578613948728008,0.0015798163432733337,40.64307086991468
1790309220,0.0015798163432733337,0.001581243109410235,0.0014705774704478133,0.0014705774704478133,3174.315724890267
1790309280,0.0014705774704478133,0.0014705774704478133,0.001470322273030062,0.001470322273030062,44.836318531615554
1790309400,0.001470322273030062,0.0015464215715315342,0.0014693569240188846,0.0015464215715315342,97.21439761810917
1790309460,0.0015464215715315342,0.0015464215715315342,0.001543681730655697,0.001543681730655697,10.614892430815088
1790309520,0.001543681730655697,0.001543681730655697,0.0014669582481014651,0.0015413992307117157,149.12164027381357
1790309640,0.0015413992307117157,0.0015413992307117157,0.0014637108641692717,0.0014637108641692717,7.074916275115552
1790309760,0.0014637108641692717,0.001543882841259849,0.0014637108641692717,0.001543882841259849,1211.4984306223425
1790309820,0.001543882841259849,0.001552911856052149,0.0014751276979747278,0.001550545080886929,249.66487832014397
1790309940,0.001550545080886929,0.0015530951201802182,0.001550545080886929,0.0015530951201802182,280.72851063358866
1790310060,0.0015530951201802182,0.0015530951201802182,0.0015517797096221827,0.0015517797096221827,116.3394992189473
1790310120,0.0015517797096221827,0.0015540002332395304,0.0015517797096221827,0.0015540002332395304,2.0389457262848856
1790310180,0.0015540002332395304,0.0015562031596092155,0.0015540002332395304,0.0015562031596092155,492.53343989580844
1790310240,0.0015562031596092155,0.0015615103376229338,0.0015562031596092155,0.0015615103376229338,204.84087388730137
1790310300,0.0015615103376229338,0.0015621343554442903,0.0015615103376229338,0.0015621343554442903,9.22666861836523
1790310420,0.0015621343554442903,0.0015627865711069012,0.0015621343554442903,0.0015627865711069012,2.217443713690931
1790310480,0.0015627865711069012,0.00157110591889574,0.0015627865711069012,0.00157110591889574,840.7276426140721
1790310540,0.00157110591889574,0.0016332609237419947,0.00157110591889574,0.0016332609237419947,5469.318942171416
1790310600,0.0016332609237419947,0.0016334507369977845,0.0016332609237419947,0.0016334507369977845,94.52569946510708
1790310720,0.0016334507369977845,0.0016436153099695578,0.0016334507369977845,0.0016436153099695578,777.5549566302706
1790310780,0.0016436153099695578,0.0016460172721202019,0.0016436153099695578,0.0016460172721202019,74.53611727927859
1790310840,0.0016460172721202019,0.0016607739939832292,0.0016454400537667907,0.0016607739939832292,2547.0158557325053
1790310900,0.0016607739939832292,0.0016775641804435504,0.0016607739939832292,0.0016775641804435504,116.77779689848066
1790310960,0.0016775641804435504,0.0016970039004659911,0.0016128242225168991,0.0016128242225168991,2015.4668590109197
1790311020,0.0016128242225168991,0.001695540439293725,0.0016128242225168991,0.001695540439293725,17.409916059888886
1790311080,0.001695540439293725,0.001695540439293725,0.0016130430087899228,0.0016130430087899228,7.795761383973229
1790311140,0.0016130430087899228,0.0016151054764474335,0.0016130430087899228,0.0016151054764474335,0.5481697204320659
1790311200,0.0016151054764474335,0.0017014139982081651,0.0016151054764474335,0.0017014139982081651,198.17031520188095
1790311260,0.0017014139982081651,0.0017135581542420458,0.0016247595602860976,0.0016247595602860976,1768.3376944525367
1790311320,0.0016247595602860976,0.0017036303834469994,0.0016247595602860976,0.0017036303834469994,44.6168393445274
1790311380,0.0017036303834469994,0.00170436277608774,0.0016211727481132388,0.0016211727481132388,19.090328916931018
1790311500,0.0016211727481132388,0.0017131444250679988,0.0016207753933391942,0.0016207753933391942,1711.0142810253178
1790311560,0.0016207753933391942,0.0017152233874205198,0.0016207753933391942,0.0017152233874205198,19.961297122121582
1790311620,0.0017152233874205198,0.0017168511701664893,0.0016334927576975129,0.0016334927576975129,152.4694959555909
1790311680,0.0016334927576975129,0.0017152996800140216,0.0016334927576975129,0.0017152996800140216,5.95373340575236
1790311740,0.0017152996800140216,0.0017152996800140216,0.001630597399562801,0.0017148791021791335,407.1566994010566
1790311980,0.0017148791021791335,0.001716343091857117,0.0017148791021791335,0.001716343091857117,1.313109077638188
1790312220,0.001716343091857117,0.0017168510070370059,0.001716343091857117,0.0017168510070370059,144.90324421625843
1790312400,0.0017168510070370059,0.0017168510070370059,0.0017120653015664223,0.0017120653015664223,29.09887164829724
1790312460,0.0017120653015664223,0.0017120653015664223,0.001629079693509731,0.001629079693509731,1.2349459112587033
1790312820,0.001629079693509731,0.001629079693509731,0.0016177779672825283,0.0016177779672825283,840.515402120841
1790312880,0.0016177779672825283,0.0016986382369814318,0.0016138286407981644,0.0016986382369814318,511.5638454918222
1790312940,0.0016986382369814318,0.0017009987085861513,0.0016986382369814318,0.0017009987085861513,4.1291485847564555
1790313240,0.0017009987085861513,0.0017010418996624046,0.0016134814433402074,0.0016134814433402074,591.4821018546626
1790313300,0.0016134814433402074,0.0016798666084097246,0.0015974674592558482,0.0016798666084097246,1411.9301132680728
1790313480,0.0016798666084097246,0.0016798666084097246,0.001584535273681601,0.001584535273681601,1150.290368847019
1790313540,0.001584535273681601,0.0016649190100311347,0.0015811657782480032,0.0015811657782480032,574.8042094056794
1790313600,0.0015811657782480032,0.0015811657782480032,0.0015698724453794767,0.0015698724453794767,722.0339985715862
1790313720,0.0015698724453794767,0.0015698724453794767,0.0015697720287816636,0.0015697720287816636,5.345780116170215
1790313780,0.0015697720287816636,0.0015705967847227179,0.0015697720287816636,0.0015705967847227179,16.22199460475752
1790313840,0.0015705967847227179,0.0016508750431915714,0.0015705967847227179,0.0016508750431915714,4.20868072675227
1790313960,0.0016508750431915714,0.0016508750431915714,0.0015701764979579162,0.0015701764979579162,44.003951399886034
1790314020,0.0015701764979579162,0.001654251331084404,0.0015701764979579162,0.001654251331084404,421.6657992988428
1790314140,0.001654251331084404,0.0016556590777062371,0.001654251331084404,0.0016556590777062371,1.4703819939697296
1790314200,0.0016556590777062371,0.0016613940168949811,0.0016556590777062371,0.0016609837015928248,525.3632625336116
1790314260,0.0016609837015928248,0.001683934873187906,0.0016004719968672554,0.001683934873187906,2076.1082304532047
1790314320,0.001683934873187906,0.0016853678901728327,0.001683934873187906,0.0016853678901728327,107.43296112358237
1790314380,0.0016853678901728327,0.0016853678901728327,0.001683413837088755,0.001683413837088755,246.6893907969102
1790314500,0.001683413837088755,0.0016910705963094556,0.001683413837088755,0.0016910705963094556,318.98359781954423
1790314560,0.0016910705963094556,0.0016936200329162705,0.0016910705963094556,0.0016936200329162705,7.535009244602629
1790314680,0.0016936200329162705,0.0016936200329162705,0.0016084670565067044,0.0016084670565067044,261.1065525685366
1790314740,0.0016084670565067044,0.0016084670565067044,0.0016000350383489508,0.0016000350383489508,1210.2900150084236
1790314920,0.0016000350383489508,0.0016000350383489508,0.0015922226583802664,0.0015922226583802664,348.09588872079206
1790314980,0.0015922226583802664,0.0015922226583802664,0.0015892949135280147,0.0015892949135280147,108.29504111494397
1790315040,0.0015892949135280147,0.0015892949135280147,0.0015864287862823812,0.0015864287862823812,480.7026725741275
1790315100,0.0015864287862823812,0.0015864287862823812,0.0015842223532530038,0.0015842223532530038,2.45745437214122
1790315160,0.0015842223532530038,0.0015842223532530038,0.0015818488119917551,0.0015818488119917551,262.55218643215255
1790315220,0.0015818488119917551,0.0015818488119917551,0.0015815215125596835,0.0015815215125596835,6.636826162133152
1790315340,0.0015815215125596835,0.0016628346509337888,0.0015815215125596835,0.0016628346509337888,18.752054103227326
1790315400,0.0016628346509337888,0.0016636605202227316,0.0016628346509337888,0.0016636605202227316,174.6014198737534
1790315580,0.0016636605202227316,0.0016636605202227316,0.0015810148941867793,0.0015810148941867793,185.3728025664837
1790315640,0.0015810148941867793,0.001663372652307945,0.0015810148941867793,0.001663372652307945,47.74481591823294
1790315820,0.001663372652307945,0.001663372652307945,0.0015811853157850033,0.0015811853157850033,8.712168681688029
1790315880,0.0015811853157850033,0.0015812365016647813,0.0015811853157850033,0.0015812365016647813,32.166690022522786
1790315940,0.0015812365016647813,0.0015812365016647813,0.0015802834100201563,0.0015802834100201563,28.293145195607664
1790316180,0.0015802834100201563,0.0015802834100201563,0.001564069298887013,0.001564069298887013,1468.3771336391367
1790316240,0.001564069298887013,0.001564069298887013,0.0015592463008754053,0.0015592463008754053,370.31545316854124
1790316300,0.0015592463008754053,0.0016413090183663506,0.0015592463008754053,0.0016413090183663506,6.237500617898614
1790316360,0.0016413090183663506,0.0016413090183663506,0.0015601660646165207,0.0015601660646165207,115.90456207696175
1790316480,0.0015601660646165207,0.0015604385096595758,0.0015601660646165207,0.0015604385096595758,21.275608832872656
1790316540,0.0015604385096595758,0.0015604385096595758,0.0015584502879899028,0.0015584502879899028,213.44839876354305
1790316600,0.0015584502879899028,0.0016353454012875534,0.0015584502879899028,0.0016353454012875534,1.1305009887287
1790316900,0.0016353454012875534,0.0016353454012875534,0.0015556057312785048,0.0015556057312785048,128.38931337435986
1790317140,0.0015556057312785048,0.0015558631362928889,0.0015556057312785048,0.0015558631362928889,198.35495942564035
1790317200,0.0015558631362928889,0.001557620463416555,0.0015558631362928889,0.001557620463416555,1.0263581339266867
1790317260,0.001557620463416555,0.00163967940032612,0.001556898021179914,0.00163967940032612,126.74119394956084
1790317380,0.00163967940032612,0.00163967940032612,0.0016385976317070015,0.0016385976317070015,163.0694731057984
1790317740,0.0016385976317070015,0.0016385976317070015,0.0016373647423381813,0.00163741800046291,9.987276164658372
1790317800,0.00163741800046291,0.0016374746664029694,0.00163741800046291,0.0016374746664029694,4.993632652543601
1790317980,0.0016374746664029694,0.0016374746664029694,0.0015402857677995737,0.0015402857677995737,2528.0635010973733
1790318100,0.0015402857677995737,0.0016065741030769397,0.0015402857677995737,0.0016065741030769397,12.600302596712872
1790318160,0.0016065741030769397,0.001607098056962603,0.0016065741030769397,0.001607098056962603,68.16640759383671
1790318220,0.001607098056962603,0.0016071041137033573,0.0015216013353369468,0.0015216013353369468,488.1316171584673
1790318340,0.0015216013353369468,0.0016004275186269482,0.0015216013353369468,0.0016004275186269482,15.257925487542154
1790318400,0.0016004275186269482,0.0016004275186269482,0.001520867311998536,0.001521970790543345,189.61076992250656
1790318460,0.001521970790543345,0.0015926605378891944,0.001516615841271872,0.0015926605378891944,641.8636636324203
1790318760,0.0015926605378891944,0.0015926605378891944,0.0015922421517848245,0.0015922421517848245,2.4671132635206585
1790318940,0.0015922421517848245,0.0015922421517848245,0.0015121116644730027,0.0015121116644730027,4.358637378146577
1790319180,0.0015121116644730027,0.0015128097630195034,0.0015094410256378855,0.0015094410256378855,624.6053110537644
1790319240,0.0015094410256378855,0.0015094410256378855,0.0015009113668555509,0.0015009113668555509,504.16572496748563
1790319300,0.0015009113668555509,0.0015734818727731938,0.0014991802196779053,0.0015734818727731938,630.4183060919754
1790319360,0.0015734818727731938,0.0015741864654152849,0.0015734818727731938,0.0015741864654152849,5.626897086089002
1790319540,0.0015741864654152849,0.0015741864654152849,0.0014962498192308067,0.0015738594115796104,74.97534377572828
1790319660,0.0015738594115796104,0.0015738594115796104,0.0014961113996258162,0.0014966219398333893,76.94514605051488
1790319900,0.0014966219398333893,0.0014966219398333893,0.0014873628823075574,0.0014873628823075574,1619.159609606323
1790319960,0.0014873628823075574,0.0014873628823075574,0.001477089002863437,0.001477089002863437,53.913963303833285
1790320020,0.001477089002863437,0.0015549353984311387,0.0014714279707811137,0.0015403202669904915,1530.0751250123028
1790320080,0.0015403202669904915,0.0015403202669904915,0.0014566732860770149,0.001531296442278814,715.0077987713628
1790320140,0.001531296442278814,0.001531296442278814,0.0015297103162987132,0.0015297103162987132,10.480683718815069
1790320320,0.0015297103162987132,0.0015297103162987132,0.0014088976911017822,0.0014088976911017822,4527.918432075927
1790320380,0.0014088976911017822,0.0014088976911017822,0.001400704876737523,0.001400704876737523,1161.056638816995
1790320440,0.001400704876737523,0.0014714150414054938,0.001400704876737523,0.0014012120605871505,508.5636987314577
1790320500,0.0014012120605871505,0.0014012120605871505,0.0013878942922578444,0.0013878942922578444,1313.9453915178515
1790320620,0.0013878942922578444,0.0014604696533813736,0.0013876513239149818,0.0013885386352633807,267.6798889708757
1790320680,0.0013885386352633807,0.0013885386352633807,0.0013836270504993418,0.0013837790322698913,530.9807927623747
1790320800,0.0013837790322698913,0.0013837790322698913,0.0013792174441895413,0.0013792174441895413,661.6233014968534
1790320860,0.0013792174441895413,0.0013792174441895413,0.0013698866701884257,0.0013698866701884257,772.6310539217338
1790320920,0.0013698866701884257,0.0014356589217847905,0.0013665257497030737,0.0013665257497030737,425.4251180462087
1790320980,0.0013665257497030737,0.0014370726527664908,0.0013647220562482641,0.0013658887863604188,174.07703512809724
1790321100,0.0013658887863604188,0.0013658887863604188,0.0013343921318073845,0.0013343921318073845,3334.3873911958776
1790321160,0.0013343921318073845,0.0013343921318073845,0.0013187924471183279,0.0013187924471183279,2425.9665158924317
1790321220,0.0013187924471183279,0.0013187924471183279,0.0012999889212934065,0.0012999889212934065,725.9276507943309
1790321280,0.0012999889212934065,0.0013669066315478487,0.0012935087937457112,0.0012935087937457112,1125.1041796189695
1790321340,0.0012935087937457112,0.0013512857934004398,0.0012756781724067993,0.0012756781724067993,1872.5077535934429
1790321400,0.0012756781724067993,0.0012756781724067993,0.0012714267871487361,0.0012714267871487361,107.1760805967919
1790321460,0.0012714267871487361,0.001336531063063502,0.0012696416471136974,0.0012696416471136974,168.7095345223318
1790321520,0.0012696416471136974,0.001334523238148449,0.0012696416471136974,0.001334523238148449,15.036846098582952
1790321580,0.001334523238148449,0.001334849163033475,0.001267332720363693,0.001267332720363693,365.1626728523891
1790321700,0.001267332720363693,0.0013287479460412169,0.0012639171836819993,0.0013287479460412169,113.83762644653082
1790321760,0.0013287479460412169,0.001335109484556207,0.0013287479460412169,0.001335109484556207,465.72758501910437
1790321820,0.001335109484556207,0.0013414028259406245,0.001335109484556207,0.0013414028259406245,551.3993522656357
1790321880,0.0013414028259406245,0.0013414028259406245,0.0013407168577316243,0.0013407168577316243,4.3804677651975785
1790322000,0.0013407168577316243,0.001363127526919594,0.0013407168577316243,0.001363127526919594,2261.7751632724203
1790322060,0.001363127526919594,0.001363383456961134,0.001363127526919594,0.001363383456961134,57.92643567907365
1790322120,0.001363383456961134,0.001363383456961134,0.0012928157991141968,0.0012928157991141968,836.1459840713567
1790322180,0.0012928157991141968,0.0013521197213383713,0.0012861836597302288,0.0013521197213383713,514.4002186839668
1790322360,0.0013521197213383713,0.0013521197213383713,0.0012856596996106246,0.0012860380854304836,85.42470484029356
1790322480,0.0012860380854304836,0.0012862803931783108,0.0012860380854304836,0.0012862803931783108,2.905475620462953
1790322540,0.0012862803931783108,0.0013533151440914422,0.0012862803931783108,0.0013533151440914422,1.9217033553456164
1790322660,0.0013533151440914422,0.0013533151440914422,0.0012848899771850453,0.0012848899771850453,82.83819792275445
1790322900,0.0012848899771850453,0.0013520770692431894,0.0012846110273210516,0.0012849148753626355,226.4695064254145
1790322960,0.0012849148753626355,0.0012849148753626355,0.0012813797823690747,0.0012813797823690747,405.52149816820946
1790323140,0.0012813797823690747,0.001348400447085787,0.0012808788452282937,0.001348400447085787,12.007030714891616
1790323260,0.001348400447085787,0.001348400447085787,0.001281576676141988,0.001281576676141988,3.579459396883371
1790323440,0.001281576676141988,0.001282295309605931,0.001281576676141988,0.001282295309605931,121.2570655944608
1790323620,0.001282295309605931,0.001282295309605931,0.001204439383652601,0.001204439383652601,8138.2238455073275
1790323680,0.001204439383652601,0.001204439383652601,0.0011985476591486698,0.0011985476591486698,551.9201962274484
1790323740,0.0011985476591486698,0.0011985476591486698,0.0011976337950154756,0.0011976337950154756,0.5603127829694844
1790323800,0.0011976337950154756,0.0012623310830476985,0.0011976337950154756,0.0012623310830476985,347.56519186391347
1790323860,0.0012623310830476985,0.0012623310830476985,0.0011894938266325198,0.0011894938266325198,2543.474204825273
1790323920,0.0011894938266325198,0.0012383902698364555,0.0011894938266325198,0.0012383902698364555,1.797609931169133
1790323980,0.0012383902698364555,0.0012383902698364555,0.001173382736043939,0.001173382736043939,761.926948619183
1790324040,0.001173382736043939,0.0012305738306202633,0.0011692662723238288,0.0011692662723238288,228.1607044597127
1790324100,0.0011692662723238288,0.0012285850333010166,0.0011670302720642237,0.0011670302720642237,185.49787203635273
1790324160,0.0011670302720642237,0.0011682824903720451,0.0011670302720642237,0.0011682824903720451,2.339611666375805
1790324220,0.0011682824903720451,0.0011682824903720451,0.0011594433336968696,0.0011594433336968696,1365.737730014503
1790324280,0.0011594433336968696,0.0011594433336968696,0.0011555814836825163,0.0011555814836825163,150.2507597354923
1790324340,0.0011555814836825163,0.0012228304248634073,0.0011555814836825163,0.0012228304248634073,781.0086190968788
1790324400,0.0012228304248634073,0.0012245025660643498,0.0012228304248634073,0.0012245025660643498,6.855506171737664
1790324460,0.0012245025660643498,0.0012245711711732052,0.0011631948570698897,0.0012245711711732052,51.940369989443276
1790324520,0.0012245711711732052,0.001227252318176962,0.0012245711711732052,0.001227252318176962,65.2245789979308
1790324580,0.001227252318176962,0.001227252318176962,0.0011585233735381627,0.0011585233735381627,726.5605988719683
1790324640,0.0011585233735381627,0.0012281796644496416,0.0011585233735381627,0.0012273118893695327,797.8425937934934
1790324700,0.0012273118893695327,0.0012391387646229677,0.0011676092410692132,0.0012389936935938782,1254.988906914113
1790324760,0.0012389936935938782,0.0012451006817071075,0.001188367954317455,0.001188367954317455,1008.5383094479927
1790324880,0.001188367954317455,0.001251607763883954,0.001188367954317455,0.001251607763883954,148.50062756858458
1790324940,0.001251607763883954,0.0012816108396730965,0.001251607763883954,0.0012816108396730965,5043.958981038626
1790325000,0.0012816108396730965,0.0012816108396730965,0.0012320355507272295,0.0012320355507272295,467.0984845795897
1790325060,0.0012320355507272295,0.0012320355507272295,0.0012310497334493003,0.0012310497334493003,157.6142246940614
1790325240,0.0012310497334493003,0.001312010227273186,0.0012310497334493003,0.001312010227273186,1957.5120297062485
1790325360,0.001312010227273186,0.0013279180311821558,0.0013119245952623452,0.0013279180311821558,1453.0170262823308
1790325420,0.0013279180311821558,0.0013279469815068179,0.0013271238651066447,0.0013279469815068179,3.514233191211987
1790325480,0.0013279469815068179,0.0013281636205695396,0.0013270707193826922,0.0013281636205695396,10.541983115163427
1790325540,0.0013281636205695396,0.0013282690022909107,0.001327169553897531,0.001327169553897531,38.528929551337974
1790325600,0.001327169553897531,0.0013282963529618827,0.001327169553897531,0.0013282963529618827,55.431094934725984
1790325960,0.0013282963529618827,0.0013291569971687854,0.001327325971808231,0.0013291569971687854,279.33270794264735
1790326140,0.0013291569971687854,0.001331346450572471,0.0013291569971687854,0.001331346450572471,115.89737324781537
1790326200,0.001331346450572471,0.0013325602562972495,0.001331346450572471,0.0013325602562972495,542.0895699636691
1790326260,0.0013325602562972495,0.0013357969724912785,0.0013325602562972495,0.0013357969724912785,3.1451553898993723
1790326320,0.0013357969724912785,0.0013420099865629558,0.0013357969724912785,0.0013420099865629558,801.9847054892249
1790326380,0.0013420099865629558,0.0013460405344758422,0.0013420099865629558,0.0013460405344758422,83.98701675786955
1790326440,0.0013460405344758422,0.0013549064306714643,0.0012806543572083816,0.0013549064306714643,797.1261751687942
1790326500,0.0013549064306714643,0.0013549064306714643,0.0012877525115991188,0.0012877525115991188,126.35749737627732
1790326560,0.0012877525115991188,0.0013469220177293477,0.0012848200515560373,0.0013469220177293477,700.1207017044297
1790326620,0.0013469220177293477,0.0013469220177293477,0.0012819576544581119,0.0012819576544581119,49.860219901898155
1790326680,0.0012819576544581119,0.0012819576544581119,0.001279220918140513,0.001279220918140513,306.6163608656535
1790326800,0.001279220918140513,0.001279220918140513,0.0012775181128773408,0.0012775181128773408,3.6593178031138383
1790326860,0.0012775181128773408,0.001339114796588242,0.0012754907623040072,0.001339114796588242,501.9350058374498
1790326920,0.001339114796588242,0.001339114796588242,0.001274596135240527,0.001275202163614365,41.49410445875816
1790326980,0.001275202163614365,0.001275202163614365,0.001274429452368436,0.001274429452368436,69.04192761835311
1790327100,0.001274429452368436,0.0012756881361472103,0.001274429452368436,0.0012756881361472103,85.03823366832931
1790327160,0.0012756881361472103,0.0013422999669166812,0.0012756881361472103,0.0013422999669166812,2.2366869102091584
1790327220,0.0013422999669166812,0.0013422999669166812,0.0013417459099542318,0.0013420638055332576,83.31466267092884
1790327280,0.0013420638055332576,0.0013420638055332576,0.0012753268648855649,0.0012753268648855649,169.91220635411102
1790327520,0.0012753268648855649,0.0012753268648855649,0.0012704721588926483,0.0012704721588926483,226.86464557703306
1790327580,0.0012704721588926483,0.0012704721588926483,0.0012703411465839537,0.0012703411465839537,4.050912478156344
1790327640,0.0012703411465839537,0.0012703411465839537,0.0012677967107898765,0.0012677967107898765,406.90122174312177
1790327820,0.0012677967107898765,0.0013309978130116396,0.0012677967107898765,0.0013309978130116396,2.040823751592852
1790328180,0.0013309978130116396,0.0013309978130116396,0.0012078289996629076,0.0012078289996629076,6784.25081480255
1790328300,0.0012078289996629076,0.0012775876491090295,0.0012078289996629076,0.0012775876491090295,948.0542447794797
1790328360,0.0012775876491090295,0.0012775876491090295,0.001215501554214355,0.001215501554214355,111.0298701633707
1790328420,0.001215501554214355,0.001215501554214355,0.0012111222392120697,0.0012111222392120697,1024.9715399229353
1790328480,0.0012111222392120697,0.001270874112519131,0.0012111222392120697,0.001270874112519131,233.37063968683944
1790328660,0.001270874112519131,0.001270874112519131,0.0012152251229444755,0.0012152251229444755,235.60750679727232
1790328720,0.0012152251229444755,0.0012786338833390624,0.0012110863502584122,0.0012110863502584122,357.01996943161123
1790328780,0.0012110863502584122,0.0012110863502584122,0.0012051644636424436,0.0012051644636424436,495.7936377323961
1790328840,0.0012051644636424436,0.001228977925781672,0.0011676541855057385,0.0011676541855057385,4279.5800836790395
1790328900,0.0011676541855057385,0.0011676541855057385,0.0010745652048885076,0.0010745652048885076,10313.324078069638
1790328960,0.0010745652048885076,0.0011255309111691265,0.0010624487018350598,0.0011255182327854795,3365.6226060245335
1790329020,0.0011255182327854795,0.0011255182327854795,0.0010557580747824376,0.0011117298934473208,1641.10471502219
1790329080,0.0011117298934473208,0.0011155483066958229,0.0009979341264108918,0.0010521435413848852,9844.870996177739
1790329140,0.0010521435413848852,0.0010554980985208486,0.0009613523763190866,0.0009613523763190866,5789.980404267492
1790329200,0.0009613523763190866,0.0010200588296838367,0.0009613523763190866,0.0010200588296838367,1209.645948938971
1790329260,0.0010200588296838367,0.0010201909861465041,0.0010200588296838367,0.0010201909861465041,4.82924977000356
1790329320,0.0010201909861465041,0.0010374265238045036,0.0010191942927258732,0.0010374265238045036,2039.170862966415
1790329380,0.0010374265238045036,0.001038904002149327,0.0009866732552561426,0.001038904002149327,375.6930077742529
1790329440,0.001038904002149327,0.001070889379147898,0.0010196794303458624,0.0010196794303458624,3587.299674424097
1790329500,0.0010196794303458624,0.0010780372696060831,0.001019588970957194,0.0010241020200628796,704.2637879257156
1790329560,0.0010241020200628796,0.0010796936774793613,0.0010241020200628796,0.0010796936774793613,280.2797079966052
1790329620,0.0010796936774793613,0.001081139613814936,0.0010274212187535684,0.0010806232909618247,151.3471882351968
1790329680,0.0010806232909618247,0.001081685092823078,0.0010226438926106611,0.0010226438926106611,1041.390418804767
1790329740,0.0010226438926106611,0.0010744080793307713,0.0010116719691354605,0.00105895264853039,2800.25723016617
1790329800,0.00105895264853039,0.0010589574005569475,0.0010023029851448726,0.0010501109724094112,1017.7047587829691
1790329860,0.0010501109724094112,0.001050841359480553,0.0010492309226679986,0.0010507405974499043,232.3886288402513
1790329980,0.0010507405974499043,0.0010514683110118767,0.0010507405974499043,0.0010514683110118767,59.212700156734215
1790330100,0.0010514683110118767,0.0010514683110118767,0.0009968888513109308,0.0009968888513109308,337.59011117762816
1790330160,0.0009968888513109308,0.001043759267353074,0.0009920645945951064,0.0009920645945951064,551.1228468513227
1790330280,0.0009920645945951064,0.001045228070644038,0.0009920645945951064,0.001045228070644038,73.70195833914771
1790330460,0.001045228070644038,0.001045228070644038,0.000992713081334856,0.0010448310475471743,149.46832583624416
1790330520,0.0010448310475471743,0.0010461233713734716,0.0010448310475471743,0.0010461233713734716,279.08978708282956
1790330580,0.0010461233713734716,0.0010498601672246006,0.0010461233713734716,0.0010498601672246006,404.92356832761936
1790330640,0.0010498601672246006,0.0010664864795352968,0.0010110754833099103,0.0010664864795352968,1858.7540388228563
1790330700,0.0010664864795352968,0.0010701574196575541,0.0010664864795352968,0.0010701574196575541,617.6608857164285
1790330820,0.0010701574196575541,0.0010751953968436859,0.0010701574196575541,0.0010751953968436859,297.91198304564045
1790330880,0.0010751953968436859,0.0010775776165536416,0.0010751953968436859,0.0010772946167093716,247.54723535820492
1790331060,0.0010772946167093716,0.0010772946167093716,0.001026206289216944,0.001026206289216944,2.7056683600192506
1790331120,0.001026206289216944,0.001026206289216944,0.001023765146131569,0.001023765146131569,311.6788127685244
1790331180,0.001023765146131569,0.001023765146131569,0.0010132586133089739,0.0010132586133089739,1174.974646244512
1790331240,0.0010132586133089739,0.0010608240495023594,0.0010054715628964382,0.0010054715628964382,1240.4583879313027
1790331300,0.0010054715628964382,0.001051960100331581,0.0009989512266968161,0.0009989512266968161,384.57605295758253
1790331360,0.0009989512266968161,0.0009989512266968161,0.0009971165483967084,0.0009973512779617606,125.97500478552121
1790331420,0.0009973512779617606,0.0009973512779617606,0.0009972294918439222,0.0009972294918439222,8.410942606545277
1790331480,0.0009972294918439222,0.0009972294918439222,0.0009860548515205631,0.0009860548515205631,2456.389361823566
1790331540,0.0009860548515205631,0.001026515443924385,0.0009860548515205631,0.001026515443924385,6.138244400747706
1790331600,0.001026515443924385,0.001026515443924385,0.0009676862078650289,0.0009676862078650289,1975.79309916198
1790331660,0.0009676862078650289,0.0010036016293252647,0.000951321274300845,0.0009998453720763392,1033.8380427326827
1790331720,0.0009998453720763392,0.0009998453720763392,0.0009486908966695206,0.0009486908966695206,416.80056603640315
1790331780,0.0009486908966695206,0.0009486908966695206,0.0009407462759767346,0.0009407462759767346,836.8579962722065
1790331840,0.0009407462759767346,0.0009710901358433924,0.0009236596330618215,0.0009710901358433924,2381.013666177953
1790331900,0.0009710901358433924,0.0009710901358433924,0.0009180567931131772,0.0009180567931131772,1464.5994400979923
1790331960,0.0009180567931131772,0.0009180567931131772,0.0009132173054620802,0.0009132173054620802,292.29195394568785
1790332020,0.0009132173054620802,0.0009605743794609789,0.0009119132883930562,0.0009605743794609789,465.86204490556264
1790332080,0.0009605743794609789,0.0009662330520447161,0.0009605743794609789,0.0009662330520447161,434.2563500730471
1790332140,0.0009662330520447161,0.0009685781212987809,0.0009201177169571092,0.000966641975567469,676.7300586291882
1790332200,0.000966641975567469,0.000969692023104474,0.000966641975567469,0.000969692023104474,361.3553068454081
1790332320,0.000969692023104474,0.000969692023104474,0.0009080816192999814,0.0009080816192999814,1729.6112698704965
1790332380,0.0009080816192999814,0.0009536104465252063,0.0008987473924901384,0.0008987473924901384,1283.6764903870992
1790332440,0.0008987473924901384,0.0009459343513118286,0.0008987473924901384,0.0009459343513118286,11.874410578940614
1790332620,0.0009459343513118286,0.0009459343513118286,0.0008998518241865847,0.0008998518241865847,23.66707600118215
1790332740,0.0008998518241865847,0.000944149076486571,0.0008984030830723476,0.000944149076486571,262.53947082682936
1790332860,0.000944149076486571,0.0009484528274031755,0.000944149076486571,0.0009484528274031755,426.2646631575202
1790332920,0.0009484528274031755,0.000949427673887691,0.0008743363399185365,0.0008743363399185365,3539.866319457919
1790332980,0.0008743363399185365,0.0009144263994963831,0.0008586827663850591,0.0008586827663850591,1908.629221987203
1790333040,0.0008586827663850591,0.0008995971106240347,0.000854087845164998,0.0008559656306490019,1206.096502231335
1790333100,0.0008559656306490019,0.0009004809322925739,0.0008559656306490019,0.0009004809322925739,19.252385885021
1790333160,0.0009004809322925739,0.0009046136395479459,0.0009001170951166109,0.0009046136395479459,1015.3583753562017
1790333220,0.0009046136395479459,0.0009046136395479459,0.0008548590784926347,0.0008561347064748883,1731.832707707231
1790333280,0.0008561347064748883,0.0008561347064748883,0.000855469742235746,0.000855469742235746,206.56481566628696
1790333340,0.000855469742235746,0.000855469742235746,0.0008524638955785767,0.0008524638955785767,244.35929006044094
1790333400,0.0008524638955785767,0.0008984191846780592,0.0008513943863355766,0.0008513943863355766,919.2550768008986
1790333460,0.0008513943863355766,0.0008926686119652687,0.0008513943863355766,0.0008926686119652687,190.42990311128963
1790333520,0.0008926686119652687,0.0008940573569260348,0.0008437000335844177,0.0008437000335844177,1275.3452723844366
1790333580,0.0008437000335844177,0.0008437000335844177,0.0008429944069426265,0.0008429944069426265,16.922801140210478
1790333640,0.0008429944069426265,0.0009010648666835931,0.0008425054865458027,0.0009010188309480251,2263.9705833922817
1790333700,0.0009010188309480251,0.0009089997075159159,0.0009010188309480251,0.0009089997075159159,1660.4142128415126
1790333760,0.0009089997075159159,0.0009170683058172499,0.0008686597192019617,0.0009170683058172499,390.42760380274063
1790333820,0.0009170683058172499,0.0009174360287955309,0.0008707636374133895,0.0009150076103091086,467.6098378708653
1790333880,0.0009150076103091086,0.0009178483674535447,0.0009148686344642529,0.0009178483674535447,567.3572797512525
1790334060,0.0009178483674535447,0.0009233421586573656,0.0009178483674535447,0.0009233421586573656,174.91531843671422
1790334120,0.0009233421586573656,0.0009235423758809897,0.0009230117122648059,0.0009230117122648059,24.03855784889794
1790334180,0.0009230117122648059,0.0009234684705034361,0.0008673745875845721,0.0008673745875845721,1403.5834928190677
1790334240,0.0008673745875845721,0.0008683179518851298,0.0008673745875845721,0.0008683179518851298,6.126572312167048
1790334300,0.0008683179518851298,0.0009100968801669595,0.0008646603527781389,0.0008649841044118903,625.7495563381802
1790334360,0.0008649841044118903,0.0009197274246060603,0.0008649841044118903,0.0009197274246060603,2243.222032021752
1790334420,0.0009197274246060603,0.0009197274246060603,0.0008932871482189469,0.0008932871482189469,16.317771250954863
1790334480,0.0008932871482189469,0.0008983531809300885,0.0008932871482189469,0.0008983531809300885,58.48420005076209
1790334540,0.0008983531809300885,0.0008983531809300885,0.000896705805329698,0.000896705805329698,7.741192121745453
1790334600,0.000896705805329698,0.0009448618406559978,0.0008923394684239183,0.0008923394684239183,949.8911205305614
1790334660,0.0008923394684239183,0.0008923394684239183,0.000887364298204507,0.0008888648170934833,44.133335130329556
1790334780,0.0008888648170934833,0.0009345465804003458,0.0008888648170934833,0.0009345465804003458,24.306352666491033
1790334840,0.0009345465804003458,0.0009565243464888716,0.0009036530933586823,0.0009565243464888716,3441.341512640056
1790334900,0.0009565243464888716,0.0009705580178455798,0.0009565243464888716,0.0009705580178455798,839.9172001368138
1790334960,0.0009705580178455798,0.0009929825567965,0.0009231421356251652,0.0009895317568958664,2968.0903478249516
1790335020,0.0009895317568958664,0.0010002561384107804,0.0009895317568958664,0.0010002561384107804,1043.0761627321262
1790335080,0.0010002561384107804,0.0010296346694641356,0.0009543297203112282,0.0010296346694641356,3960.9763351930505
1790335140,0.0010296346694641356,0.0010347094684628555,0.0010296346694641356,0.0010347094684628555,563.2790223975371
1790335200,0.0010347094684628555,0.0010520291237004794,0.0009964790782096985,0.0009964790782096985,2299.3336709156524
1790335260,0.0009964790782096985,0.0010672100371080374,0.0009964790782096985,0.001065787529890229,3360.6444874220383
1790335320,0.001065787529890229,0.0010775735585213182,0.001009256807763803,0.0010617001499379389,2592.946624317935
1790335380,0.0010617001499379389,0.0010623133678416975,0.0010598863440957164,0.0010612222851658182,200.22475148655099
1790335440,0.0010612222851658182,0.0010620461077399184,0.0010593933244885867,0.0010620461077399184,232.7892450569403
1790335500,0.0010620461077399184,0.001073769518373322,0.0010620461077399184,0.001073769518373322,1261.0688507107975
1790335560,0.001073769518373322,0.0010857322739708018,0.0010299679986530764,0.0010857322739708018,1039.4724402810393
1790335620,0.0010857322739708018,0.0010857322739708018,0.0010272800062747628,0.0010817311521686328,589.6122470973534
1790335680,0.0010817311521686328,0.0010880940726014823,0.0010811873868746655,0.0010880940726014823,1364.4112684022398
1790335740,0.0010880940726014823,0.001099384336092871,0.0010406947416628906,0.001099384336092871,821.2995088041332
1790335800,0.001099384336092871,0.001139444470414158,0.001099384336092871,0.001139444470414158,4055.2154965213904
1790335860,0.001139444470414158,0.0012224639303591446,0.001139444470414158,0.0011806021627383788,11917.674092234325
1790335920,0.0011806021627383788,0.001273734996910872,0.0011806021627383788,0.0012105575849493168,3357.943026529076
1790335980,0.0012105575849493168,0.0012136910054170356,0.00113898740221715,0.0012004469815292437,8517.509609235027
1790336040,0.0012004469815292437,0.0012054794089584337,0.0011478396510722529,0.0011478396510722529,344.9930117202401
1790336100,0.0011478396510722529,0.0012121401018331459,0.0011478396510722529,0.001149001550343004,480.03311798348034
1790336160,0.001149001550343004,0.0012068543943723838,0.001149001550343004,0.001205893112588751,84.638362398824
1790336220,0.001205893112588751,0.0012104368138247308,0.0011560305201693604,0.0011560305201693604,1342.2567156552752
1790336280,0.0011560305201693604,0.0012152390179118648,0.0011560001405259111,0.0012149856308188403,89.1498762116581
1790336340,0.0012149856308188403,0.001218706833199136,0.0012149856308188403,0.001218706833199136,542.5168203221937
1790336460,0.001218706833199136,0.001218706833199136,0.0011560141144110266,0.0011560141144110266,409.360092749258
1790336520,0.0011560141144110266,0.0011560141144110266,0.001151089923629391,0.001151089923629391,620.6243741537289
1790336640,0.001151089923629391,0.001151089923629391,0.0011464786974914774,0.0011464786974914774,264.050354513193
1790336700,0.0011464786974914774,0.0011464786974914774,0.0011439399731811258,0.0011439399731811258,105.13087168540878
1790336760,0.0011439399731811258,0.0012039028322041628,0.0011437759567576998,0.0012039028322041628,147.16883507664585
1790336820,0.0012039028322041628,0.001205587213470882,0.0011360546035830944,0.0011840828682317473,2284.2898109697053
1790336880,0.0011840828682317473,0.0011840828682317473,0.0011117639355125838,0.0011117639355125838,2045.5320026989914
1790336940,0.0011117639355125838,0.0011117639355125838,0.0011033609556203065,0.0011033609556203065,102.68215339240813
1790337000,0.0011033609556203065,0.0011033609556203065,0.0011033334448725327,0.0011033334448725327,15.516150565846297
1790337120,0.0011033334448725327,0.0011614708016421357,0.0011033334448725327,0.0011614708016421357,116.68150361915774
1790337180,0.0011614708016421357,0.0011614708016421357,0.0011024250316015538,0.0011024250316015538,7.127135484056157
1790337240,0.0011024250316015538,0.0011024250316015538,0.0010996578184717465,0.0010996578184717465,327.91590331519706
1790337360,0.0010996578184717465,0.0010996578184717465,0.001094457905855698,0.001094457905855698,301.9264120650385
1790337420,0.001094457905855698,0.0011531769650786046,0.001094457905855698,0.0011531769650786046,2.408965453520809
1790337480,0.0011531769650786046,0.0011581450973566867,0.0011531769650786046,0.0011581450973566867,557.993722142128
1790337540,0.0011581450973566867,0.0011694161315439974,0.001111075117788703,0.001169414675533913,1133.6721002453796
1790337660,0.001169414675533913,0.001169414675533913,0.0011092375482083321,0.0011113705582646565,463.9407157887576
1790337720,0.0011113705582646565,0.0011618844568251259,0.0011075362774288146,0.0011618844568251259,524.8125952044369
1790337780,0.0011618844568251259,0.0011618844568251259,0.0009867514130448478,0.0010393028115568469,15476.918127147881
1790337840,0.0010393028115568469,0.0010395825997574232,0.0009656686641279034,0.0009656686641279034,3584.461364821825
1790337900,0.0009656686641279034,0.0009656686641279034,0.000961750338168617,0.000961750338168617,115.34203886194393
1790337960,0.000961750338168617,0.0010287263596776583,0.0009605722933677261,0.0010287263596776583,2186.038010083879
1790338020,0.0010287263596776583,0.0010298747281778794,0.0009775225553968,0.0010298747281778794,461.3836773789547
1790338080,0.0010298747281778794,0.0010317109586481456,0.0010297265435089819,0.0010316172373124024,259.7880457859943
1790338140,0.0010316172373124024,0.0010316172373124024,0.0008960051411221638,0.0009553575743509383,18633.412271953726
1790338200,0.0009553575743509383,0.0009646892882103133,0.0009209049829800208,0.0009209049829800208,1097.7984774656938
1790338260,0.0009209049829800208,0.0009433464725002815,0.0008916673080255346,0.0009433464725002815,8606.24901105404
1790338320,0.0009433464725002815,0.000955599880663519,0.0009074354262733657,0.0009074354262733657,1283.4272151442349
1790338380,0.0009074354262733657,0.0009597950313339924,0.0009053031956242466,0.0009597950313339924,955.0556824578817
1790338440,0.0009597950313339924,0.0009597950313339924,0.0009115175094818513,0.0009115175094818513,43.45462510552604
1790338500,0.0009115175094818513,0.000957307540448344,0.0009115175094818513,0.000957307540448344,236.54003052077456
1790338560,0.000957307540448344,0.000957307540448344,0.0009058384256331641,0.0009058384256331641,484.3408379057906
1790338620,0.0009058384256331641,0.0009058384256331641,0.000896238707382674,0.000896238707382674,510.36082526042145
1790338680,0.000896238707382674,0.000942945048831841,0.0008946062643818842,0.0008946062643818842,380.83349591935746
1790338740,0.0008946062643818842,0.000940181088937139,0.0008879338517053945,0.0008879338517053945,582.7914401713376
1790338980,0.0008879338517053945,0.0009385090070920703,0.0008879338517053945,0.0009385090070920703,241.81079622127365
1790339040,0.0009385090070920703,0.000943507646034789,0.0008957206049386942,0.000943507646034789,244.2214048240444
1790339100,0.000943507646034789,0.0009454333024429117,0.0008983932441697268,0.0009454333024429117,345.64900484579783
1790339160,0.0009454333024429117,0.0009476225863342309,0.0009454333024429117,0.0009476225863342309,183.95431063765406
1790339220,0.0009476225863342309,0.0009476225863342309,0.0008997492207662407,0.0009009790108387025,760.3951044607393
1790339280,0.0009009790108387025,0.0009517090939321882,0.0009009790108387025,0.0009517090939321882,662.7652153695415
1790339340,0.0009517090939321882,0.000953206625782717,0.000896917040441131,0.0009370167536191103,2358.0550902806476
1790339400,0.0009370167536191103,0.0009400946952418249,0.0009370167536191103,0.0009400946952418249,63.59477240808546
1790339460,0.0009400946952418249,0.0009464438776114056,0.0008972118669853833,0.0008972118669853833,690.8394092042437
1790339520,0.0008972118669853833,0.0009443301445114489,0.0008967518193843309,0.0008967518193843309,64.93705887695695
1790339580,0.0008967518193843309,0.0009461180709786117,0.0008967518193843309,0.0009461180709786117,198.35132231546328
1790339640,0.0009461180709786117,0.0009461180709786117,0.0009460396005785983,0.0009460396005785983,12.775550225208109
1790339760,0.0009460396005785983,0.0009491314500352417,0.0009014588582740172,0.0009014588582740172,220.03664968071803
1790339880,0.0009014588582740172,0.0009470732066663989,0.0008999104502207238,0.0009470732066663989,110.83377793188286
1790339940,0.0009470732066663989,0.0009470732066663989,0.0008986334562623056,0.0009449695278114422,191.04059909071245
1790340000,0.0009449695278114422,0.0009449695278114422,0.0008970552652022422,0.0008975188755780033,180.20412089803636
1790340120,0.0008975188755780033,0.0008975188755780033,0.0008949234133477765,0.0008949234133477765,130.51194592855106
1790340180,0.0008949234133477765,0.0009462627043665718,0.0008949234133477765,0.0009462627043665718,692.5164007680958
1790340240,0.0009462627043665718,0.00094866431859155,0.0009022293344689463,0.0009022293344689463,124.07779246908012
1790340300,0.0009022293344689463,0.0009474907505829945,0.0009017444818144203,0.0009474907505829945,98.995964791511
1790340360,0.0009474907505829945,0.0009474907505829945,0.0008988280454012264,0.0009012101526446766,575.3587526193663
1790340480,0.0009012101526446766,0.0009012101526446766,0.0008982009307254236,0.0008982009307254236,21.992206678155284
1790340540,0.0008982009307254236,0.0009422599457735329,0.0008982009307254236,0.0009422599457735329,2.5995618219741927
1790340660,0.0009422599457735329,0.0009422599457735329,0.000887001241475534,0.0009239979235792045,2598.7918358382362
1790340720,0.0009239979235792045,0.0009239979235792045,0.0008774263687224825,0.0008774263687224825,39.97102063852625
1790340780,0.0008774263687224825,0.0008779431488712973,0.000877377503370269,0.0008779431488712973,24.306279187167533
1790340840,0.0008779431488712973,0.0009234822539915275,0.0008779431488712973,0.0009234822539915275,9.542472721966954
1790340900,0.0009234822539915275,0.0009253419679196374,0.0009234822539915275,0.0009253419679196374,129.0314064956963
1790340960,0.0009253419679196374,0.0009268259283986304,0.0008810757568198593,0.0008810757568198593,237.8296038237925
1790341020,0.0008810757568198593,0.0008810757568198593,0.0008775375311979583,0.0008782095303030317,403.861937125304
1790341080,0.0008782095303030317,0.0008782095303030317,0.0008746062755334792,0.0008746062755334792,441.9082943950683
1790341140,0.0008746062755334792,0.000955545688798143,0.0008746062755334792,0.000955545688798143,4399.926257783057
1790341200,0.000955545688798143,0.0009559529868501115,0.0009087436727749438,0.0009559529868501115,52.34447421748156
1790341380,0.0009559529868501115,0.0009587976177806814,0.0009559100690047637,0.0009587976177806814,461.28723280672233
1790341440,0.0009587976177806814,0.0009644619396244747,0.0009587976177806814,0.0009644619396244747,667.1825978682167
1790341500,0.0009644619396244747,0.0009715619214085188,0.0009644619396244747,0.0009706957180381959,560.1306640518982
1790341560,0.0009706957180381959,0.0009724700902602081,0.0009243829003744592,0.0009722791507468233,181.11124394362417
1790341620,0.0009722791507468233,0.000972582606675793,0.0009719423714086432,0.000972582606675793,56.66243364203029
1790341680,0.000972582606675793,0.0009749319497773845,0.000972582606675793,0.0009749319497773845,141.07391931952563
1790341740,0.0009749319497773845,0.0009749319497773845,0.0009746096601684002,0.0009746096601684002,66.27755684655764
1790341800,0.0009746096601684002,0.0009774538721220478,0.0009746096601684002,0.0009774538721220478,355.3492762051643
1790341920,0.0009774538721220478,0.0009780236690678232,0.0009774538721220478,0.0009780236690678232,25.32669259655639
1790341980,0.0009780236690678232,0.000979076212905807,0.0009325585926831004,0.0009325585926831004,444.4431553883629
1790342160,0.0009325585926831004,0.000984536511340591,0.0009325585926831004,0.0009844718166920022,61.97128488733679
1790342340,0.0009844718166920022,0.0009844718166920022,0.0009281416738454595,0.0009281416738454595,73.76752605918665
1790342400,0.0009281416738454595,0.0009766504960996543,0.0009276816196334492,0.0009276816196334492,192.6393441922999
1790342460,0.0009276816196334492,0.0009744760448307362,0.0009245944432785107,0.0009744760448307362,426.83356462214715
1790342520,0.0009744760448307362,0.0009744760448307362,0.0009222416249149461,0.0009701404097742401,24.344148596446228
1790342580,0.0009701404097742401,0.00097173209771598,0.0009701404097742401,0.00097173209771598,79.5967521440087
1790342640,0.00097173209771598,0.0009724123663376775,0.00097173209771598,0.0009724123663376775,232.9460436868272
1790342700,0.0009724123663376775,0.0009724123663376775,0.0009717416965918631,0.0009721261529942748,26.952769245581052
1790342760,0.0009721261529942748,0.000972176248788094,0.0009721261529942748,0.000972176248788094,2.501340647359413
1790342820,0.000972176248788094,0.000972176248788094,0.0009210722879348461,0.0009210722879348461,799.5629958772859
1790343060,0.0009210722879348461,0.0009588893875374647,0.0009158966672538404,0.0009588893875374647,817.2964001836818
1790343120,0.0009588893875374647,0.0009588893875374647,0.0009098458586432772,0.0009098458586432772,145.23678985672674
1790343180,0.0009098458586432772,0.0009098458586432772,0.0009096433245934013,0.0009096433245934013,195.6255411567574
1790343240,0.0009096433245934013,0.0009106539974509442,0.0009093895041256601,0.0009106539974509442,140.59232240744385
1790343300,0.0009106539974509442,0.0009625064342126431,0.0009106539974509442,0.0009625064342126431,150.80642226710088
1790343420,0.0009625064342126431,0.0009625064342126431,0.0009594946783692066,0.0009594946783692066,2.0324598114789496
1790343480,0.0009594946783692066,0.0009600514784778719,0.0009115635783373315,0.0009115635783373315,105.15835359568784
1790343540,0.0009115635783373315,0.0009115635783373315,0.0009112113983800347,0.0009115157772970452,72.81191447169032
1790343600,0.0009115157772970452,0.0009683931849901231,0.0009106088691424446,0.0009320357085690742,3137.1489373413515
1790343660,0.0009320357085690742,0.0009800279387968864,0.0009320357085690742,0.0009800279387968864,59.87826311672558
1790343720,0.0009800279387968864,0.0009811995635868316,0.000978900601230554,0.0009811995635868316,560.667700268531
1790343780,0.0009811995635868316,0.0009828515639406822,0.0009811995635868316,0.0009828515639406822,99.76697837297112
1790343840,0.0009828515639406822,0.0009828515639406822,0.0009822070143813597,0.0009822070143813597,2.5690180292093903
1790343900,0.0009822070143813597,0.0009822070143813597,0.0009342687147222653,0.0009342687147222653,11.16221881972813
1790343960,0.0009342687147222653,0.0009342687147222653,0.0009246227799487031,0.0009246227799487031,1184.8065245092068
1790344020,0.0009246227799487031,0.0009616609790615285,0.0009150106505349493,0.0009616609790615285,561.6656866053804
1790344080,0.0009616609790615285,0.0009716685585572934,0.0009154846255024577,0.0009716685585572934,1168.9585698561034
1790344140,0.0009716685585572934,0.0009766533351017685,0.0009716685585572934,0.0009766533351017685,384.81845700962725
1790344200,0.0009766533351017685,0.0010102686827369188,0.0009766533351017685,0.0010102686827369188,4030.1368759997913
1790344260,0.0010102686827369188,0.0010143226958737738,0.0009655046653837688,0.0009655046653837688,465.8349035784905
1790344320,0.0009655046653837688,0.0010202822377927642,0.0009655046653837688,0.0010202822377927642,533.8470772291081
1790344380,0.0010202822377927642,0.0010272477308228927,0.0010202822377927642,0.0010272477308228927,578.0820290276773
1790344440,0.0010272477308228927,0.0010315575056752478,0.0010272477308228927,0.0010315575056752478,300.19398035539234
1790344500,0.0010315575056752478,0.0010323950825955653,0.0009819018814641886,0.0010323950825955653,173.92715540976621
1790344620,0.0010323950825955653,0.0010323950825955653,0.0010295493732251921,0.001030767994524488,105.25593256803002
1790344680,0.001030767994524488,0.001032259308638005,0.001030767994524488,0.001031789945069767,39.05655561994874
1790344740,0.001031789945069767,0.001031789945069767,0.0010307659874698551,0.0010307659874698551,53.978468684580065
1790344800,0.0010307659874698551,0.0010330171922047742,0.0010307659874698551,0.0010330171922047742,44.11723354007947
1790344860,0.0010330171922047742,0.001036595500553283,0.0010330171922047742,0.001036595500553283,337.93738240188554
1790344920,0.001036595500553283,0.0010381621868759273,0.001035814063862735,0.0010381621868759273,235.07625872494668
1790344980,0.0010381621868759273,0.0010381621868759273,0.0010320792893204534,0.0010320792893204534,2.53603739690096
1790345040,0.0010320792893204534,0.0010320792893204534,0.001029221385525459,0.001030699542612258,405.7244685350204
1790345100,0.001030699542612258,0.0010328074504328381,0.001030699542612258,0.0010328074504328381,47.387869828047
1790345160,0.0010328074504328381,0.0010345121103192498,0.0010328074504328381,0.0010332094108225472,13.55184869477328
1790345220,0.0010332094108225472,0.001039501281583869,0.0010332094108225472,0.001039501281583869,118.61085230925282
1790345280,0.001039501281583869,0.0010487014847025307,0.000996451214029461,0.000996451214029461,919.5584510617026
1790345340,0.000996451214029461,0.000996451214029461,0.00099165365731608,0.00099165365731608,698.4964058508199
1790345460,0.00099165365731608,0.00099165365731608,0.0009884520993055199,0.0009884520993055199,441.37864414095725
1790345520,0.0009884520993055199,0.0010288847414174158,0.0009794237843394704,0.0010288847414174158,1422.4290081105426
1790345580,0.0010288847414174158,0.0010304733749878447,0.0010288847414174158,0.0010304733749878447,11.015357182211208
1790345700,0.0010304733749878447,0.0010304733749878447,0.0010290550883081094,0.0010290550883081094,317.3123778355977
1790345820,0.0010290550883081094,0.0010312276262599656,0.0010290550883081094,0.0010312276262599656,409.0702773224227
1790345880,0.0010312276262599656,0.0010357052817709666,0.0010312276262599656,0.0010357052817709666,50.43653977962734
1790345940,0.0010357052817709666,0.0010374927614790717,0.0009832939363406097,0.0009832939363406097,838.0294543552064
1790346060,0.0009832939363406097,0.0009841615875273706,0.0009832939363406097,0.0009841615875273706,3.5475422214789774
1790346240,0.0009841615875273706,0.0010332627493441816,0.0009841615875273706,0.0010321708571251872,3.5970332603136455
1790346300,0.0010321708571251872,0.0010341928639871242,0.0010321708571251872,0.0010341928639871242,42.17650738467426
1790346420,0.0010341928639871242,0.0010341928639871242,0.0009819164424907402,0.0009819164424907402,3.3387074910951933
1790346480,0.0009819164424907402,0.0009819164424907402,0.0009438159453399512,0.0009438159453399512,8699.401272878782
1790346540,0.0009438159453399512,0.0009559024933414398,0.0009438159453399512,0.0009554405762218865,79.61395238441747
1790346600,0.0009554405762218865,0.0009567343356195614,0.0009080360754371935,0.0009541071535429484,796.752930940257
1790346660,0.0009541071535429484,0.0009559943200332694,0.0009018613501719712,0.0009018613501719712,1316.5859796795926
1790346720,0.0009018613501719712,0.0009018613501719712,0.0008607422965598763,0.0008607422965598763,9326.12728421866
1790346780,0.0008607422965598763,0.0008688215036141874,0.0008607422965598763,0.0008688215036141874,118.84435435329917
1790346840,0.0008688215036141874,0.0008722679622494972,0.0008287232991575197,0.0008722679622494972,491.6350202286984
1790346900,0.0008722679622494972,0.0008722679622494972,0.0008256866475099292,0.0008256866475099292,925.4569048712393
1790346960,0.0008256866475099292,0.0008751662154607863,0.0008256866475099292,0.0008751662154607863,974.3061139441135
1790347020,0.0008751662154607863,0.0008751662154607863,0.0008747418349118895,0.0008747418349118895,9.311132138137681
1790347080,0.0008747418349118895,0.0008797471162223003,0.0008747418349118895,0.0008797471162223003,574.4103605686371
1790347140,0.0008797471162223003,0.0008820445744654692,0.0008797471162223003,0.0008820445744654692,266.1429068309103
1790347200,0.0008820445744654692,0.0008846777664271944,0.0008802037973179646,0.0008840510870049514,649.3986147683978
1790347260,0.0008840510870049514,0.0008842399347692965,0.0008279269493252789,0.0008279269493252789,1517.7132120236604
1790347320,0.0008279269493252789,0.0008279269493252789,0.0008242971414860337,0.0008242971414860337,505.59966677729017
1790347380,0.0008242971414860337,0.0008654666660017574,0.0008165306039681617,0.0008165306039681617,975.2430219816366
1790347440,0.0008165306039681617,0.0008165306039681617,0.0008150734302455456,0.0008156445233346823,60.855014766343906
1790347500,0.0008156445233346823,0.0008573864258157725,0.0008156445233346823,0.0008573864258157725,395.2003517477349
1790347560,0.0008573864258157725,0.0008623458068822032,0.0008573864258157725,0.0008616851186022245,91.34134444491242
1790347620,0.0008616851186022245,0.0008636485354681288,0.0008616851186022245,0.0008636485354681288,145.467084666812
1790347680,0.0008636485354681288,0.0008650254366940056,0.0008636485354681288,0.0008650254366940056,4.683747249150528
1790347800,0.0008650254366940056,0.0008650254366940056,0.0008210798662149209,0.0008210798662149209,118.36641503645723
1790347860,0.0008210798662149209,0.0008567162016205549,0.000817195188451874,0.0008567162016205549,930.5320223136227
1790347920,0.0008567162016205549,0.0008567162016205549,0.000856505261364761,0.000856505261364761,94.48185564605097
1790347980,0.000856505261364761,0.0008581489407018898,0.0008117098827389567,0.0008581489407018898,989.9454186079438
1790348040,0.0008581489407018898,0.0008619474031059432,0.0008581489407018898,0.0008619474031059432,334.7116936219551
1790348100,0.0008619474031059432,0.0008647100186431208,0.0008619474031059432,0.0008647100186431208,49.91084626460059
1790348160,0.0008647100186431208,0.0008647100186431208,0.0007743375544074049,0.0008149391522146756,9344.651493338977
1790348220,0.0008149391522146756,0.0008194353696773428,0.0008149391522146756,0.0008194353696773428,603.3226878724927
1790348280,0.0008194353696773428,0.0008245566132362371,0.0008194353696773428,0.0008245566132362371,585.451311069485
1790348340,0.0008245566132362371,0.0008251341227674922,0.0008245566132362371,0.0008251341227674922,46.43114820324767
1790348400,0.0008251341227674922,0.0008251341227674922,0.0007838612028046656,0.0007838612028046656,102.62206400901053
1790348460,0.0007838612028046656,0.0008295445054088476,0.0007838612028046656,0.0008295445054088476,411.5115833680622
1790348520,0.0008295445054088476,0.0008309797094107936,0.0008294119745381478,0.0008294119745381478,59.09571846033388
1790348580,0.0008294119745381478,0.0008294119745381478,0.0007881961655326555,0.0007881961655326555,86.96954629398536
1790348640,0.0007881961655326555,0.0007881961655326555,0.0007867647650448937,0.0007867647650448937,16.955905932632955
1790348700,0.0007867647650448937,0.0008270286859675161,0.0007848194750616183,0.0008268019205007131,451.11292522567265
1790348760,0.0008268019205007131,0.0008745606224280139,0.0008268019205007131,0.0008745606224280139,6625.1325895074015
1790348880,0.0008745606224280139,0.0008837136450203523,0.0008745606224280139,0.0008837136450203523,613.5015185135346
1790348940,0.0008837136450203523,0.0008922737814209255,0.0008837136450203523,0.0008922737814209255,1073.4081549249615
1790349000,0.0008922737814209255,0.0008956040722961446,0.0008922737814209255,0.0008956040722961446,27.921092797795076
1790349060,0.0008956040722961446,0.0008965418310765359,0.0008953406233875849,0.0008965418310765359,23.710308350563967
1790349120,0.0008965418310765359,0.0009002735288839331,0.0008965418310765359,0.0008999206000782757,205.91250916490466
1790349300,0.0008999206000782757,0.0008999550693184159,0.0008561728327710171,0.0008999550693184159,152.3248653207985
1790349600,0.0008999550693184159,0.0008999550693184159,0.000894996231980062,0.000894996231980062,106.02791324377557
1790349660,0.000894996231980062,0.000894996231980062,0.0008514004520503062,0.0008514004520503062,42.85479002300872
1790349780,0.0008514004520503062,0.0009020354129637973,0.0008514004520503062,0.0009020354129637973,628.1188154663944
1790349960,0.0009020354129637973,0.0009020354129637973,0.0009010142798593094,0.0009010142798593094,2.912941252104251
1790350020,0.0009010142798593094,0.0009010142798593094,0.0008556798014891932,0.0008556798014891932,211.61442371837916
1790350140,0.0008556798014891932,0.0009029157386901978,0.0008556798014891932,0.0009029157386901978,1328.6547683821464
1790350200,0.0009029157386901978,0.000908729508471577,0.0009029157386901978,0.000908729508471577,9.614636624354654
1790350260,0.000908729508471577,0.000908729508471577,0.0008618105903725049,0.0008618105903725049,18.640802496182456
1790350320,0.0008618105903725049,0.0008618105903725049,0.0008597633743352916,0.0008597633743352916,916.2623791506174
