group,div,season,date,week,home,away,hg,ag,AvgH,AvgD,AvgA,AvgCH,AvgCD,AvgCA,model,ph,pd,pa,pb_h,pb_d,pb_a
ENG,E1,2526,2025-08-08,2025-08-04,Birmingham,Ipswich,1,1,2.45,3.3,2.87,2.54,3.24,2.79,dc,0.2146,0.2359,0.5495,0.19217740636617958,0.22841479157173206,0.5794078020620882
ENG,E1,2526,2025-08-09,2025-08-04,Coventry,Hull,0,0,1.73,3.75,4.58,1.71,3.73,4.85,dc,0.5011,0.2661,0.2328,0.5016355309524021,0.26691033471651415,0.23145413433108378
ENG,E1,2526,2025-08-09,2025-08-04,Middlesbrough,Swansea,1,0,1.99,3.47,3.64,2.05,3.31,3.71,dc,0.4671,0.2596,0.2733,0.466457845528757,0.2601122817759782,0.2734298726952647
ENG,E1,2526,2025-08-09,2025-08-04,Norwich,Millwall,1,2,2.02,3.36,3.69,2.15,3.27,3.47,dc,0.4557,0.2504,0.2939,0.4547141173574927,0.2510898230218792,0.29419605962062817
ENG,E1,2526,2025-08-09,2025-08-04,Oxford,Portsmouth,0,1,2.53,3.28,2.74,2.66,3.16,2.73,dc,0.3985,0.2533,0.3482,0.39893352744505295,0.2536587548217398,0.3474077177332073
ENG,E1,2526,2025-08-09,2025-08-04,QPR,Preston,1,1,2.32,3.19,3.12,2.59,3.16,2.8,dc,0.4527,0.2608,0.2865,0.4527660075153109,0.2606688868928372,0.28656510559185194
ENG,E1,2526,2025-08-09,2025-08-04,Stoke,Derby,3,1,2.27,3.13,3.28,2.08,3.16,3.8,dc,0.3447,0.3059,0.3494,0.34597883258700607,0.30595437253798946,0.3480667948750045
ENG,E1,2526,2025-08-09,2025-08-04,West Brom,Blackburn,1,0,1.82,3.43,4.48,1.87,3.43,4.27,dc,0.4336,0.279,0.2875,0.4329498469240788,0.2793877099760884,0.2876624430998328
ENG,E1,2526,2025-08-09,2025-08-04,Sheffield United,Bristol City,1,4,1.71,3.78,4.61,1.68,3.83,4.94,dc,0.519,0.2563,0.2246,0.5212358633849444,0.2566812309154338,0.22208290569962177
ENG,E1,2526,2025-08-10,2025-08-04,Leicester,Sheffield Weds,2,1,1.14,7.7,18.06,1.25,5.9,11.69,dc,0.6258,0.2112,0.163,0.649848755957715,0.20276876749015735,0.1473824765521274
ENG,E0,2526,2025-08-15,2025-08-11,Liverpool,Bournemouth,4,2,1.31,5.96,8.31,1.29,6.02,8.68,dc,0.5956,0.2048,0.1996,0.5958741543429785,0.2048654539484067,0.19926039170861487
ENG,E1,2526,2025-08-16,2025-08-11,Preston,Leicester,2,1,3.56,3.33,2.09,3.85,3.42,1.97,dc,0.2593,0.2722,0.4686,0.24431892653017978,0.2689327558760791,0.48674831759374115
ENG,E1,2526,2025-08-16,2025-08-11,Millwall,Middlesbrough,0,3,2.18,3.19,3.44,2.19,3.26,3.39,dc,0.3812,0.2945,0.3243,0.38115078084505527,0.2951408672448564,0.3237083519100884
ENG,E0,2526,2025-08-16,2025-08-11,Aston Villa,Newcastle,0,0,2.3,3.56,2.94,2.38,3.41,2.93,dc,0.3903,0.2425,0.3672,0.39131838937276536,0.24282741907548028,0.36585419155175436
ENG,E0,2526,2025-08-16,2025-08-11,Brighton,Fulham,1,1,1.92,3.62,3.91,1.83,3.64,4.26,dc,0.5212,0.2113,0.2675,0.5216941203169476,0.21107704972576735,0.2672288299572851
ENG,E0,2526,2025-08-16,2025-08-11,Wolves,Man City,0,4,6.73,4.73,1.44,6.24,4.32,1.51,dc,0.2056,0.2181,0.5762,0.2051576912902764,0.2181763975831996,0.5766659111265242
ENG,E1,2526,2025-08-16,2025-08-11,Sheffield Weds,Stoke,0,3,3.91,3.45,1.94,3.45,3.33,2.13,dc,0.4523,0.2478,0.2999,0.45284963230965775,0.24755485236024988,0.2995955153300924
ENG,E0,2526,2025-08-16,2025-08-11,Sunderland,West Ham,3,0,3.17,3.38,2.26,3.4,3.17,2.25,dc,0.1667,0.2421,0.5911,0.15285864554227982,0.23390965378647255,0.6132317006712478
ENG,E1,2526,2025-08-16,2025-08-11,Portsmouth,Norwich,1,2,2.43,3.39,2.83,2.53,3.36,2.73,dc,0.4621,0.2229,0.315,0.46165599883499225,0.2228692563665835,0.3154747447984242
ENG,E1,2526,2025-08-16,2025-08-11,Wrexham,West Brom,2,3,2.75,3.18,2.6,2.72,3.19,2.64,dc,0.3071,0.2443,0.4487,0.3199577495688215,0.24508126544834866,0.4349609849828297
ENG,E1,2526,2025-08-16,2025-08-11,Blackburn,Birmingham,1,2,3.11,3.25,2.33,3.16,3.19,2.33,dc,0.4135,0.3141,0.2725,0.4053287486205275,0.31630806876393586,0.2783631826155367
ENG,E1,2526,2025-08-16,2025-08-11,Bristol City,Charlton,0,0,1.92,3.46,3.98,1.94,3.48,3.88,dc,0.0692,0.4401,0.4907,0.12130079254672463,0.4290664746006199,0.44963273285265537
ENG,E0,2526,2025-08-16,2025-08-11,Tottenham,Burnley,3,0,1.37,4.8,8.3,1.55,4.01,6.16,dc,0.3408,0.2864,0.3728,0.3585557962880946,0.2869742078576051,0.35446999585430033
ENG,E1,2526,2025-08-16,2025-08-11,Watford,QPR,2,1,2.12,3.28,3.51,1.94,3.49,3.87,dc,0.4059,0.2726,0.3215,0.4039521368607746,0.27302538218740613,0.3230224809518194
ENG,E1,2526,2025-08-16,2025-08-11,Derby,Coventry,3,5,3.0,3.19,2.41,3.48,3.17,2.19,dc,0.3235,0.2771,0.3995,0.3222147842527529,0.2770745978631997,0.4007106178840473
ENG,E1,2526,2025-08-16,2025-08-11,Swansea,Sheffield United,1,0,2.83,3.21,2.54,2.51,3.2,2.86,dc,0.3513,0.2756,0.3731,0.3483248819881695,0.2765210772050045,0.375154040806826
ENG,E0,2526,2025-08-17,2025-08-11,Chelsea,Crystal Palace,0,0,1.61,4.21,5.08,1.82,3.72,4.26,dc,0.5013,0.2498,0.2489,0.5021405519007285,0.24960421038191374,0.24825523771735794
ENG,E0,2526,2025-08-17,2025-08-11,Nott'm Forest,Brentford,3,1,2.15,3.36,3.43,1.91,3.44,4.16,dc,0.4205,0.2379,0.3416,0.4204669099297049,0.23795431821353277,0.3415787718567622
ENG,E0,2526,2025-08-17,2025-08-11,Man United,Arsenal,0,1,3.57,3.56,2.01,3.79,3.7,1.93,dc,0.1992,0.2463,0.5545,0.19799174564431046,0.24610231897442636,0.5559059353812632
ENG,E1,2526,2025-08-17,2025-08-11,Ipswich,Southampton,1,1,2.08,3.45,3.36,1.91,3.61,3.76,dc,0.5073,0.2441,0.2486,0.5063151508688756,0.24493664858511116,0.2487482005460134
ENG,E1,2526,2025-08-17,2025-08-11,Hull,Oxford,3,2,1.92,3.3,4.15,1.91,3.35,4.19,dc,0.4379,0.3161,0.246,0.4365042749319379,0.31707393281987223,0.24642179224819008
ENG,E0,2526,2025-08-18,2025-08-18,Leeds,Everton,1,0,2.39,3.29,2.96,2.34,3.21,3.16,dc,0.3671,0.3124,0.3205,0.3518546648426322,0.3129812913812326,0.33516404377613507
ENG,E0,2526,2025-08-22,2025-08-18,West Ham,Chelsea,1,5,4.68,3.88,1.71,4.75,3.82,1.72,dc,0.2135,0.2584,0.5282,0.21187138217887558,0.2577962958508601,0.5303323219702645
ENG,E1,2526,2025-08-22,2025-08-18,Derby,Bristol City,1,1,2.95,3.18,2.45,3.04,3.07,2.46,dc,0.2789,0.2443,0.4768,0.28097502477319447,0.24520137388773994,0.4738236013390655
ENG,E0,2526,2025-08-23,2025-08-18,Brentford,Aston Villa,1,0,3.11,3.53,2.21,3.25,3.45,2.18,dc,0.3786,0.2531,0.3683,0.3777040077249474,0.2530481811188154,0.3692478111562373
ENG,E0,2526,2025-08-23,2025-08-18,Burnley,Sunderland,2,0,2.25,3.16,3.42,2.38,3.11,3.22,dc,0.5544,0.2963,0.1493,0.5551660956780331,0.2964197950291238,0.14841410929284293
ENG,E0,2526,2025-08-23,2025-08-18,Arsenal,Leeds,5,0,1.27,5.93,10.61,1.33,5.36,8.94,dc,0.6139,0.2357,0.1504,0.6300535753963564,0.22918707921850448,0.14075934538513912
ENG,E0,2526,2025-08-23,2025-08-18,Man City,Tottenham,0,2,1.48,4.7,6.08,1.54,4.53,5.46,dc,0.7602,0.1412,0.0987,0.7609029861203719,0.14083438671201898,0.09826262716760918
ENG,E1,2526,2025-08-23,2025-08-18,Wrexham,Sheffield Weds,2,2,1.56,4.16,5.59,1.58,4.02,5.53,dc,0.4271,0.1945,0.3785,0.4337672451335166,0.19341580684949652,0.37281694801698695
ENG,E1,2526,2025-08-23,2025-08-18,West Brom,Portsmouth,1,1,1.78,3.64,4.43,1.66,3.82,5.1,dc,0.5022,0.2568,0.241,0.502556941084957,0.25667093653519973,0.2407721223798435
ENG,E1,2526,2025-08-23,2025-08-18,Southampton,Stoke,1,2,1.73,3.77,4.61,1.89,3.63,3.91,dc,0.4167,0.2847,0.2985,0.42963324935445635,0.2835590689725297,0.28680768167301385
ENG,E0,2526,2025-08-23,2025-08-18,Bournemouth,Wolves,1,0,1.79,3.88,4.24,1.8,3.74,4.32,dc,0.5788,0.2144,0.2068,0.5786795935919072,0.2142783603727442,0.20704204603534868
ENG,E1,2526,2025-08-23,2025-08-18,Preston,Ipswich,1,0,3.68,3.39,2.03,3.38,3.32,2.16,dc,0.3274,0.2664,0.4063,0.31328508751294226,0.26509510791269053,0.4216198045743674
ENG,E1,2526,2025-08-23,2025-08-18,Norwich,Middlesbrough,1,2,2.24,3.45,3.08,2.35,3.42,2.92,dc,0.3477,0.2452,0.4072,0.347046385043722,0.2449785530885343,0.4079750618677436
ENG,E1,2526,2025-08-23,2025-08-18,Charlton,Leicester,0,1,3.35,3.3,2.17,2.92,3.2,2.47,dc,0.3768,0.5913,0.0319,0.3198984329797292,0.5614076560195919,0.11869391100067914
ENG,E1,2526,2025-08-23,2025-08-18,Coventry,QPR,7,1,1.55,4.07,5.97,1.44,4.57,6.69,dc,0.5698,0.219,0.2112,0.5699662569428343,0.21879960374347743,0.21123413931368795
ENG,E1,2526,2025-08-23,2025-08-18,Hull,Blackburn,0,3,2.35,3.19,3.08,2.3,3.27,3.12,dc,0.3895,0.321,0.2894,0.3888235880416342,0.32101517499438753,0.2901612369639782
ENG,E1,2526,2025-08-23,2025-08-18,Swansea,Watford,1,1,2.03,3.37,3.68,1.8,3.52,4.57,dc,0.4522,0.2888,0.2589,0.4539808088643927,0.28883225990659755,0.2571869312290099
ENG,E1,2526,2025-08-23,2025-08-18,Birmingham,Oxford,1,0,1.46,4.34,6.86,1.47,4.24,6.98,dc,0.5828,0.2331,0.1842,0.5880653086551637,0.23108416507895946,0.18085052626587658
ENG,E1,2526,2025-08-23,2025-08-18,Sheffield United,Millwall,0,1,2.0,3.35,3.79,1.83,3.64,4.16,dc,0.4749,0.2843,0.2408,0.475623724792906,0.28414856948095774,0.24022770572613641
ENG,E0,2526,2025-08-24,2025-08-18,Crystal Palace,Nott'm Forest,1,1,2.35,3.26,3.07,2.39,3.24,3.06,dc,0.4193,0.2599,0.3208,0.41897472701304,0.25989149769963216,0.32113377528732784
ENG,E0,2526,2025-08-24,2025-08-18,Everton,Brighton,2,0,3.08,3.3,2.32,2.9,3.34,2.43,dc,0.4342,0.2676,0.2982,0.4339485958377217,0.267592974883477,0.2984584292788012
ENG,E0,2526,2025-08-24,2025-08-18,Fulham,Man United,1,1,3.27,3.53,2.13,3.45,3.51,2.08,dc,0.481,0.2626,0.2564,0.4806394053432425,0.26252961224500965,0.25683098241174784
ENG,E0,2526,2025-08-25,2025-08-25,Newcastle,Liverpool,2,3,3.3,3.83,2.02,2.92,3.65,2.29,dc,0.419,0.2194,0.3616,0.4188913002623719,0.21943807486049455,0.3616706248771336
ENG,E1,2526,2025-08-29,2025-08-25,Leicester,Birmingham,2,0,2.49,3.2,2.86,2.5,3.23,2.84,dc,0.3967,0.3012,0.3022,0.4030456337221653,0.30101129480678473,0.29594307147105015
ENG,E0,2526,2025-08-30,2025-08-25,Man United,Burnley,3,2,1.35,5.15,8.28,1.38,5.06,7.6,dc,0.3599,0.3334,0.3067,0.3674612165563897,0.3333866525635903,0.29915213088001974
ENG,E0,2526,2025-08-30,2025-08-25,Sunderland,Brentford,2,1,2.92,3.27,2.46,3.1,3.25,2.35,dc,0.1377,0.2088,0.6534,0.1309236371927521,0.20399205775453694,0.6650843050527108
ENG,E0,2526,2025-08-30,2025-08-25,Tottenham,Bournemouth,0,1,1.73,4.06,4.29,1.89,3.75,3.84,dc,0.4356,0.234,0.3304,0.43482155778818626,0.23414892808582644,0.33102951412598736
ENG,E0,2526,2025-08-30,2025-08-25,Wolves,Everton,2,3,2.66,3.19,2.74,3.33,3.11,2.32,dc,0.262,0.2951,0.4429,0.2619618057390181,0.29541334561137456,0.44262484864960744
ENG,E0,2526,2025-08-30,2025-08-25,Chelsea,Fulham,2,0,1.55,4.35,5.6,1.67,3.93,5.03,dc,0.594,0.2278,0.1781,0.594424591595496,0.22777428991405974,0.17780111849044433
ENG,E0,2526,2025-08-30,2025-08-25,Leeds,Newcastle,0,0,3.37,3.49,2.12,3.67,3.36,2.06,dc,0.2336,0.2317,0.5347,0.2250189373928977,0.22930968304672986,0.5456713795603723
ENG,E1,2526,2025-08-30,2025-08-25,Watford,Southampton,2,2,2.91,3.36,2.39,2.85,3.35,2.43,dc,0.3538,0.2936,0.3526,0.34539147532763426,0.293991777966142,0.3606167467062239
ENG,E1,2526,2025-08-30,2025-08-25,Stoke,West Brom,0,1,2.57,3.26,2.72,2.59,3.24,2.73,dc,0.3922,0.2775,0.3304,0.3925814095218431,0.27741042413639366,0.3300081663417634
ENG,E1,2526,2025-08-30,2025-08-25,Sheffield Weds,Swansea,0,2,3.11,3.27,2.29,3.31,3.28,2.2,dc,0.3453,0.277,0.3777,0.3455690032995661,0.2772374735136515,0.37719352318678245
ENG,E1,2526,2025-08-30,2025-08-25,Portsmouth,Preston,1,0,2.2,3.32,3.27,2.12,3.33,3.45,dc,0.4077,0.281,0.3114,0.40634239855801674,0.2811827952135653,0.31247480622841795
ENG,E1,2526,2025-08-30,2025-08-25,Oxford,Coventry,2,2,4.43,3.69,1.77,4.81,3.99,1.66,dc,0.2244,0.2186,0.557,0.22401448370827015,0.2185394435915477,0.5574460727001821
ENG,E1,2526,2025-08-30,2025-08-25,Millwall,Wrexham,0,2,2.0,3.4,3.72,2.09,3.3,3.57,dc,0.6078,0.1923,0.1998,0.6067899858215938,0.19244255469066682,0.20076745948773966
ENG,E1,2526,2025-08-30,2025-08-25,Ipswich,Derby,2,2,1.53,3.97,6.29,1.52,3.9,6.64,dc,0.5677,0.2306,0.2017,0.5778398242965097,0.22777347687628355,0.19438669882720672
ENG,E1,2526,2025-08-30,2025-08-25,Bristol City,Hull,4,2,1.88,3.47,4.15,1.87,3.55,4.12,dc,0.5334,0.2618,0.2048,0.5339054446721787,0.2615867837162251,0.20450777161159606
ENG,E1,2526,2025-08-30,2025-08-25,Blackburn,Norwich,0,2,2.37,3.31,2.95,2.21,3.31,3.26,dc,0.4903,0.2389,0.2708,0.49023655564550944,0.238865651361239,0.2708977929932515
ENG,E1,2526,2025-08-30,2025-08-25,QPR,Charlton,3,1,2.91,3.23,2.44,3.19,3.27,2.26,dc,0.2145,0.5237,0.2618,0.2101202784336485,0.5372038031924301,0.25267591837392145
ENG,E1,2526,2025-08-30,2025-08-25,Middlesbrough,Sheffield United,1,0,2.19,3.42,3.19,2.14,3.48,3.25,dc,0.4972,0.2711,0.2317,0.4962566710718051,0.2715815901399412,0.23216173878825372
ENG,E0,2526,2025-08-31,2025-08-25,Aston Villa,Crystal Palace,0,3,1.88,3.56,4.07,2.09,3.51,3.44,dc,0.4271,0.2877,0.2852,0.42723049422430587,0.2877487341947234,0.28502077158097083
ENG,E0,2526,2025-08-31,2025-08-25,Liverpool,Arsenal,1,0,2.2,3.49,3.17,2.37,3.33,3.01,dc,0.3321,0.2357,0.4322,0.33182164298322525,0.23595286164092594,0.43222549537584887
ENG,E0,2526,2025-08-31,2025-08-25,Brighton,Man City,2,1,3.78,3.84,1.85,3.47,3.64,2.03,dc,0.2561,0.2218,0.522,0.25563959049884377,0.2217259348062867,0.5226344746948695
ENG,E0,2526,2025-08-31,2025-08-25,Nott'm Forest,West Ham,0,3,1.69,3.74,5.03,1.65,4.01,4.98,dc,0.6994,0.1721,0.1286,0.7004142734198561,0.17173342704260605,0.12785229953753782
ENG,E1,2526,2025-09-12,2025-09-08,Ipswich,Sheffield United,5,0,1.82,3.63,4.23,1.73,3.76,4.56,dc,0.4458,0.2678,0.2864,0.45048742349101883,0.26861560601750734,0.2808969704914741
ENG,E1,2526,2025-09-13,2025-09-08,Watford,Blackburn,0,1,2.26,3.27,3.19,2.43,3.2,2.96,dc,0.3595,0.2865,0.354,0.3591966977737403,0.28736651877347064,0.3534367834527891
ENG,E1,2526,2025-09-13,2025-09-08,West Brom,Derby,0,1,1.76,3.4,4.98,1.78,3.39,4.93,dc,0.5427,0.242,0.2153,0.5436425957085774,0.2420968510561033,0.2142605532353193
ENG,E1,2526,2025-09-13,2025-09-08,Wrexham,QPR,1,3,1.91,3.52,3.94,2.06,3.37,3.6,dc,0.566,0.1786,0.2554,0.5679416468183723,0.17788836233477323,0.2541699908468545
ENG,E1,2526,2025-09-13,2025-09-08,Swansea,Hull,2,2,1.82,3.55,4.36,1.8,3.59,4.38,dc,0.4942,0.2765,0.2293,0.4946163615158804,0.27731788637937677,0.22806575210474297
ENG,E1,2526,2025-09-13,2025-09-08,Oxford,Leicester,2,2,4.13,3.49,1.87,3.8,3.45,1.97,dc,0.2553,0.2551,0.4896,0.24938365352267888,0.2547054179566708,0.4959109285206501
ENG,E1,2526,2025-09-13,2025-09-08,Sheffield Weds,Bristol City,0,3,3.59,3.53,2.0,3.77,3.52,1.95,dc,0.2629,0.2264,0.5108,0.26283877078425416,0.2267263192677282,0.5104349099480177
ENG,E1,2526,2025-09-13,2025-09-08,Coventry,Norwich,1,1,1.72,3.93,4.44,1.71,4.09,4.28,dc,0.5687,0.1895,0.2418,0.5684361797976377,0.189376841108434,0.24218697909392817
ENG,E1,2526,2025-09-13,2025-09-08,Preston,Middlesbrough,2,2,3.07,3.27,2.31,3.11,3.27,2.3,dc,0.2749,0.2936,0.4316,0.2749012566373716,0.2941822254049463,0.4309165179576823
ENG,E1,2526,2025-09-13,2025-09-08,Stoke,Birmingham,1,0,3.05,3.18,2.38,2.89,3.17,2.46,dc,0.4191,0.2972,0.2837,0.4174159175708331,0.2977763538160551,0.28480772861311177
ENG,E1,2526,2025-09-13,2025-09-08,Charlton,Millwall,1,1,2.41,3.11,3.08,2.43,3.07,3.07,dc,0.2286,0.4193,0.3521,0.22366554391576104,0.42309621446691376,0.353238241617325
ENG,E0,2526,2025-09-13,2025-09-08,Brentford,Chelsea,2,2,4.54,3.92,1.73,4.21,3.72,1.83,dc,0.2622,0.2386,0.4992,0.26143841412455937,0.23841755907329756,0.5001440268021431
ENG,E0,2526,2025-09-13,2025-09-08,Newcastle,Wolves,1,0,1.43,4.62,7.45,1.36,5.0,8.48,dc,0.6898,0.1732,0.137,0.6895783761980684,0.17334422853990575,0.13707739526202573
ENG,E0,2526,2025-09-13,2025-09-08,West Ham,Tottenham,0,3,3.36,3.56,2.1,3.27,3.51,2.17,dc,0.3449,0.2207,0.4344,0.3450448169172636,0.22144847136920806,0.4335067117135285
ENG,E0,2526,2025-09-13,2025-09-08,Fulham,Leeds,1,0,1.96,3.51,3.89,2.04,3.37,3.76,dc,0.4146,0.2664,0.319,0.4206796552682011,0.26639408828375094,0.31292625644804783
ENG,E0,2526,2025-09-13,2025-09-08,Everton,Aston Villa,0,0,2.44,3.27,2.95,2.62,3.2,2.8,dc,0.4457,0.2959,0.2584,0.4442902327480458,0.29705502858657495,0.2586547386653794
ENG,E0,2526,2025-09-13,2025-09-08,Crystal Palace,Sunderland,0,0,1.66,3.76,5.42,1.68,3.65,5.41,dc,0.7082,0.1933,0.0984,0.7161037498431421,0.1894099856212686,0.09448626453558934
ENG,E0,2526,2025-09-13,2025-09-08,Bournemouth,Brighton,2,1,2.38,3.5,2.87,2.42,3.51,2.82,dc,0.4574,0.2376,0.305,0.45814744772245614,0.2378863581007119,0.303966194176832
ENG,E0,2526,2025-09-13,2025-09-08,Arsenal,Nott'm Forest,3,0,1.38,4.85,8.16,1.41,4.78,7.48,dc,0.6875,0.1934,0.1191,0.6867006827009836,0.1944667823481216,0.11883253495089482
ENG,E0,2526,2025-09-14,2025-09-08,Burnley,Liverpool,0,1,8.6,5.43,1.33,8.63,5.54,1.32,dc,0.1977,0.2135,0.5888,0.19082320554154747,0.21090543487139912,0.5982713595870534
ENG,E1,2526,2025-09-14,2025-09-08,Southampton,Portsmouth,0,0,1.72,3.84,4.57,1.74,3.87,4.38,dc,0.4373,0.2621,0.3006,0.4422620093440783,0.26229771133859237,0.29544027931732947
ENG,E0,2526,2025-09-14,2025-09-08,Man City,Man United,3,0,1.76,3.99,4.19,1.65,4.14,4.83,dc,0.6336,0.2046,0.1618,0.635399386554238,0.20412361668171214,0.16047699676405014
ENG,E1,2526,2025-09-19,2025-09-15,Middlesbrough,West Brom,2,1,2.19,3.33,3.28,2.16,3.29,3.37,dc,0.4666,0.2702,0.2632,0.4665756422936696,0.2711149716622128,0.26230938604411763
ENG,E0,2526,2025-09-20,2025-09-15,Fulham,Brentford,3,1,2.02,3.48,3.69,2.12,3.29,3.58,dc,0.4049,0.2371,0.358,0.40368887946127807,0.23770553874153427,0.3586055817971878
ENG,E1,2526,2025-09-20,2025-09-15,Sheffield United,Charlton,0,1,1.83,3.52,4.34,1.81,3.58,4.35,dc,0.4343,0.3462,0.2194,0.43331392034889304,0.3490124486323639,0.2176736310187432
ENG,E1,2526,2025-09-20,2025-09-15,Portsmouth,Sheffield Weds,0,2,1.55,4.11,5.74,1.65,3.82,5.2,dc,0.5622,0.2346,0.2032,0.5645435707016366,0.23453656373370582,0.20091986556465755
ENG,E1,2526,2025-09-20,2025-09-15,Norwich,Wrexham,2,3,1.8,3.76,4.17,2.01,3.6,3.51,dc,0.6921,0.1488,0.1591,0.6930714688842514,0.14844903978858326,0.15847949132716543
ENG,E1,2526,2025-09-20,2025-09-15,Hull,Southampton,3,1,3.01,3.52,2.24,2.94,3.6,2.26,dc,0.3546,0.274,0.3715,0.34724675980954,0.2739728154529573,0.3787804247375025
ENG,E1,2526,2025-09-20,2025-09-15,Derby,Preston,0,1,2.34,3.06,3.24,2.33,3.09,3.23,dc,0.4136,0.2678,0.3186,0.412052872418475,0.26870776123597145,0.31923936634555383
ENG,E1,2526,2025-09-20,2025-09-15,QPR,Stoke,1,0,2.68,3.26,2.62,2.83,3.29,2.46,dc,0.3704,0.2402,0.3894,0.3702609010937827,0.2401390208872903,0.38960007801892704
ENG,E1,2526,2025-09-20,2025-09-15,Birmingham,Swansea,1,0,1.87,3.33,4.37,2.01,3.22,3.93,dc,0.333,0.3297,0.3373,0.3310847660710177,0.3328639811497549,0.3360512527792276
ENG,E1,2526,2025-09-20,2025-09-15,Leicester,Coventry,0,0,2.46,3.46,2.71,2.46,3.5,2.71,dc,0.44,0.229,0.331,0.4468566882022115,0.2288690200634583,0.3242742917343301
ENG,E0,2526,2025-09-20,2025-09-15,Wolves,Leeds,1,3,2.67,3.16,2.74,2.88,3.08,2.58,dc,0.3658,0.2569,0.3772,0.3710532897915249,0.2584075438599073,0.3705391663485678
ENG,E0,2526,2025-09-20,2025-09-15,Man United,Chelsea,2,1,2.68,3.69,2.44,2.64,3.62,2.51,dc,0.2224,0.2342,0.5434,0.2200524062231585,0.23381487689520788,0.5461327168816338
ENG,E0,2526,2025-09-20,2025-09-15,West Ham,Crystal Palace,1,2,2.98,3.36,2.37,3.04,3.42,2.31,dc,0.2257,0.2304,0.5438,0.2248452386666333,0.22988297540536498,0.5452717859280015
ENG,E0,2526,2025-09-20,2025-09-15,Burnley,Nott'm Forest,1,1,3.36,3.37,2.18,3.41,3.31,2.18,dc,0.3841,0.2839,0.332,0.37696141187671195,0.28485036850377604,0.338188219619512
ENG,E0,2526,2025-09-20,2025-09-15,Brighton,Tottenham,2,2,2.25,3.61,3.0,2.17,3.63,3.14,dc,0.4412,0.2115,0.3473,0.442900646984937,0.21171352980487992,0.345385823210183
ENG,E0,2526,2025-09-20,2025-09-15,Liverpool,Everton,2,1,1.45,4.65,6.7,1.51,4.35,6.31,dc,0.5843,0.2234,0.1923,0.5861992715151718,0.22371339883499225,0.19008732964983596
ENG,E1,2526,2025-09-21,2025-09-15,Bristol City,Oxford,1,3,1.59,3.94,5.43,1.58,4.03,5.57,dc,0.6383,0.1933,0.1685,0.6375423356686425,0.19390985641013816,0.16854780792121918
ENG,E0,2526,2025-09-21,2025-09-15,Arsenal,Man City,1,1,1.9,3.7,3.85,2.05,3.56,3.54,dc,0.5229,0.2533,0.2239,0.5233895853777104,0.2539869494993541,0.22262346512293554
ENG,E0,2526,2025-09-21,2025-09-15,Bournemouth,Newcastle,0,0,2.44,3.45,2.78,2.38,3.29,3.02,dc,0.3652,0.267,0.3678,0.3662117050135056,0.26757983596604273,0.36620845902045146
ENG,E0,2526,2025-09-21,2025-09-15,Sunderland,Aston Villa,1,1,3.56,3.34,2.1,3.8,3.32,2.04,dc,0.2051,0.3037,0.4912,0.19923958902783728,0.3019165065529251,0.49884390441923754
ENG,E1,2526,2025-09-22,2025-09-22,Millwall,Watford,1,0,2.07,3.23,3.65,1.96,3.36,3.95,dc,0.3962,0.3005,0.3033,0.3967210137579269,0.30165980664727216,0.301619179594801
ENG,E1,2526,2025-09-26,2025-09-22,West Brom,Leicester,1,1,2.22,3.27,3.27,2.22,3.29,3.25,dc,0.3582,0.2861,0.3557,0.3533169164389193,0.2867042948616702,0.35997878869941063
ENG,E1,2526,2025-09-27,2025-09-22,Swansea,Millwall,1,1,2.17,3.16,3.52,2.18,3.19,3.43,dc,0.4458,0.2973,0.2569,0.44336654574969137,0.2993433482503527,0.2572901059999558
ENG,E1,2526,2025-09-27,2025-09-22,Wrexham,Derby,1,1,2.12,3.22,3.59,2.09,3.34,3.53,dc,0.4412,0.2106,0.3482,0.44161582877680344,0.21085493124027982,0.3475292399829167
ENG,E1,2526,2025-09-27,2025-09-22,Ipswich,Portsmouth,2,1,1.52,4.23,5.9,1.39,4.77,7.51,dc,0.5875,0.2203,0.1923,0.5902539679689003,0.21992364085489294,0.18982239117620678
ENG,E1,2526,2025-09-27,2025-09-22,Oxford,Sheffield United,0,1,3.03,3.34,2.32,3.04,3.31,2.33,dc,0.4821,0.2514,0.2665,0.4818807548455052,0.2526990907202502,0.26542015443424466
ENG,E1,2526,2025-09-27,2025-09-22,Preston,Bristol City,0,0,2.58,3.26,2.71,2.64,3.23,2.67,dc,0.3544,0.2617,0.3839,0.35572618924170046,0.2621406912133748,0.38213311954492474
ENG,E1,2526,2025-09-27,2025-09-22,Sheffield Weds,QPR,1,1,2.82,3.35,2.44,3.07,3.4,2.26,dc,0.3582,0.232,0.4099,0.3566807271867278,0.23237455044939856,0.41094472236387375
ENG,E1,2526,2025-09-27,2025-09-22,Southampton,Middlesbrough,1,1,2.34,3.44,2.9,2.32,3.44,2.93,dc,0.2813,0.2626,0.4562,0.28480594447828567,0.26352480218264257,0.4516692533390717
ENG,E0,2526,2025-09-27,2025-09-22,Brentford,Man United,3,1,3.4,3.77,2.02,3.3,3.74,2.07,dc,0.467,0.2226,0.3104,0.46874349277843264,0.22269504606729162,0.30856146115427585
ENG,E0,2526,2025-09-27,2025-09-22,Tottenham,Wolves,1,1,1.47,4.57,6.38,1.53,4.27,6.05,dc,0.6457,0.1799,0.1745,0.6443695747775559,0.18091537057718324,0.17471505464526077
ENG,E0,2526,2025-09-27,2025-09-22,Nott'm Forest,Sunderland,0,1,1.77,3.67,4.64,1.75,3.69,4.73,dc,0.557,0.2566,0.1864,0.5624336490067678,0.2554245817047793,0.18214176928845296
ENG,E0,2526,2025-09-27,2025-09-22,Man City,Burnley,5,1,1.17,7.48,15.54,1.19,7.02,14.17,dc,0.6154,0.2376,0.147,0.6206847750129318,0.2355301448768519,0.1437850801102163
ENG,E1,2526,2025-09-27,2025-09-22,Stoke,Norwich,1,1,2.02,3.51,3.53,1.93,3.6,3.77,dc,0.4138,0.2504,0.3359,0.41307576626475684,0.25057838640934105,0.33634584732590206
ENG,E0,2526,2025-09-27,2025-09-22,Leeds,Bournemouth,2,2,2.98,3.29,2.41,2.96,3.23,2.46,dc,0.3455,0.287,0.3675,0.33964127329475075,0.2876140453344283,0.37274468137082095
ENG,E0,2526,2025-09-27,2025-09-22,Crystal Palace,Liverpool,2,1,3.82,3.72,1.91,4.01,3.71,1.87,dc,0.294,0.2312,0.4748,0.2923547082752437,0.23123153370199076,0.47641375802276575
ENG,E0,2526,2025-09-27,2025-09-22,Chelsea,Brighton,1,3,1.86,3.86,3.86,1.98,3.75,3.57,dc,0.5695,0.2077,0.2228,0.5705040977386208,0.20743531958030004,0.2220605826810791
ENG,E1,2526,2025-09-27,2025-09-22,Coventry,Birmingham,3,0,2.09,3.45,3.4,2.08,3.42,3.45,dc,0.5014,0.2798,0.2188,0.4993505392819696,0.28114350969753227,0.2195059510204982
ENG,E1,2526,2025-09-27,2025-09-22,Watford,Hull,2,1,2.23,3.35,3.16,2.36,3.36,2.94,dc,0.377,0.2668,0.3562,0.3769895189113992,0.2674010405453526,0.35560944054324833
ENG,E1,2526,2025-09-27,2025-09-22,Charlton,Blackburn,3,0,2.35,3.19,3.11,2.3,3.17,3.21,dc,0.2843,0.3814,0.3343,0.2830926349349624,0.38410269307350753,0.33280467199153024
ENG,E0,2526,2025-09-28,2025-09-22,Newcastle,Arsenal,1,2,3.51,3.32,2.12,3.4,3.26,2.21,dc,0.248,0.2873,0.4647,0.24705496895251974,0.2875265904183758,0.46541844062910454
ENG,E0,2526,2025-09-28,2025-09-22,Aston Villa,Fulham,3,1,2.29,3.19,3.3,2.25,3.24,3.34,dc,0.3955,0.2824,0.322,0.3953620860848095,0.28318642392141724,0.32145148999377327
ENG,E0,2526,2025-09-29,2025-09-29,Everton,West Ham,1,1,1.72,3.69,4.83,1.65,3.87,5.28,dc,0.6103,0.234,0.1558,0.6107403330860859,0.23366617620263422,0.1555934907112798
ENG,E1,2526,2025-09-30,2025-09-29,Bristol City,Ipswich,1,1,2.77,3.41,2.44,2.75,3.35,2.48,dc,0.4079,0.2379,0.3542,0.40251605303647686,0.2381751536252244,0.35930879333829885
ENG,E1,2526,2025-09-30,2025-09-29,Leicester,Wrexham,1,1,1.66,3.86,4.92,1.78,3.71,4.31,dc,0.6129,0.1974,0.1897,0.6172203901038742,0.1960458411542383,0.18673376874188727
ENG,E1,2526,2025-09-30,2025-09-29,Middlesbrough,Stoke,0,0,1.86,3.5,4.17,1.85,3.53,4.15,dc,0.5199,0.2672,0.2129,0.520056174531266,0.2670082849524162,0.21293554051631813
ENG,E1,2526,2025-09-30,2025-09-29,Sheffield United,Southampton,1,2,2.39,3.37,2.89,2.47,3.28,2.82,dc,0.3681,0.3031,0.3288,0.365156261799866,0.30335836417485623,0.33148537402527756
ENG,E1,2526,2025-09-30,2025-09-29,Derby,Charlton,1,1,2.61,3.05,2.82,2.72,3.03,2.72,dc,0.2559,0.3314,0.4127,0.2557953666519482,0.3314818774337108,0.41272275591434104
ENG,E1,2526,2025-09-30,2025-09-29,Birmingham,Sheffield Weds,2,2,1.46,4.25,7.07,1.46,4.2,7.11,dc,0.379,0.3192,0.3018,0.37768275942774554,0.31930517123315144,0.30301206933910296
ENG,E1,2526,2025-09-30,2025-09-29,Blackburn,Swansea,1,2,2.6,3.19,2.75,2.47,3.14,2.94,dc,0.3728,0.3032,0.324,0.3727546566358939,0.30267821627435293,0.32456712708975316
ENG,E1,2526,2025-09-30,2025-09-29,Hull,Preston,2,2,2.16,3.35,3.35,2.02,3.36,3.68,dc,0.3611,0.2927,0.3462,0.36118788308775845,0.2925553172969048,0.3462567996153368
ENG,E1,2526,2025-10-01,2025-09-29,QPR,Oxford,0,0,2.08,3.42,3.46,2.09,3.4,3.44,dc,0.4695,0.2382,0.2923,0.46864041031510856,0.23800155787944755,0.2933580318054438
ENG,E1,2526,2025-10-01,2025-09-29,Portsmouth,Watford,2,2,2.19,3.31,3.3,2.32,3.26,3.07,dc,0.409,0.301,0.29,0.40883707457442225,0.3008464972307053,0.2903164281948725
ENG,E1,2526,2025-10-01,2025-09-29,Norwich,West Brom,0,1,2.78,3.38,2.46,3.24,3.35,2.2,dc,0.4062,0.259,0.3348,0.40576148422905156,0.2588988453017902,0.3353396704691582
ENG,E1,2526,2025-10-01,2025-09-29,Millwall,Coventry,0,4,2.89,3.39,2.39,3.51,3.42,2.05,dc,0.2545,0.2683,0.4773,0.25345366523079704,0.2678638642531954,0.47868247051600765
ENG,E1,2526,2025-10-03,2025-09-29,Wrexham,Birmingham,1,1,2.96,3.18,2.44,2.81,3.17,2.56,dc,0.484,0.2575,0.2584,0.4852559579946429,0.25712026573499813,0.2576237762703588
ENG,E0,2526,2025-10-03,2025-09-29,Bournemouth,Fulham,3,1,1.97,3.5,3.85,1.95,3.43,4.01,dc,0.4923,0.2633,0.2444,0.49226662913581803,0.2630769056458635,0.2446564652183184
ENG,E0,2526,2025-10-04,2025-09-29,Chelsea,Liverpool,2,1,2.87,3.7,2.28,2.87,3.64,2.31,dc,0.3219,0.2303,0.4478,0.3221948644419414,0.23011301929810532,0.44769211625995325
ENG,E0,2526,2025-10-04,2025-09-29,Man United,Sunderland,2,0,1.5,4.55,5.98,1.61,4.22,5.1,dc,0.4788,0.2985,0.2228,0.4829744265702249,0.2973824083281524,0.21964316510162263
ENG,E0,2526,2025-10-04,2025-09-29,Arsenal,West Ham,2,0,1.19,6.83,15.25,1.18,7.28,14.63,dc,0.8425,0.1107,0.0468,0.8430203383031815,0.11031047201324751,0.0466691896835709
ENG,E1,2526,2025-10-04,2025-09-29,Watford,Oxford,2,1,2.02,3.37,3.73,1.9,3.41,4.09,dc,0.402,0.2784,0.3196,0.40178058899867386,0.27797814594499975,0.3202412650563263
ENG,E0,2526,2025-10-04,2025-09-29,Leeds,Tottenham,1,2,2.75,3.46,2.49,2.75,3.35,2.55,dc,0.3948,0.2528,0.3524,0.39009067628023913,0.25299498177765267,0.35691434194210814
ENG,E1,2526,2025-10-04,2025-09-29,Hull,Sheffield United,1,0,2.62,3.35,2.61,2.53,3.36,2.71,dc,0.4292,0.2785,0.2923,0.42890174991611574,0.2781904031919239,0.2929078468919604
ENG,E1,2526,2025-10-04,2025-09-29,Blackburn,Stoke,1,1,2.62,3.18,2.74,2.46,3.24,2.88,dc,0.3713,0.3068,0.3219,0.3709930934807846,0.3064059619390041,0.3226009445802112
ENG,E1,2526,2025-10-04,2025-09-29,Bristol City,QPR,1,2,1.8,3.7,4.24,1.84,3.65,4.13,dc,0.5549,0.2193,0.2259,0.555308699255824,0.21911266556341116,0.22557863518076454
ENG,E1,2526,2025-10-04,2025-09-29,Millwall,West Brom,3,0,2.79,3.11,2.62,2.78,3.06,2.65,dc,0.3317,0.3207,0.3476,0.33105108696293845,0.3202890125386447,0.3486599004984167
ENG,E1,2526,2025-10-04,2025-09-29,Sheffield Weds,Coventry,0,5,5.95,4.45,1.48,4.86,4.03,1.63,dc,0.1942,0.211,0.5949,0.193826268304082,0.21081858989973787,0.59535514179618
ENG,E1,2526,2025-10-04,2025-09-29,Portsmouth,Middlesbrough,1,0,2.99,3.39,2.32,3.0,3.36,2.32,dc,0.2669,0.2795,0.4537,0.26669587098147074,0.27920490012106697,0.4540992288974623
ENG,E1,2526,2025-10-04,2025-09-29,Preston,Charlton,2,0,2.5,3.2,2.87,2.66,3.03,2.81,dc,0.2754,0.3659,0.3586,0.27493313580685,0.3662643108269192,0.35880255336623074
ENG,E1,2526,2025-10-04,2025-09-29,Swansea,Leicester,1,3,2.52,3.28,2.77,2.54,3.31,2.73,dc,0.3145,0.299,0.3864,0.31103820696715,0.2987423996334299,0.3902193933994201
ENG,E1,2526,2025-10-04,2025-09-29,Derby,Southampton,1,1,3.45,3.25,2.15,3.46,3.26,2.14,dc,0.3976,0.2873,0.3151,0.39416019238134353,0.2878438089251463,0.3179959986935102
ENG,E0,2526,2025-10-05,2025-09-29,Newcastle,Nott'm Forest,2,0,1.58,4.21,5.46,1.51,4.42,6.06,dc,0.5812,0.2404,0.1784,0.5815895030187821,0.2402064956727155,0.17820400130850234
ENG,E1,2526,2025-10-05,2025-09-29,Ipswich,Norwich,3,1,1.57,4.17,5.38,1.57,4.14,5.39,dc,0.5674,0.2037,0.2289,0.5731383135778959,0.2023060878701677,0.22455559855193674
ENG,E0,2526,2025-10-05,2025-09-29,Brentford,Man City,0,1,4.73,4.27,1.64,5.03,4.18,1.62,dc,0.2108,0.2008,0.5884,0.21013938332155946,0.2005472642655978,0.5893133524128428
ENG,E0,2526,2025-10-05,2025-09-29,Wolves,Brighton,1,1,3.67,3.6,1.99,3.46,3.53,2.08,dc,0.2608,0.216,0.5233,0.2603324987603282,0.21559390710419474,0.5240735941354769
ENG,E0,2526,2025-10-05,2025-09-29,Aston Villa,Burnley,2,1,1.59,4.0,5.76,1.55,4.05,6.13,dc,0.5309,0.2684,0.2007,0.5342518472245302,0.26769703902667685,0.1980511137487929
ENG,E0,2526,2025-10-05,2025-09-29,Everton,Crystal Palace,2,1,2.53,3.21,2.89,2.65,3.1,2.82,dc,0.344,0.326,0.33,0.34373243843256074,0.3263691988032862,0.3298983627641528
ENG,E1,2526,2025-10-17,2025-10-13,Middlesbrough,Ipswich,2,1,2.79,3.22,2.55,2.93,3.26,2.42,dc,0.3606,0.2732,0.3662,0.35619125640813804,0.2724518397783536,0.3713569038135084
ENG,E0,2526,2025-10-18,2025-10-13,Man City,Everton,2,0,1.38,4.92,7.91,1.44,4.46,7.29,dc,0.5732,0.2638,0.163,0.5720333702883245,0.263890866871277,0.16407576284039843
ENG,E0,2526,2025-10-18,2025-10-13,Crystal Palace,Bournemouth,3,3,2.25,3.35,3.22,2.13,3.39,3.44,dc,0.4083,0.2857,0.306,0.40872314167727153,0.2859011730808432,0.3053756852418853
ENG,E0,2526,2025-10-18,2025-10-13,Burnley,Leeds,2,0,3.3,3.25,2.26,3.48,3.22,2.19,dc,0.3306,0.2878,0.3816,0.3295145938246034,0.2883160303304379,0.3821693758449586
ENG,E0,2526,2025-10-18,2025-10-13,Brighton,Newcastle,2,1,2.61,3.48,2.62,2.86,3.44,2.42,dc,0.3417,0.2604,0.3979,0.34102659407498104,0.2608691049430655,0.39810430098195354
ENG,E0,2526,2025-10-18,2025-10-13,Nott'm Forest,Chelsea,0,3,3.75,3.74,1.93,3.07,3.43,2.27,dc,0.2428,0.261,0.4962,0.24362178720526484,0.26011272626267967,0.49626548653205566
ENG,E1,2526,2025-10-18,2025-10-13,Coventry,Blackburn,2,0,1.54,4.17,5.82,1.48,4.33,6.48,dc,0.7234,0.1739,0.1027,0.725259326163599,0.17277146720666686,0.10196920662973437
ENG,E1,2526,2025-10-18,2025-10-13,Norwich,Bristol City,0,1,2.54,3.45,2.65,2.48,3.38,2.76,dc,0.3642,0.2511,0.3847,0.36341735643355466,0.25097104966186246,0.38561159390458305
ENG,E0,2526,2025-10-18,2025-10-13,Fulham,Arsenal,0,1,6.14,4.13,1.54,6.77,4.18,1.5,dc,0.1362,0.2296,0.6342,0.13581543993118925,0.22796093736953113,0.6362236226992797
ENG,E1,2526,2025-10-18,2025-10-13,QPR,Millwall,1,2,2.65,3.04,2.81,2.61,3.14,2.78,dc,0.435,0.2824,0.2826,0.436759514571,0.28125687643606295,0.281983608992937
ENG,E1,2526,2025-10-18,2025-10-13,Southampton,Swansea,0,0,1.94,3.42,3.92,1.98,3.48,3.71,dc,0.4434,0.282,0.2745,0.4464302745224169,0.28125148452325693,0.27231824095432633
ENG,E1,2526,2025-10-18,2025-10-13,Birmingham,Hull,2,3,1.76,3.63,4.63,1.8,3.59,4.44,dc,0.3434,0.3107,0.3459,0.34206789222156314,0.3090261911805818,0.3489059165978551
ENG,E1,2526,2025-10-18,2025-10-13,Charlton,Sheffield Weds,2,1,1.66,3.64,5.42,1.66,3.7,5.34,dc,0.5352,0.2728,0.1919,0.533595273006883,0.27284830559347506,0.19355642139964202
ENG,E1,2526,2025-10-18,2025-10-13,Leicester,Portsmouth,1,1,1.68,3.74,5.0,1.53,4.13,6.08,dc,0.5366,0.2725,0.1909,0.5405013028779128,0.27107635540496794,0.18842234171711936
ENG,E1,2526,2025-10-18,2025-10-13,West Brom,Preston,2,1,1.78,3.5,4.63,1.76,3.53,4.79,dc,0.3566,0.3165,0.3269,0.35626646184126914,0.31550588373531974,0.32822765442341106
ENG,E1,2526,2025-10-18,2025-10-13,Stoke,Wrexham,1,0,1.95,3.46,3.87,2.1,3.4,3.42,dc,0.4573,0.263,0.2797,0.45824294070628624,0.2624734272827665,0.27928363201094747
ENG,E1,2526,2025-10-18,2025-10-13,Sheffield United,Watford,1,0,2.01,3.36,3.77,2.07,3.29,3.64,dc,0.3457,0.3139,0.3405,0.3480020939341417,0.31133127925086435,0.34066662681499404
ENG,E1,2526,2025-10-18,2025-10-13,Oxford,Derby,1,0,2.51,3.07,2.96,2.54,3.1,2.9,dc,0.3821,0.2905,0.3274,0.3822821563701025,0.28927184794446587,0.3284459956854317
ENG,E0,2526,2025-10-18,2025-10-13,Sunderland,Wolves,2,0,2.46,3.07,3.13,2.49,3.03,3.08,dc,0.2966,0.3226,0.3808,0.29279199476807066,0.3208040103440021,0.3864039948879272
ENG,E0,2526,2025-10-19,2025-10-13,Liverpool,Man United,1,2,1.6,4.4,4.89,1.67,4.3,4.55,dc,0.7018,0.1696,0.1286,0.700425755505553,0.16938817943187617,0.1301860650625706
ENG,E0,2526,2025-10-19,2025-10-13,Tottenham,Aston Villa,1,2,2.06,3.56,3.42,2.24,3.36,3.21,dc,0.4187,0.2667,0.3146,0.41978795519954,0.26574013400757,0.31447191079288983
ENG,E0,2526,2025-10-20,2025-10-20,West Ham,Brentford,0,2,2.46,3.37,2.82,2.75,3.29,2.57,dc,0.2781,0.2271,0.4948,0.2780583864826306,0.22655938586318483,0.4953822276541847
ENG,E1,2526,2025-10-21,2025-10-20,Hull,Leicester,2,1,3.25,3.52,2.13,3.44,3.47,2.07,dc,0.312,0.2626,0.4254,0.3096256918663672,0.2622028939307172,0.4281714142029154
ENG,E1,2526,2025-10-21,2025-10-20,Preston,Birmingham,0,1,2.92,3.14,2.49,2.91,3.06,2.55,dc,0.5165,0.2784,0.2051,0.5173778772418774,0.2776755771801214,0.20494654557800124
ENG,E1,2526,2025-10-21,2025-10-20,Bristol City,Southampton,3,1,2.46,3.41,2.77,2.47,3.41,2.75,dc,0.4792,0.2753,0.2454,0.47572363211518287,0.2767401293604295,0.24753623852438747
ENG,E1,2526,2025-10-21,2025-10-20,Portsmouth,Coventry,1,2,3.95,3.77,1.84,3.59,3.53,1.99,dc,0.1884,0.2342,0.5774,0.18719412771912475,0.23364237241634647,0.5791634998645288
ENG,E1,2526,2025-10-21,2025-10-20,Millwall,Stoke,2,0,2.34,3.19,3.13,2.4,3.2,2.99,dc,0.3628,0.3315,0.3057,0.36230214242073616,0.3308488326099009,0.3068490249693629
ENG,E1,2526,2025-10-21,2025-10-20,Ipswich,Charlton,0,3,1.62,3.79,5.6,1.58,3.91,5.73,dc,0.5176,0.2629,0.2194,0.5226844183023541,0.2613914173155767,0.21592416438206924
ENG,E1,2526,2025-10-21,2025-10-20,Derby,Norwich,1,0,2.49,3.16,2.92,2.29,3.28,3.15,dc,0.3897,0.2707,0.3396,0.3903510933663998,0.2697464775920117,0.3399024290415885
ENG,E1,2526,2025-10-21,2025-10-20,Blackburn,Sheffield United,1,3,2.42,3.23,2.95,2.56,3.16,2.83,dc,0.3892,0.3241,0.2867,0.38884298238875437,0.3225945953710583,0.28856242224018724
ENG,E1,2526,2025-10-22,2025-10-20,Sheffield Weds,Middlesbrough,0,1,4.73,3.75,1.71,4.62,3.8,1.72,dc,0.1989,0.2354,0.5657,0.1985792111037121,0.2347247646446929,0.5666960242515949
ENG,E1,2526,2025-10-22,2025-10-20,Wrexham,Oxford,1,0,1.99,3.44,3.73,2.0,3.43,3.68,dc,0.3999,0.2585,0.3416,0.4001376019625005,0.2577099163479079,0.3421524816895915
ENG,E1,2526,2025-10-22,2025-10-20,Watford,West Brom,2,1,2.7,3.22,2.63,2.75,3.14,2.63,dc,0.3315,0.2954,0.3731,0.3332076548048629,0.29442023568781445,0.3723721095073227
ENG,E1,2526,2025-10-22,2025-10-20,Swansea,QPR,0,1,2.12,3.34,3.41,2.08,3.48,3.42,dc,0.4191,0.2744,0.3065,0.42014810348546133,0.2740491370018515,0.3058027595126873
ENG,E1,2526,2025-10-24,2025-10-20,Preston,Sheffield United,3,2,2.62,3.09,2.82,2.59,3.1,2.85,dc,0.4757,0.3045,0.2198,0.47523816918484135,0.30368642285199227,0.22107540796316638
ENG,E0,2526,2025-10-24,2025-10-20,Leeds,West Ham,2,1,1.81,3.57,4.59,1.79,3.64,4.56,dc,0.5068,0.2429,0.2503,0.5027831427910363,0.243480494760374,0.2537363624485896
ENG,E0,2526,2025-10-25,2025-10-20,Brentford,Liverpool,3,2,4.28,4.13,1.73,3.92,4.01,1.82,dc,0.2871,0.211,0.5019,0.28793982523264766,0.21049929417863894,0.5015608805887133
ENG,E0,2526,2025-10-25,2025-10-20,Chelsea,Sunderland,1,2,1.37,4.99,8.31,1.44,4.52,7.2,dc,0.6533,0.2349,0.1118,0.6559271235780574,0.23371524744866548,0.11035762897327715
ENG,E0,2526,2025-10-25,2025-10-20,Newcastle,Fulham,2,1,1.62,3.97,5.44,1.6,3.99,5.62,dc,0.5462,0.2542,0.1996,0.5457148650883765,0.25432836820001303,0.19995676671161053
ENG,E0,2526,2025-10-25,2025-10-20,Man United,Brighton,4,2,2.0,3.83,3.45,1.99,3.85,3.41,dc,0.3727,0.2408,0.3865,0.3730800279530245,0.24036604939247766,0.38655392265449795
ENG,E1,2526,2025-10-25,2025-10-20,Hull,Charlton,1,1,2.46,3.31,2.84,2.37,3.35,2.93,dc,0.3832,0.2877,0.3291,0.3844382718036925,0.2871660055418819,0.3283957226544257
ENG,E1,2526,2025-10-25,2025-10-20,Bristol City,Birmingham,1,0,2.26,3.29,3.19,2.17,3.3,3.35,dc,0.5738,0.2493,0.1769,0.5750743010168838,0.24859682751535686,0.17632887146775914
ENG,E1,2526,2025-10-25,2025-10-20,Portsmouth,Stoke,0,1,2.74,3.25,2.56,2.78,3.22,2.55,dc,0.3572,0.3318,0.3109,0.35685325150114433,0.33142928073206956,0.3117174677667863
ENG,E1,2526,2025-10-25,2025-10-20,Blackburn,Southampton,2,1,2.95,3.29,2.38,3.0,3.22,2.38,dc,0.339,0.307,0.354,0.33603256901309997,0.30721202255714075,0.3567554084297591
ENG,E1,2526,2025-10-25,2025-10-20,Derby,QPR,1,0,2.52,3.28,2.77,2.71,3.25,2.58,dc,0.39,0.2725,0.3375,0.3917524210590833,0.2719408257477227,0.3363067531931939
ENG,E1,2526,2025-10-25,2025-10-20,Middlesbrough,Wrexham,1,1,1.77,3.65,4.51,1.75,3.71,4.55,dc,0.6075,0.2196,0.1729,0.6083100661185777,0.21882416150500453,0.1728657723764177
ENG,E1,2526,2025-10-25,2025-10-20,Millwall,Leicester,1,0,2.66,3.26,2.64,3.03,3.27,2.34,dc,0.2991,0.2997,0.4012,0.29587122658672643,0.2990204687702179,0.40510830464305586
ENG,E1,2526,2025-10-25,2025-10-20,Sheffield Weds,Oxford,1,2,2.71,3.29,2.58,2.99,3.3,2.36,dc,0.3258,0.2609,0.4133,0.3257283763254876,0.26029876263868795,0.41397286103582454
ENG,E1,2526,2025-10-25,2025-10-20,Swansea,Norwich,2,1,2.2,3.39,3.21,2.26,3.39,3.09,dc,0.419,0.2726,0.3084,0.419004323184329,0.2719500798162542,0.30904559699941686
ENG,E1,2526,2025-10-25,2025-10-20,Ipswich,West Brom,1,0,1.77,3.61,4.57,1.93,3.32,4.12,dc,0.5364,0.2389,0.2247,0.5417038717467156,0.23718636714010113,0.22110976111318317
ENG,E1,2526,2025-10-25,2025-10-20,Coventry,Watford,3,1,1.49,4.43,6.08,1.54,4.31,5.58,dc,0.7278,0.1716,0.1005,0.7276013774613032,0.17159859474674652,0.10080002779195035
ENG,E0,2526,2025-10-26,2025-10-20,Aston Villa,Man City,1,0,4.08,3.8,1.83,4.16,3.77,1.82,dc,0.2253,0.2634,0.5113,0.22524012475842728,0.2630782486612802,0.5116816265802924
ENG,E0,2526,2025-10-26,2025-10-20,Bournemouth,Nott'm Forest,2,0,1.79,3.79,4.29,1.95,3.59,3.82,dc,0.6194,0.2168,0.1638,0.6198019002823637,0.21617559275728102,0.16402250696035536
ENG,E0,2526,2025-10-26,2025-10-20,Wolves,Burnley,2,3,1.97,3.3,4.06,1.92,3.3,4.34,dc,0.3454,0.2837,0.371,0.3482748913664475,0.2836575848349607,0.36806752379859187
ENG,E0,2526,2025-10-26,2025-10-20,Everton,Tottenham,0,3,2.35,3.38,2.99,2.2,3.34,3.32,dc,0.4152,0.286,0.2988,0.4154659166675292,0.2855083078348976,0.2990257754975731
ENG,E0,2526,2025-10-26,2025-10-20,Arsenal,Crystal Palace,1,0,1.41,4.6,7.76,1.38,4.91,8.08,dc,0.6349,0.2316,0.1335,0.634520700937737,0.23183721887237954,0.13364208018988347
ENG,E1,2526,2025-10-31,2025-10-27,Wrexham,Coventry,3,2,3.77,3.51,1.95,3.11,3.53,2.19,dc,0.1765,0.1843,0.6392,0.1769241046845515,0.18443742214632983,0.6386384731691187
ENG,E0,2526,2025-11-01,2025-10-27,Brighton,Leeds,3,0,1.85,3.74,4.11,1.93,3.61,3.88,dc,0.5255,0.2096,0.2649,0.5292739381195412,0.2091930175975613,0.26153304428289775
ENG,E0,2526,2025-11-01,2025-10-27,Burnley,Arsenal,0,2,10.97,5.65,1.28,13.66,5.78,1.24,dc,0.1391,0.2386,0.6223,0.1358264709317908,0.23761382552668436,0.6265597035415245
ENG,E0,2526,2025-11-01,2025-10-27,Tottenham,Chelsea,0,1,2.71,3.52,2.5,3.02,3.44,2.31,dc,0.395,0.2341,0.3709,0.3932326513905241,0.2345949821401197,0.3721723664693561
ENG,E0,2526,2025-11-01,2025-10-27,Crystal Palace,Brentford,2,0,1.92,3.65,3.85,2.06,3.43,3.6,dc,0.4679,0.228,0.3041,0.4683584032352225,0.2276752400626843,0.3039663567020931
ENG,E0,2526,2025-11-01,2025-10-27,Fulham,Wolves,3,0,1.84,3.46,4.51,1.79,3.69,4.44,dc,0.5605,0.2185,0.221,0.5606124677253225,0.21953610935148696,0.21985142292319057
ENG,E1,2526,2025-11-01,2025-10-27,Stoke,Bristol City,5,1,2.4,3.26,2.94,2.38,3.26,2.96,dc,0.3123,0.3,0.3877,0.31247689886395735,0.3004775331328169,0.38704556800322587
ENG,E1,2526,2025-11-01,2025-10-27,Leicester,Blackburn,0,2,1.78,3.63,4.47,1.76,3.64,4.61,dc,0.5275,0.2547,0.2179,0.5285214615653089,0.2552910777208931,0.21618746071379813
ENG,E1,2526,2025-11-01,2025-10-27,Norwich,Hull,0,2,2.08,3.66,3.26,2.04,3.65,3.37,dc,0.3923,0.2296,0.3781,0.39098115122332994,0.23024426234342854,0.3787745864332413
ENG,E1,2526,2025-11-01,2025-10-27,West Brom,Sheffield Weds,0,0,1.5,4.26,6.28,1.48,4.37,6.3,dc,0.5767,0.2225,0.2008,0.5773791788180819,0.2230717998891643,0.1995490212927538
ENG,E1,2526,2025-11-01,2025-10-27,Birmingham,Portsmouth,4,0,1.79,3.53,4.57,1.62,3.87,5.44,dc,0.367,0.3062,0.3268,0.3649133483490956,0.30865214479538905,0.3264345068555154
ENG,E1,2526,2025-11-01,2025-10-27,Charlton,Swansea,1,1,2.09,3.27,3.61,2.12,3.15,3.67,dc,0.5086,0.2928,0.1987,0.5094637440339811,0.2932470407756708,0.19728921519034803
ENG,E1,2526,2025-11-01,2025-10-27,Oxford,Millwall,2,2,2.78,3.18,2.58,2.65,3.19,2.71,dc,0.3392,0.2902,0.3706,0.33568861952655993,0.29191997503405953,0.37239140543938076
ENG,E1,2526,2025-11-01,2025-10-27,QPR,Ipswich,1,4,3.59,3.57,2.0,3.35,3.48,2.1,dc,0.3674,0.2362,0.3964,0.365725894703089,0.23677013114228573,0.3975039741546254
ENG,E1,2526,2025-11-01,2025-10-27,Sheffield United,Derby,1,3,1.83,3.47,4.44,1.81,3.43,4.62,dc,0.3894,0.2882,0.3224,0.3873811553387016,0.29110141355189084,0.32151743110940756
ENG,E1,2526,2025-11-01,2025-10-27,Southampton,Preston,0,2,1.7,3.83,4.77,1.7,3.83,4.64,dc,0.3487,0.2692,0.3822,0.3514688782044808,0.2688034449163803,0.3797276768791389
ENG,E1,2526,2025-11-01,2025-10-27,Watford,Middlesbrough,3,0,2.77,3.35,2.49,2.62,3.34,2.62,dc,0.2902,0.2825,0.4273,0.28807021462802673,0.2835726135828966,0.4283571717890766
ENG,E0,2526,2025-11-01,2025-10-27,Liverpool,Aston Villa,2,0,1.63,4.32,4.81,1.65,4.28,4.67,dc,0.4755,0.2312,0.2932,0.47535445115955866,0.23224220741923893,0.2924033414212023
ENG,E0,2526,2025-11-01,2025-10-27,Nott'm Forest,Man United,2,2,3.41,3.67,2.05,3.27,3.63,2.12,dc,0.2735,0.2386,0.4879,0.27343112965020855,0.23981372205051038,0.486755148299281
ENG,E0,2526,2025-11-02,2025-10-27,Man City,Bournemouth,3,1,1.49,4.64,5.9,1.41,5.08,6.86,dc,0.5943,0.2209,0.1848,0.5940154239967796,0.22153518149686058,0.18444939450635991
ENG,E0,2526,2025-11-02,2025-10-27,West Ham,Newcastle,3,1,4.99,4.08,1.64,4.99,4.08,1.64,dc,0.1831,0.2234,0.5935,0.18205505834389157,0.2229201005325228,0.5950248411235856
ENG,E0,2526,2025-11-03,2025-11-03,Sunderland,Everton,1,1,2.74,3.12,2.67,3.24,3.09,2.37,dc,0.3254,0.3467,0.3279,0.3231218212670661,0.3476983136660942,0.32917986506683966
ENG,E1,2526,2025-11-04,2025-11-03,Charlton,West Brom,1,0,2.54,3.08,2.9,2.61,3.01,2.88,dc,0.4933,0.3023,0.2044,0.49318558705039794,0.30275413007873037,0.20406028287087152
ENG,E1,2526,2025-11-04,2025-11-03,Birmingham,Millwall,4,0,1.9,3.4,4.15,1.75,3.54,4.76,dc,0.4101,0.2837,0.3062,0.4077368501707967,0.28609160438340636,0.30617154544579694
ENG,E1,2526,2025-11-04,2025-11-03,Bristol City,Blackburn,0,1,2.1,3.35,3.51,2.23,3.32,3.19,dc,0.508,0.2405,0.2515,0.5086685354424,0.24079922715872626,0.2505322373988737
ENG,E1,2526,2025-11-04,2025-11-03,Derby,Hull,2,1,2.21,3.31,3.26,2.12,3.35,3.4,dc,0.4029,0.2616,0.3355,0.40288567994795416,0.26265038619314063,0.3344639338589052
ENG,E1,2526,2025-11-04,2025-11-03,Ipswich,Watford,1,1,1.69,3.74,4.94,1.65,3.83,5.16,dc,0.547,0.2171,0.2359,0.550474973900972,0.21709479475122376,0.23243023134780444
ENG,E1,2526,2025-11-04,2025-11-03,Leicester,Middlesbrough,1,1,2.18,3.39,3.24,2.14,3.38,3.34,dc,0.379,0.2955,0.3254,0.38014430185810316,0.29611539195578085,0.32374030618611577
ENG,E1,2526,2025-11-04,2025-11-03,Oxford,Stoke,0,3,3.05,3.23,2.35,3.04,3.31,2.31,dc,0.3289,0.2905,0.3806,0.32683809795842844,0.29116076246268247,0.3820011395788892
ENG,E1,2526,2025-11-04,2025-11-03,Coventry,Sheffield United,3,1,1.59,4.2,5.15,1.66,4.01,4.77,dc,0.7452,0.1489,0.106,0.744319497545056,0.1494810658033739,0.10619943665157008
ENG,E1,2526,2025-11-05,2025-11-03,Portsmouth,Wrexham,0,0,2.47,3.22,2.89,2.66,3.16,2.7,dc,0.3191,0.2462,0.4347,0.31920043525755304,0.24711054836080426,0.4336890163816426
ENG,E1,2526,2025-11-05,2025-11-03,Sheffield Weds,Norwich,1,1,3.26,3.48,2.14,2.91,3.48,2.32,dc,0.3487,0.2477,0.4036,0.3488671125110467,0.24836941778365396,0.40276346970529925
ENG,E1,2526,2025-11-05,2025-11-03,QPR,Southampton,1,2,2.75,3.35,2.51,2.66,3.32,2.6,dc,0.4668,0.2537,0.2796,0.46526591069778733,0.2537034769390045,0.28103061236320803
ENG,E1,2526,2025-11-05,2025-11-03,Preston,Swansea,2,1,2.24,3.2,3.3,2.24,3.1,3.41,dc,0.4555,0.2813,0.2632,0.4561604854393492,0.28180667176683666,0.262032842793814
ENG,E1,2526,2025-11-07,2025-11-03,Watford,Bristol City,1,1,2.09,3.35,3.53,2.06,3.45,3.49,dc,0.3981,0.2487,0.3532,0.39559701520151025,0.24927891882063843,0.3551240659778514
ENG,E0,2526,2025-11-08,2025-11-03,Chelsea,Wolves,3,0,1.36,5.06,8.27,1.36,5.1,8.12,dc,0.7521,0.1528,0.0951,0.7535807138341607,0.1524583545200457,0.09396093164579372
ENG,E0,2526,2025-11-08,2025-11-03,Sunderland,Arsenal,2,2,8.39,4.67,1.39,7.33,4.23,1.46,dc,0.109,0.2763,0.6146,0.10671313785513575,0.276508805161689,0.6167780569831752
ENG,E0,2526,2025-11-08,2025-11-03,Tottenham,Man United,2,2,2.65,3.58,2.52,2.9,3.47,2.38,dc,0.4745,0.223,0.3025,0.47358278752858063,0.22375712701150585,0.30266008545991335
ENG,E1,2526,2025-11-08,2025-11-03,Blackburn,Derby,1,2,1.97,3.29,3.99,2.07,3.35,3.57,dc,0.3711,0.2854,0.3435,0.37037523332536476,0.2870246675421761,0.342600099132459
ENG,E1,2526,2025-11-08,2025-11-03,Hull,Portsmouth,3,2,2.1,3.49,3.34,1.96,3.51,3.75,dc,0.5694,0.2266,0.204,0.5678530247317931,0.22754874538916398,0.20459822987904297
ENG,E0,2526,2025-11-08,2025-11-03,Everton,Fulham,2,0,2.2,3.28,3.4,2.31,3.21,3.23,dc,0.3877,0.2843,0.3279,0.3872071797147252,0.2851588830948575,0.3276339371904173
ENG,E1,2526,2025-11-08,2025-11-03,Middlesbrough,Birmingham,2,1,2.61,3.16,2.77,2.44,3.22,2.93,dc,0.4198,0.2904,0.2897,0.4184430735892256,0.2922516715550227,0.28930525485575176
ENG,E1,2526,2025-11-08,2025-11-03,Norwich,Leicester,1,2,2.93,3.43,2.33,2.96,3.45,2.31,dc,0.3441,0.2679,0.388,0.34093155625795796,0.2686506314380595,0.3904178123039825
ENG,E1,2526,2025-11-08,2025-11-03,Sheffield United,QPR,0,0,2.03,3.46,3.58,2.09,3.43,3.45,dc,0.4126,0.2522,0.3352,0.41106263994182207,0.2533867833189925,0.33555057673918537
ENG,E1,2526,2025-11-08,2025-11-03,Southampton,Sheffield Weds,3,1,1.41,4.67,7.14,1.45,4.5,6.61,dc,0.4994,0.2499,0.2507,0.503539258272426,0.24891396956163792,0.24754677216593615
ENG,E1,2526,2025-11-08,2025-11-03,Stoke,Coventry,0,1,2.88,3.5,2.33,2.94,3.57,2.27,dc,0.2791,0.2445,0.4764,0.2808500561246654,0.24461353582747503,0.47453640804785946
ENG,E1,2526,2025-11-08,2025-11-03,Swansea,Ipswich,1,4,3.57,3.41,2.05,3.51,3.28,2.12,dc,0.3291,0.2517,0.4192,0.3257230555452546,0.2525045270932664,0.42177241736147886
ENG,E1,2526,2025-11-08,2025-11-03,West Brom,Oxford,2,1,1.75,3.58,4.78,1.71,3.65,5.01,dc,0.4232,0.2898,0.2869,0.42391792774748105,0.29041872186903067,0.28566335038348817
ENG,E1,2526,2025-11-08,2025-11-03,Wrexham,Charlton,1,0,2.24,3.25,3.24,2.18,3.2,3.43,dc,0.3279,0.2705,0.4017,0.3275458625901178,0.2712538272485993,0.40120031016128294
ENG,E1,2526,2025-11-08,2025-11-03,Millwall,Preston,1,1,2.18,3.2,3.46,2.2,3.14,3.46,dc,0.4065,0.2792,0.3143,0.407411951410132,0.28006904061170995,0.312519007978158
ENG,E0,2526,2025-11-08,2025-11-03,West Ham,Burnley,3,2,1.94,3.5,3.98,1.86,3.56,4.23,dc,0.3712,0.2469,0.3819,0.3732834160272791,0.24717058983510484,0.37954599413761597
ENG,E0,2526,2025-11-09,2025-11-03,Aston Villa,Bournemouth,4,0,2.19,3.45,3.25,2.3,3.37,3.1,dc,0.4217,0.2657,0.3125,0.42192715367857636,0.2662202364197134,0.3118526099017102
ENG,E0,2526,2025-11-09,2025-11-03,Brentford,Newcastle,3,1,2.84,3.4,2.45,2.83,3.38,2.47,dc,0.4117,0.2427,0.3455,0.41232129444749666,0.24237073320814617,0.34530797234435723
ENG,E0,2526,2025-11-09,2025-11-03,Crystal Palace,Brighton,0,0,2.27,3.52,3.04,2.38,3.39,2.97,dc,0.4985,0.2205,0.281,0.49901978366476507,0.2201932492534512,0.28078696708178363
ENG,E0,2526,2025-11-09,2025-11-03,Nott'm Forest,Leeds,3,1,2.22,3.32,3.29,2.23,3.14,3.46,dc,0.3853,0.2567,0.358,0.38732166678889407,0.2577032811086808,0.3549750521024251
ENG,E0,2526,2025-11-09,2025-11-03,Man City,Liverpool,3,0,1.88,3.92,3.72,1.89,3.94,3.69,dc,0.5769,0.2045,0.2186,0.5748241166077719,0.2057622604128552,0.21941362297937297
ENG,E1,2526,2025-11-21,2025-11-17,Preston,Blackburn,1,2,2.44,3.11,3.03,2.47,3.11,2.97,dc,0.4886,0.2737,0.2377,0.4886761508743967,0.27372066223952296,0.23760318688608043
ENG,E0,2526,2025-11-22,2025-11-17,Burnley,Chelsea,0,2,6.56,4.45,1.48,5.46,4.14,1.58,dc,0.2174,0.2443,0.5384,0.21508584154888719,0.24371341038824698,0.5412007480628659
ENG,E0,2526,2025-11-22,2025-11-17,Bournemouth,West Ham,2,2,1.62,4.09,5.14,1.67,3.97,4.95,dc,0.6078,0.1974,0.1948,0.6084736807734477,0.1971815562150311,0.19434476301152126
ENG,E0,2526,2025-11-22,2025-11-17,Brighton,Brentford,2,1,1.93,3.66,3.82,2.1,3.44,3.47,dc,0.4686,0.2186,0.3128,0.46842092428016346,0.21860682938557954,0.31297224633425685
ENG,E0,2526,2025-11-22,2025-11-17,Fulham,Sunderland,1,0,2.1,3.24,3.74,2.02,3.33,3.81,dc,0.4529,0.2908,0.2563,0.4552174735093022,0.29061455788388924,0.2541679686068086
ENG,E0,2526,2025-11-22,2025-11-17,Liverpool,Nott'm Forest,0,3,1.42,4.86,6.97,1.45,4.6,6.58,dc,0.7038,0.1653,0.1309,0.7045167631406012,0.16499233837951505,0.13049089847988385
ENG,E0,2526,2025-11-22,2025-11-17,Wolves,Crystal Palace,0,2,3.86,3.5,1.97,4.43,3.65,1.81,dc,0.1708,0.2328,0.5964,0.17016512055631602,0.23246911754702734,0.5973657618966567
ENG,E0,2526,2025-11-22,2025-11-17,Newcastle,Man City,2,1,3.54,3.75,1.98,3.67,3.7,1.95,dc,0.198,0.2457,0.5563,0.1973399845718108,0.24558320528913777,0.5570768101390512
ENG,E1,2526,2025-11-22,2025-11-17,Bristol City,Swansea,3,0,2.17,3.26,3.38,1.95,3.46,3.83,dc,0.5121,0.2549,0.233,0.5121334006506435,0.254912360732942,0.23295423861641448
ENG,E1,2526,2025-11-22,2025-11-17,Portsmouth,Millwall,3,1,2.68,3.1,2.73,2.33,3.24,3.11,dc,0.351,0.2884,0.3606,0.3508771246417521,0.2884694340685989,0.360653441289649
ENG,E1,2526,2025-11-22,2025-11-17,Charlton,Southampton,1,5,2.7,3.18,2.65,2.74,3.32,2.54,dc,0.5117,0.2921,0.1962,0.5098973622935101,0.2930206727022964,0.19708196500419356
ENG,E1,2526,2025-11-22,2025-11-17,Coventry,West Brom,3,2,1.76,3.67,4.55,1.87,3.53,4.09,dc,0.6779,0.1943,0.1278,0.6780435436612233,0.1942553420038527,0.12770111433492393
ENG,E1,2526,2025-11-22,2025-11-17,Birmingham,Norwich,4,1,1.69,3.76,4.88,1.68,3.85,4.88,dc,0.6016,0.2228,0.1756,0.6016131026242879,0.22281738247661573,0.17556951489909622
ENG,E1,2526,2025-11-22,2025-11-17,Derby,Watford,2,3,2.53,3.14,2.88,2.43,3.12,3.03,dc,0.4472,0.281,0.2718,0.4472512839033863,0.2810230232679968,0.27172569282861686
ENG,E1,2526,2025-11-22,2025-11-17,Ipswich,Wrexham,0,0,1.55,4.06,5.88,1.46,4.37,6.78,dc,0.5433,0.2207,0.2359,0.5455740824505942,0.2202648925653372,0.23416102498406885
ENG,E1,2526,2025-11-22,2025-11-17,Leicester,Stoke,2,1,2.01,3.44,3.67,2.04,3.39,3.62,dc,0.3515,0.3118,0.3367,0.3527697439280833,0.3120686738920647,0.33516158217985215
ENG,E1,2526,2025-11-22,2025-11-17,Oxford,Middlesbrough,1,1,3.63,3.37,2.03,3.55,3.37,2.07,dc,0.2905,0.2819,0.4276,0.2900317917371709,0.28195090753736074,0.42801730072546856
ENG,E1,2526,2025-11-22,2025-11-17,QPR,Hull,3,2,2.1,3.36,3.49,1.98,3.52,3.68,dc,0.3553,0.2469,0.3978,0.3552566245445412,0.24684097639600616,0.3979023990594524
ENG,E0,2526,2025-11-23,2025-11-17,Arsenal,Tottenham,4,1,1.39,4.66,8.03,1.47,4.29,7.15,dc,0.6748,0.2047,0.1205,0.6754332765282801,0.20464129328762132,0.11992543018409849
ENG,E0,2526,2025-11-23,2025-11-17,Leeds,Aston Villa,1,2,3.04,3.25,2.37,3.22,3.3,2.27,dc,0.2163,0.252,0.5316,0.21405356542146772,0.2514683847180193,0.5344780498605131
ENG,E1,2526,2025-11-23,2025-11-17,Sheffield Weds,Sheffield United,0,3,3.75,3.4,1.98,3.74,3.53,1.95,dc,0.3376,0.2719,0.3905,0.33712056468063356,0.2719956119220452,0.39088382339732136
ENG,E0,2526,2025-11-24,2025-11-24,Man United,Everton,0,1,1.74,3.83,4.49,1.86,3.69,4.09,dc,0.4604,0.2662,0.2734,0.460455265131163,0.26621390750789364,0.27333082736094355
ENG,E1,2526,2025-11-25,2025-11-24,Stoke,Charlton,3,0,1.76,3.61,4.58,1.89,3.38,4.21,dc,0.4793,0.2977,0.223,0.4794782677693533,0.29757657120993075,0.22294516102071577
ENG,E1,2526,2025-11-25,2025-11-24,Swansea,Derby,1,2,2.16,3.12,3.56,2.21,3.03,3.52,dc,0.3178,0.2843,0.398,0.3175677619365816,0.28411313710352565,0.3983191009598928
ENG,E1,2526,2025-11-25,2025-11-24,Middlesbrough,Coventry,2,4,2.71,3.35,2.53,2.69,3.34,2.51,dc,0.279,0.248,0.473,0.27891759530669924,0.24797696403182065,0.47310544066147997
ENG,E1,2526,2025-11-25,2025-11-24,Norwich,Oxford,1,1,1.9,3.59,3.88,1.83,3.6,4.19,dc,0.406,0.2622,0.3317,0.40607068306345584,0.2621386249763917,0.33179069196015254
ENG,E1,2526,2025-11-25,2025-11-24,Southampton,Leicester,3,0,2.0,3.52,3.57,1.86,3.61,3.99,dc,0.4195,0.2646,0.3159,0.41919366193930985,0.26500321478356365,0.3158031232771267
ENG,E1,2526,2025-11-25,2025-11-24,Watford,Preston,1,1,1.89,3.39,4.19,1.8,3.44,4.61,dc,0.4097,0.2776,0.3127,0.4098161456826513,0.27747465562083246,0.3127091986965163
ENG,E1,2526,2025-11-25,2025-11-24,Hull,Ipswich,0,2,4.27,3.67,1.79,4.63,3.71,1.73,dc,0.3334,0.2302,0.4364,0.33103970766363533,0.23001675922276443,0.43894353311360035
ENG,E1,2526,2025-11-26,2025-11-24,Sheffield United,Portsmouth,3,0,1.77,3.59,4.55,1.68,3.76,4.84,dc,0.4347,0.2813,0.284,0.4348639274106128,0.2812743894656114,0.2838616831237758
ENG,E1,2526,2025-11-26,2025-11-24,Millwall,Sheffield Weds,1,0,1.67,3.68,5.17,1.63,3.77,5.37,dc,0.5838,0.2318,0.1844,0.5837155798494584,0.23173850289282014,0.18454591725772151
ENG,E1,2526,2025-11-26,2025-11-24,Blackburn,QPR,0,1,2.19,3.34,3.25,2.3,3.33,3.04,dc,0.4632,0.2663,0.2705,0.46318180439929224,0.26622882413902516,0.27058937146168227
ENG,E1,2526,2025-11-26,2025-11-24,West Brom,Birmingham,1,1,2.7,3.07,2.7,2.89,3.08,2.54,dc,0.3034,0.2767,0.4199,0.3033754217043428,0.2765103116916924,0.420114266603965
ENG,E1,2526,2025-11-26,2025-11-24,Wrexham,Bristol City,2,0,2.51,3.24,2.81,2.48,3.2,2.87,dc,0.4101,0.2863,0.3036,0.4098981153848356,0.2863494805497941,0.30375240406537035
ENG,E1,2526,2025-11-28,2025-11-24,Oxford,Ipswich,2,1,5.44,3.82,1.62,5.79,3.92,1.58,dc,0.2435,0.241,0.5155,0.24151929146859158,0.2405316645618498,0.5179490439695588
ENG,E0,2526,2025-11-29,2025-11-24,Brentford,Burnley,3,1,1.45,4.54,6.96,1.48,4.36,6.61,dc,0.626,0.2021,0.1719,0.628573161602662,0.20133396295253497,0.17009287544480317
ENG,E0,2526,2025-11-29,2025-11-24,Man City,Leeds,3,2,1.23,6.42,11.78,1.22,6.58,11.56,dc,0.799,0.1348,0.0662,0.8010700691135714,0.13375201240171813,0.06517791848471054
ENG,E0,2526,2025-11-29,2025-11-24,Sunderland,Bournemouth,3,2,3.04,3.3,2.35,3.14,3.3,2.3,dc,0.315,0.2893,0.3957,0.3126815592803061,0.28931710072254063,0.39800133999715304
ENG,E0,2526,2025-11-29,2025-11-24,Everton,Newcastle,1,4,2.79,3.31,2.55,2.68,3.3,2.65,dc,0.3517,0.2981,0.3502,0.3514136773362157,0.2982654417492861,0.35032088091449837
ENG,E0,2526,2025-11-29,2025-11-24,Tottenham,Fulham,1,2,2.18,3.39,3.33,2.34,3.35,3.04,dc,0.4901,0.2392,0.2708,0.4902468083301004,0.23897284636603688,0.27078034530386275
ENG,E1,2526,2025-11-29,2025-11-24,Millwall,Southampton,3,2,3.18,3.39,2.22,3.02,3.39,2.29,dc,0.3426,0.2576,0.3998,0.340172289852747,0.257580947578836,0.40224676256841696
ENG,E1,2526,2025-11-29,2025-11-24,Wrexham,Blackburn,1,1,2.27,3.26,3.18,2.27,3.28,3.17,dc,0.4535,0.2951,0.2515,0.45345765320637843,0.2950439782080718,0.25149836858554964
ENG,E1,2526,2025-11-29,2025-11-24,Coventry,Charlton,3,1,1.42,4.49,7.24,1.44,4.43,6.91,dc,0.6832,0.1874,0.1294,0.6834129474837991,0.1872684537192806,0.12931859879692012
ENG,E1,2526,2025-11-29,2025-11-24,Stoke,Hull,1,2,1.68,3.88,4.82,1.71,3.76,4.73,dc,0.4923,0.2549,0.2528,0.4922945745017254,0.25480534602596827,0.25290007947230625
ENG,E1,2526,2025-11-29,2025-11-24,Portsmouth,Bristol City,0,1,2.83,3.33,2.46,2.73,3.29,2.55,dc,0.314,0.2714,0.4146,0.31369591885836606,0.27129572701642934,0.4150083541252045
ENG,E1,2526,2025-11-29,2025-11-24,Leicester,Sheffield United,2,3,2.29,3.32,3.1,2.35,3.34,2.95,dc,0.4952,0.2737,0.2311,0.496610773823501,0.27346808392465727,0.22992114225184157
ENG,E1,2526,2025-11-29,2025-11-24,Norwich,QPR,3,1,2.46,3.39,2.79,2.5,3.47,2.67,dc,0.3814,0.2531,0.3656,0.38135060979628677,0.25298961478064275,0.3656597754230708
ENG,E1,2526,2025-11-29,2025-11-24,Sheffield Weds,Preston,2,3,3.34,3.23,2.21,3.3,3.37,2.16,dc,0.2178,0.2534,0.5288,0.217517071758611,0.2532629039194707,0.5292200243219182
ENG,E1,2526,2025-11-29,2025-11-24,West Brom,Swansea,3,2,1.8,3.4,4.6,1.83,3.45,4.46,dc,0.4779,0.2857,0.2364,0.47778400374257257,0.28571823222360015,0.23649776403382738
ENG,E1,2526,2025-11-29,2025-11-24,Middlesbrough,Derby,2,1,1.74,3.55,4.93,1.96,3.37,3.91,dc,0.4557,0.2821,0.2622,0.4557183876668328,0.281982569636207,0.2622990426969601
ENG,E0,2526,2025-11-30,2025-11-24,Nott'm Forest,Brighton,0,2,2.72,3.36,2.54,2.85,3.29,2.51,dc,0.347,0.2429,0.4102,0.34659544609647475,0.242785865232298,0.41061868867122736
ENG,E0,2526,2025-11-30,2025-11-24,Aston Villa,Wolves,1,0,1.48,4.39,6.57,1.46,4.46,6.83,dc,0.7571,0.1622,0.0807,0.7576251536388373,0.1618685042647698,0.08050634209639278
ENG,E0,2526,2025-11-30,2025-11-24,Crystal Palace,Man United,1,2,2.32,3.51,2.93,2.07,3.6,3.4,dc,0.5126,0.2485,0.2389,0.5127441353025023,0.24857723725482045,0.23867862744267707
ENG,E0,2526,2025-11-30,2025-11-24,West Ham,Liverpool,0,2,4.28,4.06,1.74,5.07,4.49,1.58,dc,0.2724,0.2065,0.5211,0.2718908331961464,0.20623276811310856,0.5218763986907449
ENG,E0,2526,2025-11-30,2025-11-24,Chelsea,Arsenal,1,1,3.33,3.35,2.18,3.01,3.14,2.46,dc,0.2815,0.2965,0.422,0.2809492400397957,0.2966579036681979,0.4223928562920062
ENG,E1,2526,2025-12-01,2025-12-01,Birmingham,Watford,2,1,1.82,3.47,4.33,1.78,3.65,4.4,dc,0.5164,0.25,0.2335,0.5161660347702731,0.24990590944436303,0.23392805578536394
ENG,E1,2526,2025-12-02,2025-12-01,Blackburn,Ipswich,1,1,3.72,3.45,1.99,3.77,3.43,1.99,dc,0.2924,0.2723,0.4353,0.2906986898685258,0.27207935663951405,0.43722195349196
ENG,E0,2526,2025-12-02,2025-12-01,Newcastle,Tottenham,2,2,1.8,3.78,4.24,1.83,3.78,4.07,dc,0.5578,0.214,0.2282,0.557727130693748,0.21399539678823454,0.22827747251801755
ENG,E0,2526,2025-12-02,2025-12-01,Fulham,Man City,4,5,4.66,4.04,1.69,5.14,4.08,1.63,dc,0.2137,0.2441,0.5422,0.21333922227120536,0.24389278851918045,0.5427679892096142
ENG,E0,2526,2025-12-02,2025-12-01,Bournemouth,Everton,0,1,2.2,3.29,3.38,2.17,3.4,3.34,dc,0.4479,0.2574,0.2947,0.44771865690538687,0.2573250131246374,0.29495632996997573
ENG,E0,2526,2025-12-03,2025-12-01,Liverpool,Sunderland,1,1,1.35,5.29,8.05,1.35,5.25,7.98,dc,0.5933,0.2283,0.1784,0.5952697051934018,0.22764546585322037,0.17708482895337796
ENG,E0,2526,2025-12-03,2025-12-01,Leeds,Chelsea,3,1,4.31,3.87,1.78,3.94,3.45,1.95,dc,0.1761,0.2211,0.6028,0.17438313942321973,0.22040880838927304,0.6052080521875072
ENG,E0,2526,2025-12-03,2025-12-01,Wolves,Nott'm Forest,0,1,3.28,3.3,2.24,3.1,3.23,2.37,dc,0.2539,0.2642,0.4819,0.2536867038211257,0.2638887730129831,0.48242452316589135
ENG,E0,2526,2025-12-03,2025-12-01,Burnley,Crystal Palace,0,1,4.57,3.71,1.77,4.99,3.62,1.73,dc,0.2329,0.2641,0.503,0.2307769338241154,0.26389536284686904,0.5053277033290154
ENG,E0,2526,2025-12-03,2025-12-01,Brighton,Aston Villa,3,4,2.15,3.48,3.33,2.25,3.42,3.17,dc,0.3918,0.2747,0.3336,0.3917083592414074,0.2747158518958092,0.33357578886278333
ENG,E0,2526,2025-12-03,2025-12-01,Arsenal,Brentford,2,0,1.35,4.97,8.94,1.43,4.53,7.43,dc,0.6799,0.1931,0.127,0.6803055728217655,0.19287432464117735,0.1268201025370571
ENG,E0,2526,2025-12-04,2025-12-01,Man United,West Ham,1,1,1.43,4.81,6.59,1.4,5.03,7.21,dc,0.6171,0.1987,0.1842,0.6178534280490177,0.19835133734064642,0.1837952346103358
ENG,E1,2526,2025-12-05,2025-12-01,Hull,Middlesbrough,1,4,3.03,3.49,2.24,2.76,3.53,2.4,dc,0.3916,0.2562,0.3522,0.39156016826352,0.2560736543503987,0.3523661773860811
ENG,E1,2526,2025-12-06,2025-12-01,Southampton,Birmingham,3,1,2.3,3.42,2.98,2.25,3.48,3.02,dc,0.3757,0.2451,0.3792,0.3774602279640256,0.24513864799884802,0.37740112403712645
ENG,E1,2526,2025-12-06,2025-12-01,Sheffield United,Stoke,4,0,2.07,3.34,3.6,2.03,3.39,3.64,dc,0.3408,0.2893,0.3699,0.3410141005727857,0.28913003756168904,0.3698558618655252
ENG,E1,2526,2025-12-06,2025-12-01,QPR,West Brom,3,1,2.43,3.13,3.03,2.36,3.33,2.98,dc,0.3714,0.277,0.3516,0.3711284335498033,0.27692183994453784,0.351949726505659
ENG,E1,2526,2025-12-06,2025-12-01,Preston,Wrexham,1,1,2.41,3.12,3.05,2.29,3.21,3.18,dc,0.3613,0.3011,0.3376,0.36114572436344217,0.3011700526195265,0.3376842230170313
ENG,E1,2526,2025-12-06,2025-12-01,Ipswich,Coventry,3,0,2.27,3.47,2.98,2.06,3.53,3.4,dc,0.3293,0.2205,0.4502,0.33088729302113273,0.22078615530677018,0.44832655167209706
ENG,E1,2526,2025-12-06,2025-12-01,Bristol City,Millwall,0,1,2.15,3.3,3.4,2.04,3.39,3.64,dc,0.4952,0.261,0.2438,0.49564780516323464,0.26069407870378886,0.2436581161329765
ENG,E1,2526,2025-12-06,2025-12-01,Watford,Norwich,3,2,1.94,3.56,3.77,1.76,3.94,4.12,dc,0.5335,0.2396,0.2269,0.5337706907389922,0.23940522383902219,0.22682408542198543
ENG,E1,2526,2025-12-06,2025-12-01,Derby,Leicester,1,3,2.7,3.17,2.66,2.67,3.16,2.69,dc,0.4404,0.2695,0.2901,0.43878099069654564,0.2697587427001186,0.2914602666033358
ENG,E0,2526,2025-12-06,2025-12-01,Tottenham,Brentford,2,0,2.31,3.44,3.03,2.42,3.35,2.9,dc,0.3808,0.2233,0.3959,0.38097443886804244,0.22312679233877714,0.3958987687931803
ENG,E0,2526,2025-12-06,2025-12-01,Aston Villa,Arsenal,2,1,4.13,3.45,1.91,4.18,3.47,1.9,dc,0.2364,0.308,0.4555,0.2360539158007862,0.30802129807077816,0.4559247861284356
ENG,E0,2526,2025-12-06,2025-12-01,Bournemouth,Chelsea,0,0,3.14,3.67,2.16,3.33,3.75,2.05,dc,0.2512,0.234,0.5148,0.25076078898533066,0.23389886489295084,0.5153403461217185
ENG,E0,2526,2025-12-06,2025-12-01,Everton,Nott'm Forest,3,0,2.17,3.25,3.52,2.08,3.28,3.72,dc,0.4293,0.2886,0.2821,0.42931414426886827,0.28844415088288244,0.28224170484824923
ENG,E0,2526,2025-12-06,2025-12-01,Man City,Sunderland,3,0,1.24,6.22,11.38,1.25,6.18,10.59,dc,0.6966,0.1995,0.1039,0.6983335806432412,0.19877056246960723,0.10289585688715161
ENG,E0,2526,2025-12-06,2025-12-01,Newcastle,Burnley,2,1,1.28,5.72,10.39,1.3,5.53,9.5,dc,0.6628,0.1938,0.1435,0.6646563838800228,0.19319750186822546,0.14214611425175178
ENG,E1,2526,2025-12-06,2025-12-01,Swansea,Oxford,2,0,2.05,3.3,3.72,2.07,3.31,3.64,dc,0.3681,0.2793,0.3526,0.3678996273753681,0.27921713092689965,0.3528832416977322
ENG,E0,2526,2025-12-06,2025-12-01,Leeds,Liverpool,3,3,3.95,3.9,1.84,4.4,3.88,1.76,dc,0.2438,0.2147,0.5414,0.24167183340967271,0.21412515108353355,0.5442030155067936
ENG,E0,2526,2025-12-07,2025-12-01,Fulham,Crystal Palace,1,2,2.57,3.27,2.77,2.49,3.32,2.85,dc,0.3275,0.2894,0.3832,0.3269328674923215,0.2894430799861369,0.3836240525215416
ENG,E0,2526,2025-12-07,2025-12-01,Brighton,West Ham,1,1,1.55,4.32,5.63,1.6,4.24,5.16,dc,0.6762,0.179,0.1448,0.6765787781329439,0.17883878821317423,0.1445824336538821
ENG,E0,2526,2025-12-08,2025-12-08,Wolves,Man United,1,4,4.22,3.9,1.77,5.04,4.09,1.64,dc,0.1888,0.2384,0.5727,0.18850009839755671,0.23768546404855542,0.5738144375538878
ENG,E1,2526,2025-12-09,2025-12-08,Southampton,West Brom,3,2,1.83,3.75,3.97,1.82,3.72,4.11,dc,0.5514,0.2309,0.2176,0.5527037636680442,0.2307806758031602,0.2165155605287955
ENG,E1,2526,2025-12-09,2025-12-08,Charlton,Middlesbrough,1,2,3.34,3.29,2.17,2.97,3.29,2.38,dc,0.277,0.2823,0.4407,0.2764830204961073,0.2817788811769372,0.44173809832695543
ENG,E1,2526,2025-12-09,2025-12-08,Swansea,Portsmouth,1,0,2.11,3.35,3.46,1.97,3.42,3.85,dc,0.4376,0.2853,0.2771,0.4380055478985842,0.2850588584903901,0.2769355936110258
ENG,E1,2526,2025-12-09,2025-12-08,Watford,Sheffield Weds,1,1,1.55,4.31,5.39,1.53,4.32,5.61,dc,0.6541,0.2048,0.1411,0.6547094501390035,0.204410647300934,0.14087990256006264
ENG,E1,2526,2025-12-09,2025-12-08,QPR,Birmingham,2,1,2.85,3.31,2.43,2.81,3.35,2.44,dc,0.3297,0.2529,0.4174,0.3295112927514184,0.2525151213011045,0.4179735859474772
ENG,E1,2526,2025-12-09,2025-12-08,Preston,Coventry,1,1,3.74,3.58,1.94,3.6,3.47,2.1,dc,0.281,0.2321,0.4869,0.28066095870905167,0.23203615213398518,0.4873028891569632
ENG,E1,2526,2025-12-09,2025-12-08,Sheffield United,Norwich,1,1,1.61,4.07,5.1,1.64,4.13,4.83,dc,0.5985,0.2135,0.1881,0.5990403567011193,0.21297699371365927,0.18798264958522137
ENG,E1,2526,2025-12-09,2025-12-08,Blackburn,Oxford,1,1,1.77,3.56,4.62,1.75,3.56,4.75,dc,0.4581,0.2963,0.2456,0.45836561775288814,0.29576518996458057,0.24586919228253135
ENG,E1,2526,2025-12-10,2025-12-08,Hull,Wrexham,2,0,2.35,3.37,2.94,2.44,3.35,2.82,dc,0.332,0.273,0.395,0.33211132671417093,0.2730402786618661,0.3948483946239629
ENG,E1,2526,2025-12-10,2025-12-08,Ipswich,Stoke,1,0,1.64,3.86,5.15,1.57,3.86,5.88,dc,0.5422,0.2497,0.2081,0.5438328903944892,0.2491652241607153,0.20700188544479572
ENG,E1,2526,2025-12-10,2025-12-08,Derby,Millwall,1,1,2.47,3.07,3.02,2.69,3.7,2.72,dc,0.4262,0.2753,0.2985,0.42782900962336906,0.27440658144865354,0.29776440892797745
ENG,E1,2526,2025-12-10,2025-12-08,Bristol City,Leicester,2,2,2.32,3.37,3.0,2.26,3.37,3.8,dc,0.4211,0.2774,0.3014,0.4194841965155087,0.2775876925122255,0.3029281109722658
ENG,E1,2526,2025-12-12,2025-12-08,West Brom,Sheffield United,2,0,2.4,3.34,2.88,2.38,3.36,2.9,dc,0.3433,0.2738,0.3828,0.3428421754894626,0.2733941114136014,0.3837637130969359
ENG,E1,2526,2025-12-13,2025-12-08,Birmingham,Charlton,1,1,1.57,3.9,5.79,1.53,4.04,6.23,dc,0.5783,0.2387,0.1829,0.5792643350242632,0.23796787527711435,0.18276778969862253
ENG,E1,2526,2025-12-13,2025-12-08,Stoke,Swansea,2,1,1.86,3.47,4.21,2.07,3.23,3.68,dc,0.5204,0.2663,0.2133,0.5202654748858556,0.26612196368771046,0.21361256142643403
ENG,E1,2526,2025-12-13,2025-12-08,Leicester,Ipswich,3,1,3.33,3.37,2.14,3.32,3.19,2.22,dc,0.3143,0.26,0.4257,0.31400117924362086,0.26017136039076194,0.42582746036561714
ENG,E1,2526,2025-12-13,2025-12-08,Middlesbrough,QPR,3,1,1.92,3.57,3.8,1.88,3.59,3.94,dc,0.5459,0.2395,0.2146,0.5463294126645308,0.23933002504937503,0.21434056228609427
ENG,E1,2526,2025-12-13,2025-12-08,Millwall,Hull,1,3,1.96,3.5,3.71,1.98,3.51,3.67,dc,0.4464,0.2525,0.301,0.44534956465686487,0.25217280266813397,0.3024776326750012
ENG,E1,2526,2025-12-13,2025-12-08,Portsmouth,Blackburn,2,1,2.74,3.22,2.57,2.79,3.29,2.5,dc,0.3222,0.3136,0.3642,0.3220054349558536,0.31311546219735065,0.364879102846796
ENG,E1,2526,2025-12-13,2025-12-08,Wrexham,Watford,2,2,2.5,3.23,2.82,2.76,3.34,2.48,dc,0.4673,0.2836,0.2491,0.46665706083531927,0.28369595077013043,0.2496469883945503
ENG,E1,2526,2025-12-13,2025-12-08,Coventry,Bristol City,1,0,1.69,3.93,4.61,1.55,4.44,5.2,dc,0.6354,0.1971,0.1675,0.6355520867237131,0.1969678091202806,0.167480104156006
ENG,E1,2526,2025-12-13,2025-12-08,Oxford,Preston,1,2,2.62,3.22,2.7,2.62,3.27,2.68,dc,0.3118,0.287,0.4012,0.3118637542451076,0.2867640378523034,0.4013722079025892
ENG,E1,2526,2025-12-13,2025-12-08,Norwich,Southampton,2,1,3.39,3.75,1.99,3.43,3.78,1.97,dc,0.2814,0.225,0.4936,0.2800970406438115,0.22487478717766124,0.4950281721785274
ENG,E0,2526,2025-12-13,2025-12-08,Chelsea,Everton,2,0,1.66,3.9,5.09,1.71,3.84,4.77,dc,0.4854,0.2932,0.2214,0.48540120623252264,0.2930953624976236,0.2215034312698538
ENG,E0,2526,2025-12-13,2025-12-08,Arsenal,Wolves,2,1,1.12,8.62,22.31,1.12,8.9,22.31,dc,0.8566,0.1107,0.0326,0.8570684763200004,0.11031484459447735,0.032616679085522286
ENG,E0,2526,2025-12-13,2025-12-08,Burnley,Fulham,2,3,3.93,3.48,1.95,3.88,3.41,1.99,dc,0.3173,0.2517,0.431,0.3155254802345878,0.25141571767739995,0.43305880208801223
ENG,E0,2526,2025-12-13,2025-12-08,Liverpool,Brighton,2,0,1.67,4.17,4.62,1.74,3.98,4.37,dc,0.4877,0.2113,0.301,0.4867113225203727,0.21128933688356683,0.3019993405960604
ENG,E0,2526,2025-12-14,2025-12-08,Sunderland,Newcastle,1,0,3.26,3.33,2.22,3.41,3.35,2.16,dc,0.2616,0.2787,0.4597,0.2600025962969977,0.27868575182785577,0.46131165187514667
ENG,E0,2526,2025-12-14,2025-12-08,Crystal Palace,Man City,0,3,3.98,3.81,1.83,4.01,3.73,1.85,dc,0.3114,0.2655,0.4231,0.31138614550836297,0.26568242434225875,0.42293143014937834
ENG,E0,2526,2025-12-14,2025-12-08,Nott'm Forest,Tottenham,3,0,2.55,3.28,2.76,2.62,3.31,2.7,dc,0.3195,0.2527,0.4277,0.3188323283337235,0.252139040036253,0.42902863163002347
ENG,E0,2526,2025-12-14,2025-12-08,Brentford,Leeds,1,1,1.94,3.54,3.85,2.14,3.25,3.56,dc,0.5686,0.2099,0.2216,0.5706093913621263,0.20935604253562046,0.2200345661022531
ENG,E0,2526,2025-12-14,2025-12-08,West Ham,Aston Villa,2,3,3.63,3.51,2.0,3.31,3.42,2.18,dc,0.2146,0.2411,0.5443,0.21460056247773107,0.24081892009964392,0.5445805174226249
ENG,E0,2526,2025-12-15,2025-12-15,Man United,Bournemouth,4,4,1.82,3.98,3.84,1.76,4.18,4.1,dc,0.5174,0.2299,0.2526,0.5184521504570023,0.2295613352703326,0.2519865142726651
ENG,E1,2526,2025-12-15,2025-12-15,Sheffield Weds,Derby,0,3,3.16,3.21,2.27,3.53,3.3,2.11,dc,0.2619,0.265,0.473,0.26212720334042755,0.2645108495361128,0.4733619471234594
ENG,E1,2526,2025-12-19,2025-12-15,Swansea,Wrexham,2,1,2.23,3.26,3.26,2.19,3.29,3.31,dc,0.3159,0.3015,0.3826,0.31616703836368265,0.30145939288304513,0.382373568753272
ENG,E1,2526,2025-12-20,2025-12-15,Sheffield United,Birmingham,3,0,2.28,3.4,3.03,2.31,3.3,3.05,dc,0.4092,0.2648,0.326,0.4105995913245619,0.2638761028496669,0.32552430582577124
ENG,E0,2526,2025-12-20,2025-12-15,Wolves,Brentford,0,2,3.59,3.48,2.05,3.42,3.37,2.15,dc,0.1924,0.2359,0.5717,0.19275232607528434,0.235334565755074,0.5719131081696415
ENG,E0,2526,2025-12-20,2025-12-15,Tottenham,Liverpool,1,2,3.36,3.71,2.02,3.54,3.59,2.02,dc,0.3478,0.2301,0.422,0.3493493025079682,0.22958644669623313,0.4210642507957984
ENG,E0,2526,2025-12-20,2025-12-15,Everton,Arsenal,0,1,6.03,3.89,1.57,6.26,4.02,1.54,dc,0.1958,0.3026,0.5016,0.19569586340802023,0.30166228874867634,0.5026418478433036
ENG,E0,2526,2025-12-20,2025-12-15,Leeds,Crystal Palace,4,1,2.6,3.25,2.76,2.83,3.06,2.66,dc,0.315,0.2707,0.4143,0.3132311208818783,0.2709155840452523,0.41585329507286956
ENG,E0,2526,2025-12-20,2025-12-15,Bournemouth,Burnley,1,1,1.47,4.44,6.59,1.47,4.62,6.47,dc,0.5667,0.2291,0.2042,0.567673310773676,0.22897532668683648,0.20335136253948766
ENG,E1,2526,2025-12-20,2025-12-15,Blackburn,Millwall,2,0,2.15,3.28,3.39,2.26,3.24,3.2,dc,0.406,0.3012,0.2927,0.40804864051668216,0.2998211409862304,0.29213021849708753
ENG,E0,2526,2025-12-20,2025-12-15,Newcastle,Chelsea,2,2,2.73,3.51,2.47,2.79,3.53,2.41,dc,0.3422,0.2777,0.3801,0.3425141170024819,0.27810900553758283,0.3793768774599353
ENG,E1,2526,2025-12-20,2025-12-15,Preston,Norwich,1,1,2.16,3.43,3.22,2.16,3.48,3.15,dc,0.5511,0.2401,0.2088,0.5504330948634827,0.23997003297274655,0.20959687216377068
ENG,E1,2526,2025-12-20,2025-12-15,Southampton,Coventry,1,1,2.39,3.7,2.67,2.3,3.77,2.76,dc,0.3093,0.2171,0.4736,0.31058244686005915,0.21770601096227962,0.4717115421776611
ENG,E1,2526,2025-12-20,2025-12-15,Bristol City,Middlesbrough,2,0,2.67,3.41,2.52,2.7,3.52,2.45,dc,0.3506,0.283,0.3665,0.3509292326981096,0.2823712046870704,0.3666995626148202
ENG,E0,2526,2025-12-20,2025-12-15,Man City,West Ham,3,0,1.2,7.36,11.88,1.2,7.44,12.02,dc,0.8261,0.1116,0.0623,0.826169740404144,0.11144671778096667,0.06238354181488951
ENG,E1,2526,2025-12-20,2025-12-15,Charlton,Oxford,1,0,2.1,3.26,3.53,2.04,3.31,3.71,dc,0.4192,0.2948,0.286,0.4186745261181336,0.29429955562505156,0.28702591825681484
ENG,E1,2526,2025-12-20,2025-12-15,Derby,Portsmouth,1,1,2.02,3.23,3.87,1.98,3.28,3.96,dc,0.5053,0.2704,0.2242,0.5057752447263353,0.2698205911835966,0.224404164090068
ENG,E1,2526,2025-12-20,2025-12-15,Hull,West Brom,1,0,2.77,3.35,2.46,2.8,3.36,2.44,dc,0.4759,0.2427,0.2813,0.47607090041893607,0.24240992247513693,0.28151917710592683
ENG,E1,2526,2025-12-20,2025-12-15,Ipswich,Sheffield Weds,3,1,1.22,6.19,12.22,1.19,6.65,13.59,dc,0.7522,0.1602,0.0876,0.7527949711381248,0.15981053235065035,0.08739449651122497
ENG,E1,2526,2025-12-20,2025-12-15,QPR,Leicester,4,1,2.33,3.4,2.94,2.41,3.43,2.81,dc,0.3578,0.2531,0.3891,0.35527816144331487,0.2531749024405537,0.3915469361161316
ENG,E1,2526,2025-12-20,2025-12-15,Watford,Stoke,1,0,2.11,3.38,3.35,2.02,3.39,3.67,dc,0.3963,0.2837,0.32,0.3968923752460298,0.28313017037195687,0.3199774543820134
ENG,E0,2526,2025-12-20,2025-12-15,Brighton,Sunderland,0,0,1.65,3.95,5.16,1.83,3.65,4.27,dc,0.5204,0.2643,0.2152,0.5217280976455021,0.26393827582049445,0.2143336265340034
ENG,E0,2526,2025-12-21,2025-12-15,Aston Villa,Man United,2,1,2.1,3.64,3.26,2.01,3.67,3.53,dc,0.5471,0.2287,0.2242,0.5456983616987974,0.2287326500516083,0.22556898824959462
ENG,E0,2526,2025-12-22,2025-12-22,Fulham,Nott'm Forest,1,0,2.42,3.27,2.93,2.55,3.33,2.75,dc,0.4976,0.2413,0.2611,0.4983529637400697,0.2402845171063631,0.26136251915356734
ENG,E1,2526,2025-12-26,2025-12-22,Oxford,Southampton,2,1,3.93,3.74,1.82,3.84,3.73,1.87,dc,0.2897,0.2606,0.4498,0.2890723535203249,0.2605808116917146,0.45034683478796045
ENG,E1,2526,2025-12-26,2025-12-22,Wrexham,Sheffield United,5,3,3.24,3.34,2.18,3.05,3.41,2.27,dc,0.3767,0.2909,0.3324,0.3750746635720434,0.29074171063598125,0.33418362579197536
ENG,E1,2526,2025-12-26,2025-12-22,West Brom,Bristol City,1,2,2.07,3.39,3.45,2.05,3.38,3.58,dc,0.3585,0.2997,0.3418,0.35892855594594864,0.298596030259621,0.34247541379443047
ENG,E1,2526,2025-12-26,2025-12-22,Birmingham,Derby,1,1,1.87,3.41,4.24,1.91,3.37,4.07,dc,0.4448,0.2618,0.2934,0.44455994137653615,0.2607644244053086,0.29467563421815524
ENG,E1,2526,2025-12-26,2025-12-22,Millwall,Ipswich,0,0,3.72,3.32,2.02,3.81,3.32,1.99,dc,0.2665,0.2646,0.4689,0.26341369923433167,0.26288912751328525,0.4736971732523828
ENG,E1,2526,2025-12-26,2025-12-22,Coventry,Swansea,1,0,1.52,4.17,5.82,1.54,4.25,5.49,dc,0.7313,0.1643,0.1045,0.7308392818842712,0.16429472415592977,0.10486599395979891
ENG,E1,2526,2025-12-26,2025-12-22,Leicester,Watford,1,2,2.25,3.33,3.09,2.24,3.45,3.07,dc,0.4531,0.2539,0.293,0.4539994964619207,0.25335034717300203,0.2926501563650772
ENG,E1,2526,2025-12-26,2025-12-22,Portsmouth,QPR,1,1,2.86,3.43,2.34,3.09,3.32,2.28,dc,0.3377,0.274,0.3882,0.3380832948579105,0.2738330635010667,0.388083641641023
ENG,E1,2526,2025-12-26,2025-12-22,Norwich,Charlton,1,0,1.99,3.46,3.63,2.04,3.48,3.49,dc,0.4369,0.2789,0.2842,0.43928276750898787,0.2775199702720779,0.28319726221893426
ENG,E1,2526,2025-12-26,2025-12-22,Middlesbrough,Blackburn,0,0,1.79,3.6,4.26,1.7,3.82,4.64,dc,0.5072,0.2736,0.2192,0.5078127144161334,0.27269181408197257,0.21949547150189383
ENG,E1,2526,2025-12-26,2025-12-22,Stoke,Preston,0,0,2.11,3.22,3.5,2.02,3.25,3.84,dc,0.3928,0.3081,0.299,0.3937443985341498,0.30741626210392364,0.29883933936192664
ENG,E1,2526,2025-12-26,2025-12-22,Sheffield Weds,Hull,2,2,3.6,3.57,1.96,4.17,3.68,1.81,dc,0.212,0.2287,0.5593,0.21261167374057846,0.22835788427606704,0.5590304419833544
ENG,E0,2526,2025-12-26,2025-12-22,Man United,Newcastle,1,0,2.47,3.58,2.67,2.47,3.64,2.66,dc,0.4271,0.2295,0.3434,0.4272630237113288,0.22945120134251737,0.3432857749461541
ENG,E0,2526,2025-12-27,2025-12-22,Burnley,Everton,0,0,4.03,3.33,1.96,3.66,3.1,2.18,dc,0.3018,0.3102,0.388,0.301333901385674,0.30962080109425283,0.38904529752007316
ENG,E0,2526,2025-12-27,2025-12-22,Liverpool,Wolves,2,1,1.24,6.31,11.25,1.24,6.43,11.22,dc,0.8109,0.1287,0.0605,0.8104718311366382,0.12849765974359684,0.06103050911976496
ENG,E0,2526,2025-12-27,2025-12-22,West Ham,Fulham,0,1,2.65,3.38,2.59,2.98,3.33,2.39,dc,0.3474,0.2393,0.4133,0.34767960360860756,0.23846856246855605,0.4138518339228367
ENG,E0,2526,2025-12-27,2025-12-22,Chelsea,Aston Villa,1,2,1.84,3.82,3.97,1.77,3.94,4.23,dc,0.4395,0.2761,0.2844,0.4393945266080391,0.2761657984595811,0.28443967493237976
ENG,E0,2526,2025-12-27,2025-12-22,Arsenal,Brighton,2,1,1.41,4.73,7.34,1.32,5.45,8.87,dc,0.6745,0.2087,0.1169,0.6732100810325353,0.2091000609345796,0.11768985803288523
ENG,E0,2526,2025-12-27,2025-12-22,Brentford,Bournemouth,4,1,2.25,3.57,2.98,2.28,3.47,3.04,dc,0.5109,0.2321,0.257,0.5108074140920574,0.23196038567171548,0.25723220023622695
ENG,E0,2526,2025-12-27,2025-12-22,Nott'm Forest,Man City,1,2,5.21,4.24,1.59,5.17,4.16,1.61,dc,0.1596,0.2123,0.6282,0.1589844005988964,0.21122977606382534,0.6297858233372784
ENG,E0,2526,2025-12-28,2025-12-22,Sunderland,Leeds,1,1,2.56,3.18,2.8,2.84,3.1,2.63,dc,0.3886,0.2954,0.3159,0.3884338751969632,0.2954084443672848,0.3161576804357521
ENG,E0,2526,2025-12-28,2025-12-22,Crystal Palace,Tottenham,0,1,2.25,3.33,3.19,2.23,3.38,3.22,dc,0.4809,0.2565,0.2627,0.479222094104297,0.25661754017678085,0.2641603657189223
ENG,E1,2526,2025-12-29,2025-12-29,Millwall,Bristol City,2,1,2.35,3.3,2.97,2.39,3.26,2.98,dc,0.3129,0.3043,0.3828,0.31060737286250606,0.30275939884021213,0.3866332282972817
ENG,E1,2526,2025-12-29,2025-12-29,Middlesbrough,Hull,0,1,1.65,3.96,4.79,1.64,3.99,4.86,dc,0.5126,0.2411,0.2464,0.5128773904508251,0.24059369767096106,0.24652891187821382
ENG,E1,2526,2025-12-29,2025-12-29,Leicester,Derby,2,1,2.07,3.32,3.54,2.07,3.27,3.6,dc,0.4342,0.2602,0.3056,0.4356116297655246,0.2594494597535846,0.30493891048089083
ENG,E1,2526,2025-12-29,2025-12-29,Coventry,Ipswich,0,2,2.37,3.35,2.91,2.23,3.44,3.06,dc,0.5445,0.2302,0.2253,0.5414923495438851,0.23111898893775573,0.2273886615183591
ENG,E1,2526,2025-12-29,2025-12-29,West Brom,QPR,2,1,2.08,3.38,3.5,1.79,3.72,4.28,dc,0.4118,0.2636,0.3246,0.4132159588170041,0.2631686646624726,0.32361537652052325
ENG,E1,2526,2025-12-29,2025-12-29,Wrexham,Preston,2,1,2.15,3.28,3.41,2.11,3.32,3.45,dc,0.4183,0.2817,0.3,0.41730307373766606,0.2821351485968758,0.30056177766545805
ENG,E1,2526,2025-12-29,2025-12-29,Birmingham,Southampton,1,1,2.32,3.39,2.93,2.35,3.51,2.82,dc,0.4176,0.2449,0.3375,0.41519733337771314,0.2449219049275698,0.3398807616947171
ENG,E1,2526,2025-12-29,2025-12-29,Oxford,Swansea,0,1,2.77,3.19,2.57,2.64,3.19,2.69,dc,0.3998,0.2976,0.3026,0.4007530554625931,0.2962590400079194,0.3029879045294876
ENG,E1,2526,2025-12-29,2025-12-29,Portsmouth,Charlton,2,1,2.31,3.22,3.15,2.39,3.02,3.13,dc,0.3873,0.3254,0.2873,0.3884841573476182,0.32403715990609,0.2874786827462919
ENG,E1,2526,2025-12-29,2025-12-29,Sheffield Weds,Blackburn,0,0,4.39,3.63,1.78,4.74,3.58,1.74,dc,0.2431,0.2888,0.4681,0.24377107484242722,0.28812803606464954,0.4681008890929234
ENG,E1,2526,2025-12-29,2025-12-29,Norwich,Watford,0,1,2.52,3.46,2.65,2.55,3.34,2.68,dc,0.3581,0.2656,0.3762,0.358118417933393,0.2645236180437559,0.3773579640228512
ENG,E1,2526,2025-12-29,2025-12-29,Stoke,Sheffield United,1,2,2.81,3.27,2.49,2.73,3.3,2.53,dc,0.4109,0.2854,0.3037,0.4114742643848401,0.28447305051563526,0.30405268509952477
ENG,E0,2526,2025-12-30,2025-12-29,West Ham,Brighton,2,2,3.41,3.67,2.04,3.32,3.59,2.1,dc,0.2856,0.2487,0.4657,0.28613509289794703,0.24865856687840535,0.46520634022364765
ENG,E0,2526,2025-12-30,2025-12-29,Chelsea,Bournemouth,2,2,1.51,4.56,5.81,1.56,4.45,5.25,dc,0.638,0.2016,0.1603,0.6366987717284814,0.20236750067489317,0.16093372759662525
ENG,E0,2526,2025-12-30,2025-12-29,Nott'm Forest,Everton,0,2,2.12,3.21,3.7,1.9,3.37,4.29,dc,0.3464,0.3325,0.3211,0.34759973489490253,0.33120314289569314,0.3211971222094044
ENG,E0,2526,2025-12-30,2025-12-29,Arsenal,Aston Villa,4,1,1.43,4.68,7.02,1.37,5.03,7.76,dc,0.5452,0.2649,0.1899,0.5457778890911259,0.2639123907280687,0.19030972018080528
ENG,E0,2526,2025-12-30,2025-12-29,Man United,Wolves,1,1,1.37,5.06,8.09,1.37,5.04,7.63,dc,0.7509,0.1593,0.0898,0.7516614668208159,0.15839257884855296,0.08994595433063116
ENG,E0,2526,2025-12-30,2025-12-29,Burnley,Newcastle,1,3,5.5,4.11,1.59,5.71,4.12,1.56,dc,0.2699,0.2641,0.4661,0.2674330265622484,0.2640905301094086,0.46847644332834326
ENG,E1,2526,2026-01-01,2025-12-29,Bristol City,Portsmouth,5,0,1.71,3.78,4.65,1.63,3.78,5.41,dc,0.5553,0.2682,0.1765,0.5563416973663227,0.26716973756927626,0.17648856506440097
ENG,E1,2526,2026-01-01,2025-12-29,Blackburn,Wrexham,0,2,2.06,3.41,3.52,1.99,3.29,3.88,dc,0.379,0.298,0.323,0.3789267630230678,0.29778612682143657,0.3232871101554955
ENG,E1,2526,2026-01-01,2025-12-29,Charlton,Coventry,1,1,3.81,3.52,1.93,3.63,3.46,2.0,dc,0.1833,0.246,0.5707,0.18319961864923714,0.2448870765024995,0.5719133048482634
ENG,E1,2526,2026-01-01,2025-12-29,Ipswich,Oxford,2,1,1.31,5.08,9.58,1.35,4.78,8.75,dc,0.6232,0.2273,0.1496,0.6231842307659741,0.22710826049978716,0.1497075087342388
ENG,E0,2526,2026-01-01,2025-12-29,Crystal Palace,Fulham,1,1,2.17,3.34,3.4,2.22,3.27,3.34,dc,0.4225,0.2737,0.3038,0.4239329272241866,0.27286559049309406,0.30320148228271926
ENG,E0,2526,2026-01-01,2025-12-29,Liverpool,Leeds,0,0,1.53,4.41,5.83,1.47,4.45,6.68,dc,0.594,0.1997,0.2063,0.5945974075645557,0.19921568359795233,0.20618690883749205
ENG,E0,2526,2026-01-01,2025-12-29,Brentford,Tottenham,0,0,2.11,3.49,3.35,2.4,3.4,2.91,dc,0.5228,0.2315,0.2457,0.5225840325752792,0.23077075266419642,0.24664521476052434
ENG,E0,2526,2026-01-01,2025-12-29,Sunderland,Man City,0,0,7.81,4.82,1.39,7.23,4.7,1.42,dc,0.165,0.2601,0.5749,0.16383663500655726,0.25904814450820274,0.5771152204852399
ENG,E1,2526,2026-01-01,2025-12-29,Hull,Stoke,0,1,2.35,3.27,3.02,2.25,3.29,3.17,dc,0.4249,0.2779,0.2972,0.4240266245156577,0.2772015118279236,0.29877186365641856
ENG,E1,2526,2026-01-01,2025-12-29,Derby,Middlesbrough,1,0,3.06,3.24,2.34,2.96,3.23,2.4,dc,0.3698,0.2823,0.3479,0.3700714762594823,0.2816029270087866,0.3483255967317311
ENG,E1,2526,2026-01-01,2025-12-29,Watford,Birmingham,3,0,2.35,3.33,2.97,2.23,3.34,3.17,dc,0.4605,0.2598,0.2797,0.46274309901186433,0.25830578491263984,0.278951116075496
ENG,E1,2526,2026-01-01,2025-12-29,Swansea,West Brom,1,0,2.72,3.16,2.63,3.15,3.1,2.36,dc,0.3914,0.2924,0.3162,0.39172204940515226,0.291349327761766,0.3169286228330819
ENG,E1,2526,2026-01-01,2025-12-29,Southampton,Millwall,0,0,1.76,3.79,4.31,1.92,3.56,3.85,dc,0.5438,0.2421,0.2141,0.5474307692469129,0.24102774643029912,0.21154148432278794
ENG,E1,2526,2026-01-01,2025-12-29,QPR,Norwich,1,2,2.11,3.44,3.34,1.99,3.54,3.61,dc,0.5111,0.2371,0.2518,0.5094868967184577,0.23706633361510288,0.25344676966643964
ENG,E1,2526,2026-01-01,2025-12-29,Preston,Sheffield Weds,3,0,1.5,4.16,6.29,1.51,4.06,6.45,dc,0.6714,0.209,0.1196,0.6705044453207347,0.20931591033868133,0.12017964434058402
ENG,E1,2526,2026-01-01,2025-12-29,Sheffield United,Leicester,3,1,1.79,3.69,4.29,1.72,3.84,4.51,dc,0.4902,0.2357,0.2741,0.4890652678611626,0.23546887750980794,0.27546585462902967
ENG,E0,2526,2026-01-03,2025-12-29,Bournemouth,Arsenal,2,3,6.13,4.57,1.48,5.95,4.43,1.51,dc,0.1561,0.2198,0.6242,0.15633622171588843,0.21940756592238747,0.624256212361724
ENG,E0,2526,2026-01-03,2025-12-29,Brighton,Burnley,2,0,1.49,4.35,6.56,1.45,4.51,7.0,dc,0.6048,0.2215,0.1737,0.604719460167856,0.22194614776265295,0.17333439206949108
ENG,E0,2526,2026-01-03,2025-12-29,Aston Villa,Nott'm Forest,3,1,1.76,3.74,4.54,1.9,3.51,4.1,dc,0.6397,0.2187,0.1415,0.6398196772757638,0.21800578466153314,0.14217453806270314
ENG,E0,2526,2026-01-03,2025-12-29,Wolves,West Ham,3,0,2.48,3.37,2.82,2.63,3.36,2.66,dc,0.2974,0.2827,0.4199,0.29765562407861973,0.28134149112451223,0.42100288479686804
ENG,E1,2526,2026-01-04,2025-12-29,Bristol City,Preston,0,2,1.87,3.5,4.06,1.83,3.57,4.23,dc,0.426,0.2998,0.2743,0.42646363164110807,0.29909458709053804,0.27444178126835395
ENG,E0,2526,2026-01-04,2025-12-29,Everton,Brentford,2,4,2.36,3.19,3.1,2.46,3.16,3.01,dc,0.3631,0.3034,0.3335,0.36249843813316956,0.3026548115403809,0.33484675032644945
ENG,E1,2526,2026-01-04,2025-12-29,Norwich,Stoke,0,2,2.23,3.39,3.08,1.98,3.49,3.69,dc,0.3507,0.2982,0.3511,0.3505663248845007,0.2973081268941438,0.3521255482213555
ENG,E1,2526,2026-01-04,2025-12-29,Millwall,Swansea,2,1,2.16,3.2,3.42,2.1,3.13,3.72,dc,0.4181,0.2999,0.282,0.4157808775286027,0.2990430687439105,0.28517605372748683
ENG,E1,2526,2026-01-04,2025-12-29,Middlesbrough,Southampton,4,0,2.15,3.56,3.11,2.21,3.6,3.02,dc,0.4819,0.2459,0.2723,0.4797320625374141,0.24658452272078624,0.2736834147417998
ENG,E1,2526,2026-01-04,2025-12-29,Derby,Wrexham,1,2,2.31,3.15,3.16,2.23,3.12,3.42,dc,0.4158,0.2682,0.316,0.41614191919570426,0.26789963255553145,0.31595844824876423
ENG,E1,2526,2026-01-04,2025-12-29,Blackburn,Charlton,2,2,2.07,3.17,3.7,2.09,3.11,3.79,dc,0.4544,0.3241,0.2215,0.455894005979975,0.32236099543706737,0.22174499858295765
ENG,E1,2526,2026-01-04,2025-12-29,QPR,Sheffield Weds,3,0,1.41,4.59,7.43,1.34,4.98,8.8,dc,0.6747,0.1894,0.1359,0.6726462447373318,0.1901479210515646,0.1372058342111036
ENG,E1,2526,2026-01-04,2025-12-29,Birmingham,Coventry,3,2,2.54,3.41,2.64,2.61,3.45,2.57,dc,0.2565,0.2365,0.507,0.25635129400567747,0.23572029662586536,0.5079284093684573
ENG,E0,2526,2026-01-04,2025-12-29,Leeds,Man United,1,1,2.68,3.44,2.56,2.73,3.3,2.59,dc,0.4122,0.2265,0.3613,0.4100611896578453,0.22604502786281683,0.3638937824793379
ENG,E0,2526,2026-01-04,2025-12-29,Newcastle,Crystal Palace,2,0,1.67,3.92,4.89,1.68,3.93,4.9,dc,0.4861,0.2687,0.2451,0.4865743796798049,0.2689325517713615,0.24449306854883374
ENG,E0,2526,2026-01-04,2025-12-29,Tottenham,Sunderland,1,1,1.8,3.65,4.37,1.97,3.39,3.95,dc,0.4504,0.3004,0.2492,0.45270066717027085,0.2991060727528911,0.24819326007683787
ENG,E0,2526,2026-01-04,2025-12-29,Fulham,Liverpool,2,2,3.74,3.68,1.92,4.07,3.61,1.88,dc,0.3715,0.2399,0.3885,0.37132179424174006,0.23882320413355115,0.38985500162470865
ENG,E0,2526,2026-01-04,2025-12-29,Man City,Chelsea,1,1,1.63,4.39,4.66,1.47,4.9,5.88,dc,0.5948,0.2231,0.1821,0.5949175070622833,0.22316782309153105,0.18191466984618562
ENG,E1,2526,2026-01-05,2026-01-05,Leicester,West Brom,2,1,2.5,3.32,2.72,2.83,3.28,2.46,dc,0.4752,0.2632,0.2616,0.4748766774830908,0.2623578191426092,0.26276550337429994
ENG,E0,2526,2026-01-06,2026-01-05,West Ham,Nott'm Forest,1,2,3.1,3.33,2.3,2.92,3.39,2.39,dc,0.3696,0.2811,0.3493,0.37153030297116785,0.27867521024031716,0.349794486788515
ENG,E0,2526,2026-01-07,2026-01-05,Everton,Wolves,1,1,1.76,3.55,4.85,1.84,3.46,4.51,dc,0.5875,0.2659,0.1466,0.5857567294612895,0.26534746011975513,0.14889581041895542
ENG,E0,2526,2026-01-07,2026-01-05,Newcastle,Leeds,4,3,1.67,3.87,5.02,1.61,3.94,5.56,dc,0.5509,0.2347,0.2144,0.5538336590848995,0.23418679404411302,0.2119795468709877
ENG,E0,2526,2026-01-07,2026-01-05,Burnley,Man United,2,2,4.68,3.95,1.7,4.8,3.76,1.72,dc,0.2741,0.2597,0.4662,0.2730235725251409,0.2586331536399288,0.46834327383493024
ENG,E0,2526,2026-01-07,2026-01-05,Man City,Brighton,1,1,1.37,5.23,7.27,1.5,4.62,5.79,dc,0.6922,0.184,0.1238,0.6918678044488156,0.18421841653569462,0.12391377901548968
ENG,E0,2526,2026-01-07,2026-01-05,Fulham,Chelsea,2,1,3.38,3.59,2.07,3.61,3.56,2.01,dc,0.324,0.2716,0.4044,0.3231294503173064,0.2702279125160747,0.4066426371666189
ENG,E0,2526,2026-01-07,2026-01-05,Crystal Palace,Aston Villa,0,0,3.08,3.36,2.31,2.99,3.33,2.38,dc,0.2871,0.2796,0.4333,0.28799544047210024,0.27921478702539254,0.4327897725025072
ENG,E0,2526,2026-01-07,2026-01-05,Brentford,Sunderland,3,0,1.83,3.56,4.36,2.01,3.22,4.07,dc,0.5026,0.2951,0.2023,0.5024862567138355,0.295317774462653,0.2021959688235115
ENG,E0,2526,2026-01-07,2026-01-05,Bournemouth,Tottenham,3,2,2.11,3.62,3.27,2.17,3.51,3.21,dc,0.4305,0.2422,0.3273,0.4292917893658169,0.24200340266136397,0.3287048079728193
ENG,E0,2526,2026-01-08,2026-01-05,Arsenal,Liverpool,0,0,1.6,4.11,5.25,1.57,4.16,5.65,dc,0.6527,0.2098,0.1375,0.6524249987300071,0.20922856374097581,0.13834643752901724
ENG,E1,2526,2026-01-16,2026-01-12,West Brom,Middlesbrough,2,3,2.5,3.3,2.78,2.46,3.29,2.83,dc,0.3055,0.3063,0.3881,0.30594498858189234,0.303905141625853,0.39014986979225463
ENG,E1,2526,2026-01-17,2026-01-12,Stoke,QPR,0,0,2.11,3.29,3.48,2.08,3.29,3.6,dc,0.4761,0.2877,0.2362,0.47766858122696754,0.2862962124907302,0.23603520628230232
ENG,E1,2526,2026-01-17,2026-01-12,Southampton,Hull,1,2,1.7,3.97,4.5,1.57,4.18,5.29,dc,0.4386,0.2505,0.3109,0.4400759339833597,0.2500175523613491,0.3099065136552911
ENG,E1,2526,2026-01-17,2026-01-12,Sheffield Weds,Portsmouth,0,1,3.4,3.26,2.16,4.13,3.5,1.87,dc,0.3082,0.2993,0.3924,0.3089143112507161,0.2986729466424738,0.39241274210681
ENG,E1,2526,2026-01-17,2026-01-12,Preston,Derby,0,1,2.28,3.12,3.29,2.28,3.09,3.32,dc,0.4865,0.2904,0.2231,0.4892320243853472,0.28803107010814744,0.22273690550650552
ENG,E0,2526,2026-01-17,2026-01-12,Sunderland,Crystal Palace,2,1,2.69,3.15,2.74,2.38,3.13,3.15,dc,0.328,0.379,0.293,0.3252639025922089,0.3800253367609295,0.29471076064686164
ENG,E1,2526,2026-01-17,2026-01-12,Wrexham,Norwich,1,2,2.24,3.42,3.08,2.16,3.44,3.23,dc,0.606,0.2281,0.166,0.6030634391534774,0.22840104933619287,0.16853551151032958
ENG,E1,2526,2026-01-17,2026-01-12,Charlton,Sheffield United,1,0,3.33,3.38,2.13,3.65,3.51,1.98,dc,0.3033,0.2814,0.4153,0.30244015606765234,0.2776645723777764,0.4198952715545714
ENG,E1,2526,2026-01-17,2026-01-12,Watford,Millwall,0,2,2.01,3.39,3.66,2.11,3.36,3.44,dc,0.5024,0.2867,0.2109,0.5098509333112675,0.2826051985734209,0.20754386811531172
ENG,E1,2526,2026-01-17,2026-01-12,Oxford,Bristol City,0,0,3.25,3.35,2.19,3.18,3.37,2.2,dc,0.2772,0.3005,0.4224,0.2804401998706201,0.29764777238057083,0.42191202774880915
ENG,E1,2526,2026-01-17,2026-01-12,Swansea,Birmingham,1,1,2.71,3.2,2.62,2.68,3.18,2.65,dc,0.3859,0.2929,0.3212,0.38792307385972685,0.2896188992724339,0.3224580268678393
ENG,E1,2526,2026-01-17,2026-01-12,Ipswich,Blackburn,3,0,1.51,4.06,6.38,1.48,4.16,6.69,dc,0.5832,0.2654,0.1514,0.5849128775332042,0.2644749403046222,0.15061218216217384
ENG,E0,2526,2026-01-17,2026-01-12,Chelsea,Brentford,2,0,1.69,3.97,4.75,1.86,3.78,3.93,dc,0.4619,0.2629,0.2753,0.45853100961348425,0.26360879314657565,0.27786019723994004
ENG,E0,2526,2026-01-17,2026-01-12,Liverpool,Burnley,1,1,1.22,6.4,12.44,1.23,6.38,11.91,dc,0.6837,0.199,0.1174,0.681027441459427,0.20060471822467224,0.11836784031590104
ENG,E0,2526,2026-01-17,2026-01-12,Leeds,Fulham,1,0,2.17,3.33,3.41,2.31,3.34,3.1,dc,0.4224,0.2469,0.3307,0.42416570486072525,0.24550371142154573,0.3303305837177291
ENG,E0,2526,2026-01-17,2026-01-12,Nott'm Forest,Arsenal,0,0,6.1,4.16,1.54,5.79,3.87,1.6,dc,0.1336,0.2459,0.6205,0.13524679315925442,0.2437848557146851,0.6209683511260605
ENG,E1,2526,2026-01-17,2026-01-12,Coventry,Leicester,2,1,1.62,4.03,4.98,1.58,4.23,5.21,dc,0.6376,0.1973,0.165,0.6329574176229845,0.19874716058211378,0.16829542179490153
ENG,E0,2526,2026-01-17,2026-01-12,Man United,Man City,2,0,3.55,3.87,1.94,3.01,3.63,2.23,dc,0.2229,0.2372,0.5399,0.2230454485002569,0.23530476510545817,0.5416497863942848
ENG,E0,2526,2026-01-17,2026-01-12,Tottenham,West Ham,1,2,1.71,3.91,4.63,1.84,3.72,4.13,dc,0.6104,0.2237,0.1658,0.6111484494291386,0.22216141025466002,0.16669014031620136
ENG,E0,2526,2026-01-18,2026-01-12,Aston Villa,Everton,0,1,1.66,3.87,5.09,1.6,3.94,5.77,dc,0.5538,0.2687,0.1775,0.554429594133435,0.26762151319374133,0.17794889267282388
ENG,E0,2526,2026-01-18,2026-01-12,Wolves,Newcastle,0,0,4.6,3.98,1.7,4.5,3.98,1.72,dc,0.1881,0.2415,0.5704,0.1882114822591615,0.23941044237754336,0.5723780753632953
ENG,E0,2526,2026-01-19,2026-01-19,Brighton,Bournemouth,1,1,1.85,3.92,3.75,1.96,3.79,3.55,dc,0.5633,0.2106,0.2261,0.5621698209708873,0.21119521662260002,0.22663496240651246
ENG,E1,2526,2026-01-20,2026-01-19,Wrexham,Leicester,1,1,2.2,3.47,3.12,2.19,3.45,3.16,dc,0.5122,0.2423,0.2455,0.5090365229046397,0.2435017394420679,0.24746173765329244
ENG,E1,2526,2026-01-20,2026-01-19,West Brom,Norwich,0,5,1.99,3.44,3.72,2.01,3.39,3.67,dc,0.4382,0.2777,0.2841,0.4402421318608494,0.27494303438398693,0.28481483375516364
ENG,E1,2526,2026-01-20,2026-01-19,Swansea,Blackburn,3,1,2.08,3.23,3.65,1.82,3.42,4.49,dc,0.4097,0.3311,0.2592,0.4114147670167916,0.328260464518535,0.2603247684646732
ENG,E1,2526,2026-01-20,2026-01-19,Coventry,Millwall,2,1,1.79,3.64,4.34,1.82,3.65,4.19,dc,0.5942,0.2367,0.1691,0.5977048265321047,0.23481079068776944,0.16748438278012573
ENG,E1,2526,2026-01-20,2026-01-19,Preston,Hull,0,3,2.25,3.29,3.18,2.28,3.26,3.15,dc,0.4532,0.2827,0.2641,0.45771171929953974,0.27965582775785075,0.26263245294260945
ENG,E1,2526,2026-01-20,2026-01-19,Oxford,QPR,0,0,2.62,3.13,2.77,2.36,3.18,3.07,dc,0.3378,0.2974,0.3648,0.3419861651985346,0.2970072166686248,0.3610066181328407
ENG,E1,2526,2026-01-20,2026-01-19,Ipswich,Bristol City,2,0,1.65,3.78,5.19,1.62,3.83,5.4,dc,0.5305,0.2652,0.2043,0.5307603967591453,0.26480887299656425,0.2044307302442904
ENG,E1,2526,2026-01-20,2026-01-19,Charlton,Derby,1,2,2.68,3.01,2.8,2.58,3.02,2.9,dc,0.3304,0.3238,0.3457,0.3326620651024086,0.31911933247522556,0.34821860242236574
ENG,E1,2526,2026-01-20,2026-01-19,Sheffield Weds,Birmingham,0,2,6.54,4.25,1.48,7.46,4.47,1.42,dc,0.1962,0.2563,0.5475,0.19840127290234608,0.2556665739974196,0.5459321531002345
ENG,E1,2526,2026-01-21,2026-01-19,Southampton,Sheffield United,1,0,2.32,3.65,2.77,2.11,3.68,3.16,dc,0.3994,0.2516,0.349,0.39670762547497607,0.25165429455161953,0.35163807997340457
ENG,E1,2526,2026-01-21,2026-01-19,Watford,Portsmouth,1,1,1.71,3.68,4.84,1.78,3.56,4.51,dc,0.577,0.2571,0.1658,0.5801435755132167,0.2542327905858216,0.16562363390096155
ENG,E1,2526,2026-01-21,2026-01-19,Stoke,Middlesbrough,1,2,2.98,3.23,2.38,2.88,3.26,2.44,dc,0.3596,0.333,0.3075,0.3584655781298067,0.3316071790526413,0.3099272428175519
ENG,E1,2526,2026-01-23,2026-01-19,Derby,West Brom,1,1,2.58,3.04,2.86,2.62,3.17,2.72,dc,0.4894,0.2805,0.2301,0.48719542897323415,0.2782346920194668,0.2345698790072988
ENG,E1,2526,2026-01-24,2026-01-19,Birmingham,Stoke,1,1,1.87,3.5,4.11,1.73,3.68,4.65,dc,0.3595,0.3203,0.3202,0.3587787779103048,0.3186252152315089,0.32259600685818624
ENG,E1,2526,2026-01-24,2026-01-19,Millwall,Charlton,4,0,1.78,3.39,4.73,1.73,3.56,4.89,dc,0.4537,0.3183,0.228,0.4535654975792398,0.3157556254454173,0.23067887697534292
ENG,E0,2526,2026-01-24,2026-01-19,Man City,Wolves,2,0,1.21,6.68,12.0,1.3,5.63,9.5,dc,0.8058,0.1416,0.0526,0.8052072252279845,0.14158922830900172,0.053203546463013944
ENG,E0,2526,2026-01-24,2026-01-19,Fulham,Brighton,2,1,2.54,3.42,2.71,2.57,3.28,2.76,dc,0.4051,0.2639,0.3311,0.4049933017645097,0.2620198211873165,0.33298687704817376
ENG,E0,2526,2026-01-24,2026-01-19,Burnley,Tottenham,2,2,3.64,3.39,2.05,3.85,3.33,2.01,dc,0.3427,0.2814,0.3759,0.3408575628937233,0.2806683894178591,0.3784740476884176
ENG,E0,2526,2026-01-24,2026-01-19,West Ham,Sunderland,3,1,2.51,3.24,2.85,2.21,3.32,3.28,dc,0.3307,0.3241,0.3452,0.3341636280076421,0.3226088445304953,0.34322752746186247
ENG,E1,2526,2026-01-24,2026-01-19,Middlesbrough,Preston,4,0,1.55,4.03,5.68,1.5,4.2,6.21,dc,0.4396,0.3004,0.26,0.44125781444619144,0.29870283173427736,0.2600393538195312
ENG,E0,2526,2026-01-24,2026-01-19,Bournemouth,Liverpool,3,2,3.73,3.87,1.89,4.21,3.98,1.77,dc,0.3437,0.2359,0.4204,0.3446833264446006,0.23640220799318293,0.41891446556221656
ENG,E1,2526,2026-01-24,2026-01-19,Blackburn,Watford,1,1,2.7,3.13,2.67,2.15,3.18,3.51,dc,0.3128,0.3208,0.3664,0.31297381356463977,0.31827364828435545,0.36875253815100467
ENG,E1,2526,2026-01-24,2026-01-19,Bristol City,Sheffield Weds,2,0,1.26,5.66,10.58,1.23,6.12,11.81,dc,0.7323,0.1869,0.0808,0.7324933386020644,0.18628643558621508,0.08122022581172056
ENG,E1,2526,2026-01-24,2026-01-19,Hull,Swansea,2,1,2.4,3.22,2.97,2.21,3.23,3.32,dc,0.5114,0.2687,0.2199,0.5141724503665186,0.26500473018970444,0.22082281944377694
ENG,E1,2526,2026-01-24,2026-01-19,Leicester,Oxford,1,2,1.87,3.51,4.07,1.83,3.42,4.45,dc,0.5277,0.2655,0.2068,0.5263552780315387,0.26507640228379653,0.2085683196846648
ENG,E1,2526,2026-01-24,2026-01-19,QPR,Wrexham,2,3,2.32,3.22,3.11,2.35,3.24,3.04,dc,0.379,0.263,0.358,0.37717677673706645,0.2642175871798828,0.3586056360830506
ENG,E1,2526,2026-01-24,2026-01-19,Sheffield United,Ipswich,3,1,2.89,3.34,2.39,2.72,3.33,2.53,dc,0.3199,0.265,0.4151,0.3212240419348414,0.2639743084605152,0.41480164960464355
ENG,E0,2526,2026-01-25,2026-01-19,Arsenal,Man United,2,3,1.55,4.08,5.89,1.54,4.32,5.69,dc,0.6645,0.2153,0.1202,0.6649454383201773,0.2140680673878912,0.12098649429193188
ENG,E1,2526,2026-01-25,2026-01-19,Portsmouth,Southampton,1,1,3.22,3.35,2.18,3.34,3.44,2.09,dc,0.3202,0.2791,0.4006,0.3186618856050764,0.27953371360957496,0.4018044007853486
ENG,E0,2526,2026-01-25,2026-01-19,Newcastle,Aston Villa,0,2,1.98,3.66,3.54,2.15,3.53,3.26,dc,0.4116,0.2642,0.3242,0.4156666466281948,0.2639617546743178,0.3203715986974874
ENG,E0,2526,2026-01-25,2026-01-19,Crystal Palace,Chelsea,1,3,3.5,3.66,2.0,3.39,3.48,2.11,dc,0.266,0.308,0.4261,0.26718103385133457,0.30919654940115976,0.42362241674750567
ENG,E0,2526,2026-01-25,2026-01-19,Brentford,Nott'm Forest,0,2,1.9,3.49,4.02,1.84,3.5,4.38,dc,0.5944,0.2345,0.1711,0.5940894685707697,0.23391002784980736,0.17200050357942312
ENG,E0,2526,2026-01-26,2026-01-26,Everton,Leeds,1,1,2.48,3.15,2.92,2.49,3.07,3.03,dc,0.432,0.3012,0.2668,0.43145754726648283,0.2992990782754483,0.2692433744580689
ENG,E1,2526,2026-01-26,2026-01-26,Norwich,Coventry,2,1,2.84,3.51,2.31,3.05,3.59,2.19,dc,0.2835,0.2505,0.4661,0.2897407782772023,0.24934735341842384,0.46091186830437403
ENG,E1,2526,2026-01-30,2026-01-26,Bristol City,Derby,0,5,2.14,3.28,3.44,1.98,3.42,3.75,dc,0.4326,0.309,0.2584,0.4398089273584936,0.30413153256652947,0.2560595400749769
ENG,E1,2526,2026-01-31,2026-01-26,Watford,Swansea,0,2,2.11,3.3,3.48,2.11,3.28,3.5,dc,0.4718,0.2944,0.2337,0.4763574192781271,0.2895479595476897,0.23409462117418303
ENG,E1,2526,2026-01-31,2026-01-26,Middlesbrough,Norwich,1,0,1.73,3.84,4.42,1.69,3.96,4.53,dc,0.5716,0.2418,0.1865,0.5728485478867693,0.23961924595285117,0.18753220616037938
ENG,E1,2526,2026-01-31,2026-01-26,Ipswich,Preston,1,1,1.36,4.71,8.34,1.36,4.83,8.41,dc,0.5911,0.2497,0.1592,0.5914003565001614,0.24941583846035117,0.15918380503948726
ENG,E1,2526,2026-01-31,2026-01-26,Blackburn,Hull,0,1,2.3,3.31,3.06,2.21,3.33,3.21,dc,0.2751,0.2966,0.4284,0.2766480330382113,0.29372024204170744,0.42963172492008145
ENG,E1,2526,2026-01-31,2026-01-26,Stoke,Southampton,0,2,2.82,3.37,2.42,2.68,3.31,2.57,dc,0.43,0.3136,0.2564,0.429017775509094,0.31424025645774056,0.25674196803316557
ENG,E1,2526,2026-01-31,2026-01-26,Sheffield Weds,Wrexham,0,1,7.3,4.41,1.42,5.95,4.09,1.53,dc,0.1288,0.2253,0.6459,0.13068053192711326,0.22681421838383015,0.6425052496890564
ENG,E1,2526,2026-01-31,2026-01-26,Leicester,Charlton,0,2,2.08,3.32,3.56,1.89,3.44,4.11,dc,0.5394,0.2629,0.1977,0.5466308781758097,0.2585677104313379,0.1948014113928525
ENG,E0,2526,2026-01-31,2026-01-26,Brighton,Everton,1,1,1.86,3.6,4.13,1.91,3.47,4.08,dc,0.4205,0.3127,0.2668,0.42601150461967496,0.31011382815867605,0.26387466722164876
ENG,E0,2526,2026-01-31,2026-01-26,Leeds,Arsenal,0,4,6.16,4.1,1.54,5.87,3.99,1.57,dc,0.2027,0.2598,0.5375,0.2017316103389681,0.2589799246033778,0.5392884650576538
ENG,E0,2526,2026-01-31,2026-01-26,Wolves,Bournemouth,0,2,2.95,3.5,2.31,2.94,3.41,2.37,dc,0.2484,0.2596,0.492,0.2493934177779246,0.2587818365853245,0.49182474563675094
ENG,E0,2526,2026-01-31,2026-01-26,Chelsea,West Ham,3,2,1.49,4.53,6.05,1.59,4.34,5.11,dc,0.7134,0.183,0.1036,0.7105827516205602,0.1837450245577055,0.10567222382173445
ENG,E0,2526,2026-01-31,2026-01-26,Liverpool,Newcastle,4,1,1.77,3.99,4.12,1.64,4.22,4.78,dc,0.4588,0.2592,0.282,0.4523749998943005,0.261163493239623,0.28646150686607647
ENG,E1,2526,2026-01-31,2026-01-26,QPR,Coventry,2,1,3.13,3.39,2.22,3.69,3.51,1.97,dc,0.272,0.2473,0.4807,0.2735475060480355,0.24827561438718265,0.47817687956478183
ENG,E1,2526,2026-01-31,2026-01-26,Portsmouth,West Brom,3,0,3.01,3.07,2.46,2.84,3.04,2.6,dc,0.387,0.3051,0.3079,0.38533770001319717,0.30268628970036443,0.3119760102864385
ENG,E1,2526,2026-01-31,2026-01-26,Oxford,Birmingham,0,2,3.45,3.34,2.1,3.63,3.39,2.04,dc,0.3315,0.3155,0.353,0.33601673869556836,0.31369094260129055,0.350292318703141
ENG,E1,2526,2026-01-31,2026-01-26,Millwall,Sheffield United,1,1,2.5,3.3,2.77,2.37,3.32,2.94,dc,0.4122,0.2888,0.299,0.40479597149549384,0.28654509970336334,0.30865892880114265
ENG,E0,2526,2026-02-01,2026-01-26,Man United,Fulham,3,2,1.58,4.32,5.2,1.52,4.63,5.47,dc,0.5017,0.2452,0.253,0.5065083485256716,0.24057157829969358,0.2529200731746346
ENG,E0,2526,2026-02-01,2026-01-26,Nott'm Forest,Crystal Palace,1,1,1.95,3.48,3.88,2.09,3.22,3.73,dc,0.4206,0.3153,0.2641,0.4196660905367658,0.31517500309223684,0.26515890637099765
ENG,E0,2526,2026-02-01,2026-01-26,Tottenham,Man City,2,2,4.41,4.06,1.71,4.98,4.01,1.65,dc,0.193,0.2447,0.5623,0.1928057166103649,0.24291237394887608,0.5642819094407591
ENG,E0,2526,2026-02-01,2026-01-26,Aston Villa,Brentford,0,1,2.08,3.47,3.46,2.3,3.32,3.13,dc,0.5332,0.2497,0.2171,0.5325522618750014,0.24954587473985104,0.21790186338514764
ENG,E0,2526,2026-02-02,2026-02-02,Sunderland,Burnley,3,0,1.8,3.42,4.73,1.91,3.23,4.46,dc,0.4146,0.3288,0.2566,0.413062655079258,0.3293145492927079,0.2576227956280341
ENG,E1,2526,2026-02-03,2026-02-02,Blackburn,Sheffield Weds,1,0,1.35,4.85,8.57,1.33,4.92,9.37,dc,0.5655,0.292,0.1425,0.5638314505681175,0.2916538917305891,0.14451465770129324
ENG,E1,2526,2026-02-03,2026-02-02,Hull,Watford,0,0,2.23,3.35,3.16,2.37,3.29,2.99,dc,0.4956,0.2698,0.2345,0.4967758722489393,0.26606781950138425,0.23715630824967626
ENG,E1,2526,2026-02-03,2026-02-02,Sheffield United,Oxford,3,1,1.38,4.65,7.94,1.4,4.58,7.81,dc,0.5574,0.2699,0.1727,0.5618778572567098,0.26620632546857587,0.17191581727471467
ENG,E0,2526,2026-02-06,2026-02-02,Leeds,Nott'm Forest,3,1,2.21,3.26,3.37,2.14,3.37,3.4,dc,0.4246,0.2824,0.293,0.42120481688080447,0.2821985045171648,0.2965966786020308
ENG,E1,2526,2026-02-06,2026-02-02,Charlton,QPR,0,0,2.83,3.04,2.63,2.93,3.04,2.54,dc,0.3385,0.2963,0.3652,0.33799985549088224,0.29483636873535396,0.36716377577376375
ENG,E0,2526,2026-02-07,2026-02-02,Fulham,Everton,1,2,2.1,3.27,3.64,2.13,3.41,3.4,dc,0.3994,0.3143,0.2862,0.40645827981686605,0.3086662479355745,0.2848754722475595
ENG,E0,2526,2026-02-07,2026-02-02,Burnley,West Ham,0,2,3.28,3.5,2.14,3.11,3.58,2.19,dc,0.4126,0.2677,0.3197,0.4103598095936008,0.26679414783241046,0.32284604257398886
ENG,E0,2526,2026-02-07,2026-02-02,Bournemouth,Aston Villa,1,1,2.68,3.6,2.46,2.84,3.58,2.35,dc,0.3198,0.256,0.4242,0.3177374306861147,0.25455454702399405,0.4277080222898913
ENG,E0,2526,2026-02-07,2026-02-02,Arsenal,Sunderland,3,0,1.21,6.23,14.08,1.26,5.65,12.04,dc,0.7012,0.2226,0.0762,0.7007568506111219,0.22278590322236544,0.07645724616651255
ENG,E0,2526,2026-02-07,2026-02-02,Man United,Tottenham,2,0,1.57,4.54,4.97,1.59,4.38,4.95,dc,0.5564,0.2235,0.2201,0.5585770070559886,0.22121568619732337,0.220207306746688
ENG,E1,2526,2026-02-07,2026-02-02,Derby,Ipswich,1,2,3.64,3.3,2.05,3.86,3.4,1.96,dc,0.3534,0.2912,0.3553,0.3492699615179766,0.2894286350886207,0.36130140339340244
ENG,E1,2526,2026-02-07,2026-02-02,Norwich,Blackburn,2,0,1.95,3.44,3.84,2.17,3.33,3.31,dc,0.4973,0.2937,0.2091,0.5029864862457674,0.28961015964363457,0.20740335411059818
ENG,E1,2526,2026-02-07,2026-02-02,Southampton,Watford,1,0,1.87,3.61,3.97,1.92,3.56,3.8,dc,0.4433,0.2796,0.2771,0.44292473159482404,0.27899669292115686,0.2780785754840188
ENG,E1,2526,2026-02-07,2026-02-02,Birmingham,Leicester,2,1,1.71,3.78,4.61,1.69,3.79,4.78,dc,0.493,0.2579,0.2491,0.49175562991817257,0.2571190079572036,0.2511253621246238
ENG,E1,2526,2026-02-07,2026-02-02,Coventry,Oxford,0,0,1.41,4.7,7.15,1.46,4.38,6.69,dc,0.6475,0.2255,0.127,0.642618049301346,0.227087570851249,0.13029437984740516
ENG,E1,2526,2026-02-07,2026-02-02,Hull,Bristol City,2,3,2.33,3.32,3.0,2.48,3.28,2.81,dc,0.5109,0.2642,0.2248,0.5107034961765718,0.26150917735122975,0.2277873264721984
ENG,E1,2526,2026-02-07,2026-02-02,Preston,Portsmouth,1,0,2.38,3.15,3.06,2.62,3.09,2.78,dc,0.4671,0.3028,0.2301,0.4692205533178897,0.30098878643916144,0.2297906602429486
ENG,E1,2526,2026-02-07,2026-02-02,West Brom,Stoke,0,0,2.23,3.18,3.33,2.11,3.18,3.6,dc,0.2888,0.3281,0.3831,0.29090747846322784,0.3258553974986644,0.3832371240381077
ENG,E1,2526,2026-02-07,2026-02-02,Wrexham,Millwall,0,2,2.54,3.21,2.8,2.66,3.24,2.64,dc,0.4368,0.2918,0.2714,0.4403630771257603,0.2909384649870716,0.2686984578871681
ENG,E0,2526,2026-02-07,2026-02-02,Newcastle,Brentford,2,3,2.05,3.53,3.51,1.92,3.7,3.77,dc,0.3842,0.2651,0.3507,0.38859372252080926,0.2646658693957189,0.346740408083472
ENG,E0,2526,2026-02-07,2026-02-02,Wolves,Chelsea,1,3,4.9,4.05,1.65,5.31,4.19,1.58,dc,0.1297,0.2485,0.6218,0.13169987989643858,0.24931226456590327,0.618987855537658
ENG,E0,2526,2026-02-08,2026-02-02,Brighton,Crystal Palace,0,1,1.96,3.57,3.68,2.19,3.27,3.39,dc,0.496,0.2819,0.2221,0.4941530175431347,0.2831654172960936,0.22268156516077175
ENG,E0,2526,2026-02-08,2026-02-02,Liverpool,Man City,1,2,2.34,3.68,2.76,2.15,3.84,3.01,dc,0.3117,0.2651,0.4233,0.3100995108929245,0.26516476207282313,0.4247357270342525
ENG,E1,2526,2026-02-08,2026-02-02,Swansea,Sheffield Weds,4,0,1.31,5.03,9.79,1.24,5.82,11.79,dc,0.6724,0.2294,0.0982,0.6718173585885071,0.22821649460524465,0.09996614680624816
ENG,E1,2526,2026-02-09,2026-02-09,Sheffield United,Middlesbrough,1,2,2.24,3.38,3.05,2.27,3.47,2.98,dc,0.3546,0.2772,0.3682,0.35886392243564263,0.2731966027722692,0.367939474792088
ENG,E0,2526,2026-02-10,2026-02-09,Chelsea,Leeds,2,2,1.55,4.28,5.66,1.51,4.4,6.03,dc,0.6213,0.2136,0.1651,0.6213568872492696,0.21394790185020382,0.1646952109005264
ENG,E0,2526,2026-02-10,2026-02-09,Everton,Bournemouth,1,2,2.41,3.35,2.91,2.32,3.41,3.0,dc,0.4396,0.2848,0.2755,0.43658370579661065,0.2839505269212265,0.279465767282163
ENG,E0,2526,2026-02-10,2026-02-09,Tottenham,Newcastle,1,2,3.18,3.48,2.2,3.0,3.6,2.25,dc,0.3895,0.2596,0.351,0.3866658971598428,0.2595828000941316,0.3537513027460258
ENG,E0,2526,2026-02-10,2026-02-09,West Ham,Man United,1,1,4.36,4.23,1.7,4.47,4.15,1.69,dc,0.2643,0.2361,0.4996,0.2656020400259557,0.2332314691787104,0.5011664907953339
ENG,E1,2526,2026-02-10,2026-02-09,Leicester,Southampton,3,4,3.03,3.43,2.26,2.84,3.38,2.41,dc,0.3569,0.2715,0.3715,0.3593177371218045,0.2719016299255858,0.36878063295260965
ENG,E1,2526,2026-02-10,2026-02-09,Oxford,Norwich,0,3,3.0,3.21,2.4,3.03,3.18,2.4,dc,0.29,0.3195,0.3906,0.2887331281439124,0.31784114201945585,0.3934257298366318
ENG,E1,2526,2026-02-10,2026-02-09,Birmingham,West Brom,0,0,1.86,3.46,4.27,1.72,3.64,4.88,dc,0.5737,0.2477,0.1785,0.5736583522055831,0.24601561024357405,0.18032603755084284
ENG,E0,2526,2026-02-11,2026-02-09,Sunderland,Liverpool,0,1,4.65,3.83,1.72,4.45,3.83,1.75,dc,0.262,0.3021,0.4359,0.26321570764616525,0.30274206113837804,0.434042231215457
ENG,E0,2526,2026-02-11,2026-02-09,Aston Villa,Brighton,1,0,1.92,3.67,3.79,2.06,3.69,3.34,dc,0.5163,0.2761,0.2076,0.5159291742319659,0.27520673821691893,0.20886408755111494
ENG,E0,2526,2026-02-11,2026-02-09,Crystal Palace,Burnley,2,3,1.55,3.98,6.18,1.46,4.45,6.9,dc,0.5371,0.2839,0.179,0.5351129024449626,0.28492812917017585,0.17995896838486156
ENG,E0,2526,2026-02-11,2026-02-09,Man City,Fulham,3,0,1.34,5.33,8.08,1.37,5.23,7.38,dc,0.6619,0.2056,0.1325,0.6681452136549928,0.20136119629994267,0.13049359004506444
ENG,E0,2526,2026-02-11,2026-02-09,Nott'm Forest,Wolves,0,0,1.69,3.72,5.09,1.73,3.79,4.66,dc,0.55,0.2872,0.1628,0.5503170812849936,0.2857378911657047,0.16394502754930165
ENG,E1,2526,2026-02-11,2026-02-09,Charlton,Stoke,1,0,2.69,3.11,2.7,2.75,3.0,2.73,dc,0.2958,0.3705,0.3337,0.2939591576471849,0.36876667786648887,0.33727416448632636
ENG,E0,2526,2026-02-12,2026-02-09,Brentford,Arsenal,1,1,4.83,3.86,1.69,5.08,3.77,1.68,dc,0.2165,0.2717,0.5118,0.21609609292161727,0.27034405197058664,0.5135598551077961
ENG,E1,2526,2026-02-14,2026-02-09,QPR,Blackburn,1,3,2.22,3.19,3.26,2.19,3.18,3.4,dc,0.5027,0.2956,0.2018,0.4988229153982408,0.2971048238869568,0.20407226071480228
ENG,E1,2526,2026-02-14,2026-02-09,Portsmouth,Sheffield United,0,1,3.08,3.36,2.23,3.16,3.38,2.21,dc,0.2721,0.2843,0.4436,0.27073190248185414,0.2798139317352517,0.4494541657828939
ENG,E1,2526,2026-02-14,2026-02-09,Preston,Watford,2,2,3.07,3.19,2.33,2.89,3.2,2.46,dc,0.3837,0.3284,0.2879,0.3843256221150961,0.3261808523176182,0.2894935255672857
ENG,E1,2526,2026-02-14,2026-02-09,Sheffield Weds,Millwall,1,2,8.3,4.56,1.37,9.23,4.9,1.33,dc,0.1061,0.2478,0.646,0.11022313616449489,0.24948615990019574,0.6402907039353091
ENG,E1,2526,2026-02-14,2026-02-09,Derby,Swansea,2,0,2.17,3.16,3.4,2.47,3.18,2.89,dc,0.4579,0.2889,0.2531,0.4606074731279226,0.2841305470446378,0.25526197982743976
ENG,E1,2526,2026-02-16,2026-02-16,Coventry,Middlesbrough,3,1,2.22,3.48,3.01,2.26,3.47,3.01,dc,0.3993,0.2753,0.3253,0.3961220132560304,0.2743423709368234,0.32953561580714635
ENG,E1,2526,2026-02-17,2026-02-16,Charlton,Portsmouth,1,3,2.45,3.1,3.01,2.69,2.95,2.82,dc,0.4016,0.3428,0.2556,0.397936736345168,0.3396838453882211,0.262379418266611
ENG,E1,2526,2026-02-17,2026-02-16,Bristol City,Wrexham,2,2,2.16,3.45,3.21,2.16,3.36,3.29,dc,0.3896,0.283,0.3274,0.3921961654590212,0.2819846501089253,0.32581918443205354
ENG,E0,2526,2026-02-18,2026-02-16,Wolves,Arsenal,2,2,10.94,5.48,1.28,12.35,5.93,1.24,dc,0.0652,0.1995,0.7354,0.06568171200847504,0.19996955362054744,0.7343487343709775
ENG,E1,2526,2026-02-20,2026-02-16,Blackburn,Preston,1,0,2.0,3.28,3.87,2.08,3.28,3.57,dc,0.3166,0.3353,0.3481,0.3177107570569943,0.3329938589486581,0.34929538399434773
ENG,E1,2526,2026-02-21,2026-02-16,Swansea,Bristol City,1,0,2.14,3.38,3.34,2.0,3.43,3.61,dc,0.4042,0.2947,0.3011,0.4046118315430422,0.2916104843077348,0.3037776841492229
ENG,E1,2526,2026-02-21,2026-02-16,West Brom,Coventry,0,2,3.47,3.46,2.06,3.53,3.5,2.02,dc,0.2032,0.2553,0.5416,0.20588414546812212,0.2566415647446077,0.5374742897872702
ENG,E1,2526,2026-02-21,2026-02-16,Norwich,Birmingham,1,2,2.54,3.35,2.68,2.53,3.34,2.69,dc,0.4379,0.2807,0.2815,0.44411551290584567,0.27740005967177334,0.278484427422381
ENG,E1,2526,2026-02-21,2026-02-16,Stoke,Leicester,2,2,2.14,3.33,3.39,2.31,3.2,3.11,dc,0.4208,0.3121,0.2671,0.421687406766345,0.3110839489448779,0.26722864428877674
ENG,E1,2526,2026-02-21,2026-02-16,Hull,QPR,1,3,2.29,3.3,3.09,2.26,3.34,3.08,dc,0.5268,0.2487,0.2246,0.5256265493123076,0.24899976794604314,0.22537368274164932
ENG,E1,2526,2026-02-21,2026-02-16,Southampton,Charlton,1,1,1.56,4.1,5.59,1.52,4.21,5.92,dc,0.518,0.2776,0.2044,0.5207003146765161,0.2758097132487824,0.20348997207470113
ENG,E1,2526,2026-02-21,2026-02-16,Watford,Derby,2,0,2.16,3.29,3.35,2.04,3.39,3.57,dc,0.329,0.3105,0.3605,0.33399514787955764,0.30696432465027346,0.35904052747016896
ENG,E1,2526,2026-02-21,2026-02-16,Wrexham,Ipswich,5,3,3.27,3.32,2.19,3.34,3.35,2.14,dc,0.306,0.2795,0.4144,0.3028387553177021,0.2796800314282507,0.41748121325404713
ENG,E0,2526,2026-02-21,2026-02-16,Aston Villa,Leeds,1,1,1.84,3.62,4.24,1.82,3.68,4.18,dc,0.5618,0.2487,0.1895,0.5657471534883441,0.24617096350295037,0.18808188300870543
ENG,E0,2526,2026-02-21,2026-02-16,Brentford,Brighton,0,2,2.01,3.7,3.45,2.25,3.39,3.13,dc,0.4994,0.2668,0.2338,0.4941095248091963,0.2671580144033779,0.23873246078742585
ENG,E0,2526,2026-02-21,2026-02-16,Chelsea,Burnley,1,1,1.2,6.7,12.88,1.23,6.31,11.6,dc,0.7265,0.1768,0.0967,0.723991981365024,0.17827827722759626,0.09772974140737986
ENG,E0,2526,2026-02-21,2026-02-16,West Ham,Bournemouth,0,0,2.41,3.65,2.71,2.66,3.62,2.46,dc,0.3271,0.2367,0.4362,0.3295370692086473,0.23595850028773688,0.43450443050361603
ENG,E0,2526,2026-02-21,2026-02-16,Man City,Newcastle,2,1,1.46,4.92,5.82,1.54,4.63,5.31,dc,0.6677,0.1992,0.133,0.6640683281195301,0.20089933693195539,0.13503233494851466
ENG,E1,2526,2026-02-21,2026-02-16,Middlesbrough,Oxford,0,0,1.4,4.59,7.6,1.36,4.77,8.09,dc,0.6492,0.2426,0.1082,0.6494509930228226,0.24211701233326116,0.10843199464391634
ENG,E1,2526,2026-02-21,2026-02-16,Millwall,Portsmouth,1,3,1.86,3.5,4.15,1.85,3.44,4.24,dc,0.5366,0.2929,0.1705,0.5316606135714584,0.2926714516842058,0.1756679347443356
ENG,E1,2526,2026-02-22,2026-02-16,Sheffield United,Sheffield Weds,2,1,1.14,8.0,16.13,1.14,8.02,15.72,dc,0.7866,0.1556,0.0578,0.789577438707687,0.15260787371052006,0.057814687581792874
ENG,E0,2526,2026-02-22,2026-02-16,Nott'm Forest,Liverpool,0,1,4.08,3.88,1.8,3.83,3.78,1.87,dc,0.2578,0.2886,0.4536,0.2600210299956779,0.28884885651684994,0.4511301134874723
ENG,E0,2526,2026-02-22,2026-02-16,Sunderland,Fulham,1,3,2.65,3.27,2.67,2.85,3.18,2.55,dc,0.3292,0.3216,0.3492,0.33201246754914454,0.3179604935035605,0.3500270389472951
ENG,E0,2526,2026-02-22,2026-02-16,Tottenham,Arsenal,1,4,5.83,3.98,1.56,7.2,4.35,1.45,dc,0.1343,0.2323,0.6334,0.13557491807851213,0.2322044810506672,0.6322206008708209
ENG,E0,2526,2026-02-22,2026-02-16,Crystal Palace,Wolves,1,0,1.62,3.99,5.26,1.77,3.71,4.44,dc,0.5349,0.2995,0.1657,0.5331226913852151,0.2999555188219583,0.16692178979282662
ENG,E0,2526,2026-02-23,2026-02-23,Everton,Man United,0,1,3.57,3.73,1.94,3.52,3.62,1.99,dc,0.3361,0.3041,0.3598,0.3318932620865732,0.30068270576630873,0.3674240321471181
ENG,E1,2526,2026-02-24,2026-02-23,Blackburn,Bristol City,1,2,2.38,3.19,3.02,2.38,3.14,3.05,dc,0.3234,0.3297,0.3469,0.3225080865651818,0.3262434601926213,0.3512484532421969
ENG,E1,2526,2026-02-24,2026-02-23,Hull,Derby,4,2,2.51,3.24,2.78,2.28,3.35,3.04,dc,0.3817,0.2846,0.3337,0.3836512903089406,0.28092278159398815,0.33542592809707106
ENG,E1,2526,2026-02-24,2026-02-23,Middlesbrough,Leicester,1,1,1.5,4.3,5.87,1.47,4.49,6.14,dc,0.588,0.2307,0.1813,0.58931532404229,0.22954083572061254,0.18114384023709734
ENG,E1,2526,2026-02-24,2026-02-23,Swansea,Preston,1,1,1.76,3.6,4.48,1.78,3.59,4.41,dc,0.4127,0.319,0.2683,0.41192325827613135,0.3153901454955496,0.2726865962283189
ENG,E1,2526,2026-02-24,2026-02-23,West Brom,Charlton,1,1,1.96,3.24,4.06,1.86,3.33,4.35,dc,0.3435,0.3351,0.3215,0.3484025240389105,0.3333971335985648,0.31820034236252476
ENG,E1,2526,2026-02-24,2026-02-23,Wrexham,Portsmouth,2,1,2.04,3.37,3.58,2.07,3.26,3.58,dc,0.5201,0.2568,0.2231,0.5166027709525612,0.2564417065363967,0.22695552251104203
ENG,E1,2526,2026-02-24,2026-02-23,Southampton,QPR,5,0,1.68,3.87,4.58,1.7,3.87,4.57,dc,0.4682,0.256,0.2758,0.4653866211905495,0.2583204239034,0.2762929549060506
ENG,E1,2526,2026-02-24,2026-02-23,Watford,Ipswich,0,2,3.24,3.24,2.22,3.14,3.25,2.28,dc,0.3215,0.2872,0.3913,0.3223609838473608,0.2867126539114338,0.3909263622412054
ENG,E1,2526,2026-02-25,2026-02-23,Millwall,Birmingham,3,0,2.45,3.25,2.85,2.59,3.26,2.68,dc,0.3942,0.3023,0.3036,0.3896983099107629,0.30211083168540476,0.3081908584038325
ENG,E1,2526,2026-02-25,2026-02-23,Norwich,Sheffield Weds,2,0,1.18,6.78,14.17,1.18,6.72,13.97,dc,0.7406,0.1844,0.075,0.7440954573602432,0.18100905757429706,0.07489548506545977
ENG,E1,2526,2026-02-25,2026-02-23,Sheffield United,Coventry,1,2,2.41,3.49,2.73,2.42,3.49,2.72,dc,0.323,0.2646,0.4124,0.32881704577908893,0.2620504817442507,0.4091324724766604
ENG,E1,2526,2026-02-25,2026-02-23,Stoke,Oxford,2,1,1.81,3.41,4.56,1.86,3.43,4.23,dc,0.4345,0.3679,0.1976,0.4343212320867085,0.3691908183634899,0.1964879495498018
ENG,E0,2526,2026-02-27,2026-02-23,Wolves,Aston Villa,2,0,4.17,3.64,1.84,4.6,3.74,1.74,dc,0.1407,0.2835,0.5757,0.14147303873934225,0.28116041570217526,0.5773665455584825
ENG,E1,2526,2026-02-27,2026-02-23,Bristol City,Watford,1,2,2.46,3.29,2.79,2.4,3.35,2.87,dc,0.3652,0.3094,0.3254,0.3666890498088668,0.3067761136798092,0.3265348365113241
ENG,E0,2526,2026-02-28,2026-02-23,Burnley,Brentford,3,4,4.58,3.81,1.73,4.34,3.79,1.77,dc,0.2286,0.2594,0.512,0.22916454929295282,0.25906538645192306,0.5117700642551238
ENG,E0,2526,2026-02-28,2026-02-23,Liverpool,West Ham,5,2,1.41,5.02,6.68,1.41,4.98,6.69,dc,0.6277,0.221,0.1512,0.6221891881232664,0.22291507009926492,0.1548957417774686
ENG,E0,2526,2026-02-28,2026-02-23,Newcastle,Everton,2,3,1.69,3.92,4.67,1.78,3.73,4.34,dc,0.4091,0.3,0.2909,0.4165648747114317,0.29792205782672426,0.28551306746184424
ENG,E0,2526,2026-02-28,2026-02-23,Leeds,Man City,0,1,5.0,4.25,1.6,4.77,3.91,1.69,dc,0.1993,0.2359,0.5648,0.1959903358381988,0.2349200694348655,0.5690895947269355
ENG,E0,2526,2026-02-28,2026-02-23,Bournemouth,Sunderland,1,1,1.77,3.8,4.34,1.8,3.68,4.27,dc,0.5275,0.2696,0.2029,0.5274009098277676,0.27028286427837206,0.20231622589386053
ENG,E1,2526,2026-02-28,2026-02-23,Leicester,Norwich,0,2,2.42,3.45,2.75,2.43,3.4,2.78,dc,0.3546,0.2578,0.3876,0.3522513777644565,0.25538787640895133,0.39236074582659214
ENG,E1,2526,2026-02-28,2026-02-23,Portsmouth,Hull,0,1,2.07,3.44,3.42,1.92,3.4,3.95,dc,0.3354,0.2889,0.3756,0.3419090466841911,0.28579064976167406,0.3723003035541347
ENG,E1,2526,2026-02-28,2026-02-23,Charlton,Wrexham,0,1,3.06,3.23,2.31,3.19,3.24,2.25,dc,0.2726,0.2866,0.4407,0.26968914889322915,0.2846765786486167,0.4456342724581541
ENG,E1,2526,2026-02-28,2026-02-23,Coventry,Stoke,2,1,1.52,4.27,5.76,1.51,4.28,5.84,dc,0.5451,0.2814,0.1735,0.5436220259655384,0.28119123890043923,0.1751867351340223
ENG,E1,2526,2026-02-28,2026-02-23,Derby,Blackburn,3,1,2.16,3.23,3.39,2.11,3.26,3.49,dc,0.4965,0.3078,0.1957,0.4982342347394059,0.3040623911882958,0.19770337407229804
ENG,E1,2526,2026-02-28,2026-02-23,Oxford,West Brom,2,1,3.06,3.18,2.34,3.2,3.14,2.3,dc,0.3613,0.3523,0.2864,0.3580242310898421,0.35466081347524014,0.28731495543491786
ENG,E1,2526,2026-02-28,2026-02-23,Preston,Millwall,0,2,3.13,3.3,2.24,3.1,3.33,2.27,dc,0.341,0.3219,0.3371,0.34705675644480233,0.3200322499492871,0.33291099360591064
ENG,E1,2526,2026-02-28,2026-02-23,QPR,Sheffield United,0,2,2.91,3.44,2.3,3.14,3.41,2.2,dc,0.3618,0.2695,0.3687,0.3561419197417367,0.26826554502777517,0.3755925352304883
ENG,E1,2526,2026-02-28,2026-02-23,Sheffield Weds,Southampton,1,3,9.22,5.31,1.3,10.54,5.75,1.26,dc,0.1186,0.2236,0.6578,0.12208217263568599,0.2257800986838685,0.6521377286804455
ENG,E1,2526,2026-02-28,2026-02-23,Ipswich,Swansea,3,0,1.59,3.97,5.38,1.58,3.93,5.52,dc,0.5203,0.2628,0.2169,0.524465352021443,0.2601489148508716,0.21538573312768555
ENG,E0,2526,2026-03-01,2026-02-23,Brighton,Nott'm Forest,2,1,2.05,3.54,3.42,2.09,3.39,3.48,dc,0.4961,0.3001,0.2038,0.4994674755069204,0.29786609195464364,0.20266643253843597
ENG,E0,2526,2026-03-01,2026-02-23,Fulham,Tottenham,2,1,2.08,3.57,3.3,2.02,3.66,3.45,dc,0.5087,0.243,0.2482,0.5094910095045568,0.23990414580638575,0.2506048446890572
ENG,E0,2526,2026-03-01,2026-02-23,Man United,Crystal Palace,2,1,1.53,4.31,5.61,1.51,4.35,5.95,dc,0.5409,0.26,0.1991,0.5465798957584818,0.2565996321118173,0.19682047212970116
ENG,E0,2526,2026-03-01,2026-02-23,Arsenal,Chelsea,2,1,1.6,3.98,5.28,1.5,4.36,6.05,dc,0.5776,0.2455,0.1769,0.5785199676174217,0.24523373445373145,0.1762462979288466
ENG,E1,2526,2026-03-02,2026-03-02,Birmingham,Middlesbrough,1,3,2.47,3.46,2.62,2.66,3.46,2.49,dc,0.3078,0.2982,0.3939,0.30683319716141105,0.2964350824991874,0.39673172033940146
ENG,E0,2526,2026-03-03,2026-03-02,Everton,Burnley,2,0,1.56,3.96,6.06,1.61,3.78,5.73,dc,0.5474,0.2707,0.182,0.548515037480908,0.268821256544214,0.18266370597487788
ENG,E0,2526,2026-03-03,2026-03-02,Bournemouth,Brentford,0,0,2.48,3.59,2.65,2.5,3.56,2.65,dc,0.384,0.2458,0.3702,0.3854296071402566,0.24652817917974007,0.3680422136800033
ENG,E0,2526,2026-03-03,2026-03-02,Leeds,Sunderland,0,1,1.86,3.43,4.31,1.81,3.51,4.51,dc,0.4854,0.2954,0.2192,0.4856930603476214,0.29469564180791746,0.21961129784446112
ENG,E1,2526,2026-03-03,2026-03-02,Ipswich,Hull,1,0,1.45,4.42,6.49,1.44,4.45,6.77,dc,0.5468,0.2365,0.2167,0.5534951589726836,0.23391427424363284,0.21259056678368327
ENG,E0,2526,2026-03-03,2026-03-02,Wolves,Liverpool,2,1,6.08,4.61,1.48,6.85,4.71,1.43,dc,0.1619,0.2532,0.5848,0.1653210401509514,0.2543723123602053,0.5803066474888432
ENG,E0,2526,2026-03-04,2026-03-02,Fulham,West Ham,0,1,2.03,3.56,3.52,2.2,3.51,3.13,dc,0.5601,0.2287,0.2112,0.5603052818522851,0.22705025640552942,0.2126444617421854
ENG,E0,2526,2026-03-04,2026-03-02,Aston Villa,Chelsea,1,4,2.67,3.57,2.46,2.64,3.48,2.54,dc,0.3706,0.301,0.3283,0.37118134169031874,0.2993215715247843,0.3294970867848971
ENG,E0,2526,2026-03-04,2026-03-02,Newcastle,Man United,2,1,2.56,3.66,2.53,2.56,3.62,2.52,dc,0.3444,0.2485,0.4071,0.3483605925073425,0.24744347913296022,0.40419592835969725
ENG,E0,2526,2026-03-04,2026-03-02,Man City,Nott'm Forest,2,2,1.37,4.95,7.65,1.39,4.83,7.62,dc,0.6994,0.2123,0.0883,0.6987275985792553,0.21212856134701816,0.08914384007372642
ENG,E0,2526,2026-03-04,2026-03-02,Brighton,Arsenal,0,1,5.03,3.92,1.64,5.03,3.84,1.67,dc,0.1974,0.2702,0.5324,0.20053424758692473,0.2710092532167459,0.5284564991963292
ENG,E0,2526,2026-03-05,2026-03-02,Tottenham,Crystal Palace,1,3,2.34,3.32,2.97,2.44,3.37,2.83,dc,0.3877,0.2952,0.3171,0.391095945198368,0.29331517149296277,0.31558888330866924
ENG,E1,2526,2026-03-06,2026-03-02,Preston,Oxford,1,3,2.12,3.23,3.51,2.12,3.34,3.38,dc,0.4467,0.3324,0.2209,0.44577447476443244,0.33284449072136285,0.22138103451420477
ENG,E1,2526,2026-03-07,2026-03-02,Swansea,Stoke,2,0,2.03,3.32,3.67,1.9,3.43,4.04,dc,0.3696,0.345,0.2855,0.36854829299993463,0.34205944590939186,0.28939226109067345
ENG,E1,2526,2026-03-07,2026-03-02,Sheffield United,West Brom,1,1,1.73,3.68,4.61,1.68,3.76,4.89,dc,0.6099,0.2411,0.149,0.6133356965129825,0.2380606579272021,0.14860364555981526
ENG,E1,2526,2026-03-07,2026-03-02,Derby,Sheffield Weds,2,1,1.26,5.41,10.96,1.26,5.56,10.66,dc,0.7656,0.1695,0.0649,0.7630467869051833,0.16983945666183484,0.06711375643298194
ENG,E1,2526,2026-03-07,2026-03-02,Ipswich,Leicester,1,1,1.46,4.4,6.37,1.51,4.25,5.96,dc,0.6614,0.1957,0.1429,0.6620314891102479,0.19560040556143815,0.1423681053283139
ENG,E1,2526,2026-03-07,2026-03-02,Bristol City,Coventry,0,2,3.47,3.61,2.0,3.36,3.64,2.02,dc,0.2617,0.2607,0.4776,0.2651351106039991,0.26035787986168213,0.47450700953431874
ENG,E1,2526,2026-03-07,2026-03-02,Hull,Millwall,1,3,3.08,3.33,2.27,2.97,3.32,2.33,dc,0.381,0.2865,0.3325,0.38243921255313107,0.28450789530796095,0.333052892138908
ENG,E1,2526,2026-03-07,2026-03-02,Blackburn,Portsmouth,1,1,2.49,3.14,2.9,2.62,3.03,2.81,dc,0.3449,0.337,0.3181,0.34268466568278977,0.33301119287441894,0.32430414144279135
ENG,E1,2526,2026-03-07,2026-03-02,Charlton,Birmingham,1,0,3.41,3.35,2.1,3.69,3.38,2.0,dc,0.2926,0.3245,0.3829,0.2917030809362975,0.3219353972044849,0.3863615218592176
ENG,E1,2526,2026-03-08,2026-03-02,QPR,Middlesbrough,0,4,3.58,3.42,2.0,4.08,3.61,1.84,dc,0.2535,0.2747,0.4718,0.25050639120838875,0.27455569771966404,0.4749379110719473
ENG,E1,2526,2026-03-10,2026-03-09,Leicester,Bristol City,2,0,2.29,3.41,2.98,2.35,3.38,2.9,dc,0.3961,0.2704,0.3336,0.39587961648761394,0.26900121681181643,0.33511916670056974
ENG,E1,2526,2026-03-10,2026-03-09,Millwall,Derby,1,0,2.04,3.31,3.63,1.99,3.4,3.71,dc,0.4608,0.2768,0.2624,0.46275745048095646,0.27463757294198515,0.26260497657705845
ENG,E1,2526,2026-03-10,2026-03-09,Portsmouth,Swansea,1,2,2.19,3.24,3.3,2.32,3.17,3.13,dc,0.3283,0.3199,0.3517,0.33508841150074087,0.31618302526140524,0.3487285632378537
ENG,E1,2526,2026-03-10,2026-03-09,Wrexham,Hull,1,2,1.95,3.54,3.69,1.94,3.6,3.64,dc,0.4606,0.2502,0.2892,0.46087591566224384,0.2484965546261826,0.29062752971157363
ENG,E1,2526,2026-03-10,2026-03-09,Stoke,Ipswich,3,3,4.74,3.64,1.72,5.17,3.97,1.61,dc,0.2246,0.3029,0.4726,0.22496543060649388,0.3022777753446323,0.4727567940488737
ENG,E1,2526,2026-03-10,2026-03-09,Sheffield Weds,Watford,1,1,7.26,4.34,1.43,7.77,4.49,1.41,dc,0.1269,0.2598,0.6133,0.12783948210015358,0.2589205708573106,0.6132399470425359
ENG,E1,2526,2026-03-11,2026-03-09,Birmingham,QPR,1,0,1.73,3.66,4.6,1.67,3.71,5.02,dc,0.482,0.2606,0.2575,0.48484855116757375,0.26030450964453256,0.25484693918789364
ENG,E1,2526,2026-03-11,2026-03-09,Middlesbrough,Charlton,0,1,1.38,4.68,7.86,1.27,5.61,9.71,dc,0.5919,0.2697,0.1384,0.5974903761238262,0.2652730336862413,0.13723659018993253
ENG,E1,2526,2026-03-11,2026-03-09,Norwich,Sheffield United,2,1,2.5,3.54,2.6,2.43,3.43,2.75,dc,0.397,0.2815,0.3215,0.4011142227357224,0.27742546616451547,0.32146031109976203
ENG,E1,2526,2026-03-11,2026-03-09,Oxford,Blackburn,1,0,2.67,3.12,2.67,2.69,3.03,2.74,dc,0.3722,0.3413,0.2865,0.3730791341445969,0.3412093104276345,0.2857115554277687
ENG,E1,2526,2026-03-11,2026-03-09,West Brom,Southampton,1,1,2.78,3.39,2.42,3.11,3.43,2.21,dc,0.2162,0.2569,0.5269,0.21783617225780394,0.2579206938064699,0.5242431339357261
ENG,E1,2526,2026-03-11,2026-03-09,Coventry,Preston,3,0,1.44,4.64,6.47,1.46,4.46,6.17,dc,0.6385,0.224,0.1375,0.6366534997152599,0.22423745207548473,0.1391090482092554
ENG,E1,2526,2026-03-13,2026-03-09,Wrexham,Swansea,2,0,2.27,3.33,3.08,2.26,3.35,3.09,dc,0.4696,0.272,0.2584,0.47032999026635497,0.27000593224769237,0.25966407748595255
ENG,E1,2526,2026-03-14,2026-03-09,Stoke,Watford,3,1,2.61,3.25,2.65,2.69,3.28,2.56,dc,0.3214,0.3453,0.3333,0.3216289609593964,0.34411312607895767,0.3342579129616459
ENG,E1,2526,2026-03-14,2026-03-09,Sheffield Weds,Ipswich,0,2,11.78,6.02,1.22,11.81,5.72,1.24,dc,0.0661,0.1691,0.7648,0.0669153302890569,0.1693600104260023,0.7637246592849409
ENG,E1,2526,2026-03-14,2026-03-09,West Brom,Hull,3,0,2.18,3.37,3.2,2.06,3.36,3.55,dc,0.2542,0.278,0.4678,0.2566783640915941,0.27682715682153747,0.46649447908686836
ENG,E1,2526,2026-03-14,2026-03-09,Leicester,QPR,1,3,1.96,3.47,3.7,1.8,3.67,4.21,dc,0.4852,0.2458,0.269,0.48753252150434134,0.24605640611105942,0.2664110723845992
ENG,E0,2526,2026-03-14,2026-03-09,Sunderland,Brighton,0,1,3.26,3.27,2.23,3.64,3.46,2.01,dc,0.2695,0.3383,0.3922,0.26577968804092267,0.3349779629916068,0.3992423489674704
ENG,E1,2526,2026-03-14,2026-03-09,Coventry,Southampton,1,2,1.78,3.9,4.03,1.88,3.69,3.78,dc,0.5314,0.2344,0.2342,0.5301424253192293,0.23518616452446178,0.23467141015630882
ENG,E1,2526,2026-03-14,2026-03-09,Middlesbrough,Bristol City,1,1,1.47,4.5,6.24,1.4,4.83,6.8,dc,0.5723,0.2517,0.1759,0.5736495463127176,0.25012983820527757,0.17622061548200488
ENG,E1,2526,2026-03-14,2026-03-09,Oxford,Charlton,1,1,2.26,3.23,3.19,2.2,3.19,3.35,dc,0.355,0.3551,0.2899,0.3572387544015286,0.3535103513686209,0.2892508942298507
ENG,E0,2526,2026-03-14,2026-03-09,Burnley,Bournemouth,0,0,4.02,3.83,1.82,3.92,3.93,1.82,dc,0.2574,0.2468,0.4958,0.2570422856231059,0.24890724895547345,0.4940504654214206
ENG,E1,2526,2026-03-14,2026-03-09,Millwall,Blackburn,1,2,1.71,3.56,4.94,1.9,3.33,4.2,dc,0.5622,0.2767,0.1611,0.5618238601881201,0.27575834218613327,0.16241779762574665
ENG,E1,2526,2026-03-14,2026-03-09,Norwich,Preston,2,0,1.64,3.96,4.85,1.52,4.26,5.84,dc,0.5004,0.2812,0.2184,0.5057958629839813,0.27738189932614116,0.21682223768987754
ENG,E1,2526,2026-03-14,2026-03-09,Birmingham,Sheffield United,1,1,2.06,3.45,3.41,2.05,3.58,3.35,dc,0.3237,0.2817,0.3946,0.32358101880103124,0.2786025871968841,0.3978163940020849
ENG,E0,2526,2026-03-14,2026-03-09,West Ham,Man City,1,1,4.43,4.15,1.69,4.81,4.16,1.63,dc,0.1418,0.2136,0.6446,0.14199868552953185,0.21266248570873553,0.6453388287617327
ENG,E0,2526,2026-03-14,2026-03-09,Chelsea,Newcastle,0,1,1.79,4.12,3.86,1.69,4.24,4.3,dc,0.5707,0.2201,0.2092,0.5683614560371768,0.22092344886009357,0.21071509510272982
ENG,E0,2526,2026-03-14,2026-03-09,Arsenal,Everton,2,0,1.37,4.56,8.83,1.37,4.65,8.58,dc,0.6169,0.2566,0.1265,0.615423319366615,0.2561460414617851,0.1284306391716
ENG,E0,2526,2026-03-15,2026-03-09,Nott'm Forest,Fulham,0,0,2.19,3.4,3.24,2.29,3.31,3.13,dc,0.3468,0.2951,0.3581,0.3473926764494699,0.2917713416954832,0.360835981855047
ENG,E0,2526,2026-03-15,2026-03-09,Man United,Aston Villa,3,1,1.71,4.02,4.38,1.69,4.0,4.56,dc,0.442,0.2742,0.2838,0.4443530131719629,0.2707667336610747,0.2848802531669626
ENG,E0,2526,2026-03-15,2026-03-09,Crystal Palace,Leeds,0,0,2.49,3.24,2.85,2.66,3.23,2.69,dc,0.3958,0.2893,0.3148,0.39419439106562393,0.2888717508961827,0.3169338580381934
ENG,E0,2526,2026-03-15,2026-03-09,Liverpool,Tottenham,1,1,1.29,5.79,8.72,1.3,5.87,8.24,dc,0.6377,0.2013,0.161,0.6341698702648834,0.20177555055618296,0.16405457917893368
ENG,E0,2526,2026-03-16,2026-03-16,Brentford,Wolves,2,2,1.54,4.15,5.68,1.53,4.29,5.78,dc,0.6069,0.2424,0.1507,0.6048593472185252,0.243336658148267,0.15180399463320773
ENG,E1,2526,2026-03-16,2026-03-16,Portsmouth,Derby,0,1,2.18,3.22,3.31,2.1,3.29,3.52,dc,0.3021,0.296,0.402,0.3084348846335547,0.2924059891444135,0.39915912622203203
ENG,E1,2526,2026-03-17,2026-03-16,Watford,Wrexham,3,1,2.27,3.34,3.07,2.21,3.35,3.16,dc,0.3299,0.2834,0.3867,0.33421516542101953,0.28250476738200286,0.38328006719697777
ENG,E1,2526,2026-03-18,2026-03-16,Southampton,Norwich,1,0,1.93,3.64,3.63,1.89,3.68,3.77,dc,0.4364,0.2671,0.2966,0.43217552730338565,0.26650379063636787,0.3013206820602465
ENG,E0,2526,2026-03-20,2026-03-16,Bournemouth,Man United,2,2,3.22,3.76,2.07,3.07,3.72,2.15,dc,0.3219,0.2575,0.4206,0.3213713213225067,0.25891162111550986,0.41971705756198374
ENG,E1,2526,2026-03-20,2026-03-16,Preston,Stoke,3,1,2.47,3.28,2.81,2.36,3.31,2.94,dc,0.3008,0.3251,0.3741,0.3013787394372734,0.32363214128941514,0.37498911927331163
ENG,E1,2526,2026-03-21,2026-03-16,Derby,Birmingham,1,0,2.7,3.33,2.53,2.71,3.36,2.5,dc,0.4482,0.2845,0.2673,0.4498698707482675,0.28132106925939226,0.2688090599923404
ENG,E1,2526,2026-03-21,2026-03-16,Bristol City,West Brom,0,1,2.43,3.3,2.83,2.63,3.28,2.6,dc,0.4428,0.2985,0.2587,0.44369671150581147,0.2974460055205996,0.258857282973589
ENG,E1,2526,2026-03-21,2026-03-16,Blackburn,Middlesbrough,0,0,4.07,3.57,1.85,4.15,3.57,1.83,dc,0.2049,0.3014,0.4937,0.20437884656528438,0.2978876985338742,0.4977334549008412
ENG,E1,2526,2026-03-21,2026-03-16,Ipswich,Millwall,1,1,1.7,3.78,4.63,1.7,3.8,4.64,dc,0.4705,0.2748,0.2547,0.4745693279656476,0.2734760518099382,0.25195462022441406
ENG,E1,2526,2026-03-21,2026-03-16,Hull,Sheffield Weds,3,1,1.33,5.11,8.43,1.34,4.98,8.27,dc,0.7297,0.188,0.0823,0.7264092210954823,0.18853021581725016,0.0850605630872676
ENG,E0,2526,2026-03-21,2026-03-16,Brighton,Liverpool,2,1,3.02,3.55,2.22,3.05,3.62,2.19,dc,0.367,0.2828,0.3502,0.3746060484860534,0.28053790099157677,0.34485605052236984
ENG,E1,2526,2026-03-21,2026-03-16,Swansea,Coventry,0,3,3.2,3.46,2.15,3.17,3.47,2.17,dc,0.2383,0.2754,0.4863,0.2383440200746961,0.2733900856594559,0.48826589426584815
ENG,E1,2526,2026-03-21,2026-03-16,Charlton,Norwich,0,1,3.26,3.35,2.16,3.21,3.28,2.22,dc,0.2703,0.3289,0.4007,0.2653726728230714,0.32323824157993325,0.41138908559699516
ENG,E1,2526,2026-03-21,2026-03-16,Watford,Leicester,0,0,2.02,3.53,3.47,1.99,3.54,3.55,dc,0.4307,0.2791,0.2902,0.43334492059806573,0.27733134768085027,0.2893237317210841
ENG,E1,2526,2026-03-21,2026-03-16,Sheffield United,Wrexham,1,2,1.95,3.61,3.63,1.9,3.64,3.77,dc,0.4081,0.2671,0.3249,0.41425750375110937,0.2647510711280496,0.32099142512084095
ENG,E1,2526,2026-03-21,2026-03-16,QPR,Portsmouth,6,1,2.74,3.14,2.59,2.82,3.13,2.55,dc,0.4033,0.2872,0.3095,0.3997265030650695,0.2867029169385725,0.31357057999635807
ENG,E1,2526,2026-03-21,2026-03-16,Southampton,Oxford,2,0,1.52,4.17,5.87,1.59,3.92,5.46,dc,0.5724,0.2557,0.1719,0.5688463075522978,0.2577123596645585,0.17344133278314364
ENG,E0,2526,2026-03-21,2026-03-16,Fulham,Burnley,3,1,1.53,4.09,6.22,1.52,4.29,5.92,dc,0.5612,0.2456,0.1932,0.5649263128867424,0.24400833989754522,0.1910653472157123
ENG,E0,2526,2026-03-21,2026-03-16,Everton,Chelsea,3,0,3.38,3.5,2.08,3.15,3.43,2.22,dc,0.2948,0.3061,0.3991,0.2945805601597408,0.302685701156128,0.40273373868413137
ENG,E0,2526,2026-03-21,2026-03-16,Leeds,Brentford,0,0,2.46,3.42,2.77,2.35,3.41,2.95,dc,0.3301,0.2693,0.4006,0.3324831653099156,0.2702006779629762,0.39731615672710796
ENG,E0,2526,2026-03-22,2026-03-16,Aston Villa,West Ham,2,0,1.95,3.56,3.7,1.73,3.79,4.55,dc,0.5229,0.2576,0.2195,0.526182432940885,0.25485124824633215,0.21896631881278297
ENG,E0,2526,2026-03-22,2026-03-16,Newcastle,Sunderland,1,2,1.65,3.89,5.04,1.53,4.2,5.83,dc,0.5218,0.2849,0.1933,0.5216848243418493,0.28284127150660543,0.19547390415154522
ENG,E0,2526,2026-03-22,2026-03-16,Tottenham,Nott'm Forest,0,3,2.24,3.39,3.11,2.37,3.29,3.0,dc,0.3904,0.2969,0.3127,0.3891574398205346,0.2964530603214326,0.31438949985803294
ENG,E1,2526,2026-04-03,2026-03-30,Middlesbrough,Millwall,1,2,1.71,3.85,4.48,1.71,3.84,4.54,dc,0.4303,0.3057,0.2641,0.4390545357390368,0.30313296380099186,0.2578125004599714
ENG,E1,2526,2026-04-03,2026-03-30,Birmingham,Blackburn,0,1,1.84,3.37,4.41,1.73,3.61,4.73,dc,0.4378,0.3255,0.2368,0.4407266935737642,0.3218402640602402,0.2374330423659958
ENG,E1,2526,2026-04-03,2026-03-30,Charlton,Bristol City,1,2,2.51,3.2,2.81,2.41,3.19,2.98,dc,0.3522,0.3459,0.3018,0.35056012318189494,0.3410406896336035,0.3083991871845014
ENG,E1,2526,2026-04-03,2026-03-30,Leicester,Preston,2,2,1.87,3.57,3.99,1.82,3.57,4.22,dc,0.4485,0.2793,0.2723,0.44887136426017915,0.2783000977676337,0.27282853797218687
ENG,E1,2526,2026-04-03,2026-03-30,Norwich,Portsmouth,1,1,1.94,3.47,3.8,2.01,3.49,3.54,dc,0.5974,0.2514,0.1512,0.6007839581376846,0.24754612121013042,0.1516699206521852
ENG,E1,2526,2026-04-03,2026-03-30,Oxford,Hull,1,1,2.46,3.3,2.82,2.35,3.38,2.89,dc,0.3005,0.3006,0.3989,0.30181365796163684,0.29924546755465153,0.3989408744837115
ENG,E1,2526,2026-04-03,2026-03-30,QPR,Watford,2,1,2.56,3.4,2.63,2.51,3.33,2.73,dc,0.3838,0.2768,0.3394,0.3833116559186187,0.27752680701756677,0.3391615370638146
ENG,E1,2526,2026-04-03,2026-03-30,Sheffield United,Swansea,3,3,1.96,3.55,3.65,1.68,3.89,4.74,dc,0.4772,0.284,0.2388,0.4823666996659879,0.2792437487661649,0.23838955156784714
ENG,E1,2526,2026-04-03,2026-03-30,Stoke,Sheffield Weds,2,0,1.31,5.03,9.56,1.4,4.56,7.48,dc,0.6709,0.2291,0.1,0.6687800348837363,0.2297196088752494,0.1015003562410143
ENG,E1,2526,2026-04-03,2026-03-30,Coventry,Derby,3,2,1.57,4.1,5.39,1.59,4.03,5.24,dc,0.5708,0.2435,0.1856,0.5761991775796952,0.2397915327210716,0.18400928969923291
ENG,E1,2526,2026-04-03,2026-03-30,West Brom,Wrexham,2,2,2.11,3.33,3.43,2.1,3.39,3.39,dc,0.2914,0.2797,0.4289,0.2929227578857634,0.27904969060601575,0.42802755150822075
ENG,E1,2526,2026-04-06,2026-04-06,Portsmouth,Oxford,2,2,1.85,3.43,4.2,1.95,3.27,4.05,dc,0.3575,0.3321,0.3104,0.3627587229878202,0.3306468622679892,0.3065944147441906
ENG,E1,2526,2026-04-06,2026-04-06,Millwall,Norwich,1,2,2.16,3.39,3.18,2.11,3.39,3.37,dc,0.4219,0.3055,0.2727,0.4174018091617502,0.30343170636690436,0.2791664844713454
ENG,E1,2526,2026-04-06,2026-04-06,Bristol City,Sheffield United,1,0,2.83,3.46,2.34,2.52,3.36,2.68,dc,0.3372,0.282,0.3807,0.33975129801269427,0.27879620023973506,0.38145250174757095
ENG,E1,2526,2026-04-06,2026-04-06,Derby,Stoke,2,0,1.91,3.44,3.85,1.71,3.77,4.61,dc,0.4566,0.2922,0.2512,0.45506864363809857,0.2900939005125297,0.2548374558493718
ENG,E1,2526,2026-04-06,2026-04-06,Ipswich,Birmingham,2,1,1.62,3.87,5.03,1.56,4.04,5.53,dc,0.5863,0.2502,0.1635,0.5860010365062703,0.24868118668942035,0.16531777680430954
ENG,E1,2526,2026-04-06,2026-04-06,Preston,QPR,1,1,2.35,3.26,2.93,2.46,3.38,2.75,dc,0.3728,0.2697,0.3576,0.37371861358118813,0.26946506622642774,0.35681632019238413
ENG,E1,2526,2026-04-06,2026-04-06,Sheffield Weds,Leicester,1,1,6.01,4.13,1.51,6.56,4.19,1.48,dc,0.15,0.2467,0.6034,0.1521929043037788,0.24755925687773975,0.6002478388184813
ENG,E1,2526,2026-04-06,2026-04-06,Watford,Charlton,1,1,1.84,3.48,4.16,1.93,3.39,3.98,dc,0.432,0.3363,0.2317,0.43804877283480353,0.33216392893596114,0.22978729822923538
ENG,E1,2526,2026-04-06,2026-04-06,Swansea,Middlesbrough,2,2,3.81,3.58,1.88,3.78,3.66,1.9,dc,0.2699,0.2974,0.4326,0.26728457682542006,0.2942984583734037,0.4384169648011763
ENG,E1,2526,2026-04-06,2026-04-06,Hull,Coventry,0,0,3.95,3.44,1.91,3.88,3.65,1.87,dc,0.2438,0.2426,0.5136,0.2436862745941349,0.24065430155211043,0.5156594238537547
ENG,E1,2526,2026-04-06,2026-04-06,Blackburn,West Brom,0,0,2.59,3.11,2.75,2.87,3.01,2.6,dc,0.3657,0.3415,0.2927,0.3664766479690019,0.3397013227562142,0.29382202927478374
ENG,E1,2526,2026-04-07,2026-04-06,Wrexham,Southampton,1,5,2.58,3.45,2.57,2.57,3.33,2.68,dc,0.3581,0.2552,0.3866,0.3584365955399825,0.2550598194802011,0.38650358497981635
ENG,E0,2526,2026-04-10,2026-04-06,West Ham,Wolves,4,0,1.78,3.74,4.34,1.77,3.74,4.38,dc,0.4355,0.2923,0.2722,0.43201646235868785,0.29095534358371,0.27702819405760243
ENG,E1,2526,2026-04-10,2026-04-06,West Brom,Millwall,0,0,2.22,3.28,3.2,2.28,3.27,3.12,dc,0.2439,0.3014,0.4547,0.2468599816948127,0.30092629014995614,0.4522137281552312
ENG,E1,2526,2026-04-11,2026-04-06,Leicester,Swansea,0,1,2.09,3.48,3.32,1.88,3.62,3.89,dc,0.3986,0.2781,0.3234,0.4004941309844893,0.2766385544960044,0.32286731451950634
ENG,E1,2526,2026-04-11,2026-04-06,Norwich,Ipswich,0,2,2.92,3.5,2.28,2.76,3.36,2.46,dc,0.3309,0.29,0.3791,0.3345653398715179,0.2877207753590917,0.3777138847693905
ENG,E1,2526,2026-04-11,2026-04-06,Coventry,Sheffield Weds,0,0,1.12,8.53,17.81,1.13,8.15,17.38,dc,0.8762,0.096,0.0279,0.8741209494091584,0.09716832985660075,0.028710720734240813
ENG,E0,2526,2026-04-11,2026-04-06,Arsenal,Bournemouth,1,2,1.43,4.55,7.06,1.47,4.47,6.4,dc,0.7115,0.1902,0.0983,0.7053558201147456,0.19420157600728963,0.10044260387796447
ENG,E0,2526,2026-04-11,2026-04-06,Brentford,Everton,2,2,2.13,3.31,3.45,2.15,3.34,3.37,dc,0.383,0.3053,0.3117,0.3841513073573976,0.3047961867689138,0.3110525058736886
ENG,E0,2526,2026-04-11,2026-04-06,Burnley,Brighton,0,2,4.48,3.93,1.72,5.29,4.13,1.59,dc,0.2042,0.2659,0.5299,0.20098174911038105,0.2636939656205864,0.5353242852690326
ENG,E0,2526,2026-04-11,2026-04-06,Liverpool,Fulham,2,0,1.62,4.18,4.83,1.71,4.06,4.38,dc,0.5103,0.2455,0.2441,0.5073088290742945,0.24428289376883094,0.24840827715687464
ENG,E1,2526,2026-04-11,2026-04-06,Middlesbrough,Portsmouth,0,1,1.53,4.15,5.77,1.46,4.39,6.49,dc,0.6154,0.2462,0.1384,0.6160039432189743,0.24433131486561743,0.13966474191540829
ENG,E1,2526,2026-04-11,2026-04-06,Oxford,Watford,2,0,2.4,3.28,2.88,2.38,3.29,2.95,dc,0.3044,0.3364,0.3593,0.30293197359428303,0.3373028498306218,0.35976517657509494
ENG,E1,2526,2026-04-11,2026-04-06,Sheffield United,Hull,2,1,1.81,3.82,3.94,1.73,3.95,4.24,dc,0.4484,0.2574,0.2942,0.45365016993834456,0.25357126741907005,0.2927785626425855
ENG,E1,2526,2026-04-11,2026-04-06,QPR,Bristol City,0,0,2.26,3.37,3.06,2.27,3.37,3.02,dc,0.4333,0.2655,0.3012,0.4314107097061743,0.26507130304788545,0.3035179872459402
ENG,E1,2526,2026-04-11,2026-04-06,Stoke,Blackburn,1,1,2.55,3.22,2.75,2.62,3.26,2.65,dc,0.418,0.3358,0.2463,0.420340008336868,0.3338776678977537,0.24578232376537829
ENG,E1,2526,2026-04-11,2026-04-06,Southampton,Derby,2,1,1.77,3.74,4.22,1.62,4.0,5.11,dc,0.4836,0.2639,0.2525,0.48619684734043134,0.26119663406280147,0.2526065185967672
ENG,E1,2526,2026-04-11,2026-04-06,Charlton,Preston,1,2,2.12,3.33,3.38,2.24,3.25,3.23,dc,0.3566,0.3398,0.3036,0.3550168805498496,0.3358124720947511,0.30917064735539934
ENG,E1,2526,2026-04-12,2026-04-06,Birmingham,Wrexham,2,0,2.02,3.54,3.45,2.07,3.48,3.4,dc,0.3225,0.2829,0.3946,0.3275651543041683,0.2809838291727708,0.3914510165230609
ENG,E0,2526,2026-04-12,2026-04-06,Nott'm Forest,Aston Villa,1,1,2.61,3.33,2.65,2.35,3.32,2.99,dc,0.325,0.3163,0.3588,0.3270235575460283,0.3148469406052488,0.35812950184872266
ENG,E0,2526,2026-04-12,2026-04-06,Sunderland,Tottenham,1,0,2.62,3.34,2.63,2.75,3.31,2.53,dc,0.4164,0.3101,0.2735,0.4175971708499663,0.30725766165790463,0.27514516749212925
ENG,E0,2526,2026-04-12,2026-04-06,Chelsea,Man City,0,3,3.08,3.8,2.1,3.48,3.89,1.94,dc,0.2877,0.2695,0.4428,0.2905709629181512,0.2681519242391358,0.44127711284271304
ENG,E0,2526,2026-04-12,2026-04-06,Crystal Palace,Newcastle,2,1,3.07,3.5,2.22,2.91,3.3,2.42,dc,0.3571,0.288,0.3549,0.35607197502234195,0.28772172099118815,0.35620630398647024
ENG,E0,2526,2026-04-13,2026-04-13,Man United,Leeds,1,2,1.59,4.07,5.3,1.62,4.07,5.08,dc,0.5432,0.2489,0.2079,0.5422189079802068,0.2480544524679537,0.2097266395518398
ENG,E1,2526,2026-04-14,2026-04-13,Southampton,Blackburn,3,0,1.55,4.01,5.79,1.47,4.26,6.65,dc,0.5969,0.2591,0.144,0.5982780811993844,0.2573192016111188,0.1444027171894967
ENG,E1,2526,2026-04-14,2026-04-13,Portsmouth,Ipswich,2,0,3.83,3.4,1.96,3.68,3.3,2.03,dc,0.1798,0.2533,0.5669,0.1827851864695358,0.25085175936064275,0.5663630541698215
ENG,E1,2526,2026-04-17,2026-04-13,Blackburn,Coventry,1,1,3.98,3.26,1.99,4.23,3.39,1.87,dc,0.1813,0.2975,0.5211,0.17985943149197275,0.2973088299790777,0.5228317385289494
ENG,E1,2526,2026-04-18,2026-04-13,Millwall,QPR,2,0,1.69,3.8,4.75,1.68,3.85,4.74,dc,0.5279,0.2613,0.2108,0.520628968052219,0.26467836079241885,0.21469267115536217
ENG,E1,2526,2026-04-18,2026-04-13,Derby,Oxford,1,0,1.89,3.46,4.03,1.96,3.42,3.82,dc,0.5028,0.2914,0.2058,0.502139685408559,0.28945652728859744,0.20840378730284342
ENG,E1,2526,2026-04-18,2026-04-13,Bristol City,Norwich,2,4,2.64,3.42,2.53,2.73,3.41,2.46,dc,0.3034,0.3207,0.3759,0.30423883094756754,0.31669782017398085,0.3790633488784517
ENG,E1,2526,2026-04-18,2026-04-13,Hull,Birmingham,1,1,2.44,3.42,2.74,2.5,3.34,2.75,dc,0.4247,0.2987,0.2766,0.4248686940066247,0.2948999308116344,0.28023137518174085
ENG,E1,2526,2026-04-18,2026-04-13,Preston,West Brom,0,2,3.49,3.28,2.1,3.36,3.28,2.16,dc,0.391,0.3197,0.2892,0.39211411829237686,0.31898863044038367,0.28889725126723953
ENG,E1,2526,2026-04-18,2026-04-13,Sheffield Weds,Charlton,1,1,4.78,3.57,1.74,4.16,3.31,1.92,dc,0.1902,0.346,0.4638,0.19444974993045958,0.3429805526262659,0.4625696974432746
ENG,E1,2526,2026-04-18,2026-04-13,Swansea,Southampton,1,2,3.82,3.87,1.84,4.12,3.92,1.77,dc,0.2587,0.268,0.4733,0.25982567214374885,0.2646013483178164,0.4755729795384348
ENG,E1,2526,2026-04-18,2026-04-13,Watford,Sheffield United,0,2,2.72,3.42,2.46,2.8,3.51,2.36,dc,0.3371,0.2969,0.366,0.3355629174728312,0.29341245019099244,0.3710246323361765
ENG,E1,2526,2026-04-18,2026-04-13,Wrexham,Stoke,2,0,1.73,3.75,4.51,1.81,3.73,4.09,dc,0.4426,0.2718,0.2857,0.43936306225716193,0.27089237985958736,0.2897445578832507
ENG,E1,2526,2026-04-18,2026-04-13,Portsmouth,Leicester,1,0,2.26,3.28,3.13,2.28,3.26,3.1,dc,0.3698,0.2931,0.3371,0.37142898743699615,0.28928741501568084,0.33928359754732285
ENG,E0,2526,2026-04-18,2026-04-13,Brentford,Fulham,0,0,2.09,3.63,3.26,1.96,3.75,3.52,dc,0.4727,0.2625,0.2648,0.4702678489442694,0.2622733933573061,0.26745875769842464
ENG,E0,2526,2026-04-18,2026-04-13,Leeds,Wolves,3,0,1.6,3.93,5.5,1.53,4.11,6.26,dc,0.533,0.2808,0.1862,0.5316853964781777,0.2811227536353266,0.18719184988649587
ENG,E0,2526,2026-04-18,2026-04-13,Newcastle,Bournemouth,1,2,1.96,3.81,3.48,2.18,3.67,3.04,dc,0.3997,0.2583,0.3421,0.3974561472906298,0.2612071781475744,0.34133667456179584
ENG,E0,2526,2026-04-18,2026-04-13,Tottenham,Brighton,2,2,2.68,3.65,2.41,2.93,3.76,2.21,dc,0.2191,0.2767,0.5042,0.21900744678341588,0.272709703071693,0.5082828501448912
ENG,E0,2526,2026-04-18,2026-04-13,Chelsea,Man United,0,1,2.21,3.54,3.07,2.1,3.69,3.21,dc,0.3838,0.2581,0.3581,0.38933468802180177,0.2544399948620088,0.35622531711618954
ENG,E0,2526,2026-04-19,2026-04-13,Nott'm Forest,Burnley,4,1,1.49,4.25,6.32,1.46,4.39,6.84,dc,0.5424,0.2761,0.1815,0.5447070175521266,0.27602172502393735,0.1792712574239361
ENG,E0,2526,2026-04-19,2026-04-13,Man City,Arsenal,2,1,1.82,3.6,4.25,1.84,3.59,4.22,dc,0.3818,0.3028,0.3153,0.3849373862924002,0.3007907945329476,0.3142718191746521
ENG,E0,2526,2026-04-19,2026-04-13,Aston Villa,Sunderland,4,3,1.65,3.78,5.25,1.73,3.66,4.8,dc,0.4592,0.3309,0.21,0.4656731627643092,0.3243403018753744,0.20998653536031625
ENG,E0,2526,2026-04-19,2026-04-13,Everton,Liverpool,1,2,3.11,3.36,2.25,3.2,3.33,2.24,dc,0.3562,0.3002,0.3436,0.3608660187479238,0.2969328744661549,0.34220110678592136
ENG,E1,2526,2026-04-19,2026-04-13,Ipswich,Middlesbrough,2,2,2.21,3.5,3.01,2.24,3.46,3.04,dc,0.4805,0.2772,0.2423,0.47643878616090923,0.2766015961106251,0.24695961772846578
ENG,E0,2526,2026-04-20,2026-04-20,Crystal Palace,West Ham,0,0,2.31,3.21,3.11,2.53,3.33,2.76,dc,0.4293,0.2924,0.2782,0.4281024227032286,0.2921268674469218,0.2797707098498496
ENG,E1,2526,2026-04-21,2026-04-20,Coventry,Portsmouth,5,1,1.64,3.93,4.99,1.52,4.27,5.71,dc,0.6292,0.236,0.1348,0.6305268327104704,0.2341010333354749,0.13537213395405448
ENG,E1,2526,2026-04-21,2026-04-20,Southampton,Bristol City,2,2,1.4,4.67,7.31,1.37,4.96,7.6,dc,0.6373,0.2191,0.1437,0.6351204933930292,0.21903577364470794,0.14584373296226288
ENG,E1,2526,2026-04-21,2026-04-20,QPR,Swansea,1,2,2.26,3.37,3.09,2.24,3.34,3.12,dc,0.3898,0.2782,0.332,0.39219632740652094,0.2769604158332565,0.3308432567602225
ENG,E1,2526,2026-04-21,2026-04-20,Oxford,Wrexham,0,1,2.39,3.28,2.94,2.37,3.25,2.96,dc,0.326,0.2917,0.3823,0.33096508020666154,0.29174957026764503,0.3772853495256935
ENG,E1,2526,2026-04-21,2026-04-20,Norwich,Derby,2,1,2.0,3.54,3.56,2.16,3.46,3.21,dc,0.4152,0.2916,0.2932,0.42635993606538364,0.2849845290617584,0.28865553487285794
ENG,E1,2526,2026-04-21,2026-04-20,Leicester,Hull,2,2,1.94,3.74,3.54,2.11,3.64,3.17,dc,0.3233,0.281,0.3957,0.3299580315962336,0.2793714381739775,0.3906705302297889
ENG,E1,2526,2026-04-21,2026-04-20,West Brom,Watford,3,0,1.77,3.62,4.49,1.69,3.74,4.89,dc,0.3883,0.3298,0.282,0.3878859592106268,0.3296596751774709,0.28245436561190246
ENG,E1,2526,2026-04-21,2026-04-20,Stoke,Millwall,1,3,3.7,3.67,1.92,4.4,3.94,1.71,dc,0.248,0.3178,0.4342,0.2509667150433883,0.31713866093826637,0.4318946240183459
ENG,E0,2526,2026-04-21,2026-04-20,Brighton,Chelsea,3,0,2.44,3.62,2.66,2.28,3.43,3.01,dc,0.4267,0.293,0.2804,0.42908110281634776,0.28909858912229996,0.2818203080613521
ENG,E1,2526,2026-04-22,2026-04-20,Birmingham,Preston,2,1,1.65,3.79,5.04,1.53,4.27,5.65,dc,0.4506,0.3068,0.2426,0.45586899059123515,0.3021685942791471,0.24196241512961777
ENG,E1,2526,2026-04-22,2026-04-20,Middlesbrough,Sheffield Weds,1,0,1.16,7.62,14.22,1.13,8.41,16.22,dc,0.7527,0.1842,0.0631,0.7551106007778724,0.1821743567345277,0.06271504248759992
ENG,E1,2526,2026-04-22,2026-04-20,Sheffield United,Blackburn,1,3,1.76,3.7,4.36,2.0,3.48,3.6,dc,0.5072,0.2988,0.194,0.5169922767092652,0.29257863853149735,0.19042908475923748
ENG,E0,2526,2026-04-22,2026-04-20,Bournemouth,Leeds,2,2,2.02,3.51,3.57,1.83,3.78,4.02,dc,0.4228,0.2809,0.2962,0.4191514838432395,0.28468614262869674,0.2961623735280635
ENG,E1,2526,2026-04-22,2026-04-20,Charlton,Ipswich,1,2,4.74,3.61,1.73,5.81,4.0,1.55,dc,0.2002,0.2905,0.5093,0.19953333940564846,0.2858374546735777,0.5146292059207739
ENG,E0,2526,2026-04-22,2026-04-20,Burnley,Man City,0,1,16.53,8.3,1.14,15.78,8.1,1.15,dc,0.0698,0.1544,0.7758,0.070457394456071,0.1549474020647352,0.7745952034791936
ENG,E0,2526,2026-04-24,2026-04-20,Sunderland,Nott'm Forest,0,5,2.67,3.18,2.66,2.66,3.1,2.75,dc,0.3153,0.3362,0.3485,0.31298374021522946,0.33319696837343893,0.3538192914113318
ENG,E1,2526,2026-04-24,2026-04-20,Leicester,Millwall,1,1,4.15,3.85,1.76,4.17,4.02,1.73,dc,0.2365,0.2907,0.4728,0.2433858815114563,0.2911944486562202,0.46541966983232336
ENG,E1,2526,2026-04-25,2026-04-20,Sheffield United,Preston,2,3,1.62,4.19,4.76,1.57,4.4,4.93,dc,0.5416,0.2601,0.1983,0.5496365265385559,0.25460743316634665,0.1957560402950973
ENG,E1,2526,2026-04-25,2026-04-20,Birmingham,Bristol City,2,1,1.7,3.8,4.64,1.8,3.73,4.03,dc,0.4135,0.3142,0.2723,0.4176440632286227,0.3099967340090988,0.2723592027622786
ENG,E1,2526,2026-04-25,2026-04-20,QPR,Derby,2,3,2.92,3.49,2.26,3.0,3.42,2.26,dc,0.3117,0.2756,0.4128,0.3158788028805057,0.273976075742831,0.41014512137666326
ENG,E1,2526,2026-04-25,2026-04-20,Oxford,Sheffield Weds,4,1,1.43,4.44,6.93,1.53,4.24,5.67,dc,0.579,0.2905,0.1305,0.5787347850783863,0.29080722254584657,0.1304579923757673
ENG,E1,2526,2026-04-25,2026-04-20,Norwich,Swansea,1,1,1.67,3.96,4.63,1.65,4.02,4.73,dc,0.4948,0.2778,0.2273,0.5046190426999414,0.2713861940948258,0.22399476320523268
ENG,E1,2526,2026-04-25,2026-04-20,Stoke,Portsmouth,1,3,2.67,3.28,2.56,2.22,3.39,3.1,dc,0.3828,0.3238,0.2934,0.3848122535667872,0.31931895375946057,0.2958687926737522
ENG,E1,2526,2026-04-25,2026-04-20,West Brom,Ipswich,0,0,3.78,3.6,1.9,3.07,3.3,2.29,dc,0.2433,0.2898,0.4669,0.24330575049339742,0.28958308441604697,0.46711116509055567
ENG,E0,2526,2026-04-25,2026-04-20,Arsenal,Newcastle,1,0,1.45,4.66,6.22,1.38,4.87,7.59,dc,0.6892,0.1956,0.1152,0.6893219706836777,0.19451863526815907,0.11615939404816306
ENG,E1,2526,2026-04-25,2026-04-20,Charlton,Hull,2,1,2.74,3.29,2.5,2.98,3.3,2.33,dc,0.2877,0.3212,0.3912,0.28858863299292237,0.3160190820579207,0.39539228494915685
ENG,E0,2526,2026-04-25,2026-04-20,Wolves,Tottenham,0,1,4.48,3.99,1.7,4.62,4.17,1.64,dc,0.3148,0.294,0.3911,0.31723005403339694,0.29110168792283314,0.3916682580437697
ENG,E0,2526,2026-04-25,2026-04-20,Fulham,Aston Villa,1,0,2.67,3.5,2.47,2.43,3.55,2.7,dc,0.3546,0.2879,0.3575,0.35814907236988947,0.2851429203830168,0.3567080072470938
ENG,E0,2526,2026-04-25,2026-04-20,Liverpool,Crystal Palace,3,1,1.44,4.76,6.31,1.56,4.37,5.21,dc,0.5308,0.2679,0.2013,0.528728099414898,0.2681934230618323,0.20307847752327
ENG,E0,2526,2026-04-25,2026-04-20,West Ham,Everton,2,1,2.38,3.34,2.9,2.42,3.38,2.82,dc,0.3161,0.2978,0.3861,0.31802133202325084,0.294406104166052,0.3875725638106971
ENG,E1,2526,2026-04-25,2026-04-20,Middlesbrough,Watford,5,1,1.42,4.7,6.45,1.55,4.2,5.47,dc,0.5335,0.2788,0.1877,0.5381730087640282,0.2759436918738412,0.18588329936213044
ENG,E1,2526,2026-04-26,2026-04-20,Coventry,Wrexham,3,1,2.12,3.65,3.11,1.89,3.8,3.6,dc,0.6135,0.2155,0.171,0.6153636139515831,0.21552735559153657,0.16910903045688033
ENG,E0,2526,2026-04-27,2026-04-27,Man United,Brentford,2,1,1.84,3.82,3.84,1.96,3.73,3.53,dc,0.4807,0.2561,0.2631,0.48000623141786664,0.25562562079334034,0.2643681477887929
ENG,E1,2526,2026-04-28,2026-04-27,Southampton,Ipswich,2,2,2.18,3.5,3.08,2.13,3.56,3.14,dc,0.4499,0.2564,0.2937,0.4478561448671565,0.2568970167227518,0.2952468384100918
ENG,E0,2526,2026-05-01,2026-04-27,Leeds,Burnley,3,1,1.34,5.09,8.57,1.36,4.93,8.54,dc,0.6352,0.2233,0.1415,0.6365456550669837,0.22352390603542524,0.13993043889759127
ENG,E1,2526,2026-05-02,2026-04-27,Watford,Coventry,0,4,3.28,3.87,1.99,2.79,3.63,2.3,dc,0.1484,0.2284,0.6232,0.14893443456122704,0.22991491545850756,0.6211506499802654
ENG,E1,2526,2026-05-02,2026-04-27,Swansea,Charlton,3,1,1.75,3.8,4.28,1.76,3.78,4.17,dc,0.455,0.3162,0.2288,0.4590327230881093,0.310868892106027,0.23009838480586395
ENG,E1,2526,2026-05-02,2026-04-27,Sheffield Weds,West Brom,2,1,5.79,4.46,1.49,4.91,3.83,1.66,dc,0.1456,0.3012,0.5532,0.1474268441103866,0.30317302785352607,0.5494001280360872
ENG,E1,2526,2026-05-02,2026-04-27,Preston,Southampton,1,3,3.13,3.82,2.05,3.59,3.92,1.87,dc,0.2072,0.2405,0.5523,0.20987489763475276,0.24032074911530657,0.5498043532499408
ENG,E1,2526,2026-05-02,2026-04-27,Portsmouth,Birmingham,1,1,2.41,3.47,2.73,3.49,3.56,1.99,dc,0.3391,0.3094,0.3515,0.3419535395284222,0.3040366564192514,0.3540098040523261
ENG,E1,2526,2026-05-02,2026-04-27,Derby,Sheffield United,1,2,1.81,3.8,3.94,1.96,3.72,3.45,dc,0.4736,0.2606,0.2658,0.46924157674593625,0.25740690001864275,0.2733515232354211
ENG,E1,2526,2026-05-02,2026-04-27,Ipswich,QPR,3,0,1.27,5.67,9.84,1.23,6.24,10.42,dc,0.6271,0.2127,0.1603,0.6255775975737666,0.2141565086459912,0.16026589378024206
ENG,E1,2526,2026-05-02,2026-04-27,Hull,Norwich,2,1,1.83,3.86,3.82,2.04,3.81,3.15,dc,0.3309,0.2812,0.3879,0.33045095227809845,0.2781998874445395,0.39134916027736216
ENG,E1,2526,2026-05-02,2026-04-27,Bristol City,Stoke,2,0,1.94,3.76,3.48,1.94,3.7,3.57,dc,0.4472,0.2943,0.2585,0.4494584158513109,0.2927098096625851,0.2578317744861037
ENG,E1,2526,2026-05-02,2026-04-27,Blackburn,Leicester,0,1,2.15,3.53,3.11,2.08,3.58,3.21,dc,0.3964,0.3211,0.2826,0.3942341771657842,0.3195155802711977,0.286250242563018
ENG,E1,2526,2026-05-02,2026-04-27,Millwall,Oxford,2,0,1.34,5.01,8.18,1.35,5.08,7.79,dc,0.5342,0.2928,0.1729,0.5279218445971369,0.2945681847018532,0.17750997070101038
ENG,E1,2526,2026-05-02,2026-04-27,Wrexham,Middlesbrough,2,2,2.61,3.65,2.42,3.01,3.7,2.14,dc,0.311,0.2665,0.4224,0.30628326737111383,0.2634069786308954,0.43030975399799054
ENG,E0,2526,2026-05-02,2026-04-27,Arsenal,Fulham,3,0,1.44,4.39,7.0,1.45,4.42,7.02,dc,0.626,0.2444,0.1296,0.6270491761964689,0.24207871493339408,0.13087210887013703
ENG,E0,2526,2026-05-02,2026-04-27,Brentford,West Ham,3,0,1.91,3.77,3.62,1.86,3.86,3.8,dc,0.4917,0.2595,0.2489,0.4881928987362741,0.2619351134333883,0.24987198783033762
ENG,E0,2526,2026-05-02,2026-04-27,Newcastle,Brighton,3,1,2.5,3.6,2.6,2.66,3.6,2.46,dc,0.298,0.2812,0.4207,0.2972891690393125,0.27860447209979305,0.4241063588608944
ENG,E0,2526,2026-05-02,2026-04-27,Wolves,Sunderland,1,1,3.24,3.35,2.18,3.67,3.52,1.98,dc,0.2923,0.3314,0.3763,0.29923314105579746,0.32781146131207006,0.3729553976321325
ENG,E0,2526,2026-05-03,2026-04-27,Bournemouth,Crystal Palace,3,0,1.58,4.16,5.2,1.56,4.23,5.36,dc,0.4729,0.2819,0.2453,0.47080506420049084,0.28534689338036484,0.24384804241914432
ENG,E0,2526,2026-05-03,2026-04-27,Man United,Liverpool,3,2,2.29,3.73,2.76,2.35,3.71,2.74,dc,0.395,0.2543,0.3508,0.3973273737315246,0.2512748829948567,0.3513977432736186
ENG,E0,2526,2026-05-03,2026-04-27,Aston Villa,Tottenham,1,2,2.1,3.59,3.21,2.24,3.54,2.99,dc,0.5595,0.2439,0.1967,0.5641235230006829,0.24010470437830106,0.1957717726210162
ENG,E0,2526,2026-05-04,2026-05-04,Chelsea,Nott'm Forest,1,3,1.68,3.93,4.65,1.41,4.78,7.11,dc,0.3642,0.2848,0.351,0.364561416527095,0.28328260861755533,0.35215597485534966
ENG,E0,2526,2026-05-04,2026-05-04,Everton,Man City,3,3,6.38,4.63,1.44,6.69,4.61,1.44,dc,0.1972,0.2894,0.5134,0.1988018123788544,0.286733876559727,0.5144643110614185
ENG,E0,2526,2026-05-09,2026-05-04,Man City,Brentford,3,0,1.35,5.51,7.23,1.34,5.57,7.32,dc,0.6193,0.235,0.1456,0.6158088006696908,0.23697101647969257,0.14722018285061672
ENG,E0,2526,2026-05-09,2026-05-04,Sunderland,Man United,0,0,3.93,3.7,1.86,3.21,3.51,2.15,dc,0.2069,0.2621,0.531,0.20792641279900162,0.25751573580602954,0.5345578513949687
ENG,E0,2526,2026-05-09,2026-05-04,Fulham,Bournemouth,0,1,2.68,3.66,2.39,2.63,3.6,2.47,dc,0.3387,0.2847,0.3765,0.33652934010803154,0.2854649780284108,0.3780056818635575
ENG,E0,2526,2026-05-09,2026-05-04,Brighton,Wolves,3,0,1.27,5.88,9.98,1.27,5.95,9.93,dc,0.6664,0.2284,0.1052,0.6684529498344336,0.22594147560994404,0.10560557455562235
ENG,E0,2526,2026-05-09,2026-05-04,Liverpool,Chelsea,1,1,1.82,3.95,3.81,1.99,3.69,3.48,dc,0.5384,0.2355,0.2261,0.5331684430400465,0.23535438931127475,0.23147716764867884
ENG,E0,2526,2026-05-10,2026-05-04,West Ham,Arsenal,0,1,5.29,4.09,1.58,5.83,4.14,1.54,dc,0.1305,0.2269,0.6426,0.1326247329888884,0.22711125977546218,0.6402640072356494
ENG,E0,2526,2026-05-10,2026-05-04,Crystal Palace,Everton,2,2,2.71,3.26,2.56,2.78,3.25,2.54,dc,0.2986,0.3295,0.372,0.29701646695569855,0.32878913738476023,0.37419439565954127
ENG,E0,2526,2026-05-10,2026-05-04,Burnley,Aston Villa,2,2,5.34,4.09,1.58,6.34,4.42,1.48,dc,0.2169,0.257,0.526,0.21626548775134025,0.2553506141305616,0.5283838981180982
ENG,E0,2526,2026-05-10,2026-05-04,Nott'm Forest,Newcastle,1,1,2.58,3.48,2.56,3.27,3.44,2.15,dc,0.4704,0.2654,0.2642,0.474454048041377,0.2638403410761582,0.2617056108824649
ENG,E0,2526,2026-05-11,2026-05-11,Tottenham,Leeds,1,1,1.82,3.82,3.92,1.81,3.73,4.15,dc,0.3071,0.2736,0.4193,0.3080455826969364,0.27247185357131687,0.4194825637317467
ENG,E0,2526,2026-05-13,2026-05-11,Man City,Crystal Palace,3,0,1.19,7.03,12.75,1.3,5.7,8.53,dc,0.7267,0.1886,0.0848,0.7266404947175019,0.18846026848741654,0.0848992367950814
ENG,E0,2526,2026-05-15,2026-05-11,Aston Villa,Liverpool,4,2,2.76,3.44,2.43,2.68,3.42,2.5,dc,0.3267,0.26,0.4133,0.3315490346322347,0.2581030516223411,0.4103479137454241
ENG,E0,2526,2026-05-17,2026-05-11,Newcastle,West Ham,3,1,2.05,3.78,3.15,2.05,3.81,3.15,dc,0.5183,0.2547,0.227,0.5203841104889415,0.2532081601166996,0.22640772939435877
ENG,E0,2526,2026-05-17,2026-05-11,Wolves,Fulham,1,1,3.68,3.78,1.87,4.03,3.63,1.84,dc,0.2144,0.3164,0.4692,0.2169528223013706,0.313671782449984,0.4693753952486455
ENG,E0,2526,2026-05-17,2026-05-11,Everton,Sunderland,1,3,1.81,3.63,4.18,1.84,3.58,4.13,dc,0.5393,0.28,0.1807,0.5437657947215547,0.2765261049973125,0.1797081002811326
ENG,E0,2526,2026-05-17,2026-05-11,Brentford,Crystal Palace,2,2,1.71,4.09,4.17,1.72,3.9,4.41,dc,0.5116,0.275,0.2134,0.5093432128618077,0.27808353756219345,0.21257324957599866
ENG,E0,2526,2026-05-17,2026-05-11,Man United,Nott'm Forest,3,2,1.58,4.23,4.94,1.56,4.42,5.12,dc,0.4359,0.2764,0.2877,0.43165561013781545,0.27557798451237264,0.29276640534981185
ENG,E0,2526,2026-05-17,2026-05-11,Leeds,Brighton,1,0,3.09,3.57,2.14,3.43,3.48,2.04,dc,0.3483,0.2916,0.3602,0.34767736858619014,0.2910298200542056,0.36129281135960434
ENG,E0,2526,2026-05-18,2026-05-18,Arsenal,Burnley,1,0,1.08,10.12,22.13,1.09,10.11,22.69,dc,0.8403,0.1213,0.0384,0.8378849094061432,0.12256729688022662,0.03954779371362981
ENG,E0,2526,2026-05-19,2026-05-18,Bournemouth,Man City,1,1,4.42,4.27,1.66,4.62,4.24,1.63,dc,0.2247,0.2614,0.5139,0.22721226977459102,0.26216944960380767,0.5106182806216015
ENG,E0,2526,2026-05-19,2026-05-18,Chelsea,Tottenham,2,1,1.9,3.64,3.76,2.19,3.28,3.25,dc,0.506,0.2598,0.2342,0.509774960159255,0.25627896391809507,0.23394607592264988
ENG,E0,2526,2026-05-24,2026-05-18,Crystal Palace,Arsenal,1,2,4.13,3.86,1.76,3.97,3.66,1.86,dc,0.125,0.2515,0.6234,0.12553516408668577,0.2521967460506785,0.6222680898626358
ENG,E0,2526,2026-05-24,2026-05-18,Fulham,Newcastle,2,0,2.82,3.66,2.27,2.54,3.63,2.53,dc,0.3396,0.2939,0.3665,0.33987960265472006,0.29129251460626276,0.36882788273901734
ENG,E0,2526,2026-05-24,2026-05-18,Liverpool,Brentford,1,1,1.8,4.09,3.73,1.77,4.06,3.96,dc,0.4928,0.2411,0.2661,0.49037444873430086,0.24218136442163585,0.2674441868440631
ENG,E0,2526,2026-05-24,2026-05-18,Man City,Aston Villa,1,2,1.28,5.93,8.39,1.39,5.15,6.71,dc,0.6931,0.1927,0.1142,0.6921804313670091,0.191626522109522,0.11619304652346886
ENG,E0,2526,2026-05-24,2026-05-18,Brighton,Man United,0,3,1.86,3.98,3.58,1.87,4.08,3.49,dc,0.3965,0.2827,0.3208,0.40381817622813937,0.2795835665742363,0.31659825719762424
ENG,E0,2526,2026-05-24,2026-05-18,Nott'm Forest,Bournemouth,1,1,3.19,3.72,2.05,3.54,3.7,1.96,dc,0.4192,0.2759,0.3049,0.4221544959790648,0.27669231877929434,0.30115318524164086
ENG,E0,2526,2026-05-24,2026-05-18,Sunderland,Chelsea,2,1,3.47,3.59,1.99,3.39,3.65,2.03,dc,0.3285,0.3045,0.3669,0.3264101584852889,0.30219169064231055,0.3713981508724004
ENG,E0,2526,2026-05-24,2026-05-18,Burnley,Wolves,1,1,2.36,3.5,2.77,2.39,3.42,2.82,dc,0.446,0.2983,0.2557,0.4459777015130067,0.2974021966186555,0.2566201018683378
ENG,E0,2526,2026-05-24,2026-05-18,West Ham,Leeds,3,0,1.82,3.9,3.75,1.7,4.11,4.35,dc,0.289,0.2903,0.4207,0.28843740984868504,0.2904417869482958,0.4211208032030192
ENG,E0,2526,2026-05-24,2026-05-18,Tottenham,Everton,1,0,1.89,3.63,3.78,1.87,3.48,4.1,dc,0.3393,0.278,0.3827,0.3436703612687846,0.2748284178970211,0.38150122083419435
