ts,o,h,l,c,v
1791498540,0.00011600850816709798,0.00011761543489002792,0.00011600850816709798,0.00011761543489002792,19.62354526322725
1791498600,0.00011761543489002792,0.00011809426875351732,0.00011624223843789683,0.00011624223843789683,59.827918899219775
1791498660,0.00011624223843789683,0.00011624223843789683,0.00011581524908315261,0.00011581524908315261,11.919086467575674
1791498720,0.00011581524908315261,0.00011758285910971746,0.00011547953555610325,0.00011758285910971746,144.4396267057361
1791498780,0.00011758285910971746,0.00011758285910971746,0.0001165485752869701,0.0001165485752869701,11.981185849392432
1791498840,0.0001165485752869701,0.0001165485752869701,0.00011423697551471451,0.00011423697551471451,156.17574907198718
1791498900,0.00011423697551471451,0.00011423697551471451,0.00011034371386585919,0.00011034371386585919,219.79399814593907
1791498960,0.00011034371386585919,0.00011140446323924429,0.00010977031808305667,0.00010977031808305667,8.492473675726224
1791499080,0.00010977031808305667,0.0001115858303660288,0.00010977031808305667,0.00011018834034428782,35.84813088732747
1791499140,0.00011018834034428782,0.00011018834034428782,0.00010956780960781735,0.00010956780960781735,78.32097989656863
1791499200,0.00010956780960781735,0.00010956780960781735,0.0001090515823952545,0.0001090515823952545,3.30525045205733
1791499260,0.0001090515823952545,0.00011069382606340796,0.0001090515823952545,0.00011069382606340796,11.190691519728588
1791499320,0.00011069382606340796,0.00011069382606340796,0.00010803670659457298,0.00011061992480547166,245.59541501285463
1791499380,0.00011061992480547166,0.0001117864225530977,0.00010989008439734216,0.0001117864225530977,50.11224992820398
1791499440,0.0001117864225530977,0.0001117864225530977,0.00010942788577006974,0.00011161723548739682,125.73345158753285
1791499500,0.00011161723548739682,0.00011161723548739682,0.00011011459896032801,0.0001115348135606978,122.88224764369888
1791499560,0.0001115348135606978,0.0001115348135606978,0.00011015876808460109,0.00011016652970593137,11.170329624436006
1791499620,0.00011016652970593137,0.00011016652970593137,0.00010622252277399258,0.00010622252277399258,295.8248583697002
1791499680,0.00010622252277399258,0.00010767971738406971,0.00010622252277399258,0.00010767971738406971,0.08668081206862668
1791499740,0.00010767971738406971,0.00010767971738406971,9.468786128090117e-05,9.468786128090117e-05,1149.5978040511973
1791499800,9.468786128090117e-05,9.468786128090117e-05,9.16697037469003e-05,9.316736634552499e-05,29.902902281471018
1791499860,9.316736634552499e-05,9.316736634552499e-05,8.12177650182047e-05,8.609923321562218e-05,780.6574153771251
1791499920,8.609923321562218e-05,8.689002336988592e-05,8.565373463472854e-05,8.68847391049779e-05,35.11128226284703
1791499980,8.68847391049779e-05,8.767995800763123e-05,8.367376275598807e-05,8.419815968718902e-05,753.7201245276592
1791500040,8.419815968718902e-05,8.452820417142975e-05,7.744793875319517e-05,8.179880323651942e-05,1373.6210532873508
1791500100,8.179880323651942e-05,8.183894626703777e-05,6.183841674738257e-05,7.30944646180026e-05,2726.576821612244
1791500160,7.30944646180026e-05,7.36611569752328e-05,5.825959601799488e-05,6.581364080470609e-05,1928.151457102435
1791500220,6.581364080470609e-05,7.216612277935469e-05,6.581364080470609e-05,7.216612277935469e-05,532.6492115905146
1791500280,7.216612277935469e-05,7.297926316812498e-05,7.109301012406773e-05,7.131319628466623e-05,264.8017603436986
1791500340,7.131319628466623e-05,7.131319628466623e-05,6.563042570430984e-05,6.563042570430984e-05,532.9646506462108
1791500400,6.563042570430984e-05,6.820533842717868e-05,6.454092984697019e-05,6.728301851367972e-05,256.4825649591009
1791500460,6.728301851367972e-05,7.4456901402405e-05,6.728301851367972e-05,7.134028347327422e-05,1532.780030014579
1791500520,7.134028347327422e-05,7.139095132478016e-05,7.010071279402289e-05,7.010071279402289e-05,32.65211440470992
1791500580,7.010071279402289e-05,7.238786961240831e-05,7.010071279402289e-05,7.010253009063359e-05,193.3982866640041
1791500640,7.010253009063359e-05,7.010253009063359e-05,6.698732600446324e-05,6.843480426964454e-05,317.1787805031322
1791500700,6.843480426964454e-05,6.995934672238069e-05,6.723551851412743e-05,6.89710507400033e-05,216.54045760911526
1791500760,6.89710507400033e-05,7.008698937549073e-05,6.89710507400033e-05,7.008698937549073e-05,20.726190495989975
1791500820,7.008698937549073e-05,7.010564084088702e-05,6.917936505371994e-05,7.010564084088702e-05,2.301667953243846
1791500880,7.010564084088702e-05,7.184687756740767e-05,7.010564084088702e-05,7.152148131508187e-05,297.4475659664537
1791500940,7.152148131508187e-05,7.245856300332293e-05,6.907025925652051e-05,6.952019922536713e-05,299.92461208197244
1791501000,6.952019922536713e-05,7.046073693818563e-05,6.947067912773447e-05,7.046073693818563e-05,14.711968981313236
1791501060,7.046073693818563e-05,7.064220228281316e-05,6.950312465701991e-05,6.950312465701991e-05,22.883330977974314
1791501120,6.950312465701991e-05,6.950836827571059e-05,6.93173998407047e-05,6.93173998407047e-05,7.783814803107278
1791501180,6.93173998407047e-05,7.104343912935667e-05,6.93173998407047e-05,7.002405473829935e-05,72.68534796447801
1791501240,7.002405473829935e-05,7.056897273143223e-05,6.997477461171786e-05,7.056897273143223e-05,164.81954755068676
1791501300,7.056897273143223e-05,7.190297919681936e-05,7.056897273143223e-05,7.084899068043487e-05,30.49343817230667
1791501360,7.084899068043487e-05,7.084899068043487e-05,6.820734359795431e-05,6.820734359795431e-05,287.91980264357574
1791501420,6.820734359795431e-05,6.862064864385418e-05,6.696530706056966e-05,6.719559074256772e-05,235.52646123403986
1791501480,6.719559074256772e-05,6.815475523464395e-05,6.71390673670277e-05,6.815475523464395e-05,36.560456663159286
1791501600,6.815475523464395e-05,6.815475523464395e-05,6.35252648624974e-05,6.35252648624974e-05,24.72278547974435
1791501660,6.35252648624974e-05,6.763129449621488e-05,6.321722899504592e-05,6.763129449621488e-05,406.3251172091582
1791501720,6.763129449621488e-05,6.763129449621488e-05,6.558370679785992e-05,6.653530465983237e-05,6.732207550249009
1791501780,6.653530465983237e-05,6.736772298633377e-05,5.813326737840179e-05,6.181037952091099e-05,920.3290727360804
1791501840,6.181037952091099e-05,6.181037952091099e-05,6.154796397799542e-05,6.154796397799542e-05,1.229839203676648
1791501900,6.154796397799542e-05,6.224241259621614e-05,6.136265806643134e-05,6.136265806643134e-05,18.668917666879892
1791501960,6.136265806643134e-05,6.193442395051791e-05,5.967759691456047e-05,6.099620602380716e-05,838.8884762184416
1791502020,6.099620602380716e-05,6.127815954817273e-05,5.9543634155111794e-05,5.9543634155111794e-05,259.1252836919673
1791502080,5.9543634155111794e-05,5.9543634155111794e-05,5.8609953188305244e-05,5.8609953188305244e-05,48.3610993272432
1791502140,5.8609953188305244e-05,5.8609953188305244e-05,5.852120022504152e-05,5.852120022504152e-05,7.215671172226537
1791502200,5.852120022504152e-05,5.9320312758516135e-05,5.847300047239384e-05,5.9320312758516135e-05,6.099488045533287
1791502260,5.9320312758516135e-05,6.313335261718822e-05,5.9320312758516135e-05,6.312650051940295e-05,621.1314213077846
1791502320,6.312650051940295e-05,6.312650051940295e-05,6.095208333236059e-05,6.185870921864857e-05,145.0346057124992
1791502380,6.185870921864857e-05,6.185870921864857e-05,6.093326885843992e-05,6.17992239672835e-05,50.64362265296418
1791502440,6.17992239672835e-05,6.21687706658697e-05,5.576028989455906e-05,5.734310043550786e-05,986.2748747558406
1791502500,5.734310043550786e-05,5.873401849543173e-05,5.734310043550786e-05,5.7897484742809774e-05,4.407517048231216
1791502560,5.7897484742809774e-05,5.7897484742809774e-05,4.868337765679259e-05,5.541173986902294e-05,1197.0361568628116
1791502620,5.541173986902294e-05,5.541173986902294e-05,5.295276851196302e-05,5.295276851196302e-05,177.8504318165779
1791502680,5.295276851196302e-05,5.406399139961927e-05,5.287302417679699e-05,5.340682901121178e-05,96.97707960894728
1791502740,5.340682901121178e-05,5.437144032576809e-05,5.340682901121178e-05,5.437144032576809e-05,27.131408788037913
1791502800,5.437144032576809e-05,5.450585015511896e-05,5.3296176716598704e-05,5.450585015511896e-05,81.43155209742477
1791502860,5.450585015511896e-05,5.450585015511896e-05,5.370089584849093e-05,5.373657455374397e-05,5.00369530007352
1791502920,5.373657455374397e-05,5.801669564299015e-05,5.35919836006717e-05,5.7465096935443626e-05,372.22218045463256
1791502980,5.7465096935443626e-05,5.8377903917489226e-05,5.7221947880681125e-05,5.8377903917489226e-05,98.911624476233
1791503040,5.8377903917489226e-05,5.9604355183535585e-05,5.766370552855515e-05,5.766370552855515e-05,260.7768525025524
1791503100,5.766370552855515e-05,6.215704375709878e-05,5.766370552855515e-05,6.104578343977153e-05,604.7566191199543
1791503160,6.104578343977153e-05,6.104578343977153e-05,5.883189698994261e-05,5.883189698994261e-05,148.80238829967502
1791503220,5.883189698994261e-05,6.160763997560382e-05,5.883189698994261e-05,6.0760062506530945e-05,284.6174111399497
1791503280,6.0760062506530945e-05,6.079087191570919e-05,5.9385371311541655e-05,5.9385371311541655e-05,141.54898793783718
1791503340,5.9385371311541655e-05,6.115669851590241e-05,5.9385371311541655e-05,6.115669851590241e-05,19.59964939727346
1791503520,6.115669851590241e-05,6.115669851590241e-05,5.801904744643846e-05,5.801904744643846e-05,415.85113675153485
1791503580,5.801904744643846e-05,5.801904744643846e-05,5.424350197840613e-05,5.529479844611569e-05,139.97293107300226
1791503640,5.529479844611569e-05,5.529479844611569e-05,5.430975591981501e-05,5.430975591981501e-05,62.02678914257813
1791503700,5.430975591981501e-05,5.532109691147102e-05,5.430975591981501e-05,5.4539772065411495e-05,71.01530024131917
1791503760,5.4539772065411495e-05,5.4539772065411495e-05,5.434167040548253e-05,5.434167040548253e-05,21.33862708455443
1791503820,5.434167040548253e-05,5.580558504906312e-05,5.434167040548253e-05,5.580558504906312e-05,184.34236436744524
1791503940,5.580558504906312e-05,6.152600595687602e-05,5.580558504906312e-05,6.152600595687602e-05,512.9894857265198
1791504000,6.152600595687602e-05,6.288449120968814e-05,6.152600595687602e-05,6.191770636426615e-05,168.3953586576355
1791504060,6.191770636426615e-05,6.31928215187725e-05,6.163884605286539e-05,6.239146403154376e-05,272.43272702274726
1791504120,6.239146403154376e-05,6.239146403154376e-05,6.0109074210652655e-05,6.139656846474722e-05,316.85112766199853
1791504180,6.139656846474722e-05,6.153228339703133e-05,6.0228887087194296e-05,6.153228339703133e-05,129.77317454862893
1791504240,6.153228339703133e-05,6.205144142850087e-05,6.153228339703133e-05,6.153523845571572e-05,94.089345599249
1791504360,6.153523845571572e-05,6.223002648828039e-05,6.153523845571572e-05,6.223002648828039e-05,53.574662595907704
1791504420,6.223002648828039e-05,6.421315547968916e-05,6.223002648828039e-05,6.421315547968916e-05,185.6042633012049
1791504480,6.421315547968916e-05,6.456583398161158e-05,6.364291571695398e-05,6.449760102082321e-05,34.577011401340464
1791504540,6.449760102082321e-05,6.889140763989679e-05,6.393033863533732e-05,6.716353324578541e-05,351.5076810271336
1791504600,6.716353324578541e-05,6.808628100960176e-05,6.716353324578541e-05,6.808628100960176e-05,10.757518051808178
1791504660,6.808628100960176e-05,6.827246444364485e-05,6.701881874275557e-05,6.827246444364485e-05,79.38200067116439
1791504720,6.827246444364485e-05,6.827246444364485e-05,6.634739327032286e-05,6.634739327032286e-05,110.90449749024935
1791504780,6.634739327032286e-05,6.634739327032286e-05,6.515326547296756e-05,6.515326547296756e-05,197.94938184980285
1791504840,6.515326547296756e-05,6.515326547296756e-05,6.398296295154847e-05,6.398296295154847e-05,19.850080373146323
1791504960,6.398296295154847e-05,6.398296295154847e-05,6.352758860209156e-05,6.352758860209156e-05,43.35229689050273
1791505020,6.352758860209156e-05,6.352758860209156e-05,6.307657536586974e-05,6.307657536586974e-05,34.44614361981302
1791505140,6.307657536586974e-05,6.307657536586974e-05,6.195358660886507e-05,6.195358660886507e-05,32.85414335494274
1791505200,6.195358660886507e-05,6.195358660886507e-05,6.175204364940492e-05,6.175204364940492e-05,11.985548069978666
1791505260,6.175204364940492e-05,6.175204364940492e-05,6.013173783158102e-05,6.059204523401037e-05,160.13055177579298
1791505320,6.059204523401037e-05,6.059204523401037e-05,5.844205318184839e-05,5.844205318184839e-05,197.59233409352794
1791505380,5.844205318184839e-05,5.8878142729582427e-05,5.458855134309718e-05,5.458855134309718e-05,288.800814158603
1791505440,5.458855134309718e-05,5.458855134309718e-05,4.8129217974996505e-05,5.2214513729491014e-05,435.48810104376037
1791505500,5.2214513729491014e-05,5.256516506559394e-05,4.6606727988161954e-05,5.256516506559394e-05,1624.275209698697
1791505560,5.256516506559394e-05,5.256516506559394e-05,5.122796872177415e-05,5.1509130920139765e-05,119.95871615713487
1791505620,5.1509130920139765e-05,5.1509130920139765e-05,5.0667640775804936e-05,5.129961432225136e-05,44.74869855948653
1791505680,5.129961432225136e-05,5.210131836309373e-05,4.93527120654441e-05,4.93527120654441e-05,405.086046134633
1791505740,4.93527120654441e-05,4.93527120654441e-05,4.896400584194751e-05,4.896400584194751e-05,6.3608320556561
1791505800,4.896400584194751e-05,5.257336499025911e-05,4.896400584194751e-05,5.257336499025911e-05,191.55447580382244
1791505860,5.257336499025911e-05,5.2981804455561776e-05,5.244752088535769e-05,5.244752088535769e-05,60.12406521972607
1791505920,5.244752088535769e-05,5.3210855271056485e-05,4.205107057986042e-05,4.6743576374752596e-05,2532.4646124765914
1791505980,4.6743576374752596e-05,4.721739929983635e-05,4.61165156652226e-05,4.721739929983635e-05,131.88835511562743
1791506040,4.721739929983635e-05,4.779288496120394e-05,4.686433737860146e-05,4.742099669272291e-05,116.60269452430173
1791506100,4.742099669272291e-05,4.9968034432061545e-05,4.742099669272291e-05,4.9968034432061545e-05,252.4028798950852
1791506160,4.9968034432061545e-05,4.9968034432061545e-05,4.941828224336921e-05,4.941828224336921e-05,2.9569739361087026
1791506220,4.941828224336921e-05,5.0836339427550254e-05,4.9400078908248237e-05,5.0836339427550254e-05,158.9679606970666
1791506280,5.0836339427550254e-05,5.553800587470002e-05,5.0836339427550254e-05,5.456046778889955e-05,497.85208331066076
1791506340,5.456046778889955e-05,5.5441244663068715e-05,5.4205989805474095e-05,5.516187098410189e-05,110.1744125282869
1791506400,5.516187098410189e-05,6.0292406933605056e-05,5.516187098410189e-05,6.008791596277331e-05,335.15285505732214
1791506460,6.008791596277331e-05,6.008791596277331e-05,5.908713693729971e-05,5.908713693729971e-05,113.44995027140241
1791506520,5.908713693729971e-05,5.908713693729971e-05,5.33739440197945e-05,5.428816835375375e-05,466.24965653672183
1791506580,5.428816835375375e-05,5.5021927107922436e-05,5.369733053718388e-05,5.442180831615846e-05,177.44922784972238
1791506640,5.442180831615846e-05,5.459116579089354e-05,5.442180831615846e-05,5.459116579089354e-05,16.136620901028415
1791506700,5.459116579089354e-05,5.524920158779109e-05,5.459116579089354e-05,5.524920158779109e-05,63.043868761569435
1791506820,5.524920158779109e-05,5.533731295658227e-05,5.43055808038839e-05,5.43055808038839e-05,52.07926240619891
1791506880,5.43055808038839e-05,5.514988418345471e-05,5.4151848977259774e-05,5.4151848977259774e-05,73.9144889412639
1791506940,5.4151848977259774e-05,5.427177285953638e-05,5.410104474933269e-05,5.427177285953638e-05,3.544518424321943
1791507000,5.427177285953638e-05,5.648252151099587e-05,5.427177285953638e-05,5.648252151099587e-05,420.9183196081589
1791507060,5.648252151099587e-05,6.764972271256463e-05,5.648252151099587e-05,6.43899935822465e-05,1389.5657517686304
1791507120,6.43899935822465e-05,6.43899935822465e-05,6.428856329301006e-05,6.428856329301006e-05,1.9857922568681041
1791507180,6.428856329301006e-05,6.428856329301006e-05,6.335992117565611e-05,6.367394223185342e-05,180.31464139837598
1791507240,6.367394223185342e-05,6.367394223185342e-05,6.215770105561434e-05,6.215770105561434e-05,70.94406299992738
1791507300,6.215770105561434e-05,6.305703885871054e-05,6.215770105561434e-05,6.305703885871054e-05,0.4543647422183408
1791507360,6.305703885871054e-05,6.319539439462793e-05,6.305703885871054e-05,6.319539439462793e-05,16.261571452308257
1791507420,6.319539439462793e-05,6.319539439462793e-05,6.16303722566831e-05,6.16303722566831e-05,124.40971007359431
1791507480,6.16303722566831e-05,6.16303722566831e-05,6.084457544377503e-05,6.084457544377503e-05,11.93247212280203
1791507540,6.084457544377503e-05,6.084457544377503e-05,6.0737763080432235e-05,6.0737763080432235e-05,9.155446203052197
1791507600,6.0737763080432235e-05,6.202253655629875e-05,6.0737763080432235e-05,6.202253655629875e-05,61.321408008156496
1791507660,6.202253655629875e-05,6.232998360945337e-05,6.149828895425356e-05,6.149828895425356e-05,22.29235471609795
1791507720,6.149828895425356e-05,6.149828895425356e-05,6.049533761677616e-05,6.049533761677616e-05,181.48601285032848
1791507780,6.049533761677616e-05,6.049533761677616e-05,5.947854334353184e-05,6.0341917391252994e-05,37.052455256835486
1791507900,6.0341917391252994e-05,6.054046321170753e-05,6.0341917391252994e-05,6.054046321170753e-05,18.675013824627644
1791507960,6.054046321170753e-05,6.054046321170753e-05,5.964132453344553e-05,6.0420798528465845e-05,14.980703142119138
1791508020,6.0420798528465845e-05,6.0420798528465845e-05,5.869420281879705e-05,5.869420281879705e-05,87.38357367335121
1791508080,5.869420281879705e-05,5.9063903174092244e-05,5.832963682808339e-05,5.9063903174092244e-05,49.01234482584128
1791508140,5.9063903174092244e-05,5.9063903174092244e-05,5.2044616299035695e-05,5.4225153811271096e-05,982.214985402288
1791508200,5.4225153811271096e-05,5.4924628701915776e-05,5.4225153811271096e-05,5.4924628701915776e-05,65.86284907186638
1791508260,5.4924628701915776e-05,5.632611969917056e-05,5.4025535929971644e-05,5.632611969917056e-05,229.00587365466822
1791508320,5.632611969917056e-05,5.793532106064654e-05,5.632611969917056e-05,5.793532106064654e-05,232.6730591252323
1791508380,5.793532106064654e-05,5.793532106064654e-05,5.758111786625718e-05,5.758111786625718e-05,36.68939943195711
1791508440,5.758111786625718e-05,5.8343048667221146e-05,5.758111786625718e-05,5.8343048667221146e-05,24.26072281843221
1791508500,5.8343048667221146e-05,5.915188436079641e-05,5.8343048667221146e-05,5.8885172385378775e-05,150.25387971362784
1791508560,5.8885172385378775e-05,5.90962411353184e-05,5.8497259579341785e-05,5.90962411353184e-05,62.39932499635238
1791508620,5.90962411353184e-05,5.935258101972806e-05,5.90962411353184e-05,5.935258101972806e-05,53.85949047584429
1791508680,5.935258101972806e-05,5.935258101972806e-05,5.860522005096989e-05,5.860522005096989e-05,36.811212639945
1791508740,5.860522005096989e-05,5.912301828361333e-05,5.83443147617263e-05,5.908377346496096e-05,62.08715262807913
1791508800,5.908377346496096e-05,5.908377346496096e-05,5.8097880132831426e-05,5.889803885532114e-05,22.846827420916583
1791508860,5.889803885532114e-05,5.955687754159306e-05,5.79979376431037e-05,5.955687754159306e-05,114.16329999907069
1791508920,5.955687754159306e-05,5.998858954483221e-05,5.880096615703061e-05,5.998858954483221e-05,59.50976368303986
1791508980,5.998858954483221e-05,6.033723136953994e-05,5.998858954483221e-05,6.033723136953994e-05,6.138814547564521
1791509040,6.033723136953994e-05,6.033723136953994e-05,5.9517005681847055e-05,5.9517005681847055e-05,1.8258545223140212
1791509100,5.9517005681847055e-05,5.9517005681847055e-05,5.9130230859200705e-05,5.9130230859200705e-05,83.24252002136129
1791509160,5.9130230859200705e-05,5.9707878523215414e-05,5.9130230859200705e-05,5.9707878523215414e-05,30.25328256012426
1791509280,5.9707878523215414e-05,6.0051854355470415e-05,5.9707878523215414e-05,6.0051854355470415e-05,27.03500909574789
1791509340,6.0051854355470415e-05,6.156848808560834e-05,6.0051854355470415e-05,6.156848808560834e-05,96.68095084461207
1791509400,6.156848808560834e-05,6.160751172207931e-05,6.156848808560834e-05,6.160751172207931e-05,19.456640155781066
1791509460,6.160751172207931e-05,6.160751172207931e-05,6.0884791756804625e-05,6.0884791756804625e-05,2.435391670272185
1791509520,6.0884791756804625e-05,6.0884791756804625e-05,5.9398506473838166e-05,5.9398506473838166e-05,139.3835174821502
1791509580,5.9398506473838166e-05,5.9398506473838166e-05,5.93072186656789e-05,5.93072186656789e-05,16.382591663634297
1791509640,5.93072186656789e-05,6.0534893179456855e-05,5.93072186656789e-05,6.0534893179456855e-05,82.57374399547007
1791509700,6.0534893179456855e-05,6.6154945966313e-05,6.0534893179456855e-05,6.6154945966313e-05,475.6726572189166
1791509760,6.6154945966313e-05,6.86895072463402e-05,6.610548490786842e-05,6.86895072463402e-05,728.8308650917106
1791509820,6.86895072463402e-05,6.86895072463402e-05,6.855807522020561e-05,6.855807522020561e-05,138.24444870990945
1791509880,6.855807522020561e-05,6.855807522020561e-05,6.740486352844929e-05,6.744419016682478e-05,156.22271109545326
1791509940,6.744419016682478e-05,6.744419016682478e-05,6.309891873808863e-05,6.375901289013332e-05,297.2448919000645
1791510000,6.375901289013332e-05,6.415222986314198e-05,6.375901289013332e-05,6.415222986314198e-05,68.41206106228239
1791510060,6.415222986314198e-05,6.463869739875473e-05,6.374228401607565e-05,6.374228401607565e-05,7.363026904042895
1791510120,6.374228401607565e-05,6.798552289307058e-05,6.374228401607565e-05,6.798552289307058e-05,330.9415650440258
1791510180,6.798552289307058e-05,6.84994138432884e-05,6.73754694228741e-05,6.73754694228741e-05,60.60369811088749
1791510240,6.73754694228741e-05,6.88523377598604e-05,6.73754694228741e-05,6.88523377598604e-05,96.83562759545451
1791510360,6.88523377598604e-05,6.932569064198797e-05,6.71276428812872e-05,6.71276428812872e-05,128.6898083390722
1791510420,6.71276428812872e-05,6.71276428812872e-05,6.688535106994734e-05,6.688535106994734e-05,14.824121279633431
1791510480,6.688535106994734e-05,7.020359164472635e-05,6.688535106994734e-05,7.018065029121451e-05,281.6152306469189
1791510540,7.018065029121451e-05,7.120379467096796e-05,6.842526245254315e-05,6.842526245254315e-05,540.3869631096147
1791510600,6.842526245254315e-05,6.842526245254315e-05,6.667438076616886e-05,6.667438076616886e-05,51.13412926032742
1791510660,6.667438076616886e-05,6.757509438743696e-05,6.667438076616886e-05,6.757509438743696e-05,2.8706452255933965
1791510780,6.757509438743696e-05,6.783369303749158e-05,6.757509438743696e-05,6.783369303749158e-05,48.94614573862208
1791510900,6.783369303749158e-05,6.812101245681087e-05,6.703048796603859e-05,6.812101245681087e-05,39.77137252739548
1791510960,6.812101245681087e-05,6.90987867795484e-05,6.812101245681087e-05,6.90987867795484e-05,156.16570331570796
1791511020,6.90987867795484e-05,6.972387686135606e-05,6.880207112449545e-05,6.972387686135606e-05,38.441472710584804
1791511080,6.972387686135606e-05,6.98510989851539e-05,6.883073239497707e-05,6.98510989851539e-05,6.076084340490798
1791511140,6.98510989851539e-05,7.03143187651975e-05,6.933763741923998e-05,6.933763741923998e-05,66.90491448153978
1791511200,6.933763741923998e-05,6.933763741923998e-05,6.89555245131655e-05,6.89555245131655e-05,52.70863992383322
1791511260,6.89555245131655e-05,6.89555245131655e-05,6.783274014581738e-05,6.783274014581738e-05,6.04892017829048
1791511320,6.783274014581738e-05,6.88572580918597e-05,6.783274014581738e-05,6.88572580918597e-05,13.705319138167498
1791511380,6.88572580918597e-05,6.88572580918597e-05,6.794544858153398e-05,6.794544858153398e-05,13.22636946528256
1791511500,6.794544858153398e-05,6.997956248621534e-05,6.794544858153398e-05,6.997956248621534e-05,111.87121467092771
1791511620,6.997956248621534e-05,6.997956248621534e-05,6.922935559381809e-05,6.922935559381809e-05,2.7980963323204873
1791511740,6.922935559381809e-05,6.922935559381809e-05,6.913334787998382e-05,6.913334787998382e-05,2.9368411072150655
1791511800,6.913334787998382e-05,6.914901127785364e-05,6.913334787998382e-05,6.914901127785364e-05,0.898513336816661
1791511860,6.914901127785364e-05,7.022713342405592e-05,6.880620611704236e-05,6.981136298211351e-05,52.319910375180335
1791511980,6.981136298211351e-05,6.981136298211351e-05,6.875653170279706e-05,6.875653170279706e-05,1.1768648108998154
1791512040,6.875653170279706e-05,6.982207083421448e-05,6.300466349621615e-05,6.300466349621615e-05,197.53434609264158
1791512100,6.300466349621615e-05,6.300466349621615e-05,5.376919266036877e-05,5.6803161742244914e-05,1387.9675213236444
1791512160,5.6803161742244914e-05,5.697715132474085e-05,5.566191149777228e-05,5.566191149777228e-05,143.71305550783555
1791512220,5.566191149777228e-05,5.582829264762983e-05,5.4977469379991694e-05,5.4977469379991694e-05,41.65382990778341
1791512280,5.4977469379991694e-05,5.5350180365010996e-05,5.3388791995725503e-05,5.3388791995725503e-05,144.1434272547652
1791512340,5.3388791995725503e-05,5.3388791995725503e-05,5.22670734967165e-05,5.22670734967165e-05,249.16520235446384
1791512400,5.22670734967165e-05,5.22670734967165e-05,5.048711049563213e-05,5.1225388592477625e-05,74.88805378272822
1791512460,5.1225388592477625e-05,5.1643317587491583e-05,5.09048350556655e-05,5.09048350556655e-05,91.45041576703971
1791512520,5.09048350556655e-05,5.342101614799495e-05,5.09048350556655e-05,5.342101614799495e-05,315.60193443018665
1791512580,5.342101614799495e-05,5.4941880336926e-05,5.245583099059049e-05,5.4941880336926e-05,289.32127189375
1791512640,5.4941880336926e-05,5.8389281339558996e-05,5.4941880336926e-05,5.755052614695992e-05,438.717873634924
1791512700,5.755052614695992e-05,5.755052614695992e-05,5.6356800913862026e-05,5.6560142157639e-05,107.35259351699342
1791512760,5.637325965108361e-05,5.637325965108361e-05,5.606835258901962e-05,5.606835258901962e-05,32.083145271732405
1791512820,5.606835258901962e-05,5.71485004096396e-05,5.566954302052548e-05,5.566954302052548e-05,182.52687132394584
1791512880,5.566954302052548e-05,5.566954302052548e-05,5.480604955951386e-05,5.480604955951386e-05,5.166052668775784
1791512940,5.480604955951386e-05,5.480604955951386e-05,5.47661408972077e-05,5.47661408972077e-05,1.1946426503746885
1791513000,5.47661408972077e-05,5.47661408972077e-05,5.47270143217834e-05,5.47270143217834e-05,1.193013198842961
1791513060,5.47270143217834e-05,5.47270143217834e-05,5.471129565946348e-05,5.471129565946348e-05,1.1918953064547675
1791513120,5.471129565946348e-05,5.474256197587893e-05,5.471129565946348e-05,5.474256197587893e-05,1.1918012740052988
1791513180,5.474256197587893e-05,5.5569628375081165e-05,5.474256197587893e-05,5.474388498821133e-05,38.77255804495906
1791513240,5.474388498821133e-05,5.5545842413904575e-05,5.461463068741553e-05,5.5545842413904575e-05,27.79128810789477
1791513300,5.5545842413904575e-05,5.5545842413904575e-05,5.491903471513072e-05,5.491903471513072e-05,1.1926377919253162
1791513360,5.491903471513072e-05,5.6175377943434615e-05,5.491903471513072e-05,5.573878812608111e-05,92.05144630631406
1791513420,5.573878812608111e-05,5.665160690854528e-05,5.5709900064626005e-05,5.665160690854528e-05,33.63223707954534
1791513480,5.665160690854528e-05,5.665160690854528e-05,5.599124685041075e-05,5.599124685041075e-05,1.2020733181510161
1791513540,5.599124685041075e-05,5.599124685041075e-05,5.595361108254639e-05,5.595361108254639e-05,1.2004844952471552
1791513600,5.595361108254639e-05,5.7038155704404257e-05,5.595361108254639e-05,5.7038155704404257e-05,40.03595632777626
1791513660,5.7038155704404257e-05,5.7038155704404257e-05,5.609151069036167e-05,5.609151069036167e-05,58.722377903409466
1791513720,5.609151069036167e-05,5.609151069036167e-05,5.5640681867330586e-05,5.5640681867330586e-05,54.31082263822092
1791513780,5.5640681867330586e-05,5.5640681867330586e-05,5.5336367129412435e-05,5.5336367129412435e-05,1.192001465241486
1791513840,5.5336367129412435e-05,5.536059692867245e-05,5.5336367129412435e-05,5.536059692867245e-05,4.132241896256657
1791513900,5.536059692867245e-05,5.536059692867245e-05,5.5250252100924976e-05,5.5250252100924976e-05,3.58385086301018
1791513960,5.5250252100924976e-05,5.630026927053317e-05,5.5250252100924976e-05,5.554874839734496e-05,27.864713632894237
1791514020,5.554874839734496e-05,6.0753927903774826e-05,5.554874839734496e-05,5.763325590291273e-05,445.3154395313554
1791514080,5.763325590291273e-05,6.022528681609028e-05,5.763325590291273e-05,6.022528681609028e-05,1.2607505960765388
1791514140,6.022528681609028e-05,6.117410283612341e-05,6.022528681609028e-05,6.117410283612341e-05,12.736338236453562
1791514200,6.117410283612341e-05,6.117410283612341e-05,5.8586373983204584e-05,5.8586373983204584e-05,172.76888899136227
1791514260,5.8586373983204584e-05,5.942024101093506e-05,5.811175603719924e-05,5.823994554873641e-05,67.78549539522744
1791514320,5.823994554873641e-05,5.945264945082215e-05,5.823994554873641e-05,5.945264945082215e-05,60.59716494376225
1791514380,5.945264945082215e-05,5.9884692082841256e-05,5.900140946076457e-05,5.903626255245606e-05,10.12445667172991
1791514440,5.903626255245606e-05,5.9840252609341413e-05,5.903626255245606e-05,5.9840252609341413e-05,17.681170756978585
1791514500,5.9840252609341413e-05,5.9840252609341413e-05,5.901839622245383e-05,5.901839622245383e-05,3.231304978893902
1791514560,5.901839622245383e-05,5.901839622245383e-05,5.897492615591873e-05,5.897492615591873e-05,1.225353994830888
1791514620,5.897492615591873e-05,6.337035487122213e-05,5.897492615591873e-05,6.337035487122213e-05,495.7316819493609
1791514680,6.337035487122213e-05,6.398312660963331e-05,6.290292480770686e-05,6.290292480770686e-05,41.38798255819945
1791514740,6.290292480770686e-05,6.530605412007984e-05,6.290292480770686e-05,6.491103608305454e-05,216.95277580030682
1791514800,6.491103608305454e-05,6.903341358591008e-05,6.491103608305454e-05,6.817744770554819e-05,270.35897632476406
1791514860,6.817744770554819e-05,6.923435752885535e-05,6.816296631278434e-05,6.923435752885535e-05,22.672098831643915
1791514920,6.923435752885535e-05,7.403997840293209e-05,6.923435752885535e-05,7.322799829493831e-05,1309.6919941686122
1791514980,7.322799829493831e-05,7.322799829493831e-05,6.921787146112173e-05,6.963895168973957e-05,199.08771668915327
1791515040,6.963895168973957e-05,7.07375811620622e-05,6.9537028848139e-05,6.979670157165013e-05,47.343081447626986
1791515100,6.979670157165013e-05,6.985354585361546e-05,6.976225335341572e-05,6.976225335341572e-05,6.416186568059552
1791515160,6.976225335341572e-05,6.988644024051422e-05,6.968797525185216e-05,6.968797525185216e-05,36.058144966118796
1791515220,6.968797525185216e-05,6.968797525185216e-05,6.92508171981263e-05,6.925132914944647e-05,40.31803397445369
1791515280,6.925132914944647e-05,7.075299226033445e-05,6.925132914944647e-05,6.97661770070372e-05,53.28023718467837
1791515340,6.97661770070372e-05,7.237691166471059e-05,6.97661770070372e-05,7.237691166471059e-05,427.2491160183034
1791515400,7.237691166471059e-05,7.364792090150445e-05,7.213875032909193e-05,7.261505627116635e-05,132.55223691188107
1791515460,7.261505627116635e-05,7.468391474667488e-05,7.261505627116635e-05,7.468391474667488e-05,118.41603804763837
1791515520,7.468391474667488e-05,7.503486288260913e-05,7.30378782376952e-05,7.40338245410926e-05,97.5622046952128
1791515580,7.40338245410926e-05,7.55124500055592e-05,7.361176144620378e-05,7.55124500055592e-05,154.21809444838462
1791515640,7.55124500055592e-05,7.621995653233749e-05,7.463768118437555e-05,7.565017000644098e-05,90.03093619612791
1791515700,7.565017000644098e-05,7.739480117342822e-05,7.46270281330012e-05,7.46270281330012e-05,343.8348664711311
1791515760,7.46270281330012e-05,7.46270281330012e-05,7.215759683470188e-05,7.215759683470188e-05,400.39718649185403
1791515820,7.215759683470188e-05,7.215759683470188e-05,7.009830729807133e-05,7.096877748142053e-05,96.67611601453791
1791515880,7.096877748142053e-05,7.096877748142053e-05,7.07801816763988e-05,7.07801816763988e-05,14.482491421143859
1791515940,7.07801816763988e-05,7.079632894499249e-05,7.07801816763988e-05,7.079632894499249e-05,1.2929974910866033
1791516000,7.079632894499249e-05,7.206601760552175e-05,7.079632894499249e-05,7.126153470270488e-05,39.33269694093266
1791516060,7.126153470270488e-05,7.126153470270488e-05,7.126041343461164e-05,7.126041343461164e-05,1.2960233727007344
1791516120,7.126041343461164e-05,7.130671658675038e-05,7.126041343461164e-05,7.130671658675038e-05,1.2960225321598873
1791516180,7.130671658675038e-05,7.272736946689405e-05,7.057533545582244e-05,7.057533545582244e-05,238.13187166423657
1791516240,7.057533545582244e-05,7.168230273318418e-05,7.042996439612779e-05,7.048737255480357e-05,108.8929974660856
1791516300,7.048737255480357e-05,7.048737255480357e-05,7.003841835929764e-05,7.003841835929764e-05,79.5288262840825
1791516360,7.003841835929764e-05,7.003841835929764e-05,6.961325222178287e-05,6.961325222178287e-05,1.2778486102198567
1791516420,6.961325222178287e-05,6.961325222178287e-05,6.955159746397529e-05,6.955159746397529e-05,1.2758869849620396
1791516480,6.955159746397529e-05,6.955159746397529e-05,6.952448896107e-05,6.952448896107e-05,1.274560690662388
1791516540,6.952448896107e-05,7.463454352515678e-05,6.952448896107e-05,7.450364763337336e-05,494.4517063012857
1791516600,7.450364763337336e-05,7.55472598576274e-05,7.322144158598685e-05,7.322144158598685e-05,254.92562362445594
1791516660,7.322144158598685e-05,7.322144158598685e-05,7.109657505438105e-05,7.109657505438105e-05,168.0662116195515
1791516720,7.109657505438105e-05,7.117890204455736e-05,7.109657505438105e-05,7.117890204455736e-05,0.9888879868562166
1791516780,7.117890204455736e-05,7.136045020441376e-05,7.117890204455736e-05,7.136045020441376e-05,28.964227287105587
1791516840,7.136045020441376e-05,7.35071316500838e-05,7.136045020441376e-05,7.30402931490283e-05,212.39858832436147
1791516900,7.30402931490283e-05,7.30402931490283e-05,6.773473227358983e-05,6.832020568747998e-05,513.1207776028966
1791516960,6.832020568747998e-05,6.876068167334087e-05,6.832020568747998e-05,6.876068167334087e-05,34.24686339154758
1791517080,6.876068167334087e-05,6.885618300011618e-05,6.764252113965477e-05,6.764252113965477e-05,57.46840083857847
1791517140,6.764252113965477e-05,6.884550415481275e-05,6.73966531210854e-05,6.884550415481275e-05,245.4566534851126
1791517200,6.884550415481275e-05,7.046906831495136e-05,6.884550415481275e-05,7.046906831495136e-05,49.549559853590395
1791517260,7.046906831495136e-05,7.066919562351925e-05,6.943859285781042e-05,7.035323717881781e-05,46.994769998317736
1791517320,7.035323717881781e-05,7.056172406441403e-05,7.035323717881781e-05,7.056172406441403e-05,33.73411991248256
1791517380,7.056172406441403e-05,7.056172406441403e-05,6.97467145571674e-05,6.97467145571674e-05,5.204114806238242
1791517440,6.97467145571674e-05,7.075538871015558e-05,6.97467145571674e-05,7.075538871015558e-05,9.84614980742259
1791517500,7.075538871015558e-05,8.125509514548574e-05,7.075538871015558e-05,8.125509514548574e-05,1001.2199150223024
1791517560,8.125509514548574e-05,8.25035609859813e-05,7.95948052011408e-05,8.047784895963748e-05,289.31137411108443
1791517620,8.047784895963748e-05,8.047784895963748e-05,7.920851472177785e-05,8.031794079954603e-05,42.4644172746358
1791517680,8.031794079954603e-05,8.167617230595546e-05,8.031794079954603e-05,8.167617230595546e-05,105.71000936867888
1791517740,8.167617230595546e-05,8.24768677174695e-05,8.167617230595546e-05,8.24768677174695e-05,13.240625920478434
1791517800,8.24768677174695e-05,8.256815157486125e-05,8.110386401264863e-05,8.197511058893693e-05,62.33573065400121
1791517860,8.197511058893693e-05,8.197511058893693e-05,7.388880309347481e-05,7.388880309347481e-05,610.0829094608915
1791517920,7.388880309347481e-05,7.450358955758927e-05,7.341198009160708e-05,7.450358955758927e-05,42.81429304577673
1791518040,7.450358955758927e-05,7.450358955758927e-05,7.344388572928527e-05,7.344388572928527e-05,4.285407816617715
1791518100,7.344388572928527e-05,7.464660008843199e-05,7.344388572928527e-05,7.464660008843199e-05,21.620327822647877
1791518280,7.464660008843199e-05,7.480341807372897e-05,7.285790980276493e-05,7.285790980276493e-05,91.97848170775558
1791518340,7.285790980276493e-05,7.469982379037126e-05,7.285790980276493e-05,7.365545454968042e-05,86.7795388362298
1791518400,7.365545454968042e-05,7.490807487419744e-05,6.734477590828245e-05,6.734477590828245e-05,167.3788284035778
1791518460,6.734477590828245e-05,6.785822513713586e-05,6.632988648667158e-05,6.785822513713586e-05,111.1898259495514
1791518580,6.785822513713586e-05,6.785822513713586e-05,6.687812298932914e-05,6.687812298932914e-05,81.86424870380736
1791518640,6.687812298932914e-05,6.740135727798861e-05,6.687812298932914e-05,6.740135727798861e-05,9.704434033391065
1791518700,6.740135727798861e-05,6.754966292960341e-05,6.740135727798861e-05,6.754966292960341e-05,17.060280067865666
1791518760,6.754966292960341e-05,6.754966292960341e-05,6.579407724107022e-05,6.597280498638998e-05,156.63497261083182
1791518820,6.597280498638998e-05,6.597280498638998e-05,6.535100362462075e-05,6.535100362462075e-05,1.2516481615010877
1791518880,6.535100362462075e-05,6.535100362462075e-05,6.469714901294007e-05,6.499814550621345e-05,123.98043322709721
1791518940,6.499814550621345e-05,7.576329808177552e-05,6.369799109810621e-05,7.576329808177552e-05,1281.6518632567909
1791519060,7.576329808177552e-05,7.594049170525226e-05,7.576329808177552e-05,7.594049170525226e-05,4.351506055763736
1791519120,7.594049170525226e-05,7.607101870541959e-05,7.594049170525226e-05,7.607101870541959e-05,9.929003679507346
1791519180,7.607101870541959e-05,7.607101870541959e-05,7.364563067543863e-05,7.422079968276435e-05,180.7962043670483
1791519240,7.422079968276435e-05,7.428416149201603e-05,6.69774086325271e-05,6.789968205945675e-05,502.4150430099923
1791519360,6.789968205945675e-05,6.806206480012032e-05,6.538495249847618e-05,6.538495249847618e-05,336.8023513197895
1791519420,6.538495249847618e-05,6.538495249847618e-05,6.305886527429176e-05,6.305886527429176e-05,113.19405291410486
1791519480,6.305886527429176e-05,6.305886527429176e-05,5.8165731806652274e-05,6.116894714810092e-05,958.4436638237548
1791519540,6.116894714810092e-05,6.139094018040733e-05,6.028927234857643e-05,6.028927234857643e-05,62.403727422381955
1791519600,6.028927234857643e-05,6.028927234857643e-05,5.906545591153563e-05,6.007357084719837e-05,181.62266030469215
1791519660,6.007357084719837e-05,6.052704473814278e-05,5.9207382441482086e-05,5.961988444891961e-05,150.63400105355288
1791519720,5.961988444891961e-05,5.961988444891961e-05,5.851694668621571e-05,5.878076193708421e-05,52.2504731706423
1791519780,5.878076193708421e-05,5.995192330132346e-05,5.7242079660797685e-05,5.995192330132346e-05,544.4426903881333
1791519840,5.995192330132346e-05,6.112032997687342e-05,5.995192330132346e-05,6.112032997687342e-05,0.7421242680078713
1791519960,6.112032997687342e-05,6.112032997687342e-05,5.973102079292975e-05,5.973102079292975e-05,37.20687849674551
1791520020,5.973102079292975e-05,5.973102079292975e-05,5.964554443127639e-05,5.964554443127639e-05,2.0487656023554495
1791520080,5.964554443127639e-05,6.039182190088178e-05,5.888178708273843e-05,5.907072435214607e-05,160.65072426547877
1791520140,5.907072435214607e-05,5.938725623888273e-05,5.907072435214607e-05,5.938725623888273e-05,55.871134151639446
1791520200,5.938725623888273e-05,5.9690477849306205e-05,5.938725623888273e-05,5.9690477849306205e-05,4.27327607284675
1791520260,5.9690477849306205e-05,6.027418154516761e-05,5.947681601319564e-05,5.947681601319564e-05,66.64985646326302
1791520320,5.947681601319564e-05,6.040897988142963e-05,5.947681601319564e-05,6.040897988142963e-05,7.286146279201652
1791520380,6.040897988142963e-05,6.040897988142963e-05,5.7988282591727906e-05,5.7988282591727906e-05,173.8125983461575
1791520500,5.7988282591727906e-05,5.878802867107966e-05,5.797427200327501e-05,5.878802867107966e-05,2.3894316350918454
1791520560,5.878802867107966e-05,6.018464428891206e-05,5.8021150257256757e-05,6.018464428891206e-05,285.54963896226997
1791520620,6.018464428891206e-05,7.398654549847642e-05,6.018464428891206e-05,7.398654549847642e-05,1443.0976361625578
1791520680,7.398654549847642e-05,7.398654549847642e-05,7.18661333791037e-05,7.18661333791037e-05,194.12327230717395
1791520740,7.18661333791037e-05,7.18661333791037e-05,7.113092986889421e-05,7.113092986889421e-05,23.065117103936274
1791520800,7.113092986889421e-05,7.113092986889421e-05,6.896793699389619e-05,6.896793699389619e-05,243.66756033278966
1791520860,6.896793699389619e-05,6.926678894483646e-05,6.81366060334906e-05,6.81366060334906e-05,113.2603439987257
1791520980,6.81366060334906e-05,6.81366060334906e-05,6.750975761969001e-05,6.763659312256502e-05,31.668190224305675
1791521040,6.763659312256502e-05,6.763659312256502e-05,6.749201179130881e-05,6.749201179130881e-05,2.452483280462803
1791521100,6.749201179130881e-05,7.070652569437754e-05,6.747506328325171e-05,7.070652569437754e-05,431.0567325815708
1791521160,7.070652569437754e-05,7.366493941729168e-05,7.070652569437754e-05,7.366493941729168e-05,108.72676840573979
1791521220,7.366493941729168e-05,7.448772626752567e-05,7.366493941729168e-05,7.448772626752567e-05,19.992240648744186
1791521280,7.448772626752567e-05,7.448772626752567e-05,7.183176509852322e-05,7.183176509852322e-05,5.444442079176991
1791521340,7.183176509852322e-05,7.183176509852322e-05,7.179782411078273e-05,7.179782411078273e-05,2.8344345002454805
1791521460,7.179782411078273e-05,8.961928275405289e-05,7.179782411078273e-05,8.961928275405289e-05,1925.8421147517042
1791521520,8.961928275405289e-05,8.961928275405289e-05,8.332828052208646e-05,8.381715285510565e-05,464.4809925432322
1791521580,8.381715285510565e-05,8.381715285510565e-05,8.269413419968372e-05,8.269413419968372e-05,192.2562881180964
1791521640,8.269413419968372e-05,8.492426038421566e-05,8.183099795449241e-05,8.323940991020019e-05,455.71706035873154
1791521700,8.323940991020019e-05,8.323940991020019e-05,7.753718779728525e-05,8.155598738066879e-05,936.4972068254827
1791521760,8.155598738066879e-05,8.457712386694925e-05,8.155598738066879e-05,8.369069027163463e-05,486.08607553090604
1791521820,8.369069027163463e-05,8.455971813843846e-05,8.369069027163463e-05,8.455971813843846e-05,34.57973205501042
1791521880,8.455971813843846e-05,8.455971813843846e-05,8.147233227827687e-05,8.238203282780544e-05,207.49434118557014
1791521940,8.238203282780544e-05,8.70011933319066e-05,8.238203282780544e-05,8.70011933319066e-05,436.7386570768971
1791522000,8.70011933319066e-05,8.785018605314825e-05,8.70011933319066e-05,8.785018605314825e-05,18.508564539628985
1791522060,8.785018605314825e-05,8.785018605314825e-05,8.50516249250736e-05,8.50516249250736e-05,170.57112778537356
1791522120,8.50516249250736e-05,8.532601141380504e-05,8.50516249250736e-05,8.532601141380504e-05,19.2530125969817
1791522180,8.532601141380504e-05,8.550147190508134e-05,8.415900494352646e-05,8.550147190508134e-05,43.50633276891863
1791522240,8.550147190508134e-05,8.550147190508134e-05,8.448602758874766e-05,8.448602758874766e-05,6.128616441287755
1791522300,8.448602758874766e-05,8.448602758874766e-05,8.248573979448745e-05,8.248573979448745e-05,198.0191748296228
1791522480,8.248573979448745e-05,8.248573979448745e-05,8.218288925159153e-05,8.218288925159153e-05,1.3239179371627863
1791522540,8.218288925159153e-05,8.218288925159153e-05,8.20841411598341e-05,8.20841411598341e-05,26.386275512393315
1791522780,8.20841411598341e-05,8.20841411598341e-05,8.052494584826858e-05,8.052494584826858e-05,248.3005164030729
1791522840,8.052494584826858e-05,8.052494584826858e-05,7.672100438321504e-05,7.672100438321504e-05,204.04617156042804
1791522900,7.672100438321504e-05,7.783231019804895e-05,7.672100438321504e-05,7.783231019804895e-05,4.343287928977419
1791522960,7.783231019804895e-05,7.783231019804895e-05,7.401159289786278e-05,7.401159289786278e-05,479.91493258247544
1791523020,7.401159289786278e-05,7.401159289786278e-05,7.061986495515453e-05,7.061986495515453e-05,35.22752917542552
1791523080,7.061986495515453e-05,7.235438737545184e-05,7.059658864240478e-05,7.235438737545184e-05,95.29085289618685
1791523140,7.235438737545184e-05,7.235438737545184e-05,7.126302355687898e-05,7.126302355687898e-05,16.363629226061597
1791523200,7.126302355687898e-05,7.22100070681823e-05,7.079641091184188e-05,7.079641091184188e-05,39.912295084891596
1791523260,7.079641091184188e-05,7.079641091184188e-05,7.05690117732857e-05,7.05690117732857e-05,30.18862319826563
1791523320,7.05690117732857e-05,7.05690117732857e-05,6.800358091019388e-05,6.800358091019388e-05,31.70269160750611
1791523380,6.800358091019388e-05,6.843575855538066e-05,6.715365090691582e-05,6.843575855538066e-05,57.332233306456345
1791523440,6.843575855538066e-05,6.895119547525644e-05,6.679736977376391e-05,6.755153617714978e-05,414.09929711213744
1791523500,6.755153617714978e-05,6.755153617714978e-05,6.611121963051385e-05,6.704004647423227e-05,171.7215862969537
1791523560,6.704004647423227e-05,6.912637096174011e-05,6.704004647423227e-05,6.912637096174011e-05,164.40685226263523
1791523620,6.912637096174011e-05,6.91902936879095e-05,6.816503969345589e-05,6.816503969345589e-05,34.75194413980158
1791523680,6.816503969345589e-05,6.904507072140696e-05,6.816503969345589e-05,6.904507072140696e-05,16.402084998928505
1791523740,6.904507072140696e-05,6.986187689485222e-05,6.89637155243662e-05,6.89637155243662e-05,76.87659725247084
1791523800,6.89637155243662e-05,7.0826804881307e-05,6.89637155243662e-05,7.0826804881307e-05,112.71334704071263
1791523860,7.0826804881307e-05,7.121733057981013e-05,7.0826804881307e-05,7.121733057981013e-05,21.76699527618184
1791523920,7.121733057981013e-05,7.121733057981013e-05,6.917210888165553e-05,6.917210888165553e-05,200.23395203128933
1791523980,6.917210888165553e-05,6.917210888165553e-05,6.803827880021158e-05,6.803827880021158e-05,32.90397182960037
1791524220,6.803827880021158e-05,6.978574323285076e-05,6.803827880021158e-05,6.978574323285076e-05,166.4228270544438
1791524340,6.978574323285076e-05,7.075078834818022e-05,6.978574323285076e-05,7.074230319700627e-05,6.5804510899041
1791524400,7.074230319700627e-05,7.074230319700627e-05,6.909758913260813e-05,6.958443221956499e-05,120.73350946851723
1791524460,6.958443221956499e-05,6.958443221956499e-05,6.866695908987192e-05,6.86674700634239e-05,3.29718126367892
1791524520,6.86674700634239e-05,6.974580339043921e-05,6.86674700634239e-05,6.974580339043921e-05,27.342085623666414
1791524580,6.974580339043921e-05,7.25280734547388e-05,6.855625511292514e-05,7.25280734547388e-05,419.4837272591053
1791524640,7.25280734547388e-05,7.307594660654781e-05,7.25280734547388e-05,7.307594660654781e-05,0.013961718118640875
1791524700,7.307594660654781e-05,7.438910738368239e-05,7.307594660654781e-05,7.438910738368239e-05,114.97895310697724
1791524760,7.438910738368239e-05,7.438910738368239e-05,7.32557075181365e-05,7.32557075181365e-05,12.861394754284085
1791524880,7.32557075181365e-05,7.44896370147591e-05,7.32557075181365e-05,7.44896370147591e-05,70.60749762258357
1791524940,7.44896370147591e-05,7.44896370147591e-05,7.235001419128375e-05,7.310698763953347e-05,228.16663698050604
1791525000,7.310698763953347e-05,7.310698763953347e-05,7.225263814866909e-05,7.225263814866909e-05,5.242002075952637
1791525120,7.225263814866909e-05,7.225263814866909e-05,7.192601743781805e-05,7.192601743781805e-05,49.64476837350861
1791525300,7.192601743781805e-05,7.202601969703577e-05,7.192601743781805e-05,7.202601969703577e-05,13.699676481459605
1791525360,7.202601969703577e-05,7.420228585333245e-05,7.202601969703577e-05,7.420228585333245e-05,106.02129294529568
1791525420,7.420228585333245e-05,7.423482956209878e-05,7.315127994433905e-05,7.315127994433905e-05,6.433777557468771
1791525480,7.315127994433905e-05,7.421808461489995e-05,7.315127994433905e-05,7.421808461489995e-05,3.728895369312285
1791525540,7.421808461489995e-05,7.421808461489995e-05,7.314273006489234e-05,7.314273006489234e-05,7.314273012194366
1791525600,7.314273006489234e-05,7.314273006489234e-05,7.297505732100559e-05,7.297505732100559e-05,23.14607159796014
1791525720,7.297505732100559e-05,7.38742224724168e-05,7.297505732100559e-05,7.38742224724168e-05,8.828870923955701
1791525780,7.38742224724168e-05,7.38742224724168e-05,7.294698793931054e-05,7.294698793931054e-05,1.4767559190429729
1791525900,7.294698793931054e-05,7.413816064904841e-05,7.294698793931054e-05,7.413816064904841e-05,25.003634340275042
1791525960,7.413816064904841e-05,7.413816064904841e-05,7.320906887860464e-05,7.320906887860464e-05,7.933738172338034
1791526080,7.320906887860464e-05,7.42517749217586e-05,7.220351328574498e-05,7.220351328574498e-05,189.81501926286202
1791526140,7.220351328574498e-05,7.262266274259299e-05,7.220351328574498e-05,7.262266274259299e-05,65.5771580948849
1791526200,7.262266274259299e-05,7.299378525036444e-05,7.194318870999887e-05,7.299378525036444e-05,15.308303756485861
1791526320,7.299378525036444e-05,7.299378525036444e-05,7.151788818250102e-05,7.151788818250102e-05,115.80320481650078
1791526380,7.151788818250102e-05,7.151788818250102e-05,7.076746015748832e-05,7.076746015748832e-05,63.90193842340767
1791526440,7.076746015748832e-05,7.164680615848317e-05,7.061939817504474e-05,7.164680615848317e-05,16.393628779818762
1791526500,7.164680615848317e-05,7.164680615848317e-05,7.163994921103327e-05,7.163994921103327e-05,2.1860762294011655
1791526560,7.163994921103327e-05,7.163994921103327e-05,7.034679578611059e-05,7.034679578611059e-05,74.54969174770123
1791526620,7.034679578611059e-05,7.034679578611059e-05,7.01689822651842e-05,7.01689822651842e-05,24.388581838919386
1791526680,7.01689822651842e-05,7.053369889960685e-05,6.968925378556808e-05,7.053369889960685e-05,88.44934069182003
1791526800,7.053369889960685e-05,7.053369889960685e-05,7.052101575911416e-05,7.052101575911416e-05,2.9499743291438123
1791526860,7.052101575911416e-05,7.057557061731106e-05,7.052101575911416e-05,7.057557061731106e-05,8.831561292079208
1791526920,7.057557061731106e-05,7.058606846800627e-05,6.965080794450725e-05,7.058606846800627e-05,1.6902693067401764
1791527040,7.058606846800627e-05,7.058606846800627e-05,6.841964679245248e-05,6.841964679245248e-05,214.92406791875513
1791527100,6.841964679245248e-05,8.358848852247147e-05,6.6345592643015e-05,8.320864685178967e-05,1932.2705612225295
1791527160,8.320864685178967e-05,8.544426054153967e-05,8.320864685178967e-05,8.544426054153967e-05,131.1432397451589
1791527220,8.544426054153967e-05,8.544426054153967e-05,8.420971571576375e-05,8.420971571576375e-05,18.780752114092337
1791527280,8.420971571576375e-05,8.48195378797622e-05,8.351262792680632e-05,8.48195378797622e-05,100.24880586914995
1791527340,8.48195378797622e-05,8.55778072861703e-05,8.48195378797622e-05,8.55778072861703e-05,65.89493932686916
1791527400,8.55778072861703e-05,8.597973753064738e-05,8.404845266064351e-05,8.501257803982154e-05,35.86850925822292
1791527460,8.501257803982154e-05,8.537891246295309e-05,8.501257803982154e-05,8.537891246295309e-05,34.709372368060826
1791527520,8.537891246295309e-05,8.586220155488189e-05,8.466767912124628e-05,8.586220155488189e-05,31.99330998857505
1791527580,8.586220155488189e-05,8.586220155488189e-05,8.467429144963081e-05,8.467429144963081e-05,0.10734149410522699
1791527640,8.467429144963081e-05,8.810813492463378e-05,8.467429144963081e-05,8.648424433833812e-05,644.7111900623263
1791527700,8.648424433833812e-05,8.648424433833812e-05,8.603823801418709e-05,8.603823801418709e-05,0.6270667054239051
1791527760,8.603823801418709e-05,8.678692337897691e-05,8.603823801418709e-05,8.678692337897691e-05,64.27819415191345
1791527820,8.678692337897691e-05,8.687224208252776e-05,8.678692337897691e-05,8.687224208252776e-05,2.8834258608968883
1791527880,8.687224208252776e-05,8.720092569788954e-05,8.687224208252776e-05,8.720092569788954e-05,26.45844696046152
1791527940,8.720092569788954e-05,8.743925913684496e-05,8.720092569788954e-05,8.743925913684496e-05,23.988952952034985
1791528000,8.743925913684496e-05,9.311232145302996e-05,8.743925913684496e-05,9.135325248687568e-05,702.652203538969
1791528060,9.135325248687568e-05,9.482960656291891e-05,8.94673244623814e-05,9.180560907304617e-05,929.3595702713003
1791528120,9.180560907304617e-05,9.180560907304617e-05,8.863453867038599e-05,8.863453867038599e-05,166.6341146853182
1791528180,8.863453867038599e-05,8.9752087451189e-05,8.863453867038599e-05,8.9752087451189e-05,10.197463799582746
1791528240,8.9752087451189e-05,8.98325404978975e-05,8.9752087451189e-05,8.98325404978975e-05,0.15799173893530247
1791528300,8.98325404978975e-05,9.336305218735157e-05,8.98325404978975e-05,9.336305218735157e-05,352.87457138754024
1791528360,9.336305218735157e-05,9.853776315650625e-05,9.046245871833567e-05,9.240364850006378e-05,1612.0264792317475
1791528420,9.240364850006378e-05,9.270189293487741e-05,9.151661544938911e-05,9.270189293487741e-05,112.56060085340808
1791528480,9.270189293487741e-05,9.338783411071453e-05,9.174429008606145e-05,9.338783411071453e-05,58.60155434659747
1791528540,9.338783411071453e-05,9.338783411071453e-05,9.20086490044679e-05,9.20086490044679e-05,43.061516936691476
1791528600,9.20086490044679e-05,9.823351161278211e-05,8.998411897776413e-05,9.823351161278211e-05,1175.0691569253336
1791528660,9.823351161278211e-05,0.00010872273536819752,9.823351161278211e-05,0.00010784599325347312,390.810011631404
1791528720,0.00010784599325347312,0.00010831968891920497,0.0001056810226703492,0.00010754506483310469,415.8235958790334
1791528780,0.00010754506483310469,0.00010754506483310469,0.0001036171764467182,0.0001036171764467182,254.67502299185222
1791528840,0.0001036171764467182,0.00010454419576931953,0.00010308743986477736,0.00010454419576931953,53.17797969470678
1791528900,0.00010454419576931953,0.00010682378565004124,0.0001034562010230804,0.0001034562010230804,536.689903380744
1791528960,0.0001034562010230804,0.00010919128477992357,0.0001034562010230804,0.00010769240035609105,356.22369576240544
1791529020,0.00010769240035609105,0.00010937401376246243,0.00010769240035609105,0.00010937401376246243,26.29798577927166
1791529080,0.00010937401376246243,0.00010937401376246243,0.00010745762392599614,0.00010745762392599614,43.79975298178806
1791529140,0.00010745762392599614,0.00010749551316582701,0.00010593805664600019,0.00010593805664600019,132.40897139094434
1791529200,0.00010593805664600019,0.00010736082514220404,8.693645430854443e-05,8.97330053433885e-05,2684.2413951860235
1791529260,8.97330053433885e-05,9.456928500143705e-05,8.787136280960377e-05,9.456928500143705e-05,656.5500568489553
1791529320,9.456928500143705e-05,9.456928500143705e-05,8.90534137651439e-05,9.247853572994248e-05,650.4606463290842
1791529380,9.247853572994248e-05,9.247853572994248e-05,9.111056444210993e-05,9.240755101489757e-05,32.269612386549404
1791529440,9.240755101489757e-05,9.240755101489757e-05,8.42007817251088e-05,8.605991118187595e-05,895.6277986440247
1791529500,8.605991118187595e-05,8.705256493787874e-05,8.605991118187595e-05,8.705256493787874e-05,118.23793882074784
1791529560,8.705256493787874e-05,8.781239870205373e-05,8.653754683649356e-05,8.653754683649356e-05,28.03643710264818
1791529620,8.653754683649356e-05,8.777316502020508e-05,8.653754683649356e-05,8.777316502020508e-05,19.62384221878783
1791529680,8.777316502020508e-05,8.78307098778218e-05,8.777316502020508e-05,8.78307098778218e-05,3.003034652288185
1791529740,8.78307098778218e-05,8.82287816152237e-05,8.78307098778218e-05,8.82287816152237e-05,60.88422596488117
1791529920,8.82287816152237e-05,8.82287816152237e-05,8.437480750115782e-05,8.437480750115782e-05,651.7984129722926
1791529980,8.437480750115782e-05,8.892437669903426e-05,8.437480750115782e-05,8.892437669903426e-05,64.46451419646411
1791530100,8.892437669903426e-05,8.892437669903426e-05,7.755232472044855e-05,8.019977852167753e-05,1553.933202606744
1791530160,8.019977852167753e-05,8.100353589542286e-05,7.822902660774422e-05,7.822902660774422e-05,171.93204172684605
1791530220,7.822902660774422e-05,7.822984246349225e-05,7.822902660774422e-05,7.822984246349225e-05,1.5283438969653764
1791530280,7.822984246349225e-05,7.822984246349225e-05,7.817384156124986e-05,7.817384156124986e-05,8.678030411965565
1791530340,7.817384156124986e-05,7.945707676308685e-05,7.807000022563904e-05,7.945707676308685e-05,62.807638415410224
1791530400,7.945707676308685e-05,8.066852538060153e-05,7.945707676308685e-05,8.048828263332097e-05,165.58718604392269
1791530460,8.048828263332097e-05,8.229599052683065e-05,8.048828263332097e-05,8.229599052683065e-05,53.94600960232568
1791530520,8.229599052683065e-05,8.229599052683065e-05,8.114892380152073e-05,8.114892380152073e-05,1.6823680077232794
1791530580,8.114892380152073e-05,8.114892380152073e-05,8.069328302672979e-05,8.069328302672979e-05,42.046274031185916
1791530640,8.069328302672979e-05,8.069328302672979e-05,7.879545841485024e-05,7.879545841485024e-05,171.83350392959028
1791530700,7.879545841485024e-05,8.009474803978008e-05,7.848817549126904e-05,8.009474803978008e-05,71.55290750064033
1791530760,8.009474803978008e-05,8.553145512678113e-05,7.888154836156375e-05,8.553145512678113e-05,475.61834767089766
1791530820,8.553145512678113e-05,8.553145512678113e-05,8.38040086318473e-05,8.38040086318473e-05,52.740352644593074
1791530880,8.38040086318473e-05,8.38040086318473e-05,7.960282226374227e-05,8.120762562709292e-05,444.2735195715225
1791530940,8.120762562709292e-05,8.181591159943602e-05,8.072483477297729e-05,8.072483477297729e-05,12.43662278420665
1791531000,8.072483477297729e-05,8.072483477297729e-05,8.068994023849898e-05,8.068994023849898e-05,1.5622402086559632
1791531060,8.068994023849898e-05,8.068994023849898e-05,8.063030236287564e-05,8.063030236287564e-05,4.669713826648344
1791531120,8.063030236287564e-05,8.263377692218421e-05,8.063030236287564e-05,8.263377692218421e-05,147.49098396646494
1791531180,8.263377692218421e-05,8.263377692218421e-05,8.249386675292612e-05,8.249386675292612e-05,1.5877293906486714
1791531240,8.249386675292612e-05,8.249386675292612e-05,8.247529066806545e-05,8.247529066806545e-05,1.5874787380461628
1791531300,8.247529066806545e-05,8.540020825097427e-05,8.247529066806545e-05,8.540020825097427e-05,253.20164176193472
1791531360,8.540020825097427e-05,8.540020825097427e-05,8.535498658529485e-05,8.535498658529485e-05,3.7777701736624545
1791531420,8.535498658529485e-05,8.747331822168157e-05,8.535498658529485e-05,8.654275318233592e-05,106.5045856732945
1791531480,8.654275318233592e-05,8.79006426416795e-05,8.043633218723425e-05,8.043633218723425e-05,551.3746072079952
1791531600,8.043633218723425e-05,8.047912182510534e-05,8.043420149926201e-05,8.043420149926201e-05,5.768055058299512
1791531660,8.043420149926201e-05,8.043420149926201e-05,8.034975709193115e-05,8.034975709193115e-05,1.5579463675810818
1791531720,8.034975709193115e-05,8.034975709193115e-05,6.969082803384064e-05,7.530293974997339e-05,1563.5042313871973
1791531780,7.530293974997339e-05,7.537594524258848e-05,7.416086227983466e-05,7.433082165272786e-05,46.70623608043463
1791531840,7.433082165272786e-05,7.542704012780231e-05,7.432420843889112e-05,7.432420843889112e-05,7.806750266297978
1791531900,7.432420843889112e-05,7.537725449179574e-05,6.989107488921211e-05,7.044587786536972e-05,521.8963008675934
1791531960,7.044587786536972e-05,7.659179638764211e-05,7.040272415994168e-05,7.58296049351523e-05,502.03291691217134
1791532020,7.58296049351523e-05,7.987952638582254e-05,7.58296049351523e-05,7.727855082182022e-05,521.8986017872055
1791532080,7.727855082182022e-05,7.844279945602272e-05,7.640832294010377e-05,7.844279945602272e-05,172.2975372882363
1791532140,7.844279945602272e-05,7.896115759359118e-05,7.15487292126127e-05,7.405453397970158e-05,1033.1076815117372
1791532200,7.405453397970158e-05,7.405453397970158e-05,7.106801925226396e-05,7.106801925226396e-05,13.548733722849834
1791532260,7.106801925226396e-05,7.407615164397662e-05,7.106801925226396e-05,7.407615164397662e-05,278.97353278982297
1791532320,7.407615164397662e-05,7.523335442092638e-05,7.407615164397662e-05,7.523335442092638e-05,3.7968610869213384
1791532380,7.523335442092638e-05,7.523335442092638e-05,7.387174618530007e-05,7.387174618530007e-05,56.08389802105418
1791532440,7.387174618530007e-05,7.387174618530007e-05,7.263640720686846e-05,7.263640720686846e-05,90.26100062004468
1791532500,7.263640720686846e-05,7.263640720686846e-05,7.022309352966395e-05,7.022309352966395e-05,293.66004026349174
1791532560,7.022309352966395e-05,7.100486869083636e-05,6.994708704613717e-05,7.09590077059382e-05,19.843310279880924
1791532620,7.09590077059382e-05,7.105362420047442e-05,7.09590077059382e-05,7.105362420047442e-05,17.873851953498967
1791532680,7.105362420047442e-05,7.149551567068461e-05,7.014846926109e-05,7.014846926109e-05,117.38625354477745
1791532740,7.014846926109e-05,7.115473092825102e-05,7.009195264982444e-05,7.099864542255961e-05,18.946507945892737
1791532800,7.099864542255961e-05,7.099864542255961e-05,6.787741097420814e-05,6.814339807499492e-05,304.10185478786013
1791532860,6.814339807499492e-05,6.927421843762812e-05,6.814339807499492e-05,6.927421843762812e-05,152.66591453328087
1791532920,6.927421843762812e-05,7.243222032815574e-05,6.927421843762812e-05,7.243222032815574e-05,79.74994570224091
1791532980,7.243222032815574e-05,7.243222032815574e-05,7.154285168931327e-05,7.154285168931327e-05,41.4948539798017
1791533040,7.154285168931327e-05,7.23705257200723e-05,7.120693623450287e-05,7.120693623450287e-05,47.664898378018464
1791533160,7.120693623450287e-05,7.216101733794117e-05,7.10798755892615e-05,7.10798755892615e-05,39.221807608914055
1791533220,7.10798755892615e-05,7.15258816253826e-05,7.054420289826733e-05,7.15258816253826e-05,40.370317111499936
1791533280,7.15258816253826e-05,7.212493780501335e-05,7.15258816253826e-05,7.212493780501335e-05,65.2405459658846
1791533340,7.212493780501335e-05,7.384971563355632e-05,7.212493780501335e-05,7.301953202226599e-05,386.00754619403796
1791533400,7.301953202226599e-05,7.350329658286355e-05,7.242744417581817e-05,7.350329658286355e-05,48.99170007102061
1791533460,7.350329658286355e-05,7.379931350566377e-05,7.350329658286355e-05,7.379931350566377e-05,28.598022107051246
1791533520,7.379931350566377e-05,7.379931350566377e-05,7.056905134961035e-05,7.056905134961035e-05,382.9777762443353
1791533580,7.056905134961035e-05,7.056905134961035e-05,6.933710502240893e-05,6.933710502240893e-05,12.544285369852526
1791533640,6.933710502240893e-05,6.986012630802332e-05,6.933710502240893e-05,6.986012630802332e-05,21.69687509607266
1791533700,6.986012630802332e-05,7.000807615485706e-05,6.986012630802332e-05,7.000807615485706e-05,11.793411888482304
1791533820,7.000807615485706e-05,7.168250549048195e-05,7.000807615485706e-05,7.168250549048195e-05,150.87290572268626
1791533940,7.168250549048195e-05,8.36298765792545e-05,7.168250549048195e-05,8.36298765792545e-05,1202.7234206380367
1791534000,8.36298765792545e-05,8.721423100384898e-05,8.36298765792545e-05,8.506810511650727e-05,543.467974064994
1791534060,8.506810511650727e-05,8.618918362581556e-05,8.471876735321058e-05,8.471876735321058e-05,169.4032077194039
1791534120,8.471876735321058e-05,8.613169999263266e-05,8.471876735321058e-05,8.613169999263266e-05,84.11623912273946
1791534180,8.613169999263266e-05,8.900881349891673e-05,8.613169999263266e-05,8.900881349891673e-05,211.62919034905713
1791534240,8.900881349891673e-05,8.900881349891673e-05,8.48209588755403e-05,8.48209588755403e-05,363.60275405459566
1791534300,8.48209588755403e-05,8.48209588755403e-05,8.299275863465451e-05,8.299275863465451e-05,52.1543382155135
1791534360,8.299275863465451e-05,8.410689179876359e-05,8.299275863465451e-05,8.410689179876359e-05,2.92800835389668
1791534420,8.410689179876359e-05,8.410689179876359e-05,8.260817349246886e-05,8.260817349246886e-05,54.958930587494265
1791534480,8.260817349246886e-05,8.260817349246886e-05,8.061426558467057e-05,8.061426558467057e-05,0.6871269192954077
1791534540,8.061426558467057e-05,8.061426558467057e-05,7.866272004472129e-05,7.955591103911369e-05,362.2492571877147
1791534600,7.955591103911369e-05,7.955591103911369e-05,7.850536542169875e-05,7.850536542169875e-05,78.05609238121119
1791534660,7.850536542169875e-05,8.024717070746717e-05,7.850536542169875e-05,8.024717070746717e-05,141.24881710477192
1791534720,8.024717070746717e-05,8.144609832068302e-05,7.969805705000153e-05,8.144609832068302e-05,110.4356958784108
1791534780,8.144609832068302e-05,8.253262764513842e-05,8.144609832068302e-05,8.253262764513842e-05,38.144729713062254
1791534840,8.253262764513842e-05,8.253262764513842e-05,7.919314589245946e-05,7.919314589245946e-05,362.39522803824804
1791534900,7.919314589245946e-05,7.919314589245946e-05,7.695609810100841e-05,7.695609810100841e-05,30.06656116986857
1791534960,7.695609810100841e-05,7.695609810100841e-05,7.674544351242767e-05,7.674544351242767e-05,17.350278590368653
1791535020,7.674544351242767e-05,7.707206381503642e-05,7.616447002509066e-05,7.707206381503642e-05,119.38726138785346
1791535080,7.707206381503642e-05,7.743445077452313e-05,7.625345868953766e-05,7.743445077452313e-05,28.399277989691488
1791535320,7.743445077452313e-05,7.765323390669574e-05,7.743445077452313e-05,7.765323390669574e-05,20.942492373083827
1791535380,7.765323390669574e-05,7.787202208628198e-05,7.765323390669574e-05,7.787202208628198e-05,35.787101757286244
1791535440,7.787202208628198e-05,8.03146359784058e-05,7.697305117962604e-05,8.03146359784058e-05,214.16156757437295
1791535500,8.03146359784058e-05,8.03146359784058e-05,7.917335099969138e-05,7.917335099969138e-05,35.23607315779557
1791535560,7.917335099969138e-05,7.917335099969138e-05,7.808329235961734e-05,7.808329235961734e-05,162.21825590109233
1791535800,7.808329235961734e-05,7.808329235961734e-05,7.710390171691783e-05,7.710390171691783e-05,18.561245408894745
1791535860,7.710390171691783e-05,7.916146362332809e-05,7.710390171691783e-05,7.805174716848007e-05,92.1747136024822
1791535920,7.805174716848007e-05,7.805174716848007e-05,7.644596247107267e-05,7.644596247107267e-05,139.4321239132649
1791535980,7.644596247107267e-05,7.644596247107267e-05,7.561971724824984e-05,7.583478998681089e-05,141.1989990234776
1791536100,7.583478998681089e-05,7.583478998681089e-05,7.425762301548614e-05,7.476975814270957e-05,98.58972940631952
1791536220,7.476975814270957e-05,7.476975814270957e-05,7.350531426306493e-05,7.350531426306493e-05,68.94930367094922
1791536280,7.350531426306493e-05,7.462040016395194e-05,7.346691027752705e-05,7.40975363922004e-05,138.15566240707557
1791536340,7.40975363922004e-05,7.40975363922004e-05,7.310048858485243e-05,7.310048858485243e-05,4.875771286103239
1791536400,7.310048858485243e-05,7.332609388126849e-05,7.23500920742404e-05,7.23500920742404e-05,138.36342412503572
1791536460,7.23500920742404e-05,7.23500920742404e-05,7.21446117448978e-05,7.21446117448978e-05,9.619616619030312
1791536520,7.21446117448978e-05,7.21446117448978e-05,7.197918415634875e-05,7.197918415634875e-05,21.578406386096784
1791536580,7.197918415634875e-05,7.571555836054238e-05,7.197918415634875e-05,7.479530828519535e-05,278.81506265287203
1791536640,7.479530828519535e-05,7.660984701586348e-05,7.479530828519535e-05,7.660984701586348e-05,120.81669726100294
1791536700,7.660984701586348e-05,8.145366808921761e-05,7.558893987214145e-05,7.957238135439938e-05,606.5419023979605
1791536760,7.957238135439938e-05,8.670597431359725e-05,7.957238135439938e-05,8.670597431359725e-05,539.4108198343398
1791536820,8.670597431359725e-05,8.733610815823686e-05,8.609654832486182e-05,8.733610815823686e-05,211.78875138234056
1791536880,8.733610815823686e-05,8.775567480870216e-05,8.733610815823686e-05,8.775567480870216e-05,11.94504665266912
1791537000,8.775567480870216e-05,8.775567480870216e-05,8.527847558497199e-05,8.527847558497199e-05,202.18449683649857
1791537180,8.527847558497199e-05,8.527847558497199e-05,8.334835882844683e-05,8.334835882844683e-05,20.30828328919458
1791537300,8.334835882844683e-05,8.626993960861864e-05,8.260965412707328e-05,8.626993960861864e-05,358.23516636522584
1791537420,8.626993960861864e-05,8.626993960861864e-05,8.491278117618907e-05,8.52386152754189e-05,163.5227568967471
1791537480,8.52386152754189e-05,8.752963639483117e-05,8.414351035211633e-05,8.552233680644834e-05,513.6601552029322
1791537600,8.552233680644834e-05,8.584005562744185e-05,8.552233680644834e-05,8.584005562744185e-05,0.569764982762671
1791537720,8.584005562744185e-05,8.595302939153564e-05,8.454437486474406e-05,8.454437486474406e-05,32.47382526229559
1791537780,8.454437486474406e-05,8.575026007325256e-05,8.454437486474406e-05,8.575026007325256e-05,3.3398375157408977
1791538020,8.575026007325256e-05,8.575026007325256e-05,8.03219827378849e-05,8.03219827378849e-05,356.4268575989884
1791538080,8.03219827378849e-05,8.03219827378849e-05,7.062230661935954e-05,7.111523041062217e-05,1078.1201363315442
1791538140,7.111523041062217e-05,7.522516029883029e-05,7.111523041062217e-05,7.522516029883029e-05,394.58125475637047
1791538200,7.522516029883029e-05,7.580498198976509e-05,7.522516029883029e-05,7.580498198976509e-05,54.23206463955327
1791538260,7.580498198976509e-05,7.754689565144296e-05,7.543996416929305e-05,7.754689565144296e-05,279.4782955244887
1791538320,7.754689565144296e-05,7.916879983900958e-05,7.751988583277526e-05,7.916879983900958e-05,106.59810972782257
1791538440,7.916879983900958e-05,7.971872341983543e-05,7.916879983900958e-05,7.971872341983543e-05,1.093348611404842
1791538500,7.971872341983543e-05,7.975147776773793e-05,7.852232271908508e-05,7.852232271908508e-05,20.354089354417404
1791538560,7.852232271908508e-05,7.852232271908508e-05,7.834006064158168e-05,7.834006064158168e-05,14.92689346009066
1791538680,7.834006064158168e-05,7.962545786584803e-05,7.834006064158168e-05,7.84953127974167e-05,32.88217082153089
1791538740,7.84953127974167e-05,7.84953127974167e-05,7.832904022103382e-05,7.832904022103382e-05,6.498530265016325
1791538800,7.832904022103382e-05,8.023859236209012e-05,7.832904022103382e-05,8.023859236209012e-05,76.48430091016638
1791538920,8.023859236209012e-05,8.33540444180256e-05,8.023859236209012e-05,8.218144583249999e-05,262.11620601171387
1791538980,8.218144583249999e-05,8.345166630277668e-05,8.218144583249999e-05,8.229878344575965e-05,18.978862101750806
1791539040,8.229878344575965e-05,8.349251698456183e-05,8.229878344575965e-05,8.349251698456183e-05,16.972430783345438
1791539220,8.349251698456183e-05,8.349251698456183e-05,8.118812642648438e-05,8.118812642648438e-05,109.4915372801526
1791539340,8.118812642648438e-05,8.328469027356098e-05,8.083947141720215e-05,8.328469027356098e-05,327.9178383360408
1791539460,8.328469027356098e-05,8.328469027356098e-05,8.259309476124113e-05,8.259309476124113e-05,270.2875880463621
1791539520,8.259309476124113e-05,8.410177991900984e-05,8.259309476124113e-05,8.410177991900984e-05,11.202580907460726
1791539640,8.410177991900984e-05,8.472149167219177e-05,8.399339910052787e-05,8.399339910052787e-05,131.74320077978888
1791539700,8.399339910052787e-05,8.399339910052787e-05,8.378034464065143e-05,8.378034464065143e-05,0.02586055346095626
1791539820,8.378034464065143e-05,8.435130315268167e-05,8.317841207491454e-05,8.435130315268167e-05,223.421592092248
1791539880,8.435130315268167e-05,8.435130315268167e-05,8.379048868247274e-05,8.379048868247274e-05,19.733323489297025
1791540060,8.379048868247274e-05,8.484538380553959e-05,8.360551468526023e-05,8.360551468526023e-05,2.4671575775144636
1791540120,8.360551468526023e-05,8.360551468526023e-05,8.30904369952401e-05,8.30904369952401e-05,98.06495573607758
1791540180,8.30904369952401e-05,8.401050366336918e-05,8.30904369952401e-05,8.401050366336918e-05,55.23248003654814
1791540240,8.401050366336918e-05,8.437174665270955e-05,8.401050366336918e-05,8.437174665270955e-05,4.849359629678256
1791540300,8.437174665270955e-05,8.447099384109534e-05,8.437174665270955e-05,8.447099384109534e-05,5.615283709635461
1791540480,8.447099384109534e-05,8.447099384109534e-05,8.294116910911609e-05,8.294116910911609e-05,63.035288522928234
1791540540,8.294116910911609e-05,8.294116910911609e-05,8.17040663927626e-05,8.17040663927626e-05,108.36749140126656
1791540660,8.17040663927626e-05,8.17040663927626e-05,7.999832575131536e-05,8.00218053488336e-05,194.61244570554132
1791540780,8.00218053488336e-05,8.00218053488336e-05,7.379428260099852e-05,7.4733865718563e-05,470.98680782881513
1791540840,7.4733865718563e-05,7.4733865718563e-05,7.300071969247627e-05,7.300071969247627e-05,103.76145432068414
1791540900,7.300071969247627e-05,7.362749897866152e-05,7.255763730176058e-05,7.262023786052253e-05,21.22905313672837
1791540960,7.262023786052253e-05,7.364307149070169e-05,7.258411056289964e-05,7.364307149070169e-05,14.96798445285208
1791541020,7.364307149070169e-05,7.364307149070169e-05,7.212403661479838e-05,7.212403661479838e-05,51.83614847924187
1791541080,7.212403661479838e-05,7.387414082232607e-05,7.212403661479838e-05,7.387414082232607e-05,87.81802445956808
1791541140,7.387414082232607e-05,7.60172526659565e-05,7.387414082232607e-05,7.60172526659565e-05,208.91492451509626
1791541200,7.60172526659565e-05,7.60172526659565e-05,7.495938223638156e-05,7.601011088964196e-05,19.38809144162764
1791541260,7.601011088964196e-05,7.779702776511818e-05,7.601011088964196e-05,7.779702776511818e-05,289.4958232010223
1791541320,7.779702776511818e-05,7.816920064431402e-05,7.779702776511818e-05,7.816920064431402e-05,24.763178723713278
1791541380,7.816920064431402e-05,7.914756043849905e-05,7.80797204855005e-05,7.80797204855005e-05,20.246669558929995
1791541500,7.80797204855005e-05,7.918886695322618e-05,7.783168808492613e-05,7.918886695322618e-05,141.5025759710345
1791541560,7.918886695322618e-05,8.002808402203903e-05,7.918886695322618e-05,8.002808402203903e-05,46.1800764559775
1791541680,8.002808402203903e-05,8.035737646720527e-05,7.913257383953213e-05,7.913257383953213e-05,43.22498694190887
1791541860,7.913257383953213e-05,7.955961698564175e-05,7.86501062523438e-05,7.955961698564175e-05,63.29986170084243
1791541920,7.955961698564175e-05,8.011117325560564e-05,7.91681980233636e-05,7.91681980233636e-05,84.54362956883467
1791541980,7.91681980233636e-05,7.91681980233636e-05,7.69727443596915e-05,7.69727443596915e-05,187.8710561655243
1791542040,7.69727443596915e-05,7.69727443596915e-05,7.618775635409612e-05,7.618775635409612e-05,93.80655148146549
1791542100,7.618775635409612e-05,7.624037197164026e-05,7.465772478938194e-05,7.465772478938194e-05,135.8117928101612
1791542160,7.465772478938194e-05,7.514332375393678e-05,7.365921424766968e-05,7.365921424766968e-05,58.047338417167175
1791542220,7.365921424766968e-05,7.374501755875715e-05,7.264531669929028e-05,7.374501755875715e-05,83.2388697201037
1791542280,7.374501755875715e-05,7.374501755875715e-05,7.263802631881118e-05,7.263802631881118e-05,6.991097510910222
1791542340,7.263802631881118e-05,7.263802631881118e-05,7.24850550392773e-05,7.24850550392773e-05,17.3188643597499
1791542460,7.24850550392773e-05,7.343502315942763e-05,7.196973957991944e-05,7.343502315942763e-05,77.32030141884691
1791542520,7.343502315942763e-05,7.469752542463603e-05,7.343502315942763e-05,7.469752542463603e-05,113.66003070382304
1791542640,7.469752542463603e-05,7.469752542463603e-05,7.368558397011299e-05,7.370370922050552e-05,3.20717421734539
1791542760,7.370370922050552e-05,7.483651452737329e-05,7.370370922050552e-05,7.383726245608484e-05,16.87558104463806
1791542820,7.383726245608484e-05,7.383726245608484e-05,7.247578773579946e-05,7.247578773579946e-05,124.99154426207076
1791542880,7.247578773579946e-05,7.286625307748669e-05,7.215533324035793e-05,7.286625307748669e-05,44.58602407958234
1791542940,7.286625307748669e-05,7.286625307748669e-05,6.862780117928079e-05,6.879089941518883e-05,429.4899698384774
1791543000,6.879089941518883e-05,6.894518771061387e-05,6.626012075804719e-05,6.626012075804719e-05,349.18094932236943
1791543060,6.626012075804719e-05,6.626012075804719e-05,6.38124188817028e-05,6.38124188817028e-05,167.9727848967426
1791543120,6.38124188817028e-05,6.38124188817028e-05,6.1538401988947e-05,6.257185791676012e-05,366.33034574144506
1791543180,6.257185791676012e-05,6.404131732838142e-05,6.137024902082447e-05,6.404131732838142e-05,520.9914694723863
1791543240,6.404131732838142e-05,6.428527846878499e-05,6.287553912818064e-05,6.428527846878499e-05,179.28694974512345
1791543300,6.428527846878499e-05,6.49166668666217e-05,6.338084873829451e-05,6.49166668666217e-05,380.72176681931154
1791543360,6.49166668666217e-05,6.612142744842931e-05,6.49166668666217e-05,6.612142744842931e-05,81.22073353412279
1791543420,6.612142744842931e-05,6.683448321362613e-05,6.612142744842931e-05,6.683448321362613e-05,110.84792568215623
1791543540,6.683448321362613e-05,6.719131105283488e-05,6.605200795616947e-05,6.674718804141563e-05,70.58544262726703
1791543660,6.674718804141563e-05,6.674718804141563e-05,6.584381044710787e-05,6.584381044710787e-05,3.1202744869631913
1791543780,6.584381044710787e-05,6.584381044710787e-05,6.458968718853846e-05,6.458968718853846e-05,71.1554647069741
1791543840,6.458968718853846e-05,6.458968718853846e-05,6.065387213654113e-05,6.065387213654113e-05,586.7341343826696
1791543900,6.065387213654113e-05,6.131576438532616e-05,5.921160267581209e-05,6.023048811018183e-05,478.4349541935605
1791543960,6.023048811018183e-05,6.023048811018183e-05,5.973235860977002e-05,5.973235860977002e-05,30.72127036927674
1791544020,5.973235860977002e-05,5.973235860977002e-05,5.9607480327476836e-05,5.9607480327476836e-05,4.340749770105254
1791544080,5.9607480327476836e-05,5.9607480327476836e-05,5.8620379487491674e-05,5.8620379487491674e-05,30.225667877082593
1791544140,5.8620379487491674e-05,5.8620379487491674e-05,5.8279083572152435e-05,5.8279083572152435e-05,45.400894721859316
1791544200,5.8279083572152435e-05,6.31080690419389e-05,5.7984283820408235e-05,6.31080690419389e-05,505.7524619211212
1791544260,6.31080690419389e-05,6.414804783318576e-05,6.305305427421827e-05,6.414804783318576e-05,48.564932067435294
1791544320,6.414804783318576e-05,6.458719973359506e-05,6.414804783318576e-05,6.458719973359506e-05,22.591816228229487
1791544440,6.458719973359506e-05,6.540010946676823e-05,6.441266004978723e-05,6.504760861697884e-05,142.96790992781945
1791544500,6.504760861697884e-05,6.504760861697884e-05,6.405928044592511e-05,6.490394113679604e-05,11.968633481755214
1791544560,6.490394113679604e-05,6.495187066964e-05,6.330456973155332e-05,6.330456973155332e-05,164.40574295561905
1791544620,6.330456973155332e-05,6.350047859936974e-05,6.330456973155332e-05,6.350047859936974e-05,26.163306280401464
1791544680,6.350047859936974e-05,6.368537588341529e-05,6.261648617402573e-05,6.368537588341529e-05,50.57647539335302
1791544740,6.368537588341529e-05,6.368537588341529e-05,6.228234884759968e-05,6.228234884759968e-05,150.3959037395149
1791544800,6.228234884759968e-05,6.260817820209935e-05,6.228234884759968e-05,6.260817820209935e-05,20.660157376845714
1791544860,6.260817820209935e-05,6.266133780667842e-05,6.260817820209935e-05,6.266133780667842e-05,10.769972547923972
1791544920,6.266133780667842e-05,6.290807811235285e-05,6.266133780667842e-05,6.290807811235285e-05,37.773191508881496
1791544980,6.290807811235285e-05,6.356959220271302e-05,6.290807811235285e-05,6.301677325185695e-05,124.97612895409638
1791545040,6.301677325185695e-05,6.301677325185695e-05,6.166117143090946e-05,6.166117143090946e-05,236.8859866800391
1791545100,6.166117143090946e-05,6.166117143090946e-05,5.910573884654668e-05,5.9788077432611366e-05,134.26648680182126
1791545160,5.9788077432611366e-05,6.01350480383633e-05,5.9788077432611366e-05,6.01350480383633e-05,35.78116365688667
1791545220,6.01350480383633e-05,6.041611778645649e-05,5.852390577173799e-05,5.852390577173799e-05,141.16793826784183
1791545280,5.852390577173799e-05,5.914381649500509e-05,5.441941092299791e-05,5.501283092864764e-05,714.9326277868478
1791545340,5.501283092864764e-05,5.569624934339131e-05,5.407184512780115e-05,5.5322192874380004e-05,209.3041106164523
1791545400,5.5322192874380004e-05,5.5322192874380004e-05,5.492857355577225e-05,5.492857355577225e-05,29.79125878462901
1791545460,5.492857355577225e-05,5.575026788737928e-05,5.492857355577225e-05,5.575026788737928e-05,21.123222912328234
1791545520,5.575026788737928e-05,5.616431919000319e-05,5.575026788737928e-05,5.616431919000319e-05,27.67111967150563
1791545580,5.616431919000319e-05,5.938266125925591e-05,5.616431919000319e-05,5.938266125925591e-05,330.1062956429588
1791545640,5.938266125925591e-05,5.9606320405135954e-05,5.858735511394233e-05,5.858735511394233e-05,40.951852080394744
1791545700,5.858735511394233e-05,5.926029258206952e-05,5.642482969143751e-05,5.642482969143751e-05,298.31661667947503
1791545760,5.642482969143751e-05,5.679551900634581e-05,5.6068330760762386e-05,5.6068330760762386e-05,40.815618769799165
1791545820,5.6068330760762386e-05,5.6068330760762386e-05,5.542826297812437e-05,5.547824701341934e-05,72.94912086104341
1791545880,5.547824701341934e-05,5.547824701341934e-05,5.4648762737466566e-05,5.52176509950667e-05,295.36794446954104
1791546000,5.52176509950667e-05,5.52176509950667e-05,5.4864631357043586e-05,5.4864631357043586e-05,58.962039132819456
1791546120,5.4864631357043586e-05,5.4864631357043586e-05,5.3692598812407876e-05,5.424333476431284e-05,273.755631392315
1791546180,5.424333476431284e-05,5.7561179535334794e-05,5.424333476431284e-05,5.7561179535334794e-05,579.712069696862
1791546240,5.7561179535334794e-05,6.068325669062997e-05,5.7561179535334794e-05,6.068325669062997e-05,34.45113287392319
1791546300,6.068325669062997e-05,6.330614126097314e-05,6.068325669062997e-05,6.330614126097314e-05,457.06692552886005
1791546360,6.330614126097314e-05,6.395602029376487e-05,6.267315757601407e-05,6.267315757601407e-05,257.67167659057
1791546420,6.267315757601407e-05,6.959880962787724e-05,6.267315757601407e-05,6.846857339877109e-05,790.3535139231933
1791546480,6.846857339877109e-05,7.040933236500087e-05,6.667048280435759e-05,6.667048280435759e-05,558.9748708982181
1791546540,6.667048280435759e-05,6.667048280435759e-05,6.489867354524164e-05,6.582777406868852e-05,51.99362806999527
1791546600,6.582777406868852e-05,6.582777406868852e-05,6.180103253399904e-05,6.180103253399904e-05,0.5581544058919683
1791546660,6.180103253399904e-05,6.187795307249864e-05,6.180103253399904e-05,6.187795307249864e-05,0.8088487841691363
1791546900,6.187795307249864e-05,6.187795307249864e-05,6.0752158196972236e-05,6.178008932102254e-05,140.62938253549427
1791546960,6.178008932102254e-05,6.178008932102254e-05,6.081043351388392e-05,6.159157367556117e-05,43.15552903469347
1791547020,6.159157367556117e-05,6.159157367556117e-05,6.050489933916651e-05,6.050489933916651e-05,30.252449669583253
1791547080,6.050489933916651e-05,6.050489933916651e-05,5.987541801666006e-05,5.987541801666006e-05,9.040352977863797
1791547320,5.987541801666006e-05,5.991590320009864e-05,5.905643894473678e-05,5.905643894473678e-05,15.070864480457598
1791547380,5.905643894473678e-05,5.905643894473678e-05,5.6735326959648115e-05,5.7256271971356117e-05,415.13479123292154
1791547440,5.7256271971356117e-05,5.7536793232129944e-05,5.657352409489496e-05,5.7536793232129944e-05,95.08939410489688
1791547500,5.7536793232129944e-05,5.7536793232129944e-05,5.710059902637979e-05,5.710059902637979e-05,8.117547047566328
1791547560,5.710059902637979e-05,5.8765841806400144e-05,5.710059902637979e-05,5.7992251622721346e-05,107.39971784832088
1791547620,5.7992251622721346e-05,5.8807949216871785e-05,5.7992251622721346e-05,5.8807949216871785e-05,4.375328744968149
1791547680,5.8807949216871785e-05,5.8807949216871785e-05,5.7949386408041296e-05,5.7949386408041296e-05,12.50805940007301
1791547740,5.7949386408041296e-05,5.907468290207386e-05,5.7949386408041296e-05,5.907468290207386e-05,50.803279080490476
1791547800,5.907468290207386e-05,6.137522315717198e-05,5.907468290207386e-05,6.005335779223677e-05,260.61604693906514
1791547860,6.005335779223677e-05,6.25783946736734e-05,6.005335779223677e-05,6.25783946736734e-05,76.98363631992314
1791547920,6.25783946736734e-05,6.569745429355199e-05,6.25783946736734e-05,6.569745429355199e-05,345.14597429016465
1791547980,6.569745429355199e-05,6.569745429355199e-05,6.227971567649068e-05,6.227971567649068e-05,415.45649343958405
1791548040,6.227971567649068e-05,6.230275951932132e-05,6.155828972592939e-05,6.230275951932132e-05,77.7876179579031
1791548100,6.230275951932132e-05,6.230275951932132e-05,6.12092447201241e-05,6.12092447201241e-05,55.419444397891844
1791548160,6.12092447201241e-05,6.225031512209547e-05,6.094235188190388e-05,6.225031512209547e-05,88.48641131535788
1791548220,6.225031512209547e-05,6.320107886100649e-05,6.22253613765465e-05,6.320107886100649e-05,69.46412996066255
1791548280,6.320107886100649e-05,6.320107886100649e-05,5.537878349480438e-05,5.808306681544473e-05,819.6852555587317
1791548340,5.808306681544473e-05,5.928668958194457e-05,5.513129943704598e-05,5.5803181909261947e-05,791.0514653077718
1791548460,5.5803181909261947e-05,5.600224220284655e-05,5.5418537459627093e-05,5.5418537459627093e-05,55.93674702586407
1791548580,5.5418537459627093e-05,5.6491312944355195e-05,5.5418537459627093e-05,5.6491312944355195e-05,58.931577851491234
1791548640,5.6491312944355195e-05,7.081421662461151e-05,5.6491312944355195e-05,7.071348905076329e-05,1812.680659499749
1791548760,7.071348905076329e-05,7.215109519470854e-05,7.032344785056758e-05,7.215109519470854e-05,159.39927465098174
1791548820,7.215109519470854e-05,7.594096687023856e-05,7.109792139500931e-05,7.594096687023856e-05,577.9324526756362
1791548880,7.594096687023856e-05,7.656448835444402e-05,7.511256650958564e-05,7.656448835444402e-05,169.87765548690183
1791548940,7.656448835444402e-05,7.823836461745262e-05,7.52703895264504e-05,7.823836461745262e-05,386.0756078020997
1791549000,7.823836461745262e-05,8.903324592829152e-05,7.72505095744113e-05,8.894247168691199e-05,1649.3221504160554
1791549060,8.894247168691199e-05,8.92330834169929e-05,8.53604275688808e-05,8.53604275688808e-05,433.7480406196699
1791549120,8.53604275688808e-05,8.53604275688808e-05,7.938290075225185e-05,7.938290075225185e-05,479.2538622978747
1791549180,7.938290075225185e-05,8.077084148165355e-05,7.938290075225185e-05,7.968287459986486e-05,97.04423687277708
1791549240,7.968287459986486e-05,8.202301241938099e-05,7.968287459986486e-05,8.202301241938099e-05,105.45687662453953
1791549300,8.202301241938099e-05,8.202301241938099e-05,8.083219671334192e-05,8.187893506260648e-05,10.54140154366802
1791549360,8.187893506260648e-05,8.187893506260648e-05,7.647191152307147e-05,7.647191152307147e-05,383.3278267149344
1791549420,7.647191152307147e-05,7.756946605908988e-05,7.647191152307147e-05,7.756946605908988e-05,2.971917815984984
1791549480,7.756946605908988e-05,7.760474529898373e-05,7.555353916074315e-05,7.760474529898373e-05,171.8486620676014
1791549600,7.760474529898373e-05,7.760474529898373e-05,7.661719640152238e-05,7.661719640152238e-05,196.2438191000545
1791549660,7.661719640152238e-05,7.664956207756886e-05,7.661719640152238e-05,7.664956207756886e-05,1.5723908016765193
1791549720,7.664956207756886e-05,7.664956207756886e-05,6.864646366656019e-05,7.010389716232895e-05,842.3465713564565
1791549780,7.010389716232895e-05,7.010389716232895e-05,6.869036355770942e-05,6.902598974812947e-05,122.8556087985504
1791549840,6.902598974812947e-05,7.004076470573244e-05,6.902598974812947e-05,7.004076470573244e-05,230.0848933910104
1791550020,7.004076470573244e-05,7.203827828035112e-05,7.004076470573244e-05,7.203827828035112e-05,66.95881357682083
1791550080,7.203827828035112e-05,7.671411678133006e-05,7.203827828035112e-05,7.671411678133006e-05,411.03719709422256
1791550140,7.671411678133006e-05,7.671411678133006e-05,7.196632850692619e-05,7.533337002577099e-05,1032.8023631438396
1791550200,7.533337002577099e-05,7.752291110195321e-05,7.533337002577099e-05,7.582649700971277e-05,508.2843479033726
1791550260,7.582649700971277e-05,7.589955060587991e-05,7.448891070801994e-05,7.589955060587991e-05,35.17494729849816
1791550320,7.589955060587991e-05,7.59893614205478e-05,7.473026848354502e-05,7.562812509467082e-05,98.42893962521616
1791550380,7.562812509467082e-05,7.585950453344213e-05,7.41382277625001e-05,7.41382277625001e-05,106.24533679822339
1791550440,7.41382277625001e-05,7.41382277625001e-05,7.308105421101431e-05,7.37405671725314e-05,108.21125306732023
1791550500,7.37405671725314e-05,7.400261182104187e-05,7.37405671725314e-05,7.400261182104187e-05,21.857561489071145
1791550680,7.400261182104187e-05,7.590022785896038e-05,7.400261182104187e-05,7.590022785896038e-05,250.87942877509164
1791550740,7.590022785896038e-05,7.590022785896038e-05,7.514847332470727e-05,7.514847332470727e-05,133.7653345966055
1791550800,7.514847332470727e-05,7.552487002834046e-05,7.514847332470727e-05,7.552487002834046e-05,12.017567764538072
1791550860,7.552487002834046e-05,7.574276291997945e-05,7.449448665157873e-05,7.574276291997945e-05,23.353798044558815
1791550920,7.574276291997945e-05,7.60771030005748e-05,7.52559556104618e-05,7.52559556104618e-05,64.94392643731288
1791550980,7.52559556104618e-05,7.617926988368517e-05,7.514624282926333e-05,7.617926988368517e-05,25.058218035931382
1791551040,7.617926988368517e-05,7.617926988368517e-05,7.510631279403066e-05,7.510631279403066e-05,3.279606463301716
1791551100,7.510631279403066e-05,7.616772588809568e-05,6.868721835234809e-05,7.12763236717036e-05,668.4718711921755
1791551220,7.12763236717036e-05,7.12763236717036e-05,6.730850363423805e-05,6.844454035447183e-05,448.0845813360243
1791551280,6.844454035447183e-05,6.844454035447183e-05,6.637026512085908e-05,6.637026512085908e-05,211.81630745427074
1791551460,6.637026512085908e-05,6.675416481806331e-05,6.637026512085908e-05,6.675416481806331e-05,44.584260027418175
1791551520,6.675416481806331e-05,6.688781408664929e-05,6.675416481806331e-05,6.688781408664929e-05,16.868398952066766
1791551580,6.688781408664929e-05,6.688781408664929e-05,6.408267794403275e-05,6.462272982333105e-05,375.89034651960725
1791551640,6.462272982333105e-05,6.519026060337063e-05,6.462272982333105e-05,6.519026060337063e-05,10.8069818403725
1791551700,6.519026060337063e-05,6.567063187533211e-05,6.519026060337063e-05,6.567063187533211e-05,43.35854200313027
1791551760,6.567063187533211e-05,6.575422430554802e-05,6.567063187533211e-05,6.575422430554802e-05,0.3272352895242053
1791551820,6.575422430554802e-05,6.575422430554802e-05,6.46278357366024e-05,6.46278357366024e-05,27.76380278346114
1791551880,6.46278357366024e-05,6.46278357366024e-05,6.450572331727174e-05,6.450572331727174e-05,2.9130784650079917
1791551940,6.450572331727174e-05,6.644109965927955e-05,6.450572331727174e-05,6.644109965927955e-05,197.02750152966803
1791552000,6.644109965927955e-05,6.652806780434826e-05,6.643150289390653e-05,6.643150289390653e-05,18.123705292202537
1791552060,6.643150289390653e-05,6.732945563536e-05,6.643150289390653e-05,6.732945563536e-05,10.358548535053329
1791552120,6.732945563536e-05,6.773134402499758e-05,6.661931106960876e-05,6.773134402499758e-05,42.40441972127665
1791552180,6.773134402499758e-05,6.778991068626599e-05,6.773134402499758e-05,6.778991068626599e-05,0.1838671675093383
1791552300,6.778991068626599e-05,6.787765541966816e-05,6.778991068626599e-05,6.787765541966816e-05,24.72009942296946
1791552360,6.787765541966816e-05,6.981206037204005e-05,6.787765541966816e-05,6.864302615722436e-05,228.95700868700854
1791552480,6.864302615722436e-05,7.04965102633511e-05,6.864302615722436e-05,7.04965102633511e-05,5.473341736633829
1791552540,7.04965102633511e-05,7.068325242415151e-05,7.048846557413512e-05,7.068325242415151e-05,34.58334729908209
1791552600,7.068325242415151e-05,7.112758482119676e-05,7.068325242415151e-05,7.112758482119676e-05,32.73201749175252
1791552780,7.112758482119676e-05,7.11291244298726e-05,7.106918654779653e-05,7.106918654779653e-05,8.091092704018322
1791552840,7.106918654779653e-05,7.145725930886288e-05,7.106918654779653e-05,7.145725930886288e-05,53.48055496572108
1791552960,7.145725930886288e-05,7.145725930886288e-05,7.040960413534622e-05,7.040960413534622e-05,27.592678987708734
1791553020,7.040960413534622e-05,7.153714192917595e-05,7.040960413534622e-05,7.153714192917595e-05,60.94103710610117
1791553200,7.153714192917595e-05,7.740186149525338e-05,7.153714192917595e-05,7.593551981667068e-05,625.6837696867162
1791553320,7.593551981667068e-05,7.593551981667068e-05,7.517827038324661e-05,7.517827038324661e-05,64.04284042454076
1791553380,7.517827038324661e-05,7.58427271135793e-05,7.332119491189516e-05,7.332119491189516e-05,157.6407267716518
1791553440,7.332119491189516e-05,7.430262373213908e-05,7.25292256045942e-05,7.430262373213908e-05,238.72585967779273
1791553500,7.430262373213908e-05,7.539384371586848e-05,7.409822106473651e-05,7.451788303788842e-05,100.00409511095167
1791553560,7.451788303788842e-05,7.487164149174992e-05,7.358494567598162e-05,7.487164149174992e-05,87.447286396296
1791553620,7.487164149174992e-05,7.499863484045068e-05,7.487164149174992e-05,7.499863484045068e-05,2.9729065099671885
1791553680,7.499863484045068e-05,7.589399531306603e-05,7.499863484045068e-05,7.589399531306603e-05,92.81030485137029
1791553740,7.589399531306603e-05,7.66032456610065e-05,7.589399531306603e-05,7.603948994460002e-05,83.65498826902778
1791553800,7.603948994460002e-05,7.772404320373813e-05,7.603948994460002e-05,7.605062581938688e-05,163.2927179966818
1791553860,7.605062581938688e-05,7.655701689103752e-05,7.529958867378044e-05,7.618574079128678e-05,33.665435159211505
1791553980,7.618574079128678e-05,7.689688198626303e-05,7.618574079128678e-05,7.689688198626303e-05,67.6402748851154
1791554160,7.689688198626303e-05,7.75754520537621e-05,7.349098426029417e-05,7.349098426029417e-05,734.723173198657
1791554220,7.349098426029417e-05,7.349098426029417e-05,6.500948271912554e-05,6.710512830273531e-05,1116.2385642754682
1791554280,6.710512830273531e-05,6.710512830273531e-05,6.61677931095439e-05,6.61677931095439e-05,0.10704276209931175
1791554340,6.61677931095439e-05,6.723335788516356e-05,6.589941899020749e-05,6.723335788516356e-05,142.20839498235938
1791554400,6.723335788516356e-05,6.775140939700399e-05,6.723335788516356e-05,6.775140939700399e-05,2.256605776900385
1791554460,6.775140939700399e-05,6.775140939700399e-05,6.532300738465482e-05,6.532300738465482e-05,169.24538775552267
1791554520,6.532300738465482e-05,6.532300738465482e-05,6.35293660997857e-05,6.42606304063521e-05,175.41433598767213
1791554580,6.42606304063521e-05,6.42606304063521e-05,6.33289592012256e-05,6.33289592012256e-05,44.33027144085791
1791554640,6.33289592012256e-05,6.430634701614296e-05,6.170055438933185e-05,6.29852971862479e-05,317.88180454776614
1791554700,6.29852971862479e-05,6.942172900237574e-05,6.29852971862479e-05,6.942172900237574e-05,781.8196966448877
1791554760,6.942172900237574e-05,7.06249994193309e-05,6.940970253461348e-05,6.940970253461348e-05,32.230288676066465
1791554820,6.940970253461348e-05,7.041137828516422e-05,6.940970253461348e-05,7.041137828516422e-05,18.852094496916745
1791555000,7.041137828516422e-05,7.041137828516422e-05,6.706923719026887e-05,6.706923719026887e-05,440.7616953911345
1791555060,6.706923719026887e-05,6.706923719026887e-05,6.408552251798058e-05,6.408552251798058e-05,67.20716980096347
1791555120,6.408552251798058e-05,6.487344322018972e-05,6.390372057067932e-05,6.487344322018972e-05,5.285216060722019
1791555180,6.487344322018972e-05,6.511242478645896e-05,6.326365521310126e-05,6.511242478645896e-05,339.04672783414696
1791555240,6.511242478645896e-05,6.536315269716315e-05,6.511242478645896e-05,6.536315269716315e-05,38.32075698629926
1791555300,6.536315269716315e-05,6.645700062951572e-05,6.536315269716315e-05,6.645700062951572e-05,54.32920503785713
1791555360,6.645700062951572e-05,6.645700062951572e-05,6.579393494110481e-05,6.579393494110481e-05,2.218731135986716
1791555420,6.579393494110481e-05,6.696507313637102e-05,6.579393494110481e-05,6.611861374527747e-05,39.90573403582908
1791555480,6.611861374527747e-05,6.712070911554179e-05,6.611861374527747e-05,6.712070911554179e-05,7.02646930377771
1791555540,6.712070911554179e-05,6.973610259187792e-05,6.712070911554179e-05,6.973610259187792e-05,378.3856888880458
1791555600,6.973610259187792e-05,7.147137417792516e-05,6.973610259187792e-05,7.06374809459328e-05,31.40612229088997
1791555720,7.06374809459328e-05,7.19470245722796e-05,7.06374809459328e-05,7.19470245722796e-05,28.200367203878084
1791555780,7.19470245722796e-05,7.252500275130984e-05,7.19470245722796e-05,7.252500275130984e-05,83.32581014255875
1791555840,7.252500275130984e-05,7.337303756000092e-05,7.252500275130984e-05,7.337303756000092e-05,34.71305363418072
1791555900,7.337303756000092e-05,7.349383569286267e-05,7.337303756000092e-05,7.349383569286267e-05,3.06426966255654
1791555960,7.349383569286267e-05,7.35209277288569e-05,7.349383569286267e-05,7.35209277288569e-05,5.523308256423704
1791556020,7.35209277288569e-05,7.35209277288569e-05,7.227859226288835e-05,7.227859226288835e-05,25.407628895560734
1791556140,7.227859226288835e-05,7.227859226288835e-05,7.030692439492394e-05,7.030692439492394e-05,342.26131849689307
1791556200,7.030692439492394e-05,7.030692439492394e-05,6.851480755186612e-05,6.944419205068072e-05,10.372154262748738
1791556260,6.944419205068072e-05,6.944419205068072e-05,6.684451738801814e-05,6.684451738801814e-05,301.97948888306075
1791556320,6.684451738801814e-05,6.684451738801814e-05,6.33534029272785e-05,6.358956614353132e-05,295.93681698909717
1791556380,6.358956614353132e-05,6.371954203927263e-05,6.358956614353132e-05,6.367183533481325e-05,9.197053132682633
1791556440,6.367183533481325e-05,6.367183533481325e-05,6.258017955151831e-05,6.348151638038115e-05,27.34760433436094
1791556500,6.348151638038115e-05,6.354382410206672e-05,6.243907522993097e-05,6.243907522993097e-05,85.8224290354249
1791556560,6.243907522993097e-05,6.432014465394271e-05,6.243907522993097e-05,6.432014465394271e-05,171.0921542181656
1791556620,6.432014465394271e-05,6.432014465394271e-05,6.166356195394277e-05,6.166356195394277e-05,226.36789884558235
1791556740,6.166356195394277e-05,6.242067777100145e-05,6.142175749695432e-05,6.240534346950869e-05,91.82368972223249
1791556860,6.240534346950869e-05,6.240534346950869e-05,6.168172534127815e-05,6.168172534127815e-05,2.2269378055125966
1791556920,6.168172534127815e-05,6.244212448542842e-05,6.168172534127815e-05,6.244212448542842e-05,5.3824221478066425
1791556980,6.244212448542842e-05,6.247073718037123e-05,6.135126990418662e-05,6.135126990418662e-05,40.87710340268384
1791557040,6.135126990418662e-05,6.211819277882923e-05,6.135126990418662e-05,6.211819277882923e-05,0.4347303013295715
1791557100,6.211819277882923e-05,6.211819277882923e-05,6.125878213676368e-05,6.125878213676368e-05,13.445681456037814
1791557160,6.125878213676368e-05,6.212817203013102e-05,6.125878213676368e-05,6.128230701002103e-05,22.138991896094673
1791557220,6.128230701002103e-05,6.25267049437593e-05,6.128230701002103e-05,6.25267049437593e-05,50.92993540059048
1791557280,6.25267049437593e-05,6.255581096925858e-05,6.252068687051234e-05,6.255581096925858e-05,15.80812344997469
1791557340,6.255581096925858e-05,6.279507544547623e-05,6.255581096925858e-05,6.279507544547623e-05,27.20281924327094
1791557400,6.279507544547623e-05,6.298505899582744e-05,6.279507544547623e-05,6.298505899582744e-05,7.918911457734723
1791557520,6.298505899582744e-05,6.320430162909369e-05,6.2197092801821e-05,6.320430162909369e-05,24.758465193890313
1791557580,6.320430162909369e-05,6.331975448824108e-05,6.320430162909369e-05,6.331975448824108e-05,5.447402872761064
1791557700,6.331975448824108e-05,6.331975448824108e-05,6.223254755316753e-05,6.223254755316753e-05,48.798977299570474
1791557760,6.223254755316753e-05,6.289996562429038e-05,6.223254755316753e-05,6.289996562429038e-05,4.525471166438809
1791557880,6.289996562429038e-05,6.294319424153228e-05,6.289996562429038e-05,6.294319424153228e-05,10.895339582140593
1791557940,6.294319424153228e-05,6.595881610349722e-05,6.205767874614371e-05,6.595881610349722e-05,320.24102993718833
1791558000,6.595881610349722e-05,6.789334807858337e-05,6.595881610349722e-05,6.789334807858337e-05,340.4123380491726
1791558060,6.789334807858337e-05,6.861863437340344e-05,6.789334807858337e-05,6.861863437340344e-05,117.13929407354537
1791558120,6.861863437340344e-05,6.861863437340344e-05,6.813179155314202e-05,6.813179155314202e-05,8.788293019166586
1791558180,6.813179155314202e-05,6.901317894061322e-05,6.807321432082065e-05,6.807321432082065e-05,5.381459128057813
1791558240,6.807321432082065e-05,6.807321432082065e-05,6.758499066587718e-05,6.758499066587718e-05,47.87501997496584
1791558300,6.758499066587718e-05,6.843386215164032e-05,6.72801901983251e-05,6.739157531804341e-05,26.599608601635467
1791558360,6.739157531804341e-05,6.739157531804341e-05,6.717565724317496e-05,6.717565724317496e-05,0.49701690656662234
1791558420,6.717565724317496e-05,8.160653899653041e-05,6.717565724317496e-05,8.160653899653041e-05,1403.1259591673002
1791558480,8.160653899653041e-05,8.197735923874501e-05,8.061315707807893e-05,8.096997585433427e-05,46.39083197592437
1791558540,8.096997585433427e-05,8.096997585433427e-05,7.72998120773451e-05,7.72998120773451e-05,334.68883741578946
1791558600,7.72998120773451e-05,7.72998120773451e-05,7.54717341968397e-05,7.54717341968397e-05,156.37553963078824
1791558660,7.54717341968397e-05,7.54717341968397e-05,7.520288093919438e-05,7.520288093919438e-05,51.27532445635661
1791558720,7.520288093919438e-05,7.520288093919438e-05,7.459473807537069e-05,7.459473807537069e-05,49.60657469581734
1791558780,7.459473807537069e-05,7.52941900217338e-05,7.459473807537069e-05,7.52941900217338e-05,2.4524950655413047
1791558840,7.52941900217338e-05,7.52941900217338e-05,7.356030989923355e-05,7.356030989923355e-05,118.13528291511791
1791558900,7.356030989923355e-05,7.356030989923355e-05,7.277671212430504e-05,7.277671212430504e-05,17.55990594424254
1791559020,7.277671212430504e-05,7.400074283810458e-05,7.277671212430504e-05,7.290318261950798e-05,102.19352093620262
1791559140,7.290318261950798e-05,7.371930915421525e-05,7.276786403381249e-05,7.276786403381249e-05,59.18362690154166
1791559260,7.276786403381249e-05,7.37087815644385e-05,7.276786403381249e-05,7.37087815644385e-05,6.589819593746819
1791559320,7.37087815644385e-05,7.374588383083841e-05,7.37087815644385e-05,7.374588383083841e-05,0.08585912268090554
1791559380,7.374588383083841e-05,7.374588383083841e-05,7.151217606746306e-05,7.265437008208986e-05,157.73477150494332
1791559440,7.265437008208986e-05,7.265437008208986e-05,7.156111888142857e-05,7.230777576459869e-05,69.19241677065807
1791559560,7.230777576459869e-05,7.230777576459869e-05,7.094328801957725e-05,7.094328801957725e-05,80.94140050798805
1791559620,7.094328801957725e-05,7.15737285029515e-05,7.066699893725144e-05,7.066699893725144e-05,41.123146044774614
1791559740,7.066699893725144e-05,7.066699893725144e-05,6.983205795595071e-05,6.983205795595071e-05,118.72705095694661
1791559800,6.983205795595071e-05,6.991816690840523e-05,6.897760206580695e-05,6.991816690840523e-05,53.22979781346424
1791559980,6.991816690840523e-05,6.991816690840523e-05,6.847335564455912e-05,6.847335564455912e-05,114.47479798471929
1791560100,6.847335564455912e-05,7.618397055888364e-05,6.847335564455912e-05,7.484195646446496e-05,707.3103354340526
1791560160,7.484195646446496e-05,7.520931879888343e-05,7.428699544096205e-05,7.520931879888343e-05,93.46825519653551
1791560220,7.520931879888343e-05,7.520931879888343e-05,6.909114984625761e-05,6.909114984625761e-05,557.254007466821
1791560280,6.909114984625761e-05,6.909114984625761e-05,6.700838394346137e-05,6.700838394346137e-05,117.29564024187023
1791560340,6.700838394346137e-05,6.802856931826524e-05,6.66344675516715e-05,6.66344675516715e-05,95.31615809404289
1791560400,6.66344675516715e-05,7.066450760469778e-05,6.66344675516715e-05,7.066450760469778e-05,604.380987165793
1791560460,7.066450760469778e-05,7.423387418948005e-05,7.066450760469778e-05,7.321818607898049e-05,29.090009936183197
1791560520,7.321818607898049e-05,7.321818607898049e-05,6.781781083489783e-05,6.781781083489783e-05,529.8481719911537
1791560640,6.781781083489783e-05,6.781781083489783e-05,6.702683318706244e-05,6.702683318706244e-05,139.437691039203
1791560700,6.702683318706244e-05,6.702683318706244e-05,6.605497628671228e-05,6.605497628671228e-05,35.22096781893569
1791560820,6.605497628671228e-05,6.685149682092533e-05,6.605497628671228e-05,6.685149682092533e-05,0.03230443394806496
1791560880,6.685149682092533e-05,7.20494670230526e-05,6.685149682092533e-05,7.20494670230526e-05,609.3782984324849
1791560940,7.20494670230526e-05,7.74795067999403e-05,7.20494670230526e-05,7.742968659076586e-05,404.800089656687
1791561000,7.742968659076586e-05,7.742968659076586e-05,7.630679590034351e-05,7.630679590034351e-05,16.024427139072138
1791561060,7.630679590034351e-05,7.732235446771328e-05,7.630679590034351e-05,7.633936970294032e-05,6.395581540843233
1791561120,7.633936970294032e-05,7.739468160056574e-05,7.633936970294032e-05,7.739468160056574e-05,9.260396496513378
1791561180,7.739468160056574e-05,7.739468160056574e-05,7.626055278392564e-05,7.626055278392564e-05,10.677101241870758
1791561360,7.626055278392564e-05,7.773437857101886e-05,7.626055278392564e-05,7.708912954753277e-05,88.65887381788842
1791561420,7.708912954753277e-05,7.835577950869917e-05,7.708912954753277e-05,7.73300157220125e-05,18.736998597541376
1791561540,7.73300157220125e-05,7.73300157220125e-05,7.392941741920772e-05,7.392941741920772e-05,306.9932305934041
1791561600,7.392941741920772e-05,7.392941741920772e-05,7.116432234768279e-05,7.131505722568885e-05,350.86599179995125
1791561660,7.131505722568885e-05,9.55801122972869e-05,7.131505722568885e-05,9.50439032475916e-05,2237.6915705903757
1791561720,9.50439032475916e-05,9.912342240697351e-05,8.761586377530277e-05,8.761586377530277e-05,1909.2827981239677
1791561780,8.761586377530277e-05,9.298388605725433e-05,8.761586377530277e-05,9.298388605725433e-05,342.54790504899194
1791561840,9.298388605725433e-05,9.314334699014399e-05,8.91981636045262e-05,9.014489066403701e-05,330.8657061762297
1791561900,9.014489066403701e-05,9.025678011949023e-05,8.561817973240171e-05,8.644902083039368e-05,539.8309231337819
1791561960,8.644902083039368e-05,8.926359810583008e-05,8.48007219187918e-05,8.708044099891994e-05,547.6311754413877
1791562020,8.708044099891994e-05,9.169030073158102e-05,8.708044099891994e-05,9.079188571218127e-05,699.3600488148
1791562080,9.079188571218127e-05,9.079188571218127e-05,8.867634170780051e-05,8.92009063383813e-05,177.91956804908696
1791562140,8.92009063383813e-05,8.984120528475637e-05,8.757022744418686e-05,8.920477328677043e-05,160.4338464375434
1791562200,8.920477328677043e-05,8.956517254234051e-05,8.574660860000587e-05,8.574660860000587e-05,289.29813642142847
1791562260,8.574660860000587e-05,8.574660860000587e-05,8.305597627234276e-05,8.305597627234276e-05,310.65024729592005
1791562320,8.305597627234276e-05,9.052974880242649e-05,8.305597627234276e-05,8.956797559193606e-05,615.8788724555602
1791562380,8.956797559193606e-05,9.091925491816869e-05,8.948877849444185e-05,8.948877849444185e-05,47.54058014336044
1791562440,8.948877849444185e-05,9.04957023798395e-05,8.92372390010431e-05,8.92372390010431e-05,11.035823149343411
1791562560,8.92372390010431e-05,9.23449316167859e-05,8.913655508723634e-05,9.23449316167859e-05,199.45625651947557
1791562620,9.23449316167859e-05,9.2442200337573e-05,7.445923250282065e-05,8.120899810946144e-05,3612.0490386294564
1791562680,8.120899810946144e-05,8.120899810946144e-05,7.261513536031446e-05,7.461382287433731e-05,1221.3205377249142
1791562740,7.461382287433731e-05,7.537006894618178e-05,7.29623235114739e-05,7.375494116221598e-05,284.61066972409975
1791562800,7.375494116221598e-05,7.427178615145313e-05,7.240932068965578e-05,7.427178615145313e-05,312.6810599867744
1791562860,7.427178615145313e-05,7.443015628523095e-05,7.29629836612925e-05,7.29629836612925e-05,102.70132276235903
1791562920,7.29629836612925e-05,7.29629836612925e-05,7.145375684505591e-05,7.257033162209082e-05,118.18867712404608
1791562980,7.257033162209082e-05,7.257033162209082e-05,7.150846747637992e-05,7.245930446172926e-05,15.851687457156261
1791563040,7.245930446172926e-05,7.274728837075853e-05,7.146712255744618e-05,7.274728837075853e-05,48.31208966019919
1791563100,7.274728837075853e-05,7.295467493885067e-05,7.195984780018783e-05,7.195984780018783e-05,1.6145179988759333
1791563160,7.195984780018783e-05,7.21997004128932e-05,7.11892848117515e-05,7.21997004128932e-05,90.7396922217589
1791563220,7.21997004128932e-05,7.21997004128932e-05,7.118298307212031e-05,7.118298307212031e-05,1.5055443582542738
1791563280,7.118298307212031e-05,7.214382267688106e-05,7.095532491226208e-05,7.095532491226208e-05,18.165628307158734
1791563340,7.095532491226208e-05,7.2011911711298e-05,7.095532491226208e-05,7.105629362832993e-05,12.32390908650111
1791563460,7.105629362832993e-05,7.206992709872985e-05,7.01665669685471e-05,7.01665669685471e-05,156.15876137477568
1791563520,7.01665669685471e-05,7.050381886355987e-05,6.939074699925249e-05,7.050381886355987e-05,12.322735971710273
1791563580,7.050381886355987e-05,7.056225839400071e-05,6.917068144494968e-05,7.056225839400071e-05,194.75091749342747
1791563640,7.056225839400071e-05,7.056225839400071e-05,6.872458901375615e-05,6.872458901375615e-05,112.84572656082659
1791563700,6.872458901375615e-05,6.980348302738217e-05,6.872458901375615e-05,6.88618938453864e-05,14.14190866446214
1791563760,6.88618938453864e-05,6.88618938453864e-05,6.82603389526357e-05,6.82603389526357e-05,114.18999379024802
1791563820,6.82603389526357e-05,6.82603389526357e-05,6.758786686051752e-05,6.758786686051752e-05,8.71802617925924
1791563880,6.758786686051752e-05,6.758786686051752e-05,6.486254797513508e-05,6.486254797513508e-05,292.89870508613893
1791563940,6.486254797513508e-05,6.559279181685373e-05,6.240792176947744e-05,6.240792176947744e-05,269.2548538085844
1791564000,6.240792176947744e-05,6.709744145704709e-05,6.228310242330072e-05,6.709744145704709e-05,481.7367893775889
1791564060,6.709744145704709e-05,6.902278284260878e-05,6.709744145704709e-05,6.856232959454599e-05,277.4468596685748
1791564120,6.856232959454599e-05,6.856232959454599e-05,6.46378332022492e-05,6.46378332022492e-05,353.6050258363558
1791564180,6.46378332022492e-05,7.274267925187857e-05,6.443487988900988e-05,7.124510686657088e-05,902.3084492993003
1791564240,7.124510686657088e-05,7.215724516155067e-05,7.021111346057525e-05,7.021111346057525e-05,226.16441014234778
1791564300,7.021111346057525e-05,7.021111346057525e-05,6.804498280527792e-05,6.872666870629768e-05,181.2930628556098
1791564360,6.872666870629768e-05,6.872666870629768e-05,5.609264098644202e-05,6.026820018909727e-05,2016.755805280819
1791564420,6.026820018909727e-05,6.39781054310908e-05,6.026820018909727e-05,6.39781054310908e-05,575.0255873444729
1791564480,6.39781054310908e-05,6.39781054310908e-05,6.162884276255489e-05,6.167618941944123e-05,209.28301990265052
1791564540,6.167618941944123e-05,6.25534346762718e-05,6.024684870835839e-05,6.024684870835839e-05,190.14229956651073
1791564600,6.024684870835839e-05,6.192802851852579e-05,6.024684870835839e-05,6.192802851852579e-05,97.56073891954532
1791564660,6.192802851852579e-05,6.543513153274425e-05,6.177535144131366e-05,6.229948514255885e-05,856.3361010654145
1791564720,6.229948514255885e-05,6.412721586016647e-05,6.229948514255885e-05,6.268746401620512e-05,269.63443611465635
1791564780,6.268746401620512e-05,6.322135832309843e-05,6.212241647884012e-05,6.322135832309843e-05,37.02976939757117
1791564840,6.322135832309843e-05,6.322135832309843e-05,6.0720934534806814e-05,6.244249499382244e-05,333.6991744791294
1791564900,6.244249499382244e-05,6.603790164498394e-05,6.244249499382244e-05,6.519195407790597e-05,292.8197760260443
1791564960,6.519195407790597e-05,6.550593009608213e-05,6.480202473384955e-05,6.550593009608213e-05,81.60479018192403
1791565020,6.550593009608213e-05,6.550593009608213e-05,6.453518091676431e-05,6.536520574946165e-05,26.571459974840515
1791565080,6.536520574946165e-05,6.561270922521433e-05,6.444094643669803e-05,6.561270922521433e-05,31.691075744416626
1791565140,6.561270922521433e-05,6.561270922521433e-05,6.324165681793678e-05,6.324165681793678e-05,248.33752037139212
1791565200,6.324165681793678e-05,6.577869070893241e-05,6.324165681793678e-05,6.577869070893241e-05,231.19624714294773
1791565260,6.577869070893241e-05,6.866611780830736e-05,6.248903934414111e-05,6.248903934414111e-05,846.1562820858466
1791565320,6.248903934414111e-05,6.329111118536174e-05,6.129226557483656e-05,6.129226557483656e-05,182.07513038379977
1791565380,6.129226557483656e-05,6.153761016887702e-05,5.9786974621061576e-05,5.9786974621061576e-05,143.00833395986115
1791565440,5.9786974621061576e-05,6.062825278896472e-05,5.975617315721216e-05,6.062825278896472e-05,12.07945429842012
1791565500,6.062825278896472e-05,6.062825278896472e-05,5.478356163479937e-05,5.873933765741106e-05,1234.9001671974393
1791565560,5.873933765741106e-05,5.895912515436828e-05,5.79018292154329e-05,5.876990439124234e-05,39.22951881914551
1791565620,5.876990439124234e-05,6.160113210631873e-05,5.876990439124234e-05,6.160113210631873e-05,274.90134569687035
1791565680,6.160113210631873e-05,6.160113210631873e-05,6.0313133608125096e-05,6.0313133608125096e-05,71.9948438654092
1791565740,6.0313133608125096e-05,6.12443792688534e-05,6.0313133608125096e-05,6.042891262704903e-05,17.611029337779037
1791565800,6.042891262704903e-05,6.123024566022896e-05,6.019698423826418e-05,6.019698423826418e-05,41.06900530885662
1791565860,6.019698423826418e-05,6.0891723516366567e-05,6.0043842846674026e-05,6.0891723516366567e-05,8.22667536606309
1791565920,6.0891723516366567e-05,6.0891723516366567e-05,5.993043808553545e-05,5.993043808553545e-05,13.26487550052409
1791565980,5.993043808553545e-05,6.0846354650687974e-05,5.993043808553545e-05,6.003364606976048e-05,7.837363873183255
1791566040,6.003364606976048e-05,6.003364606976048e-05,5.857258629158121e-05,5.893416448489528e-05,215.67595625834642
1791566100,5.893416448489528e-05,5.97845756156696e-05,5.893416448489528e-05,5.9126352045635796e-05,26.543845254044214
1791566160,5.9126352045635796e-05,5.9949563982058854e-05,5.906942824863198e-05,5.9949563982058854e-05,11.203618257414009
1791566220,5.9949563982058854e-05,6.060876310753475e-05,5.963484933586212e-05,5.963484933586212e-05,80.84863476766174
1791566280,5.963484933586212e-05,5.963484933586212e-05,5.759530415674106e-05,5.759530415674106e-05,496.1816983139587
1791566340,5.759530415674106e-05,5.759530415674106e-05,5.5729422155648297e-05,5.5729422155648297e-05,269.32592702557923
1791566400,5.5729422155648297e-05,5.5729422155648297e-05,4.529482421352934e-05,5.079191244383565e-05,3249.2540811420613
1791566460,5.079191244383565e-05,5.146249640610777e-05,5.0519022112547675e-05,5.108192595417994e-05,134.36257435205866
1791566520,5.108192595417994e-05,5.2785261131417186e-05,5.108192595417994e-05,5.2785261131417186e-05,412.8575375803832
1791566580,5.2785261131417186e-05,5.3579164889634386e-05,5.2785261131417186e-05,5.301044748039797e-05,90.18451297043771
1791566640,5.301044748039797e-05,5.425924591685726e-05,5.301044748039797e-05,5.425924591685726e-05,68.19287858388014
1791566700,5.425924591685726e-05,5.427992817973429e-05,5.355289956521793e-05,5.427992817973429e-05,15.935432042689207
1791566760,5.427992817973429e-05,5.522434868676443e-05,5.427992817973429e-05,5.442374162099356e-05,188.9037990328102
1791566820,5.442374162099356e-05,5.442374162099356e-05,5.428868524692724e-05,5.428868524692724e-05,1.1888206502585663
1791566880,5.428868524692724e-05,5.428868524692724e-05,5.426324955030956e-05,5.426324955030956e-05,1.1874912847113999
1791566940,5.426324955030956e-05,5.453281968574796e-05,5.372392162891351e-05,5.372392162891351e-05,60.027851449538524
1791567000,5.372392162891351e-05,5.372392162891351e-05,5.1307081938265006e-05,5.1307081938265006e-05,242.9634730840451
1791567060,5.1307081938265006e-05,5.228019151458766e-05,5.12666428320913e-05,5.192545745030001e-05,124.91869111643439
1791567120,5.192545745030001e-05,5.192545745030001e-05,5.106959902314585e-05,5.176462286603784e-05,44.50870060721475
1791567180,5.176462286603784e-05,5.182439288267534e-05,5.1073842860108724e-05,5.1073842860108724e-05,8.657663198025835
1791567240,5.1073842860108724e-05,5.309203975503742e-05,5.1073842860108724e-05,5.309203975503742e-05,162.26209423843954
1791567300,5.309203975503742e-05,5.341873798350935e-05,5.2271180207264795e-05,5.2271180207264795e-05,84.13352231008162
1791567360,5.2271180207264795e-05,5.734860203042097e-05,5.2271180207264795e-05,5.711066227691641e-05,608.6955091657616
1791567420,5.711066227691641e-05,5.8395596441986145e-05,5.711066227691641e-05,5.8395596441986145e-05,35.54391826094066
1791567480,5.8395596441986145e-05,5.8395596441986145e-05,5.631224858493306e-05,5.631224858493306e-05,218.5791120642473
1791567540,5.631224858493306e-05,5.634956708132911e-05,5.631224858493306e-05,5.634956708132911e-05,5.420995261092352
1791567600,5.634956708132911e-05,5.634956708132911e-05,5.560935308904494e-05,5.560935308904494e-05,1.1951219731286526
1791567720,5.560935308904494e-05,5.5648644754299856e-05,5.560935308904494e-05,5.5648644754299856e-05,1.1951890272806718
1791567780,5.5648644754299856e-05,5.640513200501535e-05,5.560958308850379e-05,5.640513200501535e-05,6.618224413033757
1791567840,5.640513200501535e-05,5.652181485939973e-05,5.56208506303045e-05,5.652181485939973e-05,25.588007005580074
1791567900,5.652181485939973e-05,5.861235455712077e-05,5.652181485939973e-05,5.843684337032068e-05,337.3837175881353
1791567960,5.843684337032068e-05,5.927660095280077e-05,5.843684337032068e-05,5.927660095280077e-05,2.5289836483125443
1791568020,5.927660095280077e-05,5.948803711760458e-05,5.85562325398239e-05,5.948803711760458e-05,16.951815488953166
1791568080,5.948803711760458e-05,5.948803711760458e-05,5.864228327134376e-05,5.864228327134376e-05,1.199214631022019
1791568200,5.864228327134376e-05,5.86594546056653e-05,5.864228327134376e-05,5.86594546056653e-05,1.1987860611565313
1791568260,5.86594546056653e-05,5.9723545428456276e-05,5.86594546056653e-05,5.9723545428456276e-05,34.0148828428671
1791568320,5.9723545428456276e-05,5.9871265300681336e-05,5.897517318746969e-05,5.9871265300681336e-05,14.448094282447485
1791568380,5.9871265300681336e-05,6.001048658858254e-05,5.918159340054959e-05,5.918159340054959e-05,6.110945960577637
1791568440,5.918159340054959e-05,5.918159340054959e-05,5.8613072927491414e-05,5.8613072927491414e-05,114.15352548719093
1791568500,5.8613072927491414e-05,5.8969442824673175e-05,5.8237372100491314e-05,5.8237372100491314e-05,20.273116675163617
1791568560,5.8237372100491314e-05,5.8237372100491314e-05,5.8188593291265785e-05,5.8188593291265785e-05,9.108766656315984
1791568620,5.8188593291265785e-05,5.8188593291265785e-05,5.815814143011812e-05,5.815814143011812e-05,1.1893142377863322
1791568680,5.815814143011812e-05,5.815814143011812e-05,5.7190321771498585e-05,5.7190321771498585e-05,96.91532420799031
1791568740,5.7190321771498585e-05,5.8010872990434786e-05,5.7121538697461094e-05,5.7121538697461094e-05,22.66376132438301
1791568800,5.7121538697461094e-05,5.7121538697461094e-05,5.7029504227775004e-05,5.7029504227775004e-05,1.1757984268778974
1791568860,5.7029504227775004e-05,5.7884104662947014e-05,5.417728690770052e-05,5.417728690770052e-05,301.7432569603964
1791568920,5.417728690770052e-05,5.499187419104688e-05,5.417388095573492e-05,5.494344086292476e-05,5.6725691223226
1791568980,5.494344086292476e-05,5.4952886047138056e-05,5.39306312265015e-05,5.39306312265015e-05,54.97409561391711
1791569040,5.39306312265015e-05,5.39306312265015e-05,5.3640890576176696e-05,5.3640890576176696e-05,1.1360874106587353
1791569100,5.3640890576176696e-05,5.3640890576176696e-05,5.332714417670954e-05,5.332714417670954e-05,33.73917904724935
1791569160,5.332714417670954e-05,5.332714417670954e-05,4.8855859672553466e-05,4.8855859672553466e-05,977.0415322853631
1791569220,4.8855859672553466e-05,4.939577812881476e-05,4.869264411653089e-05,4.939577812881476e-05,1.4414965683280303
1791569280,4.939577812881476e-05,4.9856426922818114e-05,4.860837250177466e-05,4.941310497685574e-05,124.63636672405507
1791569340,4.941310497685574e-05,4.941310497685574e-05,4.8459059865943194e-05,4.882112283778018e-05,162.14400666244063
1791569400,4.882112283778018e-05,4.882112283778018e-05,4.703341984602692e-05,4.703341984602692e-05,190.29671525957826
1791569460,4.703341984602692e-05,4.763363139164132e-05,4.477738542887324e-05,4.5329188354639854e-05,313.1645570458366
1791569520,4.5329188354639854e-05,4.674169896102817e-05,4.5329188354639854e-05,4.614906906947203e-05,156.0212765324894
1791569580,4.614906906947203e-05,4.614906906947203e-05,4.6024074383913585e-05,4.6024074383913585e-05,23.073773292453247
1791569640,4.6024074383913585e-05,4.6580653189726914e-05,4.586831201689801e-05,4.6580653189726914e-05,23.08965297653847
1791569700,4.6580653189726914e-05,4.6580653189726914e-05,4.604494503941608e-05,4.604494503941608e-05,1.0441699530625979
1791569760,4.604494503941608e-05,4.812123253671815e-05,4.604494503941608e-05,4.812123253671815e-05,161.70527941671088
1791569820,4.812123253671815e-05,4.812123253671815e-05,4.7464814968760863e-05,4.7464814968760863e-05,1.058866339710214
1791569880,4.7464814968760863e-05,4.817674875671298e-05,4.7425278068172316e-05,4.7425278068172316e-05,20.833723639618533
1791570060,4.7425278068172316e-05,4.746188143623345e-05,4.696718645426525e-05,4.712289432116039e-05,64.33587180270177
1791570120,4.712289432116039e-05,4.752541831335396e-05,4.683223136267259e-05,4.752541831335396e-05,2.133261213135417
1791570180,4.752541831335396e-05,4.752541831335396e-05,4.6424219989429276e-05,4.702356858243656e-05,42.06711801234065
1791570240,4.702356858243656e-05,4.702356858243656e-05,4.435536220046222e-05,4.435536220046222e-05,301.3569996325494
1791570300,4.435536220046222e-05,4.680303323035715e-05,4.2441845686700073e-05,4.680303323035715e-05,725.8310529030643
1791570480,4.680303323035715e-05,4.7745105975995026e-05,4.680303323035715e-05,4.758947587096508e-05,156.15106139391682
1791570540,4.758947587096508e-05,5.290722180514535e-05,4.758947587096508e-05,5.290722180514535e-05,503.57953021035445
1791570600,5.290722180514535e-05,5.34334638687399e-05,5.290722180514535e-05,5.34334638687399e-05,58.08682407482248
1791570660,5.34334638687399e-05,5.351688004851082e-05,5.268375618299721e-05,5.292583201876561e-05,45.79334827509138
1791570720,5.292583201876561e-05,5.3349348630034794e-05,5.274744445294988e-05,5.3349348630034794e-05,45.124786941556295
1791570780,5.3349348630034794e-05,5.387542385165447e-05,5.3349348630034794e-05,5.387542385165447e-05,63.33288682692412
1791570840,5.387542385165447e-05,5.410116626915251e-05,5.342943576499063e-05,5.342943576499063e-05,22.13072513042199
1791570900,5.342943576499063e-05,5.342943576499063e-05,5.265290755129766e-05,5.3273552045919045e-05,129.93979753201933
1791570960,5.3273552045919045e-05,5.3273552045919045e-05,5.141455035336767e-05,5.141455035336767e-05,135.3654859534971
1791571140,5.141455035336767e-05,5.200210319897872e-05,5.1237437087433756e-05,5.200210319897872e-05,59.04921633444117
1791571200,5.200210319897872e-05,5.230799177223112e-05,5.144346103527176e-05,5.230799177223112e-05,44.46368837725403
1791571260,5.230799177223112e-05,5.673376116697131e-05,5.230799177223112e-05,5.673376116697131e-05,618.779790123192
1791571320,5.673376116697131e-05,5.673376116697131e-05,5.505560221068136e-05,5.505560221068136e-05,191.95710299203515
1791571440,5.505560221068136e-05,5.505560221068136e-05,5.411374222191727e-05,5.498948442793556e-05,24.379344037172725
1791571500,5.498948442793556e-05,5.507252374843496e-05,5.498948442793556e-05,5.507252374843496e-05,4.504507694515902
1791571560,5.507252374843496e-05,5.507252374843496e-05,5.427794912047916e-05,5.505910723079784e-05,18.180000995974215
1791571680,5.505910723079784e-05,5.524211627278831e-05,5.345593726573526e-05,5.345593726573526e-05,131.74332671745395
1791571740,5.345593726573526e-05,5.345593726573526e-05,5.317708830535979e-05,5.317708830535979e-05,16.41338511926107
1791571800,5.317708830535979e-05,5.416469022305509e-05,5.317708830535979e-05,5.416469022305509e-05,26.559384362933887
1791571860,5.416469022305509e-05,5.425457855258387e-05,5.416469022305509e-05,5.425457855258387e-05,5.538978271831295
1791571920,5.425457855258387e-05,5.427303894734431e-05,5.425457855258387e-05,5.427303894734431e-05,5.534085579416075
1791572040,5.427303894734431e-05,5.427303894734431e-05,5.420565710641338e-05,5.420565710641338e-05,0.04270985496422999
1791572160,5.420565710641338e-05,5.420565710641338e-05,5.340574497318994e-05,5.340574497318994e-05,0.8927889216619997
1791572400,5.340574497318994e-05,5.340574497318994e-05,5.33815619307505e-05,5.33815619307505e-05,4.891981539908377
1791572460,5.33815619307505e-05,5.33815619307505e-05,5.2790364193777865e-05,5.2790364193777865e-05,65.78030254774578
1791572520,5.2790364193777865e-05,5.2790364193777865e-05,5.274881562258792e-05,5.274881562258792e-05,5.1909243318636245
1791572580,5.274881562258792e-05,5.577473513070111e-05,5.274881562258792e-05,5.577473513070111e-05,247.9456186292434
1791572700,5.577473513070111e-05,5.619043672482151e-05,5.512854813054484e-05,5.619043672482151e-05,32.90297864784781
1791572760,5.619043672482151e-05,5.619043672482151e-05,5.490206430447703e-05,5.490206430447703e-05,114.21468981440661
1791572820,5.490206430447703e-05,5.490206430447703e-05,5.206933013115931e-05,5.206933013115931e-05,238.203436923447
1791572880,5.206933013115931e-05,5.206933013115931e-05,5.103270713425212e-05,5.103270713425212e-05,131.03775702518908
1791572940,5.103270713425212e-05,5.1826303858753996e-05,5.103270713425212e-05,5.1826303858753996e-05,21.617122625666624
1791573000,5.1826303858753996e-05,5.1826303858753996e-05,5.0958714249832004e-05,5.0958714249832004e-05,41.94919670416777
1791573060,5.0958714249832004e-05,5.0958714249832004e-05,4.9230778444656386e-05,4.9230778444656386e-05,194.9090416469989
1791573120,4.9230778444656386e-05,5.0440285334820047e-05,4.9230778444656386e-05,5.0440285334820047e-05,161.65344963314496
1791573180,5.0440285334820047e-05,5.134718089150468e-05,5.0440285334820047e-05,5.134718089150468e-05,39.7739722627666
1791573240,5.134718089150468e-05,5.134718089150468e-05,5.071428381448805e-05,5.071428381448805e-05,25.061953922547
1791573300,5.071428381448805e-05,5.071428381448805e-05,5.042581047419025e-05,5.042581047419025e-05,26.05359606597379
1791573480,5.042581047419025e-05,5.0968082309933064e-05,5.0251687245907654e-05,5.0968082309933064e-05,6.139616566798372
1791573600,5.0968082309933064e-05,5.0968082309933064e-05,4.993235381598821e-05,5.054072522823281e-05,52.52318751870801
1791573720,5.054072522823281e-05,5.054072522823281e-05,4.9660149081324734e-05,4.9660149081324734e-05,42.93302927593394
1791573780,4.9660149081324734e-05,4.9660149081324734e-05,4.920582406966051e-05,4.920582406966051e-05,47.260676919721284
1791573840,4.920582406966051e-05,4.973416092554748e-05,4.920582406966051e-05,4.971120606159745e-05,1.7382672795892533
1791573900,4.971120606159745e-05,4.971120606159745e-05,4.879034670512536e-05,4.879034670512536e-05,24.4001601239455
1791573960,4.879034670512536e-05,4.964134668152368e-05,4.874496621110844e-05,4.964134668152368e-05,49.21519435396015
1791574020,4.964134668152368e-05,4.9948729813871774e-05,4.964134668152368e-05,4.9948729813871774e-05,39.2631844203251
1791574080,4.9948729813871774e-05,5.3095339575567236e-05,4.9948729813871774e-05,5.3095339575567236e-05,340.4512803989351
1791574140,5.3095339575567236e-05,5.3095339575567236e-05,5.2455625448481165e-05,5.305305452052027e-05,24.65362709030335
1791574260,5.305305452052027e-05,5.310110338121746e-05,5.237621355847932e-05,5.237621355847932e-05,10.997733121237667
1791574320,5.237621355847932e-05,5.237621355847932e-05,5.232619271734535e-05,5.232619271734535e-05,2.6038091435810036
1791574380,5.232619271734535e-05,5.232619271734535e-05,5.1575415296975344e-05,5.1575415296975344e-05,78.0445912252342
1791574440,5.1575415296975344e-05,5.236330523138536e-05,5.149071688002071e-05,5.149071688002071e-05,36.94112966207308
1791574500,5.149071688002071e-05,5.5639415002493633e-05,5.149071688002071e-05,5.5508869240614374e-05,370.61444705776745
1791574560,5.5508869240614374e-05,5.5508869240614374e-05,5.319865458616609e-05,5.319865458616609e-05,308.6635150708126
1791574680,5.319865458616609e-05,5.319865458616609e-05,5.1673704603110834e-05,5.1673704603110834e-05,31.893302384945848
1791574800,5.1673704603110834e-05,5.2888432881131486e-05,5.1673704603110834e-05,5.216537758992025e-05,96.72722585930848
1791574860,5.216537758992025e-05,5.216537758992025e-05,5.202070171772252e-05,5.202070171772252e-05,7.40887877012539
1791574980,5.202070171772252e-05,5.202070171772252e-05,5.067721883569304e-05,5.156844526119026e-05,172.04644408171532
1791575100,5.156844526119026e-05,5.161281916299241e-05,5.071694228508018e-05,5.071694228508018e-05,47.625744290171106
1791575160,5.071694228508018e-05,5.071694228508018e-05,5.064453796432353e-05,5.064453796432353e-05,2.05571188109029
1791575220,5.064453796432353e-05,5.151242626702216e-05,5.062789862927811e-05,5.151242626702216e-05,52.43638859418411
1791575340,5.151242626702216e-05,5.151242626702216e-05,5.0704045674916846e-05,5.0704045674916846e-05,31.50171235691708
1791575400,5.0704045674916846e-05,5.0704045674916846e-05,4.477290113299401e-05,4.477290113299401e-05,805.5349242684612
1791575460,4.477290113299401e-05,4.520262655329877e-05,4.403352488484859e-05,4.520262655329877e-05,164.50381148190544
1791575520,4.520262655329877e-05,4.520262655329877e-05,4.4609030781347814e-05,4.4609030781347814e-05,16.414210056198208
1791575580,4.4609030781347814e-05,4.4609030781347814e-05,4.413286599346767e-05,4.4592391870230204e-05,155.595073268524
1791575640,4.4592391870230204e-05,4.48395896398093e-05,4.429494372462462e-05,4.48395896398093e-05,12.852604983587918
1791575760,4.48395896398093e-05,4.525841904558241e-05,4.48395896398093e-05,4.525841904558241e-05,98.8451344051259
1791575820,4.525841904558241e-05,4.596598907123617e-05,4.525841904558241e-05,4.596598907123617e-05,63.65634262106524
1791575880,4.596598907123617e-05,4.703203886386272e-05,4.596598907123617e-05,4.703203886386272e-05,142.84235618722076
1791575940,4.703203886386272e-05,4.703203886386272e-05,4.576153977562781e-05,4.576153977562781e-05,238.82355142526617
1791576000,4.576153977562781e-05,4.638870085506463e-05,4.576153977562781e-05,4.638870085506463e-05,32.049436274748984
1791576300,4.638870085506463e-05,4.638870085506463e-05,4.5991429018189925e-05,4.5991429018189925e-05,1.8283302999740705
1791576480,4.5991429018189925e-05,4.664579708717782e-05,4.5991429018189925e-05,4.664579708717782e-05,2.3198708015429803
1791576660,4.664579708717782e-05,4.7988751823669125e-05,4.664579708717782e-05,4.7988751823669125e-05,160.915804756992
1791576960,4.7988751823669125e-05,4.8467664245894916e-05,4.7988751823669125e-05,4.8467664245894916e-05,36.5294193888766
1791577020,4.8467664245894916e-05,4.893773793264402e-05,4.796554551873111e-05,4.893773793264402e-05,71.88815272178378
1791577080,4.893773793264402e-05,4.893773793264402e-05,4.5542860715875694e-05,4.617873878137108e-05,602.3956553073651
1791577140,4.617873878137108e-05,4.638013409789388e-05,4.617873878137108e-05,4.638013409789388e-05,37.20483616901772
1791577320,4.638013409789388e-05,4.638013409789388e-05,4.3808250134716994e-05,4.3808250134716994e-05,502.5269275705862
1791577380,4.3808250134716994e-05,4.3808250134716994e-05,4.0385304721088024e-05,4.0778298144011346e-05,203.4133015273029
1791577440,4.0778298144011346e-05,4.172195339379537e-05,4.0778298144011346e-05,4.172195339379537e-05,69.86345465650317
1791577500,4.172195339379537e-05,4.172195339379537e-05,3.64240124646556e-05,3.994532806016204e-05,1197.4011088182717
1791577560,3.994532806016204e-05,4.009903249157739e-05,3.921955539425547e-05,3.954309835612133e-05,83.92665281213306
1791577620,3.954309835612133e-05,3.954309835612133e-05,3.80673930174554e-05,3.8572251257147286e-05,276.89782369832096
1791577740,3.8572251257147286e-05,3.8572251257147286e-05,3.662954205972795e-05,3.7088789631135965e-05,234.5881899630817
1791577800,3.7088789631135965e-05,3.755642717254229e-05,3.663582594687608e-05,3.755642717254229e-05,85.65023722816252
1791577860,3.755642717254229e-05,3.755642717254229e-05,3.612783457175961e-05,3.612783457175961e-05,163.5163574531457
1791577920,3.612783457175961e-05,3.641116412582227e-05,3.4333152016922316e-05,3.641116412582227e-05,452.24924600904245
1791577980,3.641116412582227e-05,3.641116412582227e-05,3.3886379321652566e-05,3.492534578684905e-05,540.1564448504352
1791578040,3.492534578684905e-05,3.492534578684905e-05,3.421304948858498e-05,3.455151693875266e-05,172.39710173046336
1791578100,3.455151693875266e-05,3.477742411851604e-05,3.439138718401813e-05,3.477742411851604e-05,66.95395287493129
1791578160,3.477742411851604e-05,3.477742411851604e-05,3.3698947348403806e-05,3.378628701098189e-05,229.0912803539745
1791578220,3.378628701098189e-05,3.600830307194038e-05,3.341785939033019e-05,3.600830307194038e-05,359.1012160730038
1791578280,3.600830307194038e-05,3.600830307194038e-05,3.473717208977755e-05,3.508942787161053e-05,223.86030447033704
1791578340,3.508942787161053e-05,3.542764878918073e-05,3.508942787161053e-05,3.542764878918073e-05,59.541248024727636
1791578400,3.542764878918073e-05,3.542764878918073e-05,3.5097606743395895e-05,3.5097606743395895e-05,24.67541103140049
1791578520,3.5097606743395895e-05,3.590498186201994e-05,3.5097606743395895e-05,3.590498186201994e-05,106.3997893639465
1791578580,3.590498186201994e-05,3.590498186201994e-05,3.579118391156897e-05,3.579118391156897e-05,7.9518506525239685
1791578640,3.579118391156897e-05,3.624306030027829e-05,3.579118391156897e-05,3.624306030027829e-05,6.396014210068364
1791578700,3.624306030027829e-05,3.6309389834736826e-05,3.624306030027829e-05,3.6309389834736826e-05,0.020314909921638383
1791578760,3.6309389834736826e-05,3.665281064670327e-05,3.6309389834736826e-05,3.665281064670327e-05,60.80318937543646
1791578940,3.665281064670327e-05,3.682262963288957e-05,3.6148565990131146e-05,3.6148565990131146e-05,62.84311910104108
1791579000,3.6148565990131146e-05,3.638718129055419e-05,3.591566675228785e-05,3.638718129055419e-05,11.855732352869252
1791579180,3.638718129055419e-05,3.644746992254267e-05,3.629934869325584e-05,3.644746992254267e-05,36.771820378035954
1791579360,3.644746992254267e-05,3.644746992254267e-05,3.593010223206037e-05,3.593010223206037e-05,43.555747458646216
1791579420,3.593010223206037e-05,3.6249782049503096e-05,3.593010223206037e-05,3.6249782049503096e-05,6.966780388731154
1791579480,3.6249782049503096e-05,3.6249782049503096e-05,3.555320346073099e-05,3.555320346073099e-05,36.56149108357375
1791579600,3.555320346073099e-05,3.555320346073099e-05,3.499053214106214e-05,3.499053214106214e-05,77.46864250467745
1791579660,3.499053214106214e-05,3.5381081279684086e-05,3.481782303380101e-05,3.481782303380101e-05,30.84571282618418
1791579720,3.481782303380101e-05,3.481782303380101e-05,3.436016232027377e-05,3.449682096774626e-05,89.08597407992586
1791579780,3.449682096774626e-05,3.456387561938004e-05,3.206560875301937e-05,3.206560875301937e-05,331.27494370371915
1791579840,3.206560875301937e-05,3.206560875301937e-05,3.1010776210517366e-05,3.1536632551832946e-05,299.52729822275353
1791579960,3.1536632551832946e-05,3.1536632551832946e-05,3.132049480863122e-05,3.132049480863122e-05,1.3546741672147042
1791580020,3.132049480863122e-05,3.2294603721232206e-05,3.132049480863122e-05,3.2294603721232206e-05,191.60380792276896
1791580080,3.2294603721232206e-05,3.2367011398733754e-05,3.2294603721232206e-05,3.2367011398733754e-05,19.35103109622649
1791580140,3.2367011398733754e-05,3.2367011398733754e-05,2.885463120209121e-05,3.098339421846168e-05,881.1090239767456
1791580200,3.098339421846168e-05,3.098339421846168e-05,2.77561632933791e-05,2.9145357605565043e-05,727.8661494545365
1791580260,2.9145357605565043e-05,3.052926073836018e-05,2.874226376100748e-05,3.052926073836018e-05,275.91285480805715
1791580320,3.052926073836018e-05,3.098600615167003e-05,2.8003716952312944e-05,2.8281964289541773e-05,555.9754184226031
1791580380,2.8281964289541773e-05,2.8281964289541773e-05,2.6650376652030787e-05,2.6650376652030787e-05,224.41334478398144
1791580440,2.6650376652030787e-05,2.7869172435724642e-05,2.6650376652030787e-05,2.7527925326817003e-05,197.23341036825002
1791580500,2.7527925326817003e-05,2.954170056028873e-05,2.742195735535052e-05,2.9300206468158875e-05,323.23267371711313
1791580560,2.9300206468158875e-05,2.9300206468158875e-05,2.90971415089265e-05,2.90971415089265e-05,47.72882369445369
1791580680,2.90971415089265e-05,3.0038570955256746e-05,2.90971415089265e-05,3.0038570955256746e-05,107.96916285643248
1791580740,3.0038570955256746e-05,3.0224810433612178e-05,3.0038570955256746e-05,3.0224810433612178e-05,45.23686944417142
1791580800,3.0224810433612178e-05,3.0224810433612178e-05,2.9602718749873975e-05,2.9602718749873975e-05,55.60399457056185
1791580860,2.9602718749873975e-05,3.018085810429138e-05,2.9602718749873975e-05,3.018085810429138e-05,53.326473499187806
1791581040,3.018085810429138e-05,3.0646605519758017e-05,2.6033400624524704e-05,2.7388757581650095e-05,1040.2448099219582
1791581100,2.7388757581650095e-05,2.7977535583747355e-05,2.7388757581650095e-05,2.7791918839552325e-05,53.348269983453065
1791581160,2.7791918839552325e-05,2.807957655237331e-05,2.7791918839552325e-05,2.807957655237331e-05,15.481080029362609
1791581220,2.807957655237331e-05,2.807957655237331e-05,2.7766089081035244e-05,2.7766089081035244e-05,2.7120754214187643
1791581340,2.7766089081035244e-05,2.7766089081035244e-05,2.7713949701102733e-05,2.7713949701102733e-05,11.162590134821047
1791581400,2.7713949701102733e-05,2.8690064739575976e-05,2.7713949701102733e-05,2.8659274975274075e-05,98.3453117053051
1791581460,2.8659274975274075e-05,2.8659274975274075e-05,2.807322223863152e-05,2.8224229244912834e-05,71.59352478859807
1791581520,2.8224229244912834e-05,2.8376382281869755e-05,2.8224229244912834e-05,2.8376382281869755e-05,51.20385050652712
1791581580,2.8376382281869755e-05,2.8596166325969347e-05,2.819196050794175e-05,2.8251607854619027e-05,24.47981950777102
1791581640,2.8251607854619027e-05,2.850904418794231e-05,2.813521921140001e-05,2.813521921140001e-05,4.100823291660644
1791581700,2.813521921140001e-05,2.9224111856897375e-05,2.812243336296312e-05,2.9224111856897375e-05,213.276762879311
1791581760,2.9224111856897375e-05,3.0176781225170722e-05,2.9224111856897375e-05,3.0176781225170722e-05,53.803279102134866
1791581820,3.0176781225170722e-05,3.060301667862736e-05,3.0176781225170722e-05,3.060301667862736e-05,45.35246135187362
1791581880,3.060301667862736e-05,3.073300877862167e-05,3.060301667862736e-05,3.073300877862167e-05,3.3107129553511383
1791581940,3.073300877862167e-05,3.073300877862167e-05,2.9513417742273384e-05,2.965979239230127e-05,151.2742445342666
1791582000,2.965979239230127e-05,2.9667260838420323e-05,2.965979239230127e-05,2.9667260838420323e-05,1.4690310769910924
1791582060,2.9667260838420323e-05,2.9667260838420323e-05,2.9273193499882532e-05,2.9273193499882532e-05,6.980949758010762
1791582120,2.9273193499882532e-05,2.970719978539692e-05,2.9273193499882532e-05,2.9626713500335658e-05,58.96779287557514
1791582240,2.9626713500335658e-05,2.9626713500335658e-05,2.912516596199988e-05,2.912516596199988e-05,42.88658670257621
1791582420,2.912516596199988e-05,2.912516596199988e-05,2.8348007254652842e-05,2.8348007254652842e-05,171.083343640478
1791582480,2.8348007254652842e-05,2.8348007254652842e-05,2.7563957359010556e-05,2.7563957359010556e-05,55.53816819760942
1791582540,2.7563957359010556e-05,2.7817260232799568e-05,2.7563957359010556e-05,2.7817260232799568e-05,16.984099222564893
1791582600,2.7817260232799568e-05,2.7817260232799568e-05,2.7492515644347168e-05,2.7492515644347168e-05,0.936962799967926
1791582720,2.7492515644347168e-05,2.7492515644347168e-05,2.4826761430330533e-05,2.5591606451505946e-05,630.400015919821
1791582780,2.5591606451505946e-05,2.5591606451505946e-05,2.5282386220271357e-05,2.5282386220271357e-05,16.770400244102753
1791582900,2.5282386220271357e-05,2.590977001202358e-05,2.5183059509959795e-05,2.590977001202358e-05,104.95371013822246
1791582960,2.590977001202358e-05,2.6104799580961435e-05,2.5790152069605113e-05,2.5804491810065663e-05,5.789531524420995
1791583020,2.5804491810065663e-05,2.621251306292539e-05,2.5804491810065663e-05,2.621251306292539e-05,22.918920534202865
1791583080,2.621251306292539e-05,2.621251306292539e-05,2.589604043894389e-05,2.589604043894389e-05,19.094600682648522
1791583140,2.589604043894389e-05,2.589604043894389e-05,2.581614861605408e-05,2.581614861605408e-05,3.3899338032413824
1791583200,2.581614861605408e-05,2.611349336774251e-05,2.581614861605408e-05,2.611349336774251e-05,1.823664859291995
1791583260,2.611349336774251e-05,2.6140679178598257e-05,2.4710563942947928e-05,2.5028267419079517e-05,334.12493420054193
1791583320,2.5028267419079517e-05,2.533839608619212e-05,2.502534157227913e-05,2.533839608619212e-05,58.39538195114696
1791583380,2.533839608619212e-05,2.5372601085677374e-05,2.533839608619212e-05,2.5372601085677374e-05,10.620218983596727
1791583440,2.5372601085677374e-05,2.545111246519863e-05,2.5372601085677374e-05,2.545111246519863e-05,19.360637623438333
1791583500,2.545111246519863e-05,2.562503916931699e-05,2.545111246519863e-05,2.562503916931699e-05,18.54077401776068
1791583560,2.562503916931699e-05,2.5836206712394758e-05,2.5436159622580326e-05,2.5436159622580326e-05,90.8269014088514
1791583620,2.5436159622580326e-05,2.5436159622580326e-05,2.5172509460118646e-05,2.5172509460118646e-05,53.83847062847875
1791583740,2.5172509460118646e-05,2.5172509460118646e-05,2.5080434064179006e-05,2.5080434064179006e-05,4.182231965138827
1791583800,2.5080434064179006e-05,2.730642966146619e-05,2.5080434064179006e-05,2.730642966146619e-05,357.9101846673128
1791583860,2.730642966146619e-05,2.7861794560700475e-05,2.730642966146619e-05,2.7861794560700475e-05,20.99493278236237
1791583980,2.7861794560700475e-05,2.7861794560700475e-05,2.748215900393619e-05,2.748215900393619e-05,22.75528682673845
1791584040,2.748215900393619e-05,2.8708589158101445e-05,2.748215900393619e-05,2.8708589158101445e-05,377.1275822011449
1791584100,2.8708589158101445e-05,2.8947547824356604e-05,2.8708589158101445e-05,2.8947547824356604e-05,1.7388597198147016
1791584160,2.8947547824356604e-05,2.90910296119076e-05,2.8947547824356604e-05,2.90910296119076e-05,38.95906571718611
1791584280,2.90910296119076e-05,2.90910296119076e-05,2.8100870114969373e-05,2.8100870114969373e-05,228.97605686367876
1791584400,2.8100870114969373e-05,2.8100870114969373e-05,2.7553415691466873e-05,2.7553415691466873e-05,41.92241487970268
1791584460,2.7553415691466873e-05,2.7973155422403773e-05,2.7553415691466873e-05,2.7973155422403773e-05,28.074560042300423
1791584520,2.7973155422403773e-05,2.7973155422403773e-05,2.7430291573175272e-05,2.7430291573175272e-05,82.03169053497045
1791584580,2.7430291573175272e-05,2.7430291573175272e-05,2.708760051435079e-05,2.708760051435079e-05,24.052769393144203
1791584700,2.708760051435079e-05,2.708760051435079e-05,2.693777804447862e-05,2.693777804447862e-05,29.359433201645732
