ts,o,h,l,c,v
1791498540,0.0032348040418687654,0.0032348040418687654,0.0031124989357447915,0.0032216199264285964,4235.96144395852
1791498600,0.0032216199264285964,0.003228338725946041,0.0031228308300957717,0.0031400267346858904,4050.897502811958
1791498660,0.0031400267346858904,0.003263992836589591,0.0030756345305219647,0.0030800248817166834,4965.122903449042
1791498720,0.0030800248817166834,0.0030800248817166834,0.0028440433924021066,0.0029325497425721652,10093.192540373222
1791498780,0.0029325497425721652,0.003010029423978079,0.002899843013618822,0.0029827537089365777,3977.9910098006194
1791498840,0.0029827537089365777,0.0030411013054827568,0.002945476887263857,0.003014554822449523,3737.1217254728476
1791498900,0.003014554822449523,0.0030333107470209425,0.002796021885599434,0.00281705232894242,7869.494542046636
1791498960,0.00281705232894242,0.00288982395247073,0.002787666168527201,0.002831173775142877,4562.820213107205
1791499020,0.002831173775142877,0.0029150742428325207,0.0027847608147168286,0.002809135423489118,4661.52130503826
1791499080,0.002809135423489118,0.002892058176419196,0.002788136379796259,0.002840233119770431,3886.3892362121683
1791499140,0.002840233119770431,0.0028872940482141418,0.0028042094733717743,0.002856046735685759,4206.814797227414
1791499200,0.002856046735685759,0.0028810377845803724,0.002793186976876321,0.0028589634736461717,4266.988460910125
1791499260,0.0028589634736461717,0.0028829297194788487,0.002769894935551491,0.002865473036968304,3837.4478811468325
1791499320,0.002865473036968304,0.002865473036968304,0.002650828582659651,0.0027191076700853168,6662.283694869224
1791499380,0.0027191076700853168,0.002733669976438384,0.0025546992827480937,0.002593973239237179,5449.441290696864
1791499440,0.002593973239237179,0.002678305649527257,0.002578802763119999,0.002592829785933708,4190.458075239004
1791499500,0.002592829785933708,0.0027038983085474672,0.0025926124221058063,0.0026916967875447915,4066.707834960897
1791499560,0.0026916967875447915,0.002722803885768104,0.0026150947991800725,0.002682588986445677,4734.317206862191
1791499620,0.002682588986445677,0.0027151192319355205,0.0026222151335195034,0.002666667231917994,3562.1777655929186
1791499680,0.002666667231917994,0.0027286830391055165,0.00264491865494441,0.0026617398647555777,3769.448444505281
1791499740,0.0026617398647555777,0.002722853251083551,0.002633907498045777,0.0026420117839524295,4200.388325732174
1791499800,0.0026420117839524295,0.0027582901620899,0.0026291394607934767,0.002729450954954694,3007.6183193482125
1791499860,0.002729450954954694,0.0027771651580424756,0.0026816569211037164,0.0027622913020124073,4278.850466541164
1791499920,0.0027622913020124073,0.0027875383369193748,0.002660879636088986,0.002705554227979738,3715.917953734401
1791499980,0.002705554227979738,0.0027751391745367057,0.0026770579430161617,0.0027160688093711494,3052.8166196563616
1791500040,0.0027160688093711494,0.0027565977402535455,0.002544821439464987,0.002546615294765321,4545.733977381651
1791500100,0.002546615294765321,0.0025810619083514153,0.002520682674493856,0.0025652244292819195,2373.1618837047167
1791500160,0.0025652244292819195,0.0025716515392090068,0.0024225770927786936,0.002453469517262008,3401.6345837683143
1791500220,0.002453469517262008,0.002500222390958348,0.00242878408260822,0.002474026321051644,810.1101513963943
1791500280,0.002474026321051644,0.0025358338549996686,0.0024739628275577833,0.0025356507216362663,770.7371726213913
1791500340,0.0025356507216362663,0.002546607057368437,0.0024695360086561227,0.0025351486038458653,3428.415975989296
1791500400,0.0025351486038458653,0.0025578856536011695,0.002438552720713778,0.002443286435716977,3162.73088876707
1791500460,0.002443286435716977,0.00249383728186418,0.0023906841105501677,0.0024399758360379806,2124.566519647224
1791500520,0.0024399758360379806,0.00247066610405092,0.002387575698738284,0.002406692226235788,1947.9779143052822
1791500580,0.002406692226235788,0.0024699493869021994,0.002207652452692395,0.0022431268585329876,6550.350490712544
1791500640,0.0022431268585329876,0.002370350085303055,0.0022431268585329876,0.002345460488943508,4546.4594125443755
1791500700,0.002345460488943508,0.00243573744488321,0.002321955553291956,0.0023781392090608433,4196.727688711561
1791500760,0.0023781392090608433,0.002436449022037524,0.0023532343863063034,0.0024105820675717118,3223.578401821444
1791500820,0.0024105820675717118,0.002432589862513805,0.002347884564191779,0.0023918973891471317,3235.5672230049886
1791500880,0.0023918973891471317,0.002420193033808849,0.002329415757650085,0.002354045819412615,3891.594611230916
1791500940,0.002354045819412615,0.0023976682442247393,0.0023341374244605206,0.0023882366728584935,2497.187338910308
1791501000,0.0023882366728584935,0.0024108142836517413,0.002338073305866456,0.002394386564106219,1945.4858171965927
1791501060,0.002394386564106219,0.002425030212552363,0.0023675604558750537,0.002410492821446987,2657.531628410431
1791501120,0.002410492821446987,0.002410597742438591,0.0023395948821120353,0.0023721995856557845,2360.0547624023684
1791501180,0.0023721995856557845,0.0023843953408644136,0.0023100432505967694,0.002321558780755235,3051.0658109893593
1791501240,0.002321558780755235,0.0024350316483776565,0.002321558780755235,0.002419068296201307,2809.280494402863
1791501300,0.002419068296201307,0.002498898330669325,0.002419068296201307,0.0024916836728654007,2059.498117220971
1791501360,0.0024916836728654007,0.002518487530533485,0.002442608692076795,0.002481847350727155,1968.4100617405697
1791501420,0.002481847350727155,0.0025248046999991154,0.00245968347268817,0.0025074918157667503,2572.976669350234
1791501480,0.0025074918157667503,0.0025340456712010487,0.0024343226439649834,0.0024924350532792225,2347.2760910912857
1791501540,0.0024924350532792225,0.0025096569346138363,0.0024210474312332557,0.002444580845069356,2462.865182620542
1791501600,0.002444580845069356,0.0025397635674899643,0.0023022273811511853,0.0025397635674899643,6012.285363075523
1791501660,0.0025397635674899643,0.002593271264783008,0.0025128221359480233,0.002549471843808712,2043.7664677628538
1791501720,0.002549471843808712,0.0026109823355617364,0.0025305069583017813,0.0025762405240963306,2789.549667752013
1791501780,0.0025762405240963306,0.0026087138006928995,0.0024839126351311885,0.00249578288899701,4045.40455212073
1791501840,0.00249578288899701,0.002550614513637621,0.0023399086554339076,0.0024805173179809873,4896.879589999582
1791501900,0.0024805173179809873,0.0024805173179809873,0.002338848715948363,0.002419949557178318,5092.316225178226
1791501960,0.002419949557178318,0.0024704478150361807,0.0023518755049515157,0.002375666225929939,4107.763587141602
1791502020,0.002375666225929939,0.002423770416675626,0.0023582030138641456,0.002414567997404141,2829.496487695248
1791502080,0.002414567997404141,0.0024589874639069577,0.002355965543890514,0.002397035712899505,4372.0532892083775
1791502140,0.002397035712899505,0.002425929975881028,0.002192069679834012,0.0022538499414160073,7614.120147608466
1791502200,0.0022538499414160073,0.002369312370627553,0.002234848826188828,0.002328253885114763,2970.113197973965
1791502260,0.002328253885114763,0.0023311953170749304,0.0021573822057564746,0.002231300056304692,5069.150948468715
1791502320,0.002231300056304692,0.002234532576525967,0.002066889047729569,0.002152998590806316,5351.936466547835
1791502380,0.002152998590806316,0.002152998590806316,0.0018732117976661647,0.0020233348885034114,9804.822128425967
1791502440,0.0020233348885034114,0.0021209230773021957,0.0020036823344765334,0.0020665758432296118,3615.2760477121374
1791502500,0.0020665758432296118,0.0021346026468669656,0.002047074419406466,0.002087096538309625,3340.1407626529913
1791502560,0.002087096538309625,0.002155992985888081,0.0020641240890067365,0.002129113490194698,3709.7097240941835
1791502620,0.002129113490194698,0.002190289433318996,0.0021056295619495177,0.002177775136695461,2935.141920672383
1791502680,0.002177775136695461,0.0021891589021769595,0.0021123882861497005,0.0021412847445748695,3192.925264875784
1791502740,0.0021412847445748695,0.0021586413152729625,0.0020903147886180504,0.0021150818393705305,2596.0556850710195
1791502800,0.0021150818393705305,0.0021483447051101677,0.002087453245364059,0.002119537385823626,2943.308286067528
1791502860,0.002119537385823626,0.002170267001481251,0.0020900038392318,0.0021295596331168294,2488.386959635829
1791502920,0.0021295596331168294,0.0021743338815073334,0.0020949160058450454,0.0021587532263893853,3606.981672847058
1791502980,0.0021587532263893853,0.002195830968050984,0.002124021210766222,0.002195830968050984,3646.723277859501
1791503040,0.002195830968050984,0.0022384662820357677,0.002126788579145054,0.0022149448316788035,3247.4736622344526
1791503100,0.0022149448316788035,0.002230990862883916,0.002158606978483925,0.0022006331061159767,4081.3572550343056
1791503160,0.0022006331061159767,0.002268469319058006,0.0022006331061159767,0.0022587860283651345,2728.0021984112914
1791503220,0.0022587860283651345,0.002274245203659434,0.002208077698154503,0.0022742225366373893,2040.5076401420754
1791503280,0.0022742225366373893,0.0022798866336380947,0.002190665688358827,0.0022013318248993168,3180.8620845004275
1791503340,0.0022013318248993168,0.002232163485026963,0.0021418761102009543,0.0021890943663259244,3667.8772684958344
1791503400,0.0021890943663259244,0.002200480644514155,0.00212925858394772,0.0021573409462451827,3166.6135833386184
1791503460,0.0021573409462451827,0.0022379533951445035,0.0021573409462451827,0.0021982423769034936,2222.732829357572
1791503520,0.0021982423769034936,0.0022582511005760997,0.0021876580690367033,0.0022108338195947538,2985.511972689462
1791503580,0.0022108338195947538,0.0022792168924093367,0.0022094390583287716,0.0022533149846502877,2629.2064794085977
1791503640,0.0022533149846502877,0.002314654748233979,0.0022305967889985094,0.0023088738934682134,2618.8534217390115
1791503700,0.0023088738934682134,0.00232870147488944,0.0022620730209031545,0.002301347850088917,2942.4795522324243
1791503760,0.002301347850088917,0.0023557386684966673,0.0022360076198560874,0.0022823527725585003,5024.581668184191
1791503820,0.0022823527725585003,0.002295455688827586,0.0021808382164521267,0.0022123003383111026,3681.0355340068336
1791503880,0.0022123003383111026,0.0023784004710299188,0.0022123003383111026,0.002353493677097315,3125.5095663203933
1791503940,0.002353493677097315,0.0024146674582349306,0.0023359292805885112,0.0023713453085938896,2721.34759133545
1791504000,0.0023713453085938896,0.0023865019362504475,0.0023166120824856364,0.0023553187933025516,2786.30960634998
1791504060,0.0023553187933025516,0.002392639656841915,0.0023037109149315073,0.0023037109149315073,3379.6209495472526
1791504120,0.0023037109149315073,0.002374054751127092,0.0022832587276981715,0.0023663382132103825,2801.0933435827073
1791504180,0.0023663382132103825,0.0024104119734989914,0.0023142288262138857,0.0023360535167720356,3862.1065670011585
1791504240,0.0023360535167720356,0.00247768467513478,0.0023360535167720356,0.0024405102981399735,2610.911300964523
1791504300,0.0024405102981399735,0.002546734386372862,0.0024286100672209943,0.0025022733493813686,3748.494710611761
1791504360,0.0025022733493813686,0.0025517749993984955,0.0024643479118953843,0.002492975691439596,2702.600356964466
1791504420,0.002492975691439596,0.0026106655915645147,0.002492975691439596,0.0025681935588686357,4646.324587278111
1791504480,0.0025681935588686357,0.00269438894999497,0.0025681935588686357,0.00266608558990253,2571.689648442729
1791504540,0.00266608558990253,0.002700504253922794,0.0025486673279438866,0.00258246177348624,4518.705094094537
1791504600,0.00258246177348624,0.0026578498765908883,0.0024984332384844826,0.0025650834920066604,4095.5707427970065
1791504660,0.0025650834920066604,0.0025772626854977977,0.0024183940580075336,0.002541154576232309,5180.7697604618625
1791504720,0.002541154576232309,0.002541154576232309,0.0024204037737625386,0.0024610885740220345,3180.4561833627945
1791504780,0.0024610885740220345,0.0025104453782904958,0.0024310010177173436,0.002491790087424138,2475.4917971104187
1791504840,0.002491790087424138,0.0025503942375601925,0.0024694003117755976,0.002535778982561148,2552.1028156450043
1791504900,0.002535778982561148,0.0025717940442096794,0.0024690943442194748,0.0025717940442096794,3439.3659424223683
1791504960,0.0025717940442096794,0.0026389736929094006,0.0025486595346917097,0.0026160865969950173,2391.8044847937313
1791505020,0.0026160865969950173,0.0026342674253080007,0.0025360931579317806,0.0025360931579317806,3011.7273399802857
1791505080,0.0025360931579317806,0.0025611717366280694,0.0024030983724980855,0.002411933195639503,3941.9331889768964
1791505140,0.002411933195639503,0.002527287801321034,0.0024118272446355033,0.002485458589253025,2168.822858407342
1791505200,0.002485458589253025,0.0025197467611006905,0.0024524841058909813,0.0025130907997620634,2591.7532351101545
1791505260,0.0025130907997620634,0.0025271817154935393,0.0024424162139228536,0.0025179874465999174,3030.761993447538
1791505320,0.0025179874465999174,0.0025179874465999174,0.002463173240987184,0.002495195135195781,2465.647802347333
1791505380,0.002495195135195781,0.0025303821095129806,0.0024008214943480348,0.0024008214943480348,3523.203629653109
1791505440,0.0024008214943480348,0.0024257705640688292,0.002342623511446098,0.002349019753586361,3187.4085334078495
1791505500,0.002349019753586361,0.0024027502313357717,0.0023380536587184622,0.0023605657050834723,2598.7436500118306
1791505560,0.0023605657050834723,0.002372281084482075,0.0022478009274052063,0.0022644370589564315,4245.592796665844
1791505620,0.0022644370589564315,0.0023278822492944318,0.0022370631466093432,0.002286726415108768,2977.398093850027
1791505680,0.002286726415108768,0.0023014267309108207,0.0021919845070172035,0.0022314263705447393,3227.252918538204
1791505740,0.0022314263705447393,0.0022438044855493397,0.0021666541578363634,0.00220672029594306,3111.8558936265217
1791505800,0.00220672029594306,0.0022620818050868205,0.0021864155793492233,0.002260730063717846,3568.431488203076
1791505860,0.002260730063717846,0.002293864995916154,0.0022085513049680573,0.002272998583045852,2181.9666427282446
1791505920,0.002272998583045852,0.002293861371152586,0.0022064219484329672,0.0022540430067014526,3591.787086810387
1791505980,0.0022540430067014526,0.0023124224051896173,0.0022132600731216826,0.002309074840150559,4550.254229069083
1791506040,0.002309074840150559,0.002369224566564297,0.0022631922593704303,0.002369224566564297,3783.396289972734
1791506100,0.002369224566564297,0.0024229025828851995,0.002355358020645707,0.002417700728252519,2028.1126448831033
1791506160,0.002417700728252519,0.002418689299615562,0.002341972655922056,0.002374702507749721,2920.579300290968
1791506220,0.002374702507749721,0.002413138849003935,0.002340938790862667,0.00238169903352537,2490.6481004211014
1791506280,0.00238169903352537,0.00238169903352537,0.00229266886724809,0.002338452369130392,3896.3562113931403
1791506340,0.002338452369130392,0.0024320096642365414,0.002315474675587095,0.0023709463068035063,2686.5544786717555
1791506400,0.0023709463068035063,0.0025081313164387856,0.002356638451034667,0.0025080977963606974,2353.9832419556947
1791506460,0.0025080977963606974,0.0025284954876144336,0.002449305248312548,0.002496959839851278,2626.056223298197
1791506520,0.002496959839851278,0.002537887824717506,0.002447065268449767,0.0024941954656872434,3381.8510381879555
1791506580,0.0024941954656872434,0.0024941954656872434,0.002384468255624469,0.0023995099026016217,3918.0022560536463
1791506640,0.0023995099026016217,0.002455816718852385,0.0023995099026016217,0.0024516515754543352,3209.8312700447523
1791506700,0.0024516515754543352,0.002456608253381898,0.0023916590420008624,0.0024229314447628265,2366.59913343157
1791506760,0.0024229314447628265,0.002465186304673742,0.0023825692962535943,0.0024127584175442853,2472.13369604536
1791506820,0.0024127584175442853,0.0024459457425427783,0.002340982482718449,0.0024185175925796405,2177.108882363294
1791506880,0.0024185175925796405,0.0024753395292960996,0.0024001445351242564,0.0024493927222353214,2584.61657601128
1791506940,0.0024493927222353214,0.0025283116147356913,0.0024431261907536675,0.002515200017384865,3156.9388155961506
1791507000,0.002515200017384865,0.0025788060757724,0.0024562913955606456,0.002551765339714811,3536.084464310375
1791507060,0.002551765339714811,0.0026164763099290086,0.0025289214192239003,0.0025709326641416776,3411.440031808236
1791507120,0.0025709326641416776,0.002625186805762002,0.0025230237943638873,0.0025484540815166714,2822.046088188464
1791507180,0.0025484540815166714,0.0026360752699840107,0.0025484540815166714,0.0026360752699840107,1873.6526619688636
1791507240,0.0026360752699840107,0.0026511228714607787,0.0025739402575937756,0.002611322838487337,2688.839001249896
1791507300,0.002611322838487337,0.002676402263933712,0.0025761251925928183,0.0026394661764942875,2377.8858605237224
1791507360,0.0026394661764942875,0.0026941390368845136,0.002629868703660094,0.0026413144417574935,2049.86867921774
1791507420,0.0026413144417574935,0.00269161844462402,0.002626091498941174,0.002677374533039538,2993.1291969195195
1791507480,0.002677374533039538,0.00272181424053095,0.0026437557451564073,0.002721693473747639,915.0895947808584
1791507540,0.002721693473747639,0.0027413320469928653,0.0026921621753539784,0.0027413320469928653,383.4505654975374
1791507600,0.0027413320469928653,0.0027418183076537176,0.0026047282067994827,0.0026797217853152255,2431.375388504356
1791507660,0.0026797217853152255,0.002711170579887361,0.002631846895124506,0.002663282093132333,2458.591902389768
1791507720,0.002663282093132333,0.0027028164074791687,0.0026195056983729158,0.002679063007989824,2461.009780677961
1791507780,0.002679063007989824,0.0026863610612807374,0.0025357281584563744,0.0025675455486598325,3591.2689449286718
1791507840,0.0025675455486598325,0.0026432241012302395,0.00252339233414672,0.0026317987714221357,2473.72884161365
1791507900,0.0026317987714221357,0.002640414171888523,0.0024976932989858383,0.0025682173482942665,3358.9975659247225
1791507960,0.0025682173482942665,0.0025683468626973016,0.0024715495060669912,0.0025104317242322398,3622.96546907471
1791508020,0.0025104317242322398,0.00252900533989975,0.0024405273726908535,0.0024679495745957326,2680.120642352129
1791508080,0.0024679495745957326,0.0025539124564522343,0.002462377472160617,0.0025238868344864204,3789.8111267865343
1791508140,0.0025238868344864204,0.002573355244324801,0.002489626065170488,0.002547554799254722,2262.932735924812
1791508200,0.002547554799254722,0.0025652977951592048,0.002401995571019109,0.002425602085746129,4423.239682670093
1791508260,0.002425602085746129,0.002470334572622274,0.00240011852193247,0.002465940268609124,2094.720861190689
1791508320,0.002465940268609124,0.0024771083510468903,0.0023994714298377455,0.0024403976830299594,2441.7043561061028
1791508380,0.0024403976830299594,0.0025604764928563203,0.0024280745308354152,0.002521722241901547,2960.6904723275356
1791508440,0.002521722241901547,0.002592851367275192,0.0024954747855594514,0.002565130678454645,2424.654401194467
1791508500,0.002565130678454645,0.002627191869737472,0.0025351490782743154,0.002553550423583077,2199.437795348292
1791508560,0.002553550423583077,0.0025920451106686854,0.0025439960446856686,0.00258597526432649,2104.620865016181
1791508620,0.00258597526432649,0.002611086155970059,0.002459838893636758,0.002470823927878032,3620.048887619707
1791508680,0.002470823927878032,0.0025263429046115432,0.0024434578155314328,0.002478048352172029,2065.168454777771
1791508740,0.002478048352172029,0.002511201203807293,0.0024361662723692704,0.0024979601293798307,2442.8431605316164
1791508800,0.0024979601293798307,0.002524052137196294,0.00240821473683003,0.0024191846192626563,2908.1943704090313
1791508860,0.0024191846192626563,0.0024493545779659294,0.0023130190180519197,0.0023588689137191395,3694.5654827925155
1791508920,0.0023588689137191395,0.002413302754072667,0.0023118368673843382,0.002357452710735744,3788.7185738222997
1791508980,0.002357452710735744,0.0024283305323539975,0.0023354616252535903,0.0023891083895499618,2908.404564174658
1791509040,0.0023891083895499618,0.0023937576722766443,0.0022348152270575687,0.0022627191170407706,3390.32707941896
1791509100,0.0022627191170407706,0.0023210213866261663,0.002251720764061343,0.0022877353487287763,3682.3739182186036
1791509160,0.0022877353487287763,0.00231026859680286,0.0022429704520271518,0.00231026859680286,3104.1895429631836
1791509220,0.00231026859680286,0.00231026859680286,0.0021393592469288883,0.002165484089274944,4842.771910957077
1791509280,0.002165484089274944,0.002228901234202315,0.002127358425786798,0.002220540933563055,3375.026567605854
1791509340,0.002220540933563055,0.002240023475056408,0.0021679875237892543,0.0021819137628898357,3030.6583732288095
1791509400,0.0021819137628898357,0.0022349281135192085,0.0021765726363248833,0.0022306513364672748,2108.5088628577137
1791509460,0.0022306513364672748,0.002259418082717495,0.00219584980033094,0.00223847620032828,3816.339974744065
1791509520,0.00223847620032828,0.002337073268950525,0.0021961885646739816,0.002299933456831501,3224.762932267071
1791509580,0.002299933456831501,0.002365950188509465,0.002260574750310527,0.0022726714500402537,3543.2466308730677
1791509640,0.0022726714500402537,0.0022773499759491185,0.0021151878979366423,0.002172145920681705,3556.298673674165
1791509700,0.002172145920681705,0.00222045211600162,0.00198316446556992,0.002034340120197242,6765.63014170667
1791509760,0.002034340120197242,0.00209496320599249,0.002013928313500275,0.0020446368851147643,3946.960975307696
1791509820,0.0020446368851147643,0.002074450538029223,0.001971192454944539,0.001993194631356532,2613.9353233508737
1791509880,0.001993194631356532,0.0020352138725065953,0.0019622086142869906,0.002003584812556362,3141.57027873303
1791509940,0.002003584812556362,0.002044326399888744,0.0019728097361849527,0.002022853461984013,3130.604183781797
1791510000,0.002022853461984013,0.00209061830835808,0.002004725548213223,0.002039458291886857,3393.606535965804
1791510060,0.002039458291886857,0.0020940748980404363,0.002016843550584616,0.002029406382934192,3921.7339532108176
1791510120,0.002029406382934192,0.0020848593614324123,0.0020284712274095235,0.002051004656465768,2690.5360002437724
1791510180,0.002051004656465768,0.0021370195240117723,0.002032713883643493,0.0020941016540539513,3089.175472818766
1791510240,0.0020941016540539513,0.002159909214576504,0.0020879369657970095,0.0021172850042137344,2512.3153509335775
1791510300,0.0021172850042137344,0.0021172850042137344,0.0020060856828084893,0.002051746694375235,5100.710857747653
1791510360,0.002051746694375235,0.0020958502547546404,0.002019181778893544,0.002059356394571903,4097.161847344307
1791510420,0.002059356394571903,0.0021325711635318133,0.0020391362852810483,0.0020956722697346494,2182.1385714214507
1791510480,0.0020956722697346494,0.0021440312679072543,0.002046303942200532,0.0021203774348739794,2700.5927547247297
1791510540,0.0021203774348739794,0.0021701531996818524,0.002077185939638862,0.0021604181908556055,3536.910762474794
1791510600,0.0021604181908556055,0.0021806173041560638,0.0021014044826786747,0.0021347055821483935,2651.9231245539986
1791510660,0.0021347055821483935,0.0021519015398739176,0.0020144420494465614,0.0020437688960966015,4633.244247116954
1791510720,0.0020437688960966015,0.002102567232747892,0.0020312448814729937,0.0020787038526130243,2987.980408978595
1791510780,0.0020787038526130243,0.002106988089037014,0.0020251292948696483,0.0020375934379808637,2992.968764175907
1791510840,0.0020375934379808637,0.002087726291872981,0.0019566855505190116,0.001992360733596765,4031.7486677880365
1791510900,0.001992360733596765,0.0020056508446388882,0.0019082172225414575,0.0019128153537806864,4258.72057594459
1791510960,0.0019128153537806864,0.001978898174466102,0.001880438766334833,0.0019364923837833356,4065.2975513199644
1791511020,0.0019364923837833356,0.0019998225999685094,0.001915514173869272,0.0019662595265684505,4313.453760767396
1791511080,0.0019662595265684505,0.0019983025434351484,0.0019276015465142019,0.0019562810341563633,3234.4921115701754
1791511140,0.0019562810341563633,0.0020116992332418824,0.001948306735275658,0.001996936983056581,3368.6610217966286
1791511200,0.001996936983056581,0.0020601959574828546,0.00197827953465145,0.0020601959574828546,3063.268606935914
1791511260,0.0020601959574828546,0.0020623140647791044,0.001995244832777988,0.0020282483824667604,2428.453711548913
1791511320,0.0020282483824667604,0.0020472852314920957,0.0019620726659339118,0.002024816629492658,3167.154430014314
1791511380,0.002024816629492658,0.0021035567634457514,0.002004288571782735,0.0020821604825976637,2849.155349736542
1791511440,0.0020821604825976637,0.0021037254979093226,0.001989390696972959,0.0020234745720065844,3641.9068355194677
1791511500,0.0020234745720065844,0.0020679287089075825,0.0019934909967613368,0.002025829630459696,3228.631836071464
1791511560,0.002025829630459696,0.002103292437288413,0.0020032844604548137,0.0020742993900726325,3562.5288864366285
1791511620,0.0020742993900726325,0.002155184988101295,0.0020269305423118254,0.0021314971309738607,2244.2179256149066
1791511680,0.0021314971309738607,0.0021714372659925275,0.002060697385442905,0.0020989588560970896,3405.777620032276
1791511740,0.0020989588560970896,0.002163379584426056,0.0020759715746583706,0.002125551472423438,2996.2590342409876
1791511800,0.002125551472423438,0.0021404249045842328,0.002071244710970963,0.0020869954238884377,3964.847060829703
1791511860,0.0020869954238884377,0.0020930865999629453,0.0019918122324634135,0.00205600901989422,3315.0246832548864
1791511920,0.00205600901989422,0.002094658270343577,0.001996649194886847,0.0020780589941439506,3436.7486641994774
1791511980,0.0020780589941439506,0.0020780589941439506,0.0020013399639915545,0.0020073671325955083,3132.269482763722
1791512040,0.0020073671325955083,0.002062642517381729,0.002006075416249519,0.002044837533039016,2197.4033119962787
1791512100,0.002044837533039016,0.002079723402095382,0.001998203012309123,0.0020514458373050303,2861.983222674381
1791512160,0.0020514458373050303,0.0020862062407597383,0.002010883787100216,0.002080992127047121,3339.3900615475386
1791512220,0.002080992127047121,0.002120631372703257,0.0020422984283100924,0.0020744054442760175,2979.0973108349262
1791512280,0.0020744054442760175,0.002114031159515331,0.002061994586779971,0.002101316071298603,2631.281148392527
1791512340,0.002101316071298603,0.0021225132057299625,0.0019823891061620945,0.002004349900359328,2954.158704430761
1791512400,0.002004349900359328,0.0020590290831442506,0.0019813033221550464,0.0020589923840183323,2611.975019092673
1791512460,0.0020589923840183323,0.002059068456324976,0.001963391469643626,0.0019851369174520477,2233.913282243804
1791512520,0.0019851369174520477,0.0020328279001305956,0.0019583189823551596,0.002031738266680246,1535.2504829805728
1791512580,0.002031738266680246,0.0020742551172866002,0.0019783577675679094,0.0020523690774107936,2417.2028623661763
1791512640,0.0020523690774107936,0.002071613561394679,0.002003694299017327,0.0020420821904384443,2110.5327005537447
1791512700,0.0020420821904384443,0.002078366887591573,0.0019962276039211992,0.002059577437576926,2367.9959118776364
1791512760,0.002059577437576926,0.0021310077714388705,0.0020370335908372734,0.002041871480879071,3109.0999161504533
1791512820,0.002041871480879071,0.002118686090455372,0.002041871480879071,0.002090353781577846,2130.967305038235
1791512880,0.002090353781577846,0.002141349506584557,0.002067340125256951,0.002133772862111239,2369.627728976612
1791512940,0.002133772862111239,0.002142625342707386,0.0020642749796985593,0.002142625342707386,2107.9541580034447
1791513000,0.002142625342707386,0.00218731166197806,0.002009250555811887,0.0020435260417988083,4261.950266259801
1791513060,0.0020435260417988083,0.0020781283349400673,0.0019945672767773593,0.0020781199127265716,3980.3734524974006
1791513120,0.0020781199127265716,0.0020998539341087435,0.0019496679651121122,0.001995220979261389,4940.564460283448
1791513180,0.001995220979261389,0.0020450420359680566,0.0019652826202867326,0.0019963706737882816,1981.661198402781
1791513240,0.0019963706737882816,0.0020553634327520375,0.001974449868561795,0.0020433704953499777,2815.214835261627
1791513300,0.0020433704953499777,0.0022438563699830882,0.0020210881586699004,0.0022079676253022413,6750.417410327394
1791513360,0.0022079676253022413,0.0022453259249129716,0.0021726679192320612,0.0022025655174177736,2073.4409328845577
1791513420,0.0022025655174177736,0.0022680276658284954,0.0020867994657146082,0.0020867994657146082,4635.371469516946
1791513480,0.0020867994657146082,0.002143618707692972,0.00205792019880365,0.0020855753685555998,2927.8724409110555
1791513540,0.0020855753685555998,0.002122669250458453,0.0020158049189181832,0.0021074576920336137,3001.0718401000463
1791513600,0.0021074576920336137,0.002166751206503437,0.0020780401503595674,0.0021667122235514784,2660.572839573472
1791513660,0.0021667122235514784,0.002189989751673845,0.002126883207833948,0.002138007616953177,3187.5559173774063
1791513720,0.002138007616953177,0.0021525964932848007,0.002044241869944147,0.0021228664491128825,3103.0152777060603
1791513780,0.0021228664491128825,0.0021229256382035645,0.001961735872035683,0.0020224079243887777,5255.981892027213
1791513840,0.0020224079243887777,0.002092958300503589,0.0020135731996848275,0.002087518458496986,2397.9044468125653
1791513900,0.002087518458496986,0.0021323007290916587,0.0020439458768740444,0.0020796360189992693,2432.860110843278
1791513960,0.0020796360189992693,0.0021204977829547577,0.0020288439225205845,0.002120465241499143,2845.60431539473
1791514020,0.002120465241499143,0.0021704639699448598,0.002097182913212452,0.002121139243092606,1658.8684615814336
1791514080,0.002121139243092606,0.002218496022939912,0.002112148927967587,0.002180725027259925,2699.5316497953622
1791514140,0.002180725027259925,0.002249431537530076,0.002140907712626578,0.0022493992863454,2443.4269053510607
1791514200,0.0022493992863454,0.0022812803554522944,0.002141768386201471,0.002141882436379764,3149.307088484883
1791514260,0.002141882436379764,0.0022340699641866762,0.002141882436379764,0.002210001190865402,2086.612240094702
1791514320,0.002210001190865402,0.0023007414575736537,0.0021783260672433276,0.002273368571291494,2569.1696998567295
1791514380,0.002273368571291494,0.0023131530722674586,0.002250580841875622,0.0022888167015984694,1604.8355531540585
1791514440,0.0022888167015984694,0.00232028635402161,0.0022053117728225067,0.0022475509907227994,2442.45340774076
1791514500,0.0022475509907227994,0.002254350822167532,0.0021982576764533472,0.0021983227596542114,1990.5297066130145
1791514560,0.0021983227596542114,0.0022448645024020115,0.0021815617712867548,0.0022024597859370094,2039.722802919358
1791514620,0.0022024597859370094,0.002239810173795772,0.0021907635027960093,0.0022207894459438868,1739.1952570660967
1791514680,0.0022207894459438868,0.0022404417905947417,0.002106119586845482,0.0021151462839388542,2900.656934194657
1791514740,0.0021151462839388542,0.002199783460546286,0.002114722808760568,0.0021560830264200355,1420.5846549550697
1791514800,0.0021560830264200355,0.002184551688307704,0.0021244354396580097,0.0021611968334979783,2267.63819582835
1791514860,0.0021611968334979783,0.0022632357313739386,0.0021611968334979783,0.002205147641683379,1966.569008212597
1791514920,0.002205147641683379,0.0022777740021607167,0.002184063630593342,0.002277727285642752,1926.2880810556146
1791514980,0.002277727285642752,0.0023062461666207997,0.0022534458160600665,0.002305761058533038,604.8529117944544
1791515040,0.002305761058533038,0.002340682635417426,0.0022808523383351115,0.002340682635417426,571.6651021787432
1791515100,0.002340682635417426,0.0023412138839850106,0.002181306066489442,0.00225257279063474,3062.291909271024
1791515160,0.00225257279063474,0.0022739972473579235,0.0021378969521462753,0.002148966737156079,2932.417892727481
1791515220,0.002148966737156079,0.0022176681680255274,0.0020723862279582103,0.0020983003541216808,3263.7969471217766
1791515280,0.0020983003541216808,0.0021479223163117225,0.0020666334633111664,0.0020919792055370335,2685.548555215467
1791515340,0.0020919792055370335,0.002126741192339103,0.0020713790019725436,0.002103313294344501,593.128647140548
1791515400,0.002103313294344501,0.002149088373483962,0.002103313294344501,0.002149088373483962,439.24417811459676
1791515460,0.002149088373483962,0.0021695682958680585,0.0019582026397791394,0.0019854613163081984,3680.288674817708
1791515520,0.0019854613163081984,0.0020518468090167056,0.001965353467408174,0.001999221284913626,2219.2265202501685
1791515580,0.001999221284913626,0.001999221284913626,0.001858841947771853,0.0018979161319554552,3469.000679137476
1791515640,0.0018979161319554552,0.001947594148149957,0.001878896213524184,0.0019128392333664656,2066.9096386493084
1791515700,0.0019128392333664656,0.00195555928911624,0.0018825202726478263,0.001903742471818795,2890.8655883356164
1791515760,0.001903742471818795,0.0019042638887118934,0.001786339941710552,0.001786386656271249,3249.192785084027
1791515820,0.001786386656271249,0.001853642010108428,0.001786386656271249,0.0017980227996829857,2344.8618916310215
1791515880,0.0017980227996829857,0.0018470387249803616,0.0017830270748312683,0.0018041878796165286,2280.6785931013555
1791515940,0.0018041878796165286,0.0018776540544573604,0.00179413794725031,0.0018347288707762546,2728.482492545386
1791516000,0.0018347288707762546,0.0019259225502961577,0.0018043985764897282,0.0018898645852963938,2687.4608481595196
1791516060,0.0018898645852963938,0.0019173037148757462,0.0018575484911418838,0.0018922842544820502,1196.2164168853321
1791516120,0.0018922842544820502,0.0019243180549983702,0.0018385135408667105,0.0018462052041343534,2241.780366834406
1791516180,0.0018462052041343534,0.0018919710017956792,0.0018382621256070573,0.0018865401220127726,2873.938687174358
1791516240,0.0018865401220127726,0.0019666961335963935,0.0018716215821305692,0.0019349740085421471,2048.0823454339184
1791516300,0.0019349740085421471,0.0019511548221033135,0.0019028616987830412,0.0019300955582636544,2375.6607400076505
1791516360,0.0019300955582636544,0.0019678354099794673,0.001883301755528581,0.0019624739029324985,2311.641150992318
1791516420,0.0019624739029324985,0.0019931523973001166,0.0018873092289440074,0.0019084564120423566,2368.4152931177514
1791516480,0.0019084564120423566,0.0019418411101540369,0.0018875122906828405,0.0019153147802675162,1953.1060224647154
1791516540,0.0019153147802675162,0.001971719443160024,0.001896200683501709,0.0019583526752106847,3034.615417891554
1791516600,0.0019583526752106847,0.001976573441908999,0.0019068162404859785,0.001975103458873293,2125.249123077234
1791516660,0.001975103458873293,0.0020276689341655984,0.0018805528909040053,0.001933477974316736,3653.7721309662584
1791516720,0.001933477974316736,0.0019508727842088912,0.0018692538657969096,0.0018994627841691185,3484.314181759976
1791516780,0.0018994627841691185,0.0019190614338861905,0.0017878633442379088,0.001828201307461006,3934.5120339173377
1791516840,0.001828201307461006,0.001886153199508363,0.0017467013782465869,0.0017722130155913964,3420.158900193527
1791516900,0.0017722130155913964,0.0018197269023948939,0.001677820873450492,0.0017325502361653995,4560.31979721525
1791516960,0.0017325502361653995,0.0017832302835467902,0.0017126210146836344,0.001758640696056788,2073.14978843706
1791517020,0.001758640696056788,0.0017772118946560726,0.0017174711397014743,0.0017473230783014067,2777.481915474585
1791517080,0.0017473230783014067,0.00181205957042652,0.001732051987790142,0.0017621381312224562,2612.958615360682
1791517140,0.0017621381312224562,0.0018085851209101737,0.0017501061888276189,0.0017650027899912134,2540.7775795049265
1791517200,0.0017650027899912134,0.0018085607626122933,0.0017443627179067143,0.0017639386330677836,1868.2321570293084
1791517260,0.0017639386330677836,0.0018032555839597052,0.0017193761268773121,0.001780722722481633,2383.5445321579705
1791517320,0.001780722722481633,0.0018323549505625811,0.0017470932655305731,0.0018122161881429831,1929.0403631272843
1791517380,0.0018122161881429831,0.0018395305007117295,0.0017589432587929864,0.001783102827906191,2553.8455940904505
1791517440,0.001783102827906191,0.0018479470474877763,0.0017635876632905228,0.0018121653962549671,2585.249248132597
1791517500,0.0018121653962549671,0.0018615069228211784,0.0017726135737933563,0.0018347580543080703,2927.983139785826
1791517560,0.0018347580543080703,0.0018865721490980822,0.0017969120489238447,0.0018056655698104151,2095.7453971185564
1791517620,0.0018056655698104151,0.0018624740192933708,0.0018044563737691119,0.0018449125182447468,1767.4189685139818
1791517680,0.0018449125182447468,0.0018449125182447468,0.0017713052323811132,0.0017878388337222652,1996.9511298756654
1791517740,0.0017878388337222652,0.0018637037717182255,0.0017839122464909033,0.001833524576356699,2829.7898702476423
1791517800,0.001833524576356699,0.0018665371329784667,0.0018054223223860693,0.001864988281227055,2217.845613147939
1791517860,0.001864988281227055,0.0018750090239788694,0.0017981363116755778,0.001828339851777558,2693.089149501826
1791517920,0.001828339851777558,0.0018643823837550136,0.0017733567823310624,0.00178489551925727,2825.4778244067597
1791517980,0.00178489551925727,0.00185102691752586,0.0017532742286043633,0.0017818504890211178,3257.1951972906877
1791518040,0.0017818504890211178,0.0018165691075204072,0.0017422602050350428,0.0017564252191924232,2580.983228061758
1791518100,0.0017564252191924232,0.0018417434280792665,0.0017564252191924232,0.001822858457227319,1849.9470333814552
1791518160,0.001822858457227319,0.0018576061820530852,0.0017894101292421916,0.0017894101292421916,2204.694704690663
1791518220,0.0017894101292421916,0.001883810483080242,0.0017894101292421916,0.001848294585581277,2890.695358392902
1791518280,0.001848294585581277,0.001890745769297988,0.0018347503744319594,0.001852170590260744,1528.2279586538398
1791518340,0.001852170590260744,0.0018730835834262916,0.0018220073546840472,0.0018553053968834235,1553.2988501844018
1791518400,0.0018553053968834235,0.0019170654898469114,0.0018450067854104456,0.0019024330060939108,2316.396578356049
1791518460,0.0019024330060939108,0.0019302362282462827,0.001866538718899935,0.0019218762879135661,1938.3126122442548
1791518520,0.0019218762879135661,0.0019218762879135661,0.0018334214913072707,0.0018787444074304944,3167.1073883109075
1791518580,0.0018787444074304944,0.001888891171540927,0.001812808065890775,0.001812808065890775,1901.522627072313
1791518640,0.001812808065890775,0.0018925755394045103,0.0018127409243192407,0.0018682178358361188,2219.748046646859
1791518700,0.0018682178358361188,0.0019158869058795882,0.0018313378952406795,0.0018467604899021963,2351.2970966834514
1791518760,0.0018467604899021963,0.0019299796012824698,0.0018465765347274279,0.0018871178178451744,1928.2789959568481
1791518820,0.0018871178178451744,0.0019488114812906258,0.0018750240568402663,0.00194726019263559,2453.171307999248
1791518880,0.00194726019263559,0.001961068915887734,0.0019095328654963597,0.0019213889574438304,1923.9010923177798
1791518940,0.0019213889574438304,0.002001181526139399,0.0019209702271564912,0.0019535306924414113,2267.2486044950347
1791519000,0.0019535306924414113,0.001975302962138455,0.0019062318237308058,0.001937507927750653,3265.7948950262025
1791519060,0.001937507927750653,0.0019506890622732623,0.001868257599390177,0.0019506890622732623,1770.8336431912098
1791519120,0.0019506890622732623,0.0019507963180550262,0.001882091904110918,0.001912636127331818,2413.0003271782243
1791519180,0.001912636127331818,0.001948945225267412,0.0018792616885133283,0.0019003501660241145,2608.9378205703724
1791519240,0.0019003501660241145,0.0019003501660241145,0.0018227203619829632,0.0018651862910354364,2341.8250680498586
1791519300,0.0018651862910354364,0.0018802598113184773,0.0018291388869783134,0.0018659256923015605,2102.7334238875396
1791519360,0.0018659256923015605,0.0019136189749398955,0.0018373318656680453,0.0019132902445460587,2375.5826912856846
1791519420,0.0019132902445460587,0.0019299492536958061,0.0018453066973099998,0.0018657753724362696,2470.1938232839175
1791519480,0.0018657753724362696,0.0019165964134772622,0.0018518161466536186,0.0019148691223804843,2060.6855322477795
1791519540,0.0019148691223804843,0.0019974142222692636,0.0018737089543765797,0.0019744538259436717,3258.9765677673768
1791519600,0.0019744538259436717,0.0020374800725707918,0.0019445752634717202,0.0019710426324465995,2489.9765815904193
1791519660,0.0019710426324465995,0.0020167177754385522,0.0019532809571735695,0.002005279831170217,1855.6748966809432
1791519720,0.002005279831170217,0.0020326569411455503,0.0019121310019344,0.0019639790904481536,3332.5661550879363
1791519780,0.0019639790904481536,0.0019690787366946285,0.001910825942834024,0.001969052140414481,1290.3328367610238
1791519840,0.001969052140414481,0.001973599226482875,0.0019067188037176475,0.0019485305672062943,2130.278753422722
1791519900,0.0019485305672062943,0.0019657490074864543,0.0018401573561033985,0.001907555489479484,3042.5253007914666
1791519960,0.001907555489479484,0.0019219405716843355,0.0018414472408274575,0.0018953455777750386,3089.785584815403
1791520020,0.0018953455777750386,0.0019199728204428847,0.001874221114386468,0.0019023780503884752,1957.5471392304144
1791520080,0.0019023780503884752,0.001927064726169213,0.0018680442696444577,0.001892182823882953,1610.3851027410071
1791520140,0.001892182823882953,0.0019121541767259768,0.001848272348230709,0.0018839275126185501,2402.6286857010723
1791520200,0.0018839275126185501,0.0019182551070490537,0.0018619476129943856,0.0018840377401870179,1960.3155041451662
1791520260,0.0018840377401870179,0.0019525224102350097,0.0018608215525413206,0.0019525224102350097,1884.0200475953898
1791520320,0.0019525224102350097,0.0019607666272452953,0.0019071664670656746,0.0019364368761778615,2033.1610805578234
1791520380,0.0019364368761778615,0.0019605386587932955,0.001902395442415727,0.0019358643580869275,2384.150236321798
1791520440,0.0019358643580869275,0.0019820805114626264,0.0019090509711576144,0.00198075134419159,1631.9917895814092
1791520500,0.00198075134419159,0.0020439230611966953,0.001935373170529697,0.0020423354566696406,1990.3790195371762
1791520560,0.0020423354566696406,0.002075682824857615,0.0020215377327206076,0.002054300959020517,1707.84830975868
1791520620,0.002054300959020517,0.002083255614146958,0.0020379861651986233,0.0020394636696770834,2716.96816300365
1791520680,0.0020394636696770834,0.002076733363670108,0.0019800674187025933,0.0020361201764685782,3438.98160015783
1791520740,0.0020361201764685782,0.002059665774127697,0.001983716229930048,0.0019929274580733126,2121.959347436691
1791520800,0.0019929274580733126,0.002034161168497813,0.0018924044453879517,0.00192578153207047,3429.93362696255
1791520860,0.00192578153207047,0.0020168738606791458,0.001904584189966491,0.0020168738606791458,1783.0751454215545
1791520920,0.0020168738606791458,0.0020716404568240977,0.002003360954727932,0.0020716404568240977,1569.5900736040307
1791520980,0.0020716404568240977,0.0020923032737539303,0.0020342957765000116,0.0020413949771897876,2147.9543497687355
1791521040,0.0020413949771897876,0.002101906869468211,0.0020341092856184886,0.002084869643496709,1608.8577466361828
1791521100,0.002084869643496709,0.0021290687466679024,0.0020477074065958995,0.0021290687466679024,2572.053283824459
1791521160,0.0021290687466679024,0.002165502143053055,0.0021020256587078465,0.002139993310010651,1663.6750074716317
1791521220,0.002139993310010651,0.002139993310010651,0.0020953393667703453,0.0021224563124378182,1560.5111215451436
1791521280,0.0021224563124378182,0.0021597977912887444,0.0020939706826792713,0.0020966907931786586,1703.4102137957498
1791521340,0.0020966907931786586,0.00214399626871451,0.0020870648255011783,0.0021297473314415127,1845.62628122248
1791521400,0.0021297473314415127,0.002143842213775263,0.0020939360975145774,0.0021373618742966498,1700.329335713985
1791521460,0.0021373618742966498,0.002144556986099714,0.0020953065795153293,0.0021155587779201125,1687.8626628920156
1791521520,0.0021155587779201125,0.002162934300499368,0.0021008039631206514,0.002121254563929885,2025.5115057753328
1791521580,0.002121254563929885,0.0021895727674496367,0.002105592874612848,0.002184567353409467,2817.849072659253
1791521640,0.002184567353409467,0.002210768461031284,0.002134266804593907,0.002134266804593907,2027.9623753756323
1791521700,0.002134266804593907,0.00220917987489825,0.002134266804593907,0.002201646489795157,1191.2004795249254
1791521760,0.002201646489795157,0.0022050702522387737,0.0021607681613223942,0.0021678697737961706,1448.4569836755288
1791521820,0.0021678697737961706,0.0022040711576206055,0.0020556870146091937,0.0021322415818625113,3568.1430204625253
1791521880,0.0021322415818625113,0.0021462136157604514,0.002056458669839124,0.002125907834499742,2685.088189284274
1791521940,0.002125907834499742,0.002130276352278745,0.00198392442584617,0.002014811210583858,4278.4879961878405
1791522000,0.002014811210583858,0.0021248623540192904,0.001997870125033802,0.0021042752349605134,1839.7226711607595
1791522060,0.0021042752349605134,0.0021359486870190488,0.002075710613488123,0.002075710613488123,2718.518708311937
1791522120,0.002075710613488123,0.0021070700428910596,0.002051803789974124,0.0020672738944919715,2384.3287788131884
1791522180,0.0020672738944919715,0.0021099036298472228,0.0020505535002358086,0.002086050060496776,2319.674414160058
1791522240,0.002086050060496776,0.002111111851990576,0.0020530563927759486,0.0020874894351623446,1979.4811942832941
1791522300,0.0020874894351623446,0.0021538562470152065,0.0020821602445869262,0.0020853861262775733,1760.8573216332968
1791522360,0.0020853861262775733,0.0021492796175855517,0.002085281308925617,0.002127032950762109,1393.8798285624462
1791522420,0.002127032950762109,0.002153973744935222,0.0020663761615951743,0.0021322423378330895,2164.8427664735086
1791522480,0.0021322423378330895,0.0021881592881775954,0.002102848638893586,0.0021881592881775954,1157.0316541192797
1791522540,0.0021881592881775954,0.002197166673650115,0.0021498510276461045,0.002190933333380566,1190.811778517753
1791522600,0.002190933333380566,0.002194976734818904,0.0021365961319000392,0.002151648258934098,1430.5248231153037
1791522660,0.002151648258934098,0.002179606706125963,0.002151648258934098,0.0021794006954651496,77.31270074227
1791522720,0.0021794006954651496,0.002184122461348018,0.002155511991682854,0.0021816084429905663,165.24732167126243
1791522780,0.0021816084429905663,0.002247139906055817,0.0021574384922204595,0.002176581727490252,2397.065150877621
1791522840,0.002176581727490252,0.0022361958001483337,0.0021762261954756767,0.002201470639289719,1615.4475989416576
1791522900,0.002201470639289719,0.0022397066859445344,0.0021577063604485,0.002209571051277046,2199.945840680206
1791522960,0.002209571051277046,0.002217813193392998,0.0021315440673578545,0.0021612897633308684,2343.8153097191466
1791523020,0.0021612897633308684,0.0022025870404496495,0.0019363851269559005,0.0020186197472870137,6857.158082024875
1791523080,0.0020186197472870137,0.002059882557760559,0.0019962251911848777,0.0020360634898251686,1795.8946062266302
1791523140,0.0020360634898251686,0.0020845260908482974,0.0018449280307777066,0.0018631546878987383,5090.010157609635
1791523200,0.0018631546878987383,0.0019328044861972391,0.0018631546878987383,0.0019034634996456068,1510.6733299993462
1791523260,0.0019034634996456068,0.0019551426619196345,0.001883749701086494,0.0019551426619196345,1664.99715967447
1791523320,0.0019551426619196345,0.001963211544822117,0.001887028742710292,0.0019108161980740473,3213.4015499657016
1791523380,0.0019108161980740473,0.0019295898639085417,0.0018368276902538654,0.001890339495761288,2799.3308208162634
1791523440,0.001890339495761288,0.0019048207773427685,0.0018270833847798035,0.0018803632387628835,2635.8451286046384
1791523500,0.0018803632387628835,0.0019142949476246387,0.0017374652675625202,0.0017376971350300152,3993.0664599236025
1791523560,0.0017376971350300152,0.0018069395458612473,0.0017376971350300152,0.0017827364846248629,2072.319791763411
1791523620,0.0017827364846248629,0.0018048913606669636,0.0017364879598247963,0.0017714333027960979,2207.0977839410834
1791523680,0.0017714333027960979,0.001773613156862539,0.001691666890908923,0.0017018947832774882,3645.9578564302265
1791523740,0.0017018947832774882,0.001735514989585133,0.0016450281657357478,0.0016702065018726455,2452.8616899602416
1791523800,0.0016702065018726455,0.0016887101250280256,0.0016166410155425024,0.001642011211942828,2210.474600285214
1791523860,0.001642011211942828,0.0016838340804078632,0.0016289540096054106,0.0016827094446932498,2172.519923388022
1791523920,0.0016827094446932498,0.0016827094446932498,0.0016163371455502566,0.0016486303216576756,1599.4486577609514
1791523980,0.0016486303216576756,0.0016777522196990313,0.0016305040984001468,0.0016655422870063327,1307.9397819886428
1791524040,0.0016655422870063327,0.0017180646399587512,0.0016468147499904158,0.0017134480471727015,2914.5944031287963
1791524100,0.0017134480471727015,0.001713674284164694,0.001662004432015991,0.0017127218344976914,2119.1906350959434
1791524160,0.0017127218344976914,0.0017255918191906134,0.0016734613562418184,0.0016734613562418184,2285.9561107096947
1791524220,0.0016734613562418184,0.0017398997902584757,0.0016733661646259645,0.0017398997902584757,1259.7885202258847
1791524280,0.0017398997902584757,0.0017700104997991465,0.001704023113167051,0.0017312030420769027,3064.639900489288
1791524340,0.0017312030420769027,0.0017907574591844236,0.0017144831762115201,0.0017792005984897134,1957.3327603530588
1791524400,0.0017792005984897134,0.0018010232167059764,0.0016405637774568349,0.0017007065253031922,4626.553088509362
1791524460,0.0017007065253031922,0.001703163978028562,0.001643283510635703,0.0016975854145003793,1886.0553475889624
1791524520,0.0016975854145003793,0.0016975854145003793,0.0015851730678730206,0.0016072211419513628,3390.1114466596478
1791524580,0.0016072211419513628,0.0016348074426998241,0.001591693460842902,0.0016197229824297652,2086.2870501199814
1791524640,0.0016390094022546557,0.0016390420240691604,0.0014647009338795338,0.0015101439988963366,4863.591694254324
1791524700,0.0015101439988963366,0.0015147878065735047,0.0014440658201820295,0.0015086149194981518,2225.84840225452
1791524760,0.0015086149194981518,0.0015163674745587497,0.001422874847591709,0.00144703807502858,2920.166625643231
1791524820,0.0014304312955739694,0.0014899858191599078,0.0014047183759916622,0.001488374443757094,2001.396918469863
1791524880,0.001488374443757094,0.0015078080161175997,0.0014726826530590625,0.0014901868561211094,1147.8766460873949
1791524940,0.0014901868561211094,0.001536504495321629,0.0014899361309208092,0.0015223501236639439,2145.593128238002
1791525000,0.0015223501236639439,0.0015395617729348332,0.0015015453585088417,0.0015214624047794904,2740.881853887636
1791525060,0.0015214624047794904,0.0015320768947987265,0.0014615606321864622,0.001501433097649628,3339.1637845494506
1791525120,0.001501433097649628,0.001501433097649628,0.0013873301328486208,0.0014320629551717015,3561.845701505691
1791525180,0.0014320629551717015,0.0015093116460471148,0.0014077945187431805,0.0015093116460471148,3464.3223525322373
1791525240,0.0015093116460471148,0.0015093116460471148,0.0013882584925763374,0.0014252941071716183,1540.6552981573261
1791525300,0.0014252941071716183,0.0014331925802971957,0.0013948710895095578,0.001411662912002791,1647.7796651027957
1791525360,0.001411662912002791,0.0014509896241821528,0.0013939281040186034,0.0014018831118765098,1793.8514374401898
1791525420,0.0014018831118765098,0.0014431660277963783,0.0014018831118765098,0.001422551112697035,1633.6874522814803
1791525480,0.001422551112697035,0.0014365971170299178,0.001395604604814046,0.00143499141933413,1356.030483629521
1791525540,0.00143499141933413,0.0014358728310553948,0.0013834786024575104,0.001424835806262789,1964.2094898505975
1791525600,0.001424835806262789,0.001434705383954154,0.0013577109538528264,0.001369784129270586,3366.0256325747214
1791525660,0.001369784129270586,0.0014021743724821325,0.0012932412650855263,0.0013042428516858594,4278.88381693617
1791525720,0.0013042428516858594,0.0013658506987685771,0.0013042428516858594,0.0013633987118018373,1434.6027673969197
1791525780,0.0013633987118018373,0.001364687494073673,0.0013085404484273566,0.0013319380957221329,1995.365180530972
1791525840,0.0013319380957221329,0.0013499661884592029,0.0013060696873032497,0.001332428993062804,1483.7665106607035
1791525900,0.001332428993062804,0.0013514587337227352,0.0012150428485816207,0.0012588513830519227,3868.691455602876
1791525960,0.0012588513830519227,0.0012759241498734298,0.0012360974421973226,0.0012599624110622256,2018.8969692475118
1791526020,0.0012599624110622256,0.0012993384276130191,0.001248187338579981,0.0012651540184130635,1985.949833567923
1791526080,0.0012651540184130635,0.001283460020031072,0.0011920456357646925,0.0012043870425739824,3473.913756843938
1791526140,0.0012043870425739824,0.0012393629188217597,0.0011980018591421413,0.0012203996235685577,2120.793872066351
1791526200,0.0012203996235685577,0.0012755048986618264,0.0012064423721085203,0.0012755048986618264,1238.0063558777726
1791526260,0.0012755048986618264,0.0012791856993899333,0.0012356536349412406,0.001246476685078368,2360.2692936340663
1791526320,0.001246476685078368,0.001259766369826565,0.0012245175850465482,0.0012565229030140558,1851.9258486286112
1791526380,0.0012565229030140558,0.0013079577518606443,0.0012385533443381744,0.0012872019546117804,2223.633571826495
1791526440,0.0012872019546117804,0.001292150163874448,0.0012169107469211476,0.0012169107469211476,1923.21682659453
1791526500,0.0012169107469211476,0.0012273930691698237,0.0011810043757927583,0.0011996335870309643,2599.6162998073373
1791526560,0.0011996335870309643,0.0012091505631131652,0.0011647607911751368,0.0011647607911751368,2296.5753065113286
1791526620,0.0011647607911751368,0.0012008657134223145,0.0011647607911751368,0.0011872373615533915,1522.6697408891257
1791526680,0.0011872373615533915,0.0012166289567247116,0.0011682877315311985,0.001204123645818011,2057.9953797131975
1791526740,0.001204123645818011,0.0012177641984422245,0.0011679034740445344,0.001186420413327095,2250.2084543317487
1791526800,0.001186420413327095,0.0011954745739401983,0.0011463257019266883,0.0011687749697555162,2218.2566161200825
1791526860,0.0011687749697555162,0.0012070558256560137,0.001089409927985179,0.0012070558256560137,5374.139992418768
1791526920,0.0012070558256560137,0.001233930256680905,0.0011737176055404755,0.0012226732857921277,2674.94188959884
1791526980,0.0012226732857921277,0.0012608174743484087,0.001208442417704594,0.0012410223567515567,2045.9274665691275
1791527040,0.0012410223567515567,0.0012681882905556535,0.0012204579285586949,0.0012442033507355477,1584.914072665335
1791527100,0.0012442033507355477,0.0012442033507355477,0.001179229821940528,0.001200983783708241,2403.191354380471
1791527160,0.001200983783708241,0.0012537912332948199,0.0011873423865085713,0.0012530590798281304,2233.9923739756546
1791527220,0.0012530590798281304,0.0012847313743792478,0.001236562817532894,0.0012698516375944267,3373.436507265858
1791527280,0.0012698516375944267,0.0013262922772723578,0.0012548105760890787,0.001318529769155005,1678.532350784244
1791527340,0.001318529769155005,0.0013555001673280788,0.0012882805266825458,0.0013092847451122154,3118.2528030622216
1791527400,0.0013092847451122154,0.0013558357603193738,0.001278540444892185,0.001338158891150519,3071.2808764179126
1791527460,0.001338158891150519,0.0013480239458057769,0.0012959441261790293,0.0013051028691387963,2473.871015877062
1791527520,0.0013051028691387963,0.0013202403500668604,0.0012784434709367356,0.0012963702521968385,2590.92185114908
1791527580,0.0012963702521968385,0.0013068212623926563,0.0012585476249008937,0.0013000331532581843,1768.8686042855616
1791527640,0.0013000331532581843,0.0013000522658383354,0.0012475993523631784,0.0012571631814549953,2063.4750432032815
1791527700,0.0012571631814549953,0.0013103602267168543,0.0012404753027267569,0.0012507344135766069,3511.3873402404083
1791527760,0.0012507344135766069,0.0012745555100630913,0.001196472298691587,0.0012189198249840556,2322.2914059414843
1791527820,0.0012189198249840556,0.0012709697437142983,0.0012049132917586614,0.0012259509972108865,2165.2353127853266
1791527880,0.0012259509972108865,0.0012575069972827599,0.0012062233443068408,0.001224034192674809,2097.24253570215
1791527940,0.001224034192674809,0.0012421469036412998,0.0012034831071013666,0.001232585152516355,2708.9664521981335
1791528000,0.001232585152516355,0.0012505416773748287,0.0011755967356448923,0.0012360610947459664,2134.0187769846075
1791528060,0.0012360610947459664,0.0012798579129158958,0.0012215089640482343,0.0012550894778698566,2934.554328520614
1791528120,0.0012550894778698566,0.001278997965466695,0.0012271719260611535,0.0012271719260611535,2436.352855920663
1791528180,0.0012271719260611535,0.0012604454023534774,0.0012085403937227338,0.001225388189481,2515.5206814638514
1791528240,0.001225388189481,0.001255016139832736,0.0011729362129281658,0.001177779702652587,2868.6489825003637
1791528300,0.001177779702652587,0.0012048740913431343,0.0011708037258952087,0.0011953612798175147,1564.572008013611
1791528360,0.0011953612798175147,0.0012126026680383095,0.0011661485755681766,0.0011775269826300107,1407.0425257198317
1791528420,0.0011775269826300107,0.0011921002976979203,0.001081327339889427,0.001147251344381908,4822.989572166755
1791528480,0.001147251344381908,0.0012047894840867622,0.0011470483784160358,0.0011971543645759003,1873.281325859008
1791528540,0.0011971543645759003,0.0012148817151014476,0.0011833806184442768,0.0012118626019605558,1614.1067798715185
1791528600,0.0012118626019605558,0.0012202449244189115,0.0011685108536577755,0.0011685108536577755,2259.198816810128
1791528660,0.0011685108536577755,0.001210453940140276,0.0011685108536577755,0.0011982093742084227,1614.1335969999104
1791528720,0.0011982093742084227,0.0012249552902991873,0.0011709789618571309,0.001210853623678044,2444.1553045133533
1791528780,0.001210853623678044,0.0012439196057915367,0.0012040896546875967,0.0012040896546875967,2196.276935620116
1791528840,0.0012040896546875967,0.0012510817694674884,0.0012034862281697827,0.001234980435633557,1700.8723407509547
1791528900,0.001234980435633557,0.001251329811046227,0.001214069195231343,0.001214069195231343,2252.401103544789
1791528960,0.001214069195231343,0.0012260790559566706,0.0011608337388467555,0.0011944188649780244,2473.4092427061596
1791529020,0.0011944188649780244,0.0012274383982538335,0.0010993323500126564,0.0011066112961980767,4646.60717629977
1791529080,0.0011066112961980767,0.001173226005700258,0.0011066112961980767,0.001156776018528649,2905.7619080975296
1791529140,0.001156776018528649,0.0011797378924057911,0.0011309639806770823,0.0011691198269011532,1984.906891648983
1791529200,0.0011691198269011532,0.0012288044412665144,0.0011578673638197462,0.0012064713314929069,2324.413578617377
1791529260,0.0012064713314929069,0.0012347417259489656,0.0011944810683080882,0.0012222803241583458,1599.9187033083301
1791529320,0.0012222803241583458,0.0012500891866251214,0.0012024423939219593,0.0012024423939219593,1612.0028965129807
1791529380,0.0012024423939219593,0.0012169501088228896,0.0011656563242126421,0.0011919775086980343,1791.0115094745797
1791529440,0.0011919775086980343,0.001258371134315071,0.0011919775086980343,0.001236524395110318,2102.731859115743
1791529500,0.001236524395110318,0.0012904416180397444,0.0012069584884647328,0.0012756128037396484,2847.161952988123
1791529560,0.0012756128037396484,0.001342420486349187,0.0012755999283469307,0.001342420486349187,1672.4228766168885
1791529620,0.001342420486349187,0.001342420486349187,0.0012784219894609503,0.0013035230719958101,1820.3853790135138
1791529680,0.0013035230719958101,0.0013312600117405976,0.0012986153340451992,0.0013312600117405976,1902.2375955224036
1791529740,0.0013312600117405976,0.0013695116165568146,0.0012907698732763585,0.001361184932319881,3276.4540389453964
1791529800,0.001361184932319881,0.0013815793099234044,0.001321595111473063,0.0013815793099234044,1741.5727383476903
1791529860,0.0013815793099234044,0.001385913997489216,0.0013298117506076025,0.0013483347378470116,2554.9118652111624
1791529920,0.0013483347378470116,0.0013565444586483306,0.001282653064555513,0.0013033770342823674,2532.7189394132465
1791529980,0.0013033770342823674,0.0013455835744478621,0.001290728487078265,0.0013307389576992744,1409.379972425893
1791530040,0.0013307389576992744,0.0013486712382134122,0.0012095847948601112,0.0012298202692579976,5151.20145256064
1791530100,0.0012298202692579976,0.0012954842389964823,0.0012298074949664262,0.001281921690470065,1220.2841741745988
1791530160,0.001281921690470065,0.0013117531392190245,0.0012701177338515775,0.0012701177338515775,2274.0897808057593
1791530220,0.0012701177338515775,0.0013392587514160484,0.0012700740698081076,0.0013067087666051881,1627.9399364981148
1791530280,0.0013067087666051881,0.001340798243618286,0.001298545987575249,0.0013211740147162677,1943.97470541862
1791530340,0.0013211740147162677,0.001329683709194748,0.001285783279458867,0.0013288907218877042,1947.7153802774667
1791530400,0.0013288907218877042,0.001408444781892408,0.0013087709384385934,0.001381089721251537,2779.801429402906
1791530460,0.001381089721251537,0.001402344027493711,0.0013616412115166124,0.0013871893750206483,1566.934574632878
1791530520,0.0013871893750206483,0.0014202906254225272,0.0013577643767968201,0.0013915182352579266,2324.351629653548
1791530580,0.0013915182352579266,0.0014012438398878196,0.0013266952374322493,0.0013639534577010307,2317.5866006250853
1791530640,0.0013639534577010307,0.0013849302614567845,0.0012919866853518106,0.0013126064704627738,3497.67393324665
1791530700,0.0013126064704627738,0.0013557976333721429,0.0012976192338777688,0.0013412013372955814,1811.885642091193
1791530760,0.0013412013372955814,0.001356666255429014,0.0013079504149798046,0.0013362468440532174,2032.3654117534547
1791530820,0.0013362468440532174,0.001353320999241303,0.0012953687612477919,0.0013092565839394079,2042.553143823705
1791530880,0.0013092565839394079,0.0013244162489270022,0.0012823640009000095,0.001307427995544919,2151.267388804877
1791530940,0.001307427995544919,0.001342489294557464,0.0011835933535612993,0.0012454378508101902,5668.807396460086
1791531000,0.0012454378508101902,0.0013184940880823163,0.0012322117192499977,0.0013184870467404046,1699.4972656439631
1791531060,0.0013184870467404046,0.001385493077323249,0.0013032545894319295,0.0013182917937198434,2819.547551846072
1791531120,0.0013182917937198434,0.0013832746277486069,0.001318151367204526,0.0013635823302363373,1798.610816932788
1791531180,0.0013635823302363373,0.001389963651429738,0.0013378843886978538,0.0013543523685238775,2273.6935773804576
1791531240,0.0013543523685238775,0.0014274597871781125,0.0013373192649099913,0.0014069031898010908,2441.1231471309907
1791531300,0.0014069031898010908,0.0014259047104923771,0.001373408456356588,0.0013734686718676987,2620.429751910248
1791531360,0.0013734686718676987,0.0014310008930903746,0.0013734686718676987,0.0014255813273635102,2209.3758843168866
1791531420,0.0014255813273635102,0.0014288233926589007,0.001374133136086609,0.001402114716310678,2453.6707363766586
1791531480,0.001402114716310678,0.0014370880602254668,0.001367007124353164,0.00138293181743278,3131.320615914335
1791531540,0.00138293181743278,0.001394177313389767,0.001346001861011551,0.0013829796485845943,2084.279206389721
1791531600,0.0013829796485845943,0.0014017116803889682,0.001344961147920384,0.0013968481478694762,2098.1765179465397
1791531660,0.0013968481478694762,0.0014048360213883267,0.0013499878465020587,0.0013745893322070347,1893.4151951575811
1791531720,0.0013745893322070347,0.0014069631956934857,0.001260803194904336,0.0013122129810230827,5492.336622268718
1791531780,0.0013122129810230827,0.0013550217403297219,0.0012993243446100904,0.0013261151116008643,2428.858002719681
1791531840,0.0013261151116008643,0.0013452111216571126,0.001295757238801593,0.0013182531511360866,2522.9771483718055
1791531900,0.0013182531511360866,0.001369414929757046,0.0013182531511360866,0.0013430792842449918,2102.5437439795724
1791531960,0.0013430792842449918,0.0013759376308818084,0.0013366665063001917,0.0013713960831039233,1342.1611707392697
1791532020,0.0013713960831039233,0.001399498235550964,0.0013318689270378516,0.0013319190077903341,2243.3237493080615
1791532080,0.0013319190077903341,0.0013988439231934935,0.0013319190077903341,0.0013855113889197537,1440.9433885106862
1791532140,0.0013855113889197537,0.0014222458122333215,0.0013837056556942195,0.0014171234592654305,1455.9105380447088
1791532200,0.0014171234592654305,0.0014287092685328952,0.0013798095646907383,0.0014061520796281167,2287.323263095929
1791532260,0.0014061520796281167,0.0014095242031935758,0.0013259564017669583,0.0013405614798975235,2850.1810915464166
1791532320,0.0013405614798975235,0.0013755055377374134,0.0012773513338769386,0.0013638001602041896,4995.586563650078
1791532380,0.0013638001602041896,0.0013999215873718648,0.0013618162314085363,0.0013710154297550152,1665.955328230911
1791532440,0.0013710154297550152,0.0014589069375381834,0.0013710154297550152,0.0014421487531966967,2301.7972584654085
1791532500,0.0014421487531966967,0.0014647376628860842,0.00140146422763775,0.0014177128785839111,2388.061822506877
1791532560,0.0014177128785839111,0.0014721716037787039,0.0014040528353008255,0.0014572006584889841,1858.0930128757475
1791532620,0.0014572006584889841,0.0015163154943912385,0.0014571097132573879,0.001475319264633674,2690.623710074122
1791532680,0.001475319264633674,0.001521275652558212,0.0013890072263765439,0.0014348889975553572,9199.728697849332
1791532740,0.0014348889975553572,0.0015473864705234496,0.0014348889975553572,0.0014982038091289342,5450.794173893509
1791532800,0.0014982038091289342,0.0015554566521232386,0.0014756043799845366,0.001515486187819196,2178.006855353764
1791532860,0.001515486187819196,0.001579370259251166,0.001515395346136468,0.0015793060210456309,2140.2271322595284
1791532920,0.0015793060210456309,0.0015793060210456309,0.001512891475306857,0.0015466737957642274,1971.9896968679734
1791532980,0.0015466737957642274,0.0015897065905971655,0.0014730711049012108,0.0014907366213981017,4421.497277007128
1791533040,0.0014907366213981017,0.001532235462590676,0.0014760350530224552,0.0015143229641467063,1127.8303268717966
1791533100,0.0015143229641467063,0.0015437895037961244,0.0015066693774142964,0.0015101634417109245,2027.4439943097154
1791533160,0.0015101634417109245,0.0015340005760510864,0.0014783096575624107,0.0015232859576343957,2050.6328674756815
1791533220,0.0015232859576343957,0.001547479049521371,0.0014152848071377609,0.0014341357053557174,4198.996029442452
1791533280,0.0014341357053557174,0.001468472791676702,0.001426124660080256,0.0014280409619053468,2076.1383376693148
1791533340,0.0014280409619053468,0.0014872470309443817,0.001413896181622043,0.00146906927983376,2217.585610929329
1791533400,0.00146906927983376,0.00151716360369812,0.00146906927983376,0.001502083627233799,1506.0577420145823
1791533460,0.001502083627233799,0.0015197553507471323,0.001440622592057268,0.0014679001350830943,2419.2454297035765
1791533520,0.0014679001350830943,0.0015027793120840351,0.0013742779274825345,0.0013789299389974537,3436.8739377602087
1791533580,0.0013789299389974537,0.0014159582776391221,0.0013669627546406661,0.001400265691066963,1769.782519496366
1791533640,0.001400265691066963,0.0014463303412276148,0.0013715693098810173,0.001426371466307727,3006.4088521587523
1791533700,0.001426371466307727,0.0014497495624325443,0.0014070502627859984,0.0014235125103207404,1931.2757525420552
1791533760,0.0014235125103207404,0.0014702784721355162,0.001409145481470919,0.0014579349350009921,1583.2145040046562
1791533820,0.0014579349350009921,0.0015025708745919433,0.001447684434230067,0.001454526516615092,2097.7582891365805
1791533880,0.001454526516615092,0.0014802925343101558,0.0014340181692412393,0.001459233023830778,1963.403084303258
1791533940,0.001459233023830778,0.001491637335432215,0.0014400445236234707,0.0014785491593693157,1844.8878731999748
1791534000,0.0014785491593693157,0.0014965441343176144,0.0014381140196677018,0.0014660728121775831,2350.340532361585
1791534060,0.0014660728121775831,0.0015153440776722441,0.0014282881643059376,0.0015002882769096166,2332.798276165209
1791534120,0.0015002882769096166,0.0015672359160254863,0.0014830526499185004,0.0015230011248041897,2398.178270292254
1791534180,0.0015230011248041897,0.0015683487926823098,0.0015200207547665103,0.0015663861840380245,1642.7315548662134
1791534240,0.0015663861840380245,0.0015664196940691104,0.0014954239978075985,0.0015103400545658427,2738.048820385316
1791534300,0.0015103400545658427,0.0015585996266101357,0.001500836773110273,0.0015299967591957113,1624.419125117761
1791534360,0.0015299967591957113,0.0015395158598991545,0.001502415471139667,0.0015172125756750113,1490.357778668253
1791534420,0.0015172125756750113,0.0015454233225404383,0.0015010826452991953,0.001538203977164939,1842.6031232476644
1791534480,0.001538203977164939,0.0015931061754831874,0.00152050767522654,0.0015624123378907753,1905.8405843622095
1791534540,0.0015624123378907753,0.001635682988957586,0.0015623462866792683,0.0016174948109164812,1527.6779412941803
1791534600,0.0016174948109164812,0.001635391727275852,0.0015793235778753312,0.0016148108901959573,2533.5633951675472
1791534660,0.0016148108901959573,0.0016295264663801854,0.0015609222437803613,0.0016047384331044528,2656.521728243798
1791534720,0.0016047384331044528,0.0016523000081765014,0.0015887898816205938,0.0016445172854035125,2156.661777317296
1791534780,0.0016445172854035125,0.0016603593834928114,0.0013869025706239582,0.0014922940397023327,9939.930885784297
1791534840,0.0014922940397023327,0.0015262459373605365,0.0014732943829588584,0.001490430746829819,1572.3901995498738
1791534900,0.001490430746829819,0.0015049478840869345,0.0014583408024420443,0.0015049478840869345,1653.9484954895327
1791534960,0.0015049478840869345,0.0015167597831129852,0.0014773187342096128,0.0014961268824701822,1531.4779716748044
1791535020,0.0014961268824701822,0.0015380369208964338,0.0014824958600092321,0.0015377499090810213,1716.6310198120302
1791535080,0.0015377499090810213,0.0015377499090810213,0.0014899376102266138,0.0015160355046501207,1517.1880609659681
1791535140,0.0015160355046501207,0.0015278544788654344,0.0014583660791264498,0.0014802783060390101,1855.9240931042568
1791535200,0.0014802783060390101,0.0015016179496796446,0.0014569247765332132,0.0014791668960605856,1774.0819247881388
1791535260,0.0014791668960605856,0.0014965829894104867,0.001460566965210352,0.0014821786808530786,1670.0004933593416
1791535320,0.0014821786808530786,0.0015074302258251213,0.0014527730762645518,0.0015061712671284812,1936.7056709027797
1791535380,0.0015061712671284812,0.0015267148145453472,0.0014900998923766098,0.0015215909944045387,1666.6064774205906
1791535440,0.0015215909944045387,0.0015246330642117447,0.0014754902206792202,0.0014886663832343688,2159.2614171115024
1791535500,0.0014886663832343688,0.0015503583641575415,0.0014886663832343688,0.0015452763410973014,1618.7705825464548
1791535560,0.0015452763410973014,0.0015650597485845233,0.0015223895220446131,0.001526551332416359,1747.0078656943685
1791535620,0.001526551332416359,0.0015638998528033706,0.0015111768191824252,0.0015417957824996808,2360.651496941387
1791535680,0.0015417957824996808,0.0015712371561995182,0.001531758288454115,0.0015544392812588373,1780.1847264109078
1791535740,0.0015544392812588373,0.001576214241478529,0.0015426241621394477,0.0015683731913640636,1670.4347799165478
1791535800,0.0015683731913640636,0.0016064076448221354,0.0015448174302214062,0.0015864483532256556,1983.2145586569388
1791535860,0.0015864483532256556,0.0015919206700978964,0.0015526828903616873,0.001556069873829062,1625.7241765375018
1791535920,0.001556069873829062,0.0016394571520617336,0.001556016372786025,0.0016226791619365726,2168.790053016256
1791535980,0.0016226791619365726,0.001630608952817429,0.0015940622645566438,0.0016153025158970075,1465.0712254527612
1791536040,0.0016153025158970075,0.0016274135179948272,0.0015786804556806571,0.0015873064551278288,1540.9194184035305
1791536100,0.0015873064551278288,0.0016177469498719998,0.0015375064357787019,0.001560528475487676,3259.3523644486486
1791536160,0.001560528475487676,0.0015870648479977005,0.0015427214239951748,0.001553357051374989,1687.3101845784377
1791536220,0.001553357051374989,0.001571319541969807,0.0015367278314498925,0.0015605356665588422,1421.7606533562605
1791536280,0.0015605356665588422,0.0015882804637809282,0.0015487305712879227,0.0015620782154052602,1666.7613663226332
1791536340,0.0015620782154052602,0.0015785065263268462,0.001532546345800704,0.001551592253818541,1533.5037001762373
1791536400,0.001551592253818541,0.001568899771621348,0.0014981158350819998,0.0015136516629658885,2341.472469461176
1791536460,0.0015136516629658885,0.0015137142220202494,0.0013869798445920497,0.0014170277527017817,4315.161935639065
1791536520,0.0014170277527017817,0.0014515521308297802,0.0014160505580904032,0.001426121926277524,1817.2046361813384
1791536580,0.001426121926277524,0.001472928676076018,0.0014261207302625732,0.0014374421576001041,1911.674938449433
1791536640,0.0014374421576001041,0.0014595942178100027,0.001426316852530076,0.0014407877230234874,1387.8024345704932
1791536700,0.0014407877230234874,0.0014769480215122651,0.001426570549102684,0.0014498953388235847,1721.806941509863
1791536760,0.0014498953388235847,0.001467915891028701,0.0014247777133450993,0.001444642559985868,1813.2297043596868
1791536820,0.001444642559985868,0.0014954705478021806,0.001428008195700168,0.0014924892963452548,1831.6261399507828
1791536880,0.0014924892963452548,0.001503197781284694,0.0014462103620757672,0.0014666794000257949,1827.0249931290293
1791536940,0.0014666794000257949,0.0015129542381057811,0.0014497760307219886,0.0015055360861908433,1908.5333041231743
1791537000,0.0015055360861908433,0.001530027428983412,0.0014714363782467863,0.0015039373969298643,2279.0798715546366
1791537060,0.0015039373969298643,0.0015649407324813687,0.0015039373969298643,0.0015543174101762492,1600.2053425243114
1791537120,0.0015543174101762492,0.0015751193221785246,0.0015284446402715514,0.0015381666511875267,1636.7813888687024
1791537180,0.0015381666511875267,0.0015684461207278696,0.001524274586377792,0.0015435243723398667,1639.822066750026
1791537240,0.0015435243723398667,0.0015773295857491978,0.001521002636520362,0.0015701636307659602,1882.1979687341172
1791537300,0.0015701636307659602,0.0015972267598872599,0.0015532617266317303,0.0015971858324821124,1626.6635660487118
1791537360,0.0015971858324821124,0.0016092361180537736,0.0015641055975938057,0.0015895095616703942,1612.6953010269374
1791537420,0.0015895095616703942,0.0016324856529153426,0.0015759811245461867,0.0016149988045853537,1739.6292018850759
1791537480,0.0016149988045853537,0.0016532649102847406,0.0015971385927703906,0.0016351938722346836,1897.7057063198067
1791537540,0.0016351938722346836,0.0016532169820262432,0.0015828114701185478,0.0015987070052541764,2109.4537767067613
1791537600,0.0015987070052541764,0.001643473666491549,0.0015482300121968538,0.0015712916521136975,2863.056609700216
1791537660,0.0015712916521136975,0.0015762052632188406,0.001522711299884644,0.0015484649662220666,2205.922909615656
1791537720,0.0015484649662220666,0.0015862616569183603,0.0015354176994217914,0.0015730943760366787,1627.9392357597028
1791537780,0.0015730943760366787,0.0015959066277892373,0.0015392032962485381,0.0015864853075434123,2111.8451120311456
1791537840,0.0015864853075434123,0.0015867791376670494,0.0015312228283784139,0.0015419618130035131,1827.115270467584
1791537900,0.0015419618130035131,0.0015621397567258729,0.0014353083780749858,0.0014981376647774803,5570.628699375179
1791537960,0.0014981376647774803,0.0015035545569693442,0.0014378561762188507,0.0014545293552141877,1945.9777956199534
1791538020,0.0014545293552141877,0.0014985506277166612,0.0014315572798888163,0.0014985506277166612,1775.8752551775722
1791538080,0.0014985506277166612,0.001519708697611953,0.0014763485197338536,0.001498886831430806,1670.0170120944458
1791538140,0.001498886831430806,0.0015261558930994683,0.001462826885088205,0.0014701734153050494,1970.2115164420968
1791538200,0.0014701734153050494,0.0015076731747227859,0.0014665793380794815,0.0014933669413697752,1598.7952382106057
1791538260,0.0014933669413697752,0.0014952653263178093,0.0013406679526324823,0.0013660394686603747,4619.225618313512
1791538320,0.0013660394686603747,0.0013968158722092062,0.0013646507307536243,0.0013655112068283546,1958.9515413669183
1791538380,0.0013655112068283546,0.001397252263601422,0.0013498023296277582,0.0013703073810098902,1783.415494150378
1791538440,0.0013703073810098902,0.0014033805210066311,0.0013611268587713696,0.0014033805210066311,1619.974448334429
1791538500,0.0014033805210066311,0.0014081973257861736,0.0013552873142959553,0.0013591149756553363,1670.3044840895784
1791538560,0.0013591149756553363,0.0013918153121701869,0.0013512424175957448,0.001373139189343608,1923.5491534780358
1791538620,0.001373139189343608,0.0013979374795136284,0.0013572927287747105,0.001388466684412019,1650.9742579561164
1791538680,0.001388466684412019,0.0014075877034690023,0.0013532215865201956,0.0013689239150569813,1776.5763260988015
1791538740,0.0013689239150569813,0.001396259666731557,0.0013497858766343463,0.001396259666731557,2148.3927538832218
1791538800,0.001396259666731557,0.001420120474565679,0.0013663131904138276,0.0013772292165467664,1682.6772715974744
1791538860,0.0013772292165467664,0.0013941574812452572,0.0012646982133249916,0.0013205486982227615,5054.63769457615
1791538920,0.0013205486982227615,0.0013211751241649485,0.0012914806935531795,0.0013100058907792225,1523.5579845122381
1791538980,0.0013100058907792225,0.001324287321944226,0.0012913463860007922,0.001306188530475396,1566.1143338117033
1791539040,0.001306188530475396,0.00133622999584357,0.0013015821021283489,0.0013297460480587956,1398.6897605824843
1791539100,0.0013297460480587956,0.001345757134766676,0.0012957544317763374,0.0013061647778404406,1993.3621283881637
1791539160,0.0013061647778404406,0.0013275730109965458,0.0012844897508162425,0.0013013451421445906,1689.0802766229192
1791539220,0.0013013451421445906,0.0013256606100626694,0.0012864271030947735,0.0013123783228170065,1605.8493396826932
1791539280,0.0013123783228170065,0.0013234401384635218,0.0012817340794933853,0.001310233254720204,1668.2916510034545
1791539340,0.001310233254720204,0.0013287762000765264,0.0012851623730652031,0.0013114842214540948,1478.6247067233476
1791539400,0.0013114842214540948,0.001324266202072279,0.0012882415743858332,0.0012967733133398408,1662.0037130065882
1791539460,0.0012967733133398408,0.001331935438424665,0.001275156125737078,0.001281045303510812,1732.080298058166
1791539520,0.001281045303510812,0.0013106775923835549,0.0011620216490818398,0.0011681305653987713,5242.218154731396
1791539580,0.0011681305653987713,0.001208167973278991,0.0011591715582229467,0.0012055332270992588,1800.213499394055
1791539640,0.0012055332270992588,0.0012055396733978005,0.001155166089936595,0.001175416877363904,1784.9573923611117
1791539700,0.001175416877363904,0.0011978734898505231,0.001163527036323553,0.0011770205724942642,1773.0044904725319
1791539760,0.0011770205724942642,0.0011955653469454982,0.001163454910111814,0.0011733201250721133,1846.5086157724436
1791539820,0.0011733201250721133,0.001209391479948271,0.0011635826272005227,0.0011852131490238322,1958.3592109187207
1791539880,0.0011852131490238322,0.0012147193573344298,0.0011618901052927902,0.0011618901052927902,1759.8450500642414
1791539940,0.0011618901052927902,0.0012077511624934776,0.0011618901052927902,0.0011917666553921955,1863.9507908703984
1791540000,0.0011917666553921955,0.0011995508033357319,0.0011606072935395851,0.0011986494839615032,1473.9273185028026
1791540060,0.0011986494839615032,0.0012367977060553433,0.0011824644912594871,0.0012100492639505309,2821.805734785349
1791540120,0.0012100492639505309,0.0012406211425736269,0.0011888312928060839,0.0012406211425736269,1509.1169579920197
1791540180,0.0012406211425736269,0.0012407041845295527,0.0011904847128352916,0.001202639096369861,1425.344470630222
1791540240,0.001202639096369861,0.0012291297949158857,0.0011820235697328377,0.0012097152881041223,1932.439013985363
1791540300,0.0012097152881041223,0.0012306175247412188,0.001188766746702163,0.0012017958089884481,1796.3064569558305
1791540360,0.0012017958089884481,0.0012178698176905616,0.0011884318426917623,0.0012178572530866765,1356.6845354756938
1791540420,0.0012178572530866765,0.001267296776017922,0.0011990721403573185,0.001250913749605339,2054.9922565565
1791540480,0.001250913749605339,0.0012596535487202928,0.0012265730330723549,0.0012408838777023259,2068.330815866573
1791540540,0.0012408838777023259,0.0012649741713457497,0.001223498986400447,0.0012503802952310867,1683.5981422424015
1791540600,0.0012503802952310867,0.0012785498504754534,0.001234189558015535,0.001234189558015535,1766.5040740209388
1791540660,0.001234189558015535,0.0012881156859353374,0.001234189558015535,0.0012837699952497697,1975.094531051721
1791540720,0.0012837699952497697,0.0012881279837474884,0.0012192442756892075,0.0012192840367059767,2057.1465925526472
1791540780,0.0012192840367059767,0.0012630280722276148,0.0012008320662905694,0.0012586667813627489,1631.3041911771954
1791540840,0.0012586667813627489,0.0012656271874751633,0.0011594915996376352,0.0012147227692117597,3479.3375998239794
1791540900,0.0012147227692117597,0.0012528083515901424,0.0011317799236814923,0.0011447948225763696,3990.0569614871847
1791540960,0.0011447948225763696,0.0012161176851517815,0.0011447311546823288,0.001204728932307433,2326.813240733134
1791541020,0.001204728932307433,0.0012169358702310957,0.0011759477158564883,0.0011831008412359404,2615.047618393933
1791541080,0.0011831008412359404,0.0012679651601418896,0.0011027140553512716,0.0012444835272180164,9290.726677512353
1791541140,0.0012444835272180164,0.001384691090145847,0.001240836605270927,0.0012573642964230824,9363.029576717334
1791541200,0.0012573642964230824,0.001345427305332318,0.0012450806669771382,0.0013299697084675711,2085.4492281587773
1791541260,0.0013299697084675711,0.0013558909449286922,0.0013101070361603096,0.001332560381013092,2142.9992390667535
1791541320,0.001332560381013092,0.00135042758850238,0.0013009663003634851,0.0013401264393573212,2224.217007843348
1791541380,0.0013401264393573212,0.001387188923162849,0.0013184256640079244,0.0013712265429371491,2250.75498441753
1791541440,0.0013712265429371491,0.001403976793043051,0.0013498449320144838,0.0013687479939352007,2413.071295149066
1791541500,0.0013687479939352007,0.001454897258278387,0.001352099721079946,0.0014500300673366108,4882.023457389094
1791541560,0.0014500300673366108,0.001472447517269629,0.0013965753717827421,0.001437724348194795,14197.227675002237
1791541620,0.001437724348194795,0.00155037701610097,0.0013785334171604964,0.0015379311341318256,19143.884757501724
1791541680,0.0015379311341318256,0.0015650846136545501,0.001399077017001218,0.0015261165113817623,17765.65072356482
1791541740,0.0015261165113817623,0.0016330164364763418,0.0013986113470379916,0.0016107921817248676,20815.401817384907
1791541800,0.0016107921817248676,0.0017018400275215625,0.0014820152354093233,0.001503137252454383,21565.432686425476
1791541860,0.001503137252454383,0.0016204310666805546,0.0014335818815711904,0.001506820239656523,19900.86700734743
1791541920,0.001506820239656523,0.0016184540569127938,0.001380523664564782,0.001467760035637039,18896.85557667129
1791541980,0.001467760035637039,0.0015261702800436676,0.0012724130416630608,0.0013640349623111896,11079.690521550285
1791542040,0.0013640349623111896,0.001502839448684168,0.0011738004815613863,0.0012431629306739406,19785.18749002861
1791542100,0.0012431629306739406,0.001253124777053252,0.0012080165288847783,0.0012530188358472502,2274.247365246251
1791542160,0.0012530188358472502,0.0013017192461485198,0.0012255747152315941,0.0012893963155440429,3179.160710552745
1791542220,0.0012893963155440429,0.0013090810020457548,0.0011859966560164661,0.0012016425171911288,4755.176134608081
1791542280,0.0012016425171911288,0.0012572194286352067,0.0011623580255483998,0.001212644609222757,5363.914664850558
1791542340,0.001212644609222757,0.0012383516835737058,0.001103981698215929,0.0011370177126246955,5426.824166719359
1791542400,0.0011370177126246955,0.0011972005139274165,0.0010614922507956848,0.0011453902218782298,13137.110578698168
1791542460,0.0011453902218782298,0.0011453902218782298,0.0010076636827721008,0.00104843688130558,19710.705871916805
1791542520,0.00104843688130558,0.0011265106389463765,0.0009553767286178164,0.0009893515212925149,18508.13709120084
1791542580,0.0009893515212925149,0.0010019821342096683,0.0009574743207029217,0.0009878865570491112,2777.381089420485
1791542640,0.0009878865570491112,0.0010374814986758164,0.0009782208606604291,0.0010214664745622057,2264.6419628660815
1791542700,0.0010214664745622057,0.0010416350657224134,0.000983335503575099,0.0010129994612334196,4100.503868707092
1791542760,0.0010129994612334196,0.0010397789453260645,0.0010086320531442778,0.001021129028766817,1834.4760885647527
1791542820,0.001021129028766817,0.0010334931789222565,0.0009345726941720535,0.00100162755248789,3632.61136203047
1791542880,0.00100162755248789,0.0010043821351291247,0.0008872897503615259,0.0009422316351628657,4669.6225108835715
1791542940,0.0009422316351628657,0.0009578059462458307,0.000856412755271174,0.0008734882144160041,4866.7989650651425
1791543000,0.0008734882144160041,0.0009203501264052928,0.0008637446518752338,0.00090929737148278,3035.0934417367084
1791543060,0.00090929737148278,0.00090929737148278,0.0008624246381287482,0.000882554848926545,1959.743112006777
1791543120,0.000882554848926545,0.00090491814568499,0.0008657645172965411,0.000899398063709413,2017.8024206197797
1791543180,0.000899398063709413,0.0009139883664107104,0.0008753498952790818,0.0009139719610395063,2106.956094579228
1791543240,0.0009139719610395063,0.0009361816690130532,0.0009066440948305724,0.0009250873651683599,1462.6278888703903
1791543300,0.0009250873651683599,0.0009671021274784226,0.0009201285881994411,0.0009520290494557246,2347.1942588320076
1791543360,0.0009520290494557246,0.000963526514425034,0.0009161640441105218,0.0009215886079519249,2454.9257931973866
1791543420,0.0009215886079519249,0.0009597693667064181,0.0009119492475408753,0.0009243674717794323,2873.711349946641
1791543480,0.0009243674717794323,0.0009249553160320773,0.0008661840414178676,0.0008934655503296244,3243.39072961533
1791543540,0.0008934655503296244,0.0009307745921334706,0.0008934655503296244,0.0009078233576874265,2206.513234879165
1791543600,0.0009078233576874265,0.0009329362103203885,0.0008915894096786917,0.0009153891016456654,2767.637619767652
1791543660,0.0009153891016456654,0.0009489474938357992,0.000906670320579783,0.0009323929184749692,1864.8643398099546
1791543720,0.0009323929184749692,0.0009696742975849876,0.0009227414018053928,0.0009469662547229968,2272.363724066445
1791543780,0.0009469662547229968,0.000975818105379754,0.0009325007086410252,0.0009500807981791997,2312.2929020398788
1791543840,0.0009500807981791997,0.0010065406312514487,0.0009427153788966666,0.0010065406312514487,1834.811281982526
1791543900,0.0010065406312514487,0.0010065406312514487,0.0009620438336280035,0.0009912730028168617,2511.6568375271586
1791543960,0.0009912730028168617,0.0010019279057742045,0.0009746220066838441,0.000990221715654904,1976.4670856300377
1791544020,0.000990221715654904,0.000990221715654904,0.000922951420079858,0.000954526379449665,2675.5004191411
1791544080,0.000954526379449665,0.000992922227646692,0.0009518703138014858,0.0009740576249608148,1919.346707693524
1791544140,0.0009740576249608148,0.0009945940932415203,0.0009710842670545345,0.0009761045210091066,1684.5444533040568
1791544200,0.0009761045210091066,0.0009947557200247383,0.0009643030947128814,0.0009719629601109568,2759.418288724142
1791544260,0.0009719629601109568,0.0009915221324526026,0.0009425402434942495,0.000989277435557554,2491.402660143092
1791544320,0.000989277435557554,0.0010087890652548533,0.0009704089245748788,0.0009936115448940898,1942.5702624454736
1791544380,0.0009936115448940898,0.0010120870489366079,0.0009655050137817787,0.0009962302541362256,2867.3886983539574
1791544440,0.0009962302541362256,0.0010065629812767568,0.0009609501808854489,0.0009727840643460054,2410.330366568876
1791544500,0.0009727840643460054,0.0010007477611269626,0.0009638041112925359,0.0009858895483697663,2081.8128506872486
1791544560,0.0009858895483697663,0.0010097514882181865,0.0009734235760374986,0.0009912499997579741,2134.991458257888
1791544620,0.0009912499997579741,0.0010182278765720862,0.0009861443522736985,0.0009861443522736985,2235.184467422184
1791544680,0.0009861443522736985,0.0010118400452652763,0.000976915467771023,0.0010092412300625317,1586.4824247240629
1791544740,0.0010092412300625317,0.0010111328531024596,0.0009628275051546031,0.0010048322583719178,2093.0033334652558
1791544800,0.0010048322583719178,0.0010123537145596,0.0009783376225267143,0.0009985313588354524,1945.3423850450401
1791544860,0.0009985313588354524,0.001017130512779689,0.0009722650573900627,0.000996361451697307,2520.3987755170656
1791544920,0.000996361451697307,0.0010265391204901286,0.0009715386999403184,0.0009718335827409207,3082.9655418305774
1791544980,0.0009718335827409207,0.001039712030744067,0.0009718034617027415,0.00102849723634118,1814.8833355110662
1791545040,0.00102849723634118,0.0010410291245495742,0.0009931864981741723,0.0010088972526333842,2549.65254450355
1791545100,0.0010088972526333842,0.0010386846461065613,0.0009712684457628313,0.0010057383259436167,3549.625511950284
1791545160,0.0010057383259436167,0.0010161190807902736,0.0009669746779964353,0.0010075082504937812,2898.2760735404477
1791545220,0.0010075082504937812,0.0010423621649304799,0.0010006350701500196,0.001025363229509422,2706.5796276378524
1791545280,0.001025363229509422,0.0010623821640337702,0.0010056058033155438,0.0010623655525164736,3066.277755230245
1791545340,0.0010623655525164736,0.0010699723088237229,0.0010347590521102548,0.0010589753121945146,2676.6268056052736
1791545400,0.0010589753121945146,0.001070720244608125,0.0009835309245137163,0.0009835309245137163,3438.381827982552
1791545460,0.0009835309245137163,0.0010349800312949014,0.0009834542174005005,0.0010059288623345407,2762.493794796561
1791545520,0.0010059288623345407,0.001024311166466439,0.0009819852706588878,0.0010163557447725672,2290.182311982365
1791545580,0.0010163557447725672,0.0010293423702333459,0.0009964072477262993,0.001013315275437423,2022.5003002487745
1791545640,0.001013315275437423,0.0010542853841232248,0.0009925177658011578,0.0010499868688709315,2352.5674178068043
1791545700,0.0010499868688709315,0.0010820191777246792,0.001024366652432034,0.001070957402212729,2458.6214218206287
1791545760,0.001070957402212729,0.001085027900014598,0.0010492135061415419,0.001085027900014598,2750.9048587447633
1791545820,0.001085027900014598,0.0010908539701051988,0.0010429547854973243,0.0010583055237182839,2519.814034266407
1791545880,0.0010583055237182839,0.0010812726555641215,0.0010486805017187412,0.0010792474343565542,2011.4019191876782
1791545940,0.0010792474343565542,0.0010869083799283667,0.001053263746884913,0.0010725788907562273,1929.760848177078
1791546000,0.0010725788907562273,0.0010811993033141391,0.0009697755327217737,0.0009815235280772998,4796.967712461991
1791546060,0.0009815235280772998,0.0010041105296387342,0.0008683208221898403,0.000885933800891004,6723.3444518730075
1791546120,0.000885933800891004,0.0009131461727082808,0.0007207256205142411,0.0007522193524992652,9698.505309591234
1791546180,0.0007522193524992652,0.000834049484746366,0.0007522193524992652,0.0007849484585314026,5730.212803615223
1791546240,0.0007849484585314026,0.0008116506865784484,0.00070476998157511,0.0007269859100921199,7082.068166637398
1791546300,0.0007269859100921199,0.0007584754708201069,0.0006408643216789174,0.0006696391641547393,7336.139313551457
1791546360,0.0006696391641547393,0.0006870600459541087,0.0005664585155217327,0.0005949221157174137,6757.505477664467
1791546420,0.0005949221157174137,0.0006095219821588961,0.0005823209656094267,0.000599591538734825,2909.311033858038
1791546480,0.000599591538734825,0.0006197786170938369,0.0005899242586632859,0.0006041093721656788,2795.9716734982712
1791546540,0.0006041093721656788,0.0006224292756253265,0.0005920280245884502,0.000613451729183955,2116.0515587308587
1791546600,0.000613451729183955,0.0006135830230863495,0.0005861951380508266,0.0006002928239795478,2086.496613712728
1791546660,0.0006002928239795478,0.0006095005561242864,0.0005886826381726653,0.0006024802758529221,1686.1765795301135
1791546720,0.0006024802758529221,0.0006183912010227749,0.0005884233202864156,0.0006103494106721246,2379.3617711986894
1791546780,0.0006103494106721246,0.0006271758244464647,0.0005925909530507141,0.0006075713889100688,2196.639733146388
1791546840,0.0006075713889100688,0.0006359585988155634,0.0005984228023541374,0.0006168874201145636,2557.9462086728513
1791546900,0.0006168874201145636,0.0006320836333974115,0.0006029543726505121,0.0006182809228003221,2657.941542184344
1791546960,0.0006182809228003221,0.0006339383798175985,0.0006075836628156966,0.000622681387071636,2000.3131200582118
1791547020,0.000622681387071636,0.0006265072332753605,0.0006005219827864444,0.0006200187722162264,1566.9727959911945
1791547080,0.0006200187722162264,0.000625455532735525,0.0006063109491073994,0.0006202056390877295,1810.7390475455484
1791547140,0.0006202056390877295,0.0006390369053619677,0.0006069522595138851,0.0006360394499137486,2177.83533743919
1791547200,0.0006360394499137486,0.0006464114739417653,0.0006214432568810444,0.0006435585157410919,2511.094088190108
1791547260,0.0006435585157410919,0.0006497582260184624,0.000625852848233136,0.000640337400491176,1414.9915017947644
1791547320,0.000640337400491176,0.0006471171275234582,0.0006245224554590097,0.0006379341275409963,1471.1551076771052
1791547380,0.0006379341275409963,0.0006464809625081495,0.0006271456057474112,0.000641852218959283,1793.1169791161394
1791547440,0.000641852218959283,0.0006608475344180075,0.000637884796510305,0.0006386929493673355,1737.0509381592528
1791547500,0.0006386929493673355,0.0006515594020067321,0.0006236104627305726,0.0006339168484672955,1444.9160873524547
1791547560,0.0006339168484672955,0.0006574268563814323,0.0006283202401193359,0.0006568971826020983,1502.1679447138279
1791547620,0.0006568971826020983,0.0006709816992797391,0.0006477347119014099,0.0006702450216223923,1435.384972947407
1791547680,0.0006702450216223923,0.0006714839735856227,0.0006498683944696165,0.000659310439357482,1669.5583367859133
1791547740,0.000659310439357482,0.0006713082257109301,0.0006470927055201965,0.0006549243006057416,1279.095855032886
1791547800,0.0006549243006057416,0.0006741097865950196,0.0006473308617727412,0.000650681588077468,1273.762832366105
1791547860,0.000650681588077468,0.0006884590377725776,0.000650570406549685,0.0006846974619326646,1791.438157337188
1791547920,0.0006846974619326646,0.000693016972220251,0.0006680438835169473,0.0006761513681181111,1429.807231296968
1791547980,0.0006761513681181111,0.0006810172230945052,0.0006602129799250367,0.0006798501688050266,1179.3824181259874
1791548040,0.0006798501688050266,0.0006798622767516553,0.0006579418331549585,0.0006639235263873317,1327.4361132375723
1791548100,0.0006639235263873317,0.0006845193354000674,0.0006566733123564014,0.00065804810155887,1789.379907289294
1791548160,0.00065804810155887,0.0006767564155728924,0.0006507251572142284,0.0006575100879958998,1483.7861209873336
1791548220,0.0006575100879958998,0.0006830840390079027,0.0006558481862991703,0.0006769053779615417,1702.708152187673
1791548280,0.0006769053779615417,0.0006890072853433614,0.000672973948589609,0.0006800371756221869,512.6371863769422
1791548340,0.0006800371756221869,0.0006911638549363153,0.0006633329486586526,0.0006633329486586526,1590.175866935609
1791548400,0.0006633329486586526,0.0006789590562595479,0.0006561959159195964,0.0006756810109804013,935.9655024550508
1791548460,0.0006756810109804013,0.0006822153457213741,0.0006705370708700181,0.0006752692169426346,761.9239217735882
1791548520,0.0006752692169426346,0.000678726664927219,0.0006574300977786601,0.000678726664927219,989.290108872394
1791548580,0.000678726664927219,0.0006838928750491911,0.0006623380016538674,0.0006664831102767396,1029.6993922233864
1791548640,0.0006664831102767396,0.0006791919100642787,0.00065855008754139,0.0006690092301044206,1021.4819828409511
1791548700,0.0006690092301044206,0.0006857529111503831,0.000665333988465339,0.0006746414017622152,1030.6961344148551
1791548760,0.0006746414017622152,0.0006788233444275977,0.00066149493047659,0.0006615571385837114,473.4763268685483
1791548820,0.0006615571385837114,0.0006753457050116526,0.0006598682818803257,0.0006753457050116526,853.205120824153
1791548880,0.0006753457050116526,0.0006891395367571512,0.0006718359240069946,0.0006735175646065147,738.2046595690232
1791548940,0.0006735175646065147,0.0006916831851825867,0.0006701836976193227,0.000683892363950305,806.6783818602636
1791549000,0.000683892363950305,0.0006924973294428369,0.0006602343809195153,0.0006709610560390251,1418.1038659814835
1791549060,0.0006709610560390251,0.0006792615228664097,0.0006613949115962625,0.0006777994985300997,435.8672015319332
1791549120,0.0006777994985300997,0.0006834937305457254,0.0006642530048699092,0.0006764631665023406,926.8733984897929
1791549180,0.0006764631665023406,0.0006892359033783182,0.0006574390300733607,0.0006803882192085488,1060.691177210586
1791549240,0.0006803882192085488,0.0007076101668840416,0.0006803643310929215,0.0007076101668840416,558.6378654359403
1791549300,0.0007076101668840416,0.0007122984781080333,0.0006960537134594214,0.0007113274582753618,1009.6774171195057
1791549360,0.0007113274582753618,0.0007198258073613003,0.0007071101138738873,0.0007071101138738873,395.7760480384265
1791549420,0.0007071101138738873,0.0007256951337362047,0.0007040336401541593,0.0007163246088823172,793.4608991208094
1791549480,0.0007163246088823172,0.0007163246088823172,0.0006880257245955313,0.000692319135488744,1028.8539131755845
1791549540,0.000692319135488744,0.0007137474318786246,0.0006840224484640276,0.000689874011039324,1143.092875121322
1791549600,0.000689874011039324,0.0007156873908526381,0.0006893511971526161,0.0007156873908526381,1024.1558448834874
1791549660,0.0007156873908526381,0.0007156873908526381,0.000687308696135706,0.0006898959796036263,766.2849241034686
1791549720,0.0006898959796036263,0.0007083607377151321,0.0006898959796036263,0.0007023432160227895,634.7222057883711
1791549780,0.0007023432160227895,0.0007342334431928403,0.0006925028942326247,0.0007236521373759324,1342.342321797718
1791549840,0.0007236521373759324,0.0007367495573050373,0.0007011389601502072,0.0007073680758748052,1267.6562300800433
1791549900,0.0007073680758748052,0.0007074122011310054,0.0006781397094087918,0.0006784972712476682,680.7411047767541
1791549960,0.0006784972712476682,0.0006937958040074741,0.0006737956604048825,0.0006840202891365409,912.505683675606
1791550020,0.0006840202891365409,0.0006907867539714474,0.0006661476971130116,0.0006865522739064909,1015.1801603561892
1791550080,0.0006865522739064909,0.0007002659158262021,0.0006665829967877062,0.0006700404669696877,1342.1728511336369
1791550140,0.0006700404669696877,0.0006700556631661099,0.0006461900286597236,0.0006694688092933153,1021.0242189181255
1791550200,0.0006694688092933153,0.0006735897805129516,0.0006542706966853838,0.0006627649218285556,845.9083756030118
1791550260,0.0006627649218285556,0.0006661183233375523,0.0006479049250545353,0.000658937677745595,790.5359700990707
1791550320,0.000658937677745595,0.000671839268601005,0.0006506316785575059,0.000658905198108192,555.4716623439554
1791550380,0.000658905198108192,0.0006662926571280219,0.000643847457879159,0.0006662926571280219,1271.3333196590484
1791550440,0.0006662926571280219,0.0006814755545646925,0.0006569076094181867,0.0006799083573392252,766.4834242938973
1791550500,0.0006799083573392252,0.0006799323888522509,0.0006581710237127618,0.000671230252757346,994.4113355889062
1791550560,0.000671230252757346,0.000671230252757346,0.0006238757994220913,0.000631812439930237,1382.6382984552704
1791550620,0.000631812439930237,0.0006521595312664112,0.0006171236861251912,0.0006521595312664112,1202.898898249411
1791550680,0.0006521595312664112,0.0006547168015610287,0.000602847176084961,0.0006074143562913908,1515.7778702225182
1791550740,0.0006074143562913908,0.000610806825162373,0.0005967113495638132,0.000608170473595511,705.6397115980312
1791550800,0.000608170473595511,0.0006194849275043417,0.0005975929976178092,0.0006004290381281281,1353.9734605884498
1791550860,0.0006004290381281281,0.00060769718430827,0.0005577137041611007,0.000566920369280968,1932.563280391078
1791550920,0.000566920369280968,0.0005877121938276857,0.0004580882867997988,0.0005215329957142128,7742.475678181485
1791550980,0.0005215329957142128,0.0005264319307582485,0.0005097992289036889,0.0005232375539268796,662.7734533205515
1791551040,0.0005232375539268796,0.0005462280443046913,0.0005139695317289752,0.0005459445654594185,1525.8898352441295
1791551100,0.0005459445654594185,0.000550841309688252,0.000536593236716992,0.0005368647657795965,650.3741111453044
1791551160,0.0005368647657795965,0.0005422430249125164,0.0005149736004509711,0.0005200888030181482,871.3516615642421
1791551220,0.0005200888030181482,0.0005200888030181482,0.0004960300920648785,0.0005000880305668408,1046.8813779993616
1791551280,0.0005000880305668408,0.0005083297342374749,0.0004951314591713622,0.0004987994694226701,858.6600488572866
1791551340,0.0004987994694226701,0.000517197233501483,0.0004928202985980958,0.0005162221974644679,807.658705709546
1791551400,0.0005162221974644679,0.0005162221974644679,0.0004939426416057788,0.0004978089926731984,657.0630251220608
1791551460,0.0004978089926731984,0.0005180367710133528,0.0004931208885713073,0.0005071493976955526,1084.1900475485152
1791551520,0.0005071493976955526,0.0005222067063960367,0.0005071493976955526,0.0005153531626077903,585.146799187737
1791551580,0.0005153531626077903,0.0005153531626077903,0.0004932963566583776,0.0005085142365188455,938.6334122019725
1791551640,0.0005085142365188455,0.0005292603783397217,0.0005085142365188455,0.0005269277691096689,871.1135032419705
1791551700,0.0005269277691096689,0.0005273564969980985,0.0005103956330219333,0.0005199591679354279,788.7596388795076
1791551760,0.0005199591679354279,0.0005327613558456626,0.0005085898117426988,0.0005224092084447663,1155.492275260794
1791551820,0.0005224092084447663,0.0005260706723177512,0.0005030638083917712,0.0005168747464453894,1072.7701295750173
1791551880,0.0005168747464453894,0.0005372437540390961,0.0005107050780377838,0.0005276244039231747,828.4921131482027
1791551940,0.0005276244039231747,0.0005340138016918931,0.0005145763700059027,0.0005145875201609225,857.6246181031435
1791552000,0.0005145875201609225,0.0005243540249133804,0.0005106580012998892,0.0005107854178466869,1148.1123085396544
1791552060,0.0005107854178466869,0.0005218789029498204,0.0004997942098812628,0.0004997942098812628,1079.8752631830778
1791552120,0.0004997942098812628,0.0005055143796483658,0.0004901010708075631,0.0004994962715226368,480.34333457396264
1791552180,0.0004994962715226368,0.0005132116180650383,0.0004932030905710114,0.0004975673191209647,874.257748499439
1791552240,0.0004975673191209647,0.0005035998183073185,0.00047219472825455746,0.00047735467479636737,941.776837931491
1791552300,0.00047735467479636737,0.000488719040382772,0.00046995079747277175,0.00047599844342344205,1104.6615073737587
1791552360,0.00047599844342344205,0.000490109031271576,0.0004687458884917891,0.00048665718540420125,799.0151310983158
1791552420,0.00048665718540420125,0.0004891508601205198,0.00047322583950123336,0.00047322583950123336,706.6999605685636
1791552480,0.00047322583950123336,0.0004882987857138448,0.0004686889978200992,0.0004686889978200992,930.8761164066842
1791552540,0.0004686889978200992,0.00048440247942301733,0.0004686889978200992,0.0004777752953220915,701.7622515260252
1791552600,0.0004777752953220915,0.000484292287855743,0.0004729944106231337,0.0004771103233522126,594.1998145225062
1791552660,0.0004771103233522126,0.0004829562528462281,0.00046234478983873907,0.0004722892940676515,1235.077430357189
1791552720,0.0004722892940676515,0.0004830314634593207,0.0004693828617143152,0.00047563702803274155,719.8061628988746
1791552780,0.00047563702803274155,0.0004824908152916659,0.00046815721816527255,0.0004738305430975506,757.1257538948398
1791552840,0.0004738305430975506,0.000481273439576321,0.0004712012461647684,0.0004775713615822021,448.79516759337855
1791552900,0.0004775713615822021,0.0004784053043176773,0.0004657999684735607,0.00047479699299216786,726.719412156843
1791552960,0.00047479699299216786,0.0004984936360433906,0.00047479699299216786,0.0004973827259155734,1698.894057889362
1791553020,0.0004973827259155734,0.0004973827259155734,0.0004780940802938433,0.00048296546012446183,1007.8500667547158
1791553080,0.00048296546012446183,0.0004904919852116844,0.000476243228181638,0.0004818692536401195,870.3321933247366
1791553140,0.0004818692536401195,0.0004983846403019249,0.0004771524641175343,0.0004948483111074605,1359.6281390136933
1791553200,0.0004948483111074605,0.0005011438828354394,0.00048534121032958483,0.00048593085252989285,908.6017590438042
1791553260,0.00048593085252989285,0.0005105593825942348,0.00048593085252989285,0.0004988618935349163,1396.3736265316925
1791553320,0.0004988618935349163,0.0005006193052778242,0.00048271506876001167,0.0004850986296339953,988.9998985906941
1791553380,0.0004850986296339953,0.000499384215587928,0.00048103128985037464,0.00048103128985037464,1338.9045842122805
1791553440,0.00048103128985037464,0.0005169613144303985,0.00048103128985037464,0.000512842986657093,1579.029586580382
1791553500,0.000512842986657093,0.0005253212724757483,0.0005004724699610065,0.0005253212724757483,1556.5534652765052
1791553560,0.0005253212724757483,0.0005258900739124634,0.0005033038383121369,0.0005038959184215852,1087.270577055721
1791553620,0.0005038959184215852,0.0005085515198804087,0.000497309103846214,0.000497311950540149,816.1046229512297
1791553680,0.000497311950540149,0.0005122964372351887,0.0004938444069560073,0.0005055729603617836,1441.4052989945799
1791553740,0.0005055729603617836,0.0005297882932381484,0.0004969958297264143,0.0005149211179019605,1801.3917759156668
1791553800,0.0005149211179019605,0.0005207745629250173,0.0005024704488210655,0.0005104503827618286,1022.0977563428794
1791553860,0.0005104503827618286,0.0005178280681183212,0.0005070217109309903,0.000510574767956708,1020.4902087597396
1791553920,0.000510574767956708,0.0005154517270616204,0.0004933460003975121,0.0004933460003975121,808.9158402561304
1791553980,0.0004933460003975121,0.0004998576055415041,0.00048022061185628,0.0004895344329871985,1137.4330682732275
1791554040,0.0004895344329871985,0.0004936539972807149,0.00047105832166597164,0.0004922398632481843,1902.6425150499933
1791554100,0.0004922398632481843,0.0004922398632481843,0.00046310333715380707,0.000468500248124105,1678.8348767081134
1791554160,0.000468500248124105,0.00047993939479554356,0.0004600103768545999,0.00047404758865991943,969.7993807584924
1791554220,0.00047404758865991943,0.0004757971526385227,0.00045774108188756005,0.0004757971526385227,1363.6659084841224
1791554280,0.0004757971526385227,0.0004800927659983949,0.00044712519759696693,0.0004542251701536782,1855.2459533886204
1791554340,0.0004542251701536782,0.00045499298864036677,0.0004374877500380085,0.0004419033303822317,1018.1648906627233
1791554400,0.0004419033303822317,0.0004504927458957838,0.0004323434665508122,0.0004448171277678483,1169.228606688493
1791554460,0.0004448171277678483,0.0004641500821834092,0.0004448171277678483,0.0004519624475496416,1520.1320290268472
1791554520,0.0004519624475496416,0.00045555230927277126,0.00044132867077626705,0.00044627256376854004,1220.231259185471
1791554580,0.00044627256376854004,0.0004583486024163753,0.0004389765799732582,0.00045211169539287446,1091.8468848479677
1791554640,0.00045211169539287446,0.00045700213196655224,0.0004333550528063866,0.00045700213196655224,1473.9070627185258
1791554700,0.00045700213196655224,0.0004634592210778655,0.0004449366254641257,0.00044864665327479177,1064.3824613950683
1791554760,0.00044864665327479177,0.00044999654250242745,0.0004315073911731083,0.00044309833772223685,1446.6808153201255
1791554820,0.00044309833772223685,0.0004666624546073554,0.00044309833772223685,0.0004605996586033133,1809.064147365499
1791554880,0.0004605996586033133,0.0004620603355089157,0.00044496495947342194,0.00045772242382197093,1283.5117590056807
1791554940,0.00045772242382197093,0.00045772242382197093,0.0004395611854724395,0.0004539003281199128,1640.0416064875526
1791555000,0.0004539003281199128,0.0004570047596880588,0.0004392461734792833,0.00044904459991106256,1033.3347100409048
1791555060,0.00044904459991106256,0.00045812405825772337,0.00043962238372751247,0.0004524261559702213,1499.0104727244486
1791555120,0.0004524261559702213,0.0004651032065560928,0.0004482661544432627,0.00044898331017127264,1078.2000035923509
1791555180,0.00044898331017127264,0.0004621508675034603,0.0004380972109388461,0.00044384622441480886,1771.1558653399964
1791555240,0.00044384622441480886,0.0004489986846577443,0.00043417933464326485,0.0004489986846577443,1099.9328254641616
1791555300,0.0004489986846577443,0.0004767123818543871,0.0004392486362467776,0.00047119396320630103,1851.4799087349659
1791555360,0.00047119396320630103,0.0004772634550305171,0.00045459162156632593,0.0004557761157992919,1019.6843625772929
1791555420,0.0004557761157992919,0.000461528706308851,0.0004458212348532126,0.0004541664236535351,1368.816690764901
1791555480,0.0004541664236535351,0.00045892029429153085,0.00043865186503640294,0.00044961156107972087,1435.7433768990525
1791555540,0.00044961156107972087,0.0004728165273156604,0.00044411739289599184,0.00046814133074294924,1605.154100892787
1791555600,0.00046814133074294924,0.00046814133074294924,0.00044982325481538826,0.00045280207122711885,1169.6864508021101
1791555660,0.00045280207122711885,0.0004733890537795013,0.0004491042711205599,0.0004678350714745426,1196.096540901091
1791555720,0.0004678350714745426,0.0004801594586795553,0.00045680134269573264,0.0004629417400354338,1639.779942140995
1791555780,0.0004629417400354338,0.0004749814902267718,0.0004559466681941012,0.00046200512166940055,1316.9827678059328
1791555840,0.00046200512166940055,0.0004681338113011208,0.00045039993050339876,0.00046125786873643453,1459.5018419299315
1791555900,0.00046125786873643453,0.00047181169006134296,0.00045289675868223736,0.0004645152135065289,1084.271506209269
1791555960,0.0004645152135065289,0.0004785181560395806,0.0004529003205644208,0.00046646535852140955,1543.7532868734686
1791556020,0.00046646535852140955,0.0004773736346483194,0.0004619479059402724,0.0004667907445177615,1431.557525471754
1791556080,0.0004667907445177615,0.0004667907445177615,0.0004412969773890353,0.00045604565300279976,1890.5929484905048
1791556140,0.00045604565300279976,0.0004689697253211339,0.00044766753398635357,0.0004689697253211339,1842.9339905354018
1791556200,0.0004689697253211339,0.0004689697253211339,0.00045264973895407063,0.00045264973895407063,732.915136809823
1791556260,0.00045264973895407063,0.00045264973895407063,0.0004428628738556628,0.00045027073020205763,666.5033423682844
1791556320,0.00045027073020205763,0.0004595541367952497,0.00044776886456939006,0.0004584583646570515,1286.411037150267
1791556380,0.0004584583646570515,0.00046672965375186377,0.0004452037943192048,0.00045262840125709727,1794.717540670172
1791556440,0.00045262840125709727,0.000462672028111964,0.0004473801777371463,0.00046094731108026085,1498.2708753462366
1791556500,0.00046094731108026085,0.00046165760295633517,0.00044447115835730946,0.0004476088118753631,1024.6674315336284
1791556560,0.0004476088118753631,0.00045746858610337416,0.00043927411600998506,0.00045191924448344673,1335.5787192926434
1791556620,0.00045191924448344673,0.00047693198327374557,0.0004514391388685196,0.0004704351579900501,1732.099795482722
1791556680,0.0004704351579900501,0.00048380510645818815,0.000467669367047049,0.00047516146726345534,1100.7923463547513
1791556740,0.00047516146726345534,0.00047516146726345534,0.00045741462174137476,0.0004598773720016603,1420.3672679579843
1791556800,0.0004598773720016603,0.00046638933791953626,0.00045279024909788414,0.0004600680497870385,1548.1011131668583
1791556860,0.0004600680497870385,0.0004732799496539475,0.00045098892450786787,0.000459189017328894,1846.3120985932214
1791556920,0.000459189017328894,0.0004595056068564069,0.0004427533446413239,0.0004467535806195996,904.6722993807163
1791556980,0.0004467535806195996,0.00045106214031965066,0.00043620698992830493,0.00044680747669967953,1258.6025610683807
1791557040,0.00044680747669967953,0.0004578717531062985,0.0004454062422461335,0.00044956555358513273,1536.0498117902541
1791557100,0.00044956555358513273,0.00045096133284694705,0.0004253448914081668,0.0004307622386908855,1261.642804875469
1791557160,0.0004307622386908855,0.00043482423878013195,0.0004190065967876442,0.00042810986840937515,1603.3404447695493
1791557220,0.00042810986840937515,0.0004384739769834049,0.00041999424498535007,0.0004384739769834049,1392.8349630668786
1791557280,0.0004384739769834049,0.0004385087521144038,0.00041719689984921933,0.0004294892012219523,1304.7166504090312
1791557340,0.0004294892012219523,0.000431503332688456,0.000412842000525991,0.00041378153904642225,1156.9736321844537
1791557400,0.00041378153904642225,0.0004319667101896211,0.00041298030627615577,0.0004185987075405331,1535.6591257237785
1791557460,0.0004185987075405331,0.0004332788146892676,0.0004086267035790994,0.00041755275037069463,2125.6924344286617
1791557520,0.00041755275037069463,0.00042344026096834434,0.00040246729743419467,0.0004223219698421379,1605.0428342093353
1791557580,0.0004223219698421379,0.00043541923154848025,0.00041759582402780074,0.0004313339401774846,2130.137532118997
1791557640,0.0004313339401774846,0.0004339746815962517,0.00042266666193366655,0.0004276935651911811,1251.5118139768967
1791557700,0.0004276935651911811,0.00043751759549795824,0.00041365934057797785,0.00042634395985922485,1645.0323784352697
1791557760,0.00042634395985922485,0.0004383673922338751,0.00041647222147209585,0.0004345692734693064,1307.4674427764442
1791557820,0.0004345692734693064,0.0004504803110633747,0.0004190006886523352,0.0004190006886523352,2208.48204824815
1791557880,0.0004190006886523352,0.0004272789827807485,0.0004109644318274047,0.00041366946965299084,1667.776138970517
1791557940,0.00041366946965299084,0.00041572090324158587,0.00039477975947893145,0.0003972065542036854,1508.1818978648225
1791558000,0.0003972065542036854,0.00040390614886150097,0.0003908965487638318,0.0003919842664798172,1352.223539417964
1791558060,0.0003919842664798172,0.0004127851206485266,0.0003919842664798172,0.0003996719082512343,1846.6967357244382
1791558120,0.0003996719082512343,0.0004028172833926022,0.000381026320659056,0.00038112958057532676,1253.0593306946967
1791558180,0.00038112958057532676,0.0003979674062934648,0.0003636870241861026,0.0003979674062934648,3545.569719534124
1791558240,0.0003979674062934648,0.00042470666996679906,0.0003935531524553974,0.0004070205145701758,4845.744456499695
1791558300,0.0004070205145701758,0.00041625017888148683,0.00039247049048001713,0.00040100090346352707,2396.3010307221666
1791558360,0.00040100090346352707,0.0004833543328619501,0.00039160718268415495,0.00046291305434162546,20022.630761907618
1791558420,0.00046291305434162546,0.00047066513983765073,0.00041320254205940343,0.000459435713351943,18788.4481052341
1791558480,0.000459435713351943,0.0004964046259654794,0.0004378749377816763,0.0004728779467745507,11021.20288982514
1791558540,0.0004728779467745507,0.0005060672462035506,0.0004617204703080467,0.00047203683339472373,9839.970926872607
1791558600,0.00047203683339472373,0.0005115702559163979,0.00047203683339472373,0.0004924270098998491,4914.484575252891
1791558660,0.0004924270098998491,0.0005282567684485641,0.0004805352328139009,0.0005277943722982778,8897.3151269946
1791558720,0.0005277943722982778,0.0005501344358221388,0.0004718831131041399,0.0004848752576523748,10308.827101301116
1791558780,0.0004848752576523748,0.0005391084972280835,0.00045576934799339074,0.0004971867381129444,9280.945359183928
1791558840,0.0004971867381129444,0.0005582168995856425,0.00044599992589863325,0.0005049865642266438,22605.46752595103
1791558900,0.0005049865642266438,0.000527055329570171,0.0004603038158137173,0.0004603038158137173,7387.394606441295
1791558960,0.0004603038158137173,0.0004838891941462258,0.00045702717656209886,0.00047127981945921615,1895.9627252317275
1791559020,0.00047127981945921615,0.0004712872581317043,0.00044541108222049907,0.00044943671957049623,1221.4965275264144
1791559080,0.00044943671957049623,0.0004745697234341962,0.00037832135528534366,0.0003922153249130821,4963.051995343034
1791559140,0.0003922153249130821,0.0004114246351740087,0.0003922153249130821,0.00039643604111253526,2111.6165295771666
1791559200,0.00039643604111253526,0.00041746416265537646,0.00039643604111253526,0.0004015201120039603,1515.9493371166147
1791559260,0.0004015201120039603,0.0004015201120039603,0.0003847873574062764,0.00039295385522099063,2074.715617869002
1791559320,0.00039295385522099063,0.00041573494963666294,0.0003909514251739346,0.0004055539855908587,1540.014440377497
1791559380,0.0004055539855908587,0.00040591491811961484,0.0003766557291887853,0.0003890308813840534,2042.3930572345885
1791559440,0.0003890308813840534,0.0003927641484725636,0.0003346671408490269,0.0003382869008157004,2637.600307471212
1791559500,0.0003382869008157004,0.0003524440577958803,0.0003280733093877897,0.000345578727002754,2655.9558934273955
1791559560,0.000345578727002754,0.00035201352859210106,0.0003322219886648575,0.0003340374634790426,2282.4081314651553
1791559620,0.0003340374634790426,0.00034216006209112563,0.0003255367312752154,0.00034040239197531084,1817.0200459248088
1791559680,0.00034040239197531084,0.0003522417421376909,0.00032922179472081735,0.0003474923261328105,2166.2214355300584
1791559740,0.0003474923261328105,0.00036102234570804245,0.00034215166175018146,0.0003578200204769332,1821.9417051577643
1791559800,0.0003578200204769332,0.00036559416494243553,0.00035046726793213907,0.0003515615982537521,2100.3615326866043
1791559860,0.0003515615982537521,0.00036028963704467083,0.00034416539896689414,0.00034659137985078986,1700.965648870438
1791559920,0.00034659137985078986,0.0003624657595202682,0.00034659137985078986,0.00034722758483938615,1325.2498562861656
1791559980,0.00034722758483938615,0.0003630840840445931,0.00034722758483938615,0.00036098940191946774,1867.0302044229916
1791560040,0.00036098940191946774,0.0003647749401124804,0.00034410232300466007,0.00035976924358454784,1656.900825620888
1791560100,0.00035976924358454784,0.00037225332293264836,0.00035767664218816053,0.00036436943874923466,2271.735531739576
1791560160,0.00036436943874923466,0.00036901499220786494,0.0003423522453439071,0.0003423522453439071,2137.675371923975
1791560220,0.0003423522453439071,0.00034590062803873333,0.0003131056441247357,0.0003161118469034688,2709.4872594677868
1791560280,0.0003161118469034688,0.0003275679680820841,0.0003128560726456797,0.000320708193516716,1824.0537378357274
1791560340,0.000320708193516716,0.0003338051454612179,0.00031620176898677097,0.0003257063401198453,2267.5566657558775
1791560400,0.0003257063401198453,0.00033272598834388023,0.00031349046564220414,0.0003317326806625163,1888.3620339881818
1791560460,0.0003317326806625163,0.0003331114967830786,0.000315242359739182,0.00032202783451984777,2380.06216838754
1791560520,0.00032202783451984777,0.0003405560657297724,0.0003166424576340086,0.0003249574872354308,2307.0646880272625
1791560580,0.0003249574872354308,0.0003346336224076437,0.00031227914972936204,0.00032643218797966865,1797.5533752997599
1791560640,0.00032643218797966865,0.00034032152122346753,0.0003252948477915039,0.00033312765763279524,1347.6919640798324
1791560700,0.00033312765763279524,0.00033604492574999047,0.00029062459328474134,0.000291267389073094,2337.9244661985767
1791560760,0.000291267389073094,0.00029676880580949865,0.0002768865234591835,0.00029616724568166513,2731.2311021733076
1791560820,0.00029616724568166513,0.0003092642177376611,0.00028788550464973263,0.00030281306031517004,2697.9539553576124
1791560880,0.00030281306031517004,0.0003138883526203054,0.00029237121293985264,0.0003014326245546557,1990.3598920317668
1791560940,0.0003014326245546557,0.00030752947783306713,0.00029845256220908186,0.0002997853462168803,1451.6887654804198
1791561000,0.0002997853462168803,0.00030619971623029854,0.0002957028005169046,0.000296276390628948,1242.8962944129905
1791561060,0.000296276390628948,0.00030759897036717514,0.00029477571492442543,0.00030391506027335936,1343.7511739742513
1791561120,0.00030391506027335936,0.0003108908242597035,0.00028851938794044577,0.0003108908242597035,2050.5809326535164
1791561180,0.0003108908242597035,0.00032160620957011717,0.0003016820857213542,0.000305135688797588,1659.6180160119716
1791561240,0.000305135688797588,0.00031463597636108547,0.000305135688797588,0.0003137211644475931,1663.8502009378622
1791561300,0.0003137211644475931,0.0003157666202762307,0.00030461825270602905,0.00030684361902351035,1074.2513271909381
1791561360,0.00030684361902351035,0.00031484653798241076,0.00029356035677813183,0.00030914391397812827,2204.8763770915043
1791561420,0.00030914391397812827,0.0003136156163597906,0.00029665665280657845,0.00030342441136433463,1680.4234214347011
1791561480,0.00030342441136433463,0.00031572192603015304,0.00029829915871496193,0.0003131987347076312,1876.6065609896355
1791561540,0.0003131987347076312,0.0003131987347076312,0.0002980897455469847,0.00030901171309757436,1659.596909420495
1791561600,0.00030901171309757436,0.0003233196982552411,0.00030901171309757436,0.0003233196982552411,1350.2188480424834
1791561660,0.0003233196982552411,0.00032791624820327654,0.00031202885696118463,0.0003174478731591457,2069.7515148116577
1791561720,0.0003174478731591457,0.00032355496764604786,0.0003064384497231987,0.00032326395569747923,2185.583736355954
1791561780,0.00032326395569747923,0.00033235911064351785,0.00030158629052079135,0.00031360957836698604,2474.6240299667215
1791561840,0.00031360957836698604,0.0003261590467717739,0.0003055503580469584,0.0003055503580469584,2488.2702846166558
1791561900,0.0003055503580469584,0.0003122733293490082,0.0002937826404985189,0.0003070889278285389,1870.0405726535203
1791561960,0.0003070889278285389,0.0003110417607226116,0.0002993737044011128,0.0003059458798076459,1780.4379726940551
1791562020,0.0003059458798076459,0.00031556144360652354,0.00030065047309135365,0.00030525821585063406,1892.6242301632487
1791562080,0.00030525821585063406,0.0003217310264382925,0.00030525821585063406,0.0003139682511716852,2367.015237169754
1791562140,0.0003139682511716852,0.0003154353929687164,0.0003016162860243675,0.0003117348755521151,2258.4784648111404
1791562200,0.0003117348755521151,0.0003171579700695662,0.0003013066331684081,0.00030217776293790284,1983.7145169023295
1791562260,0.00030217776293790284,0.0003175346921220934,0.000301283409059472,0.0003100849719079906,2290.9561999966068
1791562320,0.0003100849719079906,0.00034786358242217897,0.0002982980185556128,0.0003434278342433762,10606.225101973097
1791562380,0.0003434278342433762,0.0003496751566143294,0.0003122878336418994,0.0003256490325420097,24074.740161013135
1791562440,0.0003256490325420097,0.0003419792920770491,0.00030849023490448624,0.0003159206988372311,10589.713190143853
1791562500,0.0003159206988372311,0.0003281395374834705,0.00028399511852861546,0.0002936223326261669,18690.503083644355
1791562560,0.0002936223326261669,0.0003000919353753097,0.00026944116921318533,0.0002882160612660732,4396.761723074188
1791562620,0.0002882160612660732,0.00030870425280813145,0.0002533482848275957,0.00030870425280813145,14223.146314782734
1791562680,0.00030870425280813145,0.00034299872811636664,0.0002826346211056759,0.00032626394101422133,21619.161490092247
1791562740,0.00032626394101422133,0.0003726880652569956,0.00031849832116621354,0.00035699594005025794,21532.036608206257
1791562800,0.00035699594005025794,0.00038835721956923734,0.0003360969446279313,0.0003742955139101559,21586.21739390843
1791562860,0.0003742955139101559,0.0004119667241751914,0.0003648071283729773,0.00040228441870686387,25833.77437665423
1791562920,0.00040228441870686387,0.0004188668329710548,0.00036608495203246163,0.00039872096646452015,26278.36029260562
1791562980,0.00039872096646452015,0.00040938456525921454,0.00035072124187018416,0.000358960883832645,27465.029857362235
1791563040,0.000358960883832645,0.0003836016533163583,0.0003255957692858524,0.0003391823808972707,28315.866163738978
1791563100,0.0003391823808972707,0.00035267392492187126,0.0002799637084001281,0.000292545611252018,21217.3717665454
1791563160,0.000292545611252018,0.0002978689493272123,0.00021996084024425715,0.00024125109232643523,20870.939280241044
1791563220,0.00024125109232643523,0.00024315233450362335,0.00020218121913297393,0.00020827896699945832,11945.618883409063
1791563280,0.00020827896699945832,0.00021256007115651136,0.00020337405166445452,0.00020700432687644518,3399.858832635733
1791563340,0.00020700432687644518,0.00020887397490496122,0.0001977785698652632,0.00020153556803050894,1716.6426369507083
1791563400,0.00020153556803050894,0.00021413509820312167,0.00020151011107196365,0.0002029048903652268,1780.5380825164261
1791563460,0.0002029048903652268,0.00020801602769938691,0.00019696887536026128,0.00020137885091422514,1971.992759214641
1791563520,0.00020137885091422514,0.00021970985346424004,0.00020137885091422514,0.00021970985346424004,1693.0899558685717
1791563580,0.00021970985346424004,0.0002218331730202373,0.00020023082264707684,0.00020388605835058938,2072.015058870866
1791563640,0.00020388605835058938,0.00021830947225697054,0.00020388605835058938,0.00020844864409449112,1581.2578417831605
1791563700,0.00020844864409449112,0.00021425688323741226,0.0002058545776592838,0.0002082799049891156,1413.899142080956
1791563760,0.0002082799049891156,0.0002192723391075408,0.0002082799049891156,0.0002126075094333086,1713.0734883657228
1791563820,0.0002126075094333086,0.00021396431025031708,0.00020314442874662392,0.00020928802280438698,1369.3481209913898
1791563880,0.00020928802280438698,0.00022273267244644958,0.00020928802280438698,0.00021875540712119968,1769.327391029126
1791563940,0.00021875540712119968,0.00022452316569319467,0.00020747709710082607,0.00022452316569319467,1767.3605025870554
1791564000,0.00022452316569319467,0.00022452316569319467,0.00019527096894684495,0.00020453020827033397,2389.048020589187
1791564060,0.00020453020827033397,0.00020914400202809406,0.000197819515302448,0.00019882423828035707,2183.5151911277276
1791564120,0.00019882423828035707,0.00020802442663699555,0.00019882423828035707,0.00020405482170975515,702.4484587750242
1791564180,0.00020405482170975515,0.00021062328979590576,0.00020384657878701773,0.0002071989561647614,416.15957219082503
1791564240,0.0002071989561647614,0.00021210934796743347,0.0002071989561647614,0.00020914288178607482,399.9079267128717
1791564300,0.00020914288178607482,0.00021363835739145615,0.00020788136410672883,0.0002108251688108619,459.98518316412407
1791564360,0.0002108251688108619,0.00021100216097660757,0.00020523895256578951,0.0002093929723028632,797.9740625061582
1791564420,0.0002093929723028632,0.0002151556221035577,0.00020505364113127233,0.00020833242137531906,1416.5443993057334
1791564480,0.00020833242137531906,0.00021185440912088033,0.0002067383848895138,0.00021067840282420127,467.5009071772567
1791564540,0.00021067840282420127,0.00021433952844220405,0.00020894527576898318,0.00021309831258602998,540.3811708201343
1791564600,0.00021309831258602998,0.00021502960021042245,0.00020829523064211651,0.00020829523064211651,345.5472051162012
1791564660,0.00020829523064211651,0.00021119031650585371,0.00020711102756946513,0.00020769144858885863,420.2537135325954
1791564720,0.00020769144858885863,0.00021209514570630616,0.00020601164624659406,0.00020899908284063176,744.3786812625425
1791564780,0.00020899908284063176,0.00023226785911535194,0.00020271832184609218,0.0002238278279350241,8049.937871935958
1791564840,0.0002238278279350241,0.0002646846305649151,0.00016301123779921116,0.00016432568333579655,27021.694023642107
1791564900,0.00016432568333579655,0.0001795025351625484,0.00014343045207152773,0.00015353433325590961,4622.198044503177
1791564960,0.00015353433325590961,0.00018490294824487514,0.00012624702868522665,0.00017986355976997947,7190.610338564562
1791565020,0.00017986355976997947,0.00021067925858998034,0.00017673996661512996,0.00020980221852492722,2761.4652591995405
1791565080,0.00020980221852492722,0.0002213697339269972,0.00020980221852492722,0.00021983133506825174,926.7762646873791
1791565140,0.00021983133506825174,0.00022182918994496502,0.0002136626885760735,0.00022066925899175428,1185.3815833839487
1791565200,0.00022066925899175428,0.00022577527038735617,0.0002175409990343297,0.00022534919955456744,1179.9712745063814
1791565260,0.00022534919955456744,0.00023417702724215828,0.0002166970447780387,0.0002206007502083936,1497.3970143697723
1791565320,0.0002206007502083936,0.0002206007502083936,0.00021214233323513544,0.000213565034602509,855.064307843463
1791565380,0.000213565034602509,0.000213565034602509,0.00016923119518164094,0.00017080321026956955,4007.996009277527
1791565440,0.00017080321026956955,0.00017226013807441573,5.904548913581478e-05,6.444433419346752e-05,10152.929962859205
1791565500,6.444433419346752e-05,8.499687544667538e-05,6.444433419346752e-05,8.42788141099778e-05,3513.9466798763883
1791565560,8.42788141099778e-05,9.263455720036622e-05,8.42788141099778e-05,8.508650428659025e-05,1743.9776993681166
1791565620,8.508650428659025e-05,0.00010167684805028689,8.118168221259523e-05,9.43038749732333e-05,6772.058309294254
1791565680,9.43038749732333e-05,0.0001044911459203313,8.325028949807259e-05,9.478878918405173e-05,10529.17489580189
1791565740,9.478878918405173e-05,9.840372468622746e-05,9.476559514405472e-05,9.73001075234552e-05,450.3870689330778
1791565800,9.73001075234552e-05,9.8901040385305e-05,9.496014090939345e-05,9.734544520397126e-05,801.9769156926174
1791565860,9.734544520397126e-05,9.886838630126127e-05,9.213163320687187e-05,9.389102932940816e-05,958.9485100959612
1791565920,9.389102932940816e-05,9.768332460328631e-05,9.355215632839005e-05,9.461210338118021e-05,719.7030316847148
1791565980,9.461210338118021e-05,9.574872878848172e-05,9.305398209140976e-05,9.517718167003363e-05,305.3181044092708
1791566040,9.517718167003363e-05,9.669033231859584e-05,9.334219839240486e-05,9.588062640192584e-05,573.2882693507397
1791566100,9.588062640192584e-05,9.79265193043082e-05,9.502185928663911e-05,9.774563601467836e-05,321.2529770909652
1791566160,9.774563601467836e-05,9.784089365685006e-05,9.503250583285666e-05,9.784089365685006e-05,412.8893290289629
1791566220,9.784089365685006e-05,0.00010012871741085708,9.426549883540742e-05,9.642632198714624e-05,649.4737120508656
1791566280,9.642632198714624e-05,0.00010025160641348049,9.642632198714624e-05,9.849599741083484e-05,467.4172347841742
1791566340,9.849599741083484e-05,9.849599741083484e-05,9.597472205821799e-05,9.773560481955532e-05,275.41779696771897
1791566400,9.773560481955532e-05,0.00010007577492451297,9.484342410283574e-05,9.62767880986667e-05,582.847387198758
1791566460,9.62767880986667e-05,9.841337368311626e-05,9.62767880986667e-05,9.633594174447959e-05,364.22116040893246
1791566520,9.633594174447959e-05,0.00010050709244025165,9.633594174447959e-05,9.8876062763293e-05,650.7144575787962
1791566580,9.8876062763293e-05,0.00010021708493936093,9.770329831895344e-05,0.00010021708493936093,434.8159095721961
1791566640,0.00010021708493936093,0.00010021708493936093,9.748707050592712e-05,9.748707050592712e-05,221.70182035098756
1791566700,9.748707050592712e-05,9.882628722290073e-05,9.600133443833764e-05,9.600133443833764e-05,235.71993894763364
1791566760,9.600133443833764e-05,0.0001012833513453078,9.579176598318344e-05,0.0001012833513453078,520.498241702806
1791566820,0.0001012833513453078,0.0001012833513453078,9.880397226300087e-05,0.00010028022432760624,254.04185150076734
1791566880,0.00010028022432760624,0.00010028022432760624,9.672039952594763e-05,9.672039952594763e-05,231.21658454652578
1791566940,9.672039952594763e-05,9.89947962894988e-05,9.616518482171322e-05,9.89947962894988e-05,267.83102328860497
1791567000,9.89947962894988e-05,0.0001035760757327417,9.89947962894988e-05,0.0001030216102640865,517.7604688789412
1791567060,0.0001030216102640865,0.00010614775118482424,0.00010187484023961483,0.0001046876571310775,407.37278666395446
1791567120,0.0001046876571310775,0.0001055987703126099,0.00010325215891185429,0.0001055987703126099,299.0191506854112
1791567180,0.0001055987703126099,0.0001055987703126099,0.00010238742298416523,0.00010238742298416523,189.84590074131717
1791567240,0.00010238742298416523,0.00010477953361835582,0.00010122089531318741,0.00010122089531318741,429.7151653939054
1791567300,0.00010122089531318741,0.0001018555510254664,9.920079232327172e-05,0.0001010431564489498,340.1094992440198
1791567360,0.0001010431564489498,0.0001010431564489498,9.70693969182983e-05,9.70693969182983e-05,327.3097601982609
1791567420,9.70693969182983e-05,9.70693969182983e-05,9.489339301180106e-05,9.489339301180106e-05,182.25540358500155
1791567480,9.489339301180106e-05,9.781699394039138e-05,9.489339301180106e-05,9.781699394039138e-05,174.36354196117378
1791567540,9.781699394039138e-05,9.809325427430557e-05,9.635179314945707e-05,9.809325427430557e-05,91.06810863431565
1791567600,9.809325427430557e-05,9.921745893229311e-05,9.753812782012428e-05,9.753812782012428e-05,173.7633555423229
1791567660,9.753812782012428e-05,9.973014276468249e-05,9.753812782012428e-05,9.973014276468249e-05,83.81724033812334
1791567720,9.973014276468249e-05,0.00010078339218503369,9.919977656497778e-05,0.00010029975254381337,165.27995062291137
1791567780,0.00010029975254381337,0.00010302529590537629,9.916221583220502e-05,0.00010165150310344404,462.9662553596384
1791567840,0.00010165150310344404,0.00010441262572293277,0.00010165150310344404,0.00010441262572293277,139.43284469436725
1791567900,0.00010441262572293277,0.00010521739527996931,0.00010042533803227425,0.00010178811047116036,563.1878880915895
1791567960,0.00010178811047116036,0.00010253539612120868,0.00010024045408393926,0.00010024045408393926,161.6411309106037
1791568020,0.00010024045408393926,0.00010140830505781522,9.978169657621565e-05,0.00010138205982585555,207.85440931722198
1791568080,0.00010138205982585555,0.00010270312554547396,0.00010138205982585555,0.00010270312554547396,112.95214539099746
1791568140,0.00010270312554547396,0.00010381065847795528,0.00010270312554547396,0.00010381065847795528,86.70504798931513
1791568200,0.00010381065847795528,0.00010417774226199114,0.00010280391981480253,0.00010280391981480253,57.953770145564654
1791568260,0.00010280391981480253,0.00010467073536354463,0.00010280391981480253,0.0001029614198032297,109.58594540128423
1791568320,0.0001029614198032297,0.00010457643366776718,0.00010293301679260238,0.00010457643366776718,66.26332400138594
1791568380,0.00010457643366776718,0.00010501075042406567,0.00010313805456458625,0.00010501075042406567,71.78223010054484
1791568440,0.00010501075042406567,0.00010533738736313932,0.00010384723508410844,0.0001053022761804249,74.73357054633361
1791568500,0.0001053022761804249,0.00010586300573571168,0.00010419173162354664,0.00010558383841850575,87.9483542871321
1791568560,0.00010558383841850575,0.00010589657173759465,0.00010422548547980852,0.00010544503659911841,115.31928976206243
1791568620,0.00010544503659911841,0.00010576370332495989,0.00010414248138720754,0.00010414248138720754,55.79695532692364
1791568680,0.00010414248138720754,0.00010630086169524419,0.00010414248138720754,0.00010630086169524419,85.92094658480787
1791568740,0.00010630086169524419,0.00010630086169524419,0.0001042079324641385,0.0001042079324641385,131.4534347845453
1791568800,0.0001042079324641385,0.0001045795980753961,0.00010321684108763476,0.0001045795980753961,167.03713998438988
1791568860,0.0001045795980753961,0.00010516193788850748,0.00010371238852115038,0.00010371238852115038,79.48359434127188
1791568920,0.00010371238852115038,0.00010476317030791488,0.00010335846406948233,0.00010357982952483602,58.67570900391407
1791568980,0.00010357982952483602,0.00010578235143040107,0.00010357982952483602,0.00010578235143040107,76.96185674702272
1791569040,0.00010578235143040107,0.00010609067991542109,0.00010435858369538856,0.00010569998383077205,103.51465557019768
1791569100,0.00010569998383077205,0.00010569998383077205,0.00010397539140206987,0.00010397539140206987,162.01373863364603
1791569160,0.00010397539140206987,0.00010527058164057838,0.00010315690923592396,0.00010315690923592396,144.85031257951397
1791569220,0.00010315690923592396,0.00010315690923592396,0.00010214060078601045,0.00010214060078601045,53.502754286131804
1791569280,0.00010214060078601045,0.00010326223480673898,0.00010177398311872475,0.00010187715679685629,83.77246616161754
1791569340,0.00010187715679685629,0.00010187715679685629,0.000100550535827698,0.000100550535827698,118.85949664351179
1791569400,0.000100550535827698,0.00010110782525439391,9.941668482359219e-05,0.00010110782525439391,210.82934221024124
1791569460,0.00010110782525439391,0.00010194362752035829,0.00010110782525439391,0.00010194362752035829,79.41991290781313
1791569520,0.00010194362752035829,0.00010230445802316946,0.00010194362752035829,0.00010230445802316946,23.218636272144824
1791569580,0.00010230445802316946,0.00010318347792240276,0.00010230445802316946,0.00010318347792240276,77.94766453655619
1791569640,0.00010318347792240276,0.00010435375588623881,0.00010318347792240276,0.00010435375588623881,93.6509273238382
1791569700,0.00010435375588623881,0.00010535808895951738,0.00010402031291300585,0.00010402031291300585,101.14417904151378
1791569760,0.00010402031291300585,0.00010581460044517603,0.0001038678484229963,0.00010425644148562349,96.95031087295185
1791569820,0.00010425644148562349,0.00010615220882962518,0.00010425644148562349,0.00010615220882962518,58.26471611239876
1791569880,0.00010615220882962518,0.00010654819233118406,0.00010615220882962518,0.00010654819233118406,49.92776928029858
1791569940,0.00010654819233118406,0.00010967121321329465,0.00010654819233118406,0.00010725721286161858,360.90797671858235
1791570000,0.00010725721286161858,0.00010870174523175702,0.00010608466732051973,0.00010608466732051973,139.00476955524877
1791570060,0.00010608466732051973,0.00010753002132149593,0.00010492652256936132,0.00010492652256936132,276.43597275124876
1791570120,0.00010492652256936132,0.00010585991291507626,0.00010398908422793602,0.00010585991291507626,76.57933615177268
1791570180,0.00010585991291507626,0.00010678712070850579,0.00010585991291507626,0.00010678712070850579,79.12277781328336
1791570240,0.00010678712070850579,0.00010796143622046568,0.00010678712070850579,0.00010796143622046568,81.05411453292429
1791570300,0.00010796143622046568,0.000109754302969266,0.00010551090168299904,0.00010817621879510347,384.66337023573135
1791570360,0.00010817621879510347,0.00010989216317282342,0.00010815631212047546,0.00010989216317282342,117.11386189357343
1791570420,0.00010989216317282342,0.00010989216317282342,0.00010741577330899395,0.00010862005657386571,155.06437237310263
1791570480,0.00010862005657386571,0.00010921905029457973,0.00010594097962869134,0.00010594097962869134,339.06997674409166
1791570540,0.00010594097962869134,0.00010609020692638522,0.00010574319327359204,0.00010609020692638522,55.10054226022978
1791570600,0.00010609020692638522,0.0001069579102106254,0.00010609020692638522,0.0001069579102106254,66.88463970661589
1791570660,0.0001069579102106254,0.0001069579102106254,0.00010383367431919111,0.0001052970522102065,187.30218116130774
1791570720,0.0001052970522102065,0.00010559728472342637,0.00010366127127109193,0.00010559728472342637,117.3893548397165
1791570780,0.00010559728472342637,0.0001059028743061876,0.00010441436645974316,0.00010575228995998427,96.04502258124148
1791570840,0.00010575228995998427,0.00010638095946892626,0.00010575228995998427,0.00010638095946892626,51.88420879639448
1791570900,0.00010638095946892626,0.00010740594289435573,0.00010638095946892626,0.00010740594289435573,81.02079139182635
1791570960,0.00010740594289435573,0.00010824682938244474,0.00010632725184753832,0.00010824682938244474,200.92245499703154
1791571020,0.00010824682938244474,0.00010989867512647661,0.00010824682938244474,0.00010989867512647661,77.07399368389017
1791571080,0.00010989867512647661,0.00010989867512647661,0.0001074477187025226,0.00010972308159667417,232.92434732867176
1791571140,0.00010972308159667417,0.00010989529316318559,0.00010800615478341297,0.00010935693708985762,79.8007417055513
1791571200,0.00010935693708985762,0.00010966845300975926,0.00010755174869305112,0.00010755174869305112,107.70605515817815
1791571260,0.00010755174869305112,0.00010800277794248358,0.00010651573129140816,0.00010800277794248358,109.84795221064157
1791571320,0.00010800277794248358,0.00010843010782932686,0.00010639238243795886,0.00010843010782932686,87.88094926587449
1791571380,0.00010843010782932686,0.00010938918124318843,0.00010843010782932686,0.00010938918124318843,82.5756332172174
1791571440,0.00010938918124318843,0.00010980081305754094,0.00010828044736035093,0.00010828044736035093,69.20786490157107
1791571500,0.00010828044736035093,0.00010925858037499016,0.00010687940454071564,0.00010925858037499016,164.1753573254019
1791571560,0.00010925858037499016,0.0001094323080197173,0.00010743188403825893,0.0001094323080197173,101.63741585144642
1791571620,0.0001094323080197173,0.00010984018482899707,0.00010831628366251504,0.00010984018482899707,76.39078799929075
1791571680,0.00010984018482899707,0.00011075392185664735,0.00010984018482899707,0.00011075392185664735,83.46585236125534
1791571740,0.00011075392185664735,0.00011160178125939744,0.00011075392185664735,0.00011160178125939744,53.77401809664608
1791571800,0.00011160178125939744,0.00011239573617240569,0.00011086098687755304,0.00011086098687755304,79.09840953533688
1791571860,0.00011086098687755304,0.00011180365623934092,0.0001101355144658858,0.0001101355144658858,113.81905832361757
1791571920,0.0001101355144658858,0.0001111737241833701,0.00010869390681466756,0.00010869390681466756,105.26879445304807
1791571980,0.00010869390681466756,0.0001092499432862572,0.00010780137727256679,0.0001092499432862572,103.47959268503392
1791572040,0.0001092499432862572,0.00010970785003315478,0.00010751464538843624,0.00010840626637116146,141.11683426444284
1791572100,0.00010840626637116146,0.00011166795639731204,0.00010840626637116146,0.00011040046033561259,367.094123211167
1791572160,0.00011040046033561259,0.00011181847046250938,0.00010992776378287377,0.00011067201709439186,145.5495155939623
1791572220,0.00011067201709439186,0.00011138604033669147,0.00010979846933497448,0.00011138604033669147,95.10444698990187
1791572280,0.00011138604033669147,0.00011138604033669147,0.00010854387562098756,0.00010854387562098756,136.60377991929636
1791572340,0.00010854387562098756,0.00010854387562098756,0.00010750856203378349,0.00010750856203378349,85.0627761645509
1791572400,0.00010750856203378349,0.00010903180965657069,0.00010703983547295093,0.00010903180965657069,85.67489491511034
1791572460,0.00010903180965657069,0.00010998946681699983,0.0001083951671065588,0.00010998946681699983,93.78927456353094
1791572520,0.00010998946681699983,0.00011017342476506424,0.00010851177810208769,0.00010851177810208769,97.51556896373742
1791572580,0.00010851177810208769,0.00010901661225238712,0.0001075896345249415,0.00010901661225238712,84.97827873779705
1791572640,0.00010901661225238712,0.00010901661225238712,0.0001067810079400898,0.00010897797242334798,187.70621027024816
1791572700,0.00010897797242334798,0.00010965887889785708,0.00010766349428204549,0.00010965887889785708,185.8115342881904
1791572760,0.00010965887889785708,0.00011072632813775821,0.00010965887889785708,0.00011072632813775821,73.14406694282944
1791572820,0.00011072632813775821,0.00011162426560316907,0.00011072632813775821,0.00011162426560316907,77.78979509237658
1791572880,0.00011162426560316907,0.00011162426560316907,0.00011007983036587585,0.00011154086380962868,54.89481227526045
1791572940,0.00011154086380962868,0.00011249773374726853,0.00011040020444340294,0.00011249773374726853,93.5523915685089
1791573000,0.00011249773374726853,0.00011389029424040909,0.00011201810608122277,0.00011201810608122277,163.84939121966596
1791573060,0.00011201810608122277,0.00011201810608122277,0.00010994100020080282,0.00011145020805964239,181.00673924141705
1791573120,0.00011145020805964239,0.00011257154440724688,0.00011145020805964239,0.00011257154440724688,78.9307212787777
1791573180,0.00011257154440724688,0.00011257154440724688,0.00011026080263632689,0.00011026080263632689,90.80098837566284
1791573240,0.00011026080263632689,0.0001118886593269157,0.00011026080263632689,0.0001118886593269157,46.647435901808265
1791573300,0.0001118886593269157,0.00011222490098786146,0.00011057739525569233,0.00011213449857560305,92.56988818617224
1791573360,0.00011213449857560305,0.00011327098328644604,0.00011213449857560305,0.00011327098328644604,88.21900983979492
1791573420,0.00011327098328644604,0.00011375377532487312,0.00011198700093520762,0.00011375377532487312,132.1393571077783
1791573480,0.00011375377532487312,0.00011579117336818304,0.00011375377532487312,0.00011408430712424483,190.02387035433986
1791573540,0.00011408430712424483,0.00011522323597804718,0.00011362479650840836,0.00011362479650840836,79.78869264496176
1791573600,0.00011362479650840836,0.00011443275074740319,0.00011285994734014806,0.00011299132234669592,109.11226934655457
1791573660,0.00011299132234669592,0.00011512866946299077,0.00011299132234669592,0.00011328873984535486,96.78327006844576
1791573720,0.00011328873984535486,0.00011551792224854474,0.00011328873984535486,0.00011551792224854474,85.49299903491645
1791573780,0.00011551792224854474,0.00011551792224854474,0.00011352818282644555,0.00011352818282644555,60.65301286870058
1791573840,0.00011352818282644555,0.0001155792055306818,0.00011352818282644555,0.00011478367455631412,156.23441918660282
1791573900,0.00011478367455631412,0.00011478367455631412,0.00010919376087244996,0.00010919376087244996,413.7783831781168
1791573960,0.00010919376087244996,0.00011123477877336982,0.00010919376087244996,0.00011123477877336982,86.10437887311447
1791574020,0.00011123477877336982,0.00011205269284709921,0.0001097298220005,0.00011205269284709921,94.29063845790637
1791574080,0.00011205269284709921,0.00011285086810689046,0.00011205269284709921,0.00011285086810689046,52.357811566019016
1791574140,0.00011285086810689046,0.00011315032993712009,0.0001110806046078204,0.0001110806046078204,103.72659494632944
1791574200,0.0001110806046078204,0.00011278533509328599,0.00011098932181710028,0.00011255096185165827,162.0210741736541
1791574260,0.00011255096185165827,0.0001132466718596292,0.00011255096185165827,0.0001132466718596292,56.18456422273961
1791574320,0.0001132466718596292,0.00011421003233885506,0.00011251968777010919,0.00011421003233885506,89.05966243832565
1791574380,0.00011421003233885506,0.00011508874337490996,0.00011421003233885506,0.00011508874337490996,77.01983649660491
1791574440,0.00011508874337490996,0.00011900111921149722,0.00011508874337490996,0.00011900111921149722,280.64477857819423
1791574500,0.00011900111921149722,0.0001193293076723225,0.0001174697169153773,0.0001189647249199752,94.76002728621681
1791574560,0.0001189647249199752,0.0001189647249199752,0.00011715186327642661,0.0001186611688021385,72.51211368419425
1791574620,0.0001186611688021385,0.00011896950996886636,0.00011729161579591177,0.00011893515675518099,84.32753820389226
1791574680,0.00011893515675518099,0.0001196807670299162,0.00011809316175750153,0.00011809316175750153,86.40200516203272
1791574740,0.00011809316175750153,0.00012014056733371615,0.00011740427506063656,0.00011899004036548679,181.850930874214
1791574800,0.00011899004036548679,0.00012199151086930722,0.00011899004036548679,0.00012199151086930722,221.07591650832495
1791574860,0.00012199151086930722,0.00012282314646991835,0.00012199151086930722,0.00012282314646991835,51.89454632792103
1791574920,0.00012282314646991835,0.00012282314646991835,0.00011964520426383894,0.00011964520426383894,137.82729009733507
1791574980,0.00011964520426383894,0.00011964520426383894,0.00011837643876023757,0.00011837643876023757,93.73996168353376
1791575040,0.00011837643876023757,0.00012045349001081135,0.00011829345015684855,0.00011829345015684855,119.37251337399789
1791575100,0.00011829345015684855,0.00011957264225989326,0.00011718833612413264,0.0001188797971712431,96.4779642497935
1791575160,0.0001188797971712431,0.00011944657375980445,0.0001188797971712431,0.00011944657375980445,46.416953290404656
1791575220,0.00011944657375980445,0.00012023425573362991,0.00011843279416834934,0.00011843279416834934,95.84483314428873
1791575280,0.00011843279416834934,0.0001197855031037499,0.00011792416159428406,0.0001197855031037499,103.55429844923277
1791575340,0.0001197855031037499,0.0001197855031037499,0.00011719640970108879,0.00011846740711590886,129.3482764568665
1791575400,0.00011846740711590886,0.00011927804830432399,0.00011698475013014171,0.0001183230970964708,210.9080468712237
1791575460,0.0001183230970964708,0.00011897416845850652,0.0001183230970964708,0.00011897416845850652,49.2365249446521
1791575520,0.00011897416845850652,0.00011933549801803341,0.00011696548755943495,0.00011696548755943495,109.88691463626947
1791575580,0.00011696548755943495,0.0001186145522460472,0.00011693931921299614,0.00011852146909820893,81.67094769527868
1791575640,0.00011852146909820893,0.00011852146909820893,0.00011566623643401555,0.00011566623643401555,139.15322771512453
1791575700,0.00011566623643401555,0.00011766830043410328,0.00011566623643401555,0.00011766830043410328,76.7771484184602
1791575760,0.00011766830043410328,0.00011838861159211988,0.00011766830043410328,0.00011838861159211988,53.30757248387495
1791575820,0.00011838861159211988,0.00011957709282430701,0.00011838861159211988,0.00011957709282430701,91.43841554440588
1791575880,0.00011957709282430701,0.00011993993540959563,0.00011814106971603873,0.00011966986773045919,108.92229135692573
1791575940,0.00011966986773045919,0.00012003083206845163,0.00011815783700094829,0.00011980125591174588,94.1752496141352
1791576000,0.00011980125591174588,0.00011980125591174588,0.00011734521046801061,0.00011734521046801061,107.10892536803304
1791576060,0.00011734521046801061,0.00011926017241800459,0.00011734521046801061,0.00011926017241800459,48.3076305585539
1791576120,0.00011926017241800459,0.00012099352981172151,0.00011926017241800459,0.00012099352981172151,116.83840156192441
1791576180,0.00012099352981172151,0.00012205638188581914,0.00012099352981172151,0.00012205638188581914,89.9457440170775
1791576240,0.00012205638188581914,0.00012256288601664877,0.0001200967243610423,0.00012086631858670723,196.4531389603783
1791576300,0.00012086631858670723,0.00012178997275416125,0.00011881392125216574,0.00011881392125216574,306.4240770630899
1791576360,0.00011881392125216574,0.00011956983419701346,0.00011881392125216574,0.00011956983419701346,57.06292496247594
1791576420,0.00011956983419701346,0.00011995851769314831,0.00011823083512482689,0.00011995851769314831,77.7648541656033
1791576480,0.00011995851769314831,0.0001205503901016956,0.00011872698969654148,0.00011887788609282492,79.76707447177805
1791576540,0.00011887788609282492,0.00012070647959130126,0.00011887788609282492,0.00012070647959130126,78.56211587629166
1791576600,0.00012070647959130126,0.00012133455418720889,0.00011968088521556852,0.00011968088521556852,78.91569136787413
1791576660,0.00011968088521556852,0.00012177306395682988,0.00011968088521556852,0.00012177306395682988,50.56739430992741
1791576720,0.00012177306395682988,0.00012255776878946218,0.00011916410993303579,0.00011916410993303579,331.3834179241277
1791576780,0.00011916410993303579,0.00011916410993303579,0.00011630316088295756,0.00011630316088295756,146.88624551414003
1791576840,0.00011630316088295756,0.00011882124890226224,0.00011630316088295756,0.00011882124890226224,98.28428660465605
1791576900,0.00011882124890226224,0.00011921942042180494,0.0001170876632792315,0.00011921942042180494,98.45751993618852
1791576960,0.00011921942042180494,0.00011953159531825599,0.00011709256014003746,0.00011953159531825599,234.403782551213
1791577020,0.00011953159531825599,0.00012098206560415347,0.00011831436112930156,0.00012098206560415347,126.69868999795786
1791577080,0.00012098206560415347,0.00012120586771103737,0.00011831802827294017,0.00011831802827294017,154.57525188532534
1791577140,0.00011831802827294017,0.00012030923978832285,0.00011831802827294017,0.00011852896116641226,91.55440751279507
1791577200,0.00011852896116641226,0.00011852896116641226,0.00011697761751313327,0.00011697761751313327,118.31459523324457
1791577260,0.00011697761751313327,0.00011779805661602446,0.0001164818901437458,0.00011779805661602446,81.98387226810104
1791577320,0.00011779805661602446,0.00011816310631100676,0.00011609046747686383,0.00011609046747686383,110.4431514665959
1791577380,0.00011609046747686383,0.00011676378544175687,0.00011394259072899408,0.00011436766812218637,302.013883346482
1791577440,0.00011436766812218637,0.00011535044206446015,0.00011327381939789387,0.00011535044206446015,89.3979224422124
1791577500,0.00011535044206446015,0.00011648378562772863,0.00011535044206446015,0.00011648378562772863,84.01215176809852
1791577560,0.00011648378562772863,0.00011718335630481896,0.00011648378562772863,0.00011718335630481896,53.94645161881696
1791577620,0.00011718335630481896,0.00011852980926310804,0.00011718335630481896,0.00011852980926310804,104.16539450121554
1791577680,0.00011852980926310804,0.0001191858439280024,0.0001175593831459608,0.0001175593831459608,84.19760984179219
1791577740,0.0001175593831459608,0.00012101360455660293,0.0001175593831459608,0.00012101360455660293,228.37230250240975
1791577800,0.00012101360455660293,0.00012232419792105925,0.00012024276081522589,0.00012024276081522589,112.77846438700223
1791577860,0.00012024276081522589,0.00012145037983930965,0.00011880353830479306,0.00011880353830479306,138.21308049274293
1791577920,0.00011880353830479306,0.00012030250490736277,0.00011800803205167483,0.00011800803205167483,107.36687058501123
1791577980,0.00011800803205167483,0.00012019283919368436,0.00011800803205167483,0.00012019283919368436,57.24265932870052
1791578100,0.00012019283919368436,0.00012019283919368436,0.00011818380038351342,0.00011818380038351342,35.5935403819666
1791578160,0.00011818380038351342,0.00011818380038351342,0.00011796271792794617,0.00011796271792794617,1.213652667794781
1791578340,0.00011796271792794617,0.00011796271792794617,0.0001175651776040906,0.0001175651776040906,67.23608998926963
1791578400,0.0001175651776040906,0.00012018645315952388,0.0001175651776040906,0.00012018645315952388,127.57944872072702
1791578460,0.00012018645315952388,0.00012139932307091703,0.00012018645315952388,0.00012139932307091703,72.99420876442265
1791578520,0.00012139932307091703,0.00012194896261487707,0.00012139932307091703,0.00012194896261487707,52.13031539196486
1791578580,0.00012194896261487707,0.0001229087831794302,0.00012194896261487707,0.0001229087831794302,75.74843290652596
1791578640,0.0001229087831794302,0.00012425682472578454,0.0001229087831794302,0.00012425682472578454,94.19046751789239
1791578700,0.00012425682472578454,0.00012623166455030116,0.00012425682472578454,0.00012623166455030116,185.31966929564416
1791578760,0.00012623166455030116,0.00013049042000915414,0.00012623166455030116,0.00013049042000915414,324.9444585354798
1791578820,0.00013049042000915414,0.000131699571697266,0.00012963465802862166,0.000131699571697266,68.4730562383259
1791578880,0.000131699571697266,0.00013219424421631574,0.00012982922025999878,0.0001312737821114937,134.39849166078503
1791578940,0.0001312737821114937,0.0001312737821114937,0.00012897529948618515,0.00012897529948618515,108.80849095082988
1791579000,0.00012897529948618515,0.00013091497456894411,0.0001286572389282167,0.0001286572389282167,94.52328410805593
1791579060,0.0001286572389282167,0.0001291447853508328,0.00012722309209106214,0.0001291447853508328,122.39572385118872
1791579120,0.0001291447853508328,0.00012949894231633659,0.00012752806130106694,0.00012752806130106694,69.78638971227734
1791579180,0.00012752806130106694,0.00012955827987143852,0.00012752806130106694,0.00012762922020182157,102.01197582602595
1791579240,0.00012762922020182157,0.0001301316374323462,0.00012762922020182157,0.0001301316374323462,88.03668273274836
1791579300,0.0001301316374323462,0.0001308827590063962,0.0001301316374323462,0.0001308827590063962,54.42517747492129
1791579360,0.0001308827590063962,0.000131975385063727,0.0001308827590063962,0.000131975385063727,75.0246845870596
1791579420,0.000131975385063727,0.00013273534843478865,0.00012485130646034404,0.00012485130646034404,535.7830331545169
1791579480,0.00012485130646034404,0.00012629642235464686,0.00012409680343761765,0.00012409680343761765,52.08399066840129
1791579540,0.00012409680343761765,0.00012409680343761765,0.00012241130874552795,0.00012241130874552795,126.50521724576897
1791579600,0.00012241130874552795,0.00012414651850520104,0.00012158759456641069,0.00012158759456641069,136.56339558161815
1791579660,0.00012158759456641069,0.00012626480167438826,0.00012116510380767988,0.00012626480167438826,514.9844581654505
1791579720,0.00012626480167438826,0.0001348552686772249,0.00012626480167438826,0.00013235217262962852,730.6584595080649
1791579780,0.00013235217262962852,0.0001340722686675073,0.0001311191931636799,0.0001311191931636799,114.54794896182779
1791579840,0.0001311191931636799,0.00013276971655344814,0.00012985414472194387,0.0001318282324950922,350.92884459637764
1791579900,0.0001318282324950922,0.0001323189736144779,0.00012983471459373586,0.00012983471459373586,130.42283312059823
1791579960,0.00012983471459373586,0.00012983471459373586,0.00012788094263392258,0.00012788094263392258,127.03458949275425
1791580020,0.00012788094263392258,0.00012788094263392258,0.00012662054673428974,0.00012662054673428974,98.64796373289681
1791580080,0.00012662054673428974,0.00012662054673428974,0.00010581760315615281,0.00010672229184290012,1786.0069234211387
1791580140,0.00010672229184290012,0.00010736893901604524,0.00010570299764783336,0.00010715710712767937,89.68876632295245
1791580200,0.00010715710712767937,0.00010788217188215029,0.0001060224173895223,0.00010788217188215029,99.27707362020445
1791580260,0.00010788217188215029,0.00010831068940634853,0.00010669898709804763,0.00010813310735800864,96.19579694953632
1791580320,0.00010813310735800864,0.00010881370446726357,0.00010711083530097437,0.00010711083530097437,109.74399082495675
1791580380,0.00010711083530097437,0.00010830271467650043,0.0001060465712620245,0.0001060465712620245,78.35305122454567
1791580440,0.0001060465712620245,0.00010749491618401235,0.00010570615817051638,0.00010716083430283673,108.58792171814976
1791580500,0.00010716083430283673,0.00010792018364570368,0.00010575992651675954,0.00010792018364570368,95.59847939894571
1791580560,0.00010792018364570368,0.00010995312883484861,0.00010686899246688991,0.00010995312883484861,156.26367127566124
1791580620,0.00010995312883484861,0.00011018779775293991,0.00010774624687585459,0.00010774624687585459,141.21313359489784
1791580680,0.00010774624687585459,0.00010774624687585459,0.00010296598661530406,0.00010296598661530406,378.07719487626514
1791580740,0.00010296598661530406,0.00010350995218643686,0.00010185016793097214,0.0001030705582368228,152.8987029563699
1791580800,0.0001030705582368228,0.00010408637111445895,0.0001030705582368228,0.00010408637111445895,87.07595694804309
1791580860,0.00010408637111445895,0.00010648651246315942,0.00010408637111445895,0.00010648651246315942,290.6950233516561
1791580920,0.00010648651246315942,0.00010892331593275473,0.00010648651246315942,0.00010705501020624524,127.82600283396015
1791580980,0.00010705501020624524,0.00010822175381419907,0.00010567006920712463,0.0001068279874491629,111.23486696588803
1791581040,0.0001068279874491629,0.00010750458513595733,0.00010534031863876474,0.00010750458513595733,72.01129514464554
1791581100,0.00010750458513595733,0.00010793543123432973,0.00010428158982205558,0.0001045045155786474,379.79902729345247
1791581160,0.0001045045155786474,0.00010535128643834505,0.0001045045155786474,0.00010535128643834505,86.6335321375298
1791581220,0.00010535128643834505,0.0001081416540228542,0.00010535128643834505,0.0001081416540228542,310.79325263819254
1791581280,0.0001081416540228542,0.00010960151861007304,0.00010771029761545094,0.00010929203184707781,119.08763089631127
1791581340,0.00010929203184707781,0.00011102207178173229,0.00010903589226268277,0.00011025349056288631,205.42792823921954
1791581400,0.00011025349056288631,0.00011126595535571041,0.00011025349056288631,0.00011126595535571041,78.50962499072726
1791581460,0.00011126595535571041,0.00011154863479339025,0.00010944810054039278,0.00010944810054039278,166.46576196268927
1791581520,0.00010944810054039278,0.00010944810054039278,0.00010793378259312447,0.00010915210578396273,148.79612678217669
1791581580,0.00010915210578396273,0.00010915210578396273,0.000106513357795819,0.000106513357795819,119.53968453706362
1791581640,0.000106513357795819,0.00010861314441814862,0.000106513357795819,0.00010861314441814862,91.9725373838512
1791581700,0.00010861314441814862,0.00011106551979006125,0.00010861314441814862,0.00011106551979006125,173.83956343965872
1791581760,0.00011106551979006125,0.00011106551979006125,0.00010883383694337755,0.00011041939929805614,152.91260887236652
1791581820,0.00011041939929805614,0.00011041939929805614,0.00010802323210628368,0.00010929275862025143,145.3244053988074
1791581880,0.00010929275862025143,0.00010957805258296469,0.00010774752317252673,0.00010774752317252673,90.8465942564765
1791581940,0.00010774752317252673,0.0001094335830289564,0.00010768107925865117,0.00010768107925865117,131.26502023547036
1791582000,0.00010768107925865117,0.00010768107925865117,0.00010504350607292165,0.00010534816175838594,350.4208302712342
1791582060,0.00010534816175838594,0.00010565221680411001,0.00010373850989164007,0.00010488712192734441,143.7273055069053
1791582120,0.00010488712192734441,0.00010524631777371418,0.00010348864681253669,0.00010524631777371418,125.71607132157374
1791582180,0.00010524631777371418,0.00010588771800011972,0.00010524631777371418,0.00010588771800011972,60.261404450588245
1791582240,0.00010588771800011972,0.00010628008883729966,0.00010450269749197895,0.00010605764647301473,128.86473905749588
1791582300,0.00010605764647301473,0.00010693858871646171,0.00010605764647301473,0.00010693858871646171,80.00175398591315
1791582360,0.00010693858871646171,0.000107562001633111,0.00010333756349542369,0.00010333756349542369,413.9919457281354
1791582420,0.00010333756349542369,0.00010425095648670093,0.00010317615938884761,0.00010425095648670093,110.77109633050821
1791582480,0.00010425095648670093,0.00010512200855997609,0.00010425095648670093,0.00010512200855997609,67.32655917098866
1791582540,0.00010512200855997609,0.00010648498350973125,0.00010512200855997609,0.00010648498350973125,117.72518099288494
1791582600,0.00010648498350973125,0.00010742216599529598,0.00010648498350973125,0.00010742216599529598,73.20785073432197
1791582660,0.00010742216599529598,0.00010816280962371406,0.00010742216599529598,0.00010816280962371406,56.77196409950746
1791582720,0.00010816280962371406,0.00010816280962371406,0.00010428042172881627,0.00010428042172881627,230.32557298840055
1791582780,0.00010428042172881627,0.00010547405734196074,0.000103785787043847,0.00010505181884259336,103.84639564690099
1791582840,0.00010505181884259336,0.00010600867864754431,0.00010505181884259336,0.00010600867864754431,73.14157869497349
1791582900,0.00010600867864754431,0.00010702306305076977,0.00010600867864754431,0.00010702306305076977,78.35795838789082
1791582960,0.00010702306305076977,0.00010735335761951476,0.00010566677691382367,0.00010566677691382367,81.82110119616843
1791583020,0.00010566677691382367,0.00010640139180864427,0.00010476796445673975,0.00010640139180864427,142.9518992851995
1791583080,0.00010640139180864427,0.00010676768500769036,0.00010481350748580636,0.00010659342818292236,128.58216799143833
1791583140,0.00010659342818292236,0.00010769457102765454,0.00010659342818292236,0.00010769457102765454,85.99270352848298
1791583200,0.00010769457102765454,0.00010852690567953165,0.00010769457102765454,0.00010852690567953165,75.23235621868128
1791583260,0.00010852690567953165,0.00010939088388765059,0.00010852690567953165,0.00010939088388765059,75.58138505436726
1791583320,0.00010939088388765059,0.000110303358967067,0.00010939088388765059,0.000110303358967067,74.7767707106829
1791583380,0.000110303358967067,0.00011174531707402338,0.000110303358967067,0.00011174531707402338,111.5451369045444
1791583440,0.00011174531707402338,0.00011315432524983737,0.00011174531707402338,0.00011315432524983737,112.20152810607918
1791583500,0.00011315432524983737,0.00011321600560519664,0.00010947665782533712,0.00010947665782533712,325.6174506577717
1791583560,0.00010947665782533712,0.00011095002283403132,0.00010947665782533712,0.00011095002283403132,143.13307277147862
1791583620,0.00011095002283403132,0.0001149445048533108,0.00011095002283403132,0.0001149445048533108,255.9377349494238
1791583680,0.0001149445048533108,0.0001149445048533108,0.00011051462063154512,0.00011051462063154512,252.8695601489993
1791583740,0.00011051462063154512,0.00011051462063154512,0.00010903342552139706,0.00011040851355520942,141.92605530818741
1791583800,0.00011040851355520942,0.00011079541056100183,0.00010889131388021691,0.00011043511548986491,106.57381290645449
1791583860,0.00011043511548986491,0.00011150940171164185,0.00011043511548986491,0.00011150940171164185,92.16692477663854
1791583920,0.00011150940171164185,0.00011381855883947604,0.00011150940171164185,0.00011299757614380756,310.3353795713825
1791583980,0.00011299757614380756,0.00011299757614380756,0.0001098575329375856,0.0001098575329375856,344.3808651916386
1791584040,0.0001098575329375856,0.00011061131364746452,0.0001087686548813044,0.0001101627171485633,151.72185397683376
1791584100,0.0001101627171485633,0.00011092204340721366,0.00010953169498740295,0.00010953169498740295,55.438466493414026
1791584160,0.00010953169498740295,0.00011209015222496914,0.00010953169498740295,0.00011209015222496914,87.33401419384788
1791584220,0.00011209015222496914,0.00011309911937271836,0.00011127256933488487,0.00011127256933488487,121.67744700849717
1791584280,0.00011127256933488487,0.00011348338826672697,0.00011127256933488487,0.00011348338826672697,84.28387135126768
1791584340,0.00011348338826672697,0.00011447003538291483,0.00011348338826672697,0.00011447003538291483,76.61450524546792
1791584400,0.00011447003538291483,0.0001152083352784236,0.00011447003538291483,0.0001152083352784236,50.61595981054589
1791584460,0.0001152083352784236,0.00011596151834095357,0.0001134445713919937,0.0001134445713919937,162.36496924573396
1791584520,0.0001134445713919937,0.0001153137977398641,0.0001134445713919937,0.00011347732808405592,120.8456979365987
1791584580,0.00011347732808405592,0.00011486011823441473,0.00011228783600453028,0.00011343213633839867,145.72859401537045
1791584640,0.00011343213633839867,0.0001137033551965215,0.00011171894520100043,0.00011345728647378876,159.9009436840882
1791584700,0.00011345728647378876,0.00011345728647378876,0.00011165199695498758,0.00011306165159956847,93.56439585355042
