ts,o,h,l,c,v
1791066540,0.0005569810345665222,0.0005616327951642822,0.0005335739020816984,0.0005372320048611484,1525.1207308674864
1791066600,0.0005372320048611484,0.0005450311958973841,0.0005052961379090279,0.0005450311958973841,3069.208084586285
1791066660,0.0005450311958973841,0.0005940196568766195,0.0005417315285236141,0.0005769830618365028,2650.563534207706
1791066720,0.0005769830618365028,0.0006005895636641331,0.0005740779499285369,0.0005839628231318529,2585.142851780103
1791066780,0.0005839628231318529,0.0007144311366197664,0.0005838206947513521,0.0006786078440420564,18142.009803869412
1791066840,0.0006786078440420564,0.0006902827091645313,0.0006383654675068867,0.0006519446918176484,3885.2268827329603
1791066900,0.0006519446918176484,0.0006995671025686734,0.0006425578128589839,0.000653796125373221,4960.587439766317
1791066960,0.000653796125373221,0.0006609197243538642,0.000543152842052931,0.0005740543099411381,6958.082223137002
1791067020,0.0005740543099411381,0.0006058634839084362,0.0005696938360780173,0.000601838063193511,5652.425707142642
1791067080,0.000601838063193511,0.0006027922234765364,0.0005794013468106615,0.0005794013468106615,1323.5424720032906
1791067140,0.0005794013468106615,0.000602941565801789,0.0005794013468106615,0.0005997093827046752,2129.5870191448266
1791067200,0.0005997093827046752,0.0006619376223265964,0.0005932064998926344,0.0006482041838220187,5895.959860223798
1791067260,0.0006482041838220187,0.0006747436965746897,0.0006355889511577416,0.0006434701165065256,3503.217897762907
1791067320,0.0006434701165065256,0.0006486452143711811,0.0006341818906153633,0.0006486452143711811,610.8724473076799
1791067380,0.0006486452143711811,0.0006486452143711811,0.000626274390328093,0.0006272703731252901,1983.5093572392857
1791067440,0.0006272703731252901,0.0006275553484152401,0.0005830504139052008,0.0005830504139052008,2938.314444317743
1791067500,0.0005830504139052008,0.0006062762086447717,0.0005769681707451516,0.0005812927134518751,2799.168880185879
1791067560,0.0005812927134518751,0.0006167602742410225,0.0005795743013422064,0.0006163114773664507,1511.0257254863902
1791067620,0.0006163114773664507,0.0006661787297560908,0.0006094810482082041,0.0006567854478004327,3003.958806538704
1791067680,0.0006567854478004327,0.0006908989739706418,0.0006443891839770206,0.0006738227326654096,3898.4727321088462
1791067740,0.0006738227326654096,0.0006811883673559679,0.0006381735220863502,0.0006763598437792616,2957.141585562337
1791067800,0.0006763598437792616,0.0007087032020243831,0.0006575842194188096,0.0006960821257678122,2414.5258687986548
1791067860,0.0006960821257678122,0.0007027784532266693,0.0006806264139707203,0.0006858741310097332,2117.3521303694492
1791067920,0.0006858741310097332,0.0006951455717968618,0.0006455716029980364,0.0006467455957107639,2934.9338558984955
1791067980,0.0006467455957107639,0.000664086433200488,0.0006393416036667467,0.0006393416036667467,1185.54329657317
1791068040,0.0006393416036667467,0.0006508281743904929,0.000634840300162271,0.000634840300162271,852.1851959085898
1791068100,0.000634840300162271,0.0006489723748348386,0.0006073626583473798,0.0006489723748348386,3460.034133056019
1791068160,0.0006489723748348386,0.0006504020725016069,0.0006220330135308396,0.0006414145604002056,2202.5110281704497
1791068220,0.0006414145604002056,0.0006414145604002056,0.0005921210841811575,0.0005935225653377183,3762.0382412156946
1791068280,0.0005935225653377183,0.0005935225653377183,0.0005202951893397798,0.0005283148135567258,5351.141600912671
1791068340,0.0005283148135567258,0.000541518821941727,0.000486909795404732,0.0004944603319577595,5396.3964983392525
1791068400,0.0004944603319577595,0.000562330730646945,0.0004887260282221412,0.0005586790376356588,5005.184324490821
1791068460,0.0005586790376356588,0.0005621513328827109,0.000534781415189606,0.0005404041356551071,2326.538784285874
1791068520,0.0005404041356551071,0.00055635314672023,0.0005404041356551071,0.00055635314672023,870.4912069900945
1791068580,0.00055635314672023,0.0005601052726393281,0.0005308116076645542,0.0005363462220760473,1411.5019517577598
1791068640,0.0005363462220760473,0.0005363462220760473,0.0005088176565399617,0.0005096649660212098,1046.5932976419886
1791068700,0.0005096649660212098,0.0005307338880825184,0.0004964634745576792,0.0005307338880825184,2379.1973790270554
1791068760,0.0005307338880825184,0.000586849317402273,0.0005307338880825184,0.0005727640404789036,2783.7394189075853
1791068820,0.0005727640404789036,0.0005802674248359153,0.0005622360261397851,0.000572654250591224,1114.2499384714495
1791068880,0.000572654250591224,0.0005840062339171721,0.0005694715094103212,0.0005694715094103212,529.8251670904322
1791068940,0.0005694715094103212,0.0005762513807478786,0.0005126884761681553,0.0005126884761681553,3178.1024196519515
1791069000,0.0005126884761681553,0.0005245629518578133,0.0004755348280085514,0.00048052267421588136,3129.1549113690085
1791069060,0.00048052267421588136,0.0004931819000972093,0.0004476536878148362,0.0004869247358658794,5253.320929206992
1791069120,0.0004869247358658794,0.0005017472515346599,0.00048033863511897,0.0005017472515346599,1699.2612772028715
1791069180,0.0005017472515346599,0.0005064781842572558,0.00048144227813525767,0.0004856443453991914,2065.9606397171874
1791069240,0.0004856443453991914,0.0004894546008077713,0.0004722186826617337,0.000483806617719753,1162.8337250981274
1791069300,0.000483806617719753,0.0004966778229372823,0.000483806617719753,0.0004892491781771798,1273.6071093447622
1791069360,0.0004892491781771798,0.0005019537061454557,0.00047967938599190164,0.0005018398438464163,947.0096052240001
1791069420,0.0005018398438464163,0.0005038845383853759,0.0004822797131669586,0.0004946493058108919,1873.24905361074
1791069480,0.0004946493058108919,0.0004952204120532925,0.0004886652247644581,0.0004888848059843492,380.52261199037605
1791069540,0.0004888848059843492,0.0005161116402345332,0.000488062283225296,0.0005063260737172126,1346.6323419903486
1791069600,0.0005063260737172126,0.0005100876300180072,0.0005017884756921068,0.0005017884756921068,278.2739703632649
1791069660,0.0005017884756921068,0.0005098782495495525,0.0004974580106645349,0.0005098782495495525,1309.5840372208486
1791069720,0.0005098782495495525,0.0005434116724622821,0.0005018732593367919,0.0005358914930668361,2055.2895563629613
1791069780,0.0005358914930668361,0.0005443712783997838,0.0005248412739648333,0.0005425395911919753,1094.6564232261924
1791069840,0.0005425395911919753,0.0005504466619060542,0.0005385064858950122,0.0005449887618528184,831.507225295476
1791069900,0.0005449887618528184,0.0005449887618528184,0.0005303440934943554,0.0005380807908227172,698.5535112461705
1791069960,0.0005380807908227172,0.0005384700792649713,0.0005145880627000173,0.0005332943535034671,1544.0750398419873
1791070020,0.0005332943535034671,0.0005332943535034671,0.0005044785190598505,0.0005197195197112552,1413.9847038513362
1791070080,0.0005197195197112552,0.0005211436497433359,0.0004855837981741483,0.0004855837981741483,1742.5231176366926
1791070140,0.0004855837981741483,0.0004916599733824004,0.0004738593588221612,0.0004787495503482198,625.6457081219083
1791070200,0.0004787495503482198,0.0005036262142508193,0.0004729673137194627,0.000497426086536126,1046.5510566281746
1791070260,0.000497426086536126,0.0005370420738687504,0.0004972845136071223,0.000526923623165535,1637.9476109042148
1791070320,0.000526923623165535,0.0005331561298923977,0.000515325735934425,0.0005218314127976489,1287.9001896102288
1791070380,0.0005218314127976489,0.0005507947838767444,0.0005142870305836734,0.0005488884764538898,2668.8616698964147
1791070440,0.0005488884764538898,0.0005490992558221898,0.0005205955220521072,0.0005248137114539657,1162.061157953909
1791070500,0.0005248137114539657,0.0005347054228268625,0.0005227807581611075,0.0005285861650340688,546.0326904721857
1791070560,0.0005285861650340688,0.0005301042593592845,0.0005095478329661541,0.0005159948769636008,827.1389302041
1791070620,0.0005159948769636008,0.0005438972011475297,0.0005096868550993614,0.0005431966349772343,1196.9666619386437
1791070680,0.0005431966349772343,0.000543666603310511,0.0005361105715226216,0.0005428382163796203,52.26292006094579
1791070740,0.0005428382163796203,0.0005953217865705496,0.0005326651059479214,0.00058626245485076,4077.379774638119
1791070800,0.00058626245485076,0.0005907878376422772,0.0005717588177701305,0.0005828578456315677,1365.671778671059
1791070860,0.0005828578456315677,0.0005828578456315677,0.0005433503587293377,0.0005433503587293377,1829.4302484189516
1791070920,0.0005433503587293377,0.0005472247413725798,0.0005249333805779135,0.000535930637903311,992.2359014669598
1791070980,0.000535930637903311,0.000548469380906856,0.0005351468212494012,0.0005434812795920711,822.3897648273664
1791071040,0.0005434812795920711,0.0005467190812090099,0.0005302844819178029,0.0005368773205723971,598.6518864407093
1791071100,0.0005368773205723971,0.0005410781338700692,0.0005196514884885823,0.0005343798632166367,1632.5470220427283
1791071160,0.0005343798632166367,0.0005456968128951876,0.0005256962066332827,0.0005256962066332827,1002.2390876950727
1791071220,0.0005256962066332827,0.0005631467479724209,0.0005256962066332827,0.0005351916983386149,2396.0624387182334
1791071280,0.0005351916983386149,0.0005488430097956872,0.0005267336180782296,0.0005477270716055175,1797.0337855755045
1791071340,0.0005477270716055175,0.0005791394213949798,0.0005290738598937423,0.0005775173669667095,2509.7667986386023
1791071400,0.0005775173669667095,0.0006072671707349228,0.0005775173669667095,0.0005876533200352349,3127.6333465979305
1791071460,0.0005876533200352349,0.0005898577000878943,0.0005654055583276108,0.0005706239205761717,1526.0385786364134
1791071520,0.0005706239205761717,0.0005716352847219336,0.0005424396558009599,0.00054835964228437,1638.5708594589457
1791071580,0.00054835964228437,0.0005773827035147166,0.00054835964228437,0.0005705341982613113,1073.9467861405376
1791071640,0.0005705341982613113,0.000577049482167431,0.0005681169174511947,0.0005681169174511947,245.10767295382308
1791071700,0.0005681169174511947,0.0005681169174511947,0.000549060770354656,0.000555934381226597,701.9550228549323
1791071760,0.000555934381226597,0.0005639865884880589,0.0005481014834713978,0.0005583169695812972,394.618652603433
1791071820,0.0005583169695812972,0.0005683026360218285,0.0005572751246158605,0.0005649015648992844,443.54009427367305
1791071880,0.0005649015648992844,0.0005675726230292027,0.0005589572888608757,0.0005610922564118148,193.2190528554523
1791071940,0.0005610922564118148,0.0005704165030080792,0.0005576748300026631,0.0005704165030080792,812.987399863416
1791072000,0.0005704165030080792,0.0005942455768549415,0.0005627253423301443,0.0005868952755974201,1635.6045578415835
1791072060,0.0005868952755974201,0.0006039487522427424,0.0005852868093300048,0.0006039487522427424,855.5060858940619
1791072120,0.0006039487522427424,0.0006213886739805331,0.0005975040255111209,0.0005975040255111209,1320.5756303426556
1791072180,0.0005975040255111209,0.0006191022749501846,0.0005917072172488056,0.0006027610019113755,1590.3630077814405
1791072240,0.0006027610019113755,0.0006039186065165626,0.0005912285049422244,0.0005984746390739773,367.204048410097
1791072300,0.0005984746390739773,0.0006361581779952541,0.0005715905580983238,0.0006212692429763871,2418.862553730711
1791072360,0.0006212692429763871,0.0006387804255347777,0.0006187630592176149,0.0006343182565280969,1706.5797168400998
1791072420,0.0006343182565280969,0.0006448821959303125,0.000628779093502839,0.000628779093502839,783.3011622265828
1791072480,0.000628779093502839,0.0006826638411668322,0.0006272151190866931,0.0006573295245028585,5380.310625415561
1791072540,0.0006573295245028585,0.0007245644889457292,0.0006455630702877136,0.0007027990623552183,3497.629927385428
1791072600,0.0007027990623552183,0.0007027990623552183,0.0006354556647017867,0.0006376366782216647,5904.993086736129
1791072660,0.0006376366782216647,0.0006558897644245695,0.0006376366782216647,0.0006550176185234916,968.6364320322455
1791072720,0.0006550176185234916,0.0006550176185234916,0.0006053630596746523,0.0006053630596746523,1929.5114348442364
1791072780,0.0006053630596746523,0.0006177781065518134,0.0006043337661510355,0.0006043526713501384,479.7137694247754
1791072840,0.0006043526713501384,0.0006072158943428026,0.0005865979616415182,0.0005944665824717339,2087.9941761953137
1791072900,0.0005944665824717339,0.0006031425070615184,0.0005462036435000511,0.0005565925594181557,3067.817905573988
1791072960,0.0005565925594181557,0.0005859612443645596,0.0005434372263665575,0.0005859612443645596,1847.0374506780106
1791073020,0.0005859612443645596,0.0005960468504990637,0.000567482969713608,0.0005822393648908023,2340.7403970260175
1791073080,0.0005822393648908023,0.0005823899812884277,0.0005228533170400256,0.0005249076174031399,2100.1577356822695
1791073140,0.0005249076174031399,0.0005392369505902435,0.0005095381971503042,0.0005258084553440631,3213.4634075889203
1791073200,0.0005258084553440631,0.0005552370825809099,0.0005247148043911918,0.0005552370825809099,1760.6441911022946
1791073260,0.0005552370825809099,0.0005552370825809099,0.0005433795834419333,0.0005503719261507403,517.3044367213819
1791073320,0.0005503719261507403,0.0005506764303724567,0.0005414758805509521,0.0005486883256821855,212.87987746722368
1791073380,0.0005486883256821855,0.0005486883256821855,0.0005266473493386484,0.0005266473493386484,856.3458646197972
1791073440,0.0005266473493386484,0.0005266473493386484,0.0004829102525914867,0.0004900749422952434,2203.9976442224142
1791073500,0.0004900749422952434,0.0005014882074189301,0.0004852399518531621,0.0004897349334004964,825.8225703350155
1791073560,0.0004897349334004964,0.0005030836405673044,0.0004897349334004964,0.0004965627644006327,586.9763557304808
1791073620,0.0004965627644006327,0.0004965627644006327,0.0004437669233819945,0.00045356436703854793,4636.075009792813
1791073680,0.00045356436703854793,0.0004723480318137866,0.00044882182747331623,0.0004647356889935451,2591.0585781136488
1791073740,0.0004647356889935451,0.0004707422451825329,0.0004466195253210699,0.0004540868435482987,1648.8331377246725
1791073800,0.0004540868435482987,0.00045446356886182527,0.00042289559470224,0.00044779249536948,3988.3154243767112
1791073860,0.00044779249536948,0.00045300062706081485,0.00043287162712108345,0.00043452819000764986,1133.5355853362025
1791073920,0.00043452819000764986,0.00045807620350254134,0.000406165638177327,0.00044658713271305476,8721.491338038542
1791073980,0.00044658713271305476,0.00045687360458233613,0.00041885170362057915,0.0004253152610272227,2322.6902204462795
1791074040,0.0004253152610272227,0.000465910560792085,0.00042009342870654673,0.00045953103772984724,2788.918432603538
1791074100,0.00045953103772984724,0.00046034850519769397,0.0004445870065836427,0.0004535733207667,649.5223640888648
1791074160,0.0004535733207667,0.00046052483863630593,0.00044652192948489006,0.0004467761897640496,1542.0873234078788
1791074220,0.0004467761897640496,0.0004552714250918775,0.00044230299194394945,0.00044230299194394945,508.1050312196416
1791074280,0.00044230299194394945,0.0004487822593540531,0.00043737196604562987,0.0004382322546753822,832.1957422377728
1791074340,0.0004382322546753822,0.00046156109830988024,0.0004382322546753822,0.00045312995333956384,1868.3862810785563
1791074400,0.00045312995333956384,0.00045750527232916527,0.00044190727089908177,0.000441937456357017,547.7899460409777
1791074460,0.000441937456357017,0.0004528485408057191,0.0004418166118510262,0.0004528485408057191,356.60113210654447
1791074520,0.0004528485408057191,0.00045501137361796075,0.0004358853454708611,0.0004358853454708611,1068.3969317006338
1791074580,0.0004358853454708611,0.00044330571801255134,0.00041253388995750415,0.00041878478821740265,2408.3729679770045
1791074640,0.00041878478821740265,0.00041878478821740265,0.0003903939836243646,0.0004136435173577359,4533.487161653978
1791074700,0.0004136435173577359,0.0004136435173577359,0.00035543920497639733,0.00037451719590041356,8400.384388855637
1791074760,0.00037451719590041356,0.00039648221234788844,0.00035277225674397054,0.00038605492461599454,6125.828362511707
1791074820,0.00038605492461599454,0.0003974247643746744,0.0003730117071242777,0.0003904360511903665,1291.3725301722072
1791074880,0.0003904360511903665,0.0003959359277435402,0.00036689016119973236,0.00037347967190341856,1844.914803831169
1791074940,0.00037347967190341856,0.0003856533359247364,0.00037077645831110355,0.0003791240365290528,796.3204534519286
1791075000,0.0003791240365290528,0.00038519991830456154,0.00037878200201198843,0.00038519991830456154,199.66616748633666
1791075060,0.00038519991830456154,0.00039161889495554976,0.0003654216882516803,0.0003908429828688166,2422.2507843164194
1791075120,0.0003908429828688166,0.0003969368044613329,0.00038942486093090434,0.00038942486093090434,694.0966315166924
1791075180,0.00038942486093090434,0.0003946006208085235,0.00038581300621758476,0.0003864953909735087,263.44890023770125
1791075240,0.0003864953909735087,0.0003988480980362467,0.0003864859107688835,0.000396502625010707,568.6380214165515
1791075300,0.000396502625010707,0.00040621546376972756,0.00039458517403537084,0.00039872522506601704,933.6732206578072
1791075360,0.00039872522506601704,0.00040978715458192175,0.0003909466272959781,0.0003982758466878577,1836.478078264017
1791075420,0.0003982758466878577,0.00041828471089091536,0.0003982758466878577,0.00041090484457936296,1531.929904152071
1791075480,0.00041090484457936296,0.00043448188088167806,0.0004055035580464252,0.00043448188088167806,2852.642661274621
1791075540,0.00043448188088167806,0.0004345705366033178,0.00041372638284653887,0.00041767329294353187,1267.7775020176794
1791075600,0.00041767329294353187,0.00045092877992529293,0.00041767329294353187,0.0004405347925771258,2232.6425058977266
1791075660,0.0004405347925771258,0.0004510596291766894,0.0004236766965959613,0.00042384646870760194,2404.2892620044
1791075720,0.00042384646870760194,0.00043060717737872397,0.0004227679941784969,0.00043060717737872397,241.82306803683812
1791075780,0.00043060717737872397,0.00043320063927740175,0.000418430192208948,0.0004219029984347293,1722.2997898618278
1791075840,0.0004219029984347293,0.0004286438164328587,0.0004067049795625676,0.0004079575617558763,1662.9671269405485
1791075900,0.0004079575617558763,0.0004210575082747272,0.0004077593759411186,0.00041203482387294467,885.2658252227511
1791075960,0.00041203482387294467,0.00041791236770258983,0.0004105266049968808,0.00041791236770258983,329.82167138344647
1791076020,0.00041791236770258983,0.00041818564137404015,0.0004010225266630674,0.00040640326744901265,834.3872184956061
1791076080,0.00040640326744901265,0.00043144006741458835,0.00040640326744901265,0.0004235955201390833,1923.2636977896589
1791076140,0.0004235955201390833,0.0004550061628228885,0.0004235955201390833,0.00044347778100771473,3203.95753935888
1791076200,0.00044347778100771473,0.00046625270033397225,0.0004314341272261759,0.00046625270033397225,1992.3232447998812
1791076260,0.00046625270033397225,0.0004806489197138928,0.00045765847225320833,0.00045765847225320833,1593.9708077777705
1791076320,0.00045765847225320833,0.00046719899588967324,0.00045599796642856503,0.0004581625925835034,575.7493898084583
1791076380,0.0004581625925835034,0.0004635804516037463,0.0004471826870911581,0.0004523088094657269,736.7765361578482
1791076440,0.0004523088094657269,0.0004594929407331941,0.0004379642208018706,0.00045369985728763786,988.579072174818
1791076500,0.00045369985728763786,0.00046131447199208533,0.0004524229481041124,0.00045539966485299573,215.9771945186266
1791076560,0.00045539966485299573,0.00046346937313668793,0.00045539966485299573,0.00045759559060122904,306.162871841412
1791076620,0.00045759559060122904,0.00045759559060122904,0.00044893238048733096,0.00044990703624771613,423.0478491318948
1791076680,0.00044990703624771613,0.00045548594329497126,0.0004470384236496827,0.0004475172697444314,143.08649422748564
1791076740,0.0004475172697444314,0.00045322919751425786,0.00044613329532299076,0.0004523562721111913,181.17060131957342
1791076800,0.0004523562721111913,0.0004650090541163017,0.000445208217209203,0.0004650090541163017,738.3600257649098
1791076860,0.0004650090541163017,0.0004650090541163017,0.000453279436336158,0.0004626550452597285,402.79552328033543
1791076920,0.0004626550452597285,0.00046323058198403396,0.0004541169980598816,0.00046323058198403396,320.2671836733357
1791076980,0.00046323058198403396,0.000464156486991969,0.0004482765942425031,0.0004602722205293677,924.5828240324672
1791077040,0.0004602722205293677,0.0004602722205293677,0.0004518543020748136,0.0004518543020748136,116.10488531057605
1791077100,0.0004518543020748136,0.0004578414600192989,0.00044442427490066973,0.0004499853590917034,399.5358353225376
1791077160,0.0004499853590917034,0.0004499853590917034,0.0004312898171137585,0.0004363730525186311,726.2864559530483
1791077220,0.0004363730525186311,0.000436497344583588,0.00039758205933136437,0.00039796021607268366,3362.432833373971
1791077280,0.00039796021607268366,0.00040366935847163026,0.0003956569003940864,0.00039954329411924765,443.03295944989435
1791077340,0.00039954329411924765,0.00040518372670051187,0.00038741473234630945,0.00038741473234630945,781.5106537856735
1791077400,0.00038741473234630945,0.00039576671909348764,0.0003821605334425822,0.0003884290370759895,923.2858374732818
1791077460,0.0003884290370759895,0.0003884290370759895,0.00037573748256612314,0.00038062898136242984,812.5593509856427
1791077520,0.00038062898136242984,0.000397438714089963,0.0003769606878093294,0.000397438714089963,1046.2532304281162
1791077580,0.000397438714089963,0.00040517664032048754,0.0003929260938327786,0.00040517664032048754,386.0904431276057
1791077640,0.00040517664032048754,0.0004071992052393843,0.00039952534334760406,0.00040009199098385004,296.26985888759407
1791077700,0.00040009199098385004,0.00040562757610111813,0.0003857170082763696,0.0004038212067183191,2784.541918819482
1791077760,0.0004038212067183191,0.00042746180502260963,0.00039694964230279554,0.00042746180502260963,1639.8609787112105
1791077820,0.00042746180502260963,0.0004421427282918715,0.00042305541887564595,0.0004421427282918715,938.5348322206238
1791077880,0.0004421427282918715,0.0004616271589513573,0.0004380719197084075,0.00044409874879113785,2247.1002503619916
1791077940,0.00044409874879113785,0.00044448584383816666,0.00043689969051576195,0.00044360693093634356,238.42919352857191
1791078000,0.00044360693093634356,0.00044360693093634356,0.0004279810233393137,0.0004279810233393137,501.31977688222963
1791078060,0.0004279810233393137,0.0004429583776709509,0.0004279810233393137,0.0004429583776709509,738.631432854178
1791078120,0.0004429583776709509,0.00046589079847792077,0.00044273555524265105,0.0004606294451665847,1184.469481458123
1791078180,0.0004606294451665847,0.00047072978684006416,0.00045644556545983665,0.00047072978684006416,789.0760995271754
1791078240,0.00047072978684006416,0.00047378260713194445,0.00046207725812485507,0.0004733641305412276,835.1888568969747
1791078300,0.0004733641305412276,0.00047353989830792217,0.00045099343265554535,0.00045099343265554535,1175.910006121321
1791078360,0.00045099343265554535,0.00045464440102857843,0.0004469718401338899,0.00045464440102857843,473.0601227337297
1791078420,0.00045464440102857843,0.00045719338677887667,0.0004503456777025435,0.00045537698835185604,230.0070799284019
1791078480,0.00045537698835185604,0.0004583742337402641,0.00044334213414224614,0.00044767539537564707,994.081505814594
1791078540,0.00044767539537564707,0.0004720410398869461,0.00044090205888803585,0.00047062886488830215,1610.0956671340984
1791078600,0.00047062886488830215,0.00047153002549976154,0.0004642517435718026,0.0004642517435718026,102.03888459854957
1791078660,0.0004642517435718026,0.0004688066189026361,0.00046231640442949613,0.0004688066189026361,159.34115395178546
1791078720,0.0004688066189026361,0.0004760733851868676,0.00046361848952592685,0.000475580092289958,583.8877673918671
1791078780,0.000475580092289958,0.000475580092289958,0.0004587261943076961,0.0004640903158629682,1459.9741614083441
1791078840,0.0004640903158629682,0.0004676083291073325,0.00045466785799246046,0.0004627795881221678,964.162774025958
1791078900,0.0004627795881221678,0.0004627795881221678,0.00043584958428677324,0.00043847252747598355,1104.6153862234974
1791078960,0.00043847252747598355,0.00044500164207788087,0.0004313282871022484,0.00043712783619760773,749.5017824846842
1791079020,0.00043712783619760773,0.00043811189835567856,0.00043145082933010367,0.00043239640040845405,90.38309932918243
1791079080,0.00043239640040845405,0.00043813671670311227,0.0004317003355221894,0.00043328450718767454,159.63923425308838
1791079140,0.00043328450718767454,0.00044040880424838993,0.00042845299987322156,0.00044040880424838993,667.1772463291061
1791079200,0.00044040880424838993,0.00044040880424838993,0.00042409193000729245,0.0004311954768691092,563.6100745123243
1791079260,0.0004311954768691092,0.0004866597806003701,0.0004235527915331859,0.000482352862605576,3434.0464219481937
1791079320,0.000482352862605576,0.0004907261239784982,0.0004679270336741128,0.00047033564361010125,1920.4201415043729
1791079380,0.00047033564361010125,0.0005115414389997676,0.0004647675104669146,0.00050984808410332,2432.8092890729713
1791079440,0.00050984808410332,0.000607051868902253,0.000500806958905739,0.000591295406128851,14670.898388443551
1791079500,0.000591295406128851,0.000591295406128851,0.0005393846073570973,0.0005469642046327958,5225.047378038771
1791079560,0.0005469642046327958,0.0006716169446275837,0.0005453532306450259,0.0006308594121784698,16333.905799453229
1791079620,0.0006308594121784698,0.0006333530142752085,0.0005845465000849735,0.0005891628014323958,5894.778257642426
1791079680,0.0005891628014323958,0.0006070089106539975,0.0005689248121608648,0.0005740993060997423,3360.6545632485736
1791079740,0.0005740993060997423,0.0006025964936914231,0.0005668556313262515,0.0005795567148661052,2808.9330881381134
1791079800,0.0005795567148661052,0.000594007099008782,0.0005787836545200076,0.0005865484825762727,516.690262939612
1791079860,0.0005865484825762727,0.0005932668092455013,0.0005717063294530157,0.0005782406508061113,689.0364333498499
1791079920,0.0005782406508061113,0.000579085626929585,0.0005418132936164835,0.0005500802179816924,2310.640835631698
1791079980,0.0005500802179816924,0.0005594840693005262,0.0005493658188666583,0.0005594840693005262,829.0701014603254
1791080040,0.0005594840693005262,0.000582213882287208,0.0005530171802952428,0.000582213882287208,1392.8394223817963
1791080100,0.000582213882287208,0.0005912433991127718,0.0005543740746070803,0.0005640777755555356,1890.457590928609
1791080160,0.0005640777755555356,0.0005785763454815776,0.0005529619845964896,0.0005599215166095652,1439.0827616679526
1791080220,0.0005599215166095652,0.0005770780184818834,0.0005488890844066636,0.0005597953499497294,3472.439457211995
1791080280,0.0005597953499497294,0.0006000652998114791,0.0005532206358975793,0.0006000652998114791,2764.010969575314
1791080340,0.0006000652998114791,0.0006263649809148133,0.0005970673089718397,0.0006219818125437935,2617.0809306229776
1791080400,0.0006219818125437935,0.000638562933006288,0.000599351850843018,0.0006271068070278946,2330.441633653882
1791080460,0.0006271068070278946,0.0006331806060866675,0.0006100543777507415,0.0006188594748305613,922.6321350953843
1791080520,0.0006188594748305613,0.0006188594748305613,0.0005966337302450761,0.0006072898283500725,1063.913851529386
1791080580,0.0006072898283500725,0.000610211550891576,0.000592007429851186,0.0005948741021907588,587.4403220749728
1791080640,0.0005948741021907588,0.0006206404466964061,0.0005874796891308377,0.0006206404466964061,1284.127562072369
1791080700,0.0006206404466964061,0.0006463463941481287,0.0006102125271923452,0.0006461987413681181,1749.4484531428168
1791080760,0.0006461987413681181,0.0006461987413681181,0.0006331106518207735,0.0006426799177594087,865.878866502772
1791080820,0.0006426799177594087,0.0006426799177594087,0.0005587542250168336,0.0005729111032424846,6761.637215015952
1791080880,0.0005729111032424846,0.000584093119819665,0.0005692332921925293,0.000571517445834639,887.8193080397788
1791080940,0.000571517445834639,0.0005766371087219176,0.0005584168623060763,0.0005584168623060763,613.0164045029111
1791081000,0.0005584168623060763,0.0005864150994666888,0.0005516016477967409,0.0005864150994666888,1615.5927182663752
1791081060,0.0005864150994666888,0.0005895509222281105,0.0005583734080733223,0.0005773894391860324,2682.1076499478763
1791081120,0.0005773894391860324,0.0005773894391860324,0.0005619963093714286,0.0005735358812667074,1948.047716911351
1791081180,0.0005735358812667074,0.00059376021026563,0.0005596286897077392,0.0005928182126462984,1585.697305760552
1791081240,0.0005928182126462984,0.0006061054490171839,0.0005656016139405066,0.0005656016139405066,2889.909085720408
1791081300,0.0005656016139405066,0.0005677268092329029,0.0005564784552650962,0.0005564784552650962,332.49186317082916
1791081360,0.0005564784552650962,0.0005564784552650962,0.0005451256062651823,0.0005451256062651823,396.4833666858623
1791081420,0.0005451256062651823,0.0005527947268008094,0.0005060756909968743,0.0005099328640371455,2094.0149482394313
1791081480,0.0005099328640371455,0.0005503635132633437,0.0005056673931966635,0.0005219467816929182,4437.984761437709
1791081540,0.0005219467816929182,0.0005281051983079233,0.0005106776503669614,0.0005106776503669614,846.8558887483252
1791081600,0.0005106776503669614,0.0005152709836810921,0.0004938433803278938,0.0005073819376273853,2569.1827537198733
1791081660,0.0005073819376273853,0.0005096389246719656,0.0005029340073116299,0.0005095569017412511,231.8577070289695
1791081720,0.0005095569017412511,0.0005277997361126001,0.0005095569017412511,0.0005176182506185841,910.8998789576548
1791081780,0.0005176182506185841,0.0005176182506185841,0.0005026641596042285,0.0005028432972880932,605.7450976086809
1791081840,0.0005028432972880932,0.0005154938995696599,0.00047934602388040586,0.00048446835098971987,2261.08056381677
1791081900,0.00048446835098971987,0.000544403662538594,0.00048446835098971987,0.000544403662538594,3218.854033083181
1791081960,0.000544403662538594,0.0005716612988607704,0.0005419586417312924,0.0005601920381060696,1681.5648530675237
1791082020,0.0005601920381060696,0.0005623219699391619,0.0005343230583651308,0.0005364108317285516,1323.033382417255
1791082080,0.0005364108317285516,0.0005387549816573216,0.0005108325408054591,0.0005316338442442132,2153.8658652650947
1791082140,0.0005316338442442132,0.0005415990750332471,0.0005316338442442132,0.0005321381517677758,281.7141681463772
1791082200,0.0005321381517677758,0.0005464310280649083,0.0005321381517677758,0.0005390908440548481,412.1825062672695
1791082260,0.0005390908440548481,0.0005400005936040679,0.0005323906528538973,0.0005395638356236417,286.7498939959455
1791082320,0.0005395638356236417,0.0005395638356236417,0.0004974799601490761,0.0005058746827415805,1522.0557331998325
1791082380,0.0005058746827415805,0.0005213944446524774,0.0005020187135741176,0.0005131119700204607,740.9228627455021
1791082440,0.0005131119700204607,0.0005201263007728636,0.0004915698690868252,0.0004917009943888564,1448.7594223491994
1791082500,0.0004917009943888564,0.0004942786132082369,0.0004799012618398937,0.0004799012618398937,1076.6483332156963
1791082560,0.0004799012618398937,0.0004826242714810298,0.00047259140982472685,0.0004762252503033979,359.85645015695246
1791082620,0.0004762252503033979,0.00048628025937452177,0.0004714310899330855,0.00047818408564055106,1145.5103303401434
1791082680,0.00047818408564055106,0.0004889869929305084,0.0004585988218430733,0.00046108366679337197,1749.9893674071743
1791082740,0.00046108366679337197,0.00046108366679337197,0.00044684071292358047,0.00045397491698596925,903.0783498494243
1791082800,0.00045397491698596925,0.00045956640645389144,0.00045287610675447885,0.0004547488785101513,337.81211787596345
1791082860,0.0004547488785101513,0.0004629387230483886,0.0004546397330609407,0.0004629387230483886,228.28912702968495
1791082920,0.0004629387230483886,0.0004629387230483886,0.0004285972116976511,0.000439201406651258,1782.020921519973
1791082980,0.000439201406651258,0.0004429208934461663,0.00043014820775925944,0.00043990755653224814,1960.0858992399963
1791083040,0.00043990755653224814,0.00045537332110954446,0.0004086923595170043,0.00042733419534743633,7650.278069863357
1791083100,0.00042733419534743633,0.00044903914596150924,0.00042733419534743633,0.0004392706152919985,1222.597921099972
1791083160,0.0004392706152919985,0.00044955665946427604,0.0004389186693724578,0.00044955665946427604,261.8575784721142
1791083220,0.00044955665946427604,0.00044982761918433654,0.00043914047836262477,0.00043914047836262477,298.1966388502902
1791083280,0.00043914047836262477,0.0004510336071620687,0.0004387696050822044,0.00044553837750315356,632.8874828465235
1791083340,0.00044553837750315356,0.0004576307893558193,0.00044553837750315356,0.0004576307893558193,348.21357026891434
1791083400,0.0004576307893558193,0.0004593266167887509,0.00044668551406395937,0.00044668551406395937,515.987820193107
1791083460,0.00044668551406395937,0.0004526954257725824,0.00042718830164953657,0.00042950919960996653,1735.1961533840245
1791083520,0.00042950919960996653,0.00044126212397375947,0.00042568284701010364,0.00044126212397375947,796.7021108613162
1791083580,0.00044126212397375947,0.00046101311963071096,0.0004407207093039882,0.00045342035001439063,2632.4361869096033
1791083640,0.00045342035001439063,0.0004586033288355947,0.0004466718337318819,0.0004531633554518006,440.4133611289146
1791083700,0.0004531633554518006,0.0004602055034597786,0.0004480028589325501,0.00045442025740997265,782.3278677746176
1791083760,0.00045442025740997265,0.00046237728827367184,0.00045331479803212814,0.00045484846984131477,338.44026226835405
1791083820,0.00045484846984131477,0.00045484846984131477,0.0004435795025459004,0.0004489814661699563,1265.3537442192167
1791083880,0.0004489814661699563,0.0004490074596439745,0.00044255592160766016,0.00044255592160766016,82.12647903395997
1791083940,0.00044255592160766016,0.0004673800005412954,0.0004418811098353645,0.0004616758581862653,1118.305542608072
1791084000,0.0004616758581862653,0.00046713109846671804,0.0004569548136257133,0.0004645500694859131,657.0384517686331
1791084060,0.0004645500694859131,0.00047063512138352173,0.00046436626737679146,0.0004648865614277961,38.881819768573244
1791084120,0.0004648865614277961,0.00047562746290331806,0.0004639515909508212,0.0004705491040755964,420.7017307033884
1791084180,0.0004705491040755964,0.0004776263950904605,0.00046269283895489254,0.0004634470735881941,642.1119123420148
1791084240,0.0004634470735881941,0.00048605779854973765,0.0004596736171444385,0.00048422126159217935,1289.431039947495
1791084300,0.00048422126159217935,0.0004915386727705759,0.0004824275169712563,0.00048639412552015917,269.1456104945646
1791084360,0.00048639412552015917,0.00048781806232404387,0.0004806128428802097,0.0004806128428802097,144.108302147216
1791084420,0.0004806128428802097,0.000494388180176056,0.0004799556682450854,0.000494388180176056,471.62320955133134
1791084480,0.000494388180176056,0.000494388180176056,0.00047139509123602584,0.00047525657061095824,1404.6598851367294
1791084540,0.00047525657061095824,0.000487309845170571,0.00047525657061095824,0.0004790970312543058,342.3714484863858
1791084600,0.0004790970312543058,0.00048804389884036484,0.00047786960662208206,0.00047786960662208206,363.81316764664757
1791084660,0.00047786960662208206,0.0004850589938241299,0.0004777143824680587,0.00047976220137452215,101.07225509500175
1791084720,0.00047976220137452215,0.0004859742736973913,0.00044938018254231626,0.0004528561923528788,2856.695290043587
1791084780,0.0004528561923528788,0.0004655810418890554,0.00044896106967581313,0.00045976683957799465,492.4597656584151
1791084840,0.00045976683957799465,0.00046916668819503137,0.00045976683957799465,0.0004618827391450042,343.8304824624941
1791084900,0.0004618827391450042,0.0004694746896890412,0.00044409304997307516,0.0004477934177958297,1618.406920731925
1791084960,0.0004477934177958297,0.0004623012152812459,0.00044001430530450446,0.0004580856703839446,933.711217483895
1791085020,0.0004580856703839446,0.0004599019688051953,0.0004440611594777934,0.00044979049712889896,851.9232591812097
1791085080,0.00044979049712889896,0.000485132893526308,0.00044118578596065894,0.00047946255225049414,2386.6235789520983
1791085140,0.00047946255225049414,0.0004877009020850302,0.00047216697191070214,0.00047216697191070214,843.4488112847422
1791085200,0.00047216697191070214,0.00047216697191070214,0.0004627394927084813,0.00046275023549417364,122.43665075588365
1791085260,0.00046275023549417364,0.00048548838594373206,0.0004576466232388601,0.00048548838594373206,1177.9227062328757
1791085320,0.00048548838594373206,0.0004981982277978483,0.00048548838594373206,0.0004906843169435157,950.073022703063
1791085380,0.0004906843169435157,0.0004961535779367928,0.00048666805135315106,0.0004899529272420081,338.06180699844987
1791085440,0.0004899529272420081,0.0004899529272420081,0.00047874179161222995,0.00047874179161222995,541.192424179032
1791085500,0.00047874179161222995,0.00048011097036672345,0.0004728214282783215,0.00048011097036672345,244.3016491277765
1791085560,0.00048011097036672345,0.0005058845952490517,0.00047468751754920884,0.0005051307329070048,1335.3007791653772
1791085620,0.0005051307329070048,0.0007004286072869576,0.0005030698627203723,0.0005799016755520628,21426.417170221575
1791085680,0.0005799016755520628,0.0006173447516356976,0.0005653911300892382,0.0005825638729820132,7533.898758858178
1791085740,0.0005825638729820132,0.0006348872832478032,0.0005763754075148133,0.000622169849043225,5259.444602160248
1791085800,0.000622169849043225,0.0006446973642868948,0.0005950571491229016,0.0006438395578387882,4989.88515524121
1791085860,0.0006438395578387882,0.0007719225613114249,0.0006002869483925382,0.0007307514810212645,31578.160047902828
1791085920,0.0007307514810212645,0.0009167651663559525,0.0007307514810212645,0.0008853392316465441,34024.977960414966
1791085980,0.0008853392316465441,0.0009199639264382999,0.0007841652034211871,0.0008493774865008186,30605.71843222026
1791086040,0.0008493774865008186,0.0008616645674896099,0.0007967154319370686,0.0008438397446440635,14371.16219534899
1791086100,0.0008438397446440635,0.0008438397446440635,0.0007508400291555702,0.0007802816126707688,13644.597155122226
1791086160,0.0007802816126707688,0.0008377085661172904,0.0007747363309508756,0.0007747363309508756,8338.970094809638
1791086220,0.0007747363309508756,0.000851581317424158,0.0007747363309508756,0.0008168161696990487,9478.324606747268
1791086280,0.0008168161696990487,0.0009598726046549601,0.0007958084742934327,0.0009126540434637238,21948.407796722367
1791086340,0.0009126540434637238,0.0009281896824358295,0.0008260473437027553,0.0009126532599548042,12675.33233282992
1791086400,0.0009126532599548042,0.0010186866658055162,0.0008699801487346693,0.0010186866658055162,18900.08519022978
1791086460,0.0010186866658055162,0.0010286653042797032,0.0009015290635920218,0.0010130591519131912,25858.799365316565
1791086520,0.0010130591519131912,0.0012344465247372703,0.00096869991771096,0.0011345591911772466,62224.671981465784
1791086580,0.0011345591911772466,0.0013137607901107463,0.0010877750718314917,0.001203045603877089,63719.65217832252
1791086640,0.001203045603877089,0.0016992447794617108,0.0011532531358295862,0.0015875960468393045,110175.21488403369
1791086700,0.0015875960468393045,0.0015875960468393045,0.0013463909067270758,0.0013687570045937364,42120.13086232
1791086760,0.0013687570045937364,0.0014892838900875819,0.0012836336085906034,0.0013433284847183412,47907.29156297485
1791086820,0.0013433284847183412,0.0017117341285948374,0.0013075425274943246,0.0015024916732384347,88878.12766159217
1791086880,0.0015024916732384347,0.0015186937789136137,0.0013308420796624477,0.0014524265038314804,35494.23183365073
1791086940,0.0014524265038314804,0.0014659842559836863,0.0013584482219444944,0.0014030584071770063,11139.249608053333
1791087000,0.0014030584071770063,0.0014804410325279277,0.0013156059408838926,0.001456211950264964,20987.37215787959
1791087060,0.001456211950264964,0.0015615963255904669,0.0013660457263195863,0.0014753429171299078,32295.3012499996
1791087120,0.0014753429171299078,0.001589419672738782,0.0014192208424655128,0.001493790098102198,27215.09012327771
1791087180,0.001493790098102198,0.0015287002274250614,0.0014354445772363938,0.001459841760352992,13347.630906504548
1791087240,0.001459841760352992,0.0014840839479309772,0.0013605889753612417,0.0013986946618057521,12281.106237371932
1791087300,0.0013986946618057521,0.0014846094934670203,0.0013693811683720546,0.0014214054178031373,11310.426542898233
1791087360,0.0014214054178031373,0.0015425007834189643,0.00141421569660753,0.001419943553333342,13687.070621937437
1791087420,0.001419943553333342,0.0014871130638690164,0.0013052245680176793,0.0013052245680176793,10773.728976198427
1791087480,0.0013052245680176793,0.0019100849350561905,0.001288626543876685,0.0018357355858457025,70364.27506332216
1791087540,0.0018357355858457025,0.002031006647594443,0.001729920162894386,0.001956848513039554,87195.04990268635
1791087600,0.001956848513039554,0.0020175260953054475,0.0016974006011056956,0.0017592166363353179,44629.9679202381
1791087660,0.0017592166363353179,0.001897167375417948,0.0017394446321076988,0.0018057344406610177,24629.707555137185
1791087720,0.0018057344406610177,0.0019247254423985845,0.0017758584403489404,0.0018041049431787544,23539.405348253033
1791087780,0.0018041049431787544,0.0018127884584318173,0.0016521953890155647,0.0017046685374992666,9455.755087670115
1791087840,0.0017046685374992666,0.0018788478239193111,0.0017046685374992666,0.0018256498774905073,15955.41938497921
1791087900,0.0018256498774905073,0.0018402810952558334,0.00147903068480744,0.0015194527131287734,29408.89494413468
1791087960,0.0015194527131287734,0.0016092606947402006,0.0014809447594914965,0.0015550361398925332,18425.301462690295
1791088020,0.0015550361398925332,0.0016600915627875985,0.0014965316840505134,0.0015305201339798889,17510.688016939326
1791088080,0.0015305201339798889,0.0015832377820321278,0.0012746815644425805,0.0013239676342620237,33892.73356933372
1791088140,0.0013239676342620237,0.0014116155851959602,0.001160490549413858,0.0012868476572539228,49020.3694623855
1791088200,0.0012868476572539228,0.001313445916302564,0.0011973360679609266,0.0013065390240240545,16112.713212468901
1791088260,0.0013065390240240545,0.0013885649053796282,0.0012659168200206945,0.00134373963601213,30286.827969535505
1791088320,0.00134373963601213,0.0014212453699169974,0.0013248055907090558,0.0013806176810541634,15858.717491920046
1791088380,0.0013806176810541634,0.0014460134510611258,0.0013273435330509926,0.0013559700810448995,11667.845752330612
1791088440,0.0013559700810448995,0.001395537763736102,0.0012733988624201368,0.0012793541128391771,14217.313606520533
1791088500,0.0012793541128391771,0.0013236164896453927,0.0012436177080917786,0.0012764380947794523,5650.418029728464
1791088560,0.0012764380947794523,0.001319572678695562,0.0012338391222220261,0.0013163078131775995,5396.03438324482
1791088620,0.0013163078131775995,0.0013301885054539755,0.0012688353127007566,0.0013265216148486655,4595.469157484244
1791088680,0.0013265216148486655,0.0013265216148486655,0.0012056783568654991,0.0012366531810626767,11195.309380459817
1791088740,0.0012366531810626767,0.0012752611398650327,0.0011731957462177368,0.0011859425804144328,5823.967040910026
1791088800,0.0011859425804144328,0.0012463718359746326,0.0011737723542294858,0.0012166063718479295,8525.694922186649
1791088860,0.0012166063718479295,0.0013068727000719673,0.0012166063718479295,0.0012724376204046848,7524.787692685649
1791088920,0.0012724376204046848,0.0015590040441780975,0.0012724376204046848,0.0015229687014831485,32907.03817608489
1791088980,0.0015229687014831485,0.0015811180016684634,0.0014500698990239037,0.0015248300172352024,28607.647990517526
1791089040,0.0015248300172352024,0.0016122950446457146,0.0014709016428037084,0.0015433648661104613,19087.40897832188
1791089100,0.0015433648661104613,0.001664661083223531,0.0015248495340214564,0.0015599494384650418,13806.733754220943
1791089160,0.0015599494384650418,0.0016319777763293137,0.0015451511248439943,0.0015971879256170183,5049.753795841682
1791089220,0.0015971879256170183,0.0015971879256170183,0.0015277344498212213,0.0015277344498212213,2333.6510527995115
1791089280,0.0015277344498212213,0.0015466198193536372,0.001498737427054688,0.001498737427054688,2677.180453164775
1791089340,0.001498737427054688,0.0015459209292393308,0.0014856232091307788,0.001536111642974171,3462.782700853589
1791089400,0.001536111642974171,0.0015897721699747994,0.001523178576172799,0.0015731943797345405,3377.443312372526
1791089460,0.0015731943797345405,0.001583516500269351,0.0013844145961021525,0.0013863764539044482,7155.5536247864975
1791089520,0.0013863764539044482,0.001414351783389762,0.0013518844063533462,0.0013590808658774242,2990.621753559497
1791089580,0.0013590808658774242,0.0014079003165427813,0.0013586770057992048,0.0013736374219713095,2736.0867222623756
1791089640,0.0013736374219713095,0.0016858031700241374,0.0013736374219713095,0.001612124483274407,17170.018067845103
1791089700,0.001612124483274407,0.0017506903833212724,0.0015527761513117733,0.0016432127456530758,24486.887867832695
1791089760,0.0016432127456530758,0.001687443709931317,0.0016081753106977855,0.0016095679765331342,5332.348203904937
1791089820,0.0016095679765331342,0.001636295810392755,0.001580176149896933,0.001580176149896933,1833.7872263134263
1791089880,0.001580176149896933,0.0016466344399750405,0.0015343451685053543,0.001623489278224032,5172.5277116196885
1791089940,0.001623489278224032,0.0016748666460516329,0.0015891911628118456,0.001605249764841024,3335.6414616869642
1791090000,0.001605249764841024,0.001627645692737965,0.0015615389862776306,0.0015743238727723718,2253.367135024385
1791090060,0.0015743238727723718,0.0015796209219442001,0.0015070751477259203,0.0015214839074045644,2605.6916401838757
1791090120,0.0015214839074045644,0.001556279013572385,0.0014130985485211215,0.001501236649337717,8536.417717793796
1791090180,0.001501236649337717,0.0015571263245541126,0.0014647585534575047,0.001534207485820389,5614.566590167812
1791090240,0.001534207485820389,0.0015547709756896632,0.0015143618644246231,0.0015143618644246231,1266.2769781581171
1791090300,0.0015143618644246231,0.001531431028283133,0.0014313929503969019,0.0014533397231063696,3738.365231891144
1791090360,0.0014533397231063696,0.0014925110910699118,0.001421630314849722,0.0014382217312714045,3586.899134517924
1791090420,0.0014382217312714045,0.001459183243570676,0.0014012527446269235,0.0014012527446269235,2015.5827902661367
1791090480,0.0014012527446269235,0.0014175887262475914,0.0013549024990300424,0.0013549024990300424,2006.4037351546083
1791090540,0.0013549024990300424,0.001379396305883438,0.00133527611877328,0.0013387514544128188,3782.4958461033943
1791090600,0.0013387514544128188,0.001368560620104152,0.0013259964382243785,0.001368560620104152,2964.8532425649278
1791090660,0.001368560620104152,0.0013766475402768679,0.0012910262439792858,0.0012910262439792858,3166.4914889941806
1791090720,0.0012910262439792858,0.001316992052886414,0.0011826544804308685,0.0012231964794738115,10386.772657964188
1791090780,0.0012231964794738115,0.0012963803596184366,0.00122252684441326,0.0012562242742633059,3087.368317544099
1791090840,0.0012562242742633059,0.0013307125925712236,0.0012390370721713252,0.0013143589714871289,3145.230466687985
1791090900,0.0013143589714871289,0.0013466094841986334,0.0012998262554822378,0.0013271443021096807,2158.169490299048
1791090960,0.0013271443021096807,0.0013486702792199219,0.0012989594514448248,0.0013328911182152279,2313.813846950476
1791091020,0.0013328911182152279,0.0013783310519560647,0.0013199779384626708,0.0013328774892639264,2199.7752273786086
1791091080,0.0013328774892639264,0.0013328774892639264,0.0012550289236771149,0.0012695543218814325,2755.6814910419753
1791091140,0.0012695543218814325,0.0013356714303179552,0.0012239429425084853,0.001322203595065554,5317.098777876877
1791091200,0.001322203595065554,0.001322203595065554,0.001213511251047074,0.0012252595112670361,4069.280934713856
1791091260,0.0012252595112670361,0.0012330643787119766,0.0011893128052786139,0.0012055271240176046,4411.848322563534
1791091320,0.0012055271240176046,0.001232457992229365,0.0011896270085320982,0.0011969027778501176,3273.763349436777
1791091380,0.0011969027778501176,0.0012012208305694988,0.0011585334794897097,0.0011998626074498026,4750.440687675339
1791091440,0.0011998626074498026,0.0012279986087476954,0.0011849768994523333,0.0012144832312320167,2628.5502429726694
1791091500,0.0012144832312320167,0.0012547461799675191,0.0012083068924178988,0.0012229677911148897,2204.3650518343456
1791091560,0.0012229677911148897,0.0012229677911148897,0.0011568139045522617,0.0011671336692257977,2189.8564995903557
1791091620,0.0011671336692257977,0.001201747558051416,0.001149157306526555,0.0011606065980206423,2641.403585347894
1791091680,0.0011606065980206423,0.0011747235822932938,0.0011266869027287939,0.0011399142152383568,3916.3901730215916
1791091740,0.0011399142152383568,0.0011570991292926805,0.0011079629433765157,0.0011079629433765157,2690.201449543068
1791091800,0.0011079629433765157,0.001159184908133689,0.0010960849355923145,0.0011424156765930723,4874.553865028742
1791091860,0.0011424156765930723,0.0011577383434513188,0.0010877934922113159,0.0010951660681137296,4767.181670772919
1791091920,0.0010951660681137296,0.0011360529158242225,0.0010814425699932153,0.0010874826513423027,3866.9101119901798
1791091980,0.0010874826513423027,0.0011594567422081603,0.0010669985897292663,0.0011014288724739492,8037.167278687018
1791092040,0.0011014288724739492,0.0011715115395938352,0.0010946221909373974,0.001155731316322884,3925.4636512527086
1791092100,0.001155731316322884,0.0011631340521602827,0.0011283442299869174,0.001141291423070318,1580.2806914258388
1791092160,0.001141291423070318,0.0011496603312961126,0.0010973311188569878,0.0010973311188569878,1989.3060973839217
1791092220,0.0010973311188569878,0.0016380062745303696,0.001082622302349467,0.0015469021717029877,59197.06580598067
1791092280,0.0015469021717029877,0.001697069081997156,0.0014670917846906731,0.0016271400555976057,43579.93545102601
1791092340,0.0016271400555976057,0.001653545442544921,0.0013567383021800968,0.0014722622077584613,35798.95611089542
1791092400,0.0014722622077584613,0.0014852863039833356,0.0013671258164784992,0.0013863417490563607,9924.646680705235
1791092460,0.0013863417490563607,0.0014055115362207303,0.0012837229352728322,0.0013838272843467502,13588.99146672051
1791092520,0.0013838272843467502,0.0014550636799674946,0.0013756069907305084,0.0014550636799674946,7324.861363065144
1791092580,0.0014550636799674946,0.0014828715099266582,0.0013631401709195167,0.0013879686277299933,12067.54997058459
1791092640,0.0013879686277299933,0.0016094404297364666,0.001347235785690116,0.0015807925802609963,15878.039750349355
1791092700,0.0015807925802609963,0.0017110457062099692,0.0015128858633339953,0.001618646804242967,22191.413117837135
1791092760,0.001618646804242967,0.0016897929068834042,0.001536879298990392,0.0015865577614651133,13305.019180896295
1791092820,0.0015865577614651133,0.0016497847261018846,0.0014976290038659018,0.0015456343534371942,18825.2961181843
1791092880,0.0015456343534371942,0.0015734504137990325,0.0014882751999817545,0.0015052350064408758,4413.871138741548
1791092940,0.0015052350064408758,0.001507336761507293,0.001440566525281038,0.0014714097851905718,3632.8834915404477
1791093000,0.0014714097851905718,0.001508436483812122,0.001379183640251917,0.0014540589305706093,11646.176362591777
1791093060,0.0014540589305706093,0.0014709900669003396,0.001410015723300631,0.001427363709498607,3641.5615458487428
1791093120,0.001427363709498607,0.001522317082892137,0.0014181373254288296,0.0014616638487932598,4632.615597951537
1791093180,0.0014616638487932598,0.0015237615573057107,0.001412623675802574,0.0015220746195839672,3778.121757665954
1791093240,0.0015220746195839672,0.0015220746195839672,0.0014361959026213107,0.0014517128827163403,4936.894783261339
1791093300,0.0014517128827163403,0.0014529771534469256,0.001410919791949727,0.001428983339949923,2649.832164244222
1791093360,0.001428983339949923,0.0014326226229676529,0.0013896893797113534,0.0014124286481601834,1759.9471377506034
1791093420,0.0014124286481601834,0.0014272063968140912,0.0014078277040047182,0.0014078277040047182,158.04331915543264
1791093480,0.0014078277040047182,0.0014388219960125065,0.001406052389710829,0.0014124141037247214,956.2976707466652
1791093540,0.0014124141037247214,0.0014294546606260297,0.0013398487669403524,0.0013714027643716557,4778.503932259354
1791093600,0.0013714027643716557,0.0014544608363610647,0.0013616271709914138,0.0014544608363610647,2262.429753723361
1791093660,0.0014544608363610647,0.0014673701324199304,0.0014015822663110973,0.0014015822663110973,2221.1419450738567
1791093720,0.0014015822663110973,0.0014708781913838646,0.0013708240135433607,0.0014708781913838646,3709.02090793985
1791093780,0.0014708781913838646,0.001488646947608154,0.0013914007622699792,0.0014083835577552491,2730.4441569306905
1791093840,0.0014083835577552491,0.0014848782511295586,0.0013897185396046766,0.001479472646770122,2704.7217744096733
1791093900,0.001479472646770122,0.0015132875211053352,0.0014774444927469364,0.0014859802213143354,1051.3545715832545
1791093960,0.0014859802213143354,0.0015733220315163464,0.0014762008786275709,0.0015542045097966702,4283.644710800485
1791094020,0.0015542045097966702,0.001560900511673327,0.0015200908083179494,0.0015200908083179494,2059.613357149164
1791094080,0.0015200908083179494,0.0015248730721122833,0.0014761126352643818,0.0014761126352643818,1671.9118921510615
1791094140,0.0014761126352643818,0.001595766467915891,0.0014761126352643818,0.0015800532192492111,4035.0836669680325
1791094200,0.0015800532192492111,0.0016245100828409119,0.0013276568247138462,0.001405574155666719,15771.897525207522
1791094260,0.001405574155666719,0.0014369932232320792,0.001400579364826262,0.0014148654257024544,2105.146281745233
1791094320,0.0014148654257024544,0.0014984615144739,0.0014148654257024544,0.0014840297980217739,3519.360753291334
1791094380,0.0014840297980217739,0.0015037976413697575,0.0013941130702253936,0.0013942831639763972,5237.974748197718
1791094440,0.0013942831639763972,0.0014475235238423634,0.0013886528679318947,0.0013886528679318947,2625.9679134827297
1791094500,0.0013886528679318947,0.001436133477113824,0.0013886528679318947,0.0014206468020404185,1002.7094302981534
1791094560,0.0014206468020404185,0.0014419086642356962,0.0013741882887353596,0.0013983964679082402,2360.24191521883
1791094620,0.0013983964679082402,0.0013989888150438522,0.0013507241867255998,0.0013687018597565628,1403.8848554714941
1791094680,0.0013687018597565628,0.0013687018597565628,0.0012956054127607384,0.0013630130773950224,3588.2416854519574
1791094740,0.0013630130773950224,0.001385437498604416,0.0013003010100849735,0.0013003010100849735,3797.1908442252457
1791094800,0.0013003010100849735,0.0013842988046925324,0.0012928220235227167,0.0012928220235227167,5623.356550547736
1791094860,0.0012928220235227167,0.0013217702183748238,0.0012928220235227167,0.0013175588813805223,1367.6457883815021
1791094920,0.0013175588813805223,0.001319206729077138,0.0012364738972439357,0.001260512099740468,3734.297861672137
1791094980,0.001260512099740468,0.0012674276050255483,0.0012178468681502516,0.0012670179784463015,3364.568198522981
1791095040,0.0012670179784463015,0.0012802480078138428,0.0012020230934593678,0.0012206971817427619,2934.869633537479
1791095100,0.0012206971817427619,0.00123840001645009,0.001218574621271932,0.00123840001645009,718.5954269076467
1791095160,0.00123840001645009,0.001266800953387776,0.0011973956500721855,0.0012034945118225512,2816.776924493523
1791095220,0.0012034945118225512,0.0012986248202381792,0.0012020521265713503,0.0012827044795113316,3246.7318908899774
1791095280,0.0012827044795113316,0.0013021469186408517,0.0012582344016538844,0.0013021469186408517,1869.8810560692875
1791095340,0.0013021469186408517,0.0013252116913440046,0.001268195444391483,0.0012700282669945032,2297.235848981618
1791095400,0.0012700282669945032,0.0013463855759285658,0.0012700282669945032,0.0013460707374934777,1874.6235320356502
1791095460,0.0013460707374934777,0.0013570472872941868,0.0013337890836492793,0.0013570472872941868,875.368157471915
1791095520,0.0013570472872941868,0.0013588139013431917,0.001330841363112471,0.0013588139013431917,672.3370123878393
1791095580,0.0013588139013431917,0.0013714324295155402,0.0013375815453408344,0.001360934608196205,1828.0530487181795
1791095640,0.001360934608196205,0.00136192860366708,0.0013332620187183385,0.00133524867641612,621.7711826361297
1791095700,0.00133524867641612,0.0013836233506784974,0.0013316854129345737,0.001360499774570716,3222.6408069842105
1791095760,0.001360499774570716,0.0013618651279709265,0.0013414537281264474,0.0013618651279709265,195.0450169137604
1791095820,0.0013618651279709265,0.0013786552668812637,0.0013211543413656232,0.0013424722412643596,2387.9360057474332
1791095880,0.0013424722412643596,0.0013424722412643596,0.0012529205679550246,0.00126755388748663,3374.614030829435
1791095940,0.00126755388748663,0.0013049075047614743,0.0012671887773069493,0.0012882676713603656,1047.147337703226
1791096000,0.0012882676713603656,0.0012934475964644756,0.001258047782153092,0.0012587654360154735,950.2212803609043
1791096060,0.0012587654360154735,0.0012937203806045938,0.0012559686716194457,0.001287482623161575,1238.2602026463205
1791096120,0.001287482623161575,0.001287482623161575,0.0012565002801844646,0.0012737922846438334,497.74995441942065
1791096180,0.0012737922846438334,0.0012737922846438334,0.0012221610517155442,0.0012367803002161682,1543.6195120182322
1791096240,0.0012367803002161682,0.0012720363100208955,0.001236066178388647,0.0012720363100208955,1302.3260630263862
1791096300,0.0012720363100208955,0.0012822482262822303,0.0012312708941685433,0.001245257596543153,1166.9125058550385
1791096360,0.001245257596543153,0.0012782626957503055,0.0012299672298476745,0.001263703308255693,1364.0232597560791
1791096420,0.001263703308255693,0.0013106215399869533,0.0012620363315084377,0.0013000435702615132,1429.2942455498319
1791096480,0.0013000435702615132,0.0013523695412807396,0.0012987876656023998,0.0013423124126644298,1499.3117148002566
1791096540,0.0013423124126644298,0.0014009971262538394,0.0013419253790278077,0.0013953560369261704,1382.9878691820838
1791096600,0.0013953560369261704,0.0013953560369261704,0.0013340258781573955,0.001349224469716136,1323.874363494298
1791096660,0.001349224469716136,0.0014538751229024234,0.0013393412799202978,0.0014285720335891843,4415.04804120462
1791096720,0.0014285720335891843,0.0014285720335891843,0.001351715724463897,0.001351715724463897,1660.1853270207214
1791096780,0.001351715724463897,0.0013871424012405322,0.0013286771618305554,0.0013752402054185956,2969.9963872448334
1791096840,0.0013752402054185956,0.0014056072045073205,0.0013564462873225072,0.0013707592398264016,2193.317679254237
1791096900,0.0013707592398264016,0.0013896070189245808,0.0013514572216736585,0.0013896070189245808,1486.7877383210405
1791096960,0.0013896070189245808,0.0013896070189245808,0.0013243944910747794,0.0013389135089984343,1514.1711590067168
1791097020,0.0013389135089984343,0.0013393048229343328,0.0013006756174989212,0.0013029500565187424,648.1008004912566
1791097080,0.0013029500565187424,0.0013170106848395004,0.0012898785699430489,0.0013044994272174554,720.2481429282157
1791097140,0.0013044994272174554,0.0013202940711031003,0.001296298178589493,0.0013182761076953058,799.1969712065394
1791097200,0.0013182761076953058,0.0013299712199440748,0.0012822796772829865,0.0012822796772829865,1516.1935327957085
1791097260,0.0012822796772829865,0.001382410271337065,0.0012703132775793065,0.0013707409591774793,3603.6998681495375
1791097320,0.0013707409591774793,0.0014317140917004657,0.0013539086896384288,0.0014317140917004657,3076.1817144295246
1791097380,0.0014317140917004657,0.0014317140917004657,0.001308717950034822,0.0013275817600375875,4780.524637190712
1791097440,0.0013275817600375875,0.001376177979172363,0.0013199753574484518,0.001372532147480692,1766.7397678266077
1791097500,0.001372532147480692,0.001418292079717059,0.0013704658595229124,0.001418292079717059,2283.3333660663716
1791097560,0.001418292079717059,0.0014312442500893615,0.0014048697915235101,0.0014312442500893615,969.3899972873847
1791097620,0.0014312442500893615,0.0014318074596735993,0.0013777060231445887,0.0014010042315132699,1399.8605760068215
1791097680,0.0014010042315132699,0.001456372895164651,0.0013389958666863806,0.0013541174570312472,4624.468050306221
1791097740,0.0013541174570312472,0.001397011696394467,0.0013294352469150536,0.0013945191069740953,1570.9018902478986
1791097800,0.0013945191069740953,0.0014877621775645055,0.001381908649882894,0.0014685984992155831,5561.922161454125
1791097860,0.0014685984992155831,0.0015249259390973805,0.0014228628894755488,0.0015091320731413895,9698.075803724416
1791097920,0.0015091320731413895,0.001529656853278769,0.0014971530813642708,0.0015216039756851029,2347.353400699033
1791097980,0.0015216039756851029,0.0015321020439365272,0.001455584236967271,0.0014688840322510835,2790.339046685289
1791098040,0.0014688840322510835,0.0014988610979816378,0.0014526079256600973,0.0014814679379964123,1293.9633374266004
1791098100,0.0014814679379964123,0.001498548199710725,0.0014479705468901166,0.0014479705468901166,1267.491352841925
1791098160,0.0014479705468901166,0.0015281792655801923,0.0014423396096664499,0.0015231820373476832,2712.411464571654
1791098220,0.0015231820373476832,0.0015648718852774026,0.001509945424865641,0.0015509807412588128,2295.0446132489983
1791098280,0.0015509807412588128,0.0015703202330709877,0.0014829387813378061,0.0015256351814902371,2756.872083698324
1791098340,0.0015256351814902371,0.0015266724024053237,0.0014858299827547826,0.0014858299827547826,1556.4217619436786
1791098400,0.0014858299827547826,0.0015050359993131006,0.0014669307819622733,0.0015027048003611917,1651.624964285307
1791098460,0.0015027048003611917,0.0015171442783077165,0.0014402859576356823,0.0014402859576356823,2028.173901814236
1791098520,0.0014402859576356823,0.0014901780299798595,0.0014347329402184554,0.0014580848171554396,1949.6719804414463
1791098580,0.0014580848171554396,0.001466819448194936,0.0014061927916680537,0.0014446030199568249,1809.7187287381064
1791098640,0.0014446030199568249,0.0014946327556495168,0.001431906073022243,0.001431906073022243,3146.2327049311984
1791098700,0.001431906073022243,0.001431906073022243,0.0013383860808698193,0.0013383860808698193,3866.45401727515
1791098760,0.0013383860808698193,0.0013715161201045725,0.0013286702472312297,0.001354336318740922,1719.7602685666927
1791098820,0.001354336318740922,0.0013981523164292569,0.0013478124968072103,0.0013793639302138992,1360.9984136000996
1791098880,0.0013793639302138992,0.0013950746627121868,0.0013641555380181204,0.0013807888644754322,1445.2738874870863
1791098940,0.0013807888644754322,0.0013858492066440803,0.0013587544498303507,0.0013587544498303507,941.7931360697256
1791099000,0.0013587544498303507,0.001367092573107809,0.0013421329199810763,0.0013594791765264092,463.5177190283573
1791099060,0.0013594791765264092,0.0013594791765264092,0.0012571363204052339,0.0012819314323654967,4700.455505182396
1791099120,0.0012819314323654967,0.0013715641345276397,0.0012573313569882352,0.0013493069721759634,5103.515177124735
1791099180,0.0013493069721759634,0.001365673030329304,0.0013289959561342721,0.0013289959561342721,557.3671825897703
1791099240,0.0013289959561342721,0.0014305044328816812,0.0013200659353388943,0.0014066884145317354,3964.3639921786694
1791099300,0.0014066884145317354,0.0014834778027904998,0.0014066884145317354,0.0014834778027904998,1958.8115180682403
1791099360,0.0014834778027904998,0.0014948376479426006,0.0014392018050104194,0.0014392018050104194,1486.15148520769
1791099420,0.0014392018050104194,0.0014392018050104194,0.0013417760491878676,0.001345014853532434,2515.8602959318223
1791099480,0.001345014853532434,0.0013801149488645045,0.0013389952720860446,0.0013665106570786947,939.5562763097786
1791099540,0.0013665106570786947,0.0013830118034973912,0.001340085193720719,0.0013540239756656993,1437.8157839696971
1791099600,0.0013540239756656993,0.0013661862491689482,0.001283744653893238,0.0013025047762732496,2432.7918010331327
1791099660,0.0013025047762732496,0.0013237618540112728,0.0012861799788893948,0.0012972442427849839,1354.7112424064526
1791099720,0.0012972442427849839,0.0013116455499532845,0.001222599271100778,0.0012448745750462766,2756.1571852523175
1791099780,0.0012448745750462766,0.0012448745750462766,0.0012070857178843669,0.0012258557095565141,1774.392094042374
1791099840,0.0012258557095565141,0.0012933081968934078,0.0012147107516828006,0.0012799988263180334,1956.840414160521
1791099900,0.0012799988263180334,0.0012799988263180334,0.0012134508785296785,0.0012134508785296785,1921.9014116387962
1791099960,0.0012134508785296785,0.0012349822292463876,0.0012078772426302412,0.0012078772426302412,1774.5032316746472
1791100020,0.0012078772426302412,0.0013087358664885219,0.001203103452065994,0.0012852172082618598,3725.9622692139965
1791100080,0.0012852172082618598,0.0012975069593615198,0.0012744198214336615,0.001290834415680643,583.233041505452
1791100140,0.001290834415680643,0.0012918331146299102,0.0012496054303244377,0.0012496054303244377,899.9994480913476
1791100200,0.0012496054303244377,0.0012626027626440265,0.0012423783316081495,0.0012609826204905386,361.76240222070265
1791100260,0.0012609826204905386,0.0012706336868485925,0.001216413850665846,0.001227346990030211,2016.9865893297463
1791100320,0.001227346990030211,0.0012940925215279356,0.001227346990030211,0.0012940925215279356,2532.241925711032
1791100380,0.0012940925215279356,0.0012940925215279356,0.001243248940233312,0.001243248940233312,1063.4348456266212
1791100440,0.001243248940233312,0.0012823751448364853,0.001243248940233312,0.0012692116029100126,1385.8592586773389
1791100500,0.0012692116029100126,0.001289837460479368,0.0012640797187595542,0.0012801815407196102,542.1593783679147
1791100560,0.0012801815407196102,0.0012958657732300247,0.001241173967284119,0.001241173967284119,1285.3893175819596
1791100620,0.001241173967284119,0.0012452831782721742,0.0012167861411232976,0.0012206015759415876,701.7206646242555
1791100680,0.0012206015759415876,0.001240914153948055,0.0012110213574083987,0.001227194203153521,1314.1073298100957
1791100740,0.001227194203153521,0.0012491759892485277,0.001219642416253181,0.0012465687167951215,461.39301402434955
1791100800,0.0012465687167951215,0.0012649713437139993,0.0012314171617140695,0.0012342846103741642,1463.4919024044368
1791100860,0.0012342846103741642,0.0012500323399917562,0.0012324626275337677,0.0012363064258792773,137.4223514460481
1791100920,0.0012363064258792773,0.001271244284325471,0.0012363064258792773,0.001271244284325471,613.0328806118536
1791100980,0.001271244284325471,0.001271896096151455,0.0012367766381774026,0.0012484319296608354,645.6395959247991
1791101040,0.0012484319296608354,0.0012484319296608354,0.0012194908865119669,0.0012405525513479983,573.3582639796721
1791101100,0.0012405525513479983,0.0012429751409636092,0.0011623752900244953,0.001187635260961278,3290.303479734088
1791101160,0.001187635260961278,0.001187635260961278,0.0011220032497853967,0.0011430897349636283,3887.873423810056
1791101220,0.0011430897349636283,0.0011552518602956747,0.001118209790574764,0.001127548828630996,1204.8505599939062
1791101280,0.001127548828630996,0.0011302281359398512,0.0010819454244669485,0.0011009523290768384,3927.851119625097
1791101340,0.0011009523290768384,0.0011065086145373246,0.0010696327198506613,0.0010955236914676392,2018.4925287425795
1791101400,0.0010955236914676392,0.0011154344588203036,0.0010897582544612996,0.0011154344588203036,1001.7309225613869
1791101460,0.0011154344588203036,0.0011162040079411885,0.001092148789282303,0.0010991548168542557,1156.0654670999227
1791101520,0.0010991548168542557,0.0011349592896145323,0.0010857180419374093,0.0011151192713689786,1545.4253914606718
1791101580,0.0011151192713689786,0.0011296542600501178,0.0010896770810510483,0.0010896770810510483,1523.3445366350013
1791101640,0.0010896770810510483,0.0011335159950321908,0.0010896770810510483,0.0011332144232743078,1705.7981170980092
1791101700,0.0011332144232743078,0.0011690665320563433,0.0011152013122560575,0.001161983543157766,1997.6977587018782
1791101760,0.001161983543157766,0.0012039094112798476,0.0011570679449789734,0.0012039094112798476,2193.165016139148
1791101820,0.0012039094112798476,0.0012237098435543359,0.0011919916355609753,0.0012055308951646278,641.1870191718155
1791101880,0.0012055308951646278,0.0012232037832668624,0.001203551355137336,0.0012215042317528396,316.0847587858813
1791101940,0.0012215042317528396,0.0013090245142231708,0.0012095755939219536,0.0012795712181923123,7292.34431782327
1791102000,0.0012795712181923123,0.0013183350422912633,0.0012595334495116343,0.0013033574670604934,2388.648913837669
1791102060,0.0013033574670604934,0.0014004194201678905,0.0012991342164168033,0.0013754314078368406,3965.0694467757335
1791102120,0.0013754314078368406,0.0014443306401198401,0.00136086425918328,0.0014136224360295345,4768.129163354202
1791102180,0.0014136224360295345,0.0014723456976716701,0.0014028551829418203,0.0014304026344802044,4917.65208479865
1791102240,0.0014304026344802044,0.001525504726895917,0.0014304026344802044,0.001525504726895917,3357.00846515084
1791102300,0.001525504726895917,0.001525504726895917,0.0014003027029132551,0.0014731785002329964,5912.838021178518
1791102360,0.0014731785002329964,0.0014935203444840213,0.0014415851226963758,0.0014415851226963758,1974.3499567506226
1791102420,0.0014415851226963758,0.001457727127511664,0.0014020586412078777,0.0014340615847976757,2659.6440287947808
1791102480,0.0014340615847976757,0.0014440028074150602,0.0014117846071544213,0.0014283743900292609,1247.3741060314662
1791102540,0.0014283743900292609,0.0015574261496551002,0.0014121733751265334,0.0015483956386033262,5795.181534169655
1791102600,0.0015483956386033262,0.0015546981824140801,0.0014477371447139998,0.001467288390539145,2797.0269314096854
1791102660,0.001467288390539145,0.001467288390539145,0.0013999478688938318,0.0014012572288283264,2553.670140930088
1791102720,0.0014012572288283264,0.001417421041123261,0.0013487005644960436,0.0013644480534507042,2685.8725951256706
1791102780,0.0013644480534507042,0.0013814491463174131,0.0013223710811156146,0.0013798712723879216,2488.952230206655
1791102840,0.0013798712723879216,0.0013818420784388302,0.001356856882742039,0.0013764102820006817,310.4889167627802
1791102900,0.0013764102820006817,0.0013765120922884838,0.0013189195702832883,0.0013384885057750309,1327.613459427766
1791102960,0.0013384885057750309,0.0013498257846951643,0.001300422600453883,0.001300422600453883,1188.177761698276
1791103020,0.001300422600453883,0.0013326945483588138,0.001300422600453883,0.0013326945483588138,758.4098726686705
1791103080,0.0013326945483588138,0.0013542590276088918,0.001296668884414944,0.0013103914819308088,1851.2639216307673
1791103140,0.0013103914819308088,0.001366865094006192,0.0013103914819308088,0.0013515745145436674,1686.343921785826
1791103200,0.0013515745145436674,0.0013515745145436674,0.0012886918183610172,0.0012886918183610172,1543.184441175015
1791103260,0.0012886918183610172,0.0013039767220175173,0.001254083547787246,0.0012579644288802834,1422.1795948658503
1791103320,0.0012579644288802834,0.001277306835391303,0.0012453386169085682,0.00125991093987775,874.456142332086
1791103380,0.00125991093987775,0.0012787032780082479,0.0011606094311873607,0.001198097737687833,5847.244517093048
1791103440,0.001198097737687833,0.001215837950640436,0.0011792309707900845,0.0012104958894405351,1041.925625335321
1791103500,0.0012104958894405351,0.00123142885265207,0.0012010953325353115,0.00123142885265207,1792.5894271514844
1791103560,0.00123142885265207,0.001233658619803727,0.0012171195426294193,0.0012328614294812778,111.78300384434426
1791103620,0.0012328614294812778,0.00123320210676579,0.0011796865478644928,0.0011876685355623443,2509.297143031783
1791103680,0.0011876685355623443,0.0012003673957294578,0.0011667563021537496,0.0011928476608585223,1308.2217428227364
1791103740,0.0011928476608585223,0.0012115007356163845,0.0011807427527078256,0.0011820005340503331,1779.92025128316
1791103800,0.0011820005340503331,0.001205462678595901,0.0011547734219184765,0.001205462678595901,1509.7717463453923
1791103860,0.001205462678595901,0.001205462678595901,0.0011327189120472997,0.0011800655946821949,3974.8062434587664
1791103920,0.0011800655946821949,0.0011953902755641923,0.001171564706213395,0.0011861711943389045,799.4815666198141
1791103980,0.0011861711943389045,0.001191911980682043,0.0011733559571069883,0.0011733559571069883,364.74273254507216
1791104040,0.0011733559571069883,0.0011878028650231026,0.001161671595882784,0.001161671595882784,691.1678387344451
1791104100,0.001161671595882784,0.001177804979477131,0.0011538994680921012,0.001164979568328765,335.7797443573826
1791104160,0.001164979568328765,0.0011997150389644197,0.001164979568328765,0.0011994618599514523,1020.8453883303964
1791104220,0.0011994618599514523,0.0012239579194965094,0.0011852791631591694,0.0012228940151785,1071.0325827528886
1791104280,0.0012228940151785,0.0012396908204947725,0.0012078841611908174,0.0012362052483895838,585.4073722888261
1791104340,0.0012362052483895838,0.0012362052483895838,0.0012132240133915625,0.0012132240133915625,525.0436051672041
1791104400,0.0012132240133915625,0.0012132240133915625,0.001194176182224616,0.0011949346038191541,1321.0604294450434
1791104460,0.0011949346038191541,0.0012121035626903823,0.001192644540159261,0.0012121035626903823,218.85489392739018
1791104520,0.0012121035626903823,0.0012129176575021118,0.0011589544513366213,0.0011898834149384643,1566.4173979284164
1791104580,0.0011898834149384643,0.0011898834149384643,0.0011543307717372048,0.001166468079846774,828.9026785771593
1791104640,0.001166468079846774,0.001166468079846774,0.0011441008922934905,0.0011618851932650787,654.798518616005
1791104700,0.0011618851932650787,0.0011726053817768631,0.00112848586822903,0.0011288599540758032,1936.3005627810837
1791104760,0.0011288599540758032,0.0011491241830632662,0.0011207398584782543,0.0011232627261933918,986.5142519111114
1791104820,0.0011232627261933918,0.0011419489383021069,0.0011170258900135384,0.0011419489383021069,530.4333666509332
1791104880,0.0011419489383021069,0.0011419489383021069,0.0010364292404394535,0.001048030998966852,7588.540388003753
1791104940,0.001048030998966852,0.0010567981445526186,0.0010384188988797221,0.0010438350337580056,541.1480907342824
1791105000,0.0010438350337580056,0.0010575227562736572,0.001019167219936297,0.0010447563586650393,1670.7153980242385
1791105060,0.0010447563586650393,0.0010468044499800297,0.001017309234663881,0.0010325637806305164,1517.8808165811774
1791105120,0.0010325637806305164,0.0010606180608261427,0.0010209705316983823,0.0010606180608261427,1219.3759903475998
1791105180,0.0010606180608261427,0.0010606180608261427,0.0010373922351663374,0.0010546491010307018,518.5297198914525
1791105240,0.0010546491010307018,0.0010728926930748802,0.0010426165311135935,0.0010653571131864874,1446.397274902794
1791105300,0.0010653571131864874,0.0011041802217012305,0.0010653571131864874,0.0010897392027231696,853.4968960046984
1791105360,0.0010897392027231696,0.00111526289956297,0.0010850800639879527,0.0010850800639879527,1276.839436850817
1791105420,0.0010850800639879527,0.0011006407245494735,0.0010203634395920883,0.0010203634395920883,2212.1199654516727
1791105480,0.0010203634395920883,0.0010495877386321021,0.0009869306128026361,0.001048923539724692,2745.161933815635
1791105540,0.001048923539724692,0.0010495347344726036,0.0010173762366777741,0.001026143239259139,1324.8147153600337
1791105600,0.001026143239259139,0.0010587858416427035,0.0010125738528093495,0.0010466825421129454,2084.6068498587074
1791105660,0.0010466825421129454,0.001085377669630736,0.0010466825421129454,0.0010651963228775175,1011.0198829066907
1791105720,0.0010651963228775175,0.0010651963228775175,0.0010002993749127682,0.0010002993749127682,2275.7175983545562
1791105780,0.0010002993749127682,0.0010203299502213026,0.000999269577084787,0.000999269577084787,1094.803136080496
1791105840,0.000999269577084787,0.0010459748821174965,0.000999269577084787,0.0010235657439325247,3034.0166013094454
1791105900,0.0010235657439325247,0.00105009985134613,0.0010234853932541731,0.0010365971579859817,589.3177158065245
1791105960,0.0010365971579859817,0.0010498089619476153,0.0010326838849922836,0.0010355686364882132,300.27595742994765
1791106020,0.0010355686364882132,0.0010457490185351887,0.0010304797667787594,0.0010428669484284017,202.92247218688655
1791106080,0.0010428669484284017,0.0010592585548939314,0.0010311377095112847,0.001044205771874165,630.8297800322247
1791106140,0.001044205771874165,0.0010564256796312115,0.0010416400292839645,0.0010420826384527448,326.7759179743571
1791106200,0.0010420826384527448,0.0010586656227065967,0.0010374355531892684,0.0010577646349520314,1179.9810514782805
1791106260,0.0010577646349520314,0.0010577646349520314,0.0009997521615818191,0.0010081704827487265,2189.927441063012
1791106320,0.0010081704827487265,0.0010261562183717942,0.0010020235479094987,0.0010246009751409366,1115.86574368263
1791106380,0.0010246009751409366,0.0010343534783196211,0.0010152980844113776,0.001019842343295166,596.4158241215074
1791106440,0.001019842343295166,0.001019842343295166,0.0010005457322491715,0.0010005457322491715,473.936427944619
1791106500,0.0010005457322491715,0.0010153767576193736,0.0009698992952741475,0.000980081561078167,1513.6771376855384
1791106560,0.000980081561078167,0.0009870048917576724,0.0009715326120017828,0.0009870048917576724,167.72690159000595
1791106620,0.0009870048917576724,0.0009911932917811095,0.0009608728606228255,0.0009608728606228255,1252.8463800987442
1791106680,0.0009608728606228255,0.0009905561216189743,0.0009350973686657759,0.0009774090631656598,4020.485355110735
1791106740,0.0009774090631656598,0.0009775807668277027,0.0009525828200312694,0.0009534020499884335,770.2379752210326
1791106800,0.0009534020499884335,0.0009705580631713675,0.0009347914256585259,0.0009705580631713675,1786.804944895194
1791106860,0.0009705580631713675,0.0009746769237916365,0.0009536739084567941,0.0009629608396204066,685.0587910173509
1791106920,0.0009629608396204066,0.0009629608396204066,0.0009204467020439637,0.0009311198522326404,1271.6527750790783
1791106980,0.0009311198522326404,0.0009545573679275202,0.0009202648971916816,0.0009545573679275202,1328.8013983882754
1791107040,0.0009545573679275202,0.0009764945738290536,0.0009545573679275202,0.0009764945738290536,466.5868684266387
1791107100,0.0009764945738290536,0.000979000049244984,0.0009493677686579214,0.0009636920937204656,1506.2368500420125
1791107160,0.0009636920937204656,0.0009710648913247954,0.000951641417172557,0.0009611855854909575,604.7280571969022
1791107220,0.0009611855854909575,0.0009863948093476133,0.0009448139242437037,0.0009863948093476133,1666.1810072326957
1791107280,0.0009863948093476133,0.0010046045001454891,0.0009753159481978222,0.0009874725131180937,1265.9467618874212
1791107340,0.0009874725131180937,0.0010066016184753725,0.0009828887414302394,0.0010066016184753725,410.99070107944436
1791107400,0.0010066016184753725,0.0010277878130858101,0.0010015988283642997,0.0010271502540612517,410.9229592576709
1791107460,0.0010271502540612517,0.0010335527431353901,0.0010161139878919938,0.0010213264783314505,211.35137254734872
1791107520,0.0010213264783314505,0.0010394400671110172,0.0010213264783314505,0.0010394400671110172,444.33718212709033
1791107580,0.0010394400671110172,0.0010394400671110172,0.0010216273600745628,0.0010216273600745628,278.04421274819117
1791107640,0.0010216273600745628,0.0010552970824441949,0.001021233829316349,0.0010430085811817052,738.908785878054
1791107700,0.0010430085811817052,0.0010430085811817052,0.001004596635297841,0.0010240176143995648,1779.0883432395776
1791107760,0.0010240176143995648,0.0010360131410643264,0.0010182499052743192,0.0010298417789084125,271.8701940975633
1791107820,0.0010298417789084125,0.0010303533160021887,0.0010134270508766175,0.0010256604639517278,275.01662296336684
1791107880,0.0010256604639517278,0.0010349135818463382,0.0010116943065427604,0.0010325516309397426,782.190160686232
1791107940,0.0010325516309397426,0.0010588216886522831,0.0010295899039686157,0.0010489399268879427,808.4381353178427
1791108000,0.0010489399268879427,0.0010489399268879427,0.001036956646515185,0.001036956646515185,328.27612945824984
1791108060,0.001036956646515185,0.0010479822728331476,0.000990675312887797,0.0010020296883183311,1359.3531397593852
1791108120,0.0010020296883183311,0.0010021805973538921,0.000972896282442049,0.000972896282442049,593.1152190899846
1791108180,0.000972896282442049,0.0009826817986191222,0.0009687803131434606,0.0009687803131434606,112.03015117804244
1791108240,0.0009687803131434606,0.0009839786919145388,0.0009402319947496423,0.0009486301453214293,1559.1528715527081
1791108300,0.0009486301453214293,0.0009869786731966069,0.0009486301453214293,0.000956076760463496,2482.0114655314596
1791108360,0.000956076760463496,0.000973367247656647,0.0009417764198602033,0.0009525143694100505,2538.63296208399
1791108420,0.0009525143694100505,0.0009665693738212203,0.0009431460614904515,0.0009665693738212203,858.5084917088251
1791108480,0.0009665693738212203,0.000983313366416208,0.0009481828968313594,0.0009712260653614684,1398.4450656669158
1791108540,0.0009712260653614684,0.0009901213719749559,0.0009712260653614684,0.0009788051197762975,297.7562800563684
1791108600,0.0009788051197762975,0.0009956162022548966,0.0009788051197762975,0.0009956162022548966,288.72048304088275
1791108660,0.0009956162022548966,0.000998138440188469,0.0009836644648228351,0.000998138440188469,189.2576583607928
1791108720,0.000998138440188469,0.0010069767850480534,0.0009747940000709071,0.0009907901790184553,1487.955202549243
1791108780,0.0009907901790184553,0.0009907901790184553,0.0009604397076082581,0.0009707936342098076,634.7754088194812
1791108840,0.0009707936342098076,0.0009732970281736229,0.0009513450761845857,0.0009596998024197636,627.9423870886984
1791108900,0.0009596998024197636,0.0009617996520407962,0.0009594568769889294,0.0009617996520407962,54.24089427945259
1791108960,0.0009617996520407962,0.000963496650638076,0.0009520209322877505,0.0009626681147473529,203.54121119225718
1791109020,0.0009626681147473529,0.00097413024923344,0.0009476404638366106,0.0009476404638366106,982.8681175108405
1791109080,0.0009476404638366106,0.0009721971819859682,0.0009428965194450085,0.0009549846619087157,1342.4528258288267
1791109140,0.0009549846619087157,0.0009585138384774928,0.0009421472903644267,0.000952333058838875,498.72335980020085
1791109200,0.000952333058838875,0.0009562881435300609,0.0009411660935432365,0.0009425936119662792,407.66329487570096
1791109260,0.0009425936119662792,0.0009546859577246428,0.0009393940763701812,0.0009546859577246428,310.36636444411783
1791109320,0.0009546859577246428,0.0009730554469755837,0.0009546859577246428,0.000960279386753385,540.8905846799711
1791109380,0.000960279386753385,0.0009872594237160068,0.000960279386753385,0.0009872594237160068,778.9461780450545
1791109440,0.0009872594237160068,0.0009872594237160068,0.0009673373461516868,0.0009733705658665885,779.147768012028
1791109500,0.0009733705658665885,0.0009773420511241353,0.0009634319926236204,0.0009769522750212622,287.2017388518042
1791109560,0.0009769522750212622,0.0009769522750212622,0.0009440182445308304,0.0009548223563533058,748.7706859516162
1791109620,0.0009548223563533058,0.0009755277827205829,0.0009434595205576125,0.0009447022170496162,1660.8193907742675
1791109680,0.0009447022170496162,0.0009591548064993764,0.0009413948094855795,0.0009549771811927609,610.6467402015197
1791109740,0.0009549771811927609,0.0009571138705193566,0.0009445354933478119,0.0009571138705193566,95.23684375922691
1791109800,0.0009571138705193566,0.0009571138705193566,0.0009281961941088812,0.0009281961941088812,760.3620211942847
1791109860,0.0009281961941088812,0.0009660474098076689,0.0009256218631225073,0.0009660474098076689,1000.4297299459789
1791109920,0.0009660474098076689,0.0009660474098076689,0.0009390337392720779,0.0009390337392720779,830.37399361712
1791109980,0.0009390337392720779,0.0009457754430717319,0.0009292454020628453,0.0009297238559100498,538.4232982255626
1791110040,0.0009297238559100498,0.000940180749078756,0.0009236225241840851,0.0009346203058778039,337.61977624603816
1791110100,0.0009346203058778039,0.0009508678535299335,0.0009345454814732682,0.000939487104643737,811.7428920036723
1791110160,0.000939487104643737,0.000939487104643737,0.0008993238445765617,0.0009219872577389559,2124.2373037584225
1791110220,0.0009219872577389559,0.0009235750858910539,0.0008786064823084405,0.0008869600757779726,2348.5369627522473
1791110280,0.0008869600757779726,0.0008966292557145907,0.0008462084868424149,0.0008964259029932924,2148.269891461015
1791110340,0.0008964259029932924,0.0008968416704177251,0.0008845569904663715,0.0008960213307314624,222.72799232426988
1791110400,0.0008960213307314624,0.0008962716788537477,0.0008517549870746608,0.0008517549870746608,2432.6310422713523
1791110460,0.0008517549870746608,0.0008678731278225919,0.0008517549870746608,0.000858957305472142,1185.7192942184681
1791110520,0.000858957305472142,0.0008903143091685802,0.0008308204168534763,0.0008481515239904867,4197.644602929693
1791110580,0.0008481515239904867,0.000857895815310793,0.0008382934450141005,0.000841272504556942,751.6805229833165
1791110640,0.000841272504556942,0.0008819502339228989,0.0008409061761359225,0.0008819502339228989,1065.6299644767375
1791110700,0.0008819502339228989,0.0009069361521719376,0.0008705877695782599,0.0009069361521719376,822.4445102767586
1791110760,0.0009069361521719376,0.0009069361521719376,0.0008934494802606271,0.0008934494802606271,279.6238204948273
1791110820,0.0008934494802606271,0.0009040638995177619,0.0008906299922262685,0.0009040638995177619,538.5693514181221
1791110880,0.0009040638995177619,0.0009047660732354578,0.0009040638995177619,0.0009047660732354578,42.955636201321695
1791110940,0.0009047660732354578,0.0009135201945766862,0.0009047660732354578,0.0009135201945766862,259.52711024172464
1791111000,0.0009135201945766862,0.0009135201945766862,0.0008848984664702507,0.0008996255592709873,453.73410005608577
1791111060,0.0008996255592709873,0.0008996255592709873,0.0008856807674273695,0.0008880029056644812,309.2625791046265
1791111120,0.0008880029056644812,0.0009001865587997357,0.0008801347443644766,0.0008801347443644766,358.54185119377235
1791111180,0.0008801347443644766,0.0008917142758682355,0.0008794211858964466,0.0008917142758682355,138.10263806742344
1791111240,0.0008917142758682355,0.0008948025500269769,0.0008807820636657758,0.0008808898859886232,376.7755579967304
1791111300,0.0008808898859886232,0.0009208973828459069,0.0008788797687865628,0.0009162837514238694,1783.635359430999
1791111360,0.0009162837514238694,0.0009372536428846735,0.0009160274165727233,0.0009238759770210966,807.3660322588279
1791111420,0.0009238759770210966,0.0009367753545936128,0.0009238759770210966,0.0009362951702812375,233.87044584690173
1791111480,0.0009362951702812375,0.0009367117233059594,0.000921713190740346,0.000921713190740346,163.4733947834494
1791111540,0.000921713190740346,0.000921713190740346,0.0009003625315750474,0.0009003625315750474,866.5293805917603
1791111600,0.0009003625315750474,0.000910570866018887,0.0009003625315750474,0.000910570866018887,265.7933544740507
1791111660,0.000910570866018887,0.0009116432422319495,0.0008934718346798494,0.0009080726247096597,376.92033460689527
1791111720,0.0009080726247096597,0.0009268415661236613,0.0009011340956266025,0.0009156509429274906,582.8270687668869
1791111780,0.0009156509429274906,0.0009282843632269334,0.0009153652565189499,0.0009274527832968721,123.57588630084624
1791111840,0.0009274527832968721,0.0009371111332716873,0.0009269505964661417,0.0009371111332716873,296.359463281813
1791111900,0.0009371111332716873,0.0009371111332716873,0.0009237323393317484,0.0009358420178326324,138.52297292003556
1791111960,0.0009358420178326324,0.0009362415961375527,0.0009253055068438671,0.0009362415961375527,20.27509543130057
1791112020,0.0009362415961375527,0.0009449605689202058,0.000922475555557123,0.0009349241207808664,643.9544955002209
1791112080,0.0009349241207808664,0.0009476370010864352,0.0009337344453878652,0.000938749530952916,192.3731952714145
1791112140,0.000938749530952916,0.0009442580165981825,0.0009308361465561034,0.0009410689006868415,398.378051656877
1791112200,0.0009410689006868415,0.0009484007788022631,0.0009270688572849241,0.0009278528619599215,584.6600865850841
1791112260,0.0009278528619599215,0.0009546041875631568,0.0009278528619599215,0.0009546041875631568,691.8997507555309
1791112320,0.0009546041875631568,0.0009546041875631568,0.0009219216074687563,0.0009276947034333724,1164.606438007611
1791112380,0.0009276947034333724,0.0009298838123254008,0.0009060411130077631,0.0009214600181881035,706.8346583704371
1791112440,0.0009214600181881035,0.0009215629512155334,0.0009071324089760071,0.0009170288983355844,140.4078594612931
1791112500,0.0009170288983355844,0.0009170288983355844,0.0008716119845732712,0.0008862035147316099,3110.977385620819
1791112560,0.0008862035147316099,0.0008953222210231595,0.0008737009717434348,0.0008737009717434348,942.6245966591919
1791112620,0.0008737009717434348,0.0008872187627503332,0.0008737009717434348,0.0008872187627503332,124.48360063867447
1791112680,0.0008872187627503332,0.0008907278245110013,0.0008734796908695782,0.0008826044488576644,894.2145141013528
1791112740,0.0008826044488576644,0.000887826353464936,0.0008676456744649043,0.0008869044629711018,670.2313503637995
1791112800,0.0008869044629711018,0.0009192498171642383,0.0008864467132411788,0.0009094342199289898,776.2515769814178
1791112860,0.0009094342199289898,0.0009098485949305455,0.0009094342199289898,0.0009098485949305455,2.9998308811410026
1791112920,0.0009098485949305455,0.000922618453224908,0.0009096575283985776,0.0009121497042776183,179.76704799337207
1791112980,0.0009121497042776183,0.0009121497042776183,0.0009114140942031944,0.0009114140942031944,23.642550191708384
1791113040,0.0009114140942031944,0.0009114140942031944,0.0009014039047108301,0.0009014039047108301,348.8741180948955
1791113100,0.0009014039047108301,0.00090723720532356,0.0008802793836886372,0.0008823145574229862,1054.8220533641781
1791113160,0.0008823145574229862,0.0008836594956947229,0.0008705639765547313,0.0008705639765547313,124.50113234822452
1791113220,0.0008705639765547313,0.0008760592748883931,0.0008601716270374082,0.0008760592748883931,517.4024508983463
1791113280,0.0008760592748883931,0.000900825459336193,0.0008658675785833733,0.0008809143674420716,1383.2105359144116
1791113340,0.0008809143674420716,0.0008964789998551447,0.0008542321011357116,0.0008542321011357116,1847.0247371464018
1791113400,0.0008542321011357116,0.0008618984542475987,0.0008531648032546957,0.0008531648032546957,138.0177267255593
1791113460,0.0008531648032546957,0.0008531648032546957,0.0008164651095738143,0.0008164651095738143,1945.1097896448453
1791113520,0.0008164651095738143,0.0008295101377520442,0.0007974193043381741,0.0008252105150066257,1527.7865449193891
1791113580,0.0008252105150066257,0.0008386579192342885,0.0007987866886270521,0.0008363127321747913,2948.625433405057
1791113640,0.0008363127321747913,0.0008399578401699529,0.0008244364252440071,0.0008274011256482425,470.9818762413209
1791113700,0.0008274011256482425,0.0008274011256482425,0.0008199086533653775,0.0008199086533653775,284.06714679537765
1791113760,0.0008199086533653775,0.0008266172398975943,0.0008151814806864479,0.0008262582272952722,249.32586815059187
1791113820,0.0008262582272952722,0.0008267900975971213,0.000806334641911362,0.0008115634269696226,631.9893487727941
1791113880,0.0008115634269696226,0.0008208467728072604,0.0008066636232710394,0.0008154044981771855,1011.7185268663225
1791113940,0.0008154044981771855,0.0008287026152805897,0.0008059049894724339,0.0008287026152805897,674.2414452483466
1791114000,0.0008287026152805897,0.0008310742172802401,0.000819234405195903,0.0008296404212066847,268.70198363050315
1791114060,0.0008296404212066847,0.0008296404212066847,0.0007964395714784172,0.0008040996744717316,1066.009004641836
1791114120,0.0008040996744717316,0.0008403177067051907,0.0008040996744717316,0.0008273862382375307,1990.0581120563706
1791114180,0.0008273862382375307,0.0008352427191398968,0.0007995861424515756,0.0008024846398650584,1498.7218519880007
1791114240,0.0008024846398650584,0.0008144146381164869,0.0007971524035378116,0.000812810347854047,463.79574634298876
1791114300,0.000812810347854047,0.0008325686363680868,0.0008123077736963597,0.0008325686363680868,568.3309640132904
1791114360,0.0008325686363680868,0.0008447666890947588,0.0008225484295083118,0.0008232091501431372,1153.2112527059526
1791114420,0.0008232091501431372,0.0008365936721526791,0.0008163683517211219,0.0008249387256916117,752.9874737153455
1791114480,0.0008249387256916117,0.0008290902564451936,0.0008189228525440865,0.0008283892426563753,321.0739236395662
1791114540,0.0008283892426563753,0.000835844750639714,0.0008194806528073244,0.0008250258424571731,120.81949963372664
1791114600,0.0008250258424571731,0.0008350838709486119,0.0008141686238128715,0.0008141686238128715,584.6008303636669
1791114660,0.0008141686238128715,0.0008173635877932211,0.0008074412734869439,0.0008074412734869439,224.30613046034648
1791114720,0.0008074412734869439,0.0008096406101402437,0.0007983458544830687,0.0008092851964824491,370.48497458758453
1791114780,0.0008092851964824491,0.0008092851964824491,0.0007754570257851199,0.0007754570257851199,2690.9239701293936
1791114840,0.0007754570257851199,0.0007957696778016048,0.0007705168714991224,0.000788671650956116,1162.1060505556209
1791114900,0.000788671650956116,0.0007981356831372275,0.0007603380113658189,0.000777716255698398,1477.2961062658057
1791114960,0.000777716255698398,0.000779304638222345,0.0007655186665434976,0.0007744500239845161,566.1977335129465
1791115020,0.0007744500239845161,0.0007885567306812342,0.000760173282063588,0.0007885567306812342,1349.5395597987151
1791115080,0.0007885567306812342,0.000796428431986549,0.0007804057108029574,0.000796428431986549,281.42316546204785
1791115140,0.000796428431986549,0.0007986505482345814,0.0007859074395548301,0.0007865640934539614,387.1891999458199
1791115200,0.0007865640934539614,0.0007988599311369225,0.000783731374984083,0.0007988599311369225,299.6752540320328
1791115260,0.0007988599311369225,0.0007988599311369225,0.0007465174997577039,0.0007546273261731802,2192.363130897938
1791115320,0.0007546273261731802,0.0007863695457472679,0.0007500665031460342,0.000778826790464888,1276.4162820536521
1791115380,0.000778826790464888,0.0007892499340787297,0.0007515066995098103,0.0007543161178716399,1227.653945475802
1791115440,0.0007543161178716399,0.0007599335554674347,0.0007484696897091176,0.0007484696897091176,363.94525233725136
1791115500,0.0007484696897091176,0.0007487916925692426,0.000735323533892415,0.0007449592835640944,722.9635728287276
1791115560,0.0007449592835640944,0.0007538274080345007,0.0007205738905028818,0.00073080596356587,1739.3855476066626
1791115620,0.00073080596356587,0.0007803777212477402,0.0007241167158005034,0.0007702626213446409,3323.356145342394
1791115680,0.0007702626213446409,0.0007913640987183931,0.0007702626213446409,0.0007806649072741776,1281.1491015130784
1791115740,0.0007806649072741776,0.0008310278954374692,0.0007806649072741776,0.0008229999579882687,2772.017281348822
1791115800,0.0008229999579882687,0.0008333533487509617,0.0008189566872413795,0.0008189566872413795,563.867418252247
1791115860,0.0008189566872413795,0.0008336063196203423,0.0008185530011165145,0.000819740364317506,491.6738600266534
1791115920,0.000819740364317506,0.000819740364317506,0.0007990127184482299,0.0007994187948351447,729.5467761996089
1791115980,0.0007994187948351447,0.0008247801935109453,0.0007515240217853493,0.0007886036822458602,7936.447665130029
1791116040,0.0007886036822458602,0.000789883350466821,0.0007780806755128258,0.0007809291256670057,132.13019644109878
1791116100,0.0007809291256670057,0.0007957799001521843,0.0007642644845633657,0.0007642644845633657,1727.5127035285275
1791116160,0.0007642644845633657,0.0007736504348394908,0.0007537006032470312,0.0007679179651880222,632.5900302901808
1791116220,0.0007679179651880222,0.000780065811092064,0.0007615556043434828,0.0007703558068855753,483.22444607761895
1791116280,0.0007703558068855753,0.0007961921224801711,0.0007703558068855753,0.0007961921224801711,661.7704995664119
1791116340,0.0007961921224801711,0.0008013557171461832,0.0007860498525752086,0.0008013557171461832,330.56880698648916
1791116400,0.0008013557171461832,0.0008421126803215618,0.0007947561175550466,0.0008370884731896793,3997.86787797023
1791116460,0.0008370884731896793,0.0008370884731896793,0.0008217337018838888,0.0008217337018838888,276.65591500102136
1791116520,0.0008217337018838888,0.0008347763659928909,0.0008217337018838888,0.0008246506566555248,312.0410184511059
1791116580,0.0008246506566555248,0.0008334930921007818,0.0008044347106871375,0.0008044347106871375,726.4655477929641
1791116640,0.0008044347106871375,0.0008163446215197005,0.000793122749213518,0.000793122749213518,513.737808079834
1791116700,0.000793122749213518,0.0008180076097502249,0.0007915669938085935,0.0008179526820947864,692.9345702226683
1791116760,0.0008179526820947864,0.0008185736907496533,0.0007917673883778334,0.0007917673883778334,773.9946123885412
1791116820,0.0007917673883778334,0.0008468975268282449,0.0007917673883778334,0.0008353765692763837,1947.2394006495122
1791116880,0.0008353765692763837,0.0008558183071684555,0.00083372140236111,0.0008397377071513726,1184.8132482268663
1791116940,0.0008397377071513726,0.0008511867540559253,0.0008380769479307279,0.0008511867540559253,205.10095959799483
1791117000,0.0008511867540559253,0.0008783327869756963,0.000842554246187064,0.0008783327869756963,1109.357070059851
1791117060,0.0008783327869756963,0.0008783327869756963,0.0008644645763037428,0.0008644645763037428,296.99501385731025
1791117120,0.0008644645763037428,0.0008891208545177544,0.0008601932943003291,0.0008610348464799368,1306.8741555003649
1791117180,0.0008610348464799368,0.0008869943622592863,0.0008610348464799368,0.0008850300775362526,920.1546936553685
1791117240,0.0008850300775362526,0.0008850300775362526,0.0008633961817474612,0.0008759672437884149,841.4757585165139
1791117300,0.0008759672437884149,0.0008773121287768746,0.0008473619741100303,0.0008473619741100303,737.4984013744153
1791117360,0.0008473619741100303,0.000864409381685516,0.0008473619741100303,0.0008573675160753993,549.5567808361125
1791117420,0.0008573675160753993,0.0009271218971057452,0.0008568533503600789,0.000905986515156293,4504.407080115756
1791117480,0.000905986515156293,0.0009584443440984818,0.0009057269654432946,0.0009584443440984818,3511.813494663703
1791117540,0.0009584443440984818,0.0009662975985209691,0.0009447497245009928,0.0009447497245009928,1333.3241518660434
1791117600,0.0009447497245009928,0.0009551485160813192,0.0009063145561501966,0.000916507529916719,1760.0896587766379
1791117660,0.000916507529916719,0.0009268875186721997,0.0009110241553030996,0.0009268875186721997,345.9046752187336
1791117720,0.0009268875186721997,0.0009268875186721997,0.0009049296770508638,0.0009182825611109395,781.6955628128771
1791117780,0.0009182825611109395,0.0009212637157153876,0.0009029074016279144,0.0009029074016279144,336.44651293743794
1791117840,0.0009029074016279144,0.0011010327083325023,0.0008993083915413219,0.0010717414657530453,16841.29882253248
1791117900,0.0010717414657530453,0.0010870950261087176,0.0009888382666273447,0.0010424414508063567,10746.522987355213
1791117960,0.0010424414508063567,0.00105465507081743,0.001031488283879853,0.001031488283879853,1259.2864416621533
1791118020,0.001031488283879853,0.001031488283879853,0.0009938399652178092,0.001020696283389013,2316.086947509872
1791118080,0.001020696283389013,0.001020696283389013,0.000976651490566283,0.0010049093212045322,2773.305246626886
1791118140,0.0010049093212045322,0.0010075400449639563,0.0009623616582543347,0.0009623616582543347,1442.4142499778359
1791118200,0.0009623616582543347,0.0009731709803723112,0.0009539105926817337,0.0009539105926817337,280.75622311166325
1791118260,0.0009539105926817337,0.0009794215229428944,0.0009511106217844967,0.0009752249199775874,1506.785214334915
1791118320,0.0009752249199775874,0.0009758157297916399,0.0009527335541513771,0.0009550799073652882,858.256524212777
1791118380,0.0009550799073652882,0.0009642455225859213,0.0009092986159535563,0.0009173370619248615,2837.04305071855
1791118440,0.0009173370619248615,0.0009173370619248615,0.0009047294299080642,0.0009068335996554708,331.6490506631181
1791118500,0.0009068335996554708,0.0009245771547376247,0.0009068335996554708,0.0009245771547376247,456.92310162985586
1791118560,0.0009245771547376247,0.0009318549761411056,0.0008948527735090591,0.0009318549761411056,1606.8099810965589
1791118620,0.0009318549761411056,0.0009318549761411056,0.0008900722458302068,0.0009119682188088388,2448.962830979186
1791118680,0.0009119682188088388,0.0009126715996292289,0.0008946131680581353,0.0009080147439971919,728.5788940774557
1791118740,0.0009080147439971919,0.00091711751116513,0.0008906680607946287,0.00091711751116513,1535.7218959202457
1791118800,0.00091711751116513,0.0009258413262072168,0.0009116389556179652,0.0009258413262072168,445.09077728870375
1791118860,0.0009258413262072168,0.0009282528595691886,0.0008962792317185156,0.0008963342920173833,871.639480013929
1791118920,0.0008963342920173833,0.0009112696542978539,0.0008690850677076685,0.0008690850677076685,1805.0702160419653
1791118980,0.0008690850677076685,0.0008690850677076685,0.0008400395780432565,0.0008404407591646643,1602.9721661587948
1791119040,0.0008404407591646643,0.0008510828015922379,0.0008355368799378816,0.0008438224124735251,482.1629126318649
1791119100,0.0008438224124735251,0.0008438224124735251,0.0008228840675912804,0.0008308391912331046,441.7754312741032
1791119160,0.0008308391912331046,0.0008308391912331046,0.0008124825239923472,0.0008140604184939864,1177.285667042534
1791119220,0.0008140604184939864,0.0008144803822839724,0.0008037927531820267,0.0008045998277935088,75.85593788513312
1791119280,0.0008045998277935088,0.0008215019548713456,0.0008000924372276526,0.0008098695602760049,733.2323927388267
1791119340,0.0008098695602760049,0.0008102321720342509,0.0007798971042694531,0.0007846941679794932,923.2117766431619
1791119400,0.0007846941679794932,0.0007846941679794932,0.0007473943286478863,0.0007649446893586312,2729.8817276183063
1791119460,0.0007649446893586312,0.0007859125703968153,0.0007643824902430097,0.0007745250071224818,910.5016364369421
1791119520,0.0007745250071224818,0.0007930155013918526,0.000755970821172312,0.000755970821172312,1456.8333448148087
1791119580,0.000755970821172312,0.0007970177829728164,0.000754377390921024,0.0007920248910440997,2579.2416973122586
1791119640,0.0007920248910440997,0.0007925530873831519,0.0007769654707538632,0.0007769654707538632,354.9607379000274
1791119700,0.0007769654707538632,0.0007969538225081968,0.0007769654707538632,0.0007864132963850159,413.41118160695686
1791119760,0.0007864132963850159,0.0008054720832576434,0.000772543016277337,0.0007736371827263983,1891.3126664108615
1791119820,0.0007736371827263983,0.0007827043038224494,0.0007531589410232058,0.0007584629797616087,1705.2058695469673
1791119880,0.0007584629797616087,0.0007650566728642496,0.0007527947582324353,0.0007622900750127937,402.83006789950747
1791119940,0.0007622900750127937,0.0008020142017197962,0.0007493168615579211,0.0007853115125422729,2983.209375480588
1791120000,0.0007853115125422729,0.0007858885965102769,0.0007641136834534649,0.0007776707930232845,569.800826920775
1791120060,0.0007776707930232845,0.0007865892930200962,0.0007765742336142032,0.0007765742336142032,641.3530408111412
1791120120,0.0007765742336142032,0.0007765742336142032,0.0007316770160386784,0.0007334677825427023,3750.2393197582946
1791120180,0.0007334677825427023,0.0007444979531266429,0.0007017908684449572,0.0007212250848784787,3134.849068515209
1791120240,0.0007212250848784787,0.0007212250848784787,0.0007043242400554868,0.0007043242400554868,364.2156349170684
1791120300,0.0007043242400554868,0.0007043242400554868,0.0006685954435741322,0.0006829092057438322,2653.4468044071377
1791120360,0.0006829092057438322,0.0006987543965996569,0.0006783741204682307,0.0006936337826138223,1370.7455961328642
1791120420,0.0006936337826138223,0.0006936337826138223,0.0006740110522611602,0.0006848037424563649,1131.0612017191993
1791120480,0.0006848037424563649,0.0006928348884055427,0.0006680791561356882,0.0006868352952995464,1718.7272048514585
1791120540,0.0006868352952995464,0.0006910613616129149,0.0006433587919574662,0.0006747520730223474,4338.2668762355
1791120600,0.0006747520730223474,0.000707543663180812,0.0006747520730223474,0.000707543663180812,1293.4304429443944
1791120660,0.000707543663180812,0.0007095579607897728,0.0006123988397074974,0.0006642331967920006,9503.33526321643
1791120720,0.0006642331967920006,0.0006809540802082622,0.0006542725754578637,0.000660427268733307,2106.453817354206
1791120780,0.000660427268733307,0.0006664993652727655,0.0006460764408453831,0.0006576072960550438,1069.4980582674873
1791120840,0.0006576072960550438,0.0006844660974664111,0.0006526590347975821,0.0006727238668432931,1767.2788895574179
1791120900,0.0006727238668432931,0.0007085049978723989,0.0006599367895883056,0.0006990531584261394,1367.0013872745642
1791120960,0.0006990531584261394,0.0007115472081570088,0.0006990531584261394,0.0007029579672293867,313.5146539052106
1791121020,0.0007029579672293867,0.0007166853317125333,0.0006883237728019767,0.0007038879221337202,1181.4052947081143
1791121080,0.0007038879221337202,0.0007222891807596711,0.0006738516745993348,0.0006769430075647831,3066.0999222617174
1791121140,0.0006769430075647831,0.0006929626098156434,0.0006508437994207424,0.0006844955547043229,2675.82381474285
1791121200,0.0006844955547043229,0.0007097128436509366,0.0006844955547043229,0.0007027130673430632,899.2482322900877
1791121260,0.0007027130673430632,0.0007107406264739219,0.0006134136230812485,0.0006597599341653641,7118.480869558425
1791121320,0.0006597599341653641,0.0006712548433727802,0.0006585873357809264,0.0006712548433727802,430.47600757051384
1791121380,0.0006712548433727802,0.0006845854474640809,0.0006712548433727802,0.0006816351576502092,838.5854444728268
1791121440,0.0006816351576502092,0.0006827507929238436,0.0006727078547888348,0.0006747097264096711,197.16415678446165
1791121500,0.0006747097264096711,0.0006899943521505541,0.0006747097264096711,0.0006860660758791256,506.3908261725203
1791121560,0.0006860660758791256,0.0006903825590275813,0.0006771068462577434,0.0006895774408641805,1056.4439687180638
1791121620,0.0006895774408641805,0.0006903413407667954,0.000660299364428659,0.000660299364428659,1196.1084368714992
1791121680,0.000660299364428659,0.000660299364428659,0.0006492848043677556,0.0006520363498801213,569.725261254367
1791121740,0.0006520363498801213,0.0006643332852994303,0.0006495285894922977,0.0006566702118855245,441.55200641210786
1791121800,0.0006566702118855245,0.0006875659808203653,0.0006560995298443533,0.0006875659808203653,1038.630272581076
1791121860,0.0006875659808203653,0.0006910978848028163,0.0006800286296758771,0.0006825470761748889,205.79045348017831
1791121920,0.0006825470761748889,0.0006880955355923987,0.0006761170177772061,0.0006761170177772061,253.91036325255067
1791121980,0.0006761170177772061,0.0006849874472447878,0.0006724575462224141,0.0006819721658627317,434.65557231725603
1791122040,0.0006819721658627317,0.0007127943987844018,0.0006743701064054803,0.0006916906287652914,2231.581355392642
1791122100,0.0006916906287652914,0.0006919702918139745,0.00068228754844214,0.0006829377528147032,123.36436377700844
1791122160,0.0006829377528147032,0.0006996517344294242,0.0006828382400610903,0.0006987410515977817,1101.3238503535167
1791122220,0.0006987410515977817,0.0007271332409274052,0.0006916048558933318,0.0007198691272285728,1295.0132076278264
1791122280,0.0007198691272285728,0.0007330109437207672,0.0007162791074358529,0.0007167753482280705,1526.3649625126616
1791122340,0.0007167753482280705,0.000752557133324132,0.0007167753482280705,0.0007508084059816691,372.79187671187077
1791122400,0.0007508084059816691,0.0007508084059816691,0.0007337519437982805,0.0007491982737441205,746.5664250609984
1791122460,0.0007491982737441205,0.0007491982737441205,0.0007376896904941738,0.0007376896904941738,416.75494412787504
1791122520,0.0007376896904941738,0.0007376896904941738,0.0006941454941830112,0.0007031488037620991,2038.1603986287616
1791122580,0.0007031488037620991,0.0007047280691958652,0.0006795799065292539,0.0006795799065292539,726.6276526496046
1791122640,0.0006795799065292539,0.0006876922768540514,0.0006708419985566555,0.000677430122274331,966.1733205902596
1791122700,0.000677430122274331,0.0006832917036182996,0.0006575634907452432,0.0006661112079492202,1108.2672150030778
1791122760,0.0006661112079492202,0.00067360633991304,0.0006644726200829259,0.0006644726200829259,39.87258589581974
1791122820,0.0006644726200829259,0.0006861732722961067,0.0006595251994502217,0.0006856656550331125,1165.0251709448298
1791122880,0.0006856656550331125,0.0006954167716195041,0.000678206423479303,0.0006954167716195041,477.54787499919246
1791122940,0.0006954167716195041,0.0007021307884676705,0.0006869790058760844,0.0007021307884676705,371.01677404146545
1791123000,0.0007021307884676705,0.0007029354180294485,0.0006943603903831352,0.0007024396637009304,74.66682042630728
1791123060,0.0007024396637009304,0.0007069742147128026,0.0006931362479164673,0.0007069742147128026,610.6626245457056
1791123120,0.0007069742147128026,0.0007657142308913112,0.0007069742147128026,0.0007624779944779228,4570.601879933493
1791123180,0.0007624779944779228,0.0007702295266171014,0.0007565445011900204,0.000762652774974445,601.6850489221528
1791123240,0.000762652774974445,0.000762652774974445,0.000712490592619166,0.000712490592619166,1521.0413244652837
1791123300,0.000712490592619166,0.0007209011248763549,0.000683744484251171,0.0006932711038375962,1949.609223536811
1791123360,0.0006932711038375962,0.0006938461827949326,0.0006835500102778142,0.0006851636951722112,172.7675973291436
1791123420,0.0006851636951722112,0.0006988020466994101,0.0006665288299224577,0.0006747465795523831,1372.0701056001267
1791123480,0.0006747465795523831,0.0006752920984468038,0.0006584566169370895,0.0006751905287389353,688.1037244264786
1791123540,0.0006751905287389353,0.0006769728996953214,0.0006648188073065559,0.0006769728996953214,462.71575330372275
1791123600,0.0006769728996953214,0.0006907705818151199,0.0006688803321873779,0.0006907705818151199,1414.6765645167536
1791123660,0.0006907705818151199,0.0007841881946061268,0.0006907705818151199,0.0007686978805048562,7514.195245359257
1791123720,0.0007686978805048562,0.0008734257139618073,0.0007685538523733471,0.0008490827518347353,12755.124690367807
1791123780,0.0008490827518347353,0.0008834296523925024,0.0008084197731597881,0.000844041462514862,9109.850072735211
1791123840,0.000844041462514862,0.0009130837595957751,0.0008290315779735382,0.0008868280699911634,6063.058517443079
1791123900,0.0008868280699911634,0.0010453734355188136,0.0008868280699911634,0.0010208549074644557,16416.925328482343
1791123960,0.0010208549074644557,0.0010381155939366018,0.000978732629453363,0.0010136482646551726,9739.281686135557
1791124020,0.0010136482646551726,0.0010353141380663828,0.0009134496818056028,0.0009804390619782219,8977.780001568586
1791124080,0.0009804390619782219,0.0009831975044156806,0.0009138011589022229,0.0009138011589022229,4083.2814844051845
1791124140,0.0009138011589022229,0.0009427035971178162,0.0009013466129461742,0.0009013466129461742,2720.7752533515545
1791124200,0.0009013466129461742,0.0009205249583126539,0.0009010334226099234,0.000917589142308631,813.207179116081
1791124260,0.000917589142308631,0.0009177088757145624,0.0008796093672268439,0.0008887730461259165,2107.4688120219303
1791124320,0.0008887730461259165,0.0008992089880262734,0.0008588965414275299,0.0008674362807877747,1446.2062941032361
1791124380,0.0008674362807877747,0.0008962284600288048,0.0008674362807877747,0.0008800096154047586,1032.130088847722
1791124440,0.0008800096154047586,0.0008910516906689762,0.0008146525229197429,0.0008264975559518725,3919.576794930717
1791124500,0.0008264975559518725,0.0009685704788898305,0.0008117623844294083,0.0009601961454104125,9531.536438543646
1791124560,0.0009601961454104125,0.0009929143316847286,0.0009493543607464835,0.0009917554438193326,3960.793014527641
1791124620,0.0009917554438193326,0.0009990584465260648,0.0009292885695229667,0.0009292885695229667,3272.429633319502
1791124680,0.0009292885695229667,0.0009391358877019924,0.000915947569868147,0.0009377341177577952,1072.7465758519102
1791124740,0.0009377341177577952,0.0010289688093877004,0.0008970412738024458,0.0010057178169486927,7686.634168065867
1791124800,0.0010057178169486927,0.0011432586188981884,0.0009595146942724513,0.0011159444499577887,9758.917581642123
1791124860,0.0011159444499577887,0.0011159444499577887,0.0010289476465730086,0.0010474652272778602,5975.240636596707
1791124920,0.0010474652272778602,0.0010488948025259121,0.0009573456138400518,0.0009894278515852944,4051.5682369822025
1791124980,0.0009894278515852944,0.001013566138700381,0.0009838715558379283,0.0009882636485713811,1669.152335419149
1791125040,0.0009882636485713811,0.0009999213838435257,0.0009536475025388744,0.0009659359146165068,1482.874454373429
1791125100,0.0009659359146165068,0.0009711856510446065,0.0009313145948291376,0.0009506212451373194,1603.3008904524568
1791125160,0.0009506212451373194,0.0010019223408491988,0.0009366267164770328,0.0010019223408491988,1920.8511799512469
1791125220,0.0010019223408491988,0.00101791579746651,0.000981819558181992,0.0009952233057863287,1666.6168801461147
1791125280,0.0009952233057863287,0.0010099103491968563,0.0009709797987592546,0.0009729208993845492,1048.0227406477577
1791125340,0.0009729208993845492,0.000985692526275046,0.0009541217178503662,0.0009617325897828882,1323.2802222657526
1791125400,0.0009617325897828882,0.0009776340583455983,0.0009394288376689156,0.0009394288376689156,2281.1769540914324
1791125460,0.0009394288376689156,0.0009532619001865507,0.0009314092963415839,0.0009410492092811466,646.638583944827
1791125520,0.0009410492092811466,0.0009418318189558788,0.0009260151157553099,0.0009382903625904713,896.2894005451227
1791125580,0.0009382903625904713,0.0009732748843720812,0.0009225856347781836,0.0009732748843720812,2874.58122941018
1791125640,0.0009732748843720812,0.0009732748843720812,0.0009427243153948605,0.0009518656653028986,1081.7494885283627
1791125700,0.0009518656653028986,0.0009651465028728008,0.0009441729843160069,0.0009446093619062581,423.3640691735069
1791125760,0.0009446093619062581,0.0009549636641389349,0.0009024612561925662,0.0009078088089238213,2231.9753419733925
1791125820,0.0009078088089238213,0.0009172033256874525,0.0009015020311086576,0.0009015020311086576,937.03282766047
1791125880,0.0009015020311086576,0.0009160166398614463,0.0008409406153495098,0.0008786973090795667,2113.5080198159294
1791125940,0.0008786973090795667,0.0009106885865202913,0.0008667828351856621,0.0009106885865202913,2899.519259838598
1791126000,0.0009106885865202913,0.0009122056100830006,0.0008993583978973,0.0008993583978973,191.3935471093739
1791126060,0.0008993583978973,0.0009138523651701202,0.0008967768334100705,0.0009025207662737036,687.7525182222853
1791126120,0.0009025207662737036,0.0009175416908877213,0.0008972880647202345,0.0009083226648646839,788.9030390933347
1791126180,0.0009083226648646839,0.0009083226648646839,0.000892479048415251,0.000892479048415251,379.729332413901
1791126240,0.000892479048415251,0.0009013061353727854,0.000885561386302671,0.0008954747098863775,319.0476553026147
1791126300,0.0008954747098863775,0.0009058419959479639,0.0008822444430273117,0.0008843853224844611,1011.9584602643314
1791126360,0.0008843853224844611,0.0008930202971541988,0.0008414719142196504,0.0008414719142196504,1318.779143483675
1791126420,0.0008414719142196504,0.000850820386372386,0.0008374582046392194,0.0008391532623473242,1020.2391525850084
1791126480,0.0008391532623473242,0.0008535772971229364,0.0008391532623473242,0.0008535772971229364,299.4318622551128
1791126540,0.0008535772971229364,0.0008714607450984072,0.0008535772971229364,0.0008635879283012988,681.4489612550698
1791126600,0.0008635879283012988,0.0008852145903680709,0.0008635879283012988,0.0008757849911352035,525.1110243718807
1791126660,0.0008757849911352035,0.0008880046873421101,0.000875080266560689,0.0008767595558344582,141.03102929210138
1791126720,0.0008767595558344582,0.0008832952175096328,0.0008644457295404284,0.0008644457295404284,535.1358406685257
1791126780,0.0008644457295404284,0.000885982457543368,0.0008585460547886338,0.000885982457543368,843.8344949085242
1791126840,0.000885982457543368,0.000885982457543368,0.0008591019384579617,0.0008591019384579617,854.2059928979978
1791126900,0.0008591019384579617,0.0008641935746482598,0.000823362869470312,0.0008265295889535934,1227.405797085884
1791126960,0.0008265295889535934,0.0008266897028228521,0.000788255364134945,0.0007955554609256154,1459.7210820358596
1791127020,0.0007955554609256154,0.0007955554609256154,0.0007707441285467496,0.0007902772923464478,1595.4905289377352
1791127080,0.0007902772923464478,0.0007902772923464478,0.0007644417914492625,0.0007652122290635453,988.5876826652984
1791127140,0.0007652122290635453,0.0007746161012038877,0.0007246067207468704,0.0007456280534985993,2233.004754164939
1791127200,0.0007456280534985993,0.0007512879690169513,0.0007134526375139619,0.0007398444314171773,3040.705379908142
1791127260,0.0007398444314171773,0.0007475988399293573,0.0007188374092216103,0.0007463113970716771,1679.389746589322
1791127320,0.0007463113970716771,0.000757857804677371,0.0007152243869181447,0.0007333501526007428,1729.3633563830022
1791127380,0.0007333501526007428,0.0007450528735815245,0.0007154321322487872,0.0007274699220957035,1682.885344060947
1791127440,0.0007274699220957035,0.0008031771759744844,0.0007081871775274005,0.0007928918571653559,5185.066362549135
1791127500,0.0007928918571653559,0.0008150080484736243,0.0007845271973793082,0.0007967395362670459,1649.8305134776008
1791127560,0.0007967395362670459,0.0007967395362670459,0.0007736904123080666,0.0007736904123080666,527.8946817991458
1791127620,0.0007736904123080666,0.0007963245707424426,0.0007564516227346709,0.0007896392124881353,1899.302714646403
1791127680,0.0007896392124881353,0.0008127468409762609,0.0007879207110275028,0.0007879207110275028,1856.3234399602961
1791127740,0.0007879207110275028,0.0007976246155267392,0.0007798201070837285,0.0007902196595659496,790.1148436389625
1791127800,0.0007902196595659496,0.0007919294571620834,0.0007685688553469019,0.0007780092741451971,1604.87422462272
1791127860,0.0007780092741451971,0.0007780092741451971,0.000750933244688759,0.0007639268555248147,1022.9878042166073
1791127920,0.0007639268555248147,0.0007667933428845459,0.0007525502909877183,0.000766133761923385,361.90286812931566
1791127980,0.000766133761923385,0.000766133761923385,0.0007533776216306772,0.0007636263906200194,211.86296655396114
1791128040,0.0007636263906200194,0.0007924926646140603,0.000755190587910561,0.0007924926646140603,854.3326325763624
1791128100,0.0007924926646140603,0.0007984046605558287,0.0007840148317569017,0.0007978389230197785,245.18685659421033
1791128160,0.0007978389230197785,0.0008078535823306993,0.0007914357240975041,0.000801591667010661,595.851388602483
1791128220,0.000801591667010661,0.0008066039841197501,0.0007988576468889298,0.0007988576468889298,233.6208214757187
1791128280,0.0007988576468889298,0.0008189628236228171,0.0007988576468889298,0.0008189628236228171,468.60820764125003
1791128340,0.0008189628236228171,0.0008265128853939799,0.0008110164431761311,0.0008175162954768892,350.0956325205045
1791128400,0.0008175162954768892,0.0008215723521912368,0.0008029850884181562,0.0008029850884181562,613.9646782307119
1791128460,0.0008029850884181562,0.000807413955385486,0.0007956173871210388,0.0008045591787197172,274.14033370820596
1791128520,0.0008045591787197172,0.0008060217578859355,0.0007744975046595902,0.000775274827922704,1246.6072585236225
1791128580,0.000775274827922704,0.0007829454892938194,0.0007646755137107733,0.0007829454892938194,630.2663321042596
1791128640,0.0007829454892938194,0.0008328626801492779,0.0007829454892938194,0.0008114018614583308,2701.383245187139
1791128700,0.0008114018614583308,0.0008194842148139229,0.0008089456280040178,0.0008089456280040178,122.59212056914373
1791128760,0.0008089456280040178,0.0008243307182781885,0.0007393123519775061,0.0007449524001147519,3987.5935169412587
1791128820,0.0007449524001147519,0.0007449524001147519,0.0007292636202766459,0.0007292636202766459,323.899751541142
1791128880,0.0007292636202766459,0.0007292636202766459,0.0007178500907304326,0.0007178500907304326,439.60575746814004
1791128940,0.0007178500907304326,0.0007690943807607297,0.0007178500907304326,0.0007690943807607297,1691.6770923227796
1791129000,0.0007690943807607297,0.0007799313142915409,0.0007602589893706673,0.0007748050868984905,730.1657593206767
1791129060,0.0007748050868984905,0.0007940914854340255,0.00077439106433228,0.0007940914854340255,427.3405535877046
1791129120,0.0007940914854340255,0.0007941530213541586,0.0007756795814678891,0.0007756795814678891,644.1708468109788
1791129180,0.0007756795814678891,0.0007807742536475844,0.0007653735527610665,0.0007653735527610665,546.1277701394289
1791129240,0.0007653735527610665,0.0007755434361177314,0.0007552604874016674,0.0007645662179612805,704.3993716628986
1791129300,0.0007645662179612805,0.000782546488292613,0.0007550594027592435,0.000782546488292613,1231.7230932190892
1791129360,0.000782546488292613,0.0007915315872666699,0.0007767500168271433,0.0007767500168271433,297.36807424042604
1791129420,0.0007767500168271433,0.0008384629392576864,0.0007762146455281964,0.0008384629392576864,2108.99114846263
1791129480,0.0008384629392576864,0.0008384629392576864,0.0008170514325425185,0.0008170514325425185,682.8149330797025
1791129540,0.0008170514325425185,0.0008184968874201309,0.0008068688888294513,0.0008182026700602401,369.9590428914614
1791129600,0.0008182026700602401,0.0008322593103078546,0.0008068582352125976,0.0008322593103078546,607.5267780396343
1791129660,0.0008322593103078546,0.0008540816327412645,0.0008322593103078546,0.0008480041449717937,856.2895419499436
1791129720,0.0008480041449717937,0.0008684395217138771,0.0008480041449717937,0.0008582987344421097,413.5600844942457
1791129780,0.0008582987344421097,0.0008783269415445183,0.0008570538114446389,0.0008783269415445183,500.5008158903803
1791129840,0.0008783269415445183,0.0009239770915170047,0.0008684888738526331,0.0009239735916406403,1803.4275003021971
1791129900,0.0009239735916406403,0.0009330266616931509,0.0009106703497363725,0.0009139498774500892,1374.0271547513325
1791129960,0.0009139498774500892,0.000920947919627885,0.0008617832281673652,0.0008617832281673652,1857.538255792765
1791130020,0.0008617832281673652,0.0008709018105467486,0.0008538209436386356,0.0008538209436386356,657.6438172431307
1791130080,0.0008538209436386356,0.0008658224869903543,0.0008509932775708056,0.0008634614969693091,563.2067255110467
1791130140,0.0008634614969693091,0.0008634614969693091,0.0007975702166657134,0.0008106610989287207,3765.6974750910676
1791130200,0.0008106610989287207,0.0008155493877065355,0.0007981126702372044,0.0008075987505094651,461.78994497574445
1791130260,0.0008075987505094651,0.0008075987505094651,0.0007802562161634084,0.0007903593929959842,593.1923147729962
1791130320,0.0007903593929959842,0.0007903593929959842,0.0007681239624590381,0.0007753378204321731,609.2475542533534
1791130380,0.0007753378204321731,0.0007753378204321731,0.0007444474727253341,0.0007469082725346332,995.9435962426955
1791130440,0.0007469082725346332,0.0007478659335661283,0.0007381689212940082,0.0007478659335661283,124.49486560230618
1791130500,0.0007478659335661283,0.0007557254315280639,0.0007392739385211279,0.0007422074732683534,1043.8821491121
1791130560,0.0007422074732683534,0.0007424207345671119,0.0007038869245326474,0.000727472181380778,2510.231205139692
1791130620,0.000727472181380778,0.0007386963618840875,0.0007144192323379749,0.0007144192323379749,764.541349635017
1791130680,0.0007144192323379749,0.000721003673521565,0.0007081360518399966,0.0007114402880228278,906.8023002620597
1791130740,0.0007114402880228278,0.0007339878616673579,0.0007114402880228278,0.0007209251574356088,829.3615800904961
1791130800,0.0007209251574356088,0.0007331343513845128,0.0007192406121917956,0.0007331343513845128,214.99628426740088
1791130860,0.0007331343513845128,0.0007331343513845128,0.0006497528576386115,0.000660453218840266,2945.839029564191
1791130920,0.000660453218840266,0.0006792929939974044,0.0006451716496223008,0.0006451716496223008,2130.642452924474
1791130980,0.0006451716496223008,0.0006532300728265702,0.0005305200986505951,0.000555395288230749,8906.363964718805
1791131040,0.000555395288230749,0.0005813804038271241,0.0005334279626026166,0.000573538301585315,5925.843448180152
1791131100,0.000573538301585315,0.0005810451408979698,0.000568985607860127,0.0005690602497095967,835.2257473978276
1791131160,0.0005690602497095967,0.0005846727657696883,0.0005411123642330572,0.0005472659507226456,6817.952221894634
1791131220,0.0005472659507226456,0.0005719720175847012,0.0005453234024818279,0.0005600473734398402,2760.8461443098927
1791131280,0.0005600473734398402,0.0005867502919550387,0.0005600473734398402,0.0005700110952298993,2600.736100033275
1791131340,0.0005700110952298993,0.0005795939037964105,0.0005457327543169687,0.0005621790284605476,3458.709815816616
1791131400,0.0005621790284605476,0.0005692896395928404,0.0005355693646534959,0.0005355693646534959,3909.742609992638
1791131460,0.0005355693646534959,0.0005355693646534959,0.0004992956791156114,0.0005089370533873344,3605.2124696311416
1791131520,0.0005089370533873344,0.0005257406924292919,0.00048490949136601976,0.0005008999903139964,3583.313928952921
1791131580,0.0005008999903139964,0.0005225161603074712,0.0004001821310542795,0.0004199080902214625,16403.243077345476
1791131640,0.0004199080902214625,0.00045461470185631275,0.0003538595063217858,0.0003738136378341849,25315.734396930147
1791131700,0.0003738136378341849,0.0003942123310865789,0.00033667940661723955,0.0003444372233951742,11492.388524386699
1791131760,0.0003444372233951742,0.00036228453539155205,0.0003373629821803564,0.00036133359391472684,6664.33647770883
1791131820,0.00036133359391472684,0.00036304628887143313,0.0003412609928016553,0.00036089219679993965,4595.353931183767
1791131880,0.00036089219679993965,0.0003774241668113471,0.0003576925985717334,0.000367530426502358,3287.215500408814
1791131940,0.000367530426502358,0.00042448440901285276,0.00036670894381787605,0.0004069627339830951,8385.551764310449
1791132000,0.0004069627339830951,0.000427076129929157,0.0003987883930559811,0.00040898106244874755,5013.447920747155
1791132060,0.00040898106244874755,0.0004275948459419421,0.0004042354415813733,0.0004101260978613868,2899.582803161212
1791132120,0.0004101260978613868,0.0004203759631080996,0.00039971883919228063,0.00040736923242827534,3122.351954529803
1791132180,0.00040736923242827534,0.00041126509629007586,0.0003836370689449691,0.00038844591391333933,2708.6563065897985
1791132240,0.00038844591391333933,0.00041398015656998353,0.00038527004999839074,0.0004032985708767466,3037.864660001413
1791132300,0.0004032985708767466,0.0004148019082072934,0.0003997342974823309,0.000403699734030462,2406.879176291557
1791132360,0.000403699734030462,0.0004079447719233805,0.00039887445376657793,0.000401762802531517,468.389026282451
1791132420,0.000401762802531517,0.0004173316343383348,0.0003963046339994028,0.0004173316343383348,2442.381940571324
1791132480,0.0004173316343383348,0.0004181211895799543,0.0003945041138277717,0.0004021315755472103,1234.0956809033491
1791132540,0.0004021315755472103,0.0004070414734320274,0.0003993542941539858,0.00040292812810770634,303.30145585469427
1791132600,0.00040292812810770634,0.00042388417835106186,0.0004028965042379231,0.0004180697728455196,1800.933908009233
1791132660,0.0004180697728455196,0.00043538678742520166,0.0004123730740117441,0.00042991857091469963,2261.48149387167
1791132720,0.00042991857091469963,0.0004623113050675613,0.0004268187648852011,0.0004351223181313208,6069.158987950084
1791132780,0.0004351223181313208,0.00044278479795296,0.00034602278853345715,0.0003693751763834564,14709.061812551123
1791132840,0.0003693751763834564,0.00037682373109042895,0.0003337687552977592,0.0003377384767583805,4823.744475357575
1791132900,0.0003377384767583805,0.0003442203417326007,0.00032448833898585935,0.00033800858595916703,2490.329687832485
1791132960,0.00033800858595916703,0.00033800858595916703,0.0002497848250009152,0.00027936790000187927,12782.523080290859
1791133020,0.00027936790000187927,0.0002857912003249538,0.0002586751000496769,0.0002586751000496769,7833.784253061761
1791133080,0.0002586751000496769,0.00028982810981223635,0.0002558887715447662,0.0002832169509496865,4130.197242255258
1791133140,0.0002832169509496865,0.0002881311537989412,0.0002736279907385577,0.00028665682160761955,2590.8880464680733
1791133200,0.00028665682160761955,0.00034336613175309303,0.0002804629412020264,0.00031790004767830377,10327.855236260497
1791133260,0.00031790004767830377,0.00032586869871032743,0.0003045080414870301,0.0003128172225576392,4484.069150398552
1791133320,0.0003128172225576392,0.0003179933173700312,0.0002864931141436097,0.00030968806512822103,5895.798241588268
1791133380,0.00030968806512822103,0.00031651576345973127,0.00028690637017398675,0.0002921708127921046,3277.866982722972
1791133440,0.0002921708127921046,0.00029725485484929167,0.0002875253772871263,0.00029520523745972554,1060.8680233386226
1791133500,0.00029520523745972554,0.0003210039485090502,0.00029270607201870523,0.0003204339168862079,2112.6030757016574
1791133560,0.0003204339168862079,0.0003357821430339956,0.0003155967835181954,0.00032982842247677785,3020.2476207337245
1791133620,0.00032982842247677785,0.00032982842247677785,0.0003111673429198399,0.0003118267253289726,908.6610009918228
1791133680,0.0003118267253289726,0.0003224623331497706,0.000296856860501583,0.00031041010366900465,5031.425861707005
1791133740,0.00031041010366900465,0.0003111636736661651,0.00030261470641033294,0.00030289279690262215,720.4907631102603
1791133800,0.00030289279690262215,0.00031066666713397157,0.0002632311216445777,0.00029811284238081984,7476.297937812016
1791133860,0.00029811284238081984,0.00030659760968371734,0.00029106623068964223,0.000297953920814216,2469.839068413304
1791133920,0.000297953920814216,0.0003134405939641079,0.0002908910124110332,0.0002975906044548349,2977.710218680206
1791133980,0.0002975906044548349,0.00031185517574514775,0.00029393353166047456,0.0003094270872114536,2306.1542662943125
1791134040,0.0003094270872114536,0.00031612316811189536,0.0002936889536962294,0.0003045733999869557,2717.25268503057
1791134100,0.0003045733999869557,0.00032241715476027434,0.0003045733999869557,0.00032241715476027434,1455.812848822195
1791134160,0.00032241715476027434,0.00032419972449088667,0.00031436791015101225,0.0003185406207001758,785.7213506119064
1791134220,0.0003185406207001758,0.00032030148441906275,0.00030003871842644255,0.0003028592636879109,1637.2942866311223
1791134280,0.0003028592636879109,0.0003052103807065078,0.00029765473689856583,0.00029765473689856583,705.408494879272
1791134340,0.00029765473689856583,0.0003009228489281686,0.0002942021599271748,0.00029717620190037176,798.5450854004933
1791134400,0.00029717620190037176,0.00030779135255662254,0.0002917945135670989,0.00030002685169950585,1538.2507865101384
1791134460,0.00030002685169950585,0.0003167942489736301,0.0002977036702873444,0.0003108422092401015,2475.7534903516307
1791134520,0.0003108422092401015,0.0003118487597365689,0.00029508182343460895,0.000299796057487786,1223.7686049157996
1791134580,0.000299796057487786,0.00035088864925907634,0.0002991838338552266,0.00034080339954382796,3388.47443624683
1791134640,0.00034080339954382796,0.00034265482280821475,0.0003283550898601781,0.0003320618368592582,926.2511049775168
1791134700,0.0003320618368592582,0.0003327785610429703,0.0003147528502457357,0.0003218119713230713,1153.7283086370737
1791134760,0.0003218119713230713,0.0003249403214063683,0.0003182121832297978,0.0003194258194009339,354.8220015011304
1791134820,0.0003194258194009339,0.00032258406192274775,0.00031697095429061904,0.00032134261541404976,421.6694805380876
1791134880,0.00032134261541404976,0.000347926647778699,0.00031604133926851013,0.00034385307148287905,1788.253673896963
1791134940,0.00034385307148287905,0.00034685862472539817,0.00033935219423793326,0.00034207683509748023,496.2568798447839
1791135000,0.00034207683509748023,0.00034612635374691467,0.0003291190415951657,0.0003320899000610539,781.7463932473956
1791135060,0.0003320899000610539,0.0003577906906538323,0.0003268584424349565,0.00035369058471523693,2349.5882976480607
1791135120,0.00035369058471523693,0.00036035381705456886,0.000353020591017416,0.0003580147000624658,516.8439880776491
1791135180,0.0003580147000624658,0.0003793185030746141,0.00035346074978511084,0.00037884837965190414,1828.2782681130968
1791135240,0.00037884837965190414,0.00038865719025191496,0.00037557419250046576,0.0003801522017900738,1036.3516112617162
1791135300,0.0003801522017900738,0.0003807125323286913,0.0003565925157560189,0.00035841418348645583,1456.159867113546
1791135360,0.00035841418348645583,0.0003659436706245377,0.0003572773839121758,0.0003655955137403334,500.71608333564023
1791135420,0.0003655955137403334,0.00036743438677777965,0.00034567061234085024,0.00034619971716884406,1525.8639966843152
1791135480,0.00034619971716884406,0.00036119438770140273,0.00034619971716884406,0.00035403202447329655,679.7143817398629
1791135540,0.00035403202447329655,0.00036032898090448403,0.0003537011916667277,0.0003537952432173132,310.5792712629601
1791135600,0.0003537952432173132,0.0003670645242287177,0.0003537571718769164,0.0003624358691575901,450.48595170192675
1791135660,0.0003624358691575901,0.00037962403716082564,0.0003577301213066281,0.0003591823068190693,3293.8217864889757
1791135720,0.0003591823068190693,0.00036491211622646514,0.000354064123347268,0.00035415750895702243,998.6490824315617
1791135780,0.00035415750895702243,0.0003589364402785476,0.000333020413937081,0.0003371519909855199,1258.381163603403
1791135840,0.0003371519909855199,0.0003371519909855199,0.0003178176112231788,0.00032188376684388106,1990.1467985056543
1791135900,0.00032188376684388106,0.00033776584460351946,0.00032188376684388106,0.00033096741762759314,1061.6640788367843
1791135960,0.00033096741762759314,0.0003435392211205882,0.0003308721384999437,0.00033877337137166086,427.40249843505615
1791136020,0.00033877337137166086,0.00035081642445716245,0.00033502214356320525,0.00035081642445716245,898.0058572849113
1791136080,0.00035081642445716245,0.0003593618838675209,0.0003345804042117718,0.0003345804042117718,3057.1355268549546
1791136140,0.0003345804042117718,0.00034791712515893925,0.0003305525781161809,0.00034791712515893925,938.9982840351553
1791136200,0.00034791712515893925,0.0003591740616606037,0.00034791712515893925,0.0003535694902086361,605.7649763080811
1791136260,0.0003535694902086361,0.0003595737143757822,0.00035317588887539013,0.00035317588887539013,419.5754645349321
1791136320,0.00035317588887539013,0.00035859380637857057,0.00035317588887539013,0.00035349293890912163,76.41103178765137
1791136380,0.00035349293890912163,0.0003580111469923027,0.0003526797518688944,0.0003526797518688944,84.91527248989664
1791136440,0.0003526797518688944,0.00035661717416081743,0.00034429278384655657,0.00035111528617984896,751.9137439871389
1791136500,0.00035111528617984896,0.0003640352241036677,0.0003465478460264974,0.0003640352241036677,694.3700785265182
1791136560,0.0003640352241036677,0.0003734557646419118,0.00036030254713135374,0.00036925100527975305,623.802625514614
1791136620,0.00036925100527975305,0.00038454675470911024,0.0003692215019027763,0.00038454675470911024,628.423377738484
1791136680,0.00038454675470911024,0.00038572634893855196,0.0003776390657561989,0.00037837208373484927,735.3223675434939
1791136740,0.00037837208373484927,0.0003835714193992167,0.00037554201655690226,0.0003811803370427724,316.4502072808183
1791136800,0.0003811803370427724,0.00038146571251003014,0.00037174695544025296,0.00037174695544025296,338.92695384249737
1791136860,0.00037174695544025296,0.0003769336161042725,0.00037114332402300173,0.0003712410582841936,184.50338531478027
1791136920,0.0003712410582841936,0.00042277385814229235,0.0003712410582841936,0.000406371833290691,3358.332114210021
1791136980,0.000406371833290691,0.000413507388227867,0.00040009197094212216,0.00040121585725096744,2704.563882765105
1791137040,0.00040121585725096744,0.0004081809342551411,0.0003874158247400936,0.0003978534514213032,872.9865209955609
1791137100,0.0003978534514213032,0.0003978534514213032,0.0003572829929157091,0.00036692079158744193,4697.110666537031
1791137160,0.00036692079158744193,0.00036692079158744193,0.00034165638338987857,0.00034271170365029026,816.3397289402944
1791137220,0.00034271170365029026,0.00034271170365029026,0.0003309024943735964,0.0003368898562779314,473.7359199745856
1791137280,0.0003368898562779314,0.0003374676481314058,0.00032228950044028504,0.0003251443922930575,1030.8126378432137
1791137340,0.0003251443922930575,0.0003360707371330806,0.0003107669386958345,0.0003360707371330806,2943.412414600073
1791137400,0.0003360707371330806,0.0003553657638762007,0.0003360707371330806,0.00034947381025346317,1031.912785210225
1791137460,0.00034947381025346317,0.0003545413974697213,0.0003443518842948373,0.0003443518842948373,502.8979049170914
1791137520,0.0003443518842948373,0.00035765235967270446,0.00034418562844807065,0.00035765235967270446,1154.215373045123
1791137580,0.00035765235967270446,0.00035768196963118046,0.0003505470655904872,0.00035768196963118046,323.7934390889863
1791137640,0.00035768196963118046,0.0003579483975335192,0.00035145719736570224,0.0003550260547153643,297.8481884661882
1791137700,0.0003550260547153643,0.0003551330543371606,0.00034942947094043536,0.00034942947094043536,285.5393085289572
1791137760,0.00034942947094043536,0.00034943346897955946,0.00033678249826894226,0.00033678249826894226,657.299810995356
1791137820,0.00033678249826894226,0.000342486710960568,0.00033678249826894226,0.0003368018430194598,174.03074661870866
1791137880,0.0003368018430194598,0.0003412267368128074,0.0003297120537480689,0.0003336138802629056,480.7565719945178
1791137940,0.0003336138802629056,0.0003336138802629056,0.0003230540084846935,0.0003331667386293985,978.1705572261885
1791138000,0.0003331667386293985,0.00033461663100749185,0.00032950908569266067,0.00033001270296221104,133.94217158116427
1791138060,0.00033001270296221104,0.00033131254480736215,0.00031853554965784533,0.000326090379790251,783.2743328691557
1791138120,0.000326090379790251,0.00036708930351812634,0.0003239721444056522,0.00036708930351812634,3372.376998621952
1791138180,0.00036708930351812634,0.00037104173336402854,0.0003622255999163125,0.00036508337824623554,552.8745188762322
1791138240,0.00036508337824623554,0.000370041091609601,0.00035481144993978786,0.0003594744636083009,764.7729309017085
1791138300,0.0003594744636083009,0.00035953901641718096,0.00035413222050707056,0.0003578143331260903,135.84702293500803
1791138360,0.0003578143331260903,0.0003589306181675656,0.00035287938205463436,0.0003589306181675656,223.66460794850676
1791138420,0.0003589306181675656,0.000370664887967429,0.00035667877907757787,0.0003653756004460638,752.1370926524804
1791138480,0.0003653756004460638,0.0003653756004460638,0.0003560314053813006,0.00036143256312888675,502.0478055045642
1791138540,0.00036143256312888675,0.0003810176105493863,0.00035713911755955993,0.0003810176105493863,1169.7566315162871
1791138600,0.0003810176105493863,0.00041025522045751,0.0003810176105493863,0.0004050100467906717,2573.291192631075
1791138660,0.0004050100467906717,0.00043310626980828503,0.0004050100467906717,0.0004305166135524756,2155.2119841991603
1791138720,0.0004305166135524756,0.00048200634852555666,0.00041569588918772963,0.00048200634852555666,4910.283194476707
1791138780,0.00048200634852555666,0.0004922320842902086,0.00042194320710638747,0.00047543039358826934,7945.3990476297795
1791138840,0.00047543039358826934,0.0005368092712011569,0.00047543039358826934,0.0005232457872015256,7904.1400427441195
1791138900,0.0005232457872015256,0.0005238646687066653,0.00048051985502500544,0.000494255612059959,7431.567892584526
1791138960,0.000494255612059959,0.0004958536453206298,0.0004574253888950499,0.00048053267234528604,3964.9569120261494
1791139020,0.00048053267234528604,0.00048341802279797276,0.0004546579434697574,0.0004620485798661687,1813.090859030258
1791139080,0.0004620485798661687,0.00047015203532611383,0.0004475152464497787,0.00046241817314646215,1885.9487844397158
1791139140,0.00046241817314646215,0.00046241817314646215,0.0004403774983028423,0.0004465067246146045,1292.7419967053602
1791139200,0.0004465067246146045,0.00045274736699704574,0.00044548122616662163,0.00045274736699704574,438.6939658321434
1791139260,0.00045274736699704574,0.0004624262809099641,0.0004364805803587252,0.0004364805803587252,1623.0980583582693
1791139320,0.0004364805803587252,0.00044306320954545076,0.00043591422826638976,0.00043781790822149596,183.64853906560327
1791139380,0.00043781790822149596,0.0004443174206858467,0.00043131389105029004,0.00043972376991726985,643.9340830813887
1791139440,0.00043972376991726985,0.0004409273465097027,0.0004344544252542242,0.0004409273465097027,31.65789493054961
1791139500,0.0004409273465097027,0.0004409273465097027,0.0004313566988874499,0.0004372574600866761,212.2423979731158
1791139560,0.0004372574600866761,0.0004441246101165386,0.0004368212721753949,0.0004441246101165386,352.4311772395812
1791139620,0.0004441246101165386,0.0004456935787654854,0.0004340086157427918,0.00044162461309527886,251.9811806226984
1791139680,0.00044162461309527886,0.00044162461309527886,0.00042229000619519586,0.00042554400671727217,1180.5094652986609
1791139740,0.00042554400671727217,0.00042569514032787803,0.0004189925785335364,0.00042569514032787803,177.27291230625605
1791139800,0.00042569514032787803,0.0004317269668603107,0.0004244362875803318,0.0004244362875803318,422.06079266846666
1791139860,0.0004244362875803318,0.00043115229552835853,0.0004228535121366979,0.0004253516137039756,143.37385882244828
1791139920,0.0004253516137039756,0.0004340161326692778,0.00042412347064208465,0.0004323596405910383,556.1890533818596
1791139980,0.0004323596405910383,0.00043583835032526746,0.00042630071750908953,0.0004296624405437463,304.48649452352026
1791140040,0.0004296624405437463,0.00043581880587895773,0.0004261845256652392,0.0004261845256652392,243.07365487483716
1791140100,0.0004261845256652392,0.0004261845256652392,0.00039467515899748725,0.00039576970211367,1524.2561979824573
1791140160,0.00039576970211367,0.00039769308398263743,0.00038709578866007193,0.0003937247168865987,611.060261501069
1791140220,0.0003937247168865987,0.00039459320521831087,0.00036335863544213737,0.0003644031313728474,3208.513398837954
1791140280,0.0003644031313728474,0.00037406744447934467,0.0003573634782159114,0.0003711386793099794,2127.1104719658297
1791140340,0.0003711386793099794,0.0003734225663250382,0.00036656659297913956,0.0003675864930461188,322.23095219179146
1791140400,0.0003675864930461188,0.0003703049776887323,0.00036212598145085416,0.0003675591261261846,340.0296255605503
1791140460,0.0003675591261261846,0.000368436762448056,0.0003621452248382276,0.0003638078731238078,145.41121776677286
1791140520,0.0003638078731238078,0.00036923867388059426,0.0003470778350118044,0.0003489758986737341,1307.0853822370439
1791140580,0.0003489758986737341,0.00035513849825503544,0.00034490705980732195,0.00035054832883534584,829.8766691367355
1791140640,0.00035054832883534584,0.00035396212126475885,0.00034839483824798846,0.00035217669694969045,296.8422501785435
1791140700,0.00035217669694969045,0.0003630632659379759,0.0003517808153783953,0.0003608405210761728,911.879320664295
1791140760,0.0003608405210761728,0.0003652105828139422,0.0003501912503265896,0.00035555613980005113,718.481923587712
1791140820,0.00035555613980005113,0.00035555613980005113,0.0003434643402775599,0.0003434643402775599,462.350134716527
1791140880,0.0003434643402775599,0.0003465528797783022,0.0003318935859252711,0.0003318935859252711,794.4223210299602
1791140940,0.0003318935859252711,0.0003381964388970335,0.0003318935859252711,0.0003381964388970335,317.0745977989792
1791141000,0.0003381964388970335,0.000343591534331083,0.00033310170071471854,0.00033921704376434035,379.0030441695699
1791141060,0.00033921704376434035,0.00034357272819101877,0.00033561811174681236,0.0003362635461104455,343.3509960958266
1791141120,0.0003362635461104455,0.00034291730894827764,0.000334779188370404,0.00034291730894827764,230.10333373802337
1791141180,0.00034291730894827764,0.00034838249677383637,0.0003423700773569073,0.0003457164147951149,378.35673518149025
1791141240,0.0003457164147951149,0.00035836641380178975,0.00034500497118832235,0.00035836641380178975,717.8646163338269
1791141300,0.00035836641380178975,0.00035836641380178975,0.0003530119951134311,0.000353013502535302,68.24513328084629
1791141360,0.000353013502535302,0.0003841605057675872,0.000353013502535302,0.0003841605057675872,2002.7476444731699
1791141420,0.0003841605057675872,0.000401117002754358,0.0003755503971468681,0.0003806803232026558,2992.708702146902
1791141480,0.0003806803232026558,0.0004049041429594819,0.0003806803232026558,0.0003955587507869681,1526.8722698584766
1791141540,0.0003955587507869681,0.00040192093855591246,0.0003868802767828021,0.0003945090902298103,597.2079483726454
1791141600,0.0003945090902298103,0.000396614604985997,0.00039019574789349575,0.000396614604985997,131.37438305727417
1791141660,0.000396614604985997,0.000396614604985997,0.0003897675289911435,0.00039176491575489575,53.46696076842153
1791141720,0.00039176491575489575,0.0003968478353598628,0.0003864141285643579,0.0003944064031195228,196.12219480447837
1791141780,0.0003944064031195228,0.0003951703224384906,0.0003881360167370869,0.00039516903788732843,81.19215679467725
1791141840,0.00039516903788732843,0.0003992761289199499,0.0003904811350005533,0.00039188817057299996,612.0801369717059
1791141900,0.00039188817057299996,0.00039188817057299996,0.0003694752573454988,0.00037126867229723124,937.3395154636378
1791141960,0.00037126867229723124,0.0003763898512576849,0.00037126867229723124,0.00037171932718740034,83.1841314966634
1791142020,0.00037171932718740034,0.00037697344193350326,0.0003678974225452011,0.0003724183998970796,423.99928736542483
1791142080,0.0003724183998970796,0.0003794464832850703,0.000365668901177466,0.0003794464832850703,378.1411257986697
1791142140,0.0003794464832850703,0.0003794464832850703,0.00037173861037815073,0.00037896979658378396,261.6688314049753
1791142200,0.00037896979658378396,0.0004026756766526093,0.0003740263572998216,0.0004026756766526093,1707.9187527521328
1791142260,0.0004026756766526093,0.000406408970975226,0.00038581909311638686,0.0003869441656967876,950.5359034100693
1791142320,0.0003869441656967876,0.00039674564930964885,0.0003869441656967876,0.0003951804478079424,1098.3928581741836
1791142380,0.0003951804478079424,0.0003951804478079424,0.00034937292371268054,0.0003681850580779973,4485.024305194897
1791142440,0.0003681850580779973,0.0003696087752800474,0.0003580253718486603,0.00036531982560219134,299.30018010263234
1791142500,0.00036531982560219134,0.00036531982560219134,0.00035389503948215557,0.0003604160524751045,23.442692550383857
1791142560,0.0003604160524751045,0.00036674532631539346,0.00035601366698635836,0.00035601366698635836,429.80336263700434
1791142620,0.00035601366698635836,0.00037484007009019134,0.00035601366698635836,0.00037484007009019134,347.0877170693201
1791142680,0.00037484007009019134,0.00037969803158026557,0.0003696585964909753,0.00037969803158026557,385.8954097490642
1791142740,0.00037969803158026557,0.000387021653045069,0.00036683056266729737,0.0003851364281324785,602.349595393495
1791142800,0.0003851364281324785,0.0003925548519502187,0.00037670124539841986,0.00038710454932237577,434.9877782658901
1791142860,0.00038710454932237577,0.00039279701542954237,0.0003744365720785711,0.00039279701542954237,693.9010587605482
1791142920,0.00039279701542954237,0.0003935064906734744,0.0003806334120942323,0.00038797267367426355,38.85121197935103
1791142980,0.00038797267367426355,0.00039587023606759715,0.0003820699627523337,0.00039587023606759715,306.48590924061875
1791143040,0.00039587023606759715,0.00039852699930700516,0.00038717622259797584,0.00038717622259797584,194.3458716415654
1791143100,0.00038717622259797584,0.00039853669061572716,0.00038717622259797584,0.0003925116182385767,74.1094059909126
1791143160,0.0003925116182385767,0.0003972134407573876,0.00038379351816084377,0.00039696985087687335,72.17364704709144
1791143220,0.00039696985087687335,0.0004684356800793154,0.00039125403470448186,0.0004628263004332691,6007.042332209768
1791143280,0.0004628263004332691,0.0004628263004332691,0.00044298552405109534,0.00044623698402706646,606.8627052328013
1791143340,0.00044623698402706646,0.00045148399648028807,0.00042768038297528484,0.00043813268257098274,455.0118854676443
1791143400,0.00043813268257098274,0.00044108958492437877,0.0004130606162408255,0.0004214166834796166,617.379875504051
1791143460,0.0004214166834796166,0.0004272536566499212,0.00041885203144822623,0.00041885203144822623,284.9591371257867
1791143520,0.00041885203144822623,0.0004238698078154166,0.0004076760192324811,0.00040960639537095735,444.52809794512234
1791143580,0.00040960639537095735,0.0004263109980839169,0.0004010905610021352,0.0004263109980839169,560.5940133688365
1791143640,0.0004263109980839169,0.00042634546439700253,0.0004136830007164092,0.0004199020164040064,92.73649148818632
1791143700,0.0004199020164040064,0.00043825365008718097,0.00040934391507262705,0.00043825365008718097,1091.085245965331
1791143760,0.00043825365008718097,0.00043825365008718097,0.0003286309754023377,0.0003477666882568839,12804.443622959081
1791143820,0.0003477666882568839,0.00034848329476636634,0.00031877708654017874,0.00033870436653963827,487.1984565911256
1791143880,0.00033870436653963827,0.00034940515929555944,0.0003238722248775154,0.00034457048324990997,571.1951280750598
1791143940,0.00034457048324990997,0.00034457048324990997,0.00032602570454467214,0.0003287567406336397,1126.2927678586145
1791144000,0.0003287567406336397,0.00033162665978956517,0.0003237092909238853,0.00032837638953835433,618.1399995633686
1791144060,0.00032837638953835433,0.00032837638953835433,0.0003151609158394478,0.0003151609158394478,1457.7910605490674
1791144120,0.0003151609158394478,0.0003151609158394478,0.0002840315225356611,0.0002964106347245937,3824.1944273620693
1791144180,0.0002964106347245937,0.0002965434929117737,0.0002808095520448182,0.0002879957398222254,2283.971166879791
1791144240,0.0002879957398222254,0.00029354889416638365,0.00026554908915294443,0.0002723564210259799,4252.973659085211
1791144300,0.0002723564210259799,0.00027608592037688015,0.0002709533169636026,0.00027287588872916985,588.672071566673
1791144360,0.00027287588872916985,0.00028573565908971256,0.00027287588872916985,0.00028573565908971256,2441.590589400656
1791144420,0.00028573565908971256,0.0002903138562100256,0.00028520109226534706,0.0002866439931964791,149.29711550460135
1791144480,0.0002866439931964791,0.000293079922027453,0.00028634219499286764,0.0002884439481853791,439.4034999093214
1791144540,0.0002884439481853791,0.0002884439481853791,0.0002694176847515094,0.0002733371143842198,2048.791740145756
1791144600,0.0002733371143842198,0.0002764332967977734,0.0002618990109247909,0.0002618990109247909,640.502423552385
1791144660,0.0002618990109247909,0.00027951169545896334,0.00024543875538832465,0.00027232290049517715,5556.604901309623
1791144720,0.00027232290049517715,0.00027548370607800485,0.0002718331008531226,0.00027184441285139384,48.09968569545471
1791144780,0.00027184441285139384,0.0002765778231959252,0.0002575316088161887,0.0002575316088161887,1614.1549651606474
1791144840,0.0002575316088161887,0.0002593408302198448,0.0002544241780419758,0.0002574525139466768,337.9410825955183
1791144900,0.0002574525139466768,0.0002597078698639732,0.00025520965228181174,0.00025895592488891307,371.9816073177605
1791144960,0.00025895592488891307,0.00026656839963606514,0.00025895592488891307,0.00026656839963606514,343.3941958477354
1791145020,0.00026656839963606514,0.00026765669769906043,0.0002603049511022127,0.00026553689785230176,514.7355205286102
1791145080,0.00026553689785230176,0.000266281834340352,0.00026166648470334536,0.000261882931787111,160.01224150988546
1791145140,0.000261882931787111,0.0002744819648787932,0.0002618370010384605,0.0002744819648787932,558.6803941739055
1791145200,0.0002744819648787932,0.0002756651646471093,0.000267417192564532,0.000267417192564532,357.8918740593529
1791145260,0.000267417192564532,0.00027112233285799735,0.0002668790963260751,0.0002668790963260751,94.9240478146849
1791145320,0.0002668790963260751,0.0002748688471922686,0.00026674669429123745,0.0002748688471922686,283.4904123366406
1791145380,0.0002748688471922686,0.0002750814097771499,0.00027134423357170085,0.00027134423357170085,31.660628688823653
1791145440,0.00027134423357170085,0.00027741479184775303,0.0002709663664294434,0.00027386376566770145,284.83219098601444
1791145500,0.00027386376566770145,0.00027490874178154665,0.0002577853434431249,0.00025900129545967086,1821.7172064083134
1791145560,0.00025900129545967086,0.00027664822791303523,0.0002548157162779528,0.00027664822791303523,1320.4333397303135
1791145620,0.00027664822791303523,0.00027777447457111906,0.00027363174152641626,0.0002738734067859409,97.87624000220869
1791145680,0.0002738734067859409,0.00027823516068493855,0.0002734017147641731,0.0002734017147641731,179.12667689347995
1791145740,0.0002734017147641731,0.0002778572180450743,0.0002734017147641731,0.00027413077190300406,82.26205905755627
1791145800,0.00027413077190300406,0.00028001341626222496,0.00027413077190300406,0.00027636566922599313,147.0007895440915
1791145860,0.00027636566922599313,0.0002858523812052349,0.00027636566922599313,0.0002858523812052349,361.27697961205024
1791145920,0.0002858523812052349,0.0002858523812052349,0.0002703220612626294,0.00027953833647414316,1194.7139312021068
1791145980,0.00027953833647414316,0.00028045592343844413,0.00027585785526786685,0.00027892710165600425,162.44774187421217
1791146040,0.00027892710165600425,0.0002824502606090193,0.00027766835994325355,0.00027766835994325355,13.116452644003207
1791146100,0.00027766835994325355,0.00028150001006061284,0.00027149196474758315,0.0002762013136927264,494.71101523015744
1791146160,0.0002762013136927264,0.000277255223286202,0.00027142503539438653,0.0002753404351493076,162.71051709460994
1791146220,0.0002753404351493076,0.0002780453770482247,0.0002724065612511215,0.0002736764899033341,264.0330421241572
1791146280,0.0002736764899033341,0.0002774822157679521,0.00027283023753956555,0.00027283023753956555,104.78754127166587
1791146340,0.00027283023753956555,0.00027389686214724496,0.0002696388979093123,0.00026999118856763896,250.22464654209656
1791146400,0.00026999118856763896,0.0002750614998589826,0.000269864644543288,0.0002750614998589826,103.75965249179934
1791146460,0.0002750614998589826,0.0002765717811208878,0.0002714233006983174,0.00027195888835756556,100.32482069305635
1791146520,0.00027195888835756556,0.00027556396487580435,0.00027156593519484624,0.0002715840397922524,73.47155356528226
1791146580,0.0002715840397922524,0.00027476041361718735,0.00026899753104472803,0.0002743709638557338,221.92961464536856
1791146640,0.0002743709638557338,0.00027515885024580146,0.0002713808816722634,0.00027511882571498134,62.95979065466236
1791146700,0.00027511882571498134,0.00028563597293959706,0.00027100774079924115,0.00027938473530470437,1309.3504364630157
1791146760,0.00027938473530470437,0.00028898473462649483,0.0002784378260435627,0.00028898473462649483,429.4379294768984
1791146820,0.00028898473462649483,0.00028898473462649483,0.0002828849499727599,0.00028797018194708324,203.7914072347631
1791146880,0.00028797018194708324,0.0002884795695532035,0.00028318544529708163,0.00028318544529708163,147.57730508676644
1791146940,0.00028318544529708163,0.0002872544199285755,0.0002607298143088001,0.00026525751576885544,1889.9072730370647
1791147000,0.00026525751576885544,0.00026930500166523404,0.00026255413047983686,0.0002639348082554302,421.71922945056656
1791147060,0.0002639348082554302,0.000268033621967686,0.0002639348082554302,0.000268033621967686,58.22945306746144
1791147120,0.000268033621967686,0.00026829113632835137,0.0002646173178134114,0.0002647122815341858,32.69526610086086
1791147180,0.0002647122815341858,0.0002647122815341858,0.00023405131473290083,0.00023630197505027572,3154.3136909020695
1791147240,0.00023630197505027572,0.00024098795824539123,0.0002193148135693982,0.00022917806890843695,4287.848409873273
1791147300,0.00022917806890843695,0.00023987464004107586,0.00022116148064093563,0.00022793661049192154,3862.3662495743342
1791147360,0.00022793661049192154,0.00024348751157180152,0.00022769935698026148,0.0002398712331332439,1317.7318971388913
1791147420,0.0002398712331332439,0.000247267855512034,0.0002370335728025967,0.0002391936250184058,935.7306204451097
1791147480,0.0002391936250184058,0.00024773661124082377,0.0002391936250184058,0.00024480047748131836,611.3052824115188
1791147540,0.00024480047748131836,0.00024480047748131836,0.0002355343411774743,0.00023796228232285513,681.6403222899415
1791147600,0.00023796228232285513,0.00024199809305345518,0.0002375798691075046,0.0002375798691075046,178.0055313359049
1791147660,0.0002375798691075046,0.000240835873362624,0.00023736686102778998,0.00023736686102778998,30.10909495542241
1791147720,0.00023736686102778998,0.0002430015891172313,0.00023714773314839946,0.00023904178842576573,234.67912488918813
1791147780,0.00023904178842576573,0.00024059392748428007,0.00023382762460268916,0.00023382762460268916,568.1315235506813
1791147840,0.00023382762460268916,0.00023785174824917727,0.00023382762460268916,0.00023425757484432357,178.31802220029138
1791147900,0.00023425757484432357,0.0002375035815918425,0.00023226471321582007,0.00023453926554431885,403.1571332861984
1791147960,0.00023453926554431885,0.0002359040262873457,0.0002324327921428283,0.0002359040262873457,35.36658771692059
1791148020,0.0002359040262873457,0.0002636230940116677,0.00023450849698093237,0.0002601290137721765,2652.280919127638
1791148080,0.0002601290137721765,0.00026419601691653107,0.00025191574531067517,0.00025191574531067517,1099.108840053534
1791148140,0.00025191574531067517,0.0002686244486802639,0.00025191574531067517,0.00026636555626475286,2036.288167245615
1791148200,0.00026636555626475286,0.0002670846989122243,0.0002631080611846608,0.00026690948322352414,80.58469858224134
1791148260,0.00026690948322352414,0.00026744545465582275,0.0002632240989045092,0.0002671594736809039,84.48947807371566
1791148320,0.0002671594736809039,0.00026738025213532093,0.00026377535999779904,0.00026377535999779904,10.430083412168509
1791148380,0.00026377535999779904,0.00026377535999779904,0.00024887920657191336,0.0002493104012774951,1088.4044900492509
1791148440,0.0002493104012774951,0.0002575780026711391,0.0002493104012774951,0.00025348594945622264,541.114109962676
1791148500,0.00025348594945622264,0.00025942591294802206,0.00025335422077185865,0.0002547644297073912,364.4586025977174
1791148560,0.0002547644297073912,0.0002570484323967987,0.0002515657746333083,0.0002515657746333083,131.21784127237896
1791148620,0.0002515657746333083,0.0002568317136569822,0.00023971529780080164,0.00023971529780080164,1302.8786142768936
1791148680,0.00023971529780080164,0.0002432795054239481,0.00023895819863099872,0.0002406699483605765,340.4719762153166
1791148740,0.0002406699483605765,0.0002545759730103604,0.0002406699483605765,0.00025088423437944624,807.3761701510865
1791148800,0.00025088423437944624,0.00025511484670493335,0.0002460747706250733,0.00024922207373310665,448.04984148509453
1791148860,0.00024922207373310665,0.0002492953994281855,0.0002444361356792172,0.0002475739403250152,111.11259045307469
1791148920,0.0002475739403250152,0.00024842088418853544,0.00024413755389342143,0.00024842088418853544,65.22748218137038
1791148980,0.00024842088418853544,0.00024842088418853544,0.00024362550327998079,0.00024362550327998079,130.35928163651548
1791149040,0.00024362550327998079,0.0002511875944706895,0.00024362550327998079,0.0002474153610868027,301.36895538916565
1791149100,0.0002474153610868027,0.0002505095800286171,0.00024691800008735866,0.00025026013109905856,157.8665871107683
1791149160,0.00025026013109905856,0.00025072040163813547,0.0002469641638168424,0.00025072040163813547,68.67222592683312
1791149220,0.00025072040163813547,0.00025103670271666486,0.00024742194082791194,0.00024742194082791194,13.240035371211196
1791149280,0.00024742194082791194,0.00024742194082791194,0.00024411367361767085,0.00024411367361767085,190.30166206055927
1791149340,0.00024411367361767085,0.0002475351742404891,0.00024411367361767085,0.00024426710571985973,20.090573820694154
1791149400,0.00024426710571985973,0.00025049054270713224,0.00024288072455413062,0.00024306291441596002,474.4311838389771
1791149460,0.00024306291441596002,0.0002483501473066297,0.00024306291441596002,0.0002483501473066297,126.15252206293313
1791149520,0.0002483501473066297,0.0002630006398248698,0.00024478313769808654,0.00025775996267823843,1128.3659895124733
1791149580,0.00025775996267823843,0.00025775996267823843,0.0002565535851359791,0.0002565535851359791,64.62533685961274
1791149640,0.0002565535851359791,0.0002565535851359791,0.00024603570802575545,0.00024603570802575545,714.1172468583586
1791149700,0.00024603570802575545,0.0002495865243414642,0.00024539333040755245,0.00024955924714417844,121.20299506959138
1791149760,0.00024955924714417844,0.00024966356770141047,0.0002461887876491894,0.0002461887876491894,13.22810594079453
1791149820,0.0002461887876491894,0.00024992210650492475,0.0002461887876491894,0.00024982423151487763,54.83228730006336
1791149880,0.00024982423151487763,0.00025209093669730463,0.00024630615270916276,0.0002491069847703322,209.04502228681596
1791149940,0.0002491069847703322,0.000253088403874037,0.0002489573817090987,0.00024909048278654207,128.2002137211022
1791150000,0.00024909048278654207,0.00025406368448762767,0.0002478018086533955,0.00025406368448762767,342.19240790269623
1791150060,0.00025406368448762767,0.00025406368448762767,0.000249101243542951,0.0002492112886334729,461.43955088567435
1791150120,0.0002492112886334729,0.0002504443003639501,0.00024624935685036586,0.0002504443003639501,299.5583136842631
1791150180,0.0002504443003639501,0.0002539178064153873,0.00024745416604099284,0.0002539178064153873,336.0797777099348
1791150240,0.0002539178064153873,0.0002539178064153873,0.00025051370045438287,0.00025051370045438287,15.219721591722672
1791150300,0.00025051370045438287,0.00025347314051829274,0.00025002043431357067,0.00025347314051829274,110.73438022307784
1791150360,0.00025347314051829274,0.00025509733829318695,0.0002514909458241492,0.00025509733829318695,36.42785619986462
1791150420,0.00025509733829318695,0.00025509733829318695,0.00025035579863425395,0.00025035579863425395,113.11548453125964
1791150480,0.00025035579863425395,0.00025035579863425395,0.0002494658942504627,0.0002494658942504627,8.536900575994249
1791150540,0.0002494658942504627,0.00025491732461037033,0.0002494658942504627,0.0002513270217222892,112.22239905120988
1791150600,0.0002513270217222892,0.00025488237474862547,0.0002507986636493476,0.00025422703361469067,74.69969428905458
1791150660,0.00025422703361469067,0.0002550417795950623,0.0002505199165162887,0.00025198803624722,142.2890744701693
1791150720,0.00025198803624722,0.00025512200650219883,0.0002505529205775173,0.0002539073591194283,98.9096035113934
1791150780,0.0002539073591194283,0.0002540058463539075,0.00024272396756957616,0.00024272396756957616,481.9357807972856
1791150840,0.00024272396756957616,0.0002458698280695934,0.0002383538794834379,0.0002418275079300706,267.29107373655677
1791150900,0.0002418275079300706,0.0002418275079300706,0.00023547094429593755,0.00023547094429593755,268.9717711824338
1791150960,0.00023547094429593755,0.0002425817060226108,0.0002345002736380493,0.0002425817060226108,626.1569844559478
1791151020,0.0002425817060226108,0.0002444389693111709,0.00023982723264841986,0.0002440026066040272,269.06039580314007
1791151080,0.0002440026066040272,0.0002547068916359802,0.00024098195952497098,0.0002535872954811831,1036.3235628200623
1791151140,0.0002535872954811831,0.00026018862564301413,0.0002535872954811831,0.00025661904204481357,375.27322824374596
1791151200,0.00025661904204481357,0.00026377546100323434,0.00025661904204481357,0.00026377546100323434,211.10347304179393
1791151260,0.00026377546100323434,0.00027698970297253056,0.0002587811578339505,0.0002716109389673962,1664.2774627198419
1791151320,0.0002716109389673962,0.00032890364804589935,0.0002716109389673962,0.0003205066655649423,5867.356424364159
1791151380,0.0003205066655649423,0.00032352592947142454,0.0003036252933000933,0.00030674757951080936,1688.2841058610081
1791151440,0.00030674757951080936,0.00030674757951080936,0.00030001605629725533,0.00030390708973584995,408.7606377381026
1791151500,0.00030390708973584995,0.00030390708973584995,0.0002960521784480918,0.0003038715587150119,498.4427358520426
1791151560,0.0003038715587150119,0.00030462800988785755,0.0002975907905818659,0.00030121202364439864,272.7010069371576
1791151620,0.00030121202364439864,0.00030121202364439864,0.0002913396934460338,0.00029470447803599763,265.30067056068907
1791151680,0.00029470447803599763,0.00029470447803599763,0.00026801613892068755,0.0002752054853328524,2224.6650509404376
1791151740,0.0002752054853328524,0.00028207017882227994,0.0002752054853328524,0.0002783757008636081,477.59502903438647
1791151800,0.0002783757008636081,0.00028374478700832076,0.00027663071819475295,0.00028374478700832076,498.70950078483514
1791151860,0.00028374478700832076,0.00028374478700832076,0.00027076427972891624,0.0002727923097946368,623.4709639880491
1791151920,0.0002727923097946368,0.0002874548020850533,0.00026677101504958886,0.00028111735199072693,1548.3030570785406
1791151980,0.00028111735199072693,0.0002856939725167837,0.00028111735199072693,0.0002816882339579647,219.3548966980672
1791152040,0.0002816882339579647,0.00028762272534362644,0.00028150469804283325,0.00028762272534362644,280.706726156881
1791152100,0.00028762272534362644,0.00028957513038271095,0.0002849263669803988,0.0002891105174411355,94.88731668579699
1791152160,0.0002891105174411355,0.00028924532123682413,0.0002827242476310558,0.0002827242476310558,189.3199852793594
1791152220,0.0002827242476310558,0.00028933034178363175,0.0002827242476310558,0.00028933034178363175,251.37040029294468
1791152280,0.00028933034178363175,0.0002980711838874646,0.00028933034178363175,0.0002980711838874646,370.69010063017055
1791152340,0.0002980711838874646,0.0003033931483488525,0.0002980711838874646,0.0003022421306502214,413.35955123373503
1791152400,0.0003022421306502214,0.0003070648661940972,0.0003022421306502214,0.0003029471211906387,107.20077687225817
1791152460,0.0003029471211906387,0.000323335299500324,0.0003029471211906387,0.00032206712499194024,1070.2664335657332
1791152520,0.00032206712499194024,0.00032731151386967803,0.00032206712499194024,0.000322817408315626,13.394285395646913
1791152580,0.000322817408315626,0.000322817408315626,0.0003078460647075301,0.00031462929279436387,1463.7848750766352
1791152640,0.00031462929279436387,0.00032239215005220586,0.00031462929279436387,0.00032239215005220586,404.3222528177979
1791152700,0.00032239215005220586,0.0003271675765935401,0.0003209311912814321,0.0003227436604630106,248.41758107723675
1791152760,0.0003227436604630106,0.0003285884451557853,0.00031135798646183784,0.0003215941694603363,1218.5566191474713
1791152820,0.0003215941694603363,0.0003215941694603363,0.00031196409584267204,0.00031196409584267204,281.46558811685935
1791152880,0.00031196409584267204,0.0003174025471693573,0.00031196409584267204,0.0003174025471693573,73.25002824393087
