ts,o,h,l,c,v
1791153060,0.0007732416640981923,0.0008343082486696903,0.0007675399780658047,0.0008131593400902212,5011.614872038257
1791153120,0.0008131593400902212,0.000869392932293229,0.0008131593400902212,0.0008616594470111501,3397.4664310037656
1791153180,0.0008616594470111501,0.0008919624409951238,0.0008512787072537219,0.0008804085659841717,3044.157710299945
1791153240,0.0008804085659841717,0.0009328479684989646,0.0008679551083741129,0.0008955675271054575,3387.070699213197
1791153300,0.0008955675271054575,0.000907632974052767,0.0008517351683343655,0.000868971934915158,2602.8744585283443
1791153360,0.000868971934915158,0.0008846774857095956,0.0008603574041099802,0.0008846774857095956,1094.2899435292188
1791153420,0.0008846774857095956,0.0010153350288820355,0.0008797559914004977,0.0009754028638432949,9215.094191414644
1791153480,0.0009754028638432949,0.0009973600547081081,0.0009268051782723385,0.000928160952577841,4761.533635876643
1791153540,0.000928160952577841,0.0010196846373344613,0.0009237876859111793,0.0009397478837473392,7518.065903351636
1791153600,0.0009397478837473392,0.0014937903698343067,0.0009295139621234126,0.0013583243900084144,60169.522294854556
1791153660,0.0013583243900084144,0.0019830090893083363,0.001285600852250109,0.0017342755159637621,112429.34995104704
1791153720,0.0017342755159637621,0.0019987370959009872,0.0014665304932103293,0.0014740723229807416,70088.83995741294
1791153780,0.0014740723229807416,0.001566427470653039,0.0014391163711347092,0.0015172929394971625,18053.404629062792
1791153840,0.0015172929394971625,0.001609302123121697,0.0014510447508351361,0.001609302123121697,23142.269340469367
1791153900,0.001609302123121697,0.001617538965571833,0.0013759918966474523,0.001397849780745032,20167.617239559622
1791153960,0.001397849780745032,0.0014350614117856757,0.0012292959556344943,0.0013472063187231643,24223.65105958937
1791154020,0.0013472063187231643,0.0014628063626742826,0.0013472063187231643,0.0014172652218446343,14427.96845469839
1791154080,0.0014172652218446343,0.0014172652218446343,0.0013127213477998696,0.001383424340692394,11399.962545421728
1791154140,0.001383424340692394,0.001472029892663793,0.0013374293435620644,0.0013592230593530653,17458.546744413183
1791154200,0.0013592230593530653,0.0014727953211282885,0.0012923922424585724,0.0013986198547733422,10907.963617353062
1791154260,0.0013986198547733422,0.0014405675000968715,0.0011922831918931122,0.0012643765667600558,16007.426947585724
1791154320,0.0012643765667600558,0.0012945218459775743,0.0011857488365128175,0.0012100422748713591,7061.28716030351
1791154380,0.0012100422748713591,0.0012329268417202572,0.0011596515183769588,0.0011881923850600767,6091.739958531899
1791154440,0.0011881923850600767,0.0012537712961512638,0.0011881923850600767,0.001215381586639636,3703.785911010519
1791154500,0.001215381586639636,0.0012332840611469654,0.0010795488382274248,0.0011201784046699077,7319.351840126012
1791154560,0.0011201784046699077,0.0011563211269526473,0.0010350955203710975,0.0011546100459379081,9610.84002601149
1791154620,0.0011546100459379081,0.0012086928471717086,0.0011013847693676457,0.0011487092316349477,9806.801836285711
1791154680,0.0011487092316349477,0.0011509145289135803,0.001128382192858543,0.001150536967089231,1464.3642574775506
1791154740,0.001150536967089231,0.0012601755914365223,0.001150536967089231,0.0012445627296342717,8264.738461286413
1791154800,0.0012445627296342717,0.0012456919736852162,0.001149727092667578,0.001149727092667578,8580.286723944895
1791154860,0.001149727092667578,0.001200910804812532,0.0011185079926085085,0.001163287974706928,6553.994476965803
1791154920,0.001163287974706928,0.00118664306770679,0.0011250340583803514,0.00118664306770679,3655.600946599903
1791154980,0.00118664306770679,0.0011874997023257005,0.001123648231507995,0.0011441065900663536,3324.843224579634
1791155040,0.0011441065900663536,0.0011603370872893437,0.0010991737574022676,0.0011164203936053687,2958.513659538386
1791155100,0.0011164203936053687,0.0011164203936053687,0.0010477436242238075,0.001061761720112041,3387.9398534138704
1791155160,0.001061761720112041,0.001065151537092857,0.001023470506678948,0.001036419609065443,2008.8273351882654
1791155220,0.001036419609065443,0.001054038697789104,0.0009761055667810233,0.0010195514851166333,6362.067304719693
1791155280,0.0010195514851166333,0.0010615202377362559,0.0010109060494370645,0.0010615202377362559,1554.2404846140312
1791155340,0.0010615202377362559,0.001133679655641442,0.0010480468028287934,0.0011220220954975733,3227.4841401842473
1791155400,0.0011220220954975733,0.0012519363297070773,0.0011220220954975733,0.0011992025990596776,6695.688874805328
1791155460,0.0011992025990596776,0.0012740021851344362,0.0011839747333953772,0.0012477872130827676,4456.835771152202
1791155520,0.0012477872130827676,0.0012707855493171304,0.0012188527583317761,0.00124441625061707,3546.1155561734154
1791155580,0.00124441625061707,0.0012951877879154828,0.0012012224844831225,0.0012951877879154828,3261.2249690127283
1791155640,0.0012951877879154828,0.0013580032109389685,0.0012805253797671771,0.0013332351035893267,4971.510453214579
1791155700,0.0013332351035893267,0.0013981959860012922,0.0013130504178749235,0.0013156931707575244,3939.0204790879125
1791155760,0.0013156931707575244,0.0013339758836074973,0.0012656771320563604,0.0012708067736738747,2325.0326633209124
1791155820,0.0012708067736738747,0.0013403942169514557,0.0011843366168463004,0.0013403942169514557,7406.161235519748
1791155880,0.0013403942169514557,0.0014161349569115288,0.0013291348649597978,0.0013451492095129893,6923.685294830571
1791155940,0.0013451492095129893,0.0013451492095129893,0.0012586653387398913,0.0012614168300844404,2325.9485357456206
1791156000,0.0012614168300844404,0.0014497879432875255,0.001255342116577544,0.0013907866194146354,6346.422800039329
1791156060,0.0013907866194146354,0.0013907866194146354,0.001319532350549151,0.0013418258676143621,3464.7028582003604
1791156120,0.0013418258676143621,0.0013507982117091698,0.0012687006005802782,0.001285118815790143,3488.798246962613
1791156180,0.001285118815790143,0.0013167190499726211,0.001276044563099363,0.0013167190499726211,1028.4582824876331
1791156240,0.0013167190499726211,0.0013257717264446632,0.0012317515663574654,0.0012317515663574654,2412.911916675325
1791156300,0.0012317515663574654,0.0012317515663574654,0.0011130955249135427,0.0011130955249135427,8651.66693253017
1791156360,0.0011130955249135427,0.0011273270313846564,0.001082522233926941,0.001115991075934353,3138.3431398321104
1791156420,0.001115991075934353,0.0011206140470871938,0.0010666482611035304,0.0010823888513583249,1817.8390698671951
1791156480,0.0010823888513583249,0.0011184655541923308,0.001052372900096548,0.001052372900096548,2644.7408053107733
1791156540,0.001052372900096548,0.0010888127285008484,0.001052372900096548,0.0010738363698809472,2011.3282416915936
1791156600,0.0010738363698809472,0.0010779362572002414,0.001052772776867215,0.001074901883206521,973.1589765290207
1791156660,0.001074901883206521,0.001074901883206521,0.001043787595393081,0.0010524986728407447,1406.0161033910895
1791156720,0.0010524986728407447,0.0010567592197132127,0.0010271898499953473,0.0010289415413808004,663.3581917882112
1791156780,0.0010289415413808004,0.0010536727065594868,0.0010289415413808004,0.0010526999832767728,667.3643140217937
1791156840,0.0010526999832767728,0.0010527444519270004,0.00103266755679555,0.0010491863584988564,265.8452797144942
1791156900,0.0010491863584988564,0.0010491863584988564,0.0010067710811654115,0.0010067710811654115,1519.7765217579758
1791156960,0.0010067710811654115,0.0010938765458968513,0.0010047374601911423,0.00104062419837268,3466.4888000222986
1791157020,0.00104062419837268,0.0010526880405886745,0.0010362297144204178,0.001051624230777576,512.5284848364228
1791157080,0.001051624230777576,0.0010557666872179614,0.001035661991845204,0.0010529937364798599,1013.2198474687807
1791157140,0.0010529937364798599,0.0010529937364798599,0.0010270787190577936,0.0010270787190577936,480.0740546983786
1791157200,0.0010270787190577936,0.001044557530983841,0.0010212018229905477,0.001044557530983841,927.4776501461158
1791157260,0.001044557530983841,0.0010920644615939439,0.001044557530983841,0.0010839284076464561,1197.4205407977158
1791157320,0.0010839284076464561,0.0010961683873338514,0.0010783951742392205,0.0010927337974988578,680.2459265520117
1791157380,0.0010927337974988578,0.0011485702153714535,0.0010773951098250912,0.0011485702153714535,3412.06042115255
1791157440,0.0011485702153714535,0.0011760237656323824,0.0011083757467950275,0.0011760237656323824,2750.7066907836793
1791157500,0.0011760237656323824,0.001178660907901553,0.0010989537875484977,0.0011407157571336178,4002.67289106068
1791157560,0.0011407157571336178,0.0011829282267203528,0.0011273449901313994,0.001165211624060546,1498.7309613627194
1791157620,0.001165211624060546,0.0011797067329411596,0.0010939876932322499,0.0011103860659477636,2631.5839914801927
1791157680,0.0011103860659477636,0.001113956407018783,0.0010986448078267603,0.0011132357594683953,47.48805984298054
1791157740,0.0011132357594683953,0.0011191489843510557,0.0010997531146189111,0.0011191489843510557,191.99514054782966
1791157800,0.0011191489843510557,0.0011262183463222185,0.0010994987824432447,0.001100096918655981,504.1763133361864
1791157860,0.001100096918655981,0.0011141243527370882,0.0010984899051128675,0.0011141243527370882,223.8880011137555
1791157920,0.0011141243527370882,0.0011141243527370882,0.0010890817466986333,0.0010890817466986333,339.19450061082046
1791157980,0.0010890817466986333,0.001099920273593468,0.0010739606375203335,0.0010739606375203335,503.56656413544516
1791158040,0.0010739606375203335,0.0010739606375203335,0.0010575328556668448,0.0010683769186586886,421.208157926297
1791158100,0.0010683769186586886,0.0010694080750575834,0.0008605587283658095,0.0009123725898135888,12809.005139578867
1791158160,0.0009123725898135888,0.0009592129425338444,0.0009123725898135888,0.0009460418578899389,1127.414820626735
1791158220,0.0009460418578899389,0.0009618337988284653,0.0009341760334961385,0.0009465501590060006,878.3263184126295
1791158280,0.0009465501590060006,0.0009465501590060006,0.0008868931102260485,0.0008868931102260485,1505.890307530308
1791158340,0.0008868931102260485,0.0009179022571703567,0.0008868931102260485,0.0009128758770141006,1581.7095288637538
1791158400,0.0009128758770141006,0.0009210205417776918,0.000861278685983072,0.0009199995172555895,3650.2957887206708
1791158460,0.0009199995172555895,0.0009321140606366978,0.0009090992819106787,0.0009321140606366978,392.8397666860398
1791158520,0.0009321140606366978,0.000981335585717665,0.000918986941720813,0.0009694641045167292,2754.8972871244655
1791158580,0.0009694641045167292,0.00097776919642407,0.0009554603468160684,0.0009701531466836638,550.8133215811167
1791158640,0.0009701531466836638,0.0010047865963813255,0.0009603342111476052,0.0010047865963813255,1185.061623167394
1791158700,0.0010047865963813255,0.0010047865963813255,0.0004131681211257634,0.0005574784618774352,59322.058282512524
1791158760,0.0005574784618774352,0.0006586561767626313,0.0005518955902162877,0.0006232525995531317,19399.23030210393
1791158820,0.0006232525995531317,0.0006308784787565408,0.00025107850867894116,0.0004538404718886248,59178.42824800376
1791158880,0.0004538404718886248,0.000564424601748114,0.00044865942960412014,0.0005412583101861207,33457.38692007028
1791158940,0.0005412583101861207,0.0005426770590168329,0.0004937240964180485,0.0005172664871759598,15716.488793138533
1791159000,0.0005172664871759598,0.000591130766010281,0.0005110011018813899,0.0005556008782518738,13086.303173265842
1791159060,0.0005556008782518738,0.000575106718633044,0.0005300343992303908,0.0005671068085390826,7737.81062833967
1791159120,0.0005671068085390826,0.0006633890816921897,0.0005559357518682047,0.0006496985471570894,16916.703126733148
1791159180,0.0006496985471570894,0.000718248846024731,0.0006436013459332795,0.0006883473937801309,11434.056878072694
1791159240,0.0006883473937801309,0.0006883473937801309,0.0005363750492374682,0.0005462723603528627,22802.589809172532
1791159300,0.0005462723603528627,0.0005659907696149097,0.0005173374395968755,0.0005466344506830899,6137.1089939009225
1791159360,0.0005466344506830899,0.0006322563360578877,0.0005453139369532476,0.000629041963081045,7489.779323053445
1791159420,0.000629041963081045,0.0006868659106139365,0.0006209330115856031,0.0006640401390029548,12964.973080289117
1791159480,0.0006640401390029548,0.0006798501785652331,0.0006367797900804074,0.0006550350685604395,4814.131046314796
1791159540,0.0006550350685604395,0.0006694756874044254,0.000605480751864361,0.000612845700095445,3532.103582887162
1791159600,0.000612845700095445,0.000612845700095445,0.0005797335344538306,0.000605290274577784,2813.248360471448
1791159660,0.000605290274577784,0.0006055164868965417,0.0005638561966497074,0.0005852741391143312,4368.287715702338
1791159720,0.0005852741391143312,0.0006030759884379558,0.0005759834774652445,0.0005953743704560087,2122.282981460021
1791159780,0.0005953743704560087,0.0006329003801232429,0.0005743680920524149,0.0006236733325590137,3456.4530747812
1791159840,0.0006236733325590137,0.0006327218858284158,0.0005820351390088845,0.0006051804681322001,2644.322970765539
1791159900,0.0006051804681322001,0.0006051804681322001,0.0005633436298308193,0.0005772778990972134,4163.360184807368
1791159960,0.0005772778990972134,0.000627835344197659,0.0005766955793019614,0.0006250062739863732,3399.7736798382184
1791160020,0.0006250062739863732,0.0006250062739863732,0.0005940342231553069,0.0006064900983394411,2595.330268982196
1791160080,0.0006064900983394411,0.0006064900983394411,0.0005618498942418259,0.0005842669993085891,4844.579303986739
1791160140,0.0005842669993085891,0.0005991081937461332,0.0005785049067197585,0.0005933267674877597,1452.8155847581424
1791160200,0.0005933267674877597,0.0006009728561459291,0.0005893838895629547,0.0005900302580123112,722.4288789212017
1791160260,0.0005900302580123112,0.0006034297913955056,0.0005553464538273684,0.0005689227490874378,1752.5769655959991
1791160320,0.0005689227490874378,0.0005689227490874378,0.0005595117433127109,0.000561587649482861,528.8513224114394
1791160380,0.000561587649482861,0.0005799531757939549,0.0005583616250661004,0.0005583616250661004,1637.7120473223613
1791160440,0.0005583616250661004,0.0005760303197815017,0.0005462554003333136,0.0005760303197815017,2515.610717315948
1791160500,0.0005760303197815017,0.0005760303197815017,0.0005666967369002592,0.0005732738208865957,120.78773949579505
1791160560,0.0005732738208865957,0.000612255757997598,0.0005476056788493131,0.0006055727288050359,3975.42636636763
1791160620,0.0006055727288050359,0.0006055727288050359,0.0005862201481298733,0.0005904693355181933,741.6152401138824
1791160680,0.0005904693355181933,0.0005904693355181933,0.0005471517485148961,0.0005583708382225437,2127.159786064329
1791160740,0.0005583708382225437,0.000583033591220739,0.0005519468072246766,0.000583033591220739,1227.2261518807065
1791160800,0.000583033591220739,0.0006345675022152784,0.000583033591220739,0.0006127168295678445,4013.650369086272
1791160860,0.0006127168295678445,0.0006143785626587817,0.000594357983054831,0.000594470018658626,1029.3688959850283
1791160920,0.000594470018658626,0.0006230469091957872,0.0005324643528300743,0.0005565124879333075,5860.987542506537
1791160980,0.0005565124879333075,0.0005782717975631168,0.0005471016010554467,0.0005780053220992152,1800.0124580577499
1791161040,0.0005780053220992152,0.0005823037572795144,0.0005724483201823082,0.0005821619836097185,219.6378672370606
1791161100,0.0005821619836097185,0.000582853796166264,0.000541953043527801,0.000568253513431247,2347.922174915751
1791161160,0.000568253513431247,0.0005733512458398325,0.000559387004354694,0.0005666795580998526,542.6360979077035
1791161220,0.0005666795580998526,0.0005789522135767764,0.0005657273024759642,0.0005706173883620081,341.7511340109696
1791161280,0.0005706173883620081,0.0005818922229050796,0.0005676347798903658,0.0005801482636577425,1334.479879391175
1791161340,0.0005801482636577425,0.0005801482636577425,0.0005643590790871465,0.0005706605691159719,655.3860402650382
1791161400,0.0005706605691159719,0.0005726270934749162,0.0005180942598978478,0.0005217237510873865,4792.848687555031
1791161460,0.0005217237510873865,0.0005336281147808808,0.0005102107170876566,0.0005102107170876566,1696.4520511891699
1791161520,0.0005102107170876566,0.0005155324063206715,0.00048598558922994427,0.0004925541406641643,3086.739650999731
1791161580,0.0004925541406641643,0.0005227961390842575,0.0004925541406641643,0.0005166911856808506,1671.4673479575813
1791161640,0.0005166911856808506,0.0005232608529033581,0.0005088597647541445,0.000509317351942676,767.4614117503629
1791161700,0.000509317351942676,0.000509317351942676,0.00048107837720494254,0.00048352149537016356,1973.068517700838
1791161760,0.00048352149537016356,0.0004921459815740528,0.00043498876665542076,0.00046688866409197005,6741.27982386572
1791161820,0.00046688866409197005,0.00047865225875623577,0.00045815736441830407,0.0004766338307029305,783.6887996217416
1791161880,0.0004766338307029305,0.0004787935563067159,0.00043486623737425356,0.00044059848305518233,1767.2632999344173
1791161940,0.00044059848305518233,0.0004662004945518705,0.0004350023461935999,0.0004662004945518705,1498.2453119279899
1791162000,0.0004662004945518705,0.00046719938721475344,0.000458217682565198,0.0004583003667080992,335.3945047167946
1791162060,0.0004583003667080992,0.00047127836887588144,0.00045486091514261514,0.00045486091514261514,784.4304699149139
1791162120,0.00045486091514261514,0.00045486091514261514,0.00042214267179419625,0.00043432679030660923,3254.791802387224
1791162180,0.00043432679030660923,0.0004519837817960523,0.000431766693616749,0.0004424834502761,1278.3642171736765
1791162240,0.0004424834502761,0.0004424834502761,0.00042826342661499877,0.00043743318220810287,1788.980013731818
1791162300,0.00043743318220810287,0.0004584547250077796,0.0004314665039190181,0.0004584547250077796,1050.3740839782467
1791162360,0.0004584547250077796,0.0005158418710223942,0.000453507157474231,0.0005158418710223942,4164.703061692636
1791162420,0.0005158418710223942,0.0005162837940115386,0.0004789380363246685,0.0005162837940115386,4217.859501993348
1791162480,0.0005162837940115386,0.0005162837940115386,0.0004959774561815795,0.0004959774561815795,569.1790220308853
1791162540,0.0004959774561815795,0.000506348392374794,0.000490884818938212,0.000490884818938212,912.6912075278628
1791162600,0.000490884818938212,0.0004976375298525089,0.00047996700677023854,0.0004976375298525089,1010.2645585247567
1791162660,0.0004976375298525089,0.000501431101597322,0.0004913138335612587,0.000500252853657202,395.29946002192156
1791162720,0.000500252853657202,0.0005056788683701642,0.00048646795446619903,0.00049536810041888,1171.5032255907615
1791162780,0.00049536810041888,0.0004977978940637996,0.0004885150729763884,0.0004950285693690953,249.47654284296434
1791162840,0.0004950285693690953,0.0005016394857667012,0.0004887292259875892,0.0005012995363247355,1253.654725700751
1791162900,0.0005012995363247355,0.0005067520346508264,0.0003680943711694421,0.0004173450319800123,10837.582553357153
1791162960,0.0004173450319800123,0.00041753011816743276,0.0003527556750123333,0.00038455624522344695,12774.921046455032
1791163020,0.00038455624522344695,0.00040235180830415853,0.0003691284718996657,0.000400977267894411,3266.3703582995813
1791163080,0.000400977267894411,0.00041689534683047853,0.00039328797968078027,0.00041688689827353405,1395.9500714043784
1791163140,0.00041688689827353405,0.0004217156999442142,0.0004076971511122758,0.00041030583572477847,1099.723113462498
1791163200,0.00041030583572477847,0.0004207113024645459,0.0003903550697630644,0.0004057628471508496,2678.1441120287395
1791163260,0.0004057628471508496,0.0004071596628346967,0.0003860816639808274,0.000396578303355884,2055.1483394731854
1791163320,0.000396578303355884,0.0004445733422020996,0.000373172002140123,0.000441790726487336,6766.520322338185
1791163380,0.000441790726487336,0.0004947552588625148,0.000441790726487336,0.0004669428646928917,7466.655665968314
1791163440,0.0004669428646928917,0.0004985867089645119,0.00046445800692911234,0.0004937778526402221,3226.0614087448453
1791163500,0.0004937778526402221,0.0005059142228927974,0.00046596271562712705,0.00047785757776364567,3988.58671649921
1791163560,0.00047785757776364567,0.0004854876053331648,0.00047407359100303556,0.00047981028523003924,1044.128674198941
1791163620,0.00047981028523003924,0.0004975835845545965,0.00047129246865804813,0.0004913467300299456,1876.0567182944128
1791163680,0.0004913467300299456,0.0004922338675509188,0.0004659769899422461,0.0004741180230904587,1093.9275781626282
1791163740,0.0004741180230904587,0.00047681403351089083,0.0004584058690709242,0.0004584058690709242,1168.2090803581978
1791163800,0.0004584058690709242,0.0004716458248605364,0.0004584058690709242,0.00046411113637714516,870.0088050396826
1791163860,0.00046411113637714516,0.00046411113637714516,0.0004415735786995487,0.00044992522995357853,1584.8085822119938
1791163920,0.00044992522995357853,0.0004679221995911223,0.00044786966813628246,0.0004679221995911223,1008.8300844563526
1791163980,0.0004679221995911223,0.00046809064216717236,0.00044972762020246125,0.0004551846447136638,698.8047536373404
1791164040,0.0004551846447136638,0.00046201106542765333,0.0004483927068230559,0.0004542595570610556,552.9564355073068
1791164100,0.0004542595570610556,0.0004595311602197608,0.0004334437841738615,0.00044229136966585526,1155.3449492055572
1791164160,0.00044229136966585526,0.00044229136966585526,0.00043057064992986,0.0004365860471979319,502.7976820397121
1791164220,0.0004365860471979319,0.000444832645605128,0.0004246180597692291,0.0004334148470588125,1318.0541765531013
1791164280,0.0004334148470588125,0.00043473691555470244,0.0004257720588388924,0.0004313664643899763,340.9964696874124
1791164340,0.0004313664643899763,0.00043344445105221474,0.0004242549960868383,0.0004275086660184222,584.7601489169109
1791164400,0.0004275086660184222,0.00045512385963349057,0.00042593106074394286,0.00045306939370286974,2040.9518905252135
1791164460,0.00045306939370286974,0.0004693567408419855,0.00043587266324289785,0.00043587266324289785,1958.1245835497423
1791164520,0.00043587266324289785,0.00045254295666087005,0.00043587266324289785,0.0004498591812155739,785.2786633587352
1791164580,0.0004498591812155739,0.0004661938109868208,0.0004386853375914169,0.0004553952244205882,2198.072362402066
1791164640,0.0004553952244205882,0.0004572990155988288,0.00043101817105906093,0.0004332636509157437,1133.6456984490642
1791164700,0.0004332636509157437,0.0004591246984925203,0.00043283014820504214,0.00045616474416882433,1298.5632873241088
1791164760,0.00045616474416882433,0.00045616474416882433,0.000442058109319592,0.00044492541265537925,489.8123793701554
1791164820,0.00044492541265537925,0.0004501396536359285,0.0004378097441532638,0.0004478523079079151,891.6725199318491
1791164880,0.0004478523079079151,0.0004563572298428718,0.0004477389572121869,0.0004563572298428718,155.6101983525079
1791164940,0.0004563572298428718,0.00046958733109529565,0.0004507521747240444,0.0004552038370693679,1324.039414222441
1791165000,0.0004552038370693679,0.0004692835115610925,0.00045083015551003214,0.0004667856042641345,214.70169403368922
1791165060,0.0004667856042641345,0.00047205883105944357,0.00045399920080938693,0.00045570725611042455,1439.9642572221571
1791165120,0.00045570725611042455,0.00046746711478479436,0.00045570725611042455,0.00045893743468997534,605.6526544582046
1791165180,0.00045893743468997534,0.0004646010573364266,0.00044625521890416357,0.00044939700621618494,682.2341924940995
1791165240,0.00044939700621618494,0.00045504434201181323,0.00043547401853400255,0.00043735199642377774,1250.1334313328587
1791165300,0.00043735199642377774,0.0004590065008414847,0.00043469188578094004,0.0004590065008414847,1124.4993668054947
1791165360,0.0004590065008414847,0.0004753762153941262,0.0004532358492931466,0.00047041373741816975,880.0930197047854
1791165420,0.00047041373741816975,0.0004731671480164777,0.0004670163711748705,0.0004731671480164777,182.42598608620847
1791165480,0.0004731671480164777,0.0004733666590742059,0.00046034319918722243,0.00046034319918722243,557.7684196829379
1791165540,0.00046034319918722243,0.0004728188985174312,0.00046034319918722243,0.00046663776617301284,104.09810668782356
1791165600,0.00046663776617301284,0.000472148356109174,0.00044924717982749144,0.0004505393035960848,1730.4415451596476
1791165660,0.0004505393035960848,0.000455229538456129,0.0004288689227071721,0.0004384640915603701,1432.6286056818406
1791165720,0.0004384640915603701,0.00046297771636486066,0.00043304242958798944,0.0004558355476211076,1472.5281036819101
1791165780,0.0004558355476211076,0.00045980319128210534,0.0004495415642701829,0.0004533311407470249,546.0116957577422
1791165840,0.0004533311407470249,0.0004533311407470249,0.00043289215323037613,0.00043289215323037613,679.3954404314885
1791165900,0.00043289215323037613,0.00043734685391428306,0.00042720409862732726,0.00042720409862732726,307.10155189029115
1791165960,0.00042720409862732726,0.0004381330402340665,0.0004261323832230669,0.0004333417402930071,841.9369236586467
1791166020,0.0004333417402930071,0.0004333417402930071,0.00042426354839095464,0.000430992772746018,342.7706321015235
1791166080,0.000430992772746018,0.00043424393327746736,0.0004197521467341462,0.00042724620489585603,1511.948577936993
1791166140,0.00042724620489585603,0.0005197956926331622,0.0004272439245135229,0.0005111141858385083,9942.681694412167
1791166200,0.0005111141858385083,0.0005166216202160486,0.00046899491949056743,0.0004913029279285038,5071.773028854877
1791166260,0.0004913029279285038,0.0004941356548700322,0.00043826228375520133,0.0004800975501141759,4526.964115636489
1791166320,0.0004800975501141759,0.0004800975501141759,0.0004592509903382327,0.000476714817994638,1712.8362545596383
1791166380,0.000476714817994638,0.00048299526388455863,0.0004735840730673464,0.0004767678494768026,187.44117589985922
1791166440,0.0004767678494768026,0.000498329475167326,0.0004767678494768026,0.000498329475167326,1117.252264096677
1791166500,0.000498329475167326,0.0005086724980946274,0.0004931067908783847,0.0005027752457177694,430.0708874429808
1791166560,0.0005027752457177694,0.0005397531903448974,0.0005021996384090485,0.0005377053959725003,3242.689018634526
1791166620,0.0005377053959725003,0.0005479734171330128,0.0005252908627678202,0.0005361933696116355,2145.1325719204824
1791166680,0.0005361933696116355,0.0005425190518109975,0.0005019614596966916,0.0005019614596966916,2460.515689858356
1791166740,0.0005019614596966916,0.000511921345442019,0.0004998624587183306,0.0004998624587183306,453.8106099594416
1791166800,0.0004998624587183306,0.0005074254960556479,0.00048608414080478354,0.00048608414080478354,1184.122245101986
1791166860,0.00048608414080478354,0.0004883890411217803,0.0004782002428434554,0.0004782002428434554,176.43094510630442
1791166920,0.0004782002428434554,0.0004782002428434554,0.0004561023021560608,0.0004609162250095812,1345.656762158702
1791166980,0.0004609162250095812,0.00046571100480143676,0.0004538622693024986,0.0004637799613288,756.0612389041338
1791167040,0.0004637799613288,0.0004645511794693396,0.00044779672452483583,0.00045458840891501515,591.557989587783
1791167100,0.00045458840891501515,0.0004927486976848946,0.00044301668330791043,0.0004927486976848946,3744.500828888905
1791167160,0.0004927486976848946,0.0005490455068627293,0.0004920713107757389,0.0005490455068627293,4591.654387825174
1791167220,0.0005490455068627293,0.0006951553667985885,0.0005364557685218863,0.0006802709983947985,19836.49315090866
1791167280,0.0006802709983947985,0.0006835329694827659,0.0005843529875867588,0.0006007845519807884,20469.18716583396
1791167340,0.0006007845519807884,0.0006289114053443708,0.000595411074310355,0.000595411074310355,3868.020831730461
1791167400,0.000595411074310355,0.0006765914804687559,0.0005870886251809068,0.0006606190485722064,8819.800278132592
1791167460,0.0006606190485722064,0.0007725696044461787,0.0006222754636050927,0.0007094003540576827,16232.174153604385
1791167520,0.0007094003540576827,0.0008250093155721613,0.0006985718210853183,0.0008250093155721613,25384.14852056271
1791167580,0.0008250093155721613,0.001085953148507368,0.0007756172070941511,0.0009681688554879454,79183.1634761769
1791167640,0.0009681688554879454,0.0010007771030669564,0.0008524965274035526,0.0008691205158636404,26699.764078977278
1791167700,0.0008691205158636404,0.0010331389065140603,0.0008672452597463529,0.0009519605316388052,27349.023427794302
1791167760,0.0009519605316388052,0.0010504429924421315,0.000886729103526399,0.0009337954199966959,27420.620946502568
1791167820,0.0009337954199966959,0.0011223227490263121,0.0009337954199966959,0.0010638313758184015,37592.38901622504
1791167880,0.0010638313758184015,0.0010643568744381738,0.0009669412554284089,0.000978636799277308,4047.8868214872914
1791167940,0.000978636799277308,0.0009867175406453336,0.0009193657385942692,0.0009366928196145707,8047.305167969985
1791168000,0.0009366928196145707,0.0009366928196145707,0.000809748525850097,0.0008566520254096978,19064.02724779785
1791168060,0.0008566520254096978,0.0008566520254096978,0.0007411242502482743,0.0008223061323625182,17054.859574472233
1791168120,0.0008223061323625182,0.0008847120704620231,0.0008127480573191909,0.0008556541295018874,8625.450303611327
1791168180,0.0008556541295018874,0.000912610256983112,0.0008039437214742193,0.000882479901212533,10033.331494078599
1791168240,0.000882479901212533,0.0009118755017207191,0.0008248078836482124,0.0008584268145729781,8287.678734347532
1791168300,0.0008584268145729781,0.0008835246138405048,0.0008205027147345712,0.0008345580121781733,5960.377577802785
1791168360,0.0008345580121781733,0.0008345580121781733,0.000728907199568155,0.0007750522708301573,10601.80912021909
1791168420,0.0007750522708301573,0.0007750522708301573,0.0007437558053686878,0.0007541331105017537,2886.363861988038
1791168480,0.0007541331105017537,0.0007541331105017537,0.0006760970698519939,0.000737729462536159,6517.612177504147
1791168540,0.000737729462536159,0.0007537184877156488,0.0007226525121403787,0.0007293004733454298,2416.6674924242916
1791168600,0.0007293004733454298,0.0007757487240483547,0.0007193415281102246,0.0007670685353974513,3619.648780205872
1791168660,0.0007670685353974513,0.0007962983206892472,0.000739941356645937,0.0007652328949150223,5947.893173530684
1791168720,0.0007652328949150223,0.0008024631191979016,0.0007489300765891023,0.000793136644640874,3208.974160101608
1791168780,0.000793136644640874,0.0007994188261470968,0.0007323099253007549,0.0007407017415441449,3230.0190405849594
1791168840,0.0007407017415441449,0.0007492092527220937,0.0006957557217390847,0.0007219475103268687,2719.8799852501597
1791168900,0.0007219475103268687,0.0007726514251305238,0.0007094467385639634,0.0007726514251305238,6031.482361816891
1791168960,0.0007726514251305238,0.0007726514251305238,0.0007139031203949273,0.0007410069780690579,6299.016953606453
1791169020,0.0007410069780690579,0.0007652601658842484,0.0007120151303898574,0.0007273564251520626,4438.90645212457
1791169080,0.0007273564251520626,0.001171462808994899,0.0007144082475674802,0.0011377473850513297,61646.12423335345
1791169140,0.0011377473850513297,0.0011377473850513297,0.000991808518091189,0.0009931893836845499,23477.54562045246
1791169200,0.0009931893836845499,0.001179046246157457,0.0009866225456806772,0.0011388049959734086,31598.129884936505
1791169260,0.0011388049959734086,0.0014333895901021685,0.0011388049959734086,0.001216482166431091,61255.9632285801
1791169320,0.001216482166431091,0.0013154607511688577,0.0011077643841765276,0.0011397103031117093,31072.155765265772
1791169380,0.0011397103031117093,0.0012197323613950218,0.0011252988827424016,0.0011717023429624722,12655.459194472623
1791169440,0.0011717023429624722,0.0012254689750276055,0.0011070837505943248,0.0011889463475263987,15514.508911916475
1791169500,0.0011889463475263987,0.001253121988698255,0.0011327451502318798,0.001253121988698255,7948.116380923996
1791169560,0.001253121988698255,0.001275630549735916,0.0011187909414798467,0.0011414468590407254,11743.512370343324
1791169620,0.0011414468590407254,0.0011414468590407254,0.0011015063944174266,0.001113270169834501,3380.3261228728234
1791169680,0.001113270169834501,0.0011183800549248728,0.0010592365988279465,0.0010743312275377432,5619.822388318162
1791169740,0.0010743312275377432,0.001189680272258004,0.0010404028880084298,0.0011730932406138024,11577.043673406364
1791169800,0.0011730932406138024,0.0011964058574124234,0.0011036479592533485,0.001111717801297801,5165.546269519678
1791169860,0.001111717801297801,0.0012998391700428226,0.00108500754304178,0.0012948848089209392,13225.023837326777
1791169920,0.0012948848089209392,0.001475007534568736,0.0012731425580780299,0.0013810306377284795,19244.544754183426
1791169980,0.0013810306377284795,0.0014106796559533656,0.0012724484856117097,0.0013499015642629867,10732.23387719707
1791170040,0.0013499015642629867,0.0013651319095918549,0.001263513306373969,0.0012946013146993083,3672.0024775665456
1791170100,0.0012946013146993083,0.0012946013146993083,0.0012321973630244343,0.0012677919763374958,7089.18700798862
1791170160,0.0012677919763374958,0.0012950903489646322,0.0011552547887600008,0.0011762650375626551,6009.350705038529
1791170220,0.0011762650375626551,0.0011876579066592736,0.0011383622355750692,0.0011383622355750692,1622.484461063984
1791170280,0.0011383622355750692,0.0012566989449217386,0.001125057185467219,0.0012566989449217386,7400.664719342386
1791170340,0.0012566989449217386,0.0012755969235691725,0.0012102233330658681,0.0012418114443482797,4144.916172028085
1791170400,0.0012418114443482797,0.0012418114443482797,0.001188579569914199,0.001188579569914199,2177.6977701993214
1791170460,0.001188579569914199,0.0012066123029371328,0.0011264518360261148,0.0011410500202710958,3340.8085698472455
1791170520,0.0011410500202710958,0.0011470964058963187,0.0010123049188082948,0.0010325874536345019,8956.765896655961
1791170580,0.0010325874536345019,0.0010959265465611426,0.0010204691205311033,0.0010959265465611426,2661.609888141541
1791170640,0.0010959265465611426,0.0011070621801147489,0.0010713997786519862,0.0010913679348814442,1586.5460827541604
1791170700,0.0010913679348814442,0.001152153158512018,0.0010340738903807055,0.0011309170842193953,7030.424489531821
1791170760,0.0011309170842193953,0.0012693689245081893,0.0011309170842193953,0.0012460607583722509,5459.819944668289
1791170820,0.0012460607583722509,0.001321770527506545,0.0012454516743862745,0.001321770527506545,6284.518139107232
1791170880,0.001321770527506545,0.00134021367050899,0.0012735508465299568,0.0012945184225220184,4173.220804049164
1791170940,0.0012945184225220184,0.0012945184225220184,0.0012536866989780425,0.0012536866989780425,1872.4092358604448
1791171000,0.0012536866989780425,0.001298265987374199,0.0012454196521270759,0.0012774681531225818,2333.609752600863
1791171060,0.0012774681531225818,0.001277572376935134,0.0012344586966033576,0.0012460145885200813,1383.473641424824
1791171120,0.0012460145885200813,0.0013551757624229981,0.0012460145885200813,0.0013221949850825668,4813.113387985124
1791171180,0.0013221949850825668,0.0013221949850825668,0.001283207375225587,0.001283207375225587,2092.673867197721
1791171240,0.001283207375225587,0.0013074484010350187,0.0012259058638275696,0.0012259058638275696,2086.6589320940834
1791171300,0.0012259058638275696,0.0012367967255385477,0.001070022959747536,0.0010829454465607776,6762.580799068932
1791171360,0.0010829454465607776,0.0011193281962351537,0.0010706850300057308,0.0011189064481614396,1367.0540411505856
1791171420,0.0011189064481614396,0.0011199430754073232,0.00102697585273303,0.0010432051947382496,3533.0288763757403
1791171480,0.0010432051947382496,0.0010851182178180535,0.0010141972830554795,0.0010851182178180535,2895.551570802336
1791171540,0.0010851182178180535,0.0010912290546134513,0.0010165628896923837,0.001029001236919506,3176.84528382713
1791171600,0.001029001236919506,0.0010914801273502407,0.0010151355036261646,0.0010838235259445998,2583.3609453862873
1791171660,0.0010838235259445998,0.001085432826296704,0.0010671465422503418,0.001077385994482132,547.7424409541377
1791171720,0.001077385994482132,0.0010904406781624362,0.0010723231108611727,0.0010723231108611727,361.03177267843375
1791171780,0.0010723231108611727,0.0010723231108611727,0.0009348285431916092,0.0009652530841615361,12584.73611897967
1791171840,0.0009652530841615361,0.0009876464662400832,0.0008125083205331031,0.0008366401165321457,16841.87362908022
1791171900,0.0008366401165321457,0.0008763232210409266,0.0007886995226738198,0.0008733584535481991,17580.962470918563
1791171960,0.0008733584535481991,0.000917824769120804,0.0008617731424428908,0.0009043567259380735,3578.6592025131526
1791172020,0.0009043567259380735,0.0009488884917411365,0.0008857817287257978,0.0009204846585688073,6792.780645874952
1791172080,0.0009204846585688073,0.0009726088491588835,0.000918016140641792,0.0009598644717088976,5236.795484294754
1791172140,0.0009598644717088976,0.0009598644717088976,0.0008421649596348956,0.0008728920151777806,9877.90953643142
1791172200,0.0008728920151777806,0.0009622461005117413,0.0008674812232451814,0.0009511046751473312,7862.266037858435
1791172260,0.0009511046751473312,0.001135284351893402,0.0009439451038078417,0.0010839495391861437,16649.88000047775
1791172320,0.0010839495391861437,0.0011562899558007062,0.001033558212207935,0.0011471341504179736,15737.00008608677
1791172380,0.0011471341504179736,0.0011531696732747392,0.0010680923083077492,0.0010680923083077492,3835.749340404794
1791172440,0.0010680923083077492,0.0010818476776502791,0.0010495430842815232,0.00105001516889584,954.7902272538512
1791172500,0.00105001516889584,0.0011144561931722783,0.0010464659988036866,0.0010785500142491856,3388.1978175644786
1791172560,0.0010785500142491856,0.0011220591293149842,0.0010765465116404482,0.0011175142796928232,1490.9418626857484
1791172620,0.0011175142796928232,0.0011301367157657593,0.0010836638848493506,0.0011140765193926763,2153.480942803841
1791172680,0.0011140765193926763,0.0011329853532454422,0.0010774033598524137,0.001082058569325184,2059.0079519862293
1791172740,0.001082058569325184,0.0010883454202568776,0.0010608844081245073,0.001080082320293342,1322.9456337976055
1791172800,0.001080082320293342,0.0011370412627929542,0.001080082320293342,0.0010843718261496764,2943.2104440493263
1791172860,0.0010843718261496764,0.0011645132944711875,0.0010838974107861598,0.0011645132944711875,3164.1934553534866
1791172920,0.0011645132944711875,0.0011731969647884501,0.0010773193362396932,0.0010823734032021756,2982.788051533121
1791172980,0.0010823734032021756,0.0010931640055113106,0.0010485329082501591,0.0010592185068092435,1649.7301262626863
1791173040,0.0010592185068092435,0.0010598529977712701,0.0010101911591603604,0.0010314098808519585,4506.173004656607
1791173100,0.0010314098808519585,0.001033713767728004,0.0009644329330880204,0.0009760403254673809,3683.6709316255046
1791173160,0.0009760403254673809,0.0009782424497965625,0.0009432731080955845,0.0009554073954709925,1185.610736155599
1791173220,0.0009554073954709925,0.0009554073954709925,0.0009380411031834657,0.0009380411031834657,313.52175849013497
1791173280,0.0009380411031834657,0.0009756862597146428,0.0009380411031834657,0.0009639355264836302,987.5581181451754
1791173340,0.0009639355264836302,0.0009737063159382513,0.0009573115967273359,0.000957852951684325,168.79544230688094
1791173400,0.000957852951684325,0.000969622771769312,0.0009074747046427049,0.0009267580994818003,2093.3594246573643
1791173460,0.0009267580994818003,0.0009407356031829336,0.0009206674517506801,0.0009312701416727964,710.9966279865331
1791173520,0.0009312701416727964,0.0009312701416727964,0.0008857254960189803,0.000892163456519379,3549.543925837576
1791173580,0.000892163456519379,0.0009025181931633016,0.0008749372219684926,0.0008976504494994514,2047.6237897802907
1791173640,0.0008976504494994514,0.0008976504494994514,0.000858191382628929,0.0008736359986700268,2384.4403360708084
1791173700,0.0008736359986700268,0.0008945792838610046,0.0008597950384474653,0.0008945792838610046,2343.6119020014135
1791173760,0.0008945792838610046,0.0009083165289653636,0.0008829654237139849,0.0008959165224251356,856.3767850032652
1791173820,0.0008959165224251356,0.0009184966413192145,0.0008959165224251356,0.0009169849846185201,600.7808597599395
1791173880,0.0009169849846185201,0.0009551278240858217,0.0009056039211104214,0.0009432057479394469,1375.2271651099184
1791173940,0.0009432057479394469,0.0009741986574381948,0.0009432057479394469,0.0009659654617608028,1736.773143450099
1791174000,0.0009659654617608028,0.0009812768867521174,0.0009322937641528465,0.0009692640101743914,2839.465656578262
1791174060,0.0009692640101743914,0.0009697267872059845,0.0009396715045262851,0.0009396715045262851,708.0934154935255
1791174120,0.0009396715045262851,0.0009708860237576905,0.0009351508681921618,0.0009351508681921618,1677.268760354316
1791174180,0.0009351508681921618,0.0009429251136143093,0.0009128291453275065,0.0009181494947202691,949.010373319328
1791174240,0.0009181494947202691,0.0009236711124382233,0.0009066988084228301,0.0009066988084228301,784.7776943165003
1791174300,0.0009066988084228301,0.0009146031709293201,0.0008864671444535462,0.0009082040105233234,1187.9173960656356
1791174360,0.0009082040105233234,0.0009244848005826166,0.0009082040105233234,0.0009120267512127809,617.2982607814046
1791174420,0.0009120267512127809,0.0009234840046679213,0.0008989089042174587,0.0009078941924500045,564.3810133843604
1791174480,0.0009078941924500045,0.0009078941924500045,0.0008888274383978568,0.0008992979840464168,405.14057017903286
1791174540,0.0008992979840464168,0.0008992979840464168,0.0008552305846885952,0.0008664956436028758,1871.891028879993
1791174600,0.0008664956436028758,0.0008776740130330339,0.000856596521088892,0.0008626020129687822,1433.0291939046044
1791174660,0.0008626020129687822,0.0008719387756083736,0.0008495720563597736,0.0008692260269138318,1112.1436109467359
1791174720,0.0008692260269138318,0.0008820894288618851,0.0008579631194203007,0.0008729689246461984,602.32419909295
1791174780,0.0008729689246461984,0.0008985005468841512,0.0008729689246461984,0.0008970889433603851,901.3673884615242
1791174840,0.0008970889433603851,0.0009383605095830762,0.000889595878054137,0.0009383605095830762,2945.210238428698
1791174900,0.0009383605095830762,0.001071114302779942,0.0009383605095830762,0.0010566708023584317,7936.391529217804
1791174960,0.0010566708023584317,0.001074764993097073,0.0010113440881216957,0.0010241535933596948,2058.388752807481
1791175020,0.0010241535933596948,0.0011456026261457215,0.000986768916394538,0.0011273522067759493,7973.839601438582
1791175080,0.0011273522067759493,0.0011471121083762867,0.0011006441749102497,0.0011140708794265635,2542.257655516244
1791175140,0.0011140708794265635,0.00112347561333727,0.0010759154670097768,0.0010759154670097768,1254.376524371213
1791175200,0.0010759154670097768,0.0011319141598225384,0.0010626216561105952,0.0011156287215526768,1829.82522989853
1791175260,0.0011156287215526768,0.0011546091318680124,0.0011156157082813237,0.0011546091318680124,1397.6043527696515
1791175320,0.0011546091318680124,0.0012241379290798958,0.0011542164382321739,0.0012135046252034455,5025.643027331137
1791175380,0.0012135046252034455,0.0012342178075324406,0.0010956529721170135,0.0011403367814513824,6778.3659158341225
1791175440,0.0011403367814513824,0.0011632060446155354,0.0011141048313421508,0.0011146591599518454,2023.6589789222649
1791175500,0.0011146591599518454,0.001167638717513085,0.0011143889087328912,0.0011673353962210334,1060.9314286073227
1791175560,0.0011673353962210334,0.0012457097974929092,0.0011553024179902036,0.0012293191403245872,2666.009612168357
1791175620,0.0012293191403245872,0.0012567495627011326,0.001181357149949674,0.0011964466539119032,3538.013236487038
1791175680,0.0011964466539119032,0.0012040775301142375,0.0011722843151821625,0.0012040775301142375,1135.0429403919686
1791175740,0.0012040775301142375,0.001240201885795872,0.0011809954634622176,0.0011831813286916303,2606.6712139288984
1791175800,0.0011831813286916303,0.0011837049958337905,0.001123616434378617,0.0011438759192210397,1679.7237270850226
1791175860,0.0011438759192210397,0.00114410373299881,0.0011029915236448978,0.0011170116140140132,1385.1563609213088
1791175920,0.0011170116140140132,0.0011282351961927606,0.0010246846317268242,0.001099026050808662,5627.762435107712
1791175980,0.001099026050808662,0.0011059886525349746,0.0010851740143010327,0.001087905859063643,545.2508033992059
1791176040,0.001087905859063643,0.0011005636146516012,0.0010807915178025279,0.0010807915178025279,303.8904528530482
1791176100,0.0010807915178025279,0.0010807915178025279,0.0009863835060156731,0.000996390393639712,4706.652206999551
1791176160,0.000996390393639712,0.0010416599120019003,0.0009892949837154808,0.0010294029262989644,2374.5836491729224
1791176220,0.0010294029262989644,0.0010405460684053422,0.0010272391478727948,0.0010272788316025142,114.00081717669852
1791176280,0.0010272788316025142,0.0010609426259400611,0.0010272275242903205,0.0010474456711621638,1200.3253334717388
1791176340,0.0010474456711621638,0.0010788477376982109,0.00102256751596823,0.0010637630813571265,2045.9307238359759
1791176400,0.0010637630813571265,0.001103428321785831,0.0010506499179725635,0.0010864026439480195,2506.256012564458
1791176460,0.0010864026439480195,0.0010972480253857767,0.0010709119646751734,0.0010709119646751734,586.5997672575858
1791176520,0.0010709119646751734,0.0010847165570027023,0.0010576417276307519,0.0010576417276307519,546.2458180092358
1791176580,0.0010576417276307519,0.001069182889573232,0.0010554484173173405,0.0010560266340568763,151.90820347857255
1791176640,0.0010560266340568763,0.001068228094905514,0.0010391138666799409,0.0010483124447648335,864.9034886849142
1791176700,0.0010483124447648335,0.0010961115090343124,0.0010483124447648335,0.0010961115090343124,1412.1554368088987
1791176760,0.0010961115090343124,0.0011097271986129525,0.0010873570590443716,0.0010873570590443716,1136.3234513515135
1791176820,0.0010873570590443716,0.001116658320663591,0.0010854122885632965,0.001097446919138546,878.5709742259533
1791176880,0.001097446919138546,0.001117440157632407,0.001096872716240042,0.0010974771713293606,558.6345734087894
1791176940,0.0010974771713293606,0.0011113487516478365,0.0010935811554445018,0.0010977556784490803,328.438866738601
1791177000,0.0010977556784490803,0.0010977556784490803,0.0010955028803081533,0.0010955407706910562,28.787317762434665
1791177060,0.0010955407706910562,0.0010955407706910562,0.0010761623449951762,0.0010761623449951762,497.07320382666467
1791177120,0.0010761623449951762,0.001085930616657918,0.0009975675198691896,0.0010358632533896898,3395.774315761606
1791177180,0.0010358632533896898,0.0010610873154756847,0.0010358632533896898,0.0010610873154756847,432.2226427348572
1791177240,0.0010610873154756847,0.0010610873154756847,0.0010167480163618724,0.0010167480163618724,902.1707769604687
1791177300,0.0010167480163618724,0.0010282969283466157,0.0009665541153692262,0.0009720921767535644,2124.6910651417224
1791177360,0.0009720921767535644,0.0009790012624562297,0.0009570835127151651,0.0009779806139180681,974.3387211648112
1791177420,0.0009779806139180681,0.000987070825473635,0.0009511867135746526,0.0009511867135746526,1036.8065476461525
1791177480,0.0009511867135746526,0.0009628125872769784,0.0009487859935400103,0.0009628125872769784,183.25822041165404
1791177540,0.0009628125872769784,0.0009644562194488535,0.0009310102989589508,0.0009420164745252152,1298.4349829721607
1791177600,0.0009420164745252152,0.0009420164745252152,0.0009035337245812354,0.0009239798726697966,2813.8967972961987
1791177660,0.0009239798726697966,0.0009384506426835657,0.0009035528382844687,0.0009193014025404721,984.0165130588049
1791177720,0.0009193014025404721,0.0009193014025404721,0.0008861475070175938,0.0008965433006777493,953.4389684802002
1791177780,0.0008965433006777493,0.0009324412774634835,0.0008879478735044892,0.0009324412774634835,1140.6501288637544
1791177840,0.0009324412774634835,0.0009366510079507419,0.0009221840139916473,0.0009366510079507419,211.12757181772818
1791177900,0.0009366510079507419,0.0009551892874821745,0.0009262566529376437,0.0009551761646502136,546.3876709510984
1791177960,0.0009551761646502136,0.0009554878175892038,0.0009439059545650126,0.0009439059545650126,16.92411000917039
1791178020,0.0009439059545650126,0.0009643233330045401,0.0009410000147491015,0.0009412932644138017,636.2546140986659
1791178080,0.0009412932644138017,0.0009439084550172234,0.0009093769333282426,0.000909705285626141,1339.0054943281882
1791178140,0.000909705285626141,0.0009186455773372965,0.0008707916056511116,0.000899181191690799,2986.0608942021936
1791178200,0.000899181191690799,0.000899181191690799,0.0008572693657446081,0.0008585728663428863,1762.3387305415101
1791178260,0.0008585728663428863,0.000885647739731305,0.0008490800900294176,0.0008850661930567824,2843.1822137528484
1791178320,0.0008850661930567824,0.0009046281967688495,0.0008845459485216054,0.000901940983664628,474.57959919609954
1791178380,0.000901940983664628,0.0009090490242506207,0.0008836069303235896,0.0008836069303235896,1070.3827710796527
1791178440,0.0008836069303235896,0.0008836069303235896,0.0008497131615078802,0.0008518925665683605,1224.6059900007099
1791178500,0.0008518925665683605,0.0008528697195033478,0.0008211715650130704,0.0008524138435976933,1630.6848902218037
1791178560,0.0008524138435976933,0.0008608558550753355,0.000838844238264897,0.000838844238264897,584.3340370192683
1791178620,0.000838844238264897,0.0008790909062328838,0.000838844238264897,0.0008790909062328838,924.219918585546
1791178680,0.0008790909062328838,0.0008821877483043201,0.0008702943316842913,0.0008821877483043201,232.9828424046843
1791178740,0.0008821877483043201,0.0008908541332446505,0.000871935656327283,0.0008908541332446505,488.98968613802003
1791178800,0.0008908541332446505,0.0008920852392042361,0.0008732135556376201,0.0008826995170716116,498.9169195532705
1791178860,0.0008826995170716116,0.0008840413888089194,0.0008671216767511071,0.0008671216767511071,449.1292063690665
1791178920,0.0008671216767511071,0.0008730116558980158,0.0008590300196067751,0.0008641495204846883,371.504340010482
1791178980,0.0008641495204846883,0.000874863250707095,0.0008589123223449167,0.0008589123223449167,252.18519898117185
1791179040,0.0008589123223449167,0.0008947337587244491,0.0008483212779480445,0.0008947337587244491,1426.7309782039
1791179100,0.0008947337587244491,0.0008947505411535016,0.0008671603421510962,0.0008778559595930402,706.6355348821787
1791179160,0.0008778559595930402,0.0008787145616126066,0.0008654154895611737,0.0008654154895611737,154.05735353239277
1791179220,0.0008654154895611737,0.0008753010049999917,0.0008633496745056386,0.0008638057537544089,129.94085652002406
1791179280,0.0008618615912231079,0.0008618615912231079,0.000859311955213335,0.000859311955213335,93.97250668106392
1791179340,0.000859311955213335,0.000859311955213335,0.0008232752941879008,0.0008232752941879008,1400.1807316802876
1791179400,0.0008332178768573954,0.0008357261147679438,0.0008219897690880181,0.0008357261147679438,431.42385185456124
1791179460,0.0008357261147679438,0.0008411562812668077,0.0008171025566324868,0.0008291572597483788,1512.2495970556154
1791179520,0.0008291572597483788,0.000837470710269308,0.0008189202697790824,0.000837470710269308,439.52116790758845
1791179580,0.000837470710269308,0.000837470710269308,0.0007774075429741432,0.0007865203207069386,5094.442947841286
1791179640,0.0007865203207069386,0.0007920859817520887,0.0007636526327145671,0.0007636526327145671,1739.6181749657596
1791179700,0.0007636526327145671,0.0007948407505877366,0.0007623910613513205,0.0007925148456699666,1805.9759652439152
1791179760,0.0007925148456699666,0.0008077455332742505,0.0007851380799050575,0.0007961231923631589,884.57877439938
1791179820,0.0007961231923631589,0.000826203521535359,0.0007899987383149671,0.000826203521535359,1804.4494588246268
1791179880,0.000826203521535359,0.000826203521535359,0.0007629634079700269,0.0007705384332578587,3626.5813434320107
1791179940,0.0007705384332578587,0.0008014401563872858,0.0007375247900438848,0.0007883269560789978,4687.610694568863
1791180000,0.0007883269560789978,0.0007896943573422858,0.0007793775307306052,0.0007895132611482609,195.08554455204157
1791180060,0.0007895132611482609,0.0007895132611482609,0.0007552304131628675,0.0007663026026792817,4231.725715013788
1791180120,0.0007663026026792817,0.000781816273786744,0.0007542103556157186,0.0007803418012472541,815.3860836995904
1791180180,0.0007803418012472541,0.0007848110060827024,0.0007449903899455129,0.0007588103095445908,1503.0817605601728
1791180240,0.0007588103095445908,0.0007875512759937047,0.0007391147657608517,0.0007875512759937047,2461.456996829862
1791180300,0.0007875512759937047,0.0007965117859115558,0.0007792641706589427,0.0007965117859115558,712.9633408166326
1791180360,0.0007965117859115558,0.0008045641499491252,0.0007788440292243296,0.000802522270739648,1774.235053212471
1791180420,0.000802522270739648,0.0008156709315190738,0.0007941457721388079,0.0008076809881020967,869.9329825778503
1791180480,0.0008076809881020967,0.0008539944522337215,0.0008033772327458398,0.0008406360373046027,3423.4522682196084
1791180540,0.0008406360373046027,0.0008507723204162931,0.0008230401344223432,0.0008369608189832248,1385.8873680902839
1791180600,0.0008369608189832248,0.0008394068336834581,0.0008256258315713797,0.000839347532588436,487.830583645913
1791180660,0.000839347532588436,0.000839347532588436,0.0008290864086573036,0.0008290864086573036,11.494147005835956
1791180720,0.0008290864086573036,0.0008414765178300644,0.0008124879796135974,0.0008232102432452871,810.8990871500582
1791180780,0.0008232102432452871,0.0008232102432452871,0.0008061632242614985,0.0008069529884939929,1201.7009846798248
1791180840,0.0008069529884939929,0.0008442871348674047,0.0008060764273055749,0.0008328099162291497,988.1099865355989
1791180900,0.0008328099162291497,0.0008794854793184748,0.0008328099162291497,0.0008723132003950808,2748.759220015619
1791180960,0.0008723132003950808,0.0008928768789203483,0.000865939909257419,0.0008928768789203483,695.2927825457551
1791181020,0.0008928768789203483,0.0008928768789203483,0.0008505612149128267,0.0008605068390623098,1292.4672645886533
1791181080,0.0008605068390623098,0.0008687994909392109,0.0008502039765459812,0.0008687994909392109,366.0278255916442
1791181140,0.0008687994909392109,0.0008802521661992087,0.0008599839915902025,0.0008688441391488643,1321.1516490535691
1791181200,0.0008688441391488643,0.0008702114783034957,0.0008583669277159058,0.000868013670961339,193.47114442145292
1791181260,0.000868013670961339,0.0008698154351128238,0.0008418216636699024,0.0008428890602850326,696.0265596552842
1791181320,0.0008428890602850326,0.0008428890602850326,0.0008047985208168012,0.0008160529591382745,3597.732491508968
1791181380,0.0008160529591382745,0.0008160529591382745,0.0008026093744109913,0.0008125036722542375,222.2888276464754
1791181440,0.0008125036722542375,0.0008133699613286073,0.0008012302123389038,0.0008012302123389038,403.5773312265715
1791181500,0.0008012302123389038,0.0008082173299709997,0.0007940214359235512,0.0008082173299709997,321.56148666841636
1791181560,0.0008082173299709997,0.0008105662329361947,0.0007965613875381894,0.0008087810598263544,344.8634117118633
1791181620,0.0008087810598263544,0.0008087810598263544,0.0007605979726552815,0.0007697671487760354,2075.1682487056933
1791181680,0.0007697671487760354,0.000791021373370541,0.0007697671487760354,0.0007860743244902232,844.2036518875392
1791181740,0.0007860743244902232,0.000805806852670745,0.0007754694283643949,0.0007981630466983794,1251.5060681581676
1791181800,0.0007981630466983794,0.0008077760734623078,0.0007907109485393596,0.0008040763362482003,497.2487952590549
1791181860,0.0008040763362482003,0.0008159111450622396,0.0007992174012895559,0.0008077204376890205,401.52539354289985
1791181920,0.0008077204376890205,0.0008169092425263035,0.0007947755055025342,0.0008037872812749491,491.31546201085615
1791181980,0.0008037872812749491,0.0008173375707989946,0.0007826031873820794,0.0008173375707989946,1237.1006052541761
1791182040,0.0008173375707989946,0.0008173375707989946,0.0007785196300853795,0.0007850427781237907,2054.410029512337
1791182100,0.0007850427781237907,0.0007954267757541911,0.0007698235256721944,0.0007698235256721944,686.746948793039
1791182160,0.0007698235256721944,0.0008583824240930923,0.0007698235256721944,0.0008583824240930923,2701.1587014275287
1791182220,0.0008583824240930923,0.0008583824240930923,0.000837551825016638,0.000837551825016638,607.2867523553408
1791182280,0.000837551825016638,0.0008393592871716818,0.0008284813744993178,0.0008393592871716818,125.0075385063628
1791182340,0.0008393592871716818,0.0008403598516455108,0.0008237404148783125,0.0008258698494907743,312.30514539656934
1791182400,0.0008258698494907743,0.0008277148302461631,0.000816681570369353,0.0008277148302461631,667.2708887475005
1791182460,0.0008277148302461631,0.0008372813421394825,0.00082592663895692,0.00082592663895692,367.3457036176877
1791182520,0.00082592663895692,0.000853108602324404,0.0008224162038676322,0.0008356725755829063,1461.9783290492755
1791182580,0.0008356725755829063,0.0008356725755829063,0.0008244084064282303,0.0008244084064282303,83.84300640371093
1791182640,0.0008244084064282303,0.0008341298242365018,0.0008175433112256934,0.0008263740989593902,242.44741948129143
1791182700,0.0008263740989593902,0.0008263740989593902,0.0008052689239518288,0.0008052689239518288,355.946991884498
1791182760,0.0008052689239518288,0.0009236894127718871,0.0008017940681705675,0.0009063376115235572,10501.585298830067
1791182820,0.0009063376115235572,0.0009543145971008477,0.0008893728820685978,0.0009360474895306524,7303.810186046098
1791182880,0.0009360474895306524,0.0009490961464123246,0.0009225580969461647,0.0009337724329377944,942.0610315145536
1791182940,0.0009337724329377944,0.0009337724329377944,0.0009123103937869754,0.0009137285502841631,618.9804543446139
1791183000,0.0009137285502841631,0.0009137285502841631,0.000894509801074767,0.0009086038821965404,391.8774190647605
1791183060,0.0009086038821965404,0.0009379329973590652,0.0008936205152240518,0.0009305801400700599,1778.0449335675796
1791183120,0.0009305801400700599,0.0009479461557489081,0.0009127437889314077,0.000919250133885876,1083.6693590521115
1791183180,0.000919250133885876,0.0009493606210575593,0.000919250133885876,0.0009300776950360231,1312.7583534057
1791183240,0.0009300776950360231,0.0009371980842967549,0.0009197694667230716,0.0009371980842967549,516.4014034098655
1791183300,0.0009371980842967549,0.0009411089428150226,0.0008910270781674541,0.000902650188451308,1756.153164147407
1791183360,0.000902650188451308,0.0009032008245404012,0.0008914901908968579,0.0009032008245404012,28.681767966611783
1791183420,0.0009032008245404012,0.0009042629199766144,0.0008918137617977406,0.0009032952426872316,332.5431459528857
1791183480,0.0009032952426872316,0.0009950067731678222,0.0009032952426872316,0.0009801465980700825,3625.158726864323
1791183540,0.0009801465980700825,0.0010297554217218521,0.0009632963808799531,0.0009632963808799531,3054.9850927826515
1791183600,0.0009632963808799531,0.001023271516625229,0.0009617785681647223,0.0009967386991066244,5612.463305712108
1791183660,0.0009967386991066244,0.0010409600543101836,0.0009967267090988604,0.0010216951713095154,2007.3218362225912
1791183720,0.0010216951713095154,0.001054719700279167,0.0010152070220038598,0.001054719700279167,1420.74592963096
1791183780,0.001054719700279167,0.0011827331394952028,0.0010242355158791192,0.0011751122749570672,9588.386959573763
1791183840,0.0011751122749570672,0.0012750717483335549,0.001148583960884453,0.0012372938181962373,14250.685076133517
1791183900,0.0012372938181962373,0.0013587130151911488,0.0011800628252465336,0.0013249902164092903,9760.466007180998
1791183960,0.0013249902164092903,0.0014484316372408571,0.0012906090302512436,0.0013772583200565307,10629.060587539629
1791184020,0.0013772583200565307,0.0013901398039470512,0.0012223339487674263,0.0013060936448035692,21862.882779225933
1791184080,0.0013060936448035692,0.0013207755631578434,0.0011954028218037916,0.00122858820686297,6224.667473491168
1791184140,0.00122858820686297,0.0014234897890436362,0.0012022290173327624,0.001398423468826708,13491.624554113505
1791184200,0.001398423468826708,0.0016065721339341074,0.0013934373285798508,0.0015078520078225727,18458.539242975927
1791184260,0.0015078520078225727,0.0015078520078225727,0.0013662845546588605,0.0013714487427208153,8492.90455047832
1791184320,0.0013714487427208153,0.0013864034198736745,0.0012859052447509846,0.0013357961066703164,6615.378310590257
1791184380,0.0013357961066703164,0.00135977023197822,0.001283962708987843,0.0013397852538840115,5541.4653726565875
1791184440,0.0013397852538840115,0.0013427698873054795,0.0012728732922299426,0.0013081534795674997,2969.4923361381507
1791184500,0.0013081534795674997,0.0013658263355643167,0.0012800017709818723,0.001299153447372357,7599.553270184362
1791184560,0.001299153447372357,0.001299153447372357,0.0011813394215858474,0.0012437182484759826,10336.047991698077
1791184620,0.0012437182484759826,0.0012491469942680297,0.001134698560491652,0.0011552347089306915,8650.134390283549
1791184680,0.0011552347089306915,0.0011828611050584323,0.0011265918142246123,0.0011828611050584323,3896.458113104386
1791184740,0.0011828611050584323,0.0012159231555776751,0.0011754707675456632,0.001203294752793923,2989.2308417130075
1791184800,0.001203294752793923,0.0012287258224964578,0.00118692521969553,0.0012247517190805018,3381.225964810814
1791184860,0.0012247517190805018,0.0012502200535559312,0.0012065461239969117,0.0012348683635456982,3099.5216203982845
1791184920,0.0012348683635456982,0.0012348683635456982,0.0012058303868712921,0.0012164207021528005,1383.8268528641024
1791184980,0.0012164207021528005,0.0012351048256519076,0.0011771863747479662,0.0012196829989510756,2600.558202195176
1791185040,0.0012196829989510756,0.0012863374644996744,0.0012178717223186451,0.0012863374644996744,1924.6667553061359
1791185100,0.0012863374644996744,0.0012863374644996744,0.0011936101522539942,0.0012052095368489722,2117.7476454857065
1791185160,0.0012052095368489722,0.0012096024866320389,0.0010366099417362699,0.0010658239037654635,14947.889320640585
1791185220,0.0010658239037654635,0.0010892526649767136,0.001040465601368723,0.0010709674624363517,3304.594101286296
1791185280,0.0010709674624363517,0.00111520738212885,0.001070726002815152,0.0010712844960637702,3035.379239787445
1791185340,0.0010712844960637702,0.0011390692431652953,0.0010712844960637702,0.0011261040643601884,2138.401088158166
1791185400,0.0011261040643601884,0.0011483381993858252,0.0011037512036593303,0.0011321816516084904,2255.7248596140657
1791185460,0.0011321816516084904,0.0011606366551279528,0.0011261577247587726,0.0011489589357345697,1240.260866947684
1791185520,0.0011489589357345697,0.0011645272071184592,0.0011422472626302527,0.0011610568113711382,481.2175635947129
1791185580,0.0011610568113711382,0.0012019704940051832,0.0011509772114341264,0.001167510607683087,2562.055622157923
1791185640,0.001167510607683087,0.0011678433410948021,0.0011463845180199788,0.0011484645752736086,474.7577380184565
1791185700,0.0011484645752736086,0.0011698587500479536,0.0011310521616360975,0.001144933246991691,1227.2606646859467
1791185760,0.001144933246991691,0.001163909930680337,0.0011361634711133006,0.0011548973139699295,1114.091335270994
1791185820,0.0011548973139699295,0.0011693315284588422,0.0011069119967261384,0.0011256935548615095,2572.1184076039044
1791185880,0.0011256935548615095,0.00116492374806017,0.0011114970585433047,0.0011508407449356693,1118.9572840145136
1791185940,0.0011508407449356693,0.0011508407449356693,0.001043131794766366,0.0010581992233685885,6014.445533693417
1791186000,0.0010581992233685885,0.0010803684799360232,0.0010546009594549492,0.0010673016042408525,571.3686525447366
1791186060,0.0010673016042408525,0.0011078263653520022,0.0010478966070938606,0.0010605883144347266,2303.399428971524
1791186120,0.0010605883144347266,0.001083021688304356,0.001047875839702179,0.0010677555425976852,799.2917017223709
1791186180,0.0010677555425976852,0.0011224788831122393,0.0010677555425976852,0.0011224788831122393,1794.1024324262219
1791186240,0.0011224788831122393,0.0011242663642939534,0.0011036755755508961,0.0011242663642939534,347.24344414430175
1791186300,0.0011242663642939534,0.0011242663642939534,0.0011044672174045165,0.0011182678779393788,277.62383970102724
1791186360,0.0011182678779393788,0.0011203076146028173,0.0010813399582386002,0.0010948600702025996,976.40382435933
1791186420,0.0010948600702025996,0.0010948600702025996,0.001061775611854922,0.0010801726720680062,789.7312243799845
1791186480,0.0010801726720680062,0.0010801726720680062,0.0010487874338146691,0.0010487874338146691,1205.2285242633454
1791186540,0.0010487874338146691,0.0011869628190201865,0.0010487874338146691,0.0011463408783498144,5791.501286088388
1791186600,0.0011463408783498144,0.0012094087572045885,0.0011220008916354388,0.001156037539841495,8012.952790194847
1791186660,0.001156037539841495,0.001156037539841495,0.0011298148239791339,0.0011393923593929734,804.3377085982446
1791186720,0.0011393923593929734,0.0011394656908897273,0.0010945928824302334,0.0010990896354076578,1136.9937451428666
1791186780,0.0010990896354076578,0.0011091668860535998,0.0010849163493186994,0.0011091668860535998,598.6221700317117
1791186840,0.0011091668860535998,0.0011391754278280964,0.0011091668860535998,0.0011246953668401169,711.0993076894327
1791186900,0.0011246953668401169,0.0011483017966979479,0.001120441573354149,0.0011476091731499112,1229.3708921872633
1791186960,0.0011476091731499112,0.0012090006862136636,0.0011476091731499112,0.0011922528647125721,1572.0894623419606
1791187020,0.0011922528647125721,0.0011922528647125721,0.0011566274806651634,0.0011567630390851432,1280.7204666931373
1791187080,0.0011567630390851432,0.0011570527306673968,0.0011116085297124723,0.001129751256092791,1838.7869785251985
1791187140,0.001129751256092791,0.0011563707205679845,0.0011174751651639734,0.0011547297179970413,196.51883190800024
1791187200,0.0011547297179970413,0.001179250157274466,0.0011380421758423694,0.001169809012536536,1321.879810095991
1791187260,0.001169809012536536,0.0014677164529622979,0.001169809012536536,0.0013506265847261297,20367.4440618226
1791187320,0.0013506265847261297,0.0013669034645278398,0.00129258653355527,0.0013102116052835517,2823.8090194347305
1791187380,0.0013102116052835517,0.0013585214162042565,0.0012873989944047059,0.001348275088245909,3550.034641611508
1791187440,0.001348275088245909,0.0013573448439174588,0.001316510622529833,0.00133397921752027,1787.1851836646858
1791187500,0.00133397921752027,0.001396296085659298,0.0012963641670936464,0.0012971498466045894,5418.978671967655
1791187560,0.0012971498466045894,0.0013026321829870218,0.001282692354358917,0.0013026321829870218,298.79752789735375
1791187620,0.0013026321829870218,0.0013026321829870218,0.0012605854899642207,0.0012754502937507228,721.9839540781936
1791187680,0.0012754502937507228,0.0012757212050526733,0.0012498005920516268,0.001264013349366679,395.22343398505905
1791187740,0.001264013349366679,0.001264449375973635,0.0012366361202644201,0.0012366361202644201,701.5847675506851
1791187800,0.0012366361202644201,0.0012465217436103166,0.0012320471013290409,0.0012321874205345137,180.80018484212704
1791187860,0.0012321874205345137,0.0012459197978385433,0.001225275719450233,0.0012401300963647745,265.5268263742058
1791187920,0.0012401300963647745,0.0012779712825590497,0.001197346208985197,0.0012317366536556745,4665.82612347799
1791187980,0.0012317366536556745,0.0012772007964757998,0.0012317366536556745,0.0012698611183701103,1654.7462566769145
1791188040,0.0012698611183701103,0.0012769269483658356,0.0012605638710335414,0.0012752204115604798,285.0485635308577
1791188100,0.0012752204115604798,0.0012752204115604798,0.001151439665876657,0.0011898521812220542,5456.068402326163
1791188160,0.0011898521812220542,0.0011982109880670886,0.0011412719666557061,0.0011412719666557061,1832.8524098843004
1791188220,0.0011412719666557061,0.001217989299328036,0.0011412719666557061,0.001173789746008278,3606.7313069889738
1791188280,0.001173789746008278,0.0012186560536043575,0.00115591580766992,0.00115591580766992,2338.800699540766
1791188340,0.00115591580766992,0.001174506447034285,0.00115591580766992,0.001172473099232169,314.6051016496636
1791188400,0.001172473099232169,0.0012005548428313966,0.001162476571956044,0.001187314150584952,710.9770071812017
1791188460,0.001187314150584952,0.0012055284116033306,0.0011853348056174982,0.0011911162825208915,272.7986170964397
1791188520,0.0011911162825208915,0.0012844178803740262,0.0011911162825208915,0.0012416393801349239,4626.932380772652
1791188580,0.0012416393801349239,0.001259891103579448,0.0012403539993533499,0.001259891103579448,458.4028002217576
1791188640,0.001259891103579448,0.0012980500858346242,0.0012466023809658178,0.0012980500858346242,1074.5987132522405
1791188700,0.0012980500858346242,0.0012980500858346242,0.001182340311627866,0.0011971001735357545,2629.905289227536
1791188760,0.0011971001735357545,0.0012514876841005996,0.0011828343940456757,0.0012514876841005996,1398.0093800640698
1791188820,0.0012514876841005996,0.0012593928074961353,0.0012363258118962951,0.0012526911207541315,434.32970100121366
1791188880,0.0012526911207541315,0.0012965885742560977,0.0012526911207541315,0.0012965885742560977,827.2016003562472
1791188940,0.0012965885742560977,0.0013121843145437679,0.00129394483449499,0.00129394483449499,657.7107237451479
1791189000,0.00129394483449499,0.0013270640107173493,0.00129394483449499,0.001324837097642412,933.0156660405513
1791189060,0.001324837097642412,0.0013475928546728753,0.0013065307743383152,0.0013299706603062485,2343.0494450935516
1791189120,0.0013299706603062485,0.0013541083284788957,0.0013299706603062485,0.0013541083284788957,264.3732302642226
1791189180,0.0013541083284788957,0.0013851758245876436,0.001337664181268475,0.0013851758245876436,1260.0087939479401
1791189240,0.0013851758245876436,0.0013879475109767007,0.0013389802559414276,0.0013389802559414276,1010.5363912388635
1791189300,0.0013389802559414276,0.001394106286298986,0.0013389802559414276,0.0013782242936933534,1020.5404809408258
1791189360,0.0013782242936933534,0.0013994354104232365,0.001354129039016275,0.0013805312234983237,1698.890834321029
1791189420,0.0013805312234983237,0.0013880170254120827,0.0013694271984783038,0.0013694271984783038,318.09834391228213
1791189480,0.0013694271984783038,0.0014039902854147614,0.0013421524237814274,0.0014039902854147614,1897.549389165523
1791189540,0.0014039902854147614,0.001404378935160109,0.0013842681360133162,0.0013879880831184023,425.2777747110575
1791189600,0.0013879880831184023,0.0014244873581025646,0.0013879880831184023,0.0013958913400104291,1686.258598925727
1791189660,0.0013958913400104291,0.0014331644943432534,0.0013907276969068291,0.0014262525627162733,2165.1244237156234
1791189720,0.0014262525627162733,0.0014435879002124322,0.0014033902571150372,0.0014435879002124322,1283.0754084439202
1791189780,0.0014435879002124322,0.0014533771018300102,0.00137900937424788,0.0014130756879036097,3096.0137397070002
1791189840,0.0014130756879036097,0.0014288671868311616,0.0013692960403470858,0.0013810876903660367,2300.554985828092
1791189900,0.0013810876903660367,0.001382240527837779,0.0013407230442168828,0.0013578669339851198,559.810826394428
1791189960,0.0013578669339851198,0.0013610286822329058,0.0013397064395783687,0.001340881979045031,540.3447552212501
1791190020,0.001340881979045031,0.001340881979045031,0.001295668801800444,0.001303680254184378,1208.282242583787
1791190080,0.001303680254184378,0.0013144752856961465,0.0012921564580433923,0.0013007973103734422,592.9399585312524
1791190140,0.0013007973103734422,0.0013007973103734422,0.001257036746269093,0.0012673828072602427,1133.097974646935
1791190200,0.0012673828072602427,0.0012673828072602427,0.0012463673148949406,0.0012463673148949406,123.96471546398669
1791190260,0.0012463673148949406,0.0012623539844797023,0.0012463673148949406,0.001260496438922056,83.75159926604194
1791190320,0.001260496438922056,0.001260496438922056,0.0012258746295323714,0.0012361469262820116,632.0405911130032
1791190380,0.0012361469262820116,0.0012361469262820116,0.0011468928677846643,0.0011669105299688413,4572.48011686342
1791190440,0.0011669105299688413,0.0011669105299688413,0.001140250486771619,0.0011646324569103011,1435.0579569890365
1791190500,0.0011646324569103011,0.0011776805329458614,0.0011490665470442034,0.0011549796766220544,982.9799119329476
1791190560,0.0011549796766220544,0.001236751832990009,0.0011549796766220544,0.0012187614267325363,2054.4412816828617
1791190620,0.0012187614267325363,0.001233329411331234,0.0011533105254913606,0.0011715129145955375,3166.0117523409476
1791190680,0.0011715129145955375,0.0011968755986431106,0.0011436375091715717,0.001149292980106866,1814.0323279705055
1791190740,0.001149292980106866,0.0011750740559768958,0.001149292980106866,0.001159743559277132,879.2606409616134
1791190800,0.001159743559277132,0.0011780328367835024,0.001159743559277132,0.001177165033706628,210.17534167100632
1791190860,0.001177165033706628,0.0011799618615122773,0.0011634685236081254,0.0011770511280602847,150.16356813664805
1791190920,0.0011770511280602847,0.0011772983533861862,0.0011618238855629116,0.0011757659869005431,73.39206025262847
1791190980,0.0011757659869005431,0.0011757659869005431,0.0011481396462492488,0.0011481396462492488,368.5671095796568
1791191040,0.0011481396462492488,0.0011625557021257191,0.0011478123437600413,0.0011484626938676242,33.46204054110014
1791191100,0.0011484626938676242,0.0011486394241143612,0.0011482640382589966,0.00114826447822089,24.34571694479001
1791191160,0.00114826447822089,0.00114826447822089,0.0011457453192495184,0.0011457453192495184,42.16978768336358
1791191220,0.0011457453192495184,0.0011667033563353079,0.0011359351023895116,0.0011532547708353708,1255.0956604750468
1791191280,0.0011532547708353708,0.0011673298609252841,0.0011489252191081221,0.0011493025543778245,147.92496819111633
1791191340,0.0011493025543778245,0.0011616457790749807,0.0011472501467948955,0.001147710128463857,75.74651431500467
1791191400,0.001147710128463857,0.0011570450820925914,0.0011367141849857837,0.0011367141849857837,345.78070142051354
1791191460,0.0011367141849857837,0.0011367141849857837,0.0010978499137672812,0.0010978499137672812,1172.9787634093757
1791191520,0.0010978499137672812,0.0011119978195182419,0.0010878482473977756,0.0011119978195182419,781.0402969879358
1791191580,0.0011119978195182419,0.0011231386531306397,0.0011114472662617037,0.0011114472662617037,77.38634532638861
1791191640,0.0011114472662617037,0.0011254038264826853,0.0011105570670101091,0.0011254038264826853,103.3926083125117
1791191700,0.0011254038264826853,0.001132148237134443,0.0010955395701898833,0.0010977788640033463,2117.0932206776206
1791191760,0.0010977788640033463,0.001117838435355821,0.0010886466419998675,0.0011067493448799076,943.0323949134589
1791191820,0.0011067493448799076,0.0011348633671024067,0.0010948227807492058,0.0011273718224711477,1319.7454529671472
1791191880,0.0011273718224711477,0.0011434627760011464,0.0010969743920955142,0.0010969743920955142,1460.4019538916054
1791191940,0.0010969743920955142,0.0011163583958876968,0.0010969743920955142,0.00110599636883969,455.6492346543645
1791192000,0.00110599636883969,0.00110599636883969,0.0010645611017271372,0.0010905801042575317,2507.34699414284
1791192060,0.0010905801042575317,0.0011074772595173659,0.0010791864137866506,0.0010946168015555796,1179.5366667531819
1791192120,0.0010946168015555796,0.0011099207866838853,0.0010487281803595525,0.0010701204902717196,3021.663661611239
1791192180,0.0010701204902717196,0.001082409565112648,0.001023590539107537,0.001041013073828884,2349.8964980337437
1791192240,0.001041013073828884,0.0010564575326055387,0.0010368080099697379,0.001051775573354791,645.1583212839507
1791192300,0.001051775573354791,0.001056989864526875,0.0010400181457996245,0.0010558804400163993,1186.181558430906
1791192360,0.0010558804400163993,0.0010823017425644565,0.0010540876201527991,0.0010823017425644565,758.9221125174545
1791192420,0.0010823017425644565,0.001088324949724818,0.0010682420445025942,0.001072405251652009,598.8289306941001
1791192480,0.001072405251652009,0.0010800322446103245,0.001044707675828569,0.0010473023187574774,777.8167702633023
1791192540,0.0010473023187574774,0.0010508490985598749,0.0010339088181858566,0.0010508490985598749,524.7100538578214
1791192600,0.0010508490985598749,0.001053496241771611,0.0010394939601716627,0.0010394939601716627,70.6882186268896
1791192660,0.0010394939601716627,0.0010846041922754096,0.001038561743317403,0.0010732100198425634,1194.255575702062
1791192720,0.0010732100198425634,0.0010875965455329033,0.001051371645614336,0.001051371645614336,1564.8950691476573
1791192780,0.001051371645614336,0.0010909462626913103,0.001051371645614336,0.0010900442385543938,1723.4700874896803
1791192840,0.0010900442385543938,0.00110346136625164,0.001087838370287636,0.0010960463038740696,186.2044227141499
1791192900,0.0010960463038740696,0.001115725044529678,0.0010689306089615984,0.001115725044529678,1617.4624044162144
1791192960,0.001115725044529678,0.0011252656739082628,0.001102381125648362,0.0011117276020790026,374.75323006025945
1791193020,0.0011117276020790026,0.0011309060706863542,0.0011117276020790026,0.0011220233189956938,326.87455567368426
1791193080,0.0011220233189956938,0.0011713320715898371,0.0011220233189956938,0.0011494633798749495,1660.9039195012876
1791193140,0.0011494633798749495,0.0011888360218755933,0.00114658067973857,0.0011761919424853203,978.122988271666
1791193200,0.0011761919424853203,0.0011968918714747188,0.0011300981142373598,0.0011300981142373598,1927.0055144260382
1791193260,0.0011300981142373598,0.001153630775129486,0.0011287037424643884,0.0011491740687680886,665.1598340821303
1791193320,0.0011491740687680886,0.0011491740687680886,0.001144298317557806,0.001144298317557806,176.63167758803002
1791193380,0.001144298317557806,0.001144298317557806,0.0011283426586616494,0.0011390246601895536,445.6890454132091
1791193440,0.0011390246601895536,0.001140569619015227,0.0011244686992321479,0.001140569619015227,149.39757417050416
1791193500,0.001140569619015227,0.0011418415314206275,0.0011275712402295547,0.0011275712402295547,27.942137841579218
1791193560,0.0011275712402295547,0.0011275712402295547,0.0011216053026787472,0.0011259507402521065,33.21266178304069
1791193620,0.0011259507402521065,0.0011391945031494534,0.0011210970921122169,0.0011210970921122169,342.55614707673766
1791193680,0.0011210970921122169,0.0011384445174115341,0.0011210970921122169,0.0011370710439252544,287.14720800827035
1791193740,0.0011370710439252544,0.0011437277720857736,0.001123384105855101,0.001130349767849262,184.42995394827008
1791193800,0.001130349767849262,0.001130349767849262,0.0011276264780248296,0.0011276264780248296,88.32778872992836
1791193860,0.0011276264780248296,0.0011276264780248296,0.0010978642587672067,0.0010978642587672067,823.8620344351613
1791193920,0.0010978642587672067,0.0011103258385251995,0.0010919603440675682,0.0010919603440675682,163.42061774855938
1791193980,0.0010919603440675682,0.0011046593262500535,0.001088082041732424,0.0011035470943152321,246.65743020403198
1791194040,0.0011035470943152321,0.0011035470943152321,0.00104704915334416,0.0010653246329635157,3271.420213023115
1791194100,0.0010653246329635157,0.0010653246329635157,0.001046174748505277,0.0010599498387109444,810.4823472568784
1791194160,0.0010599498387109444,0.0010654846384590985,0.0010466815849881398,0.001055485007010745,479.42886926852276
1791194220,0.001055485007010745,0.0010791484912893575,0.0010462367203679847,0.0010627860602693906,1567.3808416342247
1791194280,0.0010627860602693906,0.0010850178762748484,0.0010627860602693906,0.0010727985568183683,352.3174137579855
1791194340,0.0010727985568183683,0.0010852630102652847,0.0010723678922178093,0.0010852630102652847,17.897777354591657
1791194400,0.0010852630102652847,0.0010852630102652847,0.001071687035564593,0.001071687035564593,11.162388503013636
1791194460,0.001071687035564593,0.001085314360661906,0.0010534845248112523,0.0010553091000855652,908.3593080100542
1791194520,0.0010553091000855652,0.0010555740985859479,0.001042848643805939,0.0010540783662046048,27.998595604265304
1791194580,0.0010540783662046048,0.0010586883696816884,0.0010454730785780693,0.001046055380775326,123.93718944658164
1791194640,0.001046055380775326,0.0010588732460422123,0.001046010419954489,0.001046010419954489,15.52793298344425
1791194700,0.001046010419954489,0.0010604357371931873,0.001046010419954489,0.0010485876995521308,127.04538694586334
1791194760,0.0010485876995521308,0.0010735665561405674,0.0010483147317817741,0.0010598873079710764,1044.7914362323834
1791194820,0.0010598873079710764,0.0010599215203490533,0.001045869188522741,0.001045869188522741,547.7377474522866
1791194880,0.001045869188522741,0.0010538118402115665,0.001011843476017804,0.0010224361970467234,1314.5417148080128
1791194940,0.0010224361970467234,0.001023752186470846,0.0009927283076883915,0.0010071499395649462,1048.2039395346308
1791195000,0.0010071499395649462,0.0010173550491908113,0.0009560020717055249,0.0009732872460923558,2732.4391159789225
1791195060,0.0009732872460923558,0.0010129963654173704,0.0009732872460923558,0.0010015479265321407,1418.8467969274286
1791195120,0.0010015479265321407,0.0010134874855405583,0.0010007836316183447,0.0010134874855405583,85.3008811007342
1791195180,0.0010134874855405583,0.0010207613281657737,0.000995366995902521,0.0010207613281657737,601.0253205753874
1791195240,0.0010207613281657737,0.0010438783974954936,0.0010207613281657737,0.0010320006265355966,997.9149167329407
1791195300,0.0010320006265355966,0.0010451446460755535,0.0010307687584294074,0.0010342031098291055,137.3550117797617
1791195360,0.0010342031098291055,0.001046589726813549,0.001032913341820297,0.0010336703748043252,31.20505097552338
1791195420,0.0010336703748043252,0.001139281135916898,0.0010298724420567318,0.001139281135916898,3555.3200641394087
1791195480,0.001139281135916898,0.001183787443069312,0.0011332171974248503,0.0011707035260481687,1049.4707914837488
1791195540,0.0011707035260481687,0.0011909246020289875,0.0011568292568174545,0.0011568292568174545,934.2393851294694
1791195600,0.0011568292568174545,0.0011938740907689001,0.0011568292568174545,0.0011938740907689001,590.3588762751501
1791195660,0.0011938740907689001,0.0012113913235532962,0.001179470842823671,0.0011862321998682168,1177.806726990786
1791195720,0.0011862321998682168,0.0012018148365621957,0.0011779929091387717,0.001199713453325281,555.5262954066412
1791195780,0.001199713453325281,0.0012941018885812329,0.0011853244274801801,0.0012729708603861822,3228.804031883096
1791195840,0.0012729708603861822,0.0013833122590172916,0.001229894733919171,0.0013011587204164149,11995.89200903955
1791195900,0.0013011587204164149,0.0013297839913821543,0.0013011587204164149,0.0013217862606825833,1412.7966755089099
1791195960,0.0013217862606825833,0.0013222314132593097,0.0012936129237032191,0.0012936129237032191,981.814485649659
1791196020,0.0012936129237032191,0.0012978303980485193,0.0012500558906522437,0.0012619931711951753,2127.8666373491474
1791196080,0.0012619931711951753,0.001337299944306034,0.0012619931711951753,0.0012890550713458475,3087.3455247249867
1791196140,0.0012890550713458475,0.0013282099207478754,0.0012804625172494974,0.0013194503820594206,1514.6872425898175
1791196200,0.0013194503820594206,0.0013272116398359668,0.0012938495553901509,0.0013121250435156298,953.9298171915902
1791196260,0.0013121250435156298,0.0013139732945751945,0.0012794266464699587,0.0012794266464699587,553.5253959693632
1791196320,0.0012794266464699587,0.0012836616410092836,0.0012659977164867125,0.0012659977164867125,419.03301415404155
1791196380,0.0012659977164867125,0.001280813993249271,0.0012415925688898332,0.0012416916000843525,659.1461447977563
1791196440,0.0012416916000843525,0.0013278744606947763,0.0012416916000843525,0.0013278744606947763,2278.471567544905
1791196500,0.0013278744606947763,0.0013278744606947763,0.0012451421367962474,0.0012594283111575907,1806.9048979439299
1791196560,0.0012594283111575907,0.0012766488287999866,0.0012369346338067689,0.0012574460908201786,1467.7101172459836
1791196620,0.0012574460908201786,0.0014537403338065068,0.0012574460908201786,0.0014433647418996152,5896.310455082585
1791196680,0.0014433647418996152,0.0014676911776311883,0.0013831901961450393,0.001414191375250895,2934.0706070500673
1791196740,0.001414191375250895,0.001425202734689709,0.0013644081861350753,0.0013968440953041879,4145.798222936048
1791196800,0.0013968440953041879,0.0015107142064813375,0.00139326231712507,0.001436900713717526,6502.6392735630825
1791196860,0.001436900713717526,0.0014598387715736463,0.0012147682572243297,0.001318582268566149,10943.917811036168
1791196920,0.001318582268566149,0.0013511677616873008,0.001316611029483819,0.0013235779391414506,1326.1168939007325
1791196980,0.0013235779391414506,0.001352480036803897,0.001321433879801613,0.0013335464719500376,842.0988673633142
1791197040,0.0013335464719500376,0.0013652244216272923,0.0013260153406415053,0.001348624379695143,961.707787985332
1791197100,0.001348624379695143,0.0013736408284845008,0.0013341748290775707,0.001359292556441483,837.5843972548416
1791197160,0.001359292556441483,0.0013755618257156016,0.0013444881862172077,0.0013720751048263394,783.2506395309882
1791197220,0.0013720751048263394,0.0013774789103568048,0.001328498953843115,0.001328498953843115,1743.9163246990781
1791197280,0.001328498953843115,0.001328498953843115,0.0012744913467765892,0.001285209032200443,2140.3681254274356
1791197340,0.001285209032200443,0.0013250201501736666,0.0012594984548554506,0.0013250201501736666,1970.9961252635655
1791197400,0.0013250201501736666,0.0013250201501736666,0.0012966037970472265,0.0012966037970472265,496.971790414327
1791197460,0.0012966037970472265,0.001306520122416329,0.0012847519822362938,0.0012847519822362938,260.1640619374643
1791197520,0.0012847519822362938,0.0013027992192234954,0.001283089289682343,0.0013027992192234954,310.0093072658439
1791197580,0.0013027992192234954,0.0013251849739485428,0.0013027992192234954,0.0013251738992604534,817.4067776807472
1791197640,0.0013251738992604534,0.0013254853806135255,0.0012921856855717048,0.0012939595322903012,759.21361348336
1791197700,0.0012939595322903012,0.0013039707857591728,0.001285868438700261,0.001285868438700261,315.16572220577456
1791197760,0.001285868438700261,0.0013310183262096422,0.001285868438700261,0.001322632792374136,1537.6140588669973
1791197820,0.001322632792374136,0.0013269092582866712,0.0013119750141127465,0.001312421969926935,164.71826440833146
1791197880,0.001312421969926935,0.0013416950306432373,0.001312421969926935,0.0013260518205513707,802.6121972137428
1791197940,0.0013260518205513707,0.0013420414410540993,0.0012805040435069828,0.0012894202727456142,1550.1592543686068
1791198000,0.0012894202727456142,0.0012894202727456142,0.0011559013607241138,0.0012089793735665581,5704.976306260152
1791198060,0.0012089793735665581,0.0012306505481278773,0.0011573240918308647,0.0011841097540381958,3306.455716880824
1791198120,0.0011841097540381958,0.001347380256729774,0.0011273200878516045,0.0011947825747910146,13891.75337098229
1791198180,0.0011947825747910146,0.0013153628980385437,0.0011678304694637924,0.0012756918076191894,7233.058345705674
1791198240,0.0012756918076191894,0.0013129750865378807,0.001275120875262895,0.001289189345947825,1018.6599601945254
1791198300,0.001289189345947825,0.0013174794029806166,0.0012840676365913815,0.0013158220550673041,937.4904985757522
1791198360,0.0013158220550673041,0.0014590452716918645,0.001310931478231997,0.0014099853627031896,6144.6366172298285
1791198420,0.0014099853627031896,0.0014646825356319322,0.001408436452721831,0.001459936719681377,2190.873198162599
1791198480,0.001459936719681377,0.0014969370619687876,0.0014431081001032755,0.0014555208119778494,4171.843856894515
1791198540,0.0014555208119778494,0.0014753596804480376,0.0014168932795574568,0.001427856039749817,2363.2768285004527
1791198600,0.001427856039749817,0.0016756219798054835,0.0014006338413881233,0.0015543620326364258,12132.315102536884
1791198660,0.0015543620326364258,0.0016366339040468695,0.0015377151893558121,0.0016244044935622849,3798.8940206490556
1791198720,0.0016244044935622849,0.0016646264450017063,0.0015808704463316707,0.0016181159058181998,4285.083781926038
1791198780,0.0016181159058181998,0.0016181159058181998,0.0015215135645409424,0.0015365055956212982,4176.748992107414
1791198840,0.0015365055956212982,0.0017335514288907348,0.001536419652866593,0.0017015503675936333,6460.374679614113
1791198900,0.0017015503675936333,0.001707709503247333,0.0015978631258905585,0.0016002846560851562,7587.730136846182
1791198960,0.0016002846560851562,0.001646740428796802,0.0015323466928815167,0.0015803035339791585,5227.467659566048
1791199020,0.0015803035339791585,0.0016025962110880075,0.0015116569737098596,0.0015560378152060755,6452.626627332119
1791199080,0.0015560378152060755,0.0015816403123945606,0.0015435283591579195,0.0015620376560959203,854.4603965818583
1791199140,0.0015620376560959203,0.0015624358020668292,0.0015314569953056008,0.0015380620565194534,899.6573288235431
1791199200,0.0015380620565194534,0.0015475799218329154,0.001466356755668207,0.001466356755668207,3080.777047113519
1791199260,0.001466356755668207,0.0015468164568465087,0.0014424210133689574,0.0015446162933122703,4587.948175271278
1791199320,0.0015446162933122703,0.001694192929626926,0.0015270313453174156,0.001644379964512312,5562.513646717515
1791199380,0.001644379964512312,0.001644379964512312,0.001535677436471496,0.0016092946478020575,4755.813231978427
1791199440,0.0016092946478020575,0.0016290436848218199,0.0015532440817869896,0.0015726734218225729,2024.032063468325
1791199500,0.0015726734218225729,0.0017064955659910049,0.0015726734218225729,0.0016930001990167372,3530.1382919614034
1791199560,0.0016930001990167372,0.0017260337926558137,0.001689535859017061,0.001689535859017061,2312.2348179571554
1791199620,0.001689535859017061,0.0017208367111152664,0.0016117669496998179,0.001631515355434183,5954.469201669412
1791199680,0.001631515355434183,0.0016944572311692753,0.0016029590534132408,0.0016806577137584175,5020.089724862167
1791199740,0.0016806577137584175,0.0016898494554487573,0.0015860501420674143,0.001603866935546427,2776.0419661334067
1791199800,0.001603866935546427,0.0016059999113511318,0.001578804532621264,0.0015920887665762246,320.00750156372044
1791199860,0.0015920887665762246,0.0015940098306153445,0.0015683537647268291,0.0015854386020142874,367.87936789230133
1791199920,0.0015854386020142874,0.0015854386020142874,0.0015663661545234945,0.0015840479104158552,38.717305361037326
1791199980,0.0015840479104158552,0.0015842686452831492,0.0015224001714894007,0.0015400431084958825,1416.6774835814483
1791200040,0.0015400431084958825,0.0015400431084958825,0.0015119501970821884,0.0015119501970821884,547.7990842827136
1791200100,0.0015119501970821884,0.001603392618120164,0.0014239136847877182,0.0015484697454333492,10346.471037098921
1791200160,0.0015484697454333492,0.0015560178503982247,0.0015304522268148855,0.0015560178503982247,218.2497543147004
1791200220,0.0015560178503982247,0.001703789335200519,0.0015371237439908848,0.0016490078574110277,5177.330547565434
1791200280,0.0016490078574110277,0.0017098610894125358,0.001628281456976602,0.0016923586944455875,2520.74258033544
1791200340,0.0016923586944455875,0.0017834504618756022,0.0016152206901788818,0.0016319044284211406,12983.58708401642
1791200400,0.0016319044284211406,0.0016640748112880402,0.0016188032979552874,0.001632923960567753,2556.4131316239846
1791200460,0.001632923960567753,0.001739646958008985,0.001632923960567753,0.0017044337058988127,2964.0501304779295
1791200520,0.0017044337058988127,0.0017564972159020617,0.0016418788537425485,0.0016597768500374206,4871.532639627422
1791200580,0.0016597768500374206,0.0016597768500374206,0.0015992668804558298,0.0016128365116871556,1493.8847558567109
1791200640,0.0016128365116871556,0.0018017071537891809,0.0015936903627557179,0.0016965948762044587,8544.002095970274
1791200700,0.0016965948762044587,0.0016965948762044587,0.001681766521530885,0.0016929130023182462,456.1136432992752
1791200760,0.0016929130023182462,0.0016978803897026065,0.0016677551396918058,0.0016830142743014176,688.1108170163981
1791200820,0.0016830142743014176,0.001685209393555252,0.0015360163144812165,0.0015491714481178237,3960.1262391967534
1791200880,0.0015491714481178237,0.0015773283765258452,0.001518764256642997,0.001518764256642997,2274.482418209085
1791200940,0.001518764256642997,0.001518764256642997,0.0014951017340666052,0.0015134576364447942,1002.9816598158308
1791201000,0.0015134576364447942,0.0015134576364447942,0.0014798365503798053,0.0014798365503798053,503.6599207239973
1791201060,0.0014798365503798053,0.0014990350517272238,0.0014727385130722565,0.0014951172068429425,617.9697511659356
1791201120,0.0014951172068429425,0.0016246244983326268,0.0014344197829957784,0.0016000667334350456,7310.511462875804
1791201180,0.0016000667334350456,0.001618717335108329,0.0015288002686313664,0.0015521642737200004,3105.882390027777
1791201240,0.0015521642737200004,0.0015521642737200004,0.0014964905163598846,0.0015042542820060234,1344.6394666930003
1791201300,0.0015042542820060234,0.0015536178099689994,0.001407281904341001,0.0014754465575504364,6632.343496971524
1791201360,0.0014754465575504364,0.0014944349925615512,0.001448771904123269,0.001448771904123269,1087.188884288892
1791201420,0.001448771904123269,0.0014688555133467673,0.0014418018332855507,0.0014418018332855507,423.9699351669724
1791201480,0.0014418018332855507,0.0014418018332855507,0.0013853508579585218,0.0013987126089564982,2535.0747501387573
1791201540,0.0013987126089564982,0.0014419881784340255,0.0013985632609697356,0.0014083473309150956,1975.8668829854255
1791201600,0.0014083473309150956,0.0014568308001557,0.0013810734131533854,0.0013829762729655802,3048.074824417713
1791201660,0.0013829762729655802,0.0014013856023571177,0.0013529171136373356,0.0013529171136373356,2461.130004662424
1791201720,0.0013529171136373356,0.0014122721552093825,0.0013467039938698567,0.0013652487157853096,2552.972481669043
1791201780,0.0013652487157853096,0.0013707123562885666,0.0013447054798840696,0.0013566548782301077,1412.0950020274681
1791201840,0.0013566548782301077,0.0013566548782301077,0.0013145768935965444,0.001347620360246418,1612.72228288973
1791201900,0.001347620360246418,0.0014094508767612637,0.0013433932303149802,0.0014009970656593896,2551.6959352236336
1791201960,0.0014009970656593896,0.001470748584489611,0.0013842904136799048,0.0014676860876742077,3099.056535672704
1791202020,0.0014676860876742077,0.001498785236109836,0.0014462721387752515,0.0014873219918765037,2121.8400576610056
1791202080,0.0014873219918765037,0.0015351586826167348,0.0014462931084203742,0.0015182358506493636,3654.4966458318827
1791202140,0.0015182358506493636,0.0015182358506493636,0.0014488121028035908,0.0014864450585946618,2622.083912640723
1791202200,0.0014864450585946618,0.0015197449698726433,0.0014850970664103931,0.001518570743696622,889.9365876183574
1791202260,0.001518570743696622,0.0015363965176642088,0.0014769674324917738,0.0014769674324917738,1221.5863194525907
1791202320,0.0014769674324917738,0.0015375336642033618,0.0014769674324917738,0.001522547526727453,1246.7032498537214
1791202380,0.001522547526727453,0.001522547526727453,0.001454992104085616,0.0014735907264553302,1634.1139755593802
1791202440,0.0014735907264553302,0.001488281902962287,0.0014672356082350015,0.0014852692526228233,397.50154195076726
1791202500,0.0014852692526228233,0.0014852692526228233,0.0014243859024478354,0.0014243859024478354,2139.2283214454237
1791202560,0.0014243859024478354,0.0014413893217812765,0.001377583195653627,0.0013949047750797111,3382.8562769412524
1791202620,0.0013949047750797111,0.0014157282745070514,0.0013704673785029677,0.0014157282745070514,2088.1085573562536
1791202680,0.0014157282745070514,0.0014157282745070514,0.0013695265572079268,0.0013860012896724533,870.9103755809549
1791202740,0.0013860012896724533,0.0014155402915265326,0.001362057526946794,0.001382600869710317,2700.1513597578555
1791202800,0.001382600869710317,0.0013914637095067345,0.0013645609363296407,0.0013856116504416024,710.3301148118535
1791202860,0.0013856116504416024,0.001390159627644101,0.0013700665292449559,0.0013700665292449559,131.4786468068605
1791202920,0.0013700665292449559,0.0013894302550673976,0.0013650081475617688,0.0013650081475617688,304.906101308277
1791202980,0.0013650081475617688,0.0013804304051658008,0.0013347585441241458,0.0013347585441241458,1373.9582789019003
1791203040,0.0013347585441241458,0.0013576186528329863,0.0013329847622306494,0.0013576186528329863,324.21769029757473
1791203100,0.0013576186528329863,0.0013595098531985342,0.0013246432824457826,0.0013391186582052085,567.3388381090225
1791203160,0.0013391186582052085,0.0013782057656266129,0.0012981326765863354,0.0013691505367903049,2724.366707471214
1791203220,0.0013691505367903049,0.0013890167698727264,0.0013126982905137868,0.0013229475151865443,2352.558508171362
1791203280,0.0013229475151865443,0.001336193122886323,0.0013115502263035162,0.0013115502263035162,357.2151955974684
1791203340,0.0013115502263035162,0.001318619320523247,0.001299608347348262,0.0013029171438008033,520.3718739741468
1791203400,0.0013029171438008033,0.0013325267347282714,0.001301142049417599,0.001316601160141276,764.6083693134024
1791203460,0.001316601160141276,0.001316601160141276,0.0013075744510744338,0.0013075744510744338,314.6676017790382
1791203520,0.0013075744510744338,0.0013167749983488957,0.0013003515604054685,0.0013003515604054685,197.82252500559284
1791203580,0.0013003515604054685,0.0013177785519786329,0.0012886254841172745,0.0012886254841172745,870.9404754164631
1791203640,0.0012886254841172745,0.0013595673340439413,0.0012049369739963488,0.0012195339122527786,8693.489541071229
1791203700,0.0012195339122527786,0.001223393969258777,0.0011635690377735002,0.0011637514753112307,3863.311203584444
1791203760,0.0011637514753112307,0.001261382033677173,0.0011637514753112307,0.0012467957422140998,4114.7936068781655
1791203820,0.0012467957422140998,0.0012887105685466598,0.0012453119181181824,0.0012695456398618841,1330.844715276705
1791203880,0.0012695456398618841,0.0012848655675076887,0.0012138637664899246,0.0012138637664899246,1432.9466029034256
1791203940,0.0012138637664899246,0.0012138637664899246,0.001155426784213616,0.0011816464789764806,4158.766767809638
1791204000,0.0011816464789764806,0.0011966701732191492,0.0011112843657331715,0.001128483919433437,4954.721373757631
1791204060,0.001128483919433437,0.0011348752374661284,0.0010926406853390956,0.0011348752374661284,5439.467189541611
1791204120,0.0011348752374661284,0.0011348752374661284,0.0010664568073942993,0.0010875362620785382,3993.350555095551
1791204180,0.0010875362620785382,0.0011948206601178726,0.0010854470751966439,0.001177293059461871,4415.053717952833
1791204240,0.001177293059461871,0.0012008712459197146,0.00111787116358543,0.0011328754191176646,2722.553644650718
1791204300,0.0011328754191176646,0.0011412026671151524,0.0010968442621222018,0.001121888539153007,3621.963974166408
1791204360,0.001121888539153007,0.0011232153551919285,0.0010669375857561654,0.001113896735873432,4334.930103956398
1791204420,0.001113896735873432,0.001143377428258397,0.0010872114625338407,0.0011396187286194979,2383.4067259861886
1791204480,0.0011396187286194979,0.0011435142147909146,0.0011063853079885918,0.001119901403870846,1397.133901506695
1791204540,0.001119901403870846,0.0011863481015103685,0.001119901403870846,0.0011750119330584316,3295.5596523854665
1791204600,0.0011750119330584316,0.0012077161550450635,0.0011516389030726013,0.0011959913193593092,2118.292142197477
1791204660,0.0011959913193593092,0.001198374693231945,0.0011816294094978972,0.001198374693231945,506.27376366857453
1791204720,0.001198374693231945,0.0012085966836145995,0.0011873417113600294,0.0011873417113600294,517.2674860201932
1791204780,0.0011873417113600294,0.0012131700382856656,0.0011845860888921491,0.0012014617060395172,502.5703524610762
1791204840,0.0012014617060395172,0.0012014617060395172,0.0011224690983843882,0.001173630741529909,4838.278905331294
1791204900,0.001173630741529909,0.0011770478410382042,0.0011158561435254395,0.0011201306852811764,2262.9841125471075
1791204960,0.0011201306852811764,0.0011544780067080014,0.0011197515593526775,0.0011404626144237637,612.585072899464
1791205020,0.0011404626144237637,0.0011560058878282336,0.0010883188877027798,0.0011067218427421792,3111.2528285344492
1791205080,0.0011067218427421792,0.0011075852040959477,0.0010870199209280773,0.001101309673746174,597.6086588892372
1791205140,0.001101309673746174,0.0011033789838144755,0.001057482393357664,0.0010769523514599494,1317.3817650460205
1791205200,0.0010769523514599494,0.001084585546159884,0.0010674801894128242,0.001084585546159884,248.1024972237436
1791205260,0.001084585546159884,0.0011086302874284888,0.001022379915093995,0.00104197362073644,4600.019749900585
1791205320,0.00104197362073644,0.0010761082478999743,0.0010180010503466849,0.0010232679382141004,3487.797215474339
1791205380,0.0010232679382141004,0.001047933840482288,0.0009982486568852547,0.001047933840482288,2739.211310208986
1791205440,0.001047933840482288,0.0010593875133362957,0.0010332292110643774,0.0010348803998400673,940.8173645813049
1791205500,0.0010348803998400673,0.001044018810120849,0.0009913447518583337,0.0010259053513596286,2912.5582279511596
1791205560,0.0010259053513596286,0.001037085652674867,0.0010018167755303279,0.0010181033067809184,2425.795424481929
1791205620,0.0010181033067809184,0.0011214053086761426,0.0010181033067809184,0.001117922466948122,5644.762607066107
1791205680,0.001117922466948122,0.0011367575651103352,0.0011175611960498493,0.0011243645162499984,360.8431371946595
1791205740,0.0011243645162499984,0.0011453276734641324,0.0011201095278273235,0.001126825698160598,500.1730208822285
1791205800,0.001126825698160598,0.0011573922390651955,0.001126825698160598,0.0011459856437495458,1324.436314399365
1791205860,0.0011459856437495458,0.0011626238045622814,0.0011382184734050535,0.0011487643245072618,520.7670309242924
1791205920,0.0011487643245072618,0.0011645138259816757,0.0011487643245072618,0.0011523969561291565,222.3439571441852
1791205980,0.0011523969561291565,0.0012444008495535225,0.0011523969561291565,0.001232301283590185,3734.9410198667483
1791206040,0.001232301283590185,0.0012367679980822758,0.0011969718013230702,0.001197264052561076,1447.657666978037
1791206100,0.001197264052561076,0.0012110152172266245,0.0011845755553135974,0.0012005076962658208,483.8813223299789
1791206160,0.0012005076962658208,0.001245643694589462,0.001173824696427147,0.0011739221857871406,2750.145704936966
1791206220,0.0011739221857871406,0.0012285058754948433,0.001161905370210451,0.001221376933029126,4959.927939250618
1791206280,0.001221376933029126,0.001223274301167669,0.0011975094900221173,0.0012154241268766404,1418.2342085582864
1791206340,0.0012154241268766404,0.0012432100730319074,0.0012154241268766404,0.0012432100730319074,1658.2295576318334
1791206400,0.0012432100730319074,0.0012432100730319074,0.0011659073467608753,0.0011660048446398323,2483.630710423193
1791206460,0.0011660048446398323,0.001180019860549097,0.0011565264535710266,0.0011565264535710266,415.4609471585667
1791206520,0.0011565264535710266,0.0011881103261878149,0.0011442277621672918,0.0011713972218862453,1293.0813384084738
1791206580,0.0011713972218862453,0.0011931500935346857,0.0011683810419747997,0.001179484546276311,428.22988767435766
1791206640,0.001179484546276311,0.0011899218520776604,0.0011705443921671132,0.0011705443921671132,255.68730176540265
1791206700,0.0011705443921671132,0.0011800264162493907,0.0011576557551468418,0.001166833079478533,613.1617207253584
1791206760,0.001166833079478533,0.0011740328836489578,0.0011577554170339713,0.0011621998729386604,369.28173276301504
1791206820,0.0011621998729386604,0.0011623950937978296,0.0011595087739866368,0.0011595087739866368,129.30296567187696
1791206880,0.0011595087739866368,0.0011595087739866368,0.0011453237274679185,0.001146065768035166,324.14479023001604
1791206940,0.001146065768035166,0.0011600882766330664,0.001144888930571293,0.001144888930571293,42.96604812386721
1791207000,0.001144888930571293,0.001162201565508323,0.001143149736178631,0.0011510943309586135,315.0117229190369
1791207060,0.0011510943309586135,0.0011510943309586135,0.0011062645675052878,0.0011072988795318057,1258.1718288109369
1791207120,0.0011072988795318057,0.0011497500533698352,0.0011033939080372182,0.0011497500533698352,1958.5288173817264
1791207180,0.0011497500533698352,0.0011500988076842303,0.0011219916064503577,0.0011420539073692046,1044.635878912171
1791207240,0.0011420539073692046,0.0011517743538751023,0.0011289865089060907,0.0011289865089060907,711.4723477863715
1791207300,0.0011289865089060907,0.0011289865089060907,0.0010742642948337996,0.0010878595084391378,2984.6355444576375
1791207360,0.0010878595084391378,0.0010878595084391378,0.0010718657934307009,0.0010859736315274437,122.44660292479425
1791207420,0.0010859736315274437,0.001099008142779716,0.0010728217208553343,0.001099008142779716,443.6472475444177
1791207480,0.001099008142779716,0.0011413209482845075,0.0010805870517257214,0.001125004517209211,2966.220596175661
1791207540,0.001125004517209211,0.0011546291955452019,0.0011110707307008957,0.0011546291955452019,945.8291650750891
1791207600,0.0011546291955452019,0.0011595531294404033,0.0011424923524834068,0.0011424923524834068,415.97355553085356
1791207660,0.0011424923524834068,0.0011622270435030075,0.0011424923524834068,0.0011622270435030075,298.7829608788254
1791207720,0.0011622270435030075,0.0011689909347081756,0.0011483053965312168,0.0011689909347081756,322.0277538429099
1791207780,0.0011689909347081756,0.0011794345162583805,0.001156912738335587,0.0011653231345671038,620.7921676815337
1791207840,0.0011653231345671038,0.0011835571450690586,0.0011653231345671038,0.0011705075749778367,198.91424792834502
1791207900,0.0011705075749778367,0.00121702586908546,0.0011702014271782154,0.00121702586908546,1211.964171420876
1791207960,0.00121702586908546,0.0012410339471534658,0.0012143565769341988,0.001222050700029023,1126.8384611869374
1791208020,0.001222050700029023,0.001242196392085893,0.001222050700029023,0.001242196392085893,128.39640762424412
1791208080,0.001242196392085893,0.0012520927747165117,0.0012234883587628987,0.0012274876005083615,2281.8096938065974
1791208140,0.0012274876005083615,0.0012994653669210997,0.0012274876005083615,0.001275464728126539,2438.172311969675
1791208200,0.001275464728126539,0.0013022209070935543,0.001266636305705616,0.0013022209070935543,847.3868022552405
1791208260,0.0013022209070935543,0.0013153129826360924,0.0012472793121134683,0.0012639345864342358,2772.73087324175
1791208320,0.0012639345864342358,0.001269697900281407,0.0012518024710531795,0.001257284820861583,308.0921719073989
1791208380,0.001257284820861583,0.001257284820861583,0.0012388229757047823,0.0012388229757047823,457.39578618975884
1791208440,0.0012388229757047823,0.0012542119213223729,0.0012332237462194357,0.001247551229726492,216.95015554229892
1791208500,0.001247551229726492,0.001247551229726492,0.0012267871542554337,0.0012267871542554337,143.5018887132719
1791208560,0.0012267871542554337,0.0012422721457415874,0.0012103417205993202,0.0012103417205993202,592.9005564640737
1791208620,0.0012103417205993202,0.0012241369435343277,0.0012018030460308603,0.001215788912934618,553.3969870208874
1791208680,0.001215788912934618,0.0012277978899410849,0.0012115485166595472,0.0012236106032008202,175.8801172008825
1791208740,0.0012236106032008202,0.0012236106032008202,0.0011968766895592634,0.0012085941276688268,632.7883097899285
1791208800,0.0012085941276688268,0.0012085941276688268,0.0011886047880193158,0.0011886047880193158,98.8654507351497
1791208860,0.0011886047880193158,0.001205430802341298,0.001083236937984553,0.0011132038581879319,5240.83946629252
1791208920,0.0011132038581879319,0.001122174854721554,0.0010998270051180065,0.0011129626797217475,627.80504364859
1791208980,0.0011129626797217475,0.0011129626797217475,0.0009972669187900325,0.0010413676976512628,6725.668679530711
1791209040,0.0010413676976512628,0.0010413676976512628,0.0010153983361096937,0.001031519287298703,1508.825014477542
1791209100,0.001031519287298703,0.0010470825430031231,0.0010198942990076465,0.0010228068507404215,1404.7222591584791
1791209160,0.0010228068507404215,0.0010493527640562743,0.001022632452775446,0.0010388407145556808,830.6220838947011
1791209220,0.0010388407145556808,0.0010591265732753739,0.0009167427521559896,0.000933636057510446,9534.98652102753
1791209280,0.000933636057510446,0.000933636057510446,0.0008321178647813667,0.0008570294505474365,21324.71484592981
1791209340,0.0008570294505474365,0.0008942365410489232,0.0008343965658440738,0.0008840355412668926,8455.153461192891
1791209400,0.0008840355412668926,0.0009048339869294458,0.000793719698201915,0.0008490400864734992,9571.009436284403
1791209460,0.0008490400864734992,0.0008615512950583824,0.0008116401850968312,0.0008511445524284423,2551.0740314007016
1791209520,0.0008511445524284423,0.0008708591150323536,0.000811902870540969,0.0008373201864759626,3240.7204208322883
1791209580,0.0008373201864759626,0.000870299568485815,0.0008271855219918762,0.0008699695587245438,3718.8850631774826
1791209640,0.0008699695587245438,0.0008999024516176909,0.0008394969455702752,0.0008597313483252626,5124.033837667346
1791209700,0.0008597313483252626,0.0009202752391532643,0.0008476705689497666,0.0008919943694678245,5924.948569702184
1791209760,0.0008919943694678245,0.0009328649898727393,0.0008919943694678245,0.0009126821541867232,2194.0780158635657
1791209820,0.0009126821541867232,0.0009234718383438995,0.0009083343148121697,0.0009206215737149944,916.7704871607433
1791209880,0.0009206215737149944,0.0009340393515212551,0.0008985030763770591,0.0009337624035633172,2686.0130627488743
1791209940,0.0009337624035633172,0.0009439545847996307,0.0009189129589437516,0.0009297522383631902,1241.2286908262881
1791210000,0.0009297522383631902,0.0009462855373459271,0.0009128783427020953,0.0009128783427020953,1042.86463469709
1791210060,0.0009128783427020953,0.0009443080303509359,0.0008733091672765832,0.0009418576479381116,3236.94154667227
1791210120,0.0009418576479381116,0.0009558575417094679,0.0009145000170629454,0.0009150201739146535,1029.7138604502468
1791210180,0.0009150201739146535,0.0009307034913820766,0.0009150201739146535,0.0009167452287789494,296.27949308109936
1791210240,0.0009167452287789494,0.0009315557134539968,0.0009135418644546496,0.0009212429105778277,715.6618629897515
1791210300,0.0009212429105778277,0.0009669533433357724,0.0009100163548577166,0.0009509959692413633,1811.3599553107113
1791210360,0.0009509959692413633,0.0009581373917046262,0.0009388619373570185,0.0009581373917046262,398.7324771582103
1791210420,0.0009581373917046262,0.0009624432401901802,0.0008976802504625408,0.0008976802504625408,1361.9119423165746
1791210480,0.0008976802504625408,0.0009000828676557271,0.0008869407514395845,0.0008879470493670665,432.88091066342787
1791210540,0.0008879470493670665,0.0008982868814438751,0.0008310691987755698,0.0008543314151124339,3465.3138857599147
1791210600,0.0008543314151124339,0.0008984393599829954,0.0008543314151124339,0.0008750740541858793,1791.0753326066372
1791210660,0.0008750740541858793,0.0009041462579712097,0.0008641311628560249,0.0009033904526513309,1334.015719150957
1791210720,0.0009033904526513309,0.000915471982181406,0.0008817581685880009,0.0009153435546412178,1829.2358768480376
1791210780,0.0009153435546412178,0.000916695296175719,0.0008828923400318891,0.0008828923400318891,952.8455807180989
1791210840,0.0008828923400318891,0.0008828923400318891,0.0008634179557656717,0.0008634179557656717,803.2046103849522
1791210900,0.0008634179557656717,0.0008732542883480524,0.000839213819665211,0.000839213819665211,975.0587895949201
1791210960,0.000839213819665211,0.0008660619441645606,0.0008388796358782311,0.0008628633773182187,1300.133050625986
1791211020,0.0008628633773182187,0.0009011634115248975,0.0008595177012911312,0.000890030843750735,1228.8166652925286
1791211080,0.000890030843750735,0.000890030843750735,0.0008454631478003615,0.0008571514782301987,1367.5253731912392
1791211140,0.0008571514782301987,0.0008684111580243205,0.0008466669038379087,0.0008684111580243205,1632.973571410135
1791211200,0.0008684111580243205,0.0009071165298562335,0.0008539987031841642,0.0009064951085517855,1972.58830536081
1791211260,0.0009064951085517855,0.0009311922391957571,0.0009060979145220367,0.0009290805710834787,1050.316556411475
1791211320,0.0009290805710834787,0.0009290805710834787,0.000913385244209874,0.000915908709844137,665.771338448118
1791211380,0.000915908709844137,0.0009385374235957707,0.0009085620829159029,0.0009085620829159029,1243.315319159419
1791211440,0.0009085620829159029,0.0009173094176455896,0.0009008671991082235,0.0009008671991082235,342.67350786159886
1791211500,0.0009008671991082235,0.0009077338270052217,0.0008461744737122444,0.0008507598898083082,2441.2807325953218
1791211560,0.0008507598898083082,0.0008524626911687077,0.0007543079620424379,0.0007826518970414862,6743.3599186502315
1791211620,0.0007826518970414862,0.0008066022471281304,0.0007826518970414862,0.0008066022471281304,1210.6736251016725
1791211680,0.0008066022471281304,0.0008089265440966248,0.0007864162556316791,0.0007878596583606559,661.2742362489583
1791211740,0.0007878596583606559,0.0008209134843318024,0.000787611203016614,0.0008209134843318024,1488.5739418435412
1791211800,0.0008209134843318024,0.0008472500113098947,0.0008171202971593138,0.0008364853818352368,1893.8574164318818
1791211860,0.0008364853818352368,0.0008364853818352368,0.0008205987860949743,0.0008205987860949743,275.08551086997943
1791211920,0.0008205987860949743,0.0008350270372098764,0.0008193823342151842,0.0008350270372098764,297.30484394890647
1791211980,0.0008350270372098764,0.0008562043361173316,0.0007778343977749961,0.0008283268617676903,6339.460936177989
1791212040,0.0008283268617676903,0.0008283268617676903,0.0008114587093948697,0.0008234627044431662,639.2464996419365
1791212100,0.0008234627044431662,0.0008244144125838464,0.0007915828866046803,0.0007953687209640935,1253.9859234910355
1791212160,0.0007953687209640935,0.0008080045499178035,0.0007793941534279126,0.0007917161567544605,2068.1466703172296
1791212220,0.0007917161567544605,0.0007917161567544605,0.0007732333970099995,0.0007904263313048892,711.9255542661064
1791212280,0.0007904263313048892,0.0007904263313048892,0.0007656925916130419,0.0007833402585652668,2733.6840032921677
1791212340,0.0007833402585652668,0.0007833402585652668,0.0007507344740537031,0.0007615778017221573,1487.9206417338453
1791212400,0.0007615778017221573,0.0007680846813150982,0.0007367076892739263,0.0007531584098436713,2684.9761908366263
1791212460,0.0007531584098436713,0.0007829051374385129,0.0007531584098436713,0.0007829051374385129,468.81878365297433
1791212520,0.0007829051374385129,0.0007924831737397376,0.0007413109420621338,0.0007759843773942424,5091.303102450691
1791212580,0.0007759843773942424,0.0007759843773942424,0.0007624097614124804,0.0007626356627916287,492.72436767912825
1791212640,0.0007626356627916287,0.0007888758644492083,0.0007626356627916287,0.0007888758644492083,723.4556192270518
1791212700,0.0007888758644492083,0.0007911935487420385,0.0007792051401764266,0.0007909954201050838,233.79921095700547
1791212760,0.0007909954201050838,0.0007925836004144704,0.0007815286687438069,0.0007845024278680322,194.2278508717582
1791212820,0.0007845024278680322,0.000793976084250957,0.0007776493104891671,0.0007776493104891671,603.6458226159093
1791212880,0.0007776493104891671,0.0007840281888277107,0.0007704049605024671,0.0007840245009704054,480.03276894109666
1791212940,0.0007840245009704054,0.0007919254545764605,0.0007784170241171838,0.0007799797377686089,376.7372765541913
1791213000,0.0007799797377686089,0.0007880432758208768,0.0007736814756546322,0.0007880432758208768,401.7330678261533
1791213060,0.0007880432758208768,0.0007880432758208768,0.0007760847425147607,0.0007760847425147607,235.59281273673398
1791213120,0.0007760847425147607,0.0007840203784396093,0.0007610403201490915,0.0007840203784396093,1388.9104098337416
1791213180,0.0007840203784396093,0.000784723141913753,0.000758257062119481,0.0007676238959266578,625.3608301390226
1791213240,0.0007676238959266578,0.0007683667421380163,0.0007569514823998684,0.0007569978867609789,443.9627332803048
1791213300,0.0007569978867609789,0.0007812784333619436,0.000753877403661685,0.0007812784333619436,1060.679084339285
1791213360,0.0007812784333619436,0.000782514994201731,0.000771720255899074,0.0007725334986436938,224.20628421298312
1791213420,0.0007725334986436938,0.0008021295878888493,0.0007659089009345298,0.0008021295878888493,1403.0067717243437
1791213480,0.0008021295878888493,0.0008088445380899466,0.0007888846949103125,0.0007990653219566923,1066.9456953025679
1791213540,0.0007990653219566923,0.0008148100271853809,0.0007980641704184198,0.0008025519280062367,425.5997571935617
1791213600,0.0008025519280062367,0.0008206875138078472,0.0007996393763453097,0.0008206875138078472,586.205327042934
1791213660,0.0008206875138078472,0.0008206875138078472,0.0008015467815820351,0.0008015467815820351,447.13963655907463
1791213720,0.0008015467815820351,0.0008090339603291736,0.0007968353499278241,0.0008065014678999542,175.15682593495444
1791213780,0.0008065014678999542,0.0008153294065062586,0.0007976837634606474,0.0008153294065062586,320.5465255449764
1791213840,0.0008153294065062586,0.0008205232865084145,0.0008068700205611812,0.0008205232865084145,186.18671186781629
1791213900,0.0008205232865084145,0.0008619303884720087,0.0008204182697291992,0.0008510254707804291,1339.73384327454
1791213960,0.0008510254707804291,0.0008542267232197967,0.0008352426731141556,0.0008414027222596683,670.1618804911085
1791214020,0.0008414027222596683,0.0008590145487184362,0.0008315829683129976,0.000856824124738605,823.4627578739029
1791214080,0.000856824124738605,0.000868033596702064,0.0008428950268075089,0.0008577412370968232,784.0165578636155
1791214140,0.0008577412370968232,0.0008723630327835736,0.0008518125540208201,0.0008723630327835736,569.9379363154484
1791214200,0.0008723630327835736,0.0008916115359678869,0.0008603334576726095,0.0008775154032343439,841.620572505049
1791214260,0.0008775154032343439,0.000895467048834266,0.0008485688762513556,0.0008579680173893777,1655.497639313491
1791214320,0.0008579680173893777,0.0008595059531948243,0.0008472218141236498,0.0008595059531948243,306.1531587134242
1791214380,0.0008595059531948243,0.0008597095338500267,0.0008253006552235669,0.0008253006552235669,1215.269357626049
1791214440,0.0008253006552235669,0.0008569339680831565,0.0008245102320736579,0.0008569339680831565,791.0921714707011
1791214500,0.0008569339680831565,0.0008784892286567669,0.0008470070191098385,0.0008783437007497271,745.7338680585663
1791214560,0.0008783437007497271,0.0009066019702223055,0.0008685191713924028,0.0008985369318939254,1032.9793658014046
1791214620,0.0008985369318939254,0.0008985369318939254,0.0008354470410150671,0.0008955281328124867,4428.924056337953
1791214680,0.0008955281328124867,0.0008955281328124867,0.000853673005889125,0.000853673005889125,1063.8337701265973
1791214740,0.000853673005889125,0.0008645843799632879,0.0008437399786052995,0.000851470716004184,464.2400917510061
1791214800,0.000851470716004184,0.0008539075522888218,0.0008397675236384195,0.0008504964579717293,293.06390637831106
1791214860,0.0008504964579717293,0.0008514327164680226,0.0008406576967536405,0.0008406576967536405,123.67295687322773
1791214920,0.0008406576967536405,0.0008716532130915826,0.0008399875994145239,0.000867262271269828,1587.0939880105725
1791214980,0.000867262271269828,0.0008791952742457634,0.0008670085736493489,0.0008687792505627729,48.38908468254372
1791215040,0.0008687792505627729,0.0009075770763077252,0.0008675048945186159,0.0008935467481365858,1094.074276731703
1791215100,0.0008935467481365858,0.0009305496260589852,0.0008927224267524449,0.0009138492020781079,1995.8723397064741
1791215160,0.0009138492020781079,0.0009163237934287097,0.0008958401196169041,0.0009001446261119996,600.0394688987487
1791215220,0.0009001446261119996,0.0009254637034319947,0.0009001446261119996,0.0009254637034319947,1001.9174200558783
1791215280,0.0009254637034319947,0.000938792451108933,0.0009179712981454722,0.000938792451108933,981.4680562398255
1791215340,0.000938792451108933,0.0009600692586996205,0.0009272848307982929,0.0009453975527016058,877.3949808446256
1791215400,0.0009453975527016058,0.0009453975527016058,0.0009144402342272026,0.0009144402342272026,2932.9300133009497
1791215460,0.0009144402342272026,0.0009296615610216185,0.0008706987326804822,0.0008832667122034577,2675.287580481504
1791215520,0.0008832667122034577,0.000884873071853696,0.0008098170476378649,0.000816306897781508,5655.643477159037
1791215580,0.000816306897781508,0.0008359029157941767,0.000812740126792402,0.0008201453349986272,1227.8232087839067
1791215640,0.0008201453349986272,0.0008286823272748196,0.0008095140897234417,0.0008187469415369865,532.0829868107606
1791215700,0.0008187469415369865,0.0008209821048567673,0.000797704993512996,0.0008103074623348095,851.8741064055853
1791215760,0.0008103074623348095,0.0008182195778173841,0.0008055243807487654,0.0008055243807487654,488.3062772730591
1791215820,0.0008055243807487654,0.0008265420375992376,0.0008055243807487654,0.0008194076259900391,474.64052554385887
1791215880,0.0008194076259900391,0.0008279076407268073,0.0008173126327515537,0.0008275125814388789,95.88071418557016
1791215940,0.0008275125814388789,0.0008275125814388789,0.0008077940038137544,0.0008077940038137544,327.8814144772435
1791216000,0.0008077940038137544,0.0008237808858343984,0.0008069410930957836,0.0008069410930957836,480.39133344206954
1791216060,0.0008069410930957836,0.0008164672620335278,0.0007992666332191839,0.0007992666332191839,626.2223814387289
1791216120,0.0007992666332191839,0.0008020765439114277,0.0007861407521251861,0.0007861407521251861,528.5956741073616
1791216180,0.0007861407521251861,0.0007955111471881767,0.0007836271647047571,0.0007932949633356731,95.50558027413895
1791216240,0.0007932949633356731,0.0007954727254451705,0.0007824858346206336,0.0007824858346206336,268.4117401008745
1791216300,0.0007824858346206336,0.0007895671093072654,0.0007745380322700039,0.0007895671093072654,370.4498282557436
1791216360,0.0007895671093072654,0.0008324290221485731,0.0007895671093072654,0.0008252535371593347,1973.331891980766
1791216420,0.0008252535371593347,0.0008268749454893772,0.0008060988049871952,0.0008222434054803223,1602.266325108826
1791216480,0.0008222434054803223,0.0008274759196735085,0.0008167844367531345,0.0008274759196735085,31.57297202556065
1791216600,0.0008274759196735085,0.0008357103364566282,0.0008170295581230888,0.0008280949008510343,969.0095201271073
1791216660,0.0008280949008510343,0.0008322835108425607,0.0008145150733864009,0.0008145150733864009,283.6029831646767
1791216720,0.0008145150733864009,0.0008277392963129488,0.0008145150733864009,0.0008184302730858597,126.52036127666757
1791216780,0.0008184302730858597,0.0008427160604173415,0.0008177161782438051,0.0008376170606400865,657.6123645737582
1791216840,0.0008376170606400865,0.00086237090861303,0.0008369421713225325,0.000859604217176072,903.4116164150537
1791216900,0.000859604217176072,0.0008707256229099536,0.0008477400864794894,0.0008585852028610197,405.6933828120132
1791216960,0.0008585852028610197,0.0008585852028610197,0.0008309678058206722,0.0008317491908424108,874.2765780419094
1791217020,0.0008317491908424108,0.0008317491908424108,0.0008073896943245309,0.0008073896943245309,575.3719963853815
1791217080,0.0008073896943245309,0.0008145263881855272,0.0007241795202374582,0.0007324371443266882,7869.369854406082
1791217140,0.0007324371443266882,0.0007466063218252179,0.0007305994330732577,0.0007308386726920892,520.7760431218692
1791217200,0.0007308386726920892,0.0007400787262687951,0.0007143971047982171,0.0007143971047982171,1183.9798530601581
1791217260,0.0007143971047982171,0.0007292994510474026,0.0006962866147320186,0.0006978320987127294,3610.226965336447
1791217320,0.0006978320987127294,0.0007051341551453323,0.0006867125315230227,0.0007029420349245038,1438.498434841981
1791217380,0.0007029420349245038,0.0007052924255911219,0.0006764730584866824,0.00069540969189121,1715.645294484488
1791217440,0.00069540969189121,0.0007050184698835137,0.0006806784817436424,0.0006806784817436424,792.3517051175547
1791217500,0.0006806784817436424,0.000693911499074909,0.0006752587026595232,0.0006834406366848432,1084.2112124396801
1791217560,0.0006834406366848432,0.0007341445925320056,0.000673333313160936,0.0007341445925320056,2203.465279897245
1791217620,0.0007341445925320056,0.0007348756141436073,0.0007252556889069515,0.0007265964549065919,74.31818042605423
1791217680,0.0007265964549065919,0.0007443932746234723,0.0007219451452169003,0.0007443932746234723,616.6771699537773
1791217740,0.0007443932746234723,0.0007443932746234723,0.0007109241529774462,0.0007109241529774462,1209.195095841399
1791217800,0.0007109241529774462,0.0007163588206622088,0.0007054070776605429,0.000713681410668033,315.44506370858215
1791217860,0.000713681410668033,0.000713681410668033,0.0006995205636725594,0.0007051265486196466,414.81094741768305
1791217920,0.0007051265486196466,0.0007096537357245078,0.0006796814385349282,0.0006917515495562298,1268.9806893816478
1791217980,0.0006917515495562298,0.0006917515495562298,0.0006803219196060794,0.0006890646154205033,290.64484438959533
1791218040,0.0006890646154205033,0.0007451869449952328,0.0006890646154205033,0.0007118736224674065,2585.1808992751094
1791218100,0.0007118736224674065,0.0007167413483653494,0.0006712287977419852,0.000673657744633989,4308.67455414039
1791218160,0.000673657744633989,0.0007225132822623471,0.0006668432483269373,0.00068867015036762,4527.377688711918
1791218220,0.00068867015036762,0.0007035407529976778,0.0006843976142022638,0.0007035407529976778,589.1131043101612
1791218280,0.0007035407529976778,0.0007275533712138849,0.0007035407529976778,0.0007156035690320399,1911.9796472300752
1791218340,0.0007156035690320399,0.0007856500466423632,0.0007132022682848753,0.0007856500466423632,4031.0018218528426
1791218400,0.0007856500466423632,0.0007856500466423632,0.0007538582205539995,0.0007556105051654563,983.0081283812609
1791218460,0.0007556105051654563,0.0007908474423683804,0.0007556105051654563,0.0007774947431870531,1141.6917305976253
1791218520,0.0007774947431870531,0.0007852706896784662,0.0007645124990091435,0.0007645124990091435,589.7765226252357
1791218580,0.0007645124990091435,0.0007849227344983102,0.0007645124990091435,0.0007740094263064457,1909.1948805089644
1791218640,0.0007740094263064457,0.0008147062031949807,0.0007740094263064457,0.0008147062031949807,1879.064076723979
1791218700,0.0008147062031949807,0.0008170040565143,0.0008063903707192182,0.0008170040565143,71.34437751197
1791218760,0.0008170040565143,0.0008178792224520926,0.000783523618063053,0.0008018014718172086,1468.971837167623
1791218820,0.0008018014718172086,0.0008129253504953332,0.0007905695411648587,0.0008005483697273524,627.7967611272419
1791218880,0.0008005483697273524,0.0008017245187157432,0.0007865260827105617,0.0007865260827105617,209.8579747932415
1791218940,0.0007865260827105617,0.0007979447360509239,0.0007858607763776458,0.0007908988608692071,298.758760791369
1791219000,0.0007908988608692071,0.0008025150892792155,0.000782670774732706,0.000782670774732706,518.5790876830443
1791219060,0.000782670774732706,0.0008158801999750079,0.0007781294883277992,0.0008158801999750079,1511.958856290309
1791219120,0.0008158801999750079,0.000821092650950418,0.0008075165493401726,0.0008109564958004024,519.5763422908059
1791219180,0.0008109564958004024,0.0008249784081646385,0.0008011057848631532,0.0008249784081646385,528.97634205231
1791219240,0.0008249784081646385,0.0008401844382035472,0.0008148834023539485,0.0008372048949112333,619.4467660933848
1791219300,0.0008372048949112333,0.0008372048949112333,0.0008264435413822386,0.0008264435413822386,327.14495474482254
1791219360,0.0008264435413822386,0.0008377125845769091,0.0008219335461360238,0.0008334081279161639,525.6199038559229
1791219420,0.0008334081279161639,0.0008516743071051413,0.0008264699427963841,0.0008416351177714883,1440.000137074323
1791219480,0.0008416351177714883,0.0008588845557640655,0.0008320700302551618,0.0008354092518258827,1238.0926531455893
1791219540,0.0008354092518258827,0.0008354092518258827,0.000785730263022256,0.0008064340070768319,1191.4773514102599
1791219600,0.0008064340070768319,0.0008070140726192568,0.0007971515083274943,0.0008070140726192568,22.051280250261204
1791219660,0.0008070140726192568,0.0008070140726192568,0.00078331256203987,0.00078331256203987,703.3677851589264
1791219720,0.00078331256203987,0.0007868289228313373,0.0007714579307983433,0.0007714579307983433,278.4572367784609
1791219780,0.0007714579307983433,0.0007814618209206054,0.000771289206110701,0.000771289206110701,76.99163382173381
1791219840,0.000771289206110701,0.0007805596953572134,0.0007675316061377898,0.0007771785487406016,292.73003810615313
1791219900,0.0007771785487406016,0.0008018187201277099,0.0007771785487406016,0.0007960737668278521,976.4643519987948
1791219960,0.0007960737668278521,0.0007960737668278521,0.0007942132805627758,0.0007942132805627758,80.1068308216583
1791220020,0.0007942132805627758,0.0008088839591881829,0.000789205917464642,0.0008088839591881829,809.1700664816942
1791220080,0.0008088839591881829,0.0008088839591881829,0.0007778997672502952,0.0007778997672502952,957.02683221906
1791220140,0.0007778997672502952,0.0007875034587907188,0.0007695798191570894,0.0007771243340392502,378.05579915109416
1791220200,0.0007771243340392502,0.0007775228041127382,0.0007681619647076369,0.0007775228041127382,13.191670147336986
1791220260,0.0007775228041127382,0.0007791080692924306,0.0007675234817904275,0.0007791080692924306,84.65076933203123
1791220320,0.0007791080692924306,0.0007806691996797844,0.0007678415873308988,0.0007746680553791942,368.54121842718945
1791220380,0.0007746680553791942,0.000777765730442976,0.0007677409551001279,0.000777765730442976,438.77319125321173
1791220440,0.000777765730442976,0.0007785604314112813,0.0007689552376772645,0.0007689552376772645,83.15714904973842
1791220500,0.0007689552376772645,0.0007788437699135374,0.0007585731457181396,0.0007585731457181396,562.1144526195974
1791220560,0.0007585731457181396,0.0007700054453131754,0.0007585731457181396,0.0007700054453131754,182.7072565320069
1791220620,0.0007700054453131754,0.0007705224737010001,0.000760177121707112,0.0007705224737010001,128.84509518852838
1791220680,0.0007705224737010001,0.0007743273814211733,0.0007579741434378583,0.0007643335643682512,260.01454916240914
1791220740,0.0007643335643682512,0.0007643335643682512,0.0007114722580229603,0.0007114722580229603,2051.4455237588295
1791220800,0.0007114722580229603,0.0007217952642257128,0.0007114722580229603,0.0007120950562814492,77.2889945129079
1791220860,0.0007120950562814492,0.0007120950562814492,0.0006872996238842257,0.0006872996238842257,1243.1222714812793
1791220920,0.0006872996238842257,0.0006895928016795984,0.0006577490576946501,0.0006690095338663102,1283.7068609714952
1791220980,0.0006690095338663102,0.000670212296772222,0.0006469232672342431,0.0006566570694662637,2396.9882128662657
1791221040,0.0006566570694662637,0.0006711991092648654,0.0006427574816920928,0.0006626006771934982,715.9297970394261
1791221100,0.0006626006771934982,0.0006888296783338152,0.0006626006771934982,0.0006888296783338152,1695.4200942006555
1791221160,0.0006888296783338152,0.0006888296783338152,0.0006394596234812627,0.0006394596234812627,1657.6349986561038
1791221220,0.0006394596234812627,0.00066740477596566,0.0006394596234812627,0.0006593780265371473,487.30833281332957
1791221280,0.0006593780265371473,0.000667442313789549,0.000658765189999397,0.0006592388821222999,106.52587673453742
1791221340,0.0006592388821222999,0.0006592388821222999,0.0006042925725519805,0.000605852396932587,3922.2174613249326
1791221400,0.000605852396932587,0.0006499873499528703,0.0006056865820329205,0.0006451999832192672,3460.4117308133564
1791221460,0.0006451999832192672,0.0006451999832192672,0.0006370458470626768,0.0006370458470626768,226.73064260532092
1791221520,0.0006370458470626768,0.0006466019892944812,0.0006127092095571028,0.0006412335803775221,3460.1247819158893
1791221580,0.0006412335803775221,0.0006433381325780998,0.0006287959027109053,0.0006287959027109053,707.8021793771815
1791221640,0.0006287959027109053,0.0006447790923223947,0.0006287959027109053,0.0006333954893549495,705.6485369191552
1791221700,0.0006333954893549495,0.0006411830674796722,0.0006121962440723209,0.000616164321633211,821.3501123427648
1791221760,0.000616164321633211,0.0006165140408741027,0.0006057472698737336,0.0006057472698737336,422.3328863250287
1791221820,0.0006057472698737336,0.0006125925168588369,0.0005338672019195816,0.0005618921807668796,11370.668214428284
1791221880,0.0005618921807668796,0.0005871583180450859,0.0005479848329539901,0.0005770045101016481,3292.059866758734
1791221940,0.0005770045101016481,0.0005917316129832325,0.0005770045101016481,0.0005819337842193163,707.9386561425771
1791222000,0.0005819337842193163,0.0005944312020663991,0.0005664249666684242,0.0005944312020663991,1351.519601050047
1791222060,0.0005944312020663991,0.0006117538542414568,0.000591097406240772,0.0005991323813335651,913.9513633242519
1791222120,0.0005991323813335651,0.0006144837601282285,0.000597116119522044,0.0006115788049331823,901.817447017859
1791222180,0.0006115788049331823,0.0006263015533996071,0.0006050866665305646,0.0006203464270720816,663.0497696742875
1791222240,0.0006203464270720816,0.0006512300510539986,0.0006187452443560766,0.0006512300510539986,1376.6895439157702
1791222300,0.0006512300510539986,0.0006541677186845107,0.0006437215433249404,0.0006461697741366436,49.26300922483047
1791222360,0.0006461697741366436,0.0006544206137125618,0.0006442074136316066,0.0006544206137125618,377.39584524223443
1791222420,0.0006544206137125618,0.0006544206137125618,0.0006397243759919775,0.0006397243759919775,495.65202963073494
1791222480,0.0006397243759919775,0.0006457989850795936,0.0005977721941836738,0.0006048771228154182,1840.291851402409
1791222540,0.0006048771228154182,0.0006048771228154182,0.0005964869037040677,0.0006030894111419357,117.76269112058714
1791222600,0.0006030894111419357,0.0006030894111419357,0.0005918246243820678,0.0005918246243820678,197.1341790892741
1791222660,0.0005918246243820678,0.0006273833468863204,0.0005895258303905719,0.0006206317183492851,1521.1507275280971
1791222720,0.0006206317183492851,0.0006301545767065942,0.0006054161465564204,0.0006105447774131034,1928.3807566617313
1791222780,0.0006105447774131034,0.0006244576045021409,0.0006044804691684415,0.0006046044610669539,1012.8913243324139
1791222840,0.0006046044610669539,0.0006046044610669539,0.0005574337138892523,0.0005574337138892523,2945.008484797174
1791222900,0.0005574337138892523,0.0005626030561789353,0.0005286199070403249,0.0005550557350660698,3055.262153686923
1791222960,0.0005550557350660698,0.0005583035922867989,0.0005281336162116538,0.0005502748006467107,2643.1697520309076
1791223020,0.0005502748006467107,0.0005573484491232133,0.0005458015473803326,0.000548489629032309,392.30467556612535
1791223080,0.000548489629032309,0.0005714666951764084,0.000548489629032309,0.0005664636871142871,692.87029986894
1791223140,0.0005664636871142871,0.0005745888886111359,0.0005605783538448588,0.0005745888886111359,691.2231051073553
1791223200,0.0005745888886111359,0.0005745888886111359,0.0005658323566015743,0.0005725008106860234,253.30605557882518
1791223260,0.0005725008106860234,0.0005741707243749247,0.0005645131138949509,0.0005741707243749247,356.91377823186167
1791223320,0.0005741707243749247,0.0005741707243749247,0.00056584126659789,0.0005659089253966854,278.57998072791077
1791223380,0.0005659089253966854,0.0005693450585589431,0.0005626653839328545,0.0005626653839328545,137.33220936552217
1791223440,0.0005626653839328545,0.0005626653839328545,0.0005343398866128257,0.0005545606097258415,2558.3654848475308
1791223500,0.0005545606097258415,0.0005664996463217498,0.0005503605499475956,0.0005593433089611498,508.13838085658915
1791223560,0.0005593433089611498,0.0005593894105726746,0.0005205532232613366,0.0005253228464088501,1653.15203541558
1791223620,0.0005253228464088501,0.000543096245839582,0.0005150795780995951,0.0005310059234111323,2716.1721243065203
1791223680,0.0005310059234111323,0.0005318628440744689,0.00051448856578763,0.0005206208074326969,1390.1363931950789
1791223740,0.0005206208074326969,0.0005362386494574985,0.0005206208074326969,0.0005304191943603687,725.8467161611684
1791223800,0.0005304191943603687,0.0005406433553760199,0.0005295004076812708,0.0005406433553760199,794.3914609279788
1791223860,0.0005406433553760199,0.0005406433553760199,0.0005271234609994042,0.000533506065853104,26.71985458048954
1791223920,0.000533506065853104,0.0005439874181124025,0.0005234754293201653,0.0005279146728336685,1976.5511663959503
1791223980,0.0005279146728336685,0.000557873216684778,0.0005279146728336685,0.000557873216684778,953.8834585056927
1791224040,0.000557873216684778,0.000557873216684778,0.0005391144579689665,0.00054769603210072,1413.79551228468
1791224100,0.00054769603210072,0.0005540687974731257,0.0005469302980192671,0.0005469302980192671,19.506196996554102
1791224160,0.0005469302980192671,0.0005657591211563982,0.0005468749778281904,0.0005583330221068226,880.8811372271279
1791224220,0.0005583330221068226,0.0005675561403850242,0.0005583330221068226,0.0005625637563553155,276.76526016704435
1791224280,0.0005625637563553155,0.0005755940892353366,0.0005625637563553155,0.000568651284042035,296.0995744243372
1791224340,0.000568651284042035,0.0005778902406437175,0.0005672854955926844,0.0005778902406437175,315.267652166726
1791224400,0.0005778902406437175,0.0005778902406437175,0.0005608189696046946,0.0005741680071603035,701.2194392731418
1791224460,0.0005741680071603035,0.0005741680071603035,0.0005613338673004247,0.0005685374793310587,258.342927393336
1791224520,0.0005685374793310587,0.0005729484560118818,0.0005652967154559621,0.0005652967154559621,195.8116477662024
1791224580,0.0005652967154559621,0.000583130498949261,0.000564180026156558,0.0005750553279542335,783.0245712535923
1791224640,0.0005750553279542335,0.0005978915188173659,0.0005750553279542335,0.0005978915188173659,817.5440103038615
1791224700,0.0005978915188173659,0.0005978915188173659,0.000563810049127133,0.0005643599279096036,1195.9190733799269
1791224760,0.0005643599279096036,0.000565792214818179,0.0005585488331882167,0.000565792214818179,280.0858361257901
1791224820,0.000565792214818179,0.0005899181703966695,0.000565792214818179,0.0005884319656767841,993.3559908067888
1791224880,0.0005884319656767841,0.000600619991138616,0.0005881421585776837,0.0005965918357256235,487.84135490432755
1791224940,0.0005965918357256235,0.0006109227639060712,0.0005965918357256235,0.0006015276020370602,572.3398051164729
1791225000,0.0006015276020370602,0.0006129343123065783,0.0005993874060539591,0.0006060104730547648,406.0780704943444
1791225060,0.0006060104730547648,0.0006281596770648711,0.0006060104730547648,0.0006281596770648711,559.1392777798831
1791225120,0.0006281596770648711,0.0006339080946241628,0.0006125962062985409,0.0006125962062985409,1540.2659738334567
1791225180,0.0006125962062985409,0.0006125962062985409,0.0005980420279918378,0.0006069593467626316,104.10353315061009
1791225240,0.0006069593467626316,0.0006069593467626316,0.0005984429350240682,0.0005985700890915525,50.55050121747027
1791225300,0.0005985700890915525,0.000606045749994342,0.0005962858869256082,0.0005962858869256082,119.86524008596983
1791225360,0.0005962858869256082,0.000603087368810304,0.0005829216015964501,0.000590419673698297,516.0996689785025
1791225420,0.000590419673698297,0.000590419673698297,0.000580089480014297,0.0005878149879850098,149.52729574592848
1791225480,0.0005878149879850098,0.0005878149879850098,0.000579912739582796,0.0005801514019017498,75.18356016123607
1791225540,0.0005801514019017498,0.0005894705362485441,0.0005800944298147289,0.0005842310725971614,213.78388627943445
1791225600,0.0005842310725971614,0.0005909219768366902,0.0005815129907803894,0.0005884867594377221,95.25347774351951
1791225660,0.0005884867594377221,0.0005900121345218208,0.0005841442355723294,0.0005841442355723294,133.6848638988287
1791225720,0.0005841442355723294,0.0005913446242741291,0.000550843351830796,0.0005550868018378181,2126.5590658733427
1791225780,0.0005550868018378181,0.000568017812295435,0.0005519117614708659,0.00056142842377414,591.0653132273567
1791225840,0.00056142842377414,0.00056142842377414,0.0005474594445862812,0.0005501383991354235,827.2779240240563
1791225900,0.0005501383991354235,0.0005566000809843875,0.0005458843806747158,0.0005491570226115248,344.6146148538323
1791225960,0.0005491570226115248,0.0005491570226115248,0.0005425197358144956,0.0005425197358144956,7.912000937710175
1791226020,0.0005425197358144956,0.0005551877905921219,0.0005409625685726609,0.0005551877905921219,753.0413287978336
1791226080,0.0005551877905921219,0.0005662760326400179,0.0005551877905921219,0.0005621271482640935,250.1532624556884
1791226140,0.0005621271482640935,0.0005687969668717725,0.0005620934590124305,0.0005622975482951386,16.089893227545947
1791226200,0.0005622975482951386,0.0005685854754156648,0.0005606694226579053,0.0005606694226579053,47.385911160640525
1791226260,0.0005606694226579053,0.0005606694226579053,0.0005233325558580058,0.0005249951990968672,2492.445293467676
1791226320,0.0005249951990968672,0.0005302767376902198,0.0005208712042368178,0.0005208712042368178,311.5928005733721
1791226380,0.0005208712042368178,0.0005266303139706745,0.000518552530085446,0.0005266303139706745,87.86260692411699
1791226440,0.0005266303139706745,0.0005266303139706745,0.0005177937252771982,0.0005248546120388735,157.7108665165891
1791226500,0.0005248546120388735,0.0005281591979397198,0.0005158432497929756,0.0005281591979397198,638.0351379343177
1791226560,0.0005281591979397198,0.0005389672649559615,0.0005274799080005303,0.0005344874388999586,390.7352364978203
1791226620,0.0005344874388999586,0.0005423833955658347,0.0005344874388999586,0.000541517323403219,112.41198377118846
1791226680,0.000541517323403219,0.0005697103393314824,0.00046818439612963914,0.0005024716139029354,5198.679480641585
1791226740,0.0005024716139029354,0.0005148727917207356,0.0005024716139029354,0.0005070404254354744,883.2518171980261
1791226800,0.0005070404254354744,0.0005128783806864805,0.0005037152368580748,0.0005065339169180122,46.76181963798383
1791226860,0.0005065339169180122,0.0005356079058899603,0.0005065339169180122,0.0005356079058899603,1905.037217924275
1791226920,0.0005356079058899603,0.0005573287790909586,0.00052395965329895,0.0005550243709411467,1808.630387316523
1791226980,0.0005550243709411467,0.000566038315137942,0.0005407583945127092,0.0005483190092323938,1883.8031972714405
1791227040,0.0005483190092323938,0.0005590548927534919,0.0005382351643633113,0.0005588605793905879,1053.4106448054383
1791227100,0.0005588605793905879,0.0005588936064332083,0.0005507779248256219,0.0005588936064332083,131.450566291463
1791227160,0.0005588936064332083,0.0005588936064332083,0.000551296731602758,0.000551296731602758,61.01972093662772
1791227220,0.000551296731602758,0.000563114419056195,0.0005435846847257142,0.000563114419056195,1760.4052105396433
1791227280,0.000563114419056195,0.0005631501091450971,0.0005429310434866736,0.0005456072161404017,1049.9853996579757
1791227340,0.0005456072161404017,0.00055802926265205,0.0005456072161404017,0.0005528093008495828,548.5985545179179
1791227400,0.0005528093008495828,0.0005705856435477843,0.0005528093008495828,0.0005602485053085381,680.80370587342
1791227460,0.0005602485053085381,0.000575052443262475,0.0005602485053085381,0.0005650421858751305,858.2121642108011
1791227520,0.0005650421858751305,0.0005659606896543503,0.0005477043018844171,0.0005477043018844171,1049.5956103764731
1791227580,0.0005477043018844171,0.000569564643822296,0.0005472219222490009,0.00056580686919301,1263.438348894671
1791227640,0.00056580686919301,0.00056580686919301,0.0005566179429493823,0.0005566179429493823,347.8658315123947
1791227700,0.0005566179429493823,0.0005724070517540311,0.0005525790640617987,0.0005525790640617987,994.3467807791624
1791227760,0.0005525790640617987,0.0005593318323191983,0.0005453795017300421,0.0005453795017300421,634.6946860254533
1791227820,0.0005453795017300421,0.0005602349738812566,0.0005453795017300421,0.00055355544419515,504.7610532636041
1791227880,0.00055355544419515,0.0005639779801361146,0.00055355544419515,0.0005590291914419569,211.39299560362247
1791227940,0.0005590291914419569,0.0005718121266636074,0.0005589078786263455,0.0005718121266636074,268.8161121699478
1791228000,0.0005718121266636074,0.0005718121266636074,0.0005457002243210731,0.0005526988347491505,802.4342910303459
1791228060,0.0005526988347491505,0.000553096260790424,0.0005441837490448381,0.0005441837490448381,135.5914176501951
1791228120,0.0005441837490448381,0.0005441837490448381,0.0005347182665839372,0.0005347182665839372,350.04849687916186
1791228180,0.0005347182665839372,0.00054226900798073,0.0005239799024361378,0.0005239799024361378,826.9838215181393
1791228240,0.0005239799024361378,0.0005359237982280015,0.0005203727518877356,0.0005292797691868558,1321.531963384823
1791228300,0.0005292797691868558,0.0005364193466515499,0.0005281074968836125,0.0005362292608128023,165.28533083379975
1791228360,0.0005362292608128023,0.0005721697890897114,0.0005362292608128023,0.0005721697890897114,1446.3562818765533
1791228420,0.0005721697890897114,0.0005721697890897114,0.0005651735041741646,0.0005719022502023812,9.905672064995665
1791228480,0.0005719022502023812,0.0005719022502023812,0.0005320101059334604,0.0005447085270170513,922.7619519976574
1791228540,0.0005447085270170513,0.0005460202018269029,0.0005388933062396961,0.000540217330055645,97.6954642795599
1791228600,0.000540217330055645,0.0005490380385568871,0.000540217330055645,0.0005427616923840479,253.7678795981442
1791228660,0.0005427616923840479,0.0005427616923840479,0.0005417487312493355,0.0005417487312493355,22.00016994028534
1791228720,0.0005417487312493355,0.0005483276152310751,0.0005416755111534211,0.0005483276152310751,18.058905966123096
1791228780,0.0005483276152310751,0.0005484178257990635,0.0005417846528211345,0.0005484178257990635,13.595879909517551
1791228840,0.0005484178257990635,0.0005484178257990635,0.0005402370816065658,0.0005475596038841673,151.6940480363825
1791228900,0.0005475596038841673,0.0005536260787882377,0.0005454036920309152,0.000551695803325172,673.4341940107155
1791228960,0.000551695803325172,0.0005534822170743343,0.0005477996232105393,0.0005477996232105393,119.91712120672173
1791229020,0.0005477996232105393,0.0005560767248154661,0.0005471522166744394,0.0005509493187544288,163.56351410514654
1791229080,0.0005509493187544288,0.0005608541386608362,0.0005509493187544288,0.0005608541386608362,223.15961038996997
1791229140,0.0005608541386608362,0.0005637394098343048,0.0005551252634754055,0.0005590701639851508,289.0859144576752
1791229200,0.0005590701639851508,0.0005590701639851508,0.0005515493263989746,0.0005524741097460192,460.3275081152208
1791229260,0.0005524741097460192,0.0005566860929506989,0.0005447983359222545,0.0005554057850998826,512.1675096498327
1791229320,0.0005554057850998826,0.0005649938067143112,0.0005550515178822172,0.0005584207891918026,149.02417574513962
1791229380,0.0005584207891918026,0.0005584207891918026,0.0005545028434327146,0.0005545028434327146,150.62419199095137
1791229440,0.0005545028434327146,0.0005545028434327146,0.0005341837937018278,0.000540264941131183,1103.5286976887792
1791229500,0.000540264941131183,0.0005427771042630392,0.0005316300070635895,0.0005427771042630392,539.0812928862975
1791229560,0.0005427771042630392,0.0005427771042630392,0.0005342736960415354,0.0005372743561800856,514.0677462343631
1791229620,0.0005372743561800856,0.0005377725779064568,0.0005294805674454897,0.0005364576343188195,126.76122965757196
1791229680,0.0005364576343188195,0.0005394468196435943,0.0005301889447845941,0.0005394468196435943,222.86851376975864
1791229740,0.0005394468196435943,0.0005427454055039713,0.0005315616642254786,0.0005316965643414745,332.08301407300524
1791229800,0.0005316965643414745,0.0005316965643414745,0.0005307790734253183,0.0005307790734253183,35.76111201991021
1791229860,0.0005307790734253183,0.000531616047108263,0.0005278223136203682,0.0005278223136203682,223.80851930480915
1791229920,0.0005278223136203682,0.0005278223136203682,0.0005095285940153789,0.0005095285940153789,836.232280244446
1791229980,0.0005095285940153789,0.0005302353326383159,0.0005095285940153789,0.0005302353326383159,721.302836104562
1791230040,0.0005302353326383159,0.0005302353326383159,0.0005250144903899884,0.0005250144903899884,7.387978779474348
1791230100,0.0005250144903899884,0.0005303853839643113,0.0005231427046289345,0.0005297227546024679,268.18453538436677
1791230160,0.0005297227546024679,0.0005306156950319941,0.0005232479191925862,0.0005232479191925862,41.065125490342645
1791230220,0.0005232479191925862,0.0005307739225247092,0.0005229871567173751,0.0005307739225247092,75.06160632764976
1791230280,0.0005307739225247092,0.0005307739225247092,0.0004733116032267568,0.0004930803832727728,4421.641323257648
1791230340,0.0004930803832727728,0.0005226533610736578,0.000489555147146088,0.0005226533610736578,1169.2256184905893
1791230400,0.0005226533610736578,0.0005345200193930358,0.0005153123057717416,0.0005280530890263331,1051.8790697308268
1791230460,0.0005280530890263331,0.0005280530890263331,0.0005270293699550632,0.0005270293699550632,22.616884419863823
1791230520,0.0005270293699550632,0.0005340507385771296,0.0005265125336934772,0.0005265125336934772,59.52647531569176
1791230580,0.0005265125336934772,0.0005319373256109992,0.0005221220116284084,0.0005252025874355659,445.8504550417358
1791230640,0.0005252025874355659,0.0005321461222373013,0.0005246646446500395,0.0005246646446500395,104.4283997695464
1791230700,0.0005246646446500395,0.0005322964541196759,0.0005089457362991115,0.000509593993499763,1004.1693300693514
1791230760,0.000509593993499763,0.0005174016131605385,0.0005054886196219192,0.0005174016131605385,529.2061666369599
1791230820,0.0005174016131605385,0.0005178258177822609,0.0005103897219876798,0.0005178258177822609,294.3345787657597
1791230880,0.0005178258177822609,0.0005226860873427458,0.0005112595427431688,0.0005226860873427458,383.6366500343937
1791230940,0.0005226860873427458,0.0005284549900653693,0.000521159596568216,0.0005220455102704782,71.759739217156
1791231000,0.0005220455102704782,0.0005308335773311137,0.0005219853167733423,0.0005308335773311137,178.1994512887707
1791231060,0.0005308335773311137,0.0005318798442364994,0.0005247236830367465,0.000525471121178625,87.70707172353194
1791231120,0.000525471121178625,0.0005320496142409305,0.0005248409778370926,0.0005248409778370926,108.64688068071564
1791231180,0.0005248409778370926,0.000532030341699762,0.0005233492242715941,0.000532030341699762,151.7344060575295
1791231240,0.000532030341699762,0.000532030341699762,0.000519801290978415,0.000519801290978415,464.652874083907
1791231300,0.000519801290978415,0.0005209941504807457,0.0005138257730907169,0.0005151151852612533,145.01347886474426
1791231360,0.0005151151852612533,0.0005223628165924609,0.0005151151852612533,0.0005154573307720504,30.975968553143254
1791231420,0.0005154573307720504,0.0005156381493812325,0.0005132747586545827,0.0005132747586545827,192.81271562216477
1791231480,0.0005132747586545827,0.0005164840099547409,0.0005088834987583815,0.0005143553208164103,168.23273060282582
1791231540,0.0005143553208164103,0.0005148160633944434,0.0005048340288354232,0.0005114682623299265,181.12846657834115
1791231600,0.0005114682623299265,0.0005124251502089818,0.0005053417106384947,0.0005124251502089818,37.927324215326095
1791231660,0.0005124251502089818,0.0005160448299247716,0.000505824254055219,0.0005106218708223969,299.4278309543081
1791231720,0.0005106218708223969,0.0005153927698995632,0.0004910834246218008,0.0005004894373362561,1514.0356273376972
1791231780,0.0005004894373362561,0.0005085942280746264,0.00047864336200565126,0.00047864336200565126,1488.1637369828602
1791231840,0.00047864336200565126,0.00047864336200565126,0.00043724164664531715,0.0004616636866014908,5275.693360178531
1791231900,0.0004616636866014908,0.00047508790786724407,0.0004522941450349326,0.00047508790786724407,2232.4547750180664
1791231960,0.00047508790786724407,0.0004813460293266555,0.0004686146428795202,0.0004813389333511635,808.204755846563
1791232020,0.0004813389333511635,0.0004913394723373343,0.000471119845534191,0.0004913394723373343,925.834991414296
1791232080,0.0004913394723373343,0.0004996674843234742,0.00047242449467301353,0.00047912724593159614,1936.9964537820485
1791232140,0.00047912724593159614,0.00047912724593159614,0.00045501432423777357,0.0004751693294077981,1402.5089088612274
1791232200,0.0004751693294077981,0.00047643381517896704,0.00044650966311886764,0.00044650966311886764,1754.126510285394
1791232260,0.00044650966311886764,0.00046988898056988496,0.0004436597626554386,0.00046988898056988496,1621.0638137738024
1791232320,0.00046988898056988496,0.00047048190977130833,0.00046177429654071123,0.0004686311475224623,356.01373727650895
1791232380,0.0004686311475224623,0.0004686311475224623,0.00043882077234912273,0.0004559073757491934,2485.4604827120743
1791232440,0.0004559073757491934,0.00046441719978213437,0.00045573116998758577,0.0004589976350631113,322.63759636866564
1791232500,0.0004589976350631113,0.00046354224490869364,0.00044865414675542123,0.00046117570304054985,792.2968999576699
1791232560,0.00046117570304054985,0.0004692573053361813,0.0004566383493887778,0.00046794086947576767,697.3996385528038
1791232620,0.00046794086947576767,0.00046935066840291326,0.00045975880225949706,0.00046379637830768096,468.8301613677566
1791232680,0.00046379637830768096,0.00046379637830768096,0.0004547045506926423,0.00045472957939734815,467.00508287284333
1791232740,0.00045472957939734815,0.0004700159907810124,0.0004544858562679304,0.00046487144207017127,462.3877599174209
1791232800,0.00046487144207017127,0.0004737716560932531,0.0004611325012566168,0.0004675477121395284,701.3308549668208
1791232860,0.0004675477121395284,0.0004675477121395284,0.0004502273585240006,0.00046202543962600457,1039.993136810347
1791232920,0.00046202543962600457,0.000471601746815576,0.00046162888661272855,0.00046770574187703805,623.374863034448
1791232980,0.00046770574187703805,0.00046770574187703805,0.000458923754367698,0.0004592266938950996,122.29710510150974
1791233040,0.0004592266938950996,0.0004592266938950996,0.0004410308697978699,0.0004410308697978699,983.8620376014138
1791233100,0.0004410308697978699,0.00044725906348601065,0.0004407282533411485,0.0004417024524394661,51.442015287418045
1791233160,0.0004417024524394661,0.0004618065382173728,0.00044149920361013655,0.0004604548965065435,1696.2339741147243
1791233220,0.0004604548965065435,0.0004604927003205168,0.00044403547143100915,0.00044403547143100915,676.314250376997
1791233280,0.00044403547143100915,0.00044403547143100915,0.00043195774328658767,0.00043754854814575953,596.4608551178609
1791233340,0.00043754854814575953,0.0004569884837024472,0.00043011029530822637,0.00045210395997001193,1608.4991518744273
1791233400,0.00045210395997001193,0.00045684843904365445,0.00045086536473192825,0.00045086536473192825,95.59893124727456
1791233460,0.00045086536473192825,0.0004566895466271644,0.00043548977963332947,0.0004361458499959305,939.6524670237011
1791233520,0.0004361458499959305,0.00043646209480587017,0.00042638810633050103,0.0004276253128480284,623.9822602887293
1791233580,0.0004276253128480284,0.00045338103084819253,0.0004276253128480284,0.00045338103084819253,2481.4729460147846
1791233640,0.00045338103084819253,0.0004577780073207413,0.00045121408529578516,0.00045121408529578516,632.4141682366871
1791233700,0.00045121408529578516,0.00045639666140117084,0.00045051280696791325,0.00045051280696791325,14.149714040233679
1791233760,0.00045051280696791325,0.0004711115260976043,0.00044957374674649573,0.000468963790515539,823.2196795141465
1791233820,0.000468963790515539,0.000468963790515539,0.0004625934866611671,0.0004625934866611671,260.1035871591788
1791233880,0.0004625934866611671,0.00046980030317248623,0.0004615843080845422,0.00046980030317248623,137.0339470511495
1791233940,0.00046980030317248623,0.0004722625226196071,0.00045500533918142944,0.00045500533918142944,788.6669046336696
1791234000,0.00045500533918142944,0.00047443931959082706,0.00045405301739131544,0.00047443931959082706,719.9256856622848
1791234060,0.00047443931959082706,0.000474699847593529,0.0004686683120361112,0.0004688493899180537,56.41364773499806
1791234120,0.0004688493899180537,0.00047116743987523144,0.00046530206174241165,0.0004655408199282355,153.2057191712302
1791234180,0.0004655408199282355,0.0004655408199282355,0.0004645724857830501,0.0004645724857830501,62.2750697878164
1791234240,0.0004645724857830501,0.0004645724857830501,0.0004464905971214614,0.0004464905971214614,749.9946871336327
1791234300,0.0004464905971214614,0.0004523829630415787,0.00044468278345131674,0.0004480327286244173,224.54798535505358
1791234360,0.0004480327286244173,0.0004975139247811061,0.0004413877075100153,0.0004908479259720946,3020.054397706491
1791234420,0.0004908479259720946,0.0004965300026234816,0.0004903194980616964,0.0004965300026234816,16.554380894337616
1791234480,0.0004965300026234816,0.0004965300026234816,0.0004848880856516121,0.0004852768407852706,492.6554606829115
1791234540,0.0004852768407852706,0.0004888192398199907,0.00048024050582410395,0.0004829915420878137,525.7445053051091
1791234600,0.0004829915420878137,0.0004928664104592409,0.00047548189803043965,0.00048655978399640096,543.3000014874202
1791234660,0.00048655978399640096,0.0004939902092902539,0.00048655978399640096,0.0004885390677468988,108.44851911650163
1791234720,0.0004885390677468988,0.0004957949487994583,0.00048396432489971025,0.00048396432489971025,569.8113517407198
1791234780,0.00048396432489971025,0.0004882269888816073,0.0004790675765301603,0.0004790675765301603,540.1465944342594
1791234840,0.0004790675765301603,0.0004854905513924653,0.0004790675765301603,0.0004795388435295545,30.09683115594999
1791234900,0.0004795388435295545,0.00048128123665598297,0.0004745913453437986,0.0004745913453437986,263.9886763897397
1791234960,0.0004745913453437986,0.0004799026975394084,0.0004712903840248177,0.000478376442432737,571.0269941668299
1791235020,0.000478376442432737,0.000478376442432737,0.0004691723785197114,0.0004691723785197114,467.5426291646827
1791235080,0.0004691723785197114,0.00047119525543912286,0.0004633956135716252,0.0004662047242089113,333.47150935194014
1791235200,0.0004662047242089113,0.00046731065446360535,0.000412550607937225,0.0004411796465507241,2188.635837755558
1791235260,0.0004411796465507241,0.0004411796465507241,0.000434015108890913,0.0004390504433357539,495.69177028602445
1791235320,0.0004390504433357539,0.0004393737073982147,0.00042256141591611015,0.00042530486543128186,819.2549403639097
1791235380,0.00042530486543128186,0.00042530486543128186,0.0004120757609810018,0.0004120757609810018,636.4275104618924
1791235440,0.0004120757609810018,0.00042042845968727786,0.00040850757750556606,0.0004121669686782388,756.6221443915
1791235500,0.0004121669686782388,0.00041460833740741,0.0003908731187230008,0.00040222377186253244,2126.86566146775
1791235560,0.00040222377186253244,0.000414663521286726,0.00040222377186253244,0.00041277512009795745,453.10977764035374
1791235620,0.00041277512009795745,0.00041277512009795745,0.0004054583287574398,0.0004054583287574398,131.62462756974992
1791235680,0.0004054583287574398,0.00040844320395366806,0.00037658839295533344,0.00040844320395366806,4266.563569616253
1791235740,0.00040844320395366806,0.0004135794693757898,0.00040411057614613704,0.00040411057614613704,879.0729102326615
1791235800,0.00040411057614613704,0.0004095052500946822,0.00040411057614613704,0.0004044982311288033,113.14600484914193
1791235860,0.0004044982311288033,0.0004111197328303625,0.0004039765885423694,0.0004111197328303625,115.39455436516656
1791235920,0.0004111197328303625,0.0004111197328303625,0.00040371146165090794,0.00040371146165090794,158.56706312100326
1791235980,0.00040371146165090794,0.0004075877989919991,0.00040197096635828335,0.00040197096635828335,65.84844665099227
1791236040,0.00040197096635828335,0.0004078538367494918,0.0004015227595840217,0.0004078538367494918,165.43594430885238
1791236100,0.0004078538367494918,0.0004221313167554072,0.00040580765443006656,0.00041532107807842715,928.2468598261421
1791236160,0.00041532107807842715,0.00042037593859663044,0.0004148828759282101,0.0004148828759282101,82.0140911069734
1791236220,0.0004148828759282101,0.0004185494041349333,0.00041393341242451626,0.00041393341242451626,217.20750376903374
1791236280,0.00041393341242451626,0.0004204913515459701,0.0004117101728985589,0.0004117101728985589,467.5712658024353
1791236340,0.0004117101728985589,0.0004166262511166374,0.00040240407653648736,0.00040822731533392,425.0633153282877
1791236400,0.00040822731533392,0.0004140364319289316,0.00040515667396231103,0.00040515667396231103,581.2037232782401
1791236460,0.00040515667396231103,0.0004235513246915092,0.00040515667396231103,0.0004235513246915092,591.1184768667055
1791236520,0.0004235513246915092,0.0004243485773185294,0.00041551232849730714,0.00041551232849730714,340.678084113519
1791236580,0.00041551232849730714,0.00042083473605598074,0.0004093757674932409,0.0004123584149536477,304.9718955769321
1791236640,0.0004123584149536477,0.0004150493325031288,0.00040499146927151694,0.0004079167492879032,357.685404472189
1791236700,0.0004079167492879032,0.00040835122337888613,0.0004079167492879032,0.00040835122337888613,4.903301853116224
1791236760,0.00040835122337888613,0.00041676471485477506,0.00040835122337888613,0.00041676471485477506,676.5602314996403
1791236820,0.00041676471485477506,0.00041676471485477506,0.00041629022789995524,0.00041629022789995524,118.1851797888946
1791236880,0.00041629022789995524,0.0004240516311540403,0.00041629022789995524,0.0004240516311540403,162.05996162314963
1791236940,0.0004240516311540403,0.00042423245848697405,0.00041667476303220574,0.00041667476303220574,149.8030371881619
1791237000,0.00041667476303220574,0.00042154525626940083,0.0004159328095199082,0.0004159328095199082,22.091450688698117
1791237060,0.0004159328095199082,0.00042124001280510146,0.00041536436160274307,0.00042026060502997257,37.186229074925755
1791237120,0.00042026060502997257,0.0004237148233326015,0.00041827272594098915,0.0004237148233326015,151.13465926520118
1791237180,0.0004237148233326015,0.00042414566559070794,0.0004188889949824268,0.0004188889949824268,44.17927059111698
1791237240,0.0004188889949824268,0.0004244717775598964,0.0004188889949824268,0.00041910316484642816,15.105273691059008
1791237300,0.00041910316484642816,0.0004237358141690258,0.0004185240242043491,0.0004237358141690258,60.98655177670996
1791237360,0.0004237358141690258,0.0004252604367447341,0.0004124074263571696,0.0004124074263571696,514.1235042318677
1791237420,0.0004124074263571696,0.0004256328765871147,0.00041197342521643134,0.0004256328765871147,666.708206853039
1791237480,0.0004256328765871147,0.0004256328765871147,0.00042343815860456497,0.00042343815860456497,113.43145591337252
1791237540,0.00042343815860456497,0.00042343815860456497,0.0004205909841559871,0.0004205909841559871,174.66829353532253
1791237600,0.0004205909841559871,0.0004205909841559871,0.0004079975897376916,0.00040866998232666176,759.3796280249687
1791237660,0.00040866998232666176,0.0004100308710536058,0.000404849443033506,0.000404849443033506,188.31126549833817
1791237720,0.000404849443033506,0.0004110368780718474,0.000404849443033506,0.0004110368780718474,12.772580835198742
1791237780,0.0004110368780718474,0.000412066177047129,0.0004109263736773712,0.000412066177047129,51.28650086000918
1791237840,0.000412066177047129,0.00041262296363511243,0.00040730564501772657,0.00040730564501772657,23.175871682297633
1791237900,0.00040730564501772657,0.00040730564501772657,0.0004059672250134458,0.0004059672250134458,83.78620662818001
1791237960,0.0004059672250134458,0.00041113032476278204,0.0004059672250134458,0.00041113032476278204,3.864386756993301
1791238020,0.00041113032476278204,0.00041113032476278204,0.0004051388208996987,0.00040988340087986147,86.74154912196981
1791238080,0.00040988340087986147,0.0004102850004771699,0.00040272703258903875,0.00040272703258903875,181.55511663571238
1791238140,0.00040272703258903875,0.0004118596458464645,0.00040272703258903875,0.0004118596458464645,287.0122116445557
1791238200,0.0004118596458464645,0.0004176981305473251,0.0004118596458464645,0.00041719929504808686,332.11005520886755
1791238260,0.00041719929504808686,0.00041719929504808686,0.00040725719261882324,0.00040725719261882324,242.63639829662364
1791238320,0.00040725719261882324,0.00042073263374972907,0.00040725719261882324,0.00041536662751539215,390.74459250988735
1791238380,0.00041536662751539215,0.0004236068418617217,0.00041536662751539215,0.000422106960197388,249.7463991628214
1791238440,0.000422106960197388,0.000430128858858391,0.000422106960197388,0.000430128858858391,241.45057785584572
1791238500,0.000430128858858391,0.000430128858858391,0.0004263674471611518,0.0004263674471611518,58.720369792078564
1791238560,0.0004263674471611518,0.0004263674471611518,0.0004075795654873782,0.00041093005680161766,947.0952575737425
1791238620,0.00041093005680161766,0.00041093005680161766,0.000404343957458144,0.000404343957458144,84.01136611991608
1791238680,0.000404343957458144,0.00042414186545770117,0.000404343957458144,0.00042069092191607623,792.2720880006126
1791238740,0.00042069092191607623,0.00042069092191607623,0.0004192985676528311,0.0004192985676528311,73.86087446931957
1791238800,0.0004192985676528311,0.00042441541646003116,0.0004183338581040502,0.0004183338581040502,49.015810466843504
1791238860,0.0004183338581040502,0.0004183338581040502,0.00041817763417787085,0.00041817763417787085,0.8103938465446183
1791238920,0.00041817763417787085,0.00041817763417787085,0.00041789641258808366,0.00041789641258808366,13.32206542582405
1791238980,0.00041789641258808366,0.00041789641258808366,0.000415196345798433,0.000415196345798433,120.83738531553173
1791239040,0.000415196345798433,0.00042077922791647224,0.000415196345798433,0.00042077922791647224,21.22569808450792
1791239160,0.00042077922791647224,0.00042153137353668124,0.0004142775896466378,0.0004142775896466378,184.12582984153514
1791239220,0.0004142775896466378,0.00042440738703160546,0.0004130122373938198,0.00042440738703160546,322.07889203591117
1791239280,0.00042440738703160546,0.0004327790137398542,0.00041867143234848944,0.00042624277979975696,812.4805465033613
1791239400,0.00042624277979975696,0.00042624277979975696,0.0004254472980834135,0.0004254472980834135,26.285555005256537
